trace_id,base_schedule_id,repeat_id,schedule_profile,link_success_probability,condition_id,task_name,evaluator_label,runtime_mode,post_pipeline,distillation_depth,retry_limit,uses_prefetch,victim_route_offset,victim_remote_operation_count,victim_success_fraction,actual_generation_attempt_count,actual_retry_count,victim_mean_request_slowdown,victim_makespan_slowdown
d764354acce908cf24c6,base_0000,0,sparse_periodic,0.65,protocol_direct,protocol_inference,direct_transfer,direct,direct,0,1,False,2,17,1.0,0,0,1.2039375040003495,1.0136222118220322
8d13baed5bc0aa513c53,base_0000,0,sparse_periodic,0.65,protocol_on_demand,protocol_inference,on_demand_epr,custom_epr,generic_epr,0,4,False,2,17,0.9411764705882353,25,9,1.103278914644047,1.0035885653840035
fd7ca1e6dfb1b8bbe194,base_0000,0,sparse_periodic,0.65,protocol_prefetch,protocol_inference,prefetched_epr,prefetch,generic_epr,0,4,True,2,17,1.0,61,15,1.2373478897530652,1.0142417194044833
a9916e5fd780da48a76d,base_0000,0,sparse_periodic,0.65,protocol_telegate,protocol_inference,telegate,prefetch,telegate,0,4,True,2,17,1.0,67,22,1.2372662909338334,1.000773705702103
ba9ba7d0fb3ed57fae98,base_0000,0,sparse_periodic,0.65,protocol_teledata,protocol_inference,teledata,prefetch,teledata,0,4,True,2,17,1.0,72,27,1.0702817029360503,1.0036659805475043
74d213ad37598d52bc15,base_0000,0,sparse_periodic,0.65,distill_0,distillation_depth_inference,distill_0,custom_epr,generic_epr,0,6,False,2,17,1.0,27,10,1.1047392801058995,1.0036334798269315
ee70ed3ba25d5d0010d6,base_0000,0,sparse_periodic,0.65,distill_1,distillation_depth_inference,distill_1,custom_epr,generic_epr,1,6,False,2,17,1.0,45,11,1.0708289747217121,1.00361650577274
c055247033ab4b77ce7e,base_0000,0,sparse_periodic,0.65,distill_2,distillation_depth_inference,distill_2,custom_epr,generic_epr,2,6,False,2,17,1.0,105,37,1.040573429821765,1.0034705879325307
b440a1bc8a8feb1397fd,base_0000,0,sparse_periodic,0.65,retry_1,retry_policy_inference,retry_1,custom_epr,generic_epr,0,1,False,2,17,0.5294117647058824,17,8,1.0797290888177056,1.0036795328172032
e0a2b124b11f661d2526,base_0000,0,sparse_periodic,0.65,retry_2,retry_policy_inference,retry_2,custom_epr,generic_epr,0,2,False,2,17,0.8823529411764706,23,8,1.1282492857338582,1.0036795328172032
4fb5d731e7cc7bb3fb88,base_0000,0,sparse_periodic,0.65,retry_4,retry_policy_inference,retry_4,custom_epr,generic_epr,0,4,False,2,17,1.0,29,12,1.057044168496299,1.0036334798269315
842f842383073d10b81c,base_0000,0,sparse_periodic,0.65,service_low_latency,service_class_inference,low_latency,custom_epr,generic_epr,0,4,False,2,17,1.0,27,10,1.121477350273972,1.0036334798269315
611878bd3bfe2cd64ff9,base_0000,0,sparse_periodic,0.65,service_high_fidelity,service_class_inference,high_fidelity,custom_epr,generic_epr,2,4,False,2,17,1.0,105,37,1.0476156438673148,1.0034705879325307
289d994debd36abfd866,base_0000,0,sparse_periodic,0.65,protocol_control_direct_transfer,protocol_label_only_control,direct_transfer,prefetch,generic_epr,0,4,True,2,17,1.0,67,20,1.3058836101812095,1.0036795328172032
dca5d6778b882552b885,base_0000,0,sparse_periodic,0.65,protocol_control_on_demand_epr,protocol_label_only_control,on_demand_epr,prefetch,generic_epr,0,4,True,2,17,1.0,67,20,1.3058836101812095,1.0036795328172032
443b1f505c07d5ee86a5,base_0000,0,sparse_periodic,0.65,protocol_control_prefetched_epr,protocol_label_only_control,prefetched_epr,prefetch,generic_epr,0,4,True,2,17,1.0,67,20,1.3058836101812095,1.0036795328172032
1f95079a7179671e7fb5,base_0000,0,sparse_periodic,0.65,protocol_control_telegate,protocol_label_only_control,telegate,prefetch,generic_epr,0,4,True,2,17,1.0,67,20,1.3058836101812095,1.0036795328172032
885a53eed3676a1a2736,base_0000,0,sparse_periodic,0.65,protocol_control_teledata,protocol_label_only_control,teledata,prefetch,generic_epr,0,4,True,2,17,1.0,67,20,1.3058836101812095,1.0036795328172032
d2eb39d9e17e2a8c8866,base_0000,0,sparse_periodic,0.65,service_control_low_latency,service_label_only_control,low_latency,custom_epr,generic_epr,1,4,False,2,17,0.9411764705882353,52,20,1.0638113323058789,1.003572007421892
cdf6d89fb636ec9f790b,base_0000,0,sparse_periodic,0.65,service_control_high_fidelity,service_label_only_control,high_fidelity,custom_epr,generic_epr,1,4,False,2,17,0.9411764705882353,52,20,1.0638113323058789,1.003572007421892
77b52eb3a2c14a286dfe,base_0000,0,sparse_periodic,0.8,protocol_direct,protocol_inference,direct_transfer,direct,direct,0,1,False,2,17,1.0,0,0,1.2039375040003495,1.0136222118220322
02a827c1c4f53489d848,base_0000,0,sparse_periodic,0.8,protocol_on_demand,protocol_inference,on_demand_epr,custom_epr,generic_epr,0,4,False,2,17,1.0,17,0,1.1136657404014159,1.0036795328172032
7b8630f10c1a5604ee6f,base_0000,0,sparse_periodic,0.8,protocol_prefetch,protocol_inference,prefetched_epr,prefetch,generic_epr,0,4,True,2,17,1.0,54,7,1.2472095933815694,1.0036795328172032
8f3c0e3b7c00501eb62b,base_0000,0,sparse_periodic,0.8,protocol_telegate,protocol_inference,telegate,prefetch,telegate,0,4,True,2,17,1.0,57,10,1.1900131214690481,1.0036737124517456
e3c24933d3966b78dca1,base_0000,0,sparse_periodic,0.8,protocol_teledata,protocol_inference,teledata,prefetch,teledata,0,4,True,2,17,1.0,57,10,1.201035541829251,1.0036659805475043
7a303845c9546c539be7,base_0000,0,sparse_periodic,0.8,distill_0,distillation_depth_inference,distill_0,custom_epr,generic_epr,0,6,False,2,17,1.0,22,5,1.0737573778829423,1.0036795328172032
3b212637c8a00ef4ab9b,base_0000,0,sparse_periodic,0.8,distill_1,distillation_depth_inference,distill_1,custom_epr,generic_epr,1,6,False,2,17,1.0,44,10,1.0949435528093407,1.00361650577274
d671ad109512845e4cb1,base_0000,0,sparse_periodic,0.8,distill_2,distillation_depth_inference,distill_2,custom_epr,generic_epr,2,6,False,2,17,1.0,84,16,1.0416684718375715,1.0035125804325136
306ca24ecab87a3dc70e,base_0000,0,sparse_periodic,0.8,retry_1,retry_policy_inference,retry_1,custom_epr,generic_epr,0,1,False,2,17,0.7647058823529411,17,4,1.0444455044766972,1.0036795328172032
e3afbba3cd9a19b9f03a,base_0000,0,sparse_periodic,0.8,retry_2,retry_policy_inference,retry_2,custom_epr,generic_epr,0,2,False,2,17,0.9411764705882353,20,4,1.1136657404014159,1.0036795328172032
65b43974e329c829f443,base_0000,0,sparse_periodic,0.8,retry_4,retry_policy_inference,retry_4,custom_epr,generic_epr,0,4,False,2,17,1.0,21,4,1.1346741437627603,1.0036795328172032
cf5c32d5b0d2bfe2766d,base_0000,0,sparse_periodic,0.8,service_low_latency,service_class_inference,low_latency,custom_epr,generic_epr,0,4,False,2,17,1.0,29,12,1.1214668878295513,1.0036795328172032
f3b148e35474135d5b58,base_0000,0,sparse_periodic,0.8,service_high_fidelity,service_class_inference,high_fidelity,custom_epr,generic_epr,2,4,False,2,17,1.0,80,12,1.0316335773918526,1.0034705879325307
4545e8b8b2ac3602c4b9,base_0000,0,sparse_periodic,0.8,protocol_control_direct_transfer,protocol_label_only_control,direct_transfer,prefetch,generic_epr,0,4,True,2,17,1.0,53,6,1.221590248883418,1.0036795328172032
197cff07f6ec1d39b4b7,base_0000,0,sparse_periodic,0.8,protocol_control_on_demand_epr,protocol_label_only_control,on_demand_epr,prefetch,generic_epr,0,4,True,2,17,1.0,53,6,1.221590248883418,1.0036795328172032
d01b6dadd001f61ae206,base_0000,0,sparse_periodic,0.8,protocol_control_prefetched_epr,protocol_label_only_control,prefetched_epr,prefetch,generic_epr,0,4,True,2,17,1.0,53,6,1.221590248883418,1.0036795328172032
4ef9820a40cfd14a40e6,base_0000,0,sparse_periodic,0.8,protocol_control_telegate,protocol_label_only_control,telegate,prefetch,generic_epr,0,4,True,2,17,1.0,53,6,1.221590248883418,1.0036795328172032
a5d9fa1ae4dee33b9f3e,base_0000,0,sparse_periodic,0.8,protocol_control_teledata,protocol_label_only_control,teledata,prefetch,generic_epr,0,4,True,2,17,1.0,53,6,1.221590248883418,1.0036795328172032
49f78931754f0de94f0e,base_0000,0,sparse_periodic,0.8,service_control_low_latency,service_label_only_control,low_latency,custom_epr,generic_epr,1,4,False,2,17,0.9411764705882353,41,8,1.0941586011370803,1.00361650577274
cc5c34d1ac1e40a4090b,base_0000,0,sparse_periodic,0.8,service_control_high_fidelity,service_label_only_control,high_fidelity,custom_epr,generic_epr,1,4,False,2,17,0.9411764705882353,41,8,1.0941586011370803,1.00361650577274
0f7b845dba3a0911e5f9,base_0000,0,sparse_periodic,0.95,protocol_direct,protocol_inference,direct_transfer,direct,direct,0,1,False,2,17,1.0,0,0,1.2039375040003495,1.0136222118220322
ba86f88f1833a2f5bd61,base_0000,0,sparse_periodic,0.95,protocol_on_demand,protocol_inference,on_demand_epr,custom_epr,generic_epr,0,4,False,2,17,1.0,18,1,1.1346741437627603,1.0036795328172032
bb5304dabe76626cdf1d,base_0000,0,sparse_periodic,0.95,protocol_prefetch,protocol_inference,prefetched_epr,prefetch,generic_epr,0,4,True,2,17,1.0,47,0,1.2048367120256371,1.0036795328172032
2e052b9dde6b4a832bdc,base_0000,0,sparse_periodic,0.95,protocol_telegate,protocol_inference,telegate,prefetch,telegate,0,4,True,2,17,1.0,51,4,1.2303357021142094,1.0036737124517456
fe10b7a131a862c724af,base_0000,0,sparse_periodic,0.95,protocol_teledata,protocol_inference,teledata,prefetch,teledata,0,4,True,2,17,1.0,49,2,1.2687329765343585,1.0036659805475043
736fd6b987ceb9d3a7d9,base_0000,0,sparse_periodic,0.95,distill_0,distillation_depth_inference,distill_0,custom_epr,generic_epr,0,6,False,2,17,1.0,20,3,1.0824336189056027,1.0036795328172032
4d080f40edd4b1c50ecc,base_0000,0,sparse_periodic,0.95,distill_1,distillation_depth_inference,distill_1,custom_epr,generic_epr,1,6,False,2,17,1.0,35,1,1.0987207211953882,1.00361650577274
aef8e7679214f07d959b,base_0000,0,sparse_periodic,0.95,distill_2,distillation_depth_inference,distill_2,custom_epr,generic_epr,2,6,False,2,17,1.0,69,1,1.0422069856229361,1.0035125804325136
2ae9bd1e2ce8cddc1a6e,base_0000,0,sparse_periodic,0.95,retry_1,retry_policy_inference,retry_1,custom_epr,generic_epr,0,1,False,2,17,0.9411764705882353,17,1,1.0797290888177056,1.0036795328172032
ce2026f02d1e66118a50,base_0000,0,sparse_periodic,0.95,retry_2,retry_policy_inference,retry_2,custom_epr,generic_epr,0,2,False,2,17,0.9411764705882353,18,2,1.084631049602019,1.0036795328172032
1a5061647d368ce677f1,base_0000,0,sparse_periodic,0.95,retry_4,retry_policy_inference,retry_4,custom_epr,generic_epr,0,4,False,2,17,1.0,18,1,1.1136657404014159,1.0036795328172032
3c044a233a993adffa45,base_0000,0,sparse_periodic,0.95,service_low_latency,service_class_inference,low_latency,custom_epr,generic_epr,0,4,False,2,17,1.0,18,1,1.1136657404014159,1.0036795328172032
33d757b6f44227f61fc6,base_0000,0,sparse_periodic,0.95,service_high_fidelity,service_class_inference,high_fidelity,custom_epr,generic_epr,2,4,False,2,17,1.0,74,6,1.0389631891413829,1.0035125804325136
5e247565b7a827e96d8f,base_0000,0,sparse_periodic,0.95,protocol_control_direct_transfer,protocol_label_only_control,direct_transfer,prefetch,generic_epr,0,4,True,2,17,1.0,51,4,1.2012743890110655,1.0036410751025913
c87da333bef9ff1fc3e9,base_0000,0,sparse_periodic,0.95,protocol_control_on_demand_epr,protocol_label_only_control,on_demand_epr,prefetch,generic_epr,0,4,True,2,17,1.0,51,4,1.2012743890110655,1.0036410751025913
a928a7fd9f8c976dd45c,base_0000,0,sparse_periodic,0.95,protocol_control_prefetched_epr,protocol_label_only_control,prefetched_epr,prefetch,generic_epr,0,4,True,2,17,1.0,51,4,1.2012743890110655,1.0036410751025913
24cfb924d29be173866d,base_0000,0,sparse_periodic,0.95,protocol_control_telegate,protocol_label_only_control,telegate,prefetch,generic_epr,0,4,True,2,17,1.0,51,4,1.2012743890110655,1.0036410751025913
dc5749fcce480390439e,base_0000,0,sparse_periodic,0.95,protocol_control_teledata,protocol_label_only_control,teledata,prefetch,generic_epr,0,4,True,2,17,1.0,51,4,1.2012743890110655,1.0036410751025913
97d4b49bf2a30d043f72,base_0000,0,sparse_periodic,0.95,service_control_low_latency,service_label_only_control,low_latency,custom_epr,generic_epr,1,4,False,2,17,1.0,35,1,1.071486981493722,1.00361650577274
371e2359e1b589e3899e,base_0000,0,sparse_periodic,0.95,service_control_high_fidelity,service_label_only_control,high_fidelity,custom_epr,generic_epr,1,4,False,2,17,1.0,35,1,1.071486981493722,1.00361650577274
879749d0b0d89b3a59ad,base_0000,1,sparse_periodic,0.65,protocol_direct,protocol_inference,direct_transfer,direct,direct,0,1,False,2,17,1.0,0,0,1.2003018312976867,1.0137039879354541
4b4217d2258dce507137,base_0000,1,sparse_periodic,0.65,protocol_on_demand,protocol_inference,on_demand_epr,custom_epr,generic_epr,0,4,False,2,17,0.9411764705882353,32,16,1.1127601866471135,1.0037616849477136
a9f4dbb54ad446570e64,base_0000,1,sparse_periodic,0.65,protocol_prefetch,protocol_inference,prefetched_epr,prefetch,generic_epr,0,4,True,2,17,1.0,71,25,1.2166001732388692,1.0037616849477136
517b89f3859a31f59f5f,base_0000,1,sparse_periodic,0.65,protocol_telegate,protocol_inference,telegate,prefetch,telegate,0,4,True,2,17,1.0,66,21,1.1613175097404775,1.0036405769271868
68a1ec71170c2a709ed3,base_0000,1,sparse_periodic,0.65,protocol_teledata,protocol_inference,teledata,prefetch,teledata,0,4,True,2,17,1.0,70,23,1.150743626755295,1.0037478320602558
f661367b392088fa9acf,base_0000,1,sparse_periodic,0.65,distill_0,distillation_depth_inference,distill_0,custom_epr,generic_epr,0,6,False,2,17,1.0,19,2,1.1348888089485818,1.0037616849477136
ad6a44e2e1c02905808e,base_0000,1,sparse_periodic,0.65,distill_1,distillation_depth_inference,distill_1,custom_epr,generic_epr,1,6,False,2,17,1.0,53,19,1.0646754202505946,1.0036517740149282
ff52a6d1ab4f323e5e65,base_0000,1,sparse_periodic,0.65,distill_2,distillation_depth_inference,distill_2,custom_epr,generic_epr,2,6,False,2,17,1.0,100,32,1.0537350104188121,1.0035481036162888
8480f25f766b16376c5c,base_0000,1,sparse_periodic,0.65,retry_1,retry_policy_inference,retry_1,custom_epr,generic_epr,0,1,False,2,17,0.5882352941176471,17,7,1.051397289733379,1.003791717300239
1bd063aa08c6937a7136,base_0000,1,sparse_periodic,0.65,retry_2,retry_policy_inference,retry_2,custom_epr,generic_epr,0,2,False,2,17,0.8823529411764706,24,9,1.0756522938297137,1.0037616849477136
2c9368924293fdd70e34,base_0000,1,sparse_periodic,0.65,retry_4,retry_policy_inference,retry_4,custom_epr,generic_epr,0,4,False,2,17,1.0,30,13,1.1027065132604017,1.003623909453262
f891cec347a5a0bc3549,base_0000,1,sparse_periodic,0.65,service_low_latency,service_class_inference,low_latency,custom_epr,generic_epr,0,4,False,2,17,0.9411764705882353,27,11,1.0527773550806556,1.003714610346487
c0f7bd8a8bf34a5fa767,base_0000,1,sparse_periodic,0.65,service_high_fidelity,service_class_inference,high_fidelity,custom_epr,generic_epr,2,4,False,2,17,1.0,107,39,1.045088037385693,1.0035061930923277
48c692977b76637a10bb,base_0000,1,sparse_periodic,0.65,protocol_control_direct_transfer,protocol_label_only_control,direct_transfer,prefetch,generic_epr,0,4,True,2,17,1.0,68,23,1.1405166127511404,1.0137039879354541
628da1f5d4ade6ead029,base_0000,1,sparse_periodic,0.65,protocol_control_on_demand_epr,protocol_label_only_control,on_demand_epr,prefetch,generic_epr,0,4,True,2,17,1.0,68,23,1.1405166127511404,1.0137039879354541
078a3e4ec6ba2942edf7,base_0000,1,sparse_periodic,0.65,protocol_control_prefetched_epr,protocol_label_only_control,prefetched_epr,prefetch,generic_epr,0,4,True,2,17,1.0,68,23,1.1405166127511404,1.0137039879354541
6b468c40cdd660c4ed08,base_0000,1,sparse_periodic,0.65,protocol_control_telegate,protocol_label_only_control,telegate,prefetch,generic_epr,0,4,True,2,17,1.0,68,23,1.1405166127511404,1.0137039879354541
c9ec8b55c98966f41045,base_0000,1,sparse_periodic,0.65,protocol_control_teledata,protocol_label_only_control,teledata,prefetch,generic_epr,0,4,True,2,17,1.0,68,23,1.1405166127511404,1.0137039879354541
35222fd6bb5766f30e55,base_0000,1,sparse_periodic,0.65,service_control_low_latency,service_label_only_control,low_latency,custom_epr,generic_epr,1,4,False,2,17,1.0,52,18,1.0534250340152393,1.0036972597081943
8d8f53c496e677630f66,base_0000,1,sparse_periodic,0.65,service_control_high_fidelity,service_label_only_control,high_fidelity,custom_epr,generic_epr,1,4,False,2,17,1.0,52,18,1.0534250340152393,1.0036972597081943
b84caa21ceaff24dc246,base_0000,1,sparse_periodic,0.8,protocol_direct,protocol_inference,direct_transfer,direct,direct,0,1,False,2,17,1.0,0,0,1.2003018312976867,1.0137039879354541
7fb2df7f6973b2b7de88,base_0000,1,sparse_periodic,0.8,protocol_on_demand,protocol_inference,on_demand_epr,custom_epr,generic_epr,0,4,False,2,17,1.0,20,3,1.113880405587237,1.0037616849477136
4303e46344129adea3c9,base_0000,1,sparse_periodic,0.8,protocol_prefetch,protocol_inference,prefetched_epr,prefetch,generic_epr,0,4,True,2,17,1.0,57,10,1.1578099549272152,1.0037616849477136
3de7f83f57daa6efcaba,base_0000,1,sparse_periodic,0.8,protocol_telegate,protocol_inference,telegate,prefetch,telegate,0,4,True,2,17,1.0,58,12,1.1884598724071864,1.0037557354761215
9ed5d0f64933722f59f9,base_0000,1,sparse_periodic,0.8,protocol_teledata,protocol_inference,teledata,prefetch,teledata,0,4,True,2,17,1.0,61,16,1.1135376403565838,1.0037478320602558
46867d3313858ce72d2e,base_0000,1,sparse_periodic,0.8,distill_0,distillation_depth_inference,distill_0,custom_epr,generic_epr,0,6,False,2,17,1.0,24,7,1.1468124973428584,1.0037616849477136
c2c8731ab591efafe9f2,base_0000,1,sparse_periodic,0.8,distill_1,distillation_depth_inference,distill_1,custom_epr,generic_epr,1,6,False,2,17,1.0,41,7,1.0718594420873535,1.0036517740149282
59bb7ba0acd1488fc015,base_0000,1,sparse_periodic,0.8,distill_2,distillation_depth_inference,distill_2,custom_epr,generic_epr,2,6,False,2,17,1.0,83,15,1.056689426497603,1.0035910281984186
b10ec4d68a8a2af5bf36,base_0000,1,sparse_periodic,0.8,retry_1,retry_policy_inference,retry_1,custom_epr,generic_epr,0,1,False,2,17,0.8235294117647058,17,3,1.0799437540035268,1.0037616849477136
fd1367507f4647fcfcca,base_0000,1,sparse_periodic,0.8,retry_2,retry_policy_inference,retry_2,custom_epr,generic_epr,0,2,False,2,17,0.9411764705882353,20,4,1.109533171169378,1.0037616849477136
c05de75dcd5f24904541,base_0000,1,sparse_periodic,0.8,retry_4,retry_policy_inference,retry_4,custom_epr,generic_epr,0,4,False,2,17,1.0,21,4,1.1005936482130707,1.003714610346487
1f1003d1db964f831aa7,base_0000,1,sparse_periodic,0.8,service_low_latency,service_class_inference,low_latency,custom_epr,generic_epr,0,4,False,2,17,1.0,22,5,1.1046869846291103,1.0037616849477136
36f369d4d199edbe5951,base_0000,1,sparse_periodic,0.8,service_high_fidelity,service_class_inference,high_fidelity,custom_epr,generic_epr,2,4,False,2,17,1.0,76,8,1.0353557393157014,1.0035481036162888
84739de8ef9d3a2c1f61,base_0000,1,sparse_periodic,0.8,protocol_control_direct_transfer,protocol_label_only_control,direct_transfer,prefetch,generic_epr,0,4,True,2,17,1.0,62,15,1.0744116786771147,1.0037616849477136
b97d309e9f318b7d70a7,base_0000,1,sparse_periodic,0.8,protocol_control_on_demand_epr,protocol_label_only_control,on_demand_epr,prefetch,generic_epr,0,4,True,2,17,1.0,62,15,1.0744116786771147,1.0037616849477136
c4989dfd501262a2a123,base_0000,1,sparse_periodic,0.8,protocol_control_prefetched_epr,protocol_label_only_control,prefetched_epr,prefetch,generic_epr,0,4,True,2,17,1.0,62,15,1.0744116786771147,1.0037616849477136
0f85c3769d5e746562fd,base_0000,1,sparse_periodic,0.8,protocol_control_telegate,protocol_label_only_control,telegate,prefetch,generic_epr,0,4,True,2,17,1.0,62,15,1.0744116786771147,1.0037616849477136
259054f73bf400406a68,base_0000,1,sparse_periodic,0.8,protocol_control_teledata,protocol_label_only_control,teledata,prefetch,generic_epr,0,4,True,2,17,1.0,62,15,1.0744116786771147,1.0037616849477136
6adc9bec893bb3c26830,base_0000,1,sparse_periodic,0.8,service_control_low_latency,service_label_only_control,low_latency,custom_epr,generic_epr,1,4,False,2,17,1.0,44,10,1.04956877143815,1.0036972597081943
d8e2af7a25d64c6cc6e7,base_0000,1,sparse_periodic,0.8,service_control_high_fidelity,service_label_only_control,high_fidelity,custom_epr,generic_epr,1,4,False,2,17,1.0,44,10,1.04956877143815,1.0036972597081943
f0c214aee87578dc2b13,base_0000,1,sparse_periodic,0.95,protocol_direct,protocol_inference,direct_transfer,direct,direct,0,1,False,2,17,1.0,0,0,1.2003018312976867,1.0137039879354541
8b97fc79e7c754e4dab4,base_0000,1,sparse_periodic,0.95,protocol_on_demand,protocol_inference,on_demand_epr,custom_epr,generic_epr,0,4,False,2,17,1.0,17,0,1.113880405587237,1.0037616849477136
6121a40db48ff7629775,base_0000,1,sparse_periodic,0.95,protocol_prefetch,protocol_inference,prefetched_epr,prefetch,generic_epr,0,4,True,2,17,1.0,52,5,1.2166001732388692,1.0037616849477136
babd256a48556764348d,base_0000,1,sparse_periodic,0.95,protocol_telegate,protocol_inference,telegate,prefetch,telegate,0,4,True,2,17,1.0,50,3,1.1234782573251016,1.0037557354761215
0a1893121402093ea3fd,base_0000,1,sparse_periodic,0.95,protocol_teledata,protocol_inference,teledata,prefetch,teledata,0,4,True,2,17,1.0,50,3,1.1679101771699272,1.0037478320602558
8dbc28d5a331b38b7bdc,base_0000,1,sparse_periodic,0.95,distill_0,distillation_depth_inference,distill_0,custom_epr,generic_epr,0,6,False,2,17,1.0,18,1,1.113880405587237,1.0037616849477136
92075a429abc680c5a1e,base_0000,1,sparse_periodic,0.95,distill_1,distillation_depth_inference,distill_1,custom_epr,generic_epr,1,6,False,2,17,1.0,37,3,1.0734538108910376,1.0036517740149282
8ece38a2e3b22168b3c8,base_0000,1,sparse_periodic,0.95,distill_2,distillation_depth_inference,distill_2,custom_epr,generic_epr,2,6,False,2,17,1.0,70,2,1.0539299065681473,1.0035910281984186
1826c583efbc74e23427,base_0000,1,sparse_periodic,0.95,retry_1,retry_policy_inference,retry_1,custom_epr,generic_epr,0,1,False,2,17,0.9411764705882353,17,1,1.113880405587237,1.0037616849477136
a9015cfd2f0b4610fb19,base_0000,1,sparse_periodic,0.95,retry_2,retry_policy_inference,retry_2,custom_epr,generic_epr,0,2,False,2,17,0.9411764705882353,21,5,1.0836785812677658,1.0037616849477136
bbb31b62caafc7a80219,base_0000,1,sparse_periodic,0.95,retry_4,retry_policy_inference,retry_4,custom_epr,generic_epr,0,4,False,2,17,1.0,17,0,1.113880405587237,1.0037616849477136
5f3f24acdb1b0b05c2f0,base_0000,1,sparse_periodic,0.95,service_low_latency,service_class_inference,low_latency,custom_epr,generic_epr,0,4,False,2,17,1.0,18,1,1.113880405587237,1.0037616849477136
c53aa4cca3b176d22fa4,base_0000,1,sparse_periodic,0.95,service_high_fidelity,service_class_inference,high_fidelity,custom_epr,generic_epr,2,4,False,2,17,1.0,72,4,1.044335868671192,1.0035910281984186
e3ad7faf81eb44a4bf14,base_0000,1,sparse_periodic,0.95,protocol_control_direct_transfer,protocol_label_only_control,direct_transfer,prefetch,generic_epr,0,4,True,2,17,1.0,48,1,1.1742272918829368,1.0037616849477136
b706e027f85a8aaa926e,base_0000,1,sparse_periodic,0.95,protocol_control_on_demand_epr,protocol_label_only_control,on_demand_epr,prefetch,generic_epr,0,4,True,2,17,1.0,48,1,1.1742272918829368,1.0037616849477136
f4ea9a5e05fa73f8c1fd,base_0000,1,sparse_periodic,0.95,protocol_control_prefetched_epr,protocol_label_only_control,prefetched_epr,prefetch,generic_epr,0,4,True,2,17,1.0,48,1,1.1742272918829368,1.0037616849477136
ce39aad30bd401849e8f,base_0000,1,sparse_periodic,0.95,protocol_control_telegate,protocol_label_only_control,telegate,prefetch,generic_epr,0,4,True,2,17,1.0,48,1,1.1742272918829368,1.0037616849477136
937cd0d4c97cc18b513f,base_0000,1,sparse_periodic,0.95,protocol_control_teledata,protocol_label_only_control,teledata,prefetch,generic_epr,0,4,True,2,17,1.0,48,1,1.1742272918829368,1.0037616849477136
a9541def008fb5d4b0ac,base_0000,1,sparse_periodic,0.95,service_control_low_latency,service_label_only_control,low_latency,custom_epr,generic_epr,1,4,False,2,17,1.0,36,2,1.0752356614557974,1.0036972597081943
6d3f13cb7cf1cadc6154,base_0000,1,sparse_periodic,0.95,service_control_high_fidelity,service_label_only_control,high_fidelity,custom_epr,generic_epr,1,4,False,2,17,1.0,36,2,1.0752356614557974,1.0036972597081943
bf120a4a68d0292648e0,base_0001,0,dense_periodic,0.65,protocol_direct,protocol_inference,direct_transfer,direct,direct,0,1,False,2,45,1.0,0,0,1.2129159515538448,1.0
e3f6db3db4e67cfdbbe9,base_0001,0,dense_periodic,0.65,protocol_on_demand,protocol_inference,on_demand_epr,custom_epr,generic_epr,0,4,False,2,45,1.0,64,19,1.1477713294789744,1.0
a235c3e1fc32a7fad49e,base_0001,0,dense_periodic,0.65,protocol_prefetch,protocol_inference,prefetched_epr,prefetch,generic_epr,0,4,True,2,45,1.0,100,39,1.2338794117612821,1.0
1bd927f3d2bfcd771a80,base_0001,0,dense_periodic,0.65,protocol_telegate,protocol_inference,telegate,prefetch,telegate,0,4,True,2,45,1.0,103,40,1.174333171716327,1.0
4f754a9ada20b82aa9fa,base_0001,0,dense_periodic,0.65,protocol_teledata,protocol_inference,teledata,prefetch,teledata,0,4,True,2,45,1.0,102,41,1.1774931992917625,1.0
acf827abf18c6b3ec829,base_0001,0,dense_periodic,0.65,distill_0,distillation_depth_inference,distill_0,custom_epr,generic_epr,0,6,False,2,45,1.0,55,10,1.1637911607728495,1.0
00b070a83e1c8846d139,base_0001,0,dense_periodic,0.65,distill_1,distillation_depth_inference,distill_1,custom_epr,generic_epr,1,6,False,2,45,1.0,145,55,1.0772119180007242,1.0
c140a313fb100493fee9,base_0001,0,dense_periodic,0.65,distill_2,distillation_depth_inference,distill_2,custom_epr,generic_epr,2,6,False,2,45,0.9777777777777777,276,99,1.1696111660725332,1.01169410581697
48b65f265480bbddfc95,base_0001,0,dense_periodic,0.65,retry_1,retry_policy_inference,retry_1,custom_epr,generic_epr,0,1,False,2,45,0.7555555555555555,45,11,1.1273824779835513,1.0
89fb07ef582fe1ffaf83,base_0001,0,dense_periodic,0.65,retry_2,retry_policy_inference,retry_2,custom_epr,generic_epr,0,2,False,2,45,0.8888888888888888,64,24,1.1047392016458386,1.0
341d4c2c74813fd8b12a,base_0001,0,dense_periodic,0.65,retry_4,retry_policy_inference,retry_4,custom_epr,generic_epr,0,4,False,2,45,1.0,68,23,1.1042779163580645,1.0
83c55b6e03e3b96c3639,base_0001,0,dense_periodic,0.65,service_low_latency,service_class_inference,low_latency,custom_epr,generic_epr,0,4,False,2,45,1.0,72,27,1.112364624680971,1.0
925d96bcf37071ba90ec,base_0001,0,dense_periodic,0.65,service_high_fidelity,service_class_inference,high_fidelity,custom_epr,generic_epr,2,4,False,2,45,0.9111111111111111,280,109,1.1795876401193393,1.0125749970013151
5a97bd3163e3411e3472,base_0001,0,dense_periodic,0.65,protocol_control_direct_transfer,protocol_label_only_control,direct_transfer,prefetch,generic_epr,0,4,True,2,45,1.0,100,39,1.2129159515538448,1.0
17f2adb213111836fd6f,base_0001,0,dense_periodic,0.65,protocol_control_on_demand_epr,protocol_label_only_control,on_demand_epr,prefetch,generic_epr,0,4,True,2,45,1.0,100,39,1.2129159515538448,1.0
d1fb88cf416ef10c5ae3,base_0001,0,dense_periodic,0.65,protocol_control_prefetched_epr,protocol_label_only_control,prefetched_epr,prefetch,generic_epr,0,4,True,2,45,1.0,100,39,1.2129159515538448,1.0
5a3656911abdac980b80,base_0001,0,dense_periodic,0.65,protocol_control_telegate,protocol_label_only_control,telegate,prefetch,generic_epr,0,4,True,2,45,1.0,100,39,1.2129159515538448,1.0
4223bf453dd3b8fac3a0,base_0001,0,dense_periodic,0.65,protocol_control_teledata,protocol_label_only_control,teledata,prefetch,generic_epr,0,4,True,2,45,1.0,100,39,1.2129159515538448,1.0
3354f06bdf00d75714de,base_0001,0,dense_periodic,0.65,service_control_low_latency,service_label_only_control,low_latency,custom_epr,generic_epr,1,4,False,2,45,0.9555555555555556,143,56,1.0843301999206976,1.0
2a933e448ee1f3146b6b,base_0001,0,dense_periodic,0.65,service_control_high_fidelity,service_label_only_control,high_fidelity,custom_epr,generic_epr,1,4,False,2,45,0.9555555555555556,143,56,1.0843301999206976,1.0
db80df9f3dfb8d69bca6,base_0001,0,dense_periodic,0.8,protocol_direct,protocol_inference,direct_transfer,direct,direct,0,1,False,2,45,1.0,0,0,1.2129159515538448,1.0
75deee40df9917a431ce,base_0001,0,dense_periodic,0.8,protocol_on_demand,protocol_inference,on_demand_epr,custom_epr,generic_epr,0,4,False,2,45,1.0,55,10,1.1437946483430232,1.0
d066527a4acf130f2180,base_0001,0,dense_periodic,0.8,protocol_prefetch,protocol_inference,prefetched_epr,prefetch,generic_epr,0,4,True,2,45,1.0,83,19,1.2129159515538448,1.0
bc4c89368aa75d0a1abf,base_0001,0,dense_periodic,0.8,protocol_telegate,protocol_inference,telegate,prefetch,telegate,0,4,True,2,45,1.0,77,14,1.1774299596282038,1.0
f827a3ef900ed7c5cd6c,base_0001,0,dense_periodic,0.8,protocol_teledata,protocol_inference,teledata,prefetch,teledata,0,4,True,2,45,1.0,80,16,1.1774931992917625,1.0
4525f61ad84f160ff220,base_0001,0,dense_periodic,0.8,distill_0,distillation_depth_inference,distill_0,custom_epr,generic_epr,0,6,False,2,45,1.0,56,11,1.1253327451760786,1.0
66daa27796cafcd090e6,base_0001,0,dense_periodic,0.8,distill_1,distillation_depth_inference,distill_1,custom_epr,generic_epr,1,6,False,2,45,1.0,120,30,1.0716969724063623,1.0
2d53dfb8d955392fcd7d,base_0001,0,dense_periodic,0.8,distill_2,distillation_depth_inference,distill_2,custom_epr,generic_epr,2,6,False,2,45,1.0,221,41,1.0580068269075378,1.0010125614068508
f8e3cc2b75861494fb3f,base_0001,0,dense_periodic,0.8,retry_1,retry_policy_inference,retry_1,custom_epr,generic_epr,0,1,False,2,45,0.8666666666666667,45,6,1.1138571427378783,1.0
ba531f26009cbd2d72aa,base_0001,0,dense_periodic,0.8,retry_2,retry_policy_inference,retry_2,custom_epr,generic_epr,0,2,False,2,45,0.9333333333333333,54,12,1.1643236494676836,1.0
7d7d01867418a491f50b,base_0001,0,dense_periodic,0.8,retry_4,retry_policy_inference,retry_4,custom_epr,generic_epr,0,4,False,2,45,1.0,58,13,1.1396759529300946,1.0
9c3b94ca4088a039dcbf,base_0001,0,dense_periodic,0.8,service_low_latency,service_class_inference,low_latency,custom_epr,generic_epr,0,4,False,2,45,1.0,55,10,1.1325530208545258,1.0
d7d57f994d0a49d149a1,base_0001,0,dense_periodic,0.8,service_high_fidelity,service_class_inference,high_fidelity,custom_epr,generic_epr,2,4,False,2,45,0.9777777777777777,224,48,1.0694832432400037,1.0027877666334868
623111e14cb2802bae9a,base_0001,0,dense_periodic,0.8,protocol_control_direct_transfer,protocol_label_only_control,direct_transfer,prefetch,generic_epr,0,4,True,2,45,1.0,73,8,1.2129159515538448,1.0
7fd74cd72723dc5e0fbe,base_0001,0,dense_periodic,0.8,protocol_control_on_demand_epr,protocol_label_only_control,on_demand_epr,prefetch,generic_epr,0,4,True,2,45,1.0,73,8,1.2129159515538448,1.0
a5eaf380e898044a616e,base_0001,0,dense_periodic,0.8,protocol_control_prefetched_epr,protocol_label_only_control,prefetched_epr,prefetch,generic_epr,0,4,True,2,45,1.0,73,8,1.2129159515538448,1.0
47807579719606bf1d21,base_0001,0,dense_periodic,0.8,protocol_control_telegate,protocol_label_only_control,telegate,prefetch,generic_epr,0,4,True,2,45,1.0,73,8,1.2129159515538448,1.0
3cb49c8cad23c5e214fc,base_0001,0,dense_periodic,0.8,protocol_control_teledata,protocol_label_only_control,teledata,prefetch,generic_epr,0,4,True,2,45,1.0,73,8,1.2129159515538448,1.0
efcd9083da21f8257dea,base_0001,0,dense_periodic,0.8,service_control_low_latency,service_label_only_control,low_latency,custom_epr,generic_epr,1,4,False,2,45,1.0,111,21,1.0743421844014278,1.0
33e770ff680584a1b3db,base_0001,0,dense_periodic,0.8,service_control_high_fidelity,service_label_only_control,high_fidelity,custom_epr,generic_epr,1,4,False,2,45,1.0,111,21,1.0743421844014278,1.0
2c733763ab3ceff8191c,base_0001,0,dense_periodic,0.95,protocol_direct,protocol_inference,direct_transfer,direct,direct,0,1,False,2,45,1.0,0,0,1.2129159515538448,1.0
c857a30e9fac5af8d26a,base_0001,0,dense_periodic,0.95,protocol_on_demand,protocol_inference,on_demand_epr,custom_epr,generic_epr,0,4,False,2,45,1.0,49,4,1.1220035823131942,1.0
ecb6ea4e5af77d10ea10,base_0001,0,dense_periodic,0.95,protocol_prefetch,protocol_inference,prefetched_epr,prefetch,generic_epr,0,4,True,2,45,1.0,68,3,1.2129159515538448,1.0
593a4f3dff9c4fa69002,base_0001,0,dense_periodic,0.95,protocol_telegate,protocol_inference,telegate,prefetch,telegate,0,4,True,2,45,1.0,69,4,1.1774299596282038,1.0
4f39cb2f900c33bbdafb,base_0001,0,dense_periodic,0.95,protocol_teledata,protocol_inference,teledata,prefetch,teledata,0,4,True,2,45,1.0,69,3,1.1774931992917625,1.0
b0f5d2eb1ae93c22523a,base_0001,0,dense_periodic,0.95,distill_0,distillation_depth_inference,distill_0,custom_epr,generic_epr,0,6,False,2,45,1.0,47,2,1.1167097917270867,1.0
1b67ddfc1f9f3586bf22,base_0001,0,dense_periodic,0.95,distill_1,distillation_depth_inference,distill_1,custom_epr,generic_epr,1,6,False,2,45,1.0,94,4,1.0746601632497423,1.0
2d4e8b83333b95e22521,base_0001,0,dense_periodic,0.95,distill_2,distillation_depth_inference,distill_2,custom_epr,generic_epr,2,6,False,2,45,1.0,195,15,1.0540602923944677,1.0
7f460cae038fd3fcce66,base_0001,0,dense_periodic,0.95,retry_1,retry_policy_inference,retry_1,custom_epr,generic_epr,0,1,False,2,45,0.9111111111111111,45,4,1.126677655558391,1.0
be3884b47833586fc8a4,base_0001,0,dense_periodic,0.95,retry_2,retry_policy_inference,retry_2,custom_epr,generic_epr,0,2,False,2,45,1.0,51,6,1.137978469736006,1.0
101049604d6064577b15,base_0001,0,dense_periodic,0.95,retry_4,retry_policy_inference,retry_4,custom_epr,generic_epr,0,4,False,2,45,1.0,48,3,1.1486428472133718,1.0
6498e63ef9d6d45af5ee,base_0001,0,dense_periodic,0.95,service_low_latency,service_class_inference,low_latency,custom_epr,generic_epr,0,4,False,2,45,1.0,48,3,1.1167929965796608,1.0
5893379c9aa49e9b7fbb,base_0001,0,dense_periodic,0.95,service_high_fidelity,service_class_inference,high_fidelity,custom_epr,generic_epr,2,4,False,2,45,1.0,182,2,1.0452986800418198,1.0
b14832ed76a4b7902d9e,base_0001,0,dense_periodic,0.95,protocol_control_direct_transfer,protocol_label_only_control,direct_transfer,prefetch,generic_epr,0,4,True,2,45,1.0,69,4,1.2129159515538448,1.0
bf94991e8cae8b80f11d,base_0001,0,dense_periodic,0.95,protocol_control_on_demand_epr,protocol_label_only_control,on_demand_epr,prefetch,generic_epr,0,4,True,2,45,1.0,69,4,1.2129159515538448,1.0
48344c37b2b8c11aa354,base_0001,0,dense_periodic,0.95,protocol_control_prefetched_epr,protocol_label_only_control,prefetched_epr,prefetch,generic_epr,0,4,True,2,45,1.0,69,4,1.2129159515538448,1.0
e4fbbffed2257f16a248,base_0001,0,dense_periodic,0.95,protocol_control_telegate,protocol_label_only_control,telegate,prefetch,generic_epr,0,4,True,2,45,1.0,69,4,1.2129159515538448,1.0
6e812b9bb11e2e8ef7a4,base_0001,0,dense_periodic,0.95,protocol_control_teledata,protocol_label_only_control,teledata,prefetch,generic_epr,0,4,True,2,45,1.0,69,4,1.2129159515538448,1.0
e5a22e1677c489e0c8d0,base_0001,0,dense_periodic,0.95,service_control_low_latency,service_label_only_control,low_latency,custom_epr,generic_epr,1,4,False,2,45,1.0,95,5,1.0753038472655734,1.0
587b4f839df6c339b285,base_0001,0,dense_periodic,0.95,service_control_high_fidelity,service_label_only_control,high_fidelity,custom_epr,generic_epr,1,4,False,2,45,1.0,95,5,1.0753038472655734,1.0
916a0e8a6a3a4281fe45,base_0001,1,dense_periodic,0.65,protocol_direct,protocol_inference,direct_transfer,direct,direct,0,1,False,2,45,1.0,0,0,1.2003701873022583,1.0
6462fabe5ad99e17b13b,base_0001,1,dense_periodic,0.65,protocol_on_demand,protocol_inference,on_demand_epr,custom_epr,generic_epr,0,4,False,2,45,1.0,62,17,1.1652591641336385,1.0
46479810e7dcf2d5ca30,base_0001,1,dense_periodic,0.65,protocol_prefetch,protocol_inference,prefetched_epr,prefetch,generic_epr,0,4,True,2,45,1.0,98,35,1.2073849109175472,1.0
351ac818280cde9c5b90,base_0001,1,dense_periodic,0.65,protocol_telegate,protocol_inference,telegate,prefetch,telegate,0,4,True,2,45,1.0,90,28,1.166975156085215,1.0
24341e434373885eea94,base_0001,1,dense_periodic,0.65,protocol_teledata,protocol_inference,teledata,prefetch,teledata,0,4,True,2,45,1.0,89,26,1.2118566457118818,1.0
1d42ff5080b599b54058,base_0001,1,dense_periodic,0.65,distill_0,distillation_depth_inference,distill_0,custom_epr,generic_epr,0,6,False,2,45,1.0,70,25,1.1502813542382604,1.0
c3eb24f2bd029fd40e46,base_0001,1,dense_periodic,0.65,distill_1,distillation_depth_inference,distill_1,custom_epr,generic_epr,1,6,False,2,45,0.9777777777777777,140,51,1.1004847468893597,1.0
3d32e9e0e4284f6ae9dc,base_0001,1,dense_periodic,0.65,distill_2,distillation_depth_inference,distill_2,custom_epr,generic_epr,2,6,False,2,45,0.9777777777777777,267,90,1.2125440768370774,1.0266646070029963
f4c2d5729103ef50e77f,base_0001,1,dense_periodic,0.65,retry_1,retry_policy_inference,retry_1,custom_epr,generic_epr,0,1,False,2,45,0.5111111111111111,45,22,1.062668754144635,1.0
0537d1d0fa3fd580a45e,base_0001,1,dense_periodic,0.65,retry_2,retry_policy_inference,retry_2,custom_epr,generic_epr,0,2,False,2,45,0.8444444444444444,63,25,1.1120843609275444,1.0
4c2abb4ccefd58723cad,base_0001,1,dense_periodic,0.65,retry_4,retry_policy_inference,retry_4,custom_epr,generic_epr,0,4,False,2,45,1.0,69,24,1.1152164375905833,1.0
709a4314ee23d8e32fad,base_0001,1,dense_periodic,0.65,service_low_latency,service_class_inference,low_latency,custom_epr,generic_epr,0,4,False,2,45,1.0,66,21,1.1362785793447132,1.0
038a732ff2fde1691c02,base_0001,1,dense_periodic,0.65,service_high_fidelity,service_class_inference,high_fidelity,custom_epr,generic_epr,2,4,False,2,45,0.8888888888888888,278,110,1.138495132399486,1.0112142945312321
1706d259374b378faca3,base_0001,1,dense_periodic,0.65,protocol_control_direct_transfer,protocol_label_only_control,direct_transfer,prefetch,generic_epr,0,4,True,2,45,1.0,103,41,1.2857419226325262,1.0
2193a42368d7b8df853b,base_0001,1,dense_periodic,0.65,protocol_control_on_demand_epr,protocol_label_only_control,on_demand_epr,prefetch,generic_epr,0,4,True,2,45,1.0,103,41,1.2857419226325262,1.0
471ba10f0bbd693b745c,base_0001,1,dense_periodic,0.65,protocol_control_prefetched_epr,protocol_label_only_control,prefetched_epr,prefetch,generic_epr,0,4,True,2,45,1.0,103,41,1.2857419226325262,1.0
6ec7a844a7eacac25d84,base_0001,1,dense_periodic,0.65,protocol_control_telegate,protocol_label_only_control,telegate,prefetch,generic_epr,0,4,True,2,45,1.0,103,41,1.2857419226325262,1.0
18b780d76094f9c08d10,base_0001,1,dense_periodic,0.65,protocol_control_teledata,protocol_label_only_control,teledata,prefetch,generic_epr,0,4,True,2,45,1.0,103,41,1.2857419226325262,1.0
90b77aa457641eafb81b,base_0001,1,dense_periodic,0.65,service_control_low_latency,service_label_only_control,low_latency,custom_epr,generic_epr,1,4,False,2,45,0.9555555555555556,121,33,1.0645566920520522,1.0
ab531c08cba701fa7e74,base_0001,1,dense_periodic,0.65,service_control_high_fidelity,service_label_only_control,high_fidelity,custom_epr,generic_epr,1,4,False,2,45,0.9555555555555556,121,33,1.0645566920520522,1.0
a76bedc7f7c4729ea913,base_0001,1,dense_periodic,0.8,protocol_direct,protocol_inference,direct_transfer,direct,direct,0,1,False,2,45,1.0,0,0,1.2003701873022583,1.0
f923eb030cb057bb885f,base_0001,1,dense_periodic,0.8,protocol_on_demand,protocol_inference,on_demand_epr,custom_epr,generic_epr,0,4,False,2,45,1.0,59,14,1.1364296746331832,1.0
45c41ea606d80cb84260,base_0001,1,dense_periodic,0.8,protocol_prefetch,protocol_inference,prefetched_epr,prefetch,generic_epr,0,4,True,2,45,1.0,87,24,1.2003701873022583,1.0
26f545b7db8f4ff28aa1,base_0001,1,dense_periodic,0.8,protocol_telegate,protocol_inference,telegate,prefetch,telegate,0,4,True,2,45,1.0,80,18,1.166975156085215,1.0
e834a046b9ba7348f0ce,base_0001,1,dense_periodic,0.8,protocol_teledata,protocol_inference,teledata,prefetch,teledata,0,4,True,2,45,1.0,80,16,1.2118566457118818,1.0
d7b3ef4985ce6a07e0e3,base_0001,1,dense_periodic,0.8,distill_0,distillation_depth_inference,distill_0,custom_epr,generic_epr,0,6,False,2,45,1.0,68,23,1.1237393545327046,1.0
706601fa82f03d8c695e,base_0001,1,dense_periodic,0.8,distill_1,distillation_depth_inference,distill_1,custom_epr,generic_epr,1,6,False,2,45,1.0,114,24,1.0755141061054099,1.0
43252526604b41d3f8f0,base_0001,1,dense_periodic,0.8,distill_2,distillation_depth_inference,distill_2,custom_epr,generic_epr,2,6,False,2,45,1.0,225,45,1.090323713128923,1.0009709830176794
47ce6bdb861caef0fcbf,base_0001,1,dense_periodic,0.8,retry_1,retry_policy_inference,retry_1,custom_epr,generic_epr,0,1,False,2,45,0.8666666666666667,45,6,1.1122505376123644,1.0
738c7c4f4cafc269f7c8,base_0001,1,dense_periodic,0.8,retry_2,retry_policy_inference,retry_2,custom_epr,generic_epr,0,2,False,2,45,0.9777777777777777,51,7,1.155592477126601,1.0
2c745aff9f7fd5729070,base_0001,1,dense_periodic,0.8,retry_4,retry_policy_inference,retry_4,custom_epr,generic_epr,0,4,False,2,45,1.0,56,11,1.1453463856595012,1.0
2b8505c9e94923e3d15f,base_0001,1,dense_periodic,0.8,service_low_latency,service_class_inference,low_latency,custom_epr,generic_epr,0,4,False,2,45,1.0,57,12,1.1466119757040123,1.0
f8eea352ed253fed1536,base_0001,1,dense_periodic,0.8,service_high_fidelity,service_class_inference,high_fidelity,custom_epr,generic_epr,2,4,False,2,45,1.0,226,46,1.1024123179736227,1.0
0fa8ecd5b5793dc7ffee,base_0001,1,dense_periodic,0.8,protocol_control_direct_transfer,protocol_label_only_control,direct_transfer,prefetch,generic_epr,0,4,True,2,45,1.0,82,20,1.2003701873022583,1.0
793d98d936267939026d,base_0001,1,dense_periodic,0.8,protocol_control_on_demand_epr,protocol_label_only_control,on_demand_epr,prefetch,generic_epr,0,4,True,2,45,1.0,82,20,1.2003701873022583,1.0
1bf34562928ee5d3c5d9,base_0001,1,dense_periodic,0.8,protocol_control_prefetched_epr,protocol_label_only_control,prefetched_epr,prefetch,generic_epr,0,4,True,2,45,1.0,82,20,1.2003701873022583,1.0
59b6c053b8d5f8238a20,base_0001,1,dense_periodic,0.8,protocol_control_telegate,protocol_label_only_control,telegate,prefetch,generic_epr,0,4,True,2,45,1.0,82,20,1.2003701873022583,1.0
022a96bdc17e3e6adc74,base_0001,1,dense_periodic,0.8,protocol_control_teledata,protocol_label_only_control,teledata,prefetch,generic_epr,0,4,True,2,45,1.0,82,20,1.2003701873022583,1.0
0e3771c47291c7eddf5d,base_0001,1,dense_periodic,0.8,service_control_low_latency,service_label_only_control,low_latency,custom_epr,generic_epr,1,4,False,2,45,1.0,111,21,1.0698003106815037,1.0
dfea9270d999b7034f73,base_0001,1,dense_periodic,0.8,service_control_high_fidelity,service_label_only_control,high_fidelity,custom_epr,generic_epr,1,4,False,2,45,1.0,111,21,1.0698003106815037,1.0
87efe4c32ced48baf0fd,base_0001,1,dense_periodic,0.95,protocol_direct,protocol_inference,direct_transfer,direct,direct,0,1,False,2,45,1.0,0,0,1.2003701873022583,1.0
4e362c5f56225aff0606,base_0001,1,dense_periodic,0.95,protocol_on_demand,protocol_inference,on_demand_epr,custom_epr,generic_epr,0,4,False,2,45,1.0,47,2,1.1362463911138485,1.0
2ddbf2e2e2379359b726,base_0001,1,dense_periodic,0.95,protocol_prefetch,protocol_inference,prefetched_epr,prefetch,generic_epr,0,4,True,2,45,1.0,68,2,1.2003701873022583,1.0
e5dd7616fc950ee5bbc8,base_0001,1,dense_periodic,0.95,protocol_telegate,protocol_inference,telegate,prefetch,telegate,0,4,True,2,45,1.0,69,3,1.166975156085215,1.0
54344c1aea2a1f9427a8,base_0001,1,dense_periodic,0.95,protocol_teledata,protocol_inference,teledata,prefetch,teledata,0,4,True,2,45,1.0,67,1,1.2118566457118818,1.0
118459191c2dece9b0ea,base_0001,1,dense_periodic,0.95,distill_0,distillation_depth_inference,distill_0,custom_epr,generic_epr,0,6,False,2,45,1.0,50,5,1.1472253387717553,1.0
384b914d2d53e9de534d,base_0001,1,dense_periodic,0.95,distill_1,distillation_depth_inference,distill_1,custom_epr,generic_epr,1,6,False,2,45,1.0,93,3,1.0774673235244634,1.0
9924f049ec0ae22cd02e,base_0001,1,dense_periodic,0.95,distill_2,distillation_depth_inference,distill_2,custom_epr,generic_epr,2,6,False,2,45,1.0,190,10,1.0480320640929486,1.0
387890bb19b1ec48d4be,base_0001,1,dense_periodic,0.95,retry_1,retry_policy_inference,retry_1,custom_epr,generic_epr,0,1,False,2,45,1.0,45,0,1.1378915632533901,1.0
a7d5a58f475c05a8fc3a,base_0001,1,dense_periodic,0.95,retry_2,retry_policy_inference,retry_2,custom_epr,generic_epr,0,2,False,2,45,1.0,45,0,1.1378915632533901,1.0
49a54e88e753dbb05511,base_0001,1,dense_periodic,0.95,retry_4,retry_policy_inference,retry_4,custom_epr,generic_epr,0,4,False,2,45,1.0,49,4,1.1570095544589685,1.0
51196b65eea20d7cc2d6,base_0001,1,dense_periodic,0.95,service_low_latency,service_class_inference,low_latency,custom_epr,generic_epr,0,4,False,2,45,1.0,48,3,1.153764579126406,1.0
4c77eb9cd41f06c48a81,base_0001,1,dense_periodic,0.95,service_high_fidelity,service_class_inference,high_fidelity,custom_epr,generic_epr,2,4,False,2,45,1.0,190,10,1.0497815490513043,1.0
59762b4a00ec60f4c25c,base_0001,1,dense_periodic,0.95,protocol_control_direct_transfer,protocol_label_only_control,direct_transfer,prefetch,generic_epr,0,4,True,2,45,1.0,69,4,1.2003701873022583,1.0
185cefbc46c6b8db3223,base_0001,1,dense_periodic,0.95,protocol_control_on_demand_epr,protocol_label_only_control,on_demand_epr,prefetch,generic_epr,0,4,True,2,45,1.0,69,4,1.2003701873022583,1.0
5c6835d95e5da768048b,base_0001,1,dense_periodic,0.95,protocol_control_prefetched_epr,protocol_label_only_control,prefetched_epr,prefetch,generic_epr,0,4,True,2,45,1.0,69,4,1.2003701873022583,1.0
3864304cdc248beb47f4,base_0001,1,dense_periodic,0.95,protocol_control_telegate,protocol_label_only_control,telegate,prefetch,generic_epr,0,4,True,2,45,1.0,69,4,1.2003701873022583,1.0
e181dd5e9f7ba2fca69b,base_0001,1,dense_periodic,0.95,protocol_control_teledata,protocol_label_only_control,teledata,prefetch,generic_epr,0,4,True,2,45,1.0,69,4,1.2003701873022583,1.0
d544396d92e6aa7a56a8,base_0001,1,dense_periodic,0.95,service_control_low_latency,service_label_only_control,low_latency,custom_epr,generic_epr,1,4,False,2,45,1.0,94,4,1.0822752054544582,1.0
d70957ab7c3e131daa6a,base_0001,1,dense_periodic,0.95,service_control_high_fidelity,service_label_only_control,high_fidelity,custom_epr,generic_epr,1,4,False,2,45,1.0,94,4,1.0822752054544582,1.0
a0981dddd58a3e6b870d,base_0002,0,synchronization_bursty,0.65,protocol_direct,protocol_inference,direct_transfer,direct,direct,0,1,False,2,42,1.0,0,0,1.2763308196789842,1.002745425248367
bbaab5b3e61925f6b6d2,base_0002,0,synchronization_bursty,0.65,protocol_on_demand,protocol_inference,on_demand_epr,custom_epr,generic_epr,0,4,False,2,42,0.9761904761904762,62,21,1.117660992200447,1.0004696521100749
dd4d4636498c188847b1,base_0002,0,synchronization_bursty,0.65,protocol_prefetch,protocol_inference,prefetched_epr,prefetch,generic_epr,0,4,True,2,42,1.0,86,26,1.3046888732329696,1.0035312464426251
3368a6468171f595bf55,base_0002,0,synchronization_bursty,0.65,protocol_telegate,protocol_inference,telegate,prefetch,telegate,0,4,True,2,42,1.0,84,24,1.2351723789471845,1.0035259103604461
f9393b75c2eb93ce1efa,base_0002,0,synchronization_bursty,0.65,protocol_teledata,protocol_inference,teledata,prefetch,teledata,0,4,True,2,42,1.0,90,30,1.2266324220039506,1.003518820619829
a0e83b7f75cd4ab7567a,base_0002,0,synchronization_bursty,0.65,distill_0,distillation_depth_inference,distill_0,custom_epr,generic_epr,0,6,False,2,42,1.0,67,25,1.138409248891348,1.0
87eac1b7d6ddb478fe7c,base_0002,0,synchronization_bursty,0.65,distill_1,distillation_depth_inference,distill_1,custom_epr,generic_epr,1,6,False,2,42,1.0,126,42,1.0689456329536906,1.000937249278996
059304f59d703de93b95,base_0002,0,synchronization_bursty,0.65,distill_2,distillation_depth_inference,distill_2,custom_epr,generic_epr,2,6,False,2,42,1.0,254,86,1.1141826597251134,1.0026340309712234
b36af38efb2b1792f2ef,base_0002,0,synchronization_bursty,0.65,retry_1,retry_policy_inference,retry_1,custom_epr,generic_epr,0,1,False,2,42,0.5714285714285714,42,18,1.0596639851934857,1.0
a7dd3e7c00785de939d4,base_0002,0,synchronization_bursty,0.65,retry_2,retry_policy_inference,retry_2,custom_epr,generic_epr,0,2,False,2,42,0.9047619047619048,55,17,1.1251740493210112,1.0018527739047212
2ea877057c58ee2673fd,base_0002,0,synchronization_bursty,0.65,retry_4,retry_policy_inference,retry_4,custom_epr,generic_epr,0,4,False,2,42,0.9761904761904762,71,30,1.116979942548584,1.0
ff9b7df67bb5d684e3aa,base_0002,0,synchronization_bursty,0.65,service_low_latency,service_class_inference,low_latency,custom_epr,generic_epr,0,4,False,2,42,0.9761904761904762,63,22,1.1304719123616644,1.0004696521100749
6469daa4e9c02d3a1a63,base_0002,0,synchronization_bursty,0.65,service_high_fidelity,service_class_inference,high_fidelity,custom_epr,generic_epr,2,4,False,2,42,0.9761904761904762,253,88,1.0807221302066352,1.004435095711615
bc027e2deaf31641f8ab,base_0002,0,synchronization_bursty,0.65,protocol_control_direct_transfer,protocol_label_only_control,direct_transfer,prefetch,generic_epr,0,4,True,2,42,1.0,101,41,1.3046888732329696,1.0035312464426251
4e9676fb59dffc6547f9,base_0002,0,synchronization_bursty,0.65,protocol_control_on_demand_epr,protocol_label_only_control,on_demand_epr,prefetch,generic_epr,0,4,True,2,42,1.0,101,41,1.3046888732329696,1.0035312464426251
060598181850f26795e8,base_0002,0,synchronization_bursty,0.65,protocol_control_prefetched_epr,protocol_label_only_control,prefetched_epr,prefetch,generic_epr,0,4,True,2,42,1.0,101,41,1.3046888732329696,1.0035312464426251
77ba71f8de173375311d,base_0002,0,synchronization_bursty,0.65,protocol_control_telegate,protocol_label_only_control,telegate,prefetch,generic_epr,0,4,True,2,42,1.0,101,41,1.3046888732329696,1.0035312464426251
def95b859185643759de,base_0002,0,synchronization_bursty,0.65,protocol_control_teledata,protocol_label_only_control,teledata,prefetch,generic_epr,0,4,True,2,42,1.0,101,41,1.3046888732329696,1.0035312464426251
cd2e2a74c6011064c13a,base_0002,0,synchronization_bursty,0.65,service_control_low_latency,service_label_only_control,low_latency,custom_epr,generic_epr,1,4,False,2,42,0.9523809523809523,126,45,1.0770583887635392,1.0009440828567393
a7e390ab4de9eb1c931d,base_0002,0,synchronization_bursty,0.65,service_control_high_fidelity,service_label_only_control,high_fidelity,custom_epr,generic_epr,1,4,False,2,42,0.9523809523809523,126,45,1.0770583887635392,1.0009440828567393
6becf03a754f2f1810bc,base_0002,0,synchronization_bursty,0.8,protocol_direct,protocol_inference,direct_transfer,direct,direct,0,1,False,2,42,1.0,0,0,1.2763308196789842,1.002745425248367
60b09a494deb04e8fbdb,base_0002,0,synchronization_bursty,0.8,protocol_on_demand,protocol_inference,on_demand_epr,custom_epr,generic_epr,0,4,False,2,42,1.0,51,9,1.1492492948816921,1.0013678643654702
76baee4b541ec920971e,base_0002,0,synchronization_bursty,0.8,protocol_prefetch,protocol_inference,prefetched_epr,prefetch,generic_epr,0,4,True,2,42,1.0,72,12,1.3046888732329696,1.0035312464426251
79b5d212aff36214421a,base_0002,0,synchronization_bursty,0.8,protocol_telegate,protocol_inference,telegate,prefetch,telegate,0,4,True,2,42,1.0,67,7,1.2351723789471845,1.0035259103604461
c1d2e82f6be49ca45f88,base_0002,0,synchronization_bursty,0.8,protocol_teledata,protocol_inference,teledata,prefetch,teledata,0,4,True,2,42,1.0,80,20,1.2080139817494628,1.003518820619829
0f95e01a06c8aa2f3b24,base_0002,0,synchronization_bursty,0.8,distill_0,distillation_depth_inference,distill_0,custom_epr,generic_epr,0,6,False,2,42,1.0,50,8,1.11598174756515,1.0004696521100749
0453eba5c7430967bdfc,base_0002,0,synchronization_bursty,0.8,distill_1,distillation_depth_inference,distill_1,custom_epr,generic_epr,1,6,False,2,42,1.0,110,26,1.0704595564288466,1.0018017681718197
300ab43a27a286bdf7ec,base_0002,0,synchronization_bursty,0.8,distill_2,distillation_depth_inference,distill_2,custom_epr,generic_epr,2,6,False,2,42,1.0,210,42,1.0617092795249938,1.0
5722fb00d47b09d7f30d,base_0002,0,synchronization_bursty,0.8,retry_1,retry_policy_inference,retry_1,custom_epr,generic_epr,0,1,False,2,42,0.8571428571428571,42,6,1.1190690148587041,1.0004696521100749
43c03ce0378ac84ef0c4,base_0002,0,synchronization_bursty,0.8,retry_2,retry_policy_inference,retry_2,custom_epr,generic_epr,0,2,False,2,42,0.9761904761904762,48,7,1.1316987202499982,1.0
6585fa11aa2a153077b8,base_0002,0,synchronization_bursty,0.8,retry_4,retry_policy_inference,retry_4,custom_epr,generic_epr,0,4,False,2,42,1.0,56,14,1.143374049320713,1.0
aa3f95336a0ce3627661,base_0002,0,synchronization_bursty,0.8,service_low_latency,service_class_inference,low_latency,custom_epr,generic_epr,0,4,False,2,42,1.0,48,6,1.1568776404454977,1.0
64d2e1de4584a692973d,base_0002,0,synchronization_bursty,0.8,service_high_fidelity,service_class_inference,high_fidelity,custom_epr,generic_epr,2,4,False,2,42,0.9761904761904762,210,44,1.0522816350999222,1.0
db0c75a1ba1d375bd874,base_0002,0,synchronization_bursty,0.8,protocol_control_direct_transfer,protocol_label_only_control,direct_transfer,prefetch,generic_epr,0,4,True,2,42,1.0,78,18,1.3046888732329696,1.0035312464426251
6e48f17f4d914ab65e75,base_0002,0,synchronization_bursty,0.8,protocol_control_on_demand_epr,protocol_label_only_control,on_demand_epr,prefetch,generic_epr,0,4,True,2,42,1.0,78,18,1.3046888732329696,1.0035312464426251
b36d8920f874530dc508,base_0002,0,synchronization_bursty,0.8,protocol_control_prefetched_epr,protocol_label_only_control,prefetched_epr,prefetch,generic_epr,0,4,True,2,42,1.0,78,18,1.3046888732329696,1.0035312464426251
f8038aa494455e89fcda,base_0002,0,synchronization_bursty,0.8,protocol_control_telegate,protocol_label_only_control,telegate,prefetch,generic_epr,0,4,True,2,42,1.0,78,18,1.3046888732329696,1.0035312464426251
81064515d02beb437403,base_0002,0,synchronization_bursty,0.8,protocol_control_teledata,protocol_label_only_control,teledata,prefetch,generic_epr,0,4,True,2,42,1.0,78,18,1.3046888732329696,1.0035312464426251
da3673191932a796b0d7,base_0002,0,synchronization_bursty,0.8,service_control_low_latency,service_label_only_control,low_latency,custom_epr,generic_epr,1,4,False,2,42,1.0,115,31,1.0817423513655788,1.0018282580809037
7f9a2893129edb17c659,base_0002,0,synchronization_bursty,0.8,service_control_high_fidelity,service_label_only_control,high_fidelity,custom_epr,generic_epr,1,4,False,2,42,1.0,115,31,1.0817423513655788,1.0018282580809037
cfb5a878f7805b08fa07,base_0002,0,synchronization_bursty,0.95,protocol_direct,protocol_inference,direct_transfer,direct,direct,0,1,False,2,42,1.0,0,0,1.2763308196789842,1.002745425248367
1b257c2aaaa05989268f,base_0002,0,synchronization_bursty,0.95,protocol_on_demand,protocol_inference,on_demand_epr,custom_epr,generic_epr,0,4,False,2,42,1.0,44,2,1.1413609554091235,1.0004696521100749
8a5d762c1bdf06f998c5,base_0002,0,synchronization_bursty,0.95,protocol_prefetch,protocol_inference,prefetched_epr,prefetch,generic_epr,0,4,True,2,42,1.0,64,4,1.3046888732329696,1.0035312464426251
d45aa48ab717ab6b7950,base_0002,0,synchronization_bursty,0.95,protocol_telegate,protocol_inference,telegate,prefetch,telegate,0,4,True,2,42,1.0,64,4,1.2351723789471845,1.0035259103604461
d197fa5042d1593aa565,base_0002,0,synchronization_bursty,0.95,protocol_teledata,protocol_inference,teledata,prefetch,teledata,0,4,True,2,42,1.0,63,3,1.2080139817494628,1.003518820619829
8d7cbea7b68e4bb17670,base_0002,0,synchronization_bursty,0.95,distill_0,distillation_depth_inference,distill_0,custom_epr,generic_epr,0,6,False,2,42,1.0,44,2,1.1244838275717204,1.0004696521100749
8babf2dc21d26bcd2dda,base_0002,0,synchronization_bursty,0.95,distill_1,distillation_depth_inference,distill_1,custom_epr,generic_epr,1,6,False,2,42,1.0,86,2,1.1125836689789939,1.0018282580809037
2de6c6b828ea18bcbb9d,base_0002,0,synchronization_bursty,0.95,distill_2,distillation_depth_inference,distill_2,custom_epr,generic_epr,2,6,False,2,42,1.0,173,5,1.0523176377338335,1.001763442003189
9547ddd688479e63d76f,base_0002,0,synchronization_bursty,0.95,retry_1,retry_policy_inference,retry_1,custom_epr,generic_epr,0,1,False,2,42,0.9761904761904762,42,1,1.139113510656327,1.0004696521100749
1a7ea4b9d4e56cd2f9c9,base_0002,0,synchronization_bursty,0.95,retry_2,retry_policy_inference,retry_2,custom_epr,generic_epr,0,2,False,2,42,1.0,46,4,1.1529671877840049,1.0
f9fd67d6f85508c67aa3,base_0002,0,synchronization_bursty,0.95,retry_4,retry_policy_inference,retry_4,custom_epr,generic_epr,0,4,False,2,42,1.0,43,1,1.153388777120683,1.0004696521100749
86c5c2c346722667c3ef,base_0002,0,synchronization_bursty,0.95,service_low_latency,service_class_inference,low_latency,custom_epr,generic_epr,0,4,False,2,42,1.0,43,1,1.1369646978899421,1.0018527739047212
90f90872829a3090cb97,base_0002,0,synchronization_bursty,0.95,service_high_fidelity,service_class_inference,high_fidelity,custom_epr,generic_epr,2,4,False,2,42,1.0,179,11,1.0436712282119578,1.001763442003189
8ff35622cb0b539f63c7,base_0002,0,synchronization_bursty,0.95,protocol_control_direct_transfer,protocol_label_only_control,direct_transfer,prefetch,generic_epr,0,4,True,2,42,1.0,62,2,1.3046888732329696,1.0035312464426251
eb1b67d7c6f6692ec27a,base_0002,0,synchronization_bursty,0.95,protocol_control_on_demand_epr,protocol_label_only_control,on_demand_epr,prefetch,generic_epr,0,4,True,2,42,1.0,62,2,1.3046888732329696,1.0035312464426251
fd96363a05b6817d352c,base_0002,0,synchronization_bursty,0.95,protocol_control_prefetched_epr,protocol_label_only_control,prefetched_epr,prefetch,generic_epr,0,4,True,2,42,1.0,62,2,1.3046888732329696,1.0035312464426251
3c7a77fe38b091ed4750,base_0002,0,synchronization_bursty,0.95,protocol_control_telegate,protocol_label_only_control,telegate,prefetch,generic_epr,0,4,True,2,42,1.0,62,2,1.3046888732329696,1.0035312464426251
4869c8c773cec0c6cd16,base_0002,0,synchronization_bursty,0.95,protocol_control_teledata,protocol_label_only_control,teledata,prefetch,generic_epr,0,4,True,2,42,1.0,62,2,1.3046888732329696,1.0035312464426251
927b8076d9caa581e411,base_0002,0,synchronization_bursty,0.95,service_control_low_latency,service_label_only_control,low_latency,custom_epr,generic_epr,1,4,False,2,42,1.0,89,5,1.11888524965352,1.0018282580809037
28da70b0aa46d21e920b,base_0002,0,synchronization_bursty,0.95,service_control_high_fidelity,service_label_only_control,high_fidelity,custom_epr,generic_epr,1,4,False,2,42,1.0,89,5,1.11888524965352,1.0018282580809037
150fa3a8a86a7e44e25b,base_0002,1,synchronization_bursty,0.65,protocol_direct,protocol_inference,direct_transfer,direct,direct,0,1,False,2,42,1.0,0,0,1.2793037340690048,1.0027519254458228
18946c80ee32fada3601,base_0002,1,synchronization_bursty,0.65,protocol_on_demand,protocol_inference,on_demand_epr,custom_epr,generic_epr,0,4,False,2,42,1.0,58,16,1.1930349362983768,1.0
db66f09d77a86a1a67c9,base_0002,1,synchronization_bursty,0.65,protocol_prefetch,protocol_inference,prefetched_epr,prefetch,generic_epr,0,4,True,2,42,1.0,88,28,1.3081059117567484,1.0035297536512457
646786778adaf5796a31,base_0002,1,synchronization_bursty,0.65,protocol_telegate,protocol_inference,telegate,prefetch,telegate,0,4,True,2,42,1.0,103,44,1.2378559389562458,1.0035244220762347
3a3480f33398960e99f3,base_0002,1,synchronization_bursty,0.65,protocol_teledata,protocol_inference,teledata,prefetch,teledata,0,4,True,2,42,1.0,95,36,1.208554516375788,1.003517338313491
6cfade1dc5e5ddb81b15,base_0002,1,synchronization_bursty,0.65,distill_0,distillation_depth_inference,distill_0,custom_epr,generic_epr,0,6,False,2,42,1.0,65,23,1.1194488554362967,1.0
9a791bd117ab57595094,base_0002,1,synchronization_bursty,0.65,distill_1,distillation_depth_inference,distill_1,custom_epr,generic_epr,1,6,False,2,42,0.9761904761904762,134,51,1.089552748503643,1.0
f3293924fbdf0c93abab,base_0002,1,synchronization_bursty,0.65,distill_2,distillation_depth_inference,distill_2,custom_epr,generic_epr,2,6,False,2,42,1.0,268,100,1.1412135591485697,1.0069993679851155
bc13e6ef3ec375dbff2b,base_0002,1,synchronization_bursty,0.65,retry_1,retry_policy_inference,retry_1,custom_epr,generic_epr,0,1,False,2,42,0.7619047619047619,42,10,1.081565321819856,1.0004770251344448
faa5141390b0995a3c87,base_0002,1,synchronization_bursty,0.65,retry_2,retry_policy_inference,retry_2,custom_epr,generic_epr,0,2,False,2,42,0.8809523809523809,55,18,1.1273021059479365,1.0
1a99cd66f80aad51823f,base_0002,1,synchronization_bursty,0.65,retry_4,retry_policy_inference,retry_4,custom_epr,generic_epr,0,4,False,2,42,1.0,65,23,1.1162900425997297,1.0021286254240263
84d142f27466042b2f56,base_0002,1,synchronization_bursty,0.65,service_low_latency,service_class_inference,low_latency,custom_epr,generic_epr,0,4,False,2,42,0.9761904761904762,62,21,1.1299355353828837,1.0014552903733829
3114ffd5afef5bb9bcc2,base_0002,1,synchronization_bursty,0.65,service_high_fidelity,service_class_inference,high_fidelity,custom_epr,generic_epr,2,4,False,2,42,0.9285714285714286,257,94,1.0995218103181321,1.0155653100647966
b80fcfe48f15c3e60f57,base_0002,1,synchronization_bursty,0.65,protocol_control_direct_transfer,protocol_label_only_control,direct_transfer,prefetch,generic_epr,0,4,True,2,42,1.0,96,36,1.3081059117567484,1.0035297536512457
9084b706d6cbf602165d,base_0002,1,synchronization_bursty,0.65,protocol_control_on_demand_epr,protocol_label_only_control,on_demand_epr,prefetch,generic_epr,0,4,True,2,42,1.0,96,36,1.3081059117567484,1.0035297536512457
f0b33f337bd960fb064b,base_0002,1,synchronization_bursty,0.65,protocol_control_prefetched_epr,protocol_label_only_control,prefetched_epr,prefetch,generic_epr,0,4,True,2,42,1.0,96,36,1.3081059117567484,1.0035297536512457
e2e6fd29926186196133,base_0002,1,synchronization_bursty,0.65,protocol_control_telegate,protocol_label_only_control,telegate,prefetch,generic_epr,0,4,True,2,42,1.0,96,36,1.3081059117567484,1.0035297536512457
ba34d1a75345d16039f0,base_0002,1,synchronization_bursty,0.65,protocol_control_teledata,protocol_label_only_control,teledata,prefetch,generic_epr,0,4,True,2,42,1.0,96,36,1.3081059117567484,1.0035297536512457
e1e1e0128654e25f4ae3,base_0002,1,synchronization_bursty,0.65,service_control_low_latency,service_label_only_control,low_latency,custom_epr,generic_epr,1,4,False,2,42,0.9761904761904762,134,52,1.0657568648211901,1.0020254710280199
b7bba35eeb2955c9fa7c,base_0002,1,synchronization_bursty,0.65,service_control_high_fidelity,service_label_only_control,high_fidelity,custom_epr,generic_epr,1,4,False,2,42,0.9761904761904762,134,52,1.0657568648211901,1.0020254710280199
75b375833c6ba0f3d301,base_0002,1,synchronization_bursty,0.8,protocol_direct,protocol_inference,direct_transfer,direct,direct,0,1,False,2,42,1.0,0,0,1.2793037340690048,1.0027519254458228
2d6977e61976e9807c2b,base_0002,1,synchronization_bursty,0.8,protocol_on_demand,protocol_inference,on_demand_epr,custom_epr,generic_epr,0,4,False,2,42,1.0,52,10,1.1256476127531958,1.0004770251344448
7d4f1cf516c906caa9d4,base_0002,1,synchronization_bursty,0.8,protocol_prefetch,protocol_inference,prefetched_epr,prefetch,generic_epr,0,4,True,2,42,1.0,73,13,1.3081059117567484,1.0035297536512457
6306c3ba76cc152e0285,base_0002,1,synchronization_bursty,0.8,protocol_telegate,protocol_inference,telegate,prefetch,telegate,0,4,True,2,42,1.0,73,13,1.2378559389562458,1.0035244220762347
2d92780406ad46d5ee2b,base_0002,1,synchronization_bursty,0.8,protocol_teledata,protocol_inference,teledata,prefetch,teledata,0,4,True,2,42,1.0,78,18,1.208554516375788,1.003517338313491
b336a6174ac188c3fe75,base_0002,1,synchronization_bursty,0.8,distill_0,distillation_depth_inference,distill_0,custom_epr,generic_epr,0,6,False,2,42,1.0,57,15,1.1253888546465605,1.0004770251344448
894f98bbeb3ae63ed525,base_0002,1,synchronization_bursty,0.8,distill_1,distillation_depth_inference,distill_1,custom_epr,generic_epr,1,6,False,2,42,1.0,97,13,1.1013665898323233,1.002150530120026
d3e4bf45bfb21e706b87,base_0002,1,synchronization_bursty,0.8,distill_2,distillation_depth_inference,distill_2,custom_epr,generic_epr,2,6,False,2,42,1.0,207,39,1.0623797612048593,1.0020742957812094
e480e653fd2ca472ce1a,base_0002,1,synchronization_bursty,0.8,retry_1,retry_policy_inference,retry_1,custom_epr,generic_epr,0,1,False,2,42,0.7142857142857143,42,12,1.0964353768911637,1.0004770251344448
f2cee02390ec7d7b5e7b,base_0002,1,synchronization_bursty,0.8,retry_2,retry_policy_inference,retry_2,custom_epr,generic_epr,0,2,False,2,42,0.9523809523809523,47,7,1.1496099374502902,1.0004770251344448
0b11a1771ae7f71bc859,base_0002,1,synchronization_bursty,0.8,retry_4,retry_policy_inference,retry_4,custom_epr,generic_epr,0,4,False,2,42,1.0,50,8,1.0896800427651685,1.0004770251344448
87851cf07d8de09f1fec,base_0002,1,synchronization_bursty,0.8,service_low_latency,service_class_inference,low_latency,custom_epr,generic_epr,0,4,False,2,42,0.9761904761904762,51,10,1.1391802544797751,1.0004770251344448
ab2b59e2819a52bce2fb,base_0002,1,synchronization_bursty,0.8,service_high_fidelity,service_class_inference,high_fidelity,custom_epr,generic_epr,2,4,False,2,42,1.0,195,27,1.0528097367713172,1.0
adcf2c8b836dd6c598d9,base_0002,1,synchronization_bursty,0.8,protocol_control_direct_transfer,protocol_label_only_control,direct_transfer,prefetch,generic_epr,0,4,True,2,42,1.0,71,11,1.3081059117567484,1.0035297536512457
43e024600788ff47794e,base_0002,1,synchronization_bursty,0.8,protocol_control_on_demand_epr,protocol_label_only_control,on_demand_epr,prefetch,generic_epr,0,4,True,2,42,1.0,71,11,1.3081059117567484,1.0035297536512457
ec5638eaa0d8bcc82bff,base_0002,1,synchronization_bursty,0.8,protocol_control_prefetched_epr,protocol_label_only_control,prefetched_epr,prefetch,generic_epr,0,4,True,2,42,1.0,71,11,1.3081059117567484,1.0035297536512457
586f0a1dfeb464b7785e,base_0002,1,synchronization_bursty,0.8,protocol_control_telegate,protocol_label_only_control,telegate,prefetch,generic_epr,0,4,True,2,42,1.0,71,11,1.3081059117567484,1.0035297536512457
65c3d2f122e86a0030df,base_0002,1,synchronization_bursty,0.8,protocol_control_teledata,protocol_label_only_control,teledata,prefetch,generic_epr,0,4,True,2,42,1.0,71,11,1.3081059117567484,1.0035297536512457
15dd8c7683e0f665a9a2,base_0002,1,synchronization_bursty,0.8,service_control_low_latency,service_label_only_control,low_latency,custom_epr,generic_epr,1,4,False,2,42,1.0,105,21,1.0904625120495628,1.0
392fb4f79bb65731b988,base_0002,1,synchronization_bursty,0.8,service_control_high_fidelity,service_label_only_control,high_fidelity,custom_epr,generic_epr,1,4,False,2,42,1.0,105,21,1.0904625120495628,1.0
c3dc52ca037a4b55257e,base_0002,1,synchronization_bursty,0.95,protocol_direct,protocol_inference,direct_transfer,direct,direct,0,1,False,2,42,1.0,0,0,1.2793037340690048,1.0027519254458228
a669c34289135afe3141,base_0002,1,synchronization_bursty,0.95,protocol_on_demand,protocol_inference,on_demand_epr,custom_epr,generic_epr,0,4,False,2,42,1.0,45,3,1.1322675374893532,1.0004770251344448
86a34777ef650c9cecd1,base_0002,1,synchronization_bursty,0.95,protocol_prefetch,protocol_inference,prefetched_epr,prefetch,generic_epr,0,4,True,2,42,1.0,62,2,1.3081059117567484,1.0035297536512457
ad4025257203ac79c9c3,base_0002,1,synchronization_bursty,0.95,protocol_telegate,protocol_inference,telegate,prefetch,telegate,0,4,True,2,42,1.0,63,3,1.2378559389562458,1.0035244220762347
23adb46b21adecdd7fee,base_0002,1,synchronization_bursty,0.95,protocol_teledata,protocol_inference,teledata,prefetch,teledata,0,4,True,2,42,1.0,65,5,1.208554516375788,1.003517338313491
24b94b0201b36a9b43f7,base_0002,1,synchronization_bursty,0.95,distill_0,distillation_depth_inference,distill_0,custom_epr,generic_epr,0,6,False,2,42,1.0,44,2,1.1267156174305988,1.0004770251344448
166bb2a8b885fa0f9069,base_0002,1,synchronization_bursty,0.95,distill_1,distillation_depth_inference,distill_1,custom_epr,generic_epr,1,6,False,2,42,1.0,92,8,1.1080090426088147,1.0
0de324355ad586a6025a,base_0002,1,synchronization_bursty,0.95,distill_2,distillation_depth_inference,distill_2,custom_epr,generic_epr,2,6,False,2,42,1.0,173,5,1.0559084545053112,1.0020742957812094
052679f2941955567d3e,base_0002,1,synchronization_bursty,0.95,retry_1,retry_policy_inference,retry_1,custom_epr,generic_epr,0,1,False,2,42,0.9761904761904762,42,1,1.1417142668073677,1.0004770251344448
6c362e6b1dc331604d03,base_0002,1,synchronization_bursty,0.95,retry_2,retry_policy_inference,retry_2,custom_epr,generic_epr,0,2,False,2,42,1.0,44,2,1.1339260296044134,1.0004770251344448
3a15ccf8a58d120bf360,base_0002,1,synchronization_bursty,0.95,retry_4,retry_policy_inference,retry_4,custom_epr,generic_epr,0,4,False,2,42,1.0,44,2,1.1383841701267443,1.0004770251344448
bdbcbc236f7d7d2b79f6,base_0002,1,synchronization_bursty,0.95,service_low_latency,service_class_inference,low_latency,custom_epr,generic_epr,0,4,False,2,42,1.0,43,1,1.1285921270256736,1.0004770251344448
b8b9aa548424da3aa474,base_0002,1,synchronization_bursty,0.95,service_high_fidelity,service_class_inference,high_fidelity,custom_epr,generic_epr,2,4,False,2,42,1.0,174,6,1.0378050007433521,1.0020742957812094
0526941af7f547a28956,base_0002,1,synchronization_bursty,0.95,protocol_control_direct_transfer,protocol_label_only_control,direct_transfer,prefetch,generic_epr,0,4,True,2,42,1.0,63,3,1.3081059117567484,1.0035297536512457
1b2b34b7a11c3c4570f3,base_0002,1,synchronization_bursty,0.95,protocol_control_on_demand_epr,protocol_label_only_control,on_demand_epr,prefetch,generic_epr,0,4,True,2,42,1.0,63,3,1.3081059117567484,1.0035297536512457
3da2c9acadfc5589da45,base_0002,1,synchronization_bursty,0.95,protocol_control_prefetched_epr,protocol_label_only_control,prefetched_epr,prefetch,generic_epr,0,4,True,2,42,1.0,63,3,1.3081059117567484,1.0035297536512457
c55e77fbdaa9896e851e,base_0002,1,synchronization_bursty,0.95,protocol_control_telegate,protocol_label_only_control,telegate,prefetch,generic_epr,0,4,True,2,42,1.0,63,3,1.3081059117567484,1.0035297536512457
5dff4e264be6cf73fa34,base_0002,1,synchronization_bursty,0.95,protocol_control_teledata,protocol_label_only_control,teledata,prefetch,generic_epr,0,4,True,2,42,1.0,63,3,1.3081059117567484,1.0035297536512457
163b1a281982bb4b481e,base_0002,1,synchronization_bursty,0.95,service_control_low_latency,service_label_only_control,low_latency,custom_epr,generic_epr,1,4,False,2,42,1.0,86,2,1.1082368789935768,1.002150530120026
25842d169b63411163be,base_0002,1,synchronization_bursty,0.95,service_control_high_fidelity,service_label_only_control,high_fidelity,custom_epr,generic_epr,1,4,False,2,42,1.0,86,2,1.1082368789935768,1.002150530120026
a69db25fbc5d3586e972,base_0003,0,sparse_periodic,0.65,protocol_direct,protocol_inference,direct_transfer,direct,direct,0,1,False,2,22,1.0,0,0,1.204628560570229,1.0
4c2c3483981d1f57991b,base_0003,0,sparse_periodic,0.65,protocol_on_demand,protocol_inference,on_demand_epr,custom_epr,generic_epr,0,4,False,2,22,0.9090909090909091,34,14,1.1390293752193619,1.0112676201555453
d085fc3dd190b8f8c46e,base_0003,0,sparse_periodic,0.65,protocol_prefetch,protocol_inference,prefetched_epr,prefetch,generic_epr,0,4,True,2,22,1.0,78,34,1.1779306026590393,1.0
f5e05e480eb23ccd7428,base_0003,0,sparse_periodic,0.65,protocol_telegate,protocol_inference,telegate,prefetch,telegate,0,4,True,2,22,1.0,80,32,1.1072287082317263,1.0212513555557379
4de39cfbff89eacaaa7d,base_0003,0,sparse_periodic,0.65,protocol_teledata,protocol_inference,teledata,prefetch,teledata,0,4,True,2,22,1.0,84,40,1.1957898818043298,1.0194623168050898
89e11383734d3f1289e5,base_0003,0,sparse_periodic,0.65,distill_0,distillation_depth_inference,distill_0,custom_epr,generic_epr,0,6,False,2,22,1.0,29,7,1.1015896936281435,1.0112676201555453
8cb7f0a256cd05eb3b3c,base_0003,0,sparse_periodic,0.65,distill_1,distillation_depth_inference,distill_1,custom_epr,generic_epr,1,6,False,2,22,1.0,77,33,1.0590584071299611,1.001970567188329
0a59492a05262130db97,base_0003,0,sparse_periodic,0.65,distill_2,distillation_depth_inference,distill_2,custom_epr,generic_epr,2,6,False,2,22,1.0,135,47,1.0415147427339102,1.001900352700615
359cc8e3ef92a5d2acb5,base_0003,0,sparse_periodic,0.65,retry_1,retry_policy_inference,retry_1,custom_epr,generic_epr,0,1,False,2,22,0.5454545454545454,22,10,1.0845938750775321,1.0112676201555453
8ffc8dadaf6971daffd1,base_0003,0,sparse_periodic,0.65,retry_2,retry_policy_inference,retry_2,custom_epr,generic_epr,0,2,False,2,22,0.9545454545454546,27,6,1.1356460048955488,1.0112676201555453
7da7e8b10a6febea635e,base_0003,0,sparse_periodic,0.65,retry_4,retry_policy_inference,retry_4,custom_epr,generic_epr,0,4,False,2,22,1.0,29,7,1.1382981498967835,1.0112676201555453
a6cfa7060ffa054097ed,base_0003,0,sparse_periodic,0.65,service_low_latency,service_class_inference,low_latency,custom_epr,generic_epr,0,4,False,2,22,1.0,29,7,1.1244336106235975,1.0112676201555453
d1ee26076326dd620556,base_0003,0,sparse_periodic,0.65,service_high_fidelity,service_class_inference,high_fidelity,custom_epr,generic_epr,2,4,False,2,22,0.9545454545454546,136,50,1.039517761615108,1.0018199418455387
b8b3cd5abe174947aa29,base_0003,0,sparse_periodic,0.65,protocol_control_direct_transfer,protocol_label_only_control,direct_transfer,prefetch,generic_epr,0,4,True,2,22,1.0,82,34,1.4227481439740588,1.02128328251603
2020e910632320e9fce6,base_0003,0,sparse_periodic,0.65,protocol_control_on_demand_epr,protocol_label_only_control,on_demand_epr,prefetch,generic_epr,0,4,True,2,22,1.0,82,34,1.4227481439740588,1.02128328251603
1d5070cfd3b483d34546,base_0003,0,sparse_periodic,0.65,protocol_control_prefetched_epr,protocol_label_only_control,prefetched_epr,prefetch,generic_epr,0,4,True,2,22,1.0,82,34,1.4227481439740588,1.02128328251603
2b1d528b28b8e4c7d0fa,base_0003,0,sparse_periodic,0.65,protocol_control_telegate,protocol_label_only_control,telegate,prefetch,generic_epr,0,4,True,2,22,1.0,82,34,1.4227481439740588,1.02128328251603
5006ebd86e39a1d08b5b,base_0003,0,sparse_periodic,0.65,protocol_control_teledata,protocol_label_only_control,teledata,prefetch,generic_epr,0,4,True,2,22,1.0,82,34,1.4227481439740588,1.02128328251603
71d203cd9c8b95178e7d,base_0003,0,sparse_periodic,0.65,service_control_low_latency,service_label_only_control,low_latency,custom_epr,generic_epr,1,4,False,2,22,1.0,64,20,1.0484458544800372,1.0019475406303444
b061b66910ac25db49c7,base_0003,0,sparse_periodic,0.65,service_control_high_fidelity,service_label_only_control,high_fidelity,custom_epr,generic_epr,1,4,False,2,22,1.0,64,20,1.0484458544800372,1.0019475406303444
3763f6050835eec458e3,base_0003,0,sparse_periodic,0.8,protocol_direct,protocol_inference,direct_transfer,direct,direct,0,1,False,2,22,1.0,0,0,1.204628560570229,1.0
5c077c358b847cb52b5a,base_0003,0,sparse_periodic,0.8,protocol_on_demand,protocol_inference,on_demand_epr,custom_epr,generic_epr,0,4,False,2,22,1.0,27,5,1.0951725894221334,1.0019793431528397
21fcf3ccaa1b57607b6e,base_0003,0,sparse_periodic,0.8,protocol_prefetch,protocol_inference,prefetched_epr,prefetch,generic_epr,0,4,True,2,22,1.0,64,10,1.2890405727369592,1.02128328251603
9399952473f136a7de9e,base_0003,0,sparse_periodic,0.8,protocol_telegate,protocol_inference,telegate,prefetch,telegate,0,4,True,2,22,1.0,66,13,1.1511995981907948,1.0
c22c7a1bac25f456d6e1,base_0003,0,sparse_periodic,0.8,protocol_teledata,protocol_inference,teledata,prefetch,teledata,0,4,True,2,22,1.0,65,11,1.1953198890598613,1.0194623168050898
f74820c4a468da415a59,base_0003,0,sparse_periodic,0.8,distill_0,distillation_depth_inference,distill_0,custom_epr,generic_epr,0,6,False,2,22,1.0,28,6,1.153603621991097,1.0112676201555453
a145c26a89701aed5314,base_0003,0,sparse_periodic,0.8,distill_1,distillation_depth_inference,distill_1,custom_epr,generic_epr,1,6,False,2,22,1.0,52,8,1.0452835530385727,1.0019475406303444
17c16a72cf6e5af2b584,base_0003,0,sparse_periodic,0.8,distill_2,distillation_depth_inference,distill_2,custom_epr,generic_epr,2,6,False,2,22,1.0,112,24,1.0516611147162074,1.00189495108749
73b3fcbe4bd4a9327d73,base_0003,0,sparse_periodic,0.8,retry_1,retry_policy_inference,retry_1,custom_epr,generic_epr,0,1,False,2,22,0.7727272727272727,22,5,1.1156243598739037,1.0
02591ffdb4240c36d053,base_0003,0,sparse_periodic,0.8,retry_2,retry_policy_inference,retry_2,custom_epr,generic_epr,0,2,False,2,22,0.9545454545454546,26,5,1.14184813609768,1.0112676201555453
a6ebaf0514e6a6a75ea6,base_0003,0,sparse_periodic,0.8,retry_4,retry_policy_inference,retry_4,custom_epr,generic_epr,0,4,False,2,22,1.0,24,2,1.1185103627599067,1.0112676201555453
740d25824fbbf7836b63,base_0003,0,sparse_periodic,0.8,service_low_latency,service_class_inference,low_latency,custom_epr,generic_epr,0,4,False,2,22,1.0,24,2,1.1185103627599067,1.0019793431528397
8b08dfe3249e12f4e5ec,base_0003,0,sparse_periodic,0.8,service_high_fidelity,service_class_inference,high_fidelity,custom_epr,generic_epr,2,4,False,2,22,1.0,112,24,1.0537172627086084,1.0018736482566806
5e2a41115a52a03ca226,base_0003,0,sparse_periodic,0.8,protocol_control_direct_transfer,protocol_label_only_control,direct_transfer,prefetch,generic_epr,0,4,True,2,22,1.0,65,13,1.2030714200081176,1.02128328251603
6929c91ac6979e42f8e5,base_0003,0,sparse_periodic,0.8,protocol_control_on_demand_epr,protocol_label_only_control,on_demand_epr,prefetch,generic_epr,0,4,True,2,22,1.0,65,13,1.2030714200081176,1.02128328251603
78add1e028e471fd6421,base_0003,0,sparse_periodic,0.8,protocol_control_prefetched_epr,protocol_label_only_control,prefetched_epr,prefetch,generic_epr,0,4,True,2,22,1.0,65,13,1.2030714200081176,1.02128328251603
301ada730def917fb791,base_0003,0,sparse_periodic,0.8,protocol_control_telegate,protocol_label_only_control,telegate,prefetch,generic_epr,0,4,True,2,22,1.0,65,13,1.2030714200081176,1.02128328251603
909da0ae5a94e6993de6,base_0003,0,sparse_periodic,0.8,protocol_control_teledata,protocol_label_only_control,teledata,prefetch,generic_epr,0,4,True,2,22,1.0,65,13,1.2030714200081176,1.02128328251603
0a76b364c2a04fd0d827,base_0003,0,sparse_periodic,0.8,service_control_low_latency,service_label_only_control,low_latency,custom_epr,generic_epr,1,4,False,2,22,1.0,61,17,1.0479854193104707,1.0019475406303444
3321d156f999a9696a21,base_0003,0,sparse_periodic,0.8,service_control_high_fidelity,service_label_only_control,high_fidelity,custom_epr,generic_epr,1,4,False,2,22,1.0,61,17,1.0479854193104707,1.0019475406303444
8058038954ff56182dca,base_0003,0,sparse_periodic,0.95,protocol_direct,protocol_inference,direct_transfer,direct,direct,0,1,False,2,22,1.0,0,0,1.204628560570229,1.0
b8d7e073b0c16c6a1dc4,base_0003,0,sparse_periodic,0.95,protocol_on_demand,protocol_inference,on_demand_epr,custom_epr,generic_epr,0,4,False,2,22,1.0,24,2,1.14184813609768,1.0112676201555453
754c8298ff784be6e47c,base_0003,0,sparse_periodic,0.95,protocol_prefetch,protocol_inference,prefetched_epr,prefetch,generic_epr,0,4,True,2,22,1.0,60,1,1.1545239450076024,1.02128328251603
1d0c3223c7d058ad68d0,base_0003,0,sparse_periodic,0.95,protocol_telegate,protocol_inference,telegate,prefetch,telegate,0,4,True,2,22,1.0,60,2,1.2366292002302004,1.0212513555557379
1d4eaecd1a9324677c9e,base_0003,0,sparse_periodic,0.95,protocol_teledata,protocol_inference,teledata,prefetch,teledata,0,4,True,2,22,1.0,60,3,1.1205447421090513,1.0194623168050898
71894f4069eb4d29b4bc,base_0003,0,sparse_periodic,0.95,distill_0,distillation_depth_inference,distill_0,custom_epr,generic_epr,0,6,False,2,22,1.0,24,2,1.1580819023314464,1.0112676201555453
981b051c97654d077d72,base_0003,0,sparse_periodic,0.95,distill_1,distillation_depth_inference,distill_1,custom_epr,generic_epr,1,6,False,2,22,1.0,47,3,1.0574047651597847,1.0019250459985596
53e13c55fbcbfedfbfe8,base_0003,0,sparse_periodic,0.95,distill_2,distillation_depth_inference,distill_2,custom_epr,generic_epr,2,6,False,2,22,1.0,95,7,1.0498192552178587,1.0019167439031522
e60dbf3f80e265f3c51b,base_0003,0,sparse_periodic,0.95,retry_1,retry_policy_inference,retry_1,custom_epr,generic_epr,0,1,False,2,22,0.9090909090909091,22,2,1.1453327425002044,1.0112676201555453
8ba56b830657d4b5f6b4,base_0003,0,sparse_periodic,0.95,retry_2,retry_policy_inference,retry_2,custom_epr,generic_epr,0,2,False,2,22,1.0,22,0,1.14184813609768,1.0112676201555453
d8f2266488a6a7ca15d2,base_0003,0,sparse_periodic,0.95,retry_4,retry_policy_inference,retry_4,custom_epr,generic_epr,0,4,False,2,22,1.0,22,0,1.14184813609768,1.0112676201555453
d9a2d18a94e326df1cd6,base_0003,0,sparse_periodic,0.95,service_low_latency,service_class_inference,low_latency,custom_epr,generic_epr,0,4,False,2,22,1.0,23,1,1.14184813609768,1.0112676201555453
bfeaf881945123bffbe9,base_0003,0,sparse_periodic,0.95,service_high_fidelity,service_class_inference,high_fidelity,custom_epr,generic_epr,2,4,False,2,22,1.0,93,5,1.0563563613667986,1.00189495108749
99762d8133607ee342d1,base_0003,0,sparse_periodic,0.95,protocol_control_direct_transfer,protocol_label_only_control,direct_transfer,prefetch,generic_epr,0,4,True,2,22,1.0,60,1,1.2040577445414016,1.02128328251603
8d1048bd30519a5b7479,base_0003,0,sparse_periodic,0.95,protocol_control_on_demand_epr,protocol_label_only_control,on_demand_epr,prefetch,generic_epr,0,4,True,2,22,1.0,60,1,1.2040577445414016,1.02128328251603
b78993d322f5cfa63d91,base_0003,0,sparse_periodic,0.95,protocol_control_prefetched_epr,protocol_label_only_control,prefetched_epr,prefetch,generic_epr,0,4,True,2,22,1.0,60,1,1.2040577445414016,1.02128328251603
0efa1cd6dea5e076544b,base_0003,0,sparse_periodic,0.95,protocol_control_telegate,protocol_label_only_control,telegate,prefetch,generic_epr,0,4,True,2,22,1.0,60,1,1.2040577445414016,1.02128328251603
95b1545d35f7c15b29c0,base_0003,0,sparse_periodic,0.95,protocol_control_teledata,protocol_label_only_control,teledata,prefetch,generic_epr,0,4,True,2,22,1.0,60,1,1.2040577445414016,1.02128328251603
08194db700380df1964a,base_0003,0,sparse_periodic,0.95,service_control_low_latency,service_label_only_control,low_latency,custom_epr,generic_epr,1,4,False,2,22,1.0,44,0,1.0584148661698856,1.001970567188329
918d2594b0d7280316ab,base_0003,0,sparse_periodic,0.95,service_control_high_fidelity,service_label_only_control,high_fidelity,custom_epr,generic_epr,1,4,False,2,22,1.0,44,0,1.0584148661698856,1.001970567188329
8af65af2a8a3cdde8035,base_0003,1,sparse_periodic,0.65,protocol_direct,protocol_inference,direct_transfer,direct,direct,0,1,False,2,22,1.0,0,0,1.21338997005379,1.0
672fbfb51a206ccf05c3,base_0003,1,sparse_periodic,0.65,protocol_on_demand,protocol_inference,on_demand_epr,custom_epr,generic_epr,0,4,False,2,22,1.0,39,17,1.137125655952233,1.001956937344357
b77d748e737b3726f8e0,base_0003,1,sparse_periodic,0.65,protocol_prefetch,protocol_inference,prefetched_epr,prefetch,generic_epr,0,4,True,2,22,1.0,79,30,1.258457283512299,1.021292475775787
c7cd386d36e2536f100f,base_0003,1,sparse_periodic,0.65,protocol_telegate,protocol_inference,telegate,prefetch,telegate,0,4,True,2,22,1.0,81,29,1.3455430992710342,1.0212605212487047
50e4f8bfe658df0fd2c3,base_0003,1,sparse_periodic,0.65,protocol_teledata,protocol_inference,teledata,prefetch,teledata,0,4,True,2,22,1.0,76,28,1.1313820717370733,1.0
eb4342eb8dc3b5ddef25,base_0003,1,sparse_periodic,0.65,distill_0,distillation_depth_inference,distill_0,custom_epr,generic_epr,0,6,False,2,22,1.0,33,11,1.1163912148492718,1.0019801879670465
968d2deae0a3e497c8a9,base_0003,1,sparse_periodic,0.65,distill_1,distillation_depth_inference,distill_1,custom_epr,generic_epr,1,6,False,2,22,1.0,59,15,1.0371845132616686,1.001925845089414
002fb06303b064dbe9ac,base_0003,1,sparse_periodic,0.65,distill_2,distillation_depth_inference,distill_2,custom_epr,generic_epr,2,6,False,2,22,1.0,128,40,1.034234099007171,1.0018331719528248
dbc4a5efdf933fd5e40c,base_0003,1,sparse_periodic,0.65,retry_1,retry_policy_inference,retry_1,custom_epr,generic_epr,0,1,False,2,22,0.6818181818181818,22,7,1.0898605219396666,1.0112724871754166
7369b5102cff260e7950,base_0003,1,sparse_periodic,0.65,retry_2,retry_policy_inference,retry_2,custom_epr,generic_epr,0,2,False,2,22,0.9090909090909091,30,10,1.087308322282672,1.0112724871754166
ba466ebeecd31d9cf3d8,base_0003,1,sparse_periodic,0.65,retry_4,retry_policy_inference,retry_4,custom_epr,generic_epr,0,4,False,2,22,0.9545454545454546,37,16,1.130092534665714,1.0112724871754166
1875f358c5efd359283a,base_0003,1,sparse_periodic,0.65,service_low_latency,service_class_inference,low_latency,custom_epr,generic_epr,0,4,False,2,22,1.0,35,13,1.114203409422757,1.0112724871754166
c61194829ff2ecef0773,base_0003,1,sparse_periodic,0.65,service_high_fidelity,service_class_inference,high_fidelity,custom_epr,generic_epr,2,4,False,2,22,0.9545454545454546,125,41,1.0345755478761802,1.0018331719528248
d8a483fbba3e71e97613,base_0003,1,sparse_periodic,0.65,protocol_control_direct_transfer,protocol_label_only_control,direct_transfer,prefetch,generic_epr,0,4,True,2,22,1.0,77,26,1.0859823902089545,1.0111606575143504
14ff376b95515c5b177a,base_0003,1,sparse_periodic,0.65,protocol_control_on_demand_epr,protocol_label_only_control,on_demand_epr,prefetch,generic_epr,0,4,True,2,22,1.0,77,26,1.0859823902089545,1.0111606575143504
c13f6c16503f887cd8b1,base_0003,1,sparse_periodic,0.65,protocol_control_prefetched_epr,protocol_label_only_control,prefetched_epr,prefetch,generic_epr,0,4,True,2,22,1.0,77,26,1.0859823902089545,1.0111606575143504
3af6ec152dc801c66432,base_0003,1,sparse_periodic,0.65,protocol_control_telegate,protocol_label_only_control,telegate,prefetch,generic_epr,0,4,True,2,22,1.0,77,26,1.0859823902089545,1.0111606575143504
31b5afe5c4f47b49b34b,base_0003,1,sparse_periodic,0.65,protocol_control_teledata,protocol_label_only_control,teledata,prefetch,generic_epr,0,4,True,2,22,1.0,77,26,1.0859823902089545,1.0111606575143504
5878b2f47b3aefb1dd6c,base_0003,1,sparse_periodic,0.65,service_control_low_latency,service_label_only_control,low_latency,custom_epr,generic_epr,1,4,False,2,22,1.0,58,14,1.0440158276556124,1.0019714045261245
f8dd14cf3ca2d2e0b228,base_0003,1,sparse_periodic,0.65,service_control_high_fidelity,service_label_only_control,high_fidelity,custom_epr,generic_epr,1,4,False,2,22,1.0,58,14,1.0440158276556124,1.0019714045261245
723b7f2e2bead2a8abd4,base_0003,1,sparse_periodic,0.8,protocol_direct,protocol_inference,direct_transfer,direct,direct,0,1,False,2,22,1.0,0,0,1.21338997005379,1.0
0c88e91883d4c91e8b46,base_0003,1,sparse_periodic,0.8,protocol_on_demand,protocol_inference,on_demand_epr,custom_epr,generic_epr,0,4,False,2,22,1.0,29,7,1.0892943152172305,1.0112724871754166
9bd2833e3a0413550bdb,base_0003,1,sparse_periodic,0.8,protocol_prefetch,protocol_inference,prefetched_epr,prefetch,generic_epr,0,4,True,2,22,1.0,66,13,1.2939370110116262,1.021292475775787
ae479535c44ce7de66ab,base_0003,1,sparse_periodic,0.8,protocol_telegate,protocol_inference,telegate,prefetch,telegate,0,4,True,2,22,1.0,70,17,1.1377949128347356,1.0
bb05e65cf04f9d787aee,base_0003,1,sparse_periodic,0.8,protocol_teledata,protocol_inference,teledata,prefetch,teledata,0,4,True,2,22,1.0,67,18,1.097790165525854,1.0
d52a6f3c73451efb643e,base_0003,1,sparse_periodic,0.8,distill_0,distillation_depth_inference,distill_0,custom_epr,generic_epr,0,6,False,2,22,1.0,27,5,1.0987696548425634,1.0112724871754166
745caa60331c25155844,base_0003,1,sparse_periodic,0.8,distill_1,distillation_depth_inference,distill_1,custom_epr,generic_epr,1,6,False,2,22,1.0,57,13,1.062865428155486,1.0019714045261245
f3194e7b0c54cb10d7c4,base_0003,1,sparse_periodic,0.8,distill_2,distillation_depth_inference,distill_2,custom_epr,generic_epr,2,6,False,2,22,1.0,105,17,1.0392184965497713,1.0019175361150146
fdf43bc925eb1396dc68,base_0003,1,sparse_periodic,0.8,retry_1,retry_policy_inference,retry_1,custom_epr,generic_epr,0,1,False,2,22,0.8181818181818182,22,4,1.0861004664939182,1.0112724871754166
a3b47cbda419e7e78a76,base_0003,1,sparse_periodic,0.8,retry_2,retry_policy_inference,retry_2,custom_epr,generic_epr,0,2,False,2,22,1.0,23,1,1.0892943152172307,1.0112724871754166
0c6dc1628ae554ff6b3d,base_0003,1,sparse_periodic,0.8,retry_4,retry_policy_inference,retry_4,custom_epr,generic_epr,0,4,False,2,22,1.0,30,8,1.1068218068826534,1.001956937344357
b7e2374b03af6e71943c,base_0003,1,sparse_periodic,0.8,service_low_latency,service_class_inference,low_latency,custom_epr,generic_epr,0,4,False,2,22,1.0,31,9,1.0682105997960933,1.0019801879670465
69c087ae6309b5f0e66a,base_0003,1,sparse_periodic,0.8,service_high_fidelity,service_class_inference,high_fidelity,custom_epr,generic_epr,2,4,False,2,22,0.9545454545454546,102,18,1.0288922444843762,1.0018957253836902
435e9b2d17f68d3a34e5,base_0003,1,sparse_periodic,0.8,protocol_control_direct_transfer,protocol_label_only_control,direct_transfer,prefetch,generic_epr,0,4,True,2,22,1.0,68,17,1.1599027738610526,1.0
5fc74700d0df41f3774f,base_0003,1,sparse_periodic,0.8,protocol_control_on_demand_epr,protocol_label_only_control,on_demand_epr,prefetch,generic_epr,0,4,True,2,22,1.0,68,17,1.1599027738610526,1.0
1667933378420aeaf85c,base_0003,1,sparse_periodic,0.8,protocol_control_prefetched_epr,protocol_label_only_control,prefetched_epr,prefetch,generic_epr,0,4,True,2,22,1.0,68,17,1.1599027738610526,1.0
a96f9a3e1fd9aa15ed7b,base_0003,1,sparse_periodic,0.8,protocol_control_telegate,protocol_label_only_control,telegate,prefetch,generic_epr,0,4,True,2,22,1.0,68,17,1.1599027738610526,1.0
849a6ac80ce962f1760c,base_0003,1,sparse_periodic,0.8,protocol_control_teledata,protocol_label_only_control,teledata,prefetch,generic_epr,0,4,True,2,22,1.0,68,17,1.1599027738610526,1.0
fc44314417fd6b5067fc,base_0003,1,sparse_periodic,0.8,service_control_low_latency,service_label_only_control,low_latency,custom_epr,generic_epr,1,4,False,2,22,1.0,53,9,1.0660698503938972,1.0019714045261245
d12e9f130c7293579d4e,base_0003,1,sparse_periodic,0.8,service_control_high_fidelity,service_label_only_control,high_fidelity,custom_epr,generic_epr,1,4,False,2,22,1.0,53,9,1.0660698503938972,1.0019714045261245
d64d0219a59407401ba7,base_0003,1,sparse_periodic,0.95,protocol_direct,protocol_inference,direct_transfer,direct,direct,0,1,False,2,22,1.0,0,0,1.21338997005379,1.0
6112b40d44ef307de908,base_0003,1,sparse_periodic,0.95,protocol_on_demand,protocol_inference,on_demand_epr,custom_epr,generic_epr,0,4,False,2,22,1.0,23,1,1.0892943152172305,1.0112724871754166
aad7c3f5118910a15881,base_0003,1,sparse_periodic,0.95,protocol_prefetch,protocol_inference,prefetched_epr,prefetch,generic_epr,0,4,True,2,22,1.0,62,5,1.1482844921514475,1.0111606575143504
5cc0fc75c927869765ee,base_0003,1,sparse_periodic,0.95,protocol_telegate,protocol_inference,telegate,prefetch,telegate,0,4,True,2,22,1.0,61,3,1.1153854282853386,1.0111440741550224
354bcc89407790619c3a,base_0003,1,sparse_periodic,0.95,protocol_teledata,protocol_inference,teledata,prefetch,teledata,0,4,True,2,22,1.0,60,2,1.1851553474086218,1.0194706941241145
021ed548bc2295cf03a8,base_0003,1,sparse_periodic,0.95,distill_0,distillation_depth_inference,distill_0,custom_epr,generic_epr,0,6,False,2,22,1.0,23,1,1.1126320885550038,1.0112724871754166
a80f45d3d9d2ba45330a,base_0003,1,sparse_periodic,0.95,distill_1,distillation_depth_inference,distill_1,custom_epr,generic_epr,1,6,False,2,22,1.0,45,1,1.0679485939274107,1.0019714045261245
38dbf3696666e7898540,base_0003,1,sparse_periodic,0.95,distill_2,distillation_depth_inference,distill_2,custom_epr,generic_epr,2,6,False,2,22,1.0,92,4,1.0425857639767644,1.0019175361150146
dd7818a235a1f654dad7,base_0003,1,sparse_periodic,0.95,retry_1,retry_policy_inference,retry_1,custom_epr,generic_epr,0,1,False,2,22,0.9545454545454546,22,1,1.0864083123312278,1.0
057659638510947acfd7,base_0003,1,sparse_periodic,0.95,retry_2,retry_policy_inference,retry_2,custom_epr,generic_epr,0,2,False,2,22,1.0,22,0,1.1126320885550038,1.0112724871754166
d536ec6967c04141804d,base_0003,1,sparse_periodic,0.95,retry_4,retry_policy_inference,retry_4,custom_epr,generic_epr,0,4,False,2,22,1.0,23,1,1.1126320885550038,1.0112724871754166
9f7df7a2cf1572f2052e,base_0003,1,sparse_periodic,0.95,service_low_latency,service_class_inference,low_latency,custom_epr,generic_epr,0,4,False,2,22,1.0,24,2,1.1085253644079387,1.0112724871754166
1f989fab8701c5dcb973,base_0003,1,sparse_periodic,0.95,service_high_fidelity,service_class_inference,high_fidelity,custom_epr,generic_epr,2,4,False,2,22,1.0,92,4,1.0394136700597896,1.0019175361150146
75000b7faba166be3db8,base_0003,1,sparse_periodic,0.95,protocol_control_direct_transfer,protocol_label_only_control,direct_transfer,prefetch,generic_epr,0,4,True,2,22,1.0,62,2,1.2055643359577877,1.021292475775787
0e225d295429ebe91d99,base_0003,1,sparse_periodic,0.95,protocol_control_on_demand_epr,protocol_label_only_control,on_demand_epr,prefetch,generic_epr,0,4,True,2,22,1.0,62,2,1.2055643359577877,1.021292475775787
a165cd41f34e34320cf1,base_0003,1,sparse_periodic,0.95,protocol_control_prefetched_epr,protocol_label_only_control,prefetched_epr,prefetch,generic_epr,0,4,True,2,22,1.0,62,2,1.2055643359577877,1.021292475775787
df11365706d6be229c89,base_0003,1,sparse_periodic,0.95,protocol_control_telegate,protocol_label_only_control,telegate,prefetch,generic_epr,0,4,True,2,22,1.0,62,2,1.2055643359577877,1.021292475775787
9a407fe0c40539e499ca,base_0003,1,sparse_periodic,0.95,protocol_control_teledata,protocol_label_only_control,teledata,prefetch,generic_epr,0,4,True,2,22,1.0,62,2,1.2055643359577877,1.021292475775787
2aee3664fddfbc8d742b,base_0003,1,sparse_periodic,0.95,service_control_low_latency,service_label_only_control,low_latency,custom_epr,generic_epr,1,4,False,2,22,1.0,45,1,1.06631049587441,1.0019714045261245
ea39b98ef8ebc460d7b7,base_0003,1,sparse_periodic,0.95,service_control_high_fidelity,service_label_only_control,high_fidelity,custom_epr,generic_epr,1,4,False,2,22,1.0,45,1,1.06631049587441,1.0019714045261245
8d45144d1e64da2bd2fb,base_0004,0,dense_periodic,0.65,protocol_direct,protocol_inference,direct_transfer,direct,direct,0,1,False,0,45,1.0,0,0,1.0398202638683536,1.0136329175072358
f9b2a213f8b26aae5c3d,base_0004,0,dense_periodic,0.65,protocol_on_demand,protocol_inference,on_demand_epr,custom_epr,generic_epr,0,4,False,0,45,0.9777777777777777,76,32,1.1265259631760323,1.0019896805801103
a1acdf7de7ad44d3fd9f,base_0004,0,dense_periodic,0.65,protocol_prefetch,protocol_inference,prefetched_epr,prefetch,generic_epr,0,4,True,0,45,1.0,87,25,1.069075273606722,1.0236958016605102
1d7c53bbcc25956bae58,base_0004,0,dense_periodic,0.65,protocol_telegate,protocol_inference,telegate,prefetch,telegate,0,4,True,0,45,1.0,95,32,1.0575627280056017,1.023659631728845
8032c319d557449dd15a,base_0004,0,dense_periodic,0.65,protocol_teledata,protocol_inference,teledata,prefetch,teledata,0,4,True,0,45,1.0,92,30,1.0868686868686868,1.0218343611304692
2fe60886048ce0e3f999,base_0004,0,dense_periodic,0.65,distill_0,distillation_depth_inference,distill_0,custom_epr,generic_epr,0,6,False,0,45,1.0,64,19,1.1361056853236133,1.0019896805801103
199d3d3041f96afd0700,base_0004,0,dense_periodic,0.65,distill_1,distillation_depth_inference,distill_1,custom_epr,generic_epr,1,6,False,0,45,1.0,143,53,1.1015862298772243,1.001980812913888
09ef28e1121a0cb8c78f,base_0004,0,dense_periodic,0.65,distill_2,distillation_depth_inference,distill_2,custom_epr,generic_epr,2,6,False,0,45,1.0,268,88,1.1410284454996245,1.0101917787767127
61247540e6f8750a22a1,base_0004,0,dense_periodic,0.65,retry_1,retry_policy_inference,retry_1,custom_epr,generic_epr,0,1,False,0,45,0.6,45,18,1.0773785755571534,1.0
54ab16e68dd636aa10ee,base_0004,0,dense_periodic,0.65,retry_2,retry_policy_inference,retry_2,custom_epr,generic_epr,0,2,False,0,45,0.8666666666666667,60,21,1.128865197628261,1.0019896805801103
f7ad0d59f31b695c4339,base_0004,0,dense_periodic,0.65,retry_4,retry_policy_inference,retry_4,custom_epr,generic_epr,0,4,False,0,45,0.9777777777777777,72,28,1.1078069458700517,1.0113271780604054
289059a806f95e7d57c4,base_0004,0,dense_periodic,0.65,service_low_latency,service_class_inference,low_latency,custom_epr,generic_epr,0,4,False,0,45,0.9555555555555556,77,34,1.126672287641691,1.0019896805801103
62d4218470105e63322c,base_0004,0,dense_periodic,0.65,service_high_fidelity,service_class_inference,high_fidelity,custom_epr,generic_epr,2,4,False,0,45,0.9555555555555556,280,104,1.1938337994228614,1.0235919801373385
437c65383dabfc0f9807,base_0004,0,dense_periodic,0.65,protocol_control_direct_transfer,protocol_label_only_control,direct_transfer,prefetch,generic_epr,0,4,True,0,45,1.0,90,26,1.069075273606722,1.0236958016605102
486c129c9bbee38bbd35,base_0004,0,dense_periodic,0.65,protocol_control_on_demand_epr,protocol_label_only_control,on_demand_epr,prefetch,generic_epr,0,4,True,0,45,1.0,90,26,1.069075273606722,1.0236958016605102
8af59a4a7c7018211386,base_0004,0,dense_periodic,0.65,protocol_control_prefetched_epr,protocol_label_only_control,prefetched_epr,prefetch,generic_epr,0,4,True,0,45,1.0,90,26,1.069075273606722,1.0236958016605102
fb7b7f00ddff63cf3e97,base_0004,0,dense_periodic,0.65,protocol_control_telegate,protocol_label_only_control,telegate,prefetch,generic_epr,0,4,True,0,45,1.0,90,26,1.069075273606722,1.0236958016605102
2326c7acb9a5a08fbbc3,base_0004,0,dense_periodic,0.65,protocol_control_teledata,protocol_label_only_control,teledata,prefetch,generic_epr,0,4,True,0,45,1.0,90,26,1.069075273606722,1.0236958016605102
5d1ff9dbf13c72e9d3de,base_0004,0,dense_periodic,0.65,service_control_low_latency,service_label_only_control,low_latency,custom_epr,generic_epr,1,4,False,0,45,0.9777777777777777,131,43,1.1013634318278864,1.001957547699314
0a20eedc512a6eeb0e14,base_0004,0,dense_periodic,0.65,service_control_high_fidelity,service_label_only_control,high_fidelity,custom_epr,generic_epr,1,4,False,0,45,0.9777777777777777,131,43,1.1013634318278864,1.001957547699314
f2b8be1a1b5279e047ce,base_0004,0,dense_periodic,0.8,protocol_direct,protocol_inference,direct_transfer,direct,direct,0,1,False,0,45,1.0,0,0,1.0398202638683536,1.0136329175072358
29fa4a999be4abc793cc,base_0004,0,dense_periodic,0.8,protocol_on_demand,protocol_inference,on_demand_epr,custom_epr,generic_epr,0,4,False,0,45,1.0,59,14,1.1407042749729805,1.0113271780604054
2c9cb2854d8a985b2fab,base_0004,0,dense_periodic,0.8,protocol_prefetch,protocol_inference,prefetched_epr,prefetch,generic_epr,0,4,True,0,45,1.0,75,11,1.069075273606722,1.0236958016605102
7091b4b048ecdb149ca5,base_0004,0,dense_periodic,0.8,protocol_telegate,protocol_inference,telegate,prefetch,telegate,0,4,True,0,45,1.0,80,16,1.0575627280056017,1.023659631728845
060010f0ae8c9e50e372,base_0004,0,dense_periodic,0.8,protocol_teledata,protocol_inference,teledata,prefetch,teledata,0,4,True,0,45,1.0,87,23,1.0868686868686868,1.0218343611304692
b4d301274412c3daa19e,base_0004,0,dense_periodic,0.8,distill_0,distillation_depth_inference,distill_0,custom_epr,generic_epr,0,6,False,0,45,1.0,53,8,1.1473171607038295,1.0113271780604054
a0abca1c0380e57ae52c,base_0004,0,dense_periodic,0.8,distill_1,distillation_depth_inference,distill_1,custom_epr,generic_epr,1,6,False,0,45,1.0,118,28,1.0854306872094273,1.0019720239402914
ef3dd799007e6787d37e,base_0004,0,dense_periodic,0.8,distill_2,distillation_depth_inference,distill_2,custom_epr,generic_epr,2,6,False,0,45,1.0,230,50,1.1050534144109356,1.0018829085620113
ca9a17b8ea1d15169a30,base_0004,0,dense_periodic,0.8,retry_1,retry_policy_inference,retry_1,custom_epr,generic_epr,0,1,False,0,45,0.8,45,9,1.115840114018692,1.0113271780604054
d26c15c14f1097547a86,base_0004,0,dense_periodic,0.8,retry_2,retry_policy_inference,retry_2,custom_epr,generic_epr,0,2,False,0,45,0.9777777777777777,54,10,1.128619448281206,1.0019896805801103
ff621f5d3f3559d066a5,base_0004,0,dense_periodic,0.8,retry_4,retry_policy_inference,retry_4,custom_epr,generic_epr,0,4,False,0,45,0.9777777777777777,63,19,1.1812989256449928,1.0113271780604054
798a84a403a788820469,base_0004,0,dense_periodic,0.8,service_low_latency,service_class_inference,low_latency,custom_epr,generic_epr,0,4,False,0,45,1.0,58,13,1.158944511738992,1.0113271780604054
24f84c8cd12e7bd3dbf8,base_0004,0,dense_periodic,0.8,service_high_fidelity,service_class_inference,high_fidelity,custom_epr,generic_epr,2,4,False,0,45,1.0,214,34,1.068791566385108,1.0019264362006068
8445e82803f2155c4ef9,base_0004,0,dense_periodic,0.8,protocol_control_direct_transfer,protocol_label_only_control,direct_transfer,prefetch,generic_epr,0,4,True,0,45,1.0,78,12,1.069075273606722,1.0236958016605102
3d02ad881c8b879d5e56,base_0004,0,dense_periodic,0.8,protocol_control_on_demand_epr,protocol_label_only_control,on_demand_epr,prefetch,generic_epr,0,4,True,0,45,1.0,78,12,1.069075273606722,1.0236958016605102
45650a6477ab72f73dbb,base_0004,0,dense_periodic,0.8,protocol_control_prefetched_epr,protocol_label_only_control,prefetched_epr,prefetch,generic_epr,0,4,True,0,45,1.0,78,12,1.069075273606722,1.0236958016605102
60a66dc0529dbf5eb460,base_0004,0,dense_periodic,0.8,protocol_control_telegate,protocol_label_only_control,telegate,prefetch,generic_epr,0,4,True,0,45,1.0,78,12,1.069075273606722,1.0236958016605102
e929498f5954b8f0c981,base_0004,0,dense_periodic,0.8,protocol_control_teledata,protocol_label_only_control,teledata,prefetch,generic_epr,0,4,True,0,45,1.0,78,12,1.069075273606722,1.0236958016605102
acdf4795a8ed9a079223,base_0004,0,dense_periodic,0.8,service_control_low_latency,service_label_only_control,low_latency,custom_epr,generic_epr,1,4,False,0,45,0.9777777777777777,105,16,1.0968079889893725,1.001980812913888
caa0abf4dae170c9ee10,base_0004,0,dense_periodic,0.8,service_control_high_fidelity,service_label_only_control,high_fidelity,custom_epr,generic_epr,1,4,False,0,45,0.9777777777777777,105,16,1.0968079889893725,1.001980812913888
c9c47eef7161029cd70f,base_0004,0,dense_periodic,0.95,protocol_direct,protocol_inference,direct_transfer,direct,direct,0,1,False,0,45,1.0,0,0,1.0398202638683536,1.0136329175072358
1d8042874f2ff455ac14,base_0004,0,dense_periodic,0.95,protocol_on_demand,protocol_inference,on_demand_epr,custom_epr,generic_epr,0,4,False,0,45,1.0,49,4,1.1512150914232513,1.0113271780604054
8bd3055983c90f7319ac,base_0004,0,dense_periodic,0.95,protocol_prefetch,protocol_inference,prefetched_epr,prefetch,generic_epr,0,4,True,0,45,1.0,68,2,1.069075273606722,1.0236958016605102
f8b50ca42e6c5c27cb09,base_0004,0,dense_periodic,0.95,protocol_telegate,protocol_inference,telegate,prefetch,telegate,0,4,True,0,45,1.0,69,3,1.0575627280056017,1.023659631728845
48c0fa1c8902fe7f4930,base_0004,0,dense_periodic,0.95,protocol_teledata,protocol_inference,teledata,prefetch,teledata,0,4,True,0,45,1.0,70,4,1.0868686868686868,1.0218343611304692
a0cb5f423c583a032563,base_0004,0,dense_periodic,0.95,distill_0,distillation_depth_inference,distill_0,custom_epr,generic_epr,0,6,False,0,45,1.0,47,2,1.1317704485919793,1.0113271780604054
d891cabd65913514d047,base_0004,0,dense_periodic,0.95,distill_1,distillation_depth_inference,distill_1,custom_epr,generic_epr,1,6,False,0,45,1.0,92,2,1.0945770415476561,1.001980812913888
0c312ea45f73dbdc5ded,base_0004,0,dense_periodic,0.95,distill_2,distillation_depth_inference,distill_2,custom_epr,generic_epr,2,6,False,0,45,1.0,193,13,1.0486489638207839,1.0039746561239626
90756b0200783215dbde,base_0004,0,dense_periodic,0.95,retry_1,retry_policy_inference,retry_1,custom_epr,generic_epr,0,1,False,0,45,0.9333333333333333,45,3,1.1299040152136348,1.0113271780604054
debf7df0308ba48b7db7,base_0004,0,dense_periodic,0.95,retry_2,retry_policy_inference,retry_2,custom_epr,generic_epr,0,2,False,0,45,1.0,48,3,1.143180026668224,1.0113271780604054
da2e1969771a81309b33,base_0004,0,dense_periodic,0.95,retry_4,retry_policy_inference,retry_4,custom_epr,generic_epr,0,4,False,0,45,1.0,48,3,1.1527683110875655,1.0113271780604054
a278bac34af8505b0eaa,base_0004,0,dense_periodic,0.95,service_low_latency,service_class_inference,low_latency,custom_epr,generic_epr,0,4,False,0,45,1.0,46,1,1.143180026668224,1.0113271780604054
4498476d799f4be451d9,base_0004,0,dense_periodic,0.95,service_high_fidelity,service_class_inference,high_fidelity,custom_epr,generic_epr,2,4,False,0,45,1.0,192,12,1.041495924536539,1.0054066325892075
a63250c264ac42b08663,base_0004,0,dense_periodic,0.95,protocol_control_direct_transfer,protocol_label_only_control,direct_transfer,prefetch,generic_epr,0,4,True,0,45,1.0,68,3,1.069075273606722,1.0236958016605102
974b664e3ea625353843,base_0004,0,dense_periodic,0.95,protocol_control_on_demand_epr,protocol_label_only_control,on_demand_epr,prefetch,generic_epr,0,4,True,0,45,1.0,68,3,1.069075273606722,1.0236958016605102
0107c0bf66d56a0d271f,base_0004,0,dense_periodic,0.95,protocol_control_prefetched_epr,protocol_label_only_control,prefetched_epr,prefetch,generic_epr,0,4,True,0,45,1.0,68,3,1.069075273606722,1.0236958016605102
f2659d3e8744df81d9e2,base_0004,0,dense_periodic,0.95,protocol_control_telegate,protocol_label_only_control,telegate,prefetch,generic_epr,0,4,True,0,45,1.0,68,3,1.069075273606722,1.0236958016605102
2ae13ad632ede49f1dd1,base_0004,0,dense_periodic,0.95,protocol_control_teledata,protocol_label_only_control,teledata,prefetch,generic_epr,0,4,True,0,45,1.0,68,3,1.069075273606722,1.0236958016605102
3b46446097705f2819e1,base_0004,0,dense_periodic,0.95,service_control_low_latency,service_label_only_control,low_latency,custom_epr,generic_epr,1,4,False,0,45,1.0,93,3,1.09191411583045,1.001980812913888
bbc7d313e33c2deb4f01,base_0004,0,dense_periodic,0.95,service_control_high_fidelity,service_label_only_control,high_fidelity,custom_epr,generic_epr,1,4,False,0,45,1.0,93,3,1.09191411583045,1.001980812913888
20a9177b1f4188556203,base_0004,1,dense_periodic,0.65,protocol_direct,protocol_inference,direct_transfer,direct,direct,0,1,False,0,45,1.0,0,0,1.0398658865561399,1.0137184147183589
fe01d11f6070a0199278,base_0004,1,dense_periodic,0.65,protocol_on_demand,protocol_inference,on_demand_epr,custom_epr,generic_epr,0,4,False,0,45,1.0,68,23,1.1188302192732535,1.0077789433822215
989b256aa85d7bab230f,base_0004,1,dense_periodic,0.65,protocol_prefetch,protocol_inference,prefetched_epr,prefetch,generic_epr,0,4,True,0,45,1.0,88,27,1.068888888888889,1.023705639806452
bec1d01181958a0b81a7,base_0004,1,dense_periodic,0.65,protocol_telegate,protocol_inference,telegate,prefetch,telegate,0,4,True,0,45,1.0,94,31,1.0574074074074074,1.0236694398570536
ef55576f6be247a4d40a,base_0004,1,dense_periodic,0.65,protocol_teledata,protocol_inference,teledata,prefetch,teledata,0,4,True,0,45,1.0,91,29,1.0868686868686868,1.0218433941985436
04a2987035449b81c0d6,base_0004,1,dense_periodic,0.65,distill_0,distillation_depth_inference,distill_0,custom_epr,generic_epr,0,6,False,0,45,1.0,69,24,1.0920503324206028,1.0019440516220255
b5fd604bb239d6e88f83,base_0004,1,dense_periodic,0.65,distill_1,distillation_depth_inference,distill_1,custom_epr,generic_epr,1,6,False,0,45,0.9777777777777777,145,56,1.0811644094836816,1.0018916478030626
125c640d157afee9686c,base_0004,1,dense_periodic,0.65,distill_2,distillation_depth_inference,distill_2,custom_epr,generic_epr,2,6,False,0,45,1.0,274,94,1.140635892043202,1.0267475266328199
c6fa02d1d4302ffd1271,base_0004,1,dense_periodic,0.65,retry_1,retry_policy_inference,retry_1,custom_epr,generic_epr,0,1,False,0,45,0.7333333333333333,45,12,1.065525697461309,1.0
290d25cf6cc80470316b,base_0004,1,dense_periodic,0.65,retry_2,retry_policy_inference,retry_2,custom_epr,generic_epr,0,2,False,0,45,0.8888888888888888,61,21,1.0899660199905783,1.011331824092012
f788996d6fc6cfd3fa83,base_0004,1,dense_periodic,0.65,retry_4,retry_policy_inference,retry_4,custom_epr,generic_epr,0,4,False,0,45,0.9777777777777777,75,31,1.1315090684960778,1.0077789433822215
6235720227fecc6912b8,base_0004,1,dense_periodic,0.65,service_low_latency,service_class_inference,low_latency,custom_epr,generic_epr,0,4,False,0,45,1.0,69,24,1.1233595509286471,1.0019669952640269
e659dda4b28e1bf21deb,base_0004,1,dense_periodic,0.65,service_high_fidelity,service_class_inference,high_fidelity,custom_epr,generic_epr,2,4,False,0,45,0.8666666666666667,253,89,1.156827445597186,1.00751422696509
2c723da8a026c0f666f5,base_0004,1,dense_periodic,0.65,protocol_control_direct_transfer,protocol_label_only_control,direct_transfer,prefetch,generic_epr,0,4,True,0,45,1.0,90,27,1.0717124178003,1.023705639806452
005b8620668f7b1187d9,base_0004,1,dense_periodic,0.65,protocol_control_on_demand_epr,protocol_label_only_control,on_demand_epr,prefetch,generic_epr,0,4,True,0,45,1.0,90,27,1.0717124178003,1.023705639806452
f0c8eda10d9b5e34a43e,base_0004,1,dense_periodic,0.65,protocol_control_prefetched_epr,protocol_label_only_control,prefetched_epr,prefetch,generic_epr,0,4,True,0,45,1.0,90,27,1.0717124178003,1.023705639806452
0625d92db2b7d8bddff1,base_0004,1,dense_periodic,0.65,protocol_control_telegate,protocol_label_only_control,telegate,prefetch,generic_epr,0,4,True,0,45,1.0,90,27,1.0717124178003,1.023705639806452
0ac99e335086b0156c10,base_0004,1,dense_periodic,0.65,protocol_control_teledata,protocol_label_only_control,teledata,prefetch,generic_epr,0,4,True,0,45,1.0,90,27,1.0717124178003,1.023705639806452
3576713329e4b62b561f,base_0004,1,dense_periodic,0.65,service_control_low_latency,service_label_only_control,low_latency,custom_epr,generic_epr,1,4,False,0,45,0.9777777777777777,140,51,1.071135060876158,1.0019816120950498
62cb950f29b2836402f5,base_0004,1,dense_periodic,0.65,service_control_high_fidelity,service_label_only_control,high_fidelity,custom_epr,generic_epr,1,4,False,0,45,0.9777777777777777,140,51,1.071135060876158,1.0019816120950498
69478c263af2f62166a4,base_0004,1,dense_periodic,0.8,protocol_direct,protocol_inference,direct_transfer,direct,direct,0,1,False,0,45,1.0,0,0,1.0398658865561399,1.0137184147183589
eda75dd0bbf746a5b5bf,base_0004,1,dense_periodic,0.8,protocol_on_demand,protocol_inference,on_demand_epr,custom_epr,generic_epr,0,4,False,0,45,1.0,52,7,1.1280161555795194,1.0115429041724469
c1f5b9b3e05eb4cfa595,base_0004,1,dense_periodic,0.8,protocol_prefetch,protocol_inference,prefetched_epr,prefetch,generic_epr,0,4,True,0,45,1.0,77,12,1.068888888888889,1.023705639806452
3e8e18dbc3f064b21e8d,base_0004,1,dense_periodic,0.8,protocol_telegate,protocol_inference,telegate,prefetch,telegate,0,4,True,0,45,1.0,81,18,1.0574074074074074,1.0236694398570536
792010a78207bdc63a07,base_0004,1,dense_periodic,0.8,protocol_teledata,protocol_inference,teledata,prefetch,teledata,0,4,True,0,45,1.0,81,18,1.0868686868686868,1.0218433941985436
5ac5d61f4ca2a9f7b79c,base_0004,1,dense_periodic,0.8,distill_0,distillation_depth_inference,distill_0,custom_epr,generic_epr,0,6,False,0,45,1.0,56,11,1.1347315826443471,1.0115429041724469
74584f32545147a985c7,base_0004,1,dense_periodic,0.8,distill_1,distillation_depth_inference,distill_1,custom_epr,generic_epr,1,6,False,0,45,1.0,116,26,1.0948825639791078,1.0019816120950498
15b1f4cb4111789d4f61,base_0004,1,dense_periodic,0.8,distill_2,distillation_depth_inference,distill_2,custom_epr,generic_epr,2,6,False,0,45,1.0,222,42,1.0522786629431278,1.0057157074473617
63a1a6ed35915ee4ec1e,base_0004,1,dense_periodic,0.8,retry_1,retry_policy_inference,retry_1,custom_epr,generic_epr,0,1,False,0,45,0.8444444444444444,45,7,1.1426437049880087,1.011331824092012
a2c53b970dfbe7fcf7e3,base_0004,1,dense_periodic,0.8,retry_2,retry_policy_inference,retry_2,custom_epr,generic_epr,0,2,False,0,45,0.9555555555555556,55,12,1.1151641743471659,1.0019904869342635
2933663bd02e5d2b4acb,base_0004,1,dense_periodic,0.8,retry_4,retry_policy_inference,retry_4,custom_epr,generic_epr,0,4,False,0,45,1.0,56,11,1.1682204396928593,1.011331824092012
a6b8d5825315d12dd6e3,base_0004,1,dense_periodic,0.8,service_low_latency,service_class_inference,low_latency,custom_epr,generic_epr,0,4,False,0,45,1.0,59,14,1.1336859937416963,1.011331824092012
cce374c26e5588e0aa7b,base_0004,1,dense_periodic,0.8,service_high_fidelity,service_class_inference,high_fidelity,custom_epr,generic_epr,2,4,False,0,45,1.0,219,39,1.0659894414008817,1.0056128011916468
bcdd1e475af5c4f28528,base_0004,1,dense_periodic,0.8,protocol_control_direct_transfer,protocol_label_only_control,direct_transfer,prefetch,generic_epr,0,4,True,0,45,1.0,78,14,1.068888888888889,1.023705639806452
ae25e7badc20e98572ae,base_0004,1,dense_periodic,0.8,protocol_control_on_demand_epr,protocol_label_only_control,on_demand_epr,prefetch,generic_epr,0,4,True,0,45,1.0,78,14,1.068888888888889,1.023705639806452
8a438ffa69def6539f46,base_0004,1,dense_periodic,0.8,protocol_control_prefetched_epr,protocol_label_only_control,prefetched_epr,prefetch,generic_epr,0,4,True,0,45,1.0,78,14,1.068888888888889,1.023705639806452
1584bfb97b167aff955e,base_0004,1,dense_periodic,0.8,protocol_control_telegate,protocol_label_only_control,telegate,prefetch,generic_epr,0,4,True,0,45,1.0,78,14,1.068888888888889,1.023705639806452
a4bb598ed6fe6648a9e3,base_0004,1,dense_periodic,0.8,protocol_control_teledata,protocol_label_only_control,teledata,prefetch,generic_epr,0,4,True,0,45,1.0,78,14,1.068888888888889,1.023705639806452
d60be6020ddf6ccc4029,base_0004,1,dense_periodic,0.8,service_control_low_latency,service_label_only_control,low_latency,custom_epr,generic_epr,1,4,False,0,45,1.0,103,13,1.0953313908922697,1.0019816120950498
1bb5754268e734b13b2a,base_0004,1,dense_periodic,0.8,service_control_high_fidelity,service_label_only_control,high_fidelity,custom_epr,generic_epr,1,4,False,0,45,1.0,103,13,1.0953313908922697,1.0019816120950498
10d137759cf7d53bc4c6,base_0004,1,dense_periodic,0.95,protocol_direct,protocol_inference,direct_transfer,direct,direct,0,1,False,0,45,1.0,0,0,1.0398658865561399,1.0137184147183589
84a415f637e19188a7c3,base_0004,1,dense_periodic,0.95,protocol_on_demand,protocol_inference,on_demand_epr,custom_epr,generic_epr,0,4,False,0,45,1.0,47,2,1.1615012435269771,1.011331824092012
8ca708b5e775310b2974,base_0004,1,dense_periodic,0.95,protocol_prefetch,protocol_inference,prefetched_epr,prefetch,generic_epr,0,4,True,0,45,1.0,70,4,1.068888888888889,1.023705639806452
8afc56f09910535677aa,base_0004,1,dense_periodic,0.95,protocol_telegate,protocol_inference,telegate,prefetch,telegate,0,4,True,0,45,1.0,70,4,1.0574074074074074,1.0236694398570536
c3c8c2bca4c4e0291d46,base_0004,1,dense_periodic,0.95,protocol_teledata,protocol_inference,teledata,prefetch,teledata,0,4,True,0,45,1.0,67,2,1.0868686868686868,1.0218433941985436
2c1e273900efc4d096e5,base_0004,1,dense_periodic,0.95,distill_0,distillation_depth_inference,distill_0,custom_epr,generic_epr,0,6,False,0,45,1.0,47,2,1.1315545901750814,1.011331824092012
adfa161346ae8505ddc6,base_0004,1,dense_periodic,0.95,distill_1,distillation_depth_inference,distill_1,custom_epr,generic_epr,1,6,False,0,45,1.0,96,6,1.0857998647001557,1.0019816120950498
a1ce3a900fcc5378e0d1,base_0004,1,dense_periodic,0.95,distill_2,distillation_depth_inference,distill_2,custom_epr,generic_epr,2,6,False,0,45,1.0,189,9,1.0405431324000103,1.0019271920978683
a6d5ebec824ca3b97615,base_0004,1,dense_periodic,0.95,retry_1,retry_policy_inference,retry_1,custom_epr,generic_epr,0,1,False,0,45,0.9555555555555556,45,2,1.1426437049880087,1.011331824092012
34ae8ae322ba2eefd343,base_0004,1,dense_periodic,0.95,retry_2,retry_policy_inference,retry_2,custom_epr,generic_epr,0,2,False,0,45,1.0,48,3,1.1417074829632672,1.011331824092012
7e56c14e96d95b5c33e3,base_0004,1,dense_periodic,0.95,retry_4,retry_policy_inference,retry_4,custom_epr,generic_epr,0,4,False,0,45,1.0,51,6,1.140877924583084,1.0115429041724469
613dfdc967b51b14b686,base_0004,1,dense_periodic,0.95,service_low_latency,service_class_inference,low_latency,custom_epr,generic_epr,0,4,False,0,45,1.0,50,5,1.1426437049880087,1.011331824092012
079901b82c719faf6a65,base_0004,1,dense_periodic,0.95,service_high_fidelity,service_class_inference,high_fidelity,custom_epr,generic_epr,2,4,False,0,45,1.0,185,5,1.03478596189503,1.0019271920978683
e49610f888d65d13b855,base_0004,1,dense_periodic,0.95,protocol_control_direct_transfer,protocol_label_only_control,direct_transfer,prefetch,generic_epr,0,4,True,0,45,1.0,70,4,1.068888888888889,1.023705639806452
17dd06c8c4626784ab54,base_0004,1,dense_periodic,0.95,protocol_control_on_demand_epr,protocol_label_only_control,on_demand_epr,prefetch,generic_epr,0,4,True,0,45,1.0,70,4,1.068888888888889,1.023705639806452
9a700147d8953ac45a8b,base_0004,1,dense_periodic,0.95,protocol_control_prefetched_epr,protocol_label_only_control,prefetched_epr,prefetch,generic_epr,0,4,True,0,45,1.0,70,4,1.068888888888889,1.023705639806452
3d20d062b776cd024086,base_0004,1,dense_periodic,0.95,protocol_control_telegate,protocol_label_only_control,telegate,prefetch,generic_epr,0,4,True,0,45,1.0,70,4,1.068888888888889,1.023705639806452
fceefa7034cef91dcb07,base_0004,1,dense_periodic,0.95,protocol_control_teledata,protocol_label_only_control,teledata,prefetch,generic_epr,0,4,True,0,45,1.0,70,4,1.068888888888889,1.023705639806452
c42e93d4974877889624,base_0004,1,dense_periodic,0.95,service_control_low_latency,service_label_only_control,low_latency,custom_epr,generic_epr,1,4,False,0,45,1.0,93,3,1.093393561501683,1.0019583282138025
2a4cfd7c0791c5a36f3c,base_0004,1,dense_periodic,0.95,service_control_high_fidelity,service_label_only_control,high_fidelity,custom_epr,generic_epr,1,4,False,0,45,1.0,93,3,1.093393561501683,1.0019583282138025
11c4c9e6e5b2bf641c72,base_0005,0,synchronization_bursty,0.65,protocol_direct,protocol_inference,direct_transfer,direct,direct,0,1,False,2,59,1.0,0,0,1.2644041086649673,1.0030715412885811
dd4d09b8ee904dd7bd07,base_0005,0,synchronization_bursty,0.65,protocol_on_demand,protocol_inference,on_demand_epr,custom_epr,generic_epr,0,4,False,2,59,1.0,84,25,1.1725766629129764,1.0
69d72e901b7b8c40ea4c,base_0005,0,synchronization_bursty,0.65,protocol_prefetch,protocol_inference,prefetched_epr,prefetch,generic_epr,0,4,True,2,59,1.0,108,35,1.202872574621747,1.0020596012653136
bf04d839239a402fd42d,base_0005,0,synchronization_bursty,0.65,protocol_telegate,protocol_inference,telegate,prefetch,telegate,0,4,True,2,59,1.0,110,38,1.216194596538589,1.0020565237880512
6a0b76f30edcacf17ee2,base_0005,0,synchronization_bursty,0.65,protocol_teledata,protocol_inference,teledata,prefetch,teledata,0,4,True,2,59,1.0,115,42,1.1055455407876058,1.0020524347627167
dab8e5dbd90e3a134ff7,base_0005,0,synchronization_bursty,0.65,distill_0,distillation_depth_inference,distill_0,custom_epr,generic_epr,0,6,False,2,59,1.0,87,28,1.130293278542182,1.0
b0b01a87cfb22c67fd61,base_0005,0,synchronization_bursty,0.65,distill_1,distillation_depth_inference,distill_1,custom_epr,generic_epr,1,6,False,2,59,0.9830508474576272,194,78,1.0800392850552571,1.0
a89b09cf224a3819e8d1,base_0005,0,synchronization_bursty,0.65,distill_2,distillation_depth_inference,distill_2,custom_epr,generic_epr,2,6,False,2,59,1.0,357,121,1.261790611723497,1.0425786187278223
969793951d94cb1ec9ae,base_0005,0,synchronization_bursty,0.65,retry_1,retry_policy_inference,retry_1,custom_epr,generic_epr,0,1,False,2,59,0.711864406779661,59,17,1.1360546907920794,1.0
65d1ee26de288c76e07a,base_0005,0,synchronization_bursty,0.65,retry_2,retry_policy_inference,retry_2,custom_epr,generic_epr,0,2,False,2,59,0.8813559322033898,82,30,1.1459282103215094,1.0
ed8f7a6375dd4e5c6472,base_0005,0,synchronization_bursty,0.65,retry_4,retry_policy_inference,retry_4,custom_epr,generic_epr,0,4,False,2,59,0.9830508474576272,88,30,1.182093260195162,1.0
9ae9a2d7a9040ebac839,base_0005,0,synchronization_bursty,0.65,service_low_latency,service_class_inference,low_latency,custom_epr,generic_epr,0,4,False,2,59,0.9830508474576272,96,38,1.1679960136839953,1.0
daf33b602d9b02527528,base_0005,0,synchronization_bursty,0.65,service_high_fidelity,service_class_inference,high_fidelity,custom_epr,generic_epr,2,4,False,2,59,0.9491525423728814,346,119,1.2632602261168895,1.0419908141869718
729b26b64a601e080e6a,base_0005,0,synchronization_bursty,0.65,protocol_control_direct_transfer,protocol_label_only_control,direct_transfer,prefetch,generic_epr,0,4,True,2,59,1.0,109,36,1.2222999747902379,1.0020596012653136
708784cc3ebe9b6fd716,base_0005,0,synchronization_bursty,0.65,protocol_control_on_demand_epr,protocol_label_only_control,on_demand_epr,prefetch,generic_epr,0,4,True,2,59,1.0,109,36,1.2222999747902379,1.0020596012653136
d9e0c6b5755d71a58f73,base_0005,0,synchronization_bursty,0.65,protocol_control_prefetched_epr,protocol_label_only_control,prefetched_epr,prefetch,generic_epr,0,4,True,2,59,1.0,109,36,1.2222999747902379,1.0020596012653136
01551bcb69e940f78312,base_0005,0,synchronization_bursty,0.65,protocol_control_telegate,protocol_label_only_control,telegate,prefetch,generic_epr,0,4,True,2,59,1.0,109,36,1.2222999747902379,1.0020596012653136
b8131643050abbbc469b,base_0005,0,synchronization_bursty,0.65,protocol_control_teledata,protocol_label_only_control,teledata,prefetch,generic_epr,0,4,True,2,59,1.0,109,36,1.2222999747902379,1.0020596012653136
4a7566ae324f48fe467b,base_0005,0,synchronization_bursty,0.65,service_control_low_latency,service_label_only_control,low_latency,custom_epr,generic_epr,1,4,False,2,59,0.9830508474576272,175,59,1.1057663050219046,1.0
2d2a81dd3574521dfde4,base_0005,0,synchronization_bursty,0.65,service_control_high_fidelity,service_label_only_control,high_fidelity,custom_epr,generic_epr,1,4,False,2,59,0.9830508474576272,175,59,1.1057663050219046,1.0
ef8511d65f299b5f876b,base_0005,0,synchronization_bursty,0.8,protocol_direct,protocol_inference,direct_transfer,direct,direct,0,1,False,2,59,1.0,0,0,1.2644041086649673,1.0030715412885811
1bf257952b43342264b8,base_0005,0,synchronization_bursty,0.8,protocol_on_demand,protocol_inference,on_demand_epr,custom_epr,generic_epr,0,4,False,2,59,0.9830508474576272,70,12,1.1396530598703778,1.0
9703f918bac73325b82d,base_0005,0,synchronization_bursty,0.8,protocol_prefetch,protocol_inference,prefetched_epr,prefetch,generic_epr,0,4,True,2,59,1.0,99,26,1.2188481749941305,1.0020596012653136
97adb51dc316c735f0a9,base_0005,0,synchronization_bursty,0.8,protocol_telegate,protocol_inference,telegate,prefetch,telegate,0,4,True,2,59,1.0,89,16,1.1813833273133265,1.0020565237880512
81601c5d39953d80e73b,base_0005,0,synchronization_bursty,0.8,protocol_teledata,protocol_inference,teledata,prefetch,teledata,0,4,True,2,59,1.0,88,15,1.114149709505761,1.0020524347627167
352f0f724d2a1e051a69,base_0005,0,synchronization_bursty,0.8,distill_0,distillation_depth_inference,distill_0,custom_epr,generic_epr,0,6,False,2,59,1.0,74,15,1.18515385004809,1.0
0136ea5aec72cf46a968,base_0005,0,synchronization_bursty,0.8,distill_1,distillation_depth_inference,distill_1,custom_epr,generic_epr,1,6,False,2,59,1.0,152,34,1.1089444918750444,1.0
2830855417b3b2f44116,base_0005,0,synchronization_bursty,0.8,distill_2,distillation_depth_inference,distill_2,custom_epr,generic_epr,2,6,False,2,59,1.0,292,56,1.2190856462150907,1.0223691811539557
bdad1f23b9fe05f309f9,base_0005,0,synchronization_bursty,0.8,retry_1,retry_policy_inference,retry_1,custom_epr,generic_epr,0,1,False,2,59,0.8305084745762712,59,10,1.1037143497421564,1.0
273f7e87c826d457b2f0,base_0005,0,synchronization_bursty,0.8,retry_2,retry_policy_inference,retry_2,custom_epr,generic_epr,0,2,False,2,59,0.9830508474576272,70,12,1.1314254978815197,1.0
6c04036ac04c24b45792,base_0005,0,synchronization_bursty,0.8,retry_4,retry_policy_inference,retry_4,custom_epr,generic_epr,0,4,False,2,59,1.0,71,12,1.175009817126449,1.0
0503cab57424c3bacca3,base_0005,0,synchronization_bursty,0.8,service_low_latency,service_class_inference,low_latency,custom_epr,generic_epr,0,4,False,2,59,1.0,76,17,1.1709865346968913,1.0
f02532c102f1b1437ffc,base_0005,0,synchronization_bursty,0.8,service_high_fidelity,service_class_inference,high_fidelity,custom_epr,generic_epr,2,4,False,2,59,0.9830508474576272,316,83,1.4160334005508748,1.0530133629408711
3c1bb12d0ba2e2c9b784,base_0005,0,synchronization_bursty,0.8,protocol_control_direct_transfer,protocol_label_only_control,direct_transfer,prefetch,generic_epr,0,4,True,2,59,1.0,98,25,1.2362818853267663,1.0020596012653136
060244d5b5773b9fc3f1,base_0005,0,synchronization_bursty,0.8,protocol_control_on_demand_epr,protocol_label_only_control,on_demand_epr,prefetch,generic_epr,0,4,True,2,59,1.0,98,25,1.2362818853267663,1.0020596012653136
c4783762f8e20d346ca2,base_0005,0,synchronization_bursty,0.8,protocol_control_prefetched_epr,protocol_label_only_control,prefetched_epr,prefetch,generic_epr,0,4,True,2,59,1.0,98,25,1.2362818853267663,1.0020596012653136
f469bd01803fd75fb344,base_0005,0,synchronization_bursty,0.8,protocol_control_telegate,protocol_label_only_control,telegate,prefetch,generic_epr,0,4,True,2,59,1.0,98,25,1.2362818853267663,1.0020596012653136
2592b8588d52230e5549,base_0005,0,synchronization_bursty,0.8,protocol_control_teledata,protocol_label_only_control,teledata,prefetch,generic_epr,0,4,True,2,59,1.0,98,25,1.2362818853267663,1.0020596012653136
09832a5a602fa319b083,base_0005,0,synchronization_bursty,0.8,service_control_low_latency,service_label_only_control,low_latency,custom_epr,generic_epr,1,4,False,2,59,1.0,147,29,1.0840189703373253,1.0
46ff74f7d5fbf12e24dc,base_0005,0,synchronization_bursty,0.8,service_control_high_fidelity,service_label_only_control,high_fidelity,custom_epr,generic_epr,1,4,False,2,59,1.0,147,29,1.0840189703373253,1.0
ab8d4dcc010f03c63988,base_0005,0,synchronization_bursty,0.95,protocol_direct,protocol_inference,direct_transfer,direct,direct,0,1,False,2,59,1.0,0,0,1.2644041086649673,1.0030715412885811
57f45edcc0d44f4eaf50,base_0005,0,synchronization_bursty,0.95,protocol_on_demand,protocol_inference,on_demand_epr,custom_epr,generic_epr,0,4,False,2,59,1.0,61,2,1.1615068766038636,1.0
9488d140684394498b17,base_0005,0,synchronization_bursty,0.95,protocol_prefetch,protocol_inference,prefetched_epr,prefetch,generic_epr,0,4,True,2,59,1.0,76,3,1.2188481749941305,1.0020596012653136
0c322e5fbe8816927ada,base_0005,0,synchronization_bursty,0.95,protocol_telegate,protocol_inference,telegate,prefetch,telegate,0,4,True,2,59,1.0,79,6,1.1813833273133265,1.0020565237880512
e1456296ddcfcf6f083d,base_0005,0,synchronization_bursty,0.95,protocol_teledata,protocol_inference,teledata,prefetch,teledata,0,4,True,2,59,1.0,75,2,1.114149709505761,1.0020524347627167
cf26b28c0d88d5869a48,base_0005,0,synchronization_bursty,0.95,distill_0,distillation_depth_inference,distill_0,custom_epr,generic_epr,0,6,False,2,59,1.0,61,2,1.1693970117098225,1.0
52feacd6d29c60d63a5b,base_0005,0,synchronization_bursty,0.95,distill_1,distillation_depth_inference,distill_1,custom_epr,generic_epr,1,6,False,2,59,1.0,129,11,1.0977194260066374,1.0
16441fa2b222ce9a26ca,base_0005,0,synchronization_bursty,0.95,distill_2,distillation_depth_inference,distill_2,custom_epr,generic_epr,2,6,False,2,59,1.0,242,6,1.0877721321572804,1.0046712609073776
c7ac247ac6aadabc0b3c,base_0005,0,synchronization_bursty,0.95,retry_1,retry_policy_inference,retry_1,custom_epr,generic_epr,0,1,False,2,59,0.9491525423728814,59,3,1.155064657032214,1.0
4936350df623798c5e57,base_0005,0,synchronization_bursty,0.95,retry_2,retry_policy_inference,retry_2,custom_epr,generic_epr,0,2,False,2,59,0.9830508474576272,64,6,1.1820732685779975,1.0
6fc3b1327fd26b7d567a,base_0005,0,synchronization_bursty,0.95,retry_4,retry_policy_inference,retry_4,custom_epr,generic_epr,0,4,False,2,59,1.0,59,0,1.1725280357314765,1.0
9b11acd023708eb12ab3,base_0005,0,synchronization_bursty,0.95,service_low_latency,service_class_inference,low_latency,custom_epr,generic_epr,0,4,False,2,59,1.0,63,4,1.1752193992685458,1.0
d3010bf0def1e0f33808,base_0005,0,synchronization_bursty,0.95,service_high_fidelity,service_class_inference,high_fidelity,custom_epr,generic_epr,2,4,False,2,59,1.0,244,8,1.0868095832612876,1.0
5becb90925e972723a69,base_0005,0,synchronization_bursty,0.95,protocol_control_direct_transfer,protocol_label_only_control,direct_transfer,prefetch,generic_epr,0,4,True,2,59,1.0,75,2,1.2188481749941305,1.0020596012653136
47125d0b120cb852494c,base_0005,0,synchronization_bursty,0.95,protocol_control_on_demand_epr,protocol_label_only_control,on_demand_epr,prefetch,generic_epr,0,4,True,2,59,1.0,75,2,1.2188481749941305,1.0020596012653136
066654900f4d276f2307,base_0005,0,synchronization_bursty,0.95,protocol_control_prefetched_epr,protocol_label_only_control,prefetched_epr,prefetch,generic_epr,0,4,True,2,59,1.0,75,2,1.2188481749941305,1.0020596012653136
68cdd3b61cbee2ac4731,base_0005,0,synchronization_bursty,0.95,protocol_control_telegate,protocol_label_only_control,telegate,prefetch,generic_epr,0,4,True,2,59,1.0,75,2,1.2188481749941305,1.0020596012653136
fddde12c648135b2f299,base_0005,0,synchronization_bursty,0.95,protocol_control_teledata,protocol_label_only_control,teledata,prefetch,generic_epr,0,4,True,2,59,1.0,75,2,1.2188481749941305,1.0020596012653136
5c2427eb48650eb0b0fa,base_0005,0,synchronization_bursty,0.95,service_control_low_latency,service_label_only_control,low_latency,custom_epr,generic_epr,1,4,False,2,59,1.0,122,4,1.098628871436153,1.0
ac38b720d5042986627d,base_0005,0,synchronization_bursty,0.95,service_control_high_fidelity,service_label_only_control,high_fidelity,custom_epr,generic_epr,1,4,False,2,59,1.0,122,4,1.098628871436153,1.0
f9258df29e6fb8c0d021,base_0005,1,synchronization_bursty,0.65,protocol_direct,protocol_inference,direct_transfer,direct,direct,0,1,False,2,59,1.0,0,0,1.2335781334621552,1.0026312446229921
9a175e20875a50bc4c74,base_0005,1,synchronization_bursty,0.65,protocol_on_demand,protocol_inference,on_demand_epr,custom_epr,generic_epr,0,4,False,2,59,1.0,78,19,1.1521820421332571,1.0
c0849202d37dcbb5b002,base_0005,1,synchronization_bursty,0.65,protocol_prefetch,protocol_inference,prefetched_epr,prefetch,generic_epr,0,4,True,2,59,1.0,112,39,1.1977094326787827,1.0017776868326445
76b5c368f8c392d2948b,base_0005,1,synchronization_bursty,0.65,protocol_telegate,protocol_inference,telegate,prefetch,telegate,0,4,True,2,59,1.0,117,45,1.2743504794199685,1.0017750308066435
b666f4e96569b276f1b3,base_0005,1,synchronization_bursty,0.65,protocol_teledata,protocol_inference,teledata,prefetch,teledata,0,4,True,2,59,1.0,90,17,1.2284539514971269,1.0017715017600581
6b35e95e9734c9617caf,base_0005,1,synchronization_bursty,0.65,distill_0,distillation_depth_inference,distill_0,custom_epr,generic_epr,0,6,False,2,59,0.9830508474576272,98,40,1.1407398598663048,1.0
2b73bcd3a366817c58bc,base_0005,1,synchronization_bursty,0.65,distill_1,distillation_depth_inference,distill_1,custom_epr,generic_epr,1,6,False,2,59,0.9830508474576272,188,71,1.0824815327948853,1.0
c80f8e3793f4261633f3,base_0005,1,synchronization_bursty,0.65,distill_2,distillation_depth_inference,distill_2,custom_epr,generic_epr,2,6,False,2,59,1.0,360,124,1.2661672482503603,1.042883938959287
ef903461a0e4724c2fdd,base_0005,1,synchronization_bursty,0.65,retry_1,retry_policy_inference,retry_1,custom_epr,generic_epr,0,1,False,2,59,0.5932203389830508,59,24,1.122119462154678,1.0
0fb73a62ff959b3eae06,base_0005,1,synchronization_bursty,0.65,retry_2,retry_policy_inference,retry_2,custom_epr,generic_epr,0,2,False,2,59,0.8813559322033898,81,29,1.0968375971229847,1.0
3cf1f136ae113c31e724,base_0005,1,synchronization_bursty,0.65,retry_4,retry_policy_inference,retry_4,custom_epr,generic_epr,0,4,False,2,59,0.9830508474576272,85,27,1.1425796933155703,1.0
50b0fec6e29376c70937,base_0005,1,synchronization_bursty,0.65,service_low_latency,service_class_inference,low_latency,custom_epr,generic_epr,0,4,False,2,59,0.9491525423728814,97,41,1.126709324022393,1.0
b1301fde9eb7e5b04d3d,base_0005,1,synchronization_bursty,0.65,service_high_fidelity,service_class_inference,high_fidelity,custom_epr,generic_epr,2,4,False,2,59,0.9322033898305084,336,108,1.3051360067185327,1.0414191779122473
db825d2833d28ff91896,base_0005,1,synchronization_bursty,0.65,protocol_control_direct_transfer,protocol_label_only_control,direct_transfer,prefetch,generic_epr,0,4,True,2,59,1.0,108,35,1.1944263354903208,1.0017776868326445
8172a293f554b50e78d1,base_0005,1,synchronization_bursty,0.65,protocol_control_on_demand_epr,protocol_label_only_control,on_demand_epr,prefetch,generic_epr,0,4,True,2,59,1.0,108,35,1.1944263354903208,1.0017776868326445
301b10963103cd92865b,base_0005,1,synchronization_bursty,0.65,protocol_control_prefetched_epr,protocol_label_only_control,prefetched_epr,prefetch,generic_epr,0,4,True,2,59,1.0,108,35,1.1944263354903208,1.0017776868326445
66fc89c1f93d044a8def,base_0005,1,synchronization_bursty,0.65,protocol_control_telegate,protocol_label_only_control,telegate,prefetch,generic_epr,0,4,True,2,59,1.0,108,35,1.1944263354903208,1.0017776868326445
e4ef01a930eaeb9e637d,base_0005,1,synchronization_bursty,0.65,protocol_control_teledata,protocol_label_only_control,teledata,prefetch,generic_epr,0,4,True,2,59,1.0,108,35,1.1944263354903208,1.0017776868326445
7d0e7cb0a904714c98e8,base_0005,1,synchronization_bursty,0.65,service_control_low_latency,service_label_only_control,low_latency,custom_epr,generic_epr,1,4,False,2,59,0.9830508474576272,176,59,1.1046913018559021,1.0
385c3029a8153b55ac85,base_0005,1,synchronization_bursty,0.65,service_control_high_fidelity,service_label_only_control,high_fidelity,custom_epr,generic_epr,1,4,False,2,59,0.9830508474576272,176,59,1.1046913018559021,1.0
053c55821b58c77f205f,base_0005,1,synchronization_bursty,0.8,protocol_direct,protocol_inference,direct_transfer,direct,direct,0,1,False,2,59,1.0,0,0,1.2335781334621552,1.0026312446229921
621f4c7eba81adf6952e,base_0005,1,synchronization_bursty,0.8,protocol_on_demand,protocol_inference,on_demand_epr,custom_epr,generic_epr,0,4,False,2,59,1.0,72,13,1.1937532933499788,1.0
db9844006f5d464160e8,base_0005,1,synchronization_bursty,0.8,protocol_prefetch,protocol_inference,prefetched_epr,prefetch,generic_epr,0,4,True,2,59,1.0,91,19,1.1841089658693396,1.0017776868326445
0af90b050229287e9620,base_0005,1,synchronization_bursty,0.8,protocol_telegate,protocol_inference,telegate,prefetch,telegate,0,4,True,2,59,1.0,92,20,1.1862029276141675,1.0017750308066435
8fbfbc9af0a3ccd9a0f1,base_0005,1,synchronization_bursty,0.8,protocol_teledata,protocol_inference,teledata,prefetch,teledata,0,4,True,2,59,1.0,95,22,1.2424582010906426,1.0017715017600581
5619c69dfb0f1b2457b8,base_0005,1,synchronization_bursty,0.8,distill_0,distillation_depth_inference,distill_0,custom_epr,generic_epr,0,6,False,2,59,1.0,66,7,1.1473260463310175,1.0
076d604dc82aad436290,base_0005,1,synchronization_bursty,0.8,distill_1,distillation_depth_inference,distill_1,custom_epr,generic_epr,1,6,False,2,59,1.0,149,31,1.0968727041429336,1.0
da3fcb6100b5f0a90490,base_0005,1,synchronization_bursty,0.8,distill_2,distillation_depth_inference,distill_2,custom_epr,generic_epr,2,6,False,2,59,1.0,314,78,1.3717256510857152,1.0341991583421093
30c0ce216fd23c0e2969,base_0005,1,synchronization_bursty,0.8,retry_1,retry_policy_inference,retry_1,custom_epr,generic_epr,0,1,False,2,59,0.7966101694915254,59,12,1.1605281095654396,1.0
40bc7a0d7b50895cbeec,base_0005,1,synchronization_bursty,0.8,retry_2,retry_policy_inference,retry_2,custom_epr,generic_epr,0,2,False,2,59,0.9491525423728814,71,15,1.127313550280706,1.0
49cce4210753f3b2eb80,base_0005,1,synchronization_bursty,0.8,retry_4,retry_policy_inference,retry_4,custom_epr,generic_epr,0,4,False,2,59,1.0,71,12,1.1451599281896696,1.0
a3eff17daf54a5418a42,base_0005,1,synchronization_bursty,0.8,service_low_latency,service_class_inference,low_latency,custom_epr,generic_epr,0,4,False,2,59,1.0,74,15,1.2048706342518039,1.0
74e595aec19cb9e4d3cd,base_0005,1,synchronization_bursty,0.8,service_high_fidelity,service_class_inference,high_fidelity,custom_epr,generic_epr,2,4,False,2,59,1.0,280,44,1.1774017790953781,1.0253370104991673
a0d2f1b7092bc09dfcff,base_0005,1,synchronization_bursty,0.8,protocol_control_direct_transfer,protocol_label_only_control,direct_transfer,prefetch,generic_epr,0,4,True,2,59,1.0,89,16,1.1860554565804124,1.0017776868326445
ab31376260fda66402bb,base_0005,1,synchronization_bursty,0.8,protocol_control_on_demand_epr,protocol_label_only_control,on_demand_epr,prefetch,generic_epr,0,4,True,2,59,1.0,89,16,1.1860554565804124,1.0017776868326445
db4b3fd13b4979bf2230,base_0005,1,synchronization_bursty,0.8,protocol_control_prefetched_epr,protocol_label_only_control,prefetched_epr,prefetch,generic_epr,0,4,True,2,59,1.0,89,16,1.1860554565804124,1.0017776868326445
194b356d005b843e9cf2,base_0005,1,synchronization_bursty,0.8,protocol_control_telegate,protocol_label_only_control,telegate,prefetch,generic_epr,0,4,True,2,59,1.0,89,16,1.1860554565804124,1.0017776868326445
107563a2e8d31ae4ded5,base_0005,1,synchronization_bursty,0.8,protocol_control_teledata,protocol_label_only_control,teledata,prefetch,generic_epr,0,4,True,2,59,1.0,89,16,1.1860554565804124,1.0017776868326445
5dd559151e954777750d,base_0005,1,synchronization_bursty,0.8,service_control_low_latency,service_label_only_control,low_latency,custom_epr,generic_epr,1,4,False,2,59,1.0,142,24,1.0974938805037953,1.0
5e097b299fba2454e4cc,base_0005,1,synchronization_bursty,0.8,service_control_high_fidelity,service_label_only_control,high_fidelity,custom_epr,generic_epr,1,4,False,2,59,1.0,142,24,1.0974938805037953,1.0
a26f552061f75af8b812,base_0005,1,synchronization_bursty,0.95,protocol_direct,protocol_inference,direct_transfer,direct,direct,0,1,False,2,59,1.0,0,0,1.2335781334621552,1.0026312446229921
90eab70d18302af68589,base_0005,1,synchronization_bursty,0.95,protocol_on_demand,protocol_inference,on_demand_epr,custom_epr,generic_epr,0,4,False,2,59,1.0,63,4,1.1767451055424345,1.0
d4e7f666b2a976de933a,base_0005,1,synchronization_bursty,0.95,protocol_prefetch,protocol_inference,prefetched_epr,prefetch,generic_epr,0,4,True,2,59,1.0,74,1,1.1860554565804124,1.0017776868326445
ad77de5f1bded1f257f1,base_0005,1,synchronization_bursty,0.95,protocol_telegate,protocol_inference,telegate,prefetch,telegate,0,4,True,2,59,1.0,74,1,1.165644963693334,1.0017750308066435
feec32005cc3299bda32,base_0005,1,synchronization_bursty,0.95,protocol_teledata,protocol_inference,teledata,prefetch,teledata,0,4,True,2,59,1.0,76,3,1.2313442797099805,1.0017715017600581
17b3ff6f0453f9e98f8c,base_0005,1,synchronization_bursty,0.95,distill_0,distillation_depth_inference,distill_0,custom_epr,generic_epr,0,6,False,2,59,1.0,60,1,1.1578059394670748,1.0
5ea9516c0ff4bd5e7797,base_0005,1,synchronization_bursty,0.95,distill_1,distillation_depth_inference,distill_1,custom_epr,generic_epr,1,6,False,2,59,1.0,127,9,1.104533462210117,1.0
36f8db4ddbc82db73f8b,base_0005,1,synchronization_bursty,0.95,distill_2,distillation_depth_inference,distill_2,custom_epr,generic_epr,2,6,False,2,59,1.0,249,13,1.1198114624020643,1.0
68ed1635c12872079507,base_0005,1,synchronization_bursty,0.95,retry_1,retry_policy_inference,retry_1,custom_epr,generic_epr,0,1,False,2,59,0.9661016949152542,59,2,1.1722203111214582,1.0
f022bd7ff69e7c77496a,base_0005,1,synchronization_bursty,0.95,retry_2,retry_policy_inference,retry_2,custom_epr,generic_epr,0,2,False,2,59,1.0,59,0,1.1678855616253943,1.0
73f73c0f29edd4f84263,base_0005,1,synchronization_bursty,0.95,retry_4,retry_policy_inference,retry_4,custom_epr,generic_epr,0,4,False,2,59,1.0,65,6,1.1412704934015103,1.0
8e18f9410fb7dec82308,base_0005,1,synchronization_bursty,0.95,service_low_latency,service_class_inference,low_latency,custom_epr,generic_epr,0,4,False,2,59,1.0,65,6,1.1515139117708881,1.0
b96e363008b2b1da21e4,base_0005,1,synchronization_bursty,0.95,service_high_fidelity,service_class_inference,high_fidelity,custom_epr,generic_epr,2,4,False,2,59,1.0,255,19,1.0844897607635715,1.0048924022668975
0b682b5f600c848ed632,base_0005,1,synchronization_bursty,0.95,protocol_control_direct_transfer,protocol_label_only_control,direct_transfer,prefetch,generic_epr,0,4,True,2,59,1.0,80,7,1.1860554565804124,1.0017776868326445
8c6b11395a1834bf31fc,base_0005,1,synchronization_bursty,0.95,protocol_control_on_demand_epr,protocol_label_only_control,on_demand_epr,prefetch,generic_epr,0,4,True,2,59,1.0,80,7,1.1860554565804124,1.0017776868326445
264a9b1f015371802dae,base_0005,1,synchronization_bursty,0.95,protocol_control_prefetched_epr,protocol_label_only_control,prefetched_epr,prefetch,generic_epr,0,4,True,2,59,1.0,80,7,1.1860554565804124,1.0017776868326445
72832ddd99757c3ee95d,base_0005,1,synchronization_bursty,0.95,protocol_control_telegate,protocol_label_only_control,telegate,prefetch,generic_epr,0,4,True,2,59,1.0,80,7,1.1860554565804124,1.0017776868326445
f697206f45c99a71a5f8,base_0005,1,synchronization_bursty,0.95,protocol_control_teledata,protocol_label_only_control,teledata,prefetch,generic_epr,0,4,True,2,59,1.0,80,7,1.1860554565804124,1.0017776868326445
bdde0f41fe05be1bc07f,base_0005,1,synchronization_bursty,0.95,service_control_low_latency,service_label_only_control,low_latency,custom_epr,generic_epr,1,4,False,2,59,1.0,122,4,1.1167328210552372,1.0
6349e0d85ddadae4faae,base_0005,1,synchronization_bursty,0.95,service_control_high_fidelity,service_label_only_control,high_fidelity,custom_epr,generic_epr,1,4,False,2,59,1.0,122,4,1.1167328210552372,1.0
f16444d201c8d7a4d32f,base_0006,0,sparse_periodic,0.65,protocol_direct,protocol_inference,direct_transfer,direct,direct,0,1,False,0,22,1.0,0,0,1.1522244157817705,1.0
a52bdc4e3ec9479d757b,base_0006,0,sparse_periodic,0.65,protocol_on_demand,protocol_inference,on_demand_epr,custom_epr,generic_epr,0,4,False,0,22,1.0,31,9,1.076452297904949,1.0
9c524730dc596c73e1f5,base_0006,0,sparse_periodic,0.65,protocol_prefetch,protocol_inference,prefetched_epr,prefetch,generic_epr,0,4,True,0,22,1.0,71,20,1.2653603439563972,1.0
4b4de619572f041934bc,base_0006,0,sparse_periodic,0.65,protocol_telegate,protocol_inference,telegate,prefetch,telegate,0,4,True,0,22,1.0,66,14,1.144211903993093,1.0
0789971d559eac37caf1,base_0006,0,sparse_periodic,0.65,protocol_teledata,protocol_inference,teledata,prefetch,teledata,0,4,True,0,22,1.0,77,29,1.2242593012796048,1.0
9881c640b6d3ba2e454c,base_0006,0,sparse_periodic,0.65,distill_0,distillation_depth_inference,distill_0,custom_epr,generic_epr,0,6,False,0,22,1.0,38,16,1.148268465544866,1.0
73e5f4394c34d3f681b9,base_0006,0,sparse_periodic,0.65,distill_1,distillation_depth_inference,distill_1,custom_epr,generic_epr,1,6,False,0,22,1.0,66,22,1.0597698803658662,1.0
89cc9e6df248b2f353e6,base_0006,0,sparse_periodic,0.65,distill_2,distillation_depth_inference,distill_2,custom_epr,generic_epr,2,6,False,0,22,1.0,132,44,1.041977654641243,1.0
2ca67be2d3ae48d7fbfe,base_0006,0,sparse_periodic,0.65,retry_1,retry_policy_inference,retry_1,custom_epr,generic_epr,0,1,False,0,22,0.7727272727272727,22,5,1.1408722504543403,1.0
257338b4725abd40f6f2,base_0006,0,sparse_periodic,0.65,retry_2,retry_policy_inference,retry_2,custom_epr,generic_epr,0,2,False,0,22,0.9545454545454546,29,8,1.153492067666344,1.0
8bdc41fb079538f8e647,base_0006,0,sparse_periodic,0.65,retry_4,retry_policy_inference,retry_4,custom_epr,generic_epr,0,4,False,0,22,1.0,33,11,1.084704280493267,1.0
d25328d176d680f67421,base_0006,0,sparse_periodic,0.65,service_low_latency,service_class_inference,low_latency,custom_epr,generic_epr,0,4,False,0,22,0.9545454545454546,33,12,1.1023062790030018,1.0
c7440fa363de8e41f162,base_0006,0,sparse_periodic,0.65,service_high_fidelity,service_class_inference,high_fidelity,custom_epr,generic_epr,2,4,False,0,22,0.9090909090909091,133,48,1.0285519686923306,1.0
db6841d997330cfd01e6,base_0006,0,sparse_periodic,0.65,protocol_control_direct_transfer,protocol_label_only_control,direct_transfer,prefetch,generic_epr,0,4,True,0,22,1.0,84,36,1.3131043215685236,1.0
73c68f31d1132fc27a48,base_0006,0,sparse_periodic,0.65,protocol_control_on_demand_epr,protocol_label_only_control,on_demand_epr,prefetch,generic_epr,0,4,True,0,22,1.0,84,36,1.3131043215685236,1.0
87f6d6758054f0223ce2,base_0006,0,sparse_periodic,0.65,protocol_control_prefetched_epr,protocol_label_only_control,prefetched_epr,prefetch,generic_epr,0,4,True,0,22,1.0,84,36,1.3131043215685236,1.0
10d407de27f2a061c59b,base_0006,0,sparse_periodic,0.65,protocol_control_telegate,protocol_label_only_control,telegate,prefetch,generic_epr,0,4,True,0,22,1.0,84,36,1.3131043215685236,1.0
00ef2ff7b37fd6608dd1,base_0006,0,sparse_periodic,0.65,protocol_control_teledata,protocol_label_only_control,teledata,prefetch,generic_epr,0,4,True,0,22,1.0,84,36,1.3131043215685236,1.0
56f7e1f82e8abbfe8d3c,base_0006,0,sparse_periodic,0.65,service_control_low_latency,service_label_only_control,low_latency,custom_epr,generic_epr,1,4,False,0,22,0.9545454545454546,65,23,1.0545310217374044,1.0
306e3dee1bb0159e1a75,base_0006,0,sparse_periodic,0.65,service_control_high_fidelity,service_label_only_control,high_fidelity,custom_epr,generic_epr,1,4,False,0,22,0.9545454545454546,65,23,1.0545310217374044,1.0
aecb667f313ff296281f,base_0006,0,sparse_periodic,0.8,protocol_direct,protocol_inference,direct_transfer,direct,direct,0,1,False,0,22,1.0,0,0,1.1522244157817705,1.0
5cda330b05e907a52d35,base_0006,0,sparse_periodic,0.8,protocol_on_demand,protocol_inference,on_demand_epr,custom_epr,generic_epr,0,4,False,0,22,0.9545454545454546,30,9,1.1306116659497458,1.0
4a6b0313dd1667ee58bf,base_0006,0,sparse_periodic,0.8,protocol_prefetch,protocol_inference,prefetched_epr,prefetch,generic_epr,0,4,True,0,22,1.0,66,11,1.2493268447673112,1.0
adaacbe09c68f0168607,base_0006,0,sparse_periodic,0.8,protocol_telegate,protocol_inference,telegate,prefetch,telegate,0,4,True,0,22,1.0,66,8,1.306485695926773,1.0
9f7e6976f6a2e129bd05,base_0006,0,sparse_periodic,0.8,protocol_teledata,protocol_inference,teledata,prefetch,teledata,0,4,True,0,22,1.0,73,19,1.2437513987694269,1.0
cd373c695472872064d0,base_0006,0,sparse_periodic,0.8,distill_0,distillation_depth_inference,distill_0,custom_epr,generic_epr,0,6,False,0,22,1.0,31,9,1.1123416958633126,1.0
85c479f9ad0b50387e3d,base_0006,0,sparse_periodic,0.8,distill_1,distillation_depth_inference,distill_1,custom_epr,generic_epr,1,6,False,0,22,1.0,58,14,1.0715541748639756,1.0
3549a57e59c47452f33a,base_0006,0,sparse_periodic,0.8,distill_2,distillation_depth_inference,distill_2,custom_epr,generic_epr,2,6,False,0,22,1.0,116,28,1.0335899703133913,1.0
a1a1a599dbc741aafb67,base_0006,0,sparse_periodic,0.8,retry_1,retry_policy_inference,retry_1,custom_epr,generic_epr,0,1,False,0,22,0.7727272727272727,22,5,1.114648474230564,1.0
58fcf077c1200d45a414,base_0006,0,sparse_periodic,0.8,retry_2,retry_policy_inference,retry_2,custom_epr,generic_epr,0,2,False,0,22,0.9545454545454546,26,5,1.117534477116567,1.0
1688f5121ae8713cfc88,base_0006,0,sparse_periodic,0.8,retry_4,retry_policy_inference,retry_4,custom_epr,generic_epr,0,4,False,0,22,1.0,26,4,1.1256440523407751,1.0
72f33d5f0d9d140c4d25,base_0006,0,sparse_periodic,0.8,service_low_latency,service_class_inference,low_latency,custom_epr,generic_epr,0,4,False,0,22,1.0,26,4,1.1408722504543403,1.0
3df24ba308748954d9ec,base_0006,0,sparse_periodic,0.8,service_high_fidelity,service_class_inference,high_fidelity,custom_epr,generic_epr,2,4,False,0,22,1.0,109,21,1.02841997048255,1.0
9f0bcf9ae9e89638454e,base_0006,0,sparse_periodic,0.8,protocol_control_direct_transfer,protocol_label_only_control,direct_transfer,prefetch,generic_epr,0,4,True,0,22,1.0,71,19,1.1046765564239378,1.0
2b19916f95ec5f846ca5,base_0006,0,sparse_periodic,0.8,protocol_control_on_demand_epr,protocol_label_only_control,on_demand_epr,prefetch,generic_epr,0,4,True,0,22,1.0,71,19,1.1046765564239378,1.0
74170995c443e27d6da6,base_0006,0,sparse_periodic,0.8,protocol_control_prefetched_epr,protocol_label_only_control,prefetched_epr,prefetch,generic_epr,0,4,True,0,22,1.0,71,19,1.1046765564239378,1.0
43b307f1f41914f52f23,base_0006,0,sparse_periodic,0.8,protocol_control_telegate,protocol_label_only_control,telegate,prefetch,generic_epr,0,4,True,0,22,1.0,71,19,1.1046765564239378,1.0
ce96a01252662b7ce5a5,base_0006,0,sparse_periodic,0.8,protocol_control_teledata,protocol_label_only_control,teledata,prefetch,generic_epr,0,4,True,0,22,1.0,71,19,1.1046765564239378,1.0
cc2ed7f7340eb45f2872,base_0006,0,sparse_periodic,0.8,service_control_low_latency,service_label_only_control,low_latency,custom_epr,generic_epr,1,4,False,0,22,1.0,50,6,1.0790549666152014,1.0
32a73268c707fd021e8e,base_0006,0,sparse_periodic,0.8,service_control_high_fidelity,service_label_only_control,high_fidelity,custom_epr,generic_epr,1,4,False,0,22,1.0,50,6,1.0790549666152014,1.0
e7dda067352a17a754a4,base_0006,0,sparse_periodic,0.95,protocol_direct,protocol_inference,direct_transfer,direct,direct,0,1,False,0,22,1.0,0,0,1.1522244157817705,1.0
42fad1448d8c43ff2b77,base_0006,0,sparse_periodic,0.95,protocol_on_demand,protocol_inference,on_demand_epr,custom_epr,generic_epr,0,4,False,0,22,1.0,23,1,1.1408722504543403,1.0
4bdce16f9a83d5f6935e,base_0006,0,sparse_periodic,0.95,protocol_prefetch,protocol_inference,prefetched_epr,prefetch,generic_epr,0,4,True,0,22,1.0,62,1,1.2948509107846704,1.0
0e528469e71f4d960e25,base_0006,0,sparse_periodic,0.95,protocol_telegate,protocol_inference,telegate,prefetch,telegate,0,4,True,0,22,1.0,63,3,1.2816801832980877,1.0
b06faa728d36e4ab0033,base_0006,0,sparse_periodic,0.95,protocol_teledata,protocol_inference,teledata,prefetch,teledata,0,4,True,0,22,1.0,62,3,1.146809927125484,1.0
db2e9c6dab12e9999151,base_0006,0,sparse_periodic,0.95,distill_0,distillation_depth_inference,distill_0,custom_epr,generic_epr,0,6,False,0,22,1.0,24,2,1.139152181421234,1.0
f264c3145d21e1b5ea64,base_0006,0,sparse_periodic,0.95,distill_1,distillation_depth_inference,distill_1,custom_epr,generic_epr,1,6,False,0,22,1.0,44,0,1.062919179161077,1.0
9f83ee0a9b4748213560,base_0006,0,sparse_periodic,0.95,distill_2,distillation_depth_inference,distill_2,custom_epr,generic_epr,2,6,False,0,22,1.0,94,6,1.040142497052435,1.0
d55e6c1aed8c89c57c12,base_0006,0,sparse_periodic,0.95,retry_1,retry_policy_inference,retry_1,custom_epr,generic_epr,0,1,False,0,22,0.8636363636363636,22,3,1.114648474230564,1.0
da1c4e91341e52df33e5,base_0006,0,sparse_periodic,0.95,retry_2,retry_policy_inference,retry_2,custom_epr,generic_epr,0,2,False,0,22,1.0,22,0,1.1408722504543403,1.0
f9ab47fc85facd0b3454,base_0006,0,sparse_periodic,0.95,retry_4,retry_policy_inference,retry_4,custom_epr,generic_epr,0,4,False,0,22,1.0,23,1,1.1408722504543403,1.0
d5d537b182edbec12d9d,base_0006,0,sparse_periodic,0.95,service_low_latency,service_class_inference,low_latency,custom_epr,generic_epr,0,4,False,0,22,1.0,22,0,1.1408722504543403,1.0
3c1a1d0a05c42c533e2a,base_0006,0,sparse_periodic,0.95,service_high_fidelity,service_class_inference,high_fidelity,custom_epr,generic_epr,2,4,False,0,22,1.0,94,6,1.0556614935258979,1.0
e497495dd20874a07b38,base_0006,0,sparse_periodic,0.95,protocol_control_direct_transfer,protocol_label_only_control,direct_transfer,prefetch,generic_epr,0,4,True,0,22,1.0,62,5,1.2056436302528262,1.0
13e7fdc063d7485c0c18,base_0006,0,sparse_periodic,0.95,protocol_control_on_demand_epr,protocol_label_only_control,on_demand_epr,prefetch,generic_epr,0,4,True,0,22,1.0,62,5,1.2056436302528262,1.0
b74603ffc80347e86811,base_0006,0,sparse_periodic,0.95,protocol_control_prefetched_epr,protocol_label_only_control,prefetched_epr,prefetch,generic_epr,0,4,True,0,22,1.0,62,5,1.2056436302528262,1.0
74b2d15317d4cddf50de,base_0006,0,sparse_periodic,0.95,protocol_control_telegate,protocol_label_only_control,telegate,prefetch,generic_epr,0,4,True,0,22,1.0,62,5,1.2056436302528262,1.0
82f86c5cc439adbb9cb8,base_0006,0,sparse_periodic,0.95,protocol_control_teledata,protocol_label_only_control,teledata,prefetch,generic_epr,0,4,True,0,22,1.0,62,5,1.2056436302528262,1.0
84d8eda77f1a48a26d3a,base_0006,0,sparse_periodic,0.95,service_control_low_latency,service_label_only_control,low_latency,custom_epr,generic_epr,1,4,False,0,22,1.0,45,1,1.0693112246156224,1.0
803c22cb3e259c3c9785,base_0006,0,sparse_periodic,0.95,service_control_high_fidelity,service_label_only_control,high_fidelity,custom_epr,generic_epr,1,4,False,0,22,1.0,45,1,1.0693112246156224,1.0
8e4189ce77e6b371d6aa,base_0006,1,sparse_periodic,0.65,protocol_direct,protocol_inference,direct_transfer,direct,direct,0,1,False,0,22,1.0,0,0,1.1622459315063711,1.0
a0f8a774785c38927340,base_0006,1,sparse_periodic,0.65,protocol_on_demand,protocol_inference,on_demand_epr,custom_epr,generic_epr,0,4,False,0,22,1.0,35,13,1.1330258745840163,1.0
b7bfe51e97399e1e0b0a,base_0006,1,sparse_periodic,0.65,protocol_prefetch,protocol_inference,prefetched_epr,prefetch,generic_epr,0,4,True,0,22,1.0,72,21,1.1346460902272293,1.0
0bba87debccbb6375077,base_0006,1,sparse_periodic,0.65,protocol_telegate,protocol_inference,telegate,prefetch,telegate,0,4,True,0,22,1.0,76,25,1.2353327803267735,1.0
4e250b66e4901f873b64,base_0006,1,sparse_periodic,0.65,protocol_teledata,protocol_inference,teledata,prefetch,teledata,0,4,True,0,22,1.0,77,23,1.1621179735416043,1.0
fef605686f3c8823e215,base_0006,1,sparse_periodic,0.65,distill_0,distillation_depth_inference,distill_0,custom_epr,generic_epr,0,6,False,0,22,1.0,36,14,1.0964678170710302,1.0
dfc574f50fcf2afe2600,base_0006,1,sparse_periodic,0.65,distill_1,distillation_depth_inference,distill_1,custom_epr,generic_epr,1,6,False,0,22,1.0,62,18,1.0808897304874028,1.0
54cbccb18e8a153ee3d1,base_0006,1,sparse_periodic,0.65,distill_2,distillation_depth_inference,distill_2,custom_epr,generic_epr,2,6,False,0,22,1.0,138,50,1.046053814810624,1.0
8cfa24bd03a4e776a2d8,base_0006,1,sparse_periodic,0.65,retry_1,retry_policy_inference,retry_1,custom_epr,generic_epr,0,1,False,0,22,0.5454545454545454,22,10,1.0842788516990625,1.0
90d04e98d289ba43e8ad,base_0006,1,sparse_periodic,0.65,retry_2,retry_policy_inference,retry_2,custom_epr,generic_epr,0,2,False,0,22,1.0,26,4,1.1033986208188316,1.0
af5f8e8bc31303b7275f,base_0006,1,sparse_periodic,0.65,retry_4,retry_policy_inference,retry_4,custom_epr,generic_epr,0,4,False,0,22,1.0,33,11,1.0837887132778894,1.0
7cd2b3028fd48b2b4679,base_0006,1,sparse_periodic,0.65,service_low_latency,service_class_inference,low_latency,custom_epr,generic_epr,0,4,False,0,22,1.0,25,3,1.1105026279228385,1.0
8bfb23c2e149f4fa2f0e,base_0006,1,sparse_periodic,0.65,service_high_fidelity,service_class_inference,high_fidelity,custom_epr,generic_epr,2,4,False,0,22,0.9090909090909091,112,31,1.0510316807479738,1.0
c8f12fc7ee9ed2269a6d,base_0006,1,sparse_periodic,0.65,protocol_control_direct_transfer,protocol_label_only_control,direct_transfer,prefetch,generic_epr,0,4,True,0,22,1.0,80,30,1.3142731067953017,1.0
1261f84b498741c0af36,base_0006,1,sparse_periodic,0.65,protocol_control_on_demand_epr,protocol_label_only_control,on_demand_epr,prefetch,generic_epr,0,4,True,0,22,1.0,80,30,1.3142731067953017,1.0
4e6a779b7ea6dc160683,base_0006,1,sparse_periodic,0.65,protocol_control_prefetched_epr,protocol_label_only_control,prefetched_epr,prefetch,generic_epr,0,4,True,0,22,1.0,80,30,1.3142731067953017,1.0
712b1ec8c8921ee7292c,base_0006,1,sparse_periodic,0.65,protocol_control_telegate,protocol_label_only_control,telegate,prefetch,generic_epr,0,4,True,0,22,1.0,80,30,1.3142731067953017,1.0
778e428dae1a6c3532cb,base_0006,1,sparse_periodic,0.65,protocol_control_teledata,protocol_label_only_control,teledata,prefetch,generic_epr,0,4,True,0,22,1.0,80,30,1.3142731067953017,1.0
35190f2d5cdd3bae55ca,base_0006,1,sparse_periodic,0.65,service_control_low_latency,service_label_only_control,low_latency,custom_epr,generic_epr,1,4,False,0,22,0.9545454545454546,66,24,1.0651276600564765,1.0
982d5025bfd44a02e3db,base_0006,1,sparse_periodic,0.65,service_control_high_fidelity,service_label_only_control,high_fidelity,custom_epr,generic_epr,1,4,False,0,22,0.9545454545454546,66,24,1.0651276600564765,1.0
67c7efea0bae12ed70a3,base_0006,1,sparse_periodic,0.8,protocol_direct,protocol_inference,direct_transfer,direct,direct,0,1,False,0,22,1.0,0,0,1.1622459315063711,1.0
923fda0052e604d222ea,base_0006,1,sparse_periodic,0.8,protocol_on_demand,protocol_inference,on_demand_epr,custom_epr,generic_epr,0,4,False,0,22,1.0,30,8,1.0630309425201185,1.0
f135577231cb5725a581,base_0006,1,sparse_periodic,0.8,protocol_prefetch,protocol_inference,prefetched_epr,prefetch,generic_epr,0,4,True,0,22,1.0,67,14,1.110930904633337,1.0
d39cfe18de3a84bc5e1a,base_0006,1,sparse_periodic,0.8,protocol_telegate,protocol_inference,telegate,prefetch,telegate,0,4,True,0,22,1.0,70,14,1.1810765016217954,1.0
9a06efdc64c2b9d04c22,base_0006,1,sparse_periodic,0.8,protocol_teledata,protocol_inference,teledata,prefetch,teledata,0,4,True,0,22,1.0,64,9,1.182667772130044,1.0
205aeb2e2119c5200f4f,base_0006,1,sparse_periodic,0.8,distill_0,distillation_depth_inference,distill_0,custom_epr,generic_epr,0,6,False,0,22,1.0,24,2,1.142970160390371,1.0
04c3593752f16163e1ec,base_0006,1,sparse_periodic,0.8,distill_1,distillation_depth_inference,distill_1,custom_epr,generic_epr,1,6,False,0,22,1.0,53,9,1.0802392524023114,1.0
2d0ad605b94fc8df677d,base_0006,1,sparse_periodic,0.8,distill_2,distillation_depth_inference,distill_2,custom_epr,generic_epr,2,6,False,0,22,1.0,100,12,1.0318152284981021,1.0
90a20970df6e5a438139,base_0006,1,sparse_periodic,0.8,retry_1,retry_policy_inference,retry_1,custom_epr,generic_epr,0,1,False,0,22,0.7727272727272727,22,5,1.0842788516990625,1.0
d5a94b2f1c74024092f2,base_0006,1,sparse_periodic,0.8,retry_2,retry_policy_inference,retry_2,custom_epr,generic_epr,0,2,False,0,22,1.0,27,5,1.1033986208188316,1.0
fe1e682871d289011979,base_0006,1,sparse_periodic,0.8,retry_4,retry_policy_inference,retry_4,custom_epr,generic_epr,0,4,False,0,22,1.0,28,6,1.0630309425201188,1.0
9370f924badda75d7c8a,base_0006,1,sparse_periodic,0.8,service_low_latency,service_class_inference,low_latency,custom_epr,generic_epr,0,4,False,0,22,1.0,31,9,1.1552249637458492,1.0
52ccd032d2a5c92e75d6,base_0006,1,sparse_periodic,0.8,service_high_fidelity,service_class_inference,high_fidelity,custom_epr,generic_epr,2,4,False,0,22,0.9545454545454546,110,24,1.038619262592209,1.0
1c54bbf408cfee41c58d,base_0006,1,sparse_periodic,0.8,protocol_control_direct_transfer,protocol_label_only_control,direct_transfer,prefetch,generic_epr,0,4,True,0,22,1.0,71,18,1.2135284920713476,1.0
ff1e898650fbc97e86ff,base_0006,1,sparse_periodic,0.8,protocol_control_on_demand_epr,protocol_label_only_control,on_demand_epr,prefetch,generic_epr,0,4,True,0,22,1.0,71,18,1.2135284920713476,1.0
f61dac1fb3c8b49db619,base_0006,1,sparse_periodic,0.8,protocol_control_prefetched_epr,protocol_label_only_control,prefetched_epr,prefetch,generic_epr,0,4,True,0,22,1.0,71,18,1.2135284920713476,1.0
a09d46f826ec7270fc02,base_0006,1,sparse_periodic,0.8,protocol_control_telegate,protocol_label_only_control,telegate,prefetch,generic_epr,0,4,True,0,22,1.0,71,18,1.2135284920713476,1.0
de2e87a88b2c36b0b328,base_0006,1,sparse_periodic,0.8,protocol_control_teledata,protocol_label_only_control,teledata,prefetch,generic_epr,0,4,True,0,22,1.0,71,18,1.2135284920713476,1.0
bcac115e7e4914351def,base_0006,1,sparse_periodic,0.8,service_control_low_latency,service_label_only_control,low_latency,custom_epr,generic_epr,1,4,False,0,22,1.0,56,12,1.055014596620059,1.0
68fdfd24d84ac35cfe7a,base_0006,1,sparse_periodic,0.8,service_control_high_fidelity,service_label_only_control,high_fidelity,custom_epr,generic_epr,1,4,False,0,22,1.0,56,12,1.055014596620059,1.0
0537ad471e4b9f3b3080,base_0006,1,sparse_periodic,0.95,protocol_direct,protocol_inference,direct_transfer,direct,direct,0,1,False,0,22,1.0,0,0,1.1622459315063711,1.0
373b1cf7e3bf13cd5253,base_0006,1,sparse_periodic,0.95,protocol_on_demand,protocol_inference,on_demand_epr,custom_epr,generic_epr,0,4,False,0,22,1.0,23,1,1.1105026279228385,1.0
72c91370fcce1dc54372,base_0006,1,sparse_periodic,0.95,protocol_prefetch,protocol_inference,prefetched_epr,prefetch,generic_epr,0,4,True,0,22,1.0,62,1,1.2258917014123156,1.0
a342cb16243ca7d95a0e,base_0006,1,sparse_periodic,0.95,protocol_telegate,protocol_inference,telegate,prefetch,telegate,0,4,True,0,22,1.0,62,2,1.2590869702477632,1.0
bb089e5ed615f4e85108,base_0006,1,sparse_periodic,0.95,protocol_teledata,protocol_inference,teledata,prefetch,teledata,0,4,True,0,22,1.0,62,2,1.2090036732876628,1.0
14e891c54d50e9b045f2,base_0006,1,sparse_periodic,0.95,distill_0,distillation_depth_inference,distill_0,custom_epr,generic_epr,0,6,False,0,22,1.0,25,3,1.0871648545850652,1.0
f23aa484021e6cf40e88,base_0006,1,sparse_periodic,0.95,distill_1,distillation_depth_inference,distill_1,custom_epr,generic_epr,1,6,False,0,22,1.0,50,6,1.059207110329295,1.0
9d3481c179ce82b3ba36,base_0006,1,sparse_periodic,0.95,distill_2,distillation_depth_inference,distill_2,custom_epr,generic_epr,2,6,False,0,22,1.0,93,5,1.0419515131102017,1.0
c88abfd9b9c23eef1cf0,base_0006,1,sparse_periodic,0.95,retry_1,retry_policy_inference,retry_1,custom_epr,generic_epr,0,1,False,0,22,0.9090909090909091,22,2,1.1105026279228385,1.0
e04b07037777bbafc558,base_0006,1,sparse_periodic,0.95,retry_2,retry_policy_inference,retry_2,custom_epr,generic_epr,0,2,False,0,22,1.0,24,2,1.1105026279228385,1.0
c7e97d66e84df94a6819,base_0006,1,sparse_periodic,0.95,retry_4,retry_policy_inference,retry_4,custom_epr,generic_epr,0,4,False,0,22,1.0,23,1,1.1105026279228385,1.0
e043cdd8d53242ca57d5,base_0006,1,sparse_periodic,0.95,service_low_latency,service_class_inference,low_latency,custom_epr,generic_epr,0,4,False,0,22,1.0,22,0,1.1105026279228385,1.0
2244ff0866d7c4f1db9c,base_0006,1,sparse_periodic,0.95,service_high_fidelity,service_class_inference,high_fidelity,custom_epr,generic_epr,2,4,False,0,22,1.0,93,5,1.0403684962413695,1.0
0b124d4a1d31b56ec86b,base_0006,1,sparse_periodic,0.95,protocol_control_direct_transfer,protocol_label_only_control,direct_transfer,prefetch,generic_epr,0,4,True,0,22,1.0,63,4,1.176357901878516,1.0
61f0c44cc7cc4bdc7f3e,base_0006,1,sparse_periodic,0.95,protocol_control_on_demand_epr,protocol_label_only_control,on_demand_epr,prefetch,generic_epr,0,4,True,0,22,1.0,63,4,1.176357901878516,1.0
c1a50a9e51d495bd1144,base_0006,1,sparse_periodic,0.95,protocol_control_prefetched_epr,protocol_label_only_control,prefetched_epr,prefetch,generic_epr,0,4,True,0,22,1.0,63,4,1.176357901878516,1.0
37527a617286e2c5bf07,base_0006,1,sparse_periodic,0.95,protocol_control_telegate,protocol_label_only_control,telegate,prefetch,generic_epr,0,4,True,0,22,1.0,63,4,1.176357901878516,1.0
7e05aa410975e80f7a70,base_0006,1,sparse_periodic,0.95,protocol_control_teledata,protocol_label_only_control,teledata,prefetch,generic_epr,0,4,True,0,22,1.0,63,4,1.176357901878516,1.0
4bb19d2f9268f24a3552,base_0006,1,sparse_periodic,0.95,service_control_low_latency,service_label_only_control,low_latency,custom_epr,generic_epr,1,4,False,0,22,1.0,45,1,1.0576801603904356,1.0
e6fb216f5848387a1b70,base_0006,1,sparse_periodic,0.95,service_control_high_fidelity,service_label_only_control,high_fidelity,custom_epr,generic_epr,1,4,False,0,22,1.0,45,1,1.0576801603904356,1.0
16be4d057ba962a8b89b,base_0007,0,dense_periodic,0.65,protocol_direct,protocol_inference,direct_transfer,direct,direct,0,1,False,1,39,1.0,0,0,1.1797175359316578,1.0
d0ec1f1ba9b8fb03fbaf,base_0007,0,dense_periodic,0.65,protocol_on_demand,protocol_inference,on_demand_epr,custom_epr,generic_epr,0,4,False,1,39,0.9743589743589743,62,24,1.152660956165336,1.0
63ea88666fa2b991d8dc,base_0007,0,dense_periodic,0.65,protocol_prefetch,protocol_inference,prefetched_epr,prefetch,generic_epr,0,4,True,1,39,1.0,89,33,1.1797175359316578,1.0
b4f2807d67561ec2d338,base_0007,0,dense_periodic,0.65,protocol_telegate,protocol_inference,telegate,prefetch,telegate,0,4,True,1,39,1.0,83,26,1.1497646132763817,1.0
3b2956b1077602c8e224,base_0007,0,dense_periodic,0.65,protocol_teledata,protocol_inference,teledata,prefetch,teledata,0,4,True,1,39,1.0,83,27,1.19519696266727,1.0
c423cebba3c564f43e3a,base_0007,0,dense_periodic,0.65,distill_0,distillation_depth_inference,distill_0,custom_epr,generic_epr,0,6,False,1,39,1.0,67,28,1.0782365620026375,1.0
47cac6c8246aaa850748,base_0007,0,dense_periodic,0.65,distill_1,distillation_depth_inference,distill_1,custom_epr,generic_epr,1,6,False,1,39,1.0,117,39,1.0697821185244034,0.9991546688938285
84fa96b4faccecc77add,base_0007,0,dense_periodic,0.65,distill_2,distillation_depth_inference,distill_2,custom_epr,generic_epr,2,6,False,1,39,1.0,238,82,1.0847810655566275,1.0
c6d2afe29191760681da,base_0007,0,dense_periodic,0.65,retry_1,retry_policy_inference,retry_1,custom_epr,generic_epr,0,1,False,1,39,0.6153846153846154,39,15,1.05143312295528,1.0
92e96fdf3e1eb8358bf2,base_0007,0,dense_periodic,0.65,retry_2,retry_policy_inference,retry_2,custom_epr,generic_epr,0,2,False,1,39,0.8461538461538461,51,18,1.0763596684786039,1.0
0917c9832abc2b2463f7,base_0007,0,dense_periodic,0.65,retry_4,retry_policy_inference,retry_4,custom_epr,generic_epr,0,4,False,1,39,0.9743589743589743,51,13,1.0767389065818738,1.0010135389693768
14a3c86ceeef539f88f4,base_0007,0,dense_periodic,0.65,service_low_latency,service_class_inference,low_latency,custom_epr,generic_epr,0,4,False,1,39,1.0,54,15,1.0695237619245073,1.0
009f601eaeddc1d928de,base_0007,0,dense_periodic,0.65,service_high_fidelity,service_class_inference,high_fidelity,custom_epr,generic_epr,2,4,False,1,39,0.9487179487179487,233,84,1.0930525838244383,1.004663315672953
02cdd679c4a1cd77c3f4,base_0007,0,dense_periodic,0.65,protocol_control_direct_transfer,protocol_label_only_control,direct_transfer,prefetch,generic_epr,0,4,True,1,39,1.0,78,21,1.1797175359316578,1.0
0ad2efd6fb1b20e982b5,base_0007,0,dense_periodic,0.65,protocol_control_on_demand_epr,protocol_label_only_control,on_demand_epr,prefetch,generic_epr,0,4,True,1,39,1.0,78,21,1.1797175359316578,1.0
9a307dd278521742f6ff,base_0007,0,dense_periodic,0.65,protocol_control_prefetched_epr,protocol_label_only_control,prefetched_epr,prefetch,generic_epr,0,4,True,1,39,1.0,78,21,1.1797175359316578,1.0
8ba078469a355b4bb8b5,base_0007,0,dense_periodic,0.65,protocol_control_telegate,protocol_label_only_control,telegate,prefetch,generic_epr,0,4,True,1,39,1.0,78,21,1.1797175359316578,1.0
52436d04b726a12f2f09,base_0007,0,dense_periodic,0.65,protocol_control_teledata,protocol_label_only_control,teledata,prefetch,generic_epr,0,4,True,1,39,1.0,78,21,1.1797175359316578,1.0
9a84d909503fb1911a73,base_0007,0,dense_periodic,0.65,service_control_low_latency,service_label_only_control,low_latency,custom_epr,generic_epr,1,4,False,1,39,0.9743589743589743,115,38,1.0872345336775786,1.0
bbb46778fff770330834,base_0007,0,dense_periodic,0.65,service_control_high_fidelity,service_label_only_control,high_fidelity,custom_epr,generic_epr,1,4,False,1,39,0.9743589743589743,115,38,1.0872345336775786,1.0
032053f183532bbd78cd,base_0007,0,dense_periodic,0.8,protocol_direct,protocol_inference,direct_transfer,direct,direct,0,1,False,1,39,1.0,0,0,1.1797175359316578,1.0
6da2907d3d434f88831a,base_0007,0,dense_periodic,0.8,protocol_on_demand,protocol_inference,on_demand_epr,custom_epr,generic_epr,0,4,False,1,39,1.0,44,5,1.1155798994675477,1.0
bc58abd1201b30a0c466,base_0007,0,dense_periodic,0.8,protocol_prefetch,protocol_inference,prefetched_epr,prefetch,generic_epr,0,4,True,1,39,1.0,71,14,1.1797175359316578,1.0
1b09c2f3d8906fafce73,base_0007,0,dense_periodic,0.8,protocol_telegate,protocol_inference,telegate,prefetch,telegate,0,4,True,1,39,1.0,73,16,1.1497646132763817,1.0
524bba15c80cd5911713,base_0007,0,dense_periodic,0.8,protocol_teledata,protocol_inference,teledata,prefetch,teledata,0,4,True,1,39,1.0,69,12,1.19519696266727,1.0
577a195053e797b77107,base_0007,0,dense_periodic,0.8,distill_0,distillation_depth_inference,distill_0,custom_epr,generic_epr,0,6,False,1,39,1.0,48,9,1.0879073691777152,1.0
f325a702c8fe408834ae,base_0007,0,dense_periodic,0.8,distill_1,distillation_depth_inference,distill_1,custom_epr,generic_epr,1,6,False,1,39,1.0,90,12,1.0757313839295144,1.0
33045f36bb44fe4ccbe1,base_0007,0,dense_periodic,0.8,distill_2,distillation_depth_inference,distill_2,custom_epr,generic_epr,2,6,False,1,39,1.0,201,45,1.0772789161120098,1.0008342745052086
436eb6d557c9faa3061d,base_0007,0,dense_periodic,0.8,retry_1,retry_policy_inference,retry_1,custom_epr,generic_epr,0,1,False,1,39,0.8205128205128205,39,7,1.0962639712968805,1.0
27693bfd33090f220585,base_0007,0,dense_periodic,0.8,retry_2,retry_policy_inference,retry_2,custom_epr,generic_epr,0,2,False,1,39,0.9230769230769231,52,16,1.1265794846717336,1.0
63c62a74fa5bacea1069,base_0007,0,dense_periodic,0.8,retry_4,retry_policy_inference,retry_4,custom_epr,generic_epr,0,4,False,1,39,1.0,44,5,1.1268995863634417,1.0010135389693768
3076be7f70f652f0bdf5,base_0007,0,dense_periodic,0.8,service_low_latency,service_class_inference,low_latency,custom_epr,generic_epr,0,4,False,1,39,1.0,51,12,1.100621492007805,1.0
e7798aa0239886a421ea,base_0007,0,dense_periodic,0.8,service_high_fidelity,service_class_inference,high_fidelity,custom_epr,generic_epr,2,4,False,1,39,1.0,195,39,1.06809618463114,1.0
1064f9ef5941f8760298,base_0007,0,dense_periodic,0.8,protocol_control_direct_transfer,protocol_label_only_control,direct_transfer,prefetch,generic_epr,0,4,True,1,39,1.0,69,12,1.1797175359316578,1.0
13e11cfed1e3fe411529,base_0007,0,dense_periodic,0.8,protocol_control_on_demand_epr,protocol_label_only_control,on_demand_epr,prefetch,generic_epr,0,4,True,1,39,1.0,69,12,1.1797175359316578,1.0
55bd7bdaefb985453ee7,base_0007,0,dense_periodic,0.8,protocol_control_prefetched_epr,protocol_label_only_control,prefetched_epr,prefetch,generic_epr,0,4,True,1,39,1.0,69,12,1.1797175359316578,1.0
0a79433d082e72a77a27,base_0007,0,dense_periodic,0.8,protocol_control_telegate,protocol_label_only_control,telegate,prefetch,generic_epr,0,4,True,1,39,1.0,69,12,1.1797175359316578,1.0
11d491f86f4fe81622af,base_0007,0,dense_periodic,0.8,protocol_control_teledata,protocol_label_only_control,teledata,prefetch,generic_epr,0,4,True,1,39,1.0,69,12,1.1797175359316578,1.0
8edd013f8e51d0ccf8c7,base_0007,0,dense_periodic,0.8,service_control_low_latency,service_label_only_control,low_latency,custom_epr,generic_epr,1,4,False,1,39,1.0,100,22,1.060364325859749,1.0
790cc0abe36ca3331cd2,base_0007,0,dense_periodic,0.8,service_control_high_fidelity,service_label_only_control,high_fidelity,custom_epr,generic_epr,1,4,False,1,39,1.0,100,22,1.060364325859749,1.0
0224f59bb804f9b084a6,base_0007,0,dense_periodic,0.95,protocol_direct,protocol_inference,direct_transfer,direct,direct,0,1,False,1,39,1.0,0,0,1.1797175359316578,1.0
e4fd33fe619db885e6ac,base_0007,0,dense_periodic,0.95,protocol_on_demand,protocol_inference,on_demand_epr,custom_epr,generic_epr,0,4,False,1,39,1.0,40,1,1.0962639712968805,1.0
4c6f86609b06f8db3d44,base_0007,0,dense_periodic,0.95,protocol_prefetch,protocol_inference,prefetched_epr,prefetch,generic_epr,0,4,True,1,39,1.0,59,2,1.1797175359316578,1.0
4ab9ce4ecce4364c1a72,base_0007,0,dense_periodic,0.95,protocol_telegate,protocol_inference,telegate,prefetch,telegate,0,4,True,1,39,1.0,59,2,1.1497646132763817,1.0
37972805a7e6f8df0087,base_0007,0,dense_periodic,0.95,protocol_teledata,protocol_inference,teledata,prefetch,teledata,0,4,True,1,39,1.0,62,5,1.19519696266727,1.0
601579881ca403b281ea,base_0007,0,dense_periodic,0.95,distill_0,distillation_depth_inference,distill_0,custom_epr,generic_epr,0,6,False,1,39,1.0,41,2,1.0962639712968805,1.0
ddae0609e57e0a6651a3,base_0007,0,dense_periodic,0.95,distill_1,distillation_depth_inference,distill_1,custom_epr,generic_epr,1,6,False,1,39,1.0,79,1,1.0765011078942845,1.0
bc20c666025716e929db,base_0007,0,dense_periodic,0.95,distill_2,distillation_depth_inference,distill_2,custom_epr,generic_epr,2,6,False,1,39,1.0,168,12,1.0596767754226872,0.9991777853508861
0da394952d7a7d011c71,base_0007,0,dense_periodic,0.95,retry_1,retry_policy_inference,retry_1,custom_epr,generic_epr,0,1,False,1,39,0.9230769230769231,39,3,1.0787566551311045,1.0
c7775ccfee8de9c97311,base_0007,0,dense_periodic,0.95,retry_2,retry_policy_inference,retry_2,custom_epr,generic_epr,0,2,False,1,39,1.0,41,2,1.1064096539174197,1.0
343b11834b6d7fc3cdd0,base_0007,0,dense_periodic,0.95,retry_4,retry_policy_inference,retry_4,custom_epr,generic_epr,0,4,False,1,39,1.0,40,1,1.0962639712968805,1.0
4a30d10f1a98ac3c4595,base_0007,0,dense_periodic,0.95,service_low_latency,service_class_inference,low_latency,custom_epr,generic_epr,0,4,False,1,39,1.0,40,1,1.1067493318840842,1.0010135389693768
d47ebc466572f5b35f81,base_0007,0,dense_periodic,0.95,service_high_fidelity,service_class_inference,high_fidelity,custom_epr,generic_epr,2,4,False,1,39,1.0,162,6,1.0527268834141794,0.9997505465997095
abe805a7a6a8f9d662b1,base_0007,0,dense_periodic,0.95,protocol_control_direct_transfer,protocol_label_only_control,direct_transfer,prefetch,generic_epr,0,4,True,1,39,1.0,59,2,1.1797175359316578,1.0
e2b8350713b72c26e721,base_0007,0,dense_periodic,0.95,protocol_control_on_demand_epr,protocol_label_only_control,on_demand_epr,prefetch,generic_epr,0,4,True,1,39,1.0,59,2,1.1797175359316578,1.0
d4fa193d49a5ae9f4d8b,base_0007,0,dense_periodic,0.95,protocol_control_prefetched_epr,protocol_label_only_control,prefetched_epr,prefetch,generic_epr,0,4,True,1,39,1.0,59,2,1.1797175359316578,1.0
3af361a6cd2c8bab0d10,base_0007,0,dense_periodic,0.95,protocol_control_telegate,protocol_label_only_control,telegate,prefetch,generic_epr,0,4,True,1,39,1.0,59,2,1.1797175359316578,1.0
fa4de912d6d44eb6b4b4,base_0007,0,dense_periodic,0.95,protocol_control_teledata,protocol_label_only_control,teledata,prefetch,generic_epr,0,4,True,1,39,1.0,59,2,1.1797175359316578,1.0
d3529c4210cfdad4bff0,base_0007,0,dense_periodic,0.95,service_control_low_latency,service_label_only_control,low_latency,custom_epr,generic_epr,1,4,False,1,39,1.0,85,7,1.071023503455952,1.0
bf2cde318ad34906f72b,base_0007,0,dense_periodic,0.95,service_control_high_fidelity,service_label_only_control,high_fidelity,custom_epr,generic_epr,1,4,False,1,39,1.0,85,7,1.071023503455952,1.0
caa8fbbf5b4dc4df258b,base_0007,1,dense_periodic,0.65,protocol_direct,protocol_inference,direct_transfer,direct,direct,0,1,False,1,39,1.0,0,0,1.1751356505503447,1.0
2d79f2c23a11f52fd761,base_0007,1,dense_periodic,0.65,protocol_on_demand,protocol_inference,on_demand_epr,custom_epr,generic_epr,0,4,False,1,39,0.9487179487179487,57,20,1.109432278197618,1.0
cd9027eeff53200f503b,base_0007,1,dense_periodic,0.65,protocol_prefetch,protocol_inference,prefetched_epr,prefetch,generic_epr,0,4,True,1,39,1.0,83,26,1.1751356505503447,1.0
4a1d93cffde1e6885dd4,base_0007,1,dense_periodic,0.65,protocol_telegate,protocol_inference,telegate,prefetch,telegate,0,4,True,1,39,1.0,85,28,1.1459463754586205,1.0
035821a253897516f5fb,base_0007,1,dense_periodic,0.65,protocol_teledata,protocol_inference,teledata,prefetch,teledata,0,4,True,1,39,1.0,77,21,1.1920072932566004,1.0
89d07bc2500e055d2b83,base_0007,1,dense_periodic,0.65,distill_0,distillation_depth_inference,distill_0,custom_epr,generic_epr,0,6,False,1,39,1.0,54,15,1.0953591513183727,1.0
6f86cb80bd9214b77930,base_0007,1,dense_periodic,0.65,distill_1,distillation_depth_inference,distill_1,custom_epr,generic_epr,1,6,False,1,39,1.0,111,33,1.0488602392708717,1.0
8daf6d95c1054d636056,base_0007,1,dense_periodic,0.65,distill_2,distillation_depth_inference,distill_2,custom_epr,generic_epr,2,6,False,1,39,0.9743589743589743,276,121,1.1562298316291992,1.0164546813126676
a928133d465e3cb391c9,base_0007,1,dense_periodic,0.65,retry_1,retry_policy_inference,retry_1,custom_epr,generic_epr,0,1,False,1,39,0.6923076923076923,39,12,1.049469191323376,1.0
dcd570f3b3b8b8567c9e,base_0007,1,dense_periodic,0.65,retry_2,retry_policy_inference,retry_2,custom_epr,generic_epr,0,2,False,1,39,0.8974358974358975,56,21,1.0953886043429115,1.0011482966116696
00e645b159d08fa6b755,base_0007,1,dense_periodic,0.65,retry_4,retry_policy_inference,retry_4,custom_epr,generic_epr,0,4,False,1,39,1.0,55,16,1.1250363054317265,1.0
c9e2882295d7e90062b7,base_0007,1,dense_periodic,0.65,service_low_latency,service_class_inference,low_latency,custom_epr,generic_epr,0,4,False,1,39,1.0,58,19,1.0960256033363807,1.0
2b88d6cc2568d93159b5,base_0007,1,dense_periodic,0.65,service_high_fidelity,service_class_inference,high_fidelity,custom_epr,generic_epr,2,4,False,1,39,0.9487179487179487,229,78,1.1070638666842545,1.0099292069697967
ee41e2ed4ef11d40adf9,base_0007,1,dense_periodic,0.65,protocol_control_direct_transfer,protocol_label_only_control,direct_transfer,prefetch,generic_epr,0,4,True,1,39,1.0,95,39,1.2262690167274175,1.0
1065b220cdff714e93e8,base_0007,1,dense_periodic,0.65,protocol_control_on_demand_epr,protocol_label_only_control,on_demand_epr,prefetch,generic_epr,0,4,True,1,39,1.0,95,39,1.2262690167274175,1.0
7ecb72d1e85797bdeeda,base_0007,1,dense_periodic,0.65,protocol_control_prefetched_epr,protocol_label_only_control,prefetched_epr,prefetch,generic_epr,0,4,True,1,39,1.0,95,39,1.2262690167274175,1.0
d851501f4b1bef1271ff,base_0007,1,dense_periodic,0.65,protocol_control_telegate,protocol_label_only_control,telegate,prefetch,generic_epr,0,4,True,1,39,1.0,95,39,1.2262690167274175,1.0
2538732a6700974dcded,base_0007,1,dense_periodic,0.65,protocol_control_teledata,protocol_label_only_control,teledata,prefetch,generic_epr,0,4,True,1,39,1.0,95,39,1.2262690167274175,1.0
52dee8aa3cb07388f966,base_0007,1,dense_periodic,0.65,service_control_low_latency,service_label_only_control,low_latency,custom_epr,generic_epr,1,4,False,1,39,1.0,130,52,1.0813197524677183,1.001928332543055
c2993416bd09ef5c5ce5,base_0007,1,dense_periodic,0.65,service_control_high_fidelity,service_label_only_control,high_fidelity,custom_epr,generic_epr,1,4,False,1,39,1.0,130,52,1.0813197524677183,1.001928332543055
d45c9ec39a11a11e9a11,base_0007,1,dense_periodic,0.8,protocol_direct,protocol_inference,direct_transfer,direct,direct,0,1,False,1,39,1.0,0,0,1.1751356505503447,1.0
f9c659f3bc067bdd8c74,base_0007,1,dense_periodic,0.8,protocol_on_demand,protocol_inference,on_demand_epr,custom_epr,generic_epr,0,4,False,1,39,0.9743589743589743,50,12,1.1214558260370846,1.0
e549a11cf2c2dcef7d51,base_0007,1,dense_periodic,0.8,protocol_prefetch,protocol_inference,prefetched_epr,prefetch,generic_epr,0,4,True,1,39,1.0,65,8,1.1751356505503447,1.0
c3cb123a913a8b07d5f6,base_0007,1,dense_periodic,0.8,protocol_telegate,protocol_inference,telegate,prefetch,telegate,0,4,True,1,39,1.0,72,15,1.1459463754586205,1.0
1dc87e871f38073f11e8,base_0007,1,dense_periodic,0.8,protocol_teledata,protocol_inference,teledata,prefetch,teledata,0,4,True,1,39,1.0,67,10,1.1920072932566004,1.0
129680dda9fae5ba5558,base_0007,1,dense_periodic,0.8,distill_0,distillation_depth_inference,distill_0,custom_epr,generic_epr,0,6,False,1,39,1.0,53,14,1.136254532094954,1.0
5be779a8f15613cc1904,base_0007,1,dense_periodic,0.8,distill_1,distillation_depth_inference,distill_1,custom_epr,generic_epr,1,6,False,1,39,1.0,90,12,1.0850968673092043,1.0
dd42ac69dd296b7d561f,base_0007,1,dense_periodic,0.8,distill_2,distillation_depth_inference,distill_2,custom_epr,generic_epr,2,6,False,1,39,1.0,199,43,1.0657327322342256,1.0007859180033847
5486e3c32c50c2eb49f0,base_0007,1,dense_periodic,0.8,retry_1,retry_policy_inference,retry_1,custom_epr,generic_epr,0,1,False,1,39,0.8461538461538461,39,6,1.0959393646375923,1.0
c134bc858333fecbc651,base_0007,1,dense_periodic,0.8,retry_2,retry_policy_inference,retry_2,custom_epr,generic_epr,0,2,False,1,39,0.9487179487179487,50,13,1.0790120818427902,1.0
b00b208d6558ff03e53a,base_0007,1,dense_periodic,0.8,retry_4,retry_policy_inference,retry_4,custom_epr,generic_epr,0,4,False,1,39,1.0,49,10,1.0643244971970103,1.0
9918a9181e75dc4ea0c3,base_0007,1,dense_periodic,0.8,service_low_latency,service_class_inference,low_latency,custom_epr,generic_epr,0,4,False,1,39,1.0,54,15,1.1115098095169746,1.0020036757287685
b90348b1fcdeabb03a3d,base_0007,1,dense_periodic,0.8,service_high_fidelity,service_class_inference,high_fidelity,custom_epr,generic_epr,2,4,False,1,39,1.0,191,35,1.07260642663974,1.000668316734307
644304890df0040d9860,base_0007,1,dense_periodic,0.8,protocol_control_direct_transfer,protocol_label_only_control,direct_transfer,prefetch,generic_epr,0,4,True,1,39,1.0,72,15,1.1751356505503447,1.0
74f4b7d71503ddd4a80d,base_0007,1,dense_periodic,0.8,protocol_control_on_demand_epr,protocol_label_only_control,on_demand_epr,prefetch,generic_epr,0,4,True,1,39,1.0,72,15,1.1751356505503447,1.0
6dcb98896f826a658870,base_0007,1,dense_periodic,0.8,protocol_control_prefetched_epr,protocol_label_only_control,prefetched_epr,prefetch,generic_epr,0,4,True,1,39,1.0,72,15,1.1751356505503447,1.0
1c6866cc1f1753402ff4,base_0007,1,dense_periodic,0.8,protocol_control_telegate,protocol_label_only_control,telegate,prefetch,generic_epr,0,4,True,1,39,1.0,72,15,1.1751356505503447,1.0
dddfdf07d188fff05d95,base_0007,1,dense_periodic,0.8,protocol_control_teledata,protocol_label_only_control,teledata,prefetch,generic_epr,0,4,True,1,39,1.0,72,15,1.1751356505503447,1.0
a7e39389abcb8b2f05d0,base_0007,1,dense_periodic,0.8,service_control_low_latency,service_label_only_control,low_latency,custom_epr,generic_epr,1,4,False,1,39,0.9743589743589743,104,28,1.0765504896973148,1.0
5d3742b5bed3f021f4a2,base_0007,1,dense_periodic,0.8,service_control_high_fidelity,service_label_only_control,high_fidelity,custom_epr,generic_epr,1,4,False,1,39,0.9743589743589743,104,28,1.0765504896973148,1.0
61bfbb588c7d506b12d0,base_0007,1,dense_periodic,0.95,protocol_direct,protocol_inference,direct_transfer,direct,direct,0,1,False,1,39,1.0,0,0,1.1751356505503447,1.0
be67699a19e81c747e22,base_0007,1,dense_periodic,0.95,protocol_on_demand,protocol_inference,on_demand_epr,custom_epr,generic_epr,0,4,False,1,39,1.0,43,4,1.0830194704655633,1.0
7aa1600d4a256239060a,base_0007,1,dense_periodic,0.95,protocol_prefetch,protocol_inference,prefetched_epr,prefetch,generic_epr,0,4,True,1,39,1.0,60,3,1.1751356505503447,1.0
1317c4c979764a985546,base_0007,1,dense_periodic,0.95,protocol_telegate,protocol_inference,telegate,prefetch,telegate,0,4,True,1,39,1.0,61,4,1.1459463754586205,1.0
18d23ba262d393ce11a5,base_0007,1,dense_periodic,0.95,protocol_teledata,protocol_inference,teledata,prefetch,teledata,0,4,True,1,39,1.0,61,4,1.1920072932566004,1.0
f9d865701efbac8f10e1,base_0007,1,dense_periodic,0.95,distill_0,distillation_depth_inference,distill_0,custom_epr,generic_epr,0,6,False,1,39,1.0,41,2,1.0961843682458459,1.0
3add2bff72bf70288b4e,base_0007,1,dense_periodic,0.95,distill_1,distillation_depth_inference,distill_1,custom_epr,generic_epr,1,6,False,1,39,1.0,88,10,1.089114114784433,1.0
906bb48eb4c08ca3e055,base_0007,1,dense_periodic,0.95,distill_2,distillation_depth_inference,distill_2,custom_epr,generic_epr,2,6,False,1,39,1.0,164,8,1.043500407266739,0.9994920705534004
90732627adbf7ba7f6b1,base_0007,1,dense_periodic,0.95,retry_1,retry_policy_inference,retry_1,custom_epr,generic_epr,0,1,False,1,39,0.9743589743589743,39,1,1.0961843682458459,1.0
e13e4ae27fdca33c6a4d,base_0007,1,dense_periodic,0.95,retry_2,retry_policy_inference,retry_2,custom_epr,generic_epr,0,2,False,1,39,1.0,40,1,1.0961843682458459,1.0
eb9a8f141bdf77747d08,base_0007,1,dense_periodic,0.95,retry_4,retry_policy_inference,retry_4,custom_epr,generic_epr,0,4,False,1,39,1.0,41,2,1.0844296473421315,1.0
e2be68c3b85d871639cf,base_0007,1,dense_periodic,0.95,service_low_latency,service_class_inference,low_latency,custom_epr,generic_epr,0,4,False,1,39,1.0,41,2,1.0668473685916768,1.0
8d06335a982e963849f4,base_0007,1,dense_periodic,0.95,service_high_fidelity,service_class_inference,high_fidelity,custom_epr,generic_epr,2,4,False,1,39,1.0,167,11,1.0510115577533727,1.0000778031734272
bfe1b19065293729c019,base_0007,1,dense_periodic,0.95,protocol_control_direct_transfer,protocol_label_only_control,direct_transfer,prefetch,generic_epr,0,4,True,1,39,1.0,60,3,1.1751356505503447,1.0
aa5bb0e6b5cdf66b0444,base_0007,1,dense_periodic,0.95,protocol_control_on_demand_epr,protocol_label_only_control,on_demand_epr,prefetch,generic_epr,0,4,True,1,39,1.0,60,3,1.1751356505503447,1.0
02a96b3f0faa50c961ac,base_0007,1,dense_periodic,0.95,protocol_control_prefetched_epr,protocol_label_only_control,prefetched_epr,prefetch,generic_epr,0,4,True,1,39,1.0,60,3,1.1751356505503447,1.0
3cdc9286fc00651001c8,base_0007,1,dense_periodic,0.95,protocol_control_telegate,protocol_label_only_control,telegate,prefetch,generic_epr,0,4,True,1,39,1.0,60,3,1.1751356505503447,1.0
3fb230a6cbc129273197,base_0007,1,dense_periodic,0.95,protocol_control_teledata,protocol_label_only_control,teledata,prefetch,generic_epr,0,4,True,1,39,1.0,60,3,1.1751356505503447,1.0
78acfb3e5d7f28bea6d2,base_0007,1,dense_periodic,0.95,service_control_low_latency,service_label_only_control,low_latency,custom_epr,generic_epr,1,4,False,1,39,1.0,81,3,1.076377577090526,1.0
7e1f0cf7c216c8dd16fb,base_0007,1,dense_periodic,0.95,service_control_high_fidelity,service_label_only_control,high_fidelity,custom_epr,generic_epr,1,4,False,1,39,1.0,81,3,1.076377577090526,1.0
485791c2c9288d602843,base_0008,0,synchronization_bursty,0.65,protocol_direct,protocol_inference,direct_transfer,direct,direct,0,1,False,0,52,1.0,0,0,1.2454466178445074,1.0034107349809438
cb47e6a8259f894e29ce,base_0008,0,synchronization_bursty,0.65,protocol_on_demand,protocol_inference,on_demand_epr,custom_epr,generic_epr,0,4,False,0,52,0.9807692307692307,88,37,1.1470392803102432,1.004045839933494
481fe10d953257a36dd9,base_0008,0,synchronization_bursty,0.65,protocol_prefetch,protocol_inference,prefetched_epr,prefetch,generic_epr,0,4,True,0,52,1.0,94,30,1.1805277337806563,1.001490881476703
a31e36e41bbc0e72fd42,base_0008,0,synchronization_bursty,0.65,protocol_telegate,protocol_inference,telegate,prefetch,telegate,0,4,True,0,52,1.0,99,36,1.1938855532981096,1.0117656919261515
af96034f19339d43fe30,base_0008,0,synchronization_bursty,0.65,protocol_teledata,protocol_inference,teledata,prefetch,teledata,0,4,True,0,52,1.0,102,38,1.13984029448078,1.001485310586262
bebab975869349132756,base_0008,0,synchronization_bursty,0.65,distill_0,distillation_depth_inference,distill_0,custom_epr,generic_epr,0,6,False,0,52,1.0,74,22,1.169301874380767,1.0036585243738834
34649a1c96cd60bda5a8,base_0008,0,synchronization_bursty,0.65,distill_1,distillation_depth_inference,distill_1,custom_epr,generic_epr,1,6,False,0,52,1.0,148,44,1.0797559245479564,1.0060663519567956
893ebfc145df3f97d222,base_0008,0,synchronization_bursty,0.65,distill_2,distillation_depth_inference,distill_2,custom_epr,generic_epr,2,6,False,0,52,0.9807692307692307,298,94,1.244553197487942,1.042309087923599
e22135ce172538e44dbf,base_0008,0,synchronization_bursty,0.65,retry_1,retry_policy_inference,retry_1,custom_epr,generic_epr,0,1,False,0,52,0.6346153846153846,52,19,1.1223088782490547,1.022218228587461
67df59c99698d6bff53b,base_0008,0,synchronization_bursty,0.65,retry_2,retry_policy_inference,retry_2,custom_epr,generic_epr,0,2,False,0,52,0.8653846153846154,76,31,1.08314810201923,1.0045167261460286
2ebd3a04a9cf4078aee5,base_0008,0,synchronization_bursty,0.65,retry_4,retry_policy_inference,retry_4,custom_epr,generic_epr,0,4,False,0,52,1.0,76,24,1.153143850999434,1.022218228587461
8e45c59bc5ee67290eae,base_0008,0,synchronization_bursty,0.65,service_low_latency,service_class_inference,low_latency,custom_epr,generic_epr,0,4,False,0,52,0.9807692307692307,74,23,1.2115290859728396,1.0140102154736135
b87bbed8a1cac9cfef02,base_0008,0,synchronization_bursty,0.65,service_high_fidelity,service_class_inference,high_fidelity,custom_epr,generic_epr,2,4,False,0,52,0.9230769230769231,319,117,1.2639595886055006,1.0389665396018637
2792abe80ba97d90fa93,base_0008,0,synchronization_bursty,0.65,protocol_control_direct_transfer,protocol_label_only_control,direct_transfer,prefetch,generic_epr,0,4,True,0,52,1.0,102,38,1.2561121835073017,1.001490881476703
11ef75a849d763043103,base_0008,0,synchronization_bursty,0.65,protocol_control_on_demand_epr,protocol_label_only_control,on_demand_epr,prefetch,generic_epr,0,4,True,0,52,1.0,102,38,1.2561121835073017,1.001490881476703
4a37b8d982dd873a96dd,base_0008,0,synchronization_bursty,0.65,protocol_control_prefetched_epr,protocol_label_only_control,prefetched_epr,prefetch,generic_epr,0,4,True,0,52,1.0,102,38,1.2561121835073017,1.001490881476703
8cb50c970dc2f543e0a1,base_0008,0,synchronization_bursty,0.65,protocol_control_telegate,protocol_label_only_control,telegate,prefetch,generic_epr,0,4,True,0,52,1.0,102,38,1.2561121835073017,1.001490881476703
308cce325db010340115,base_0008,0,synchronization_bursty,0.65,protocol_control_teledata,protocol_label_only_control,teledata,prefetch,generic_epr,0,4,True,0,52,1.0,102,38,1.2561121835073017,1.001490881476703
b96e21fc37fedc35651d,base_0008,0,synchronization_bursty,0.65,service_control_low_latency,service_label_only_control,low_latency,custom_epr,generic_epr,1,4,False,0,52,1.0,153,49,1.080306287305503,1.0020201469060592
22d07856d66df31e1fdd,base_0008,0,synchronization_bursty,0.65,service_control_high_fidelity,service_label_only_control,high_fidelity,custom_epr,generic_epr,1,4,False,0,52,1.0,153,49,1.080306287305503,1.0020201469060592
ff46a9e5765c9101d25c,base_0008,0,synchronization_bursty,0.8,protocol_direct,protocol_inference,direct_transfer,direct,direct,0,1,False,0,52,1.0,0,0,1.2454466178445074,1.0034107349809438
aa7b2d52199e00a5d228,base_0008,0,synchronization_bursty,0.8,protocol_on_demand,protocol_inference,on_demand_epr,custom_epr,generic_epr,0,4,False,0,52,1.0,63,11,1.1916554543608728,1.00066614759533
3f51624e598a56860287,base_0008,0,synchronization_bursty,0.8,protocol_prefetch,protocol_inference,prefetched_epr,prefetch,generic_epr,0,4,True,0,52,1.0,89,25,1.1875632913490497,1.001490881476703
f7835014169fca949b95,base_0008,0,synchronization_bursty,0.8,protocol_telegate,protocol_inference,telegate,prefetch,telegate,0,4,True,0,52,1.0,77,13,1.1718244989035684,1.0014884888434201
d2e04b3869214ddcd57f,base_0008,0,synchronization_bursty,0.8,protocol_teledata,protocol_inference,teledata,prefetch,teledata,0,4,True,0,52,1.0,83,19,1.1334963314048514,1.001485310586262
577ef51183501c523a16,base_0008,0,synchronization_bursty,0.8,distill_0,distillation_depth_inference,distill_0,custom_epr,generic_epr,0,6,False,0,52,1.0,61,9,1.2399960031345296,1.0140102154736135
b3f198ea18a04856dfab,base_0008,0,synchronization_bursty,0.8,distill_1,distillation_depth_inference,distill_1,custom_epr,generic_epr,1,6,False,0,52,1.0,127,23,1.0854209263611427,1.0041272434954203
477f24320090a37164c1,base_0008,0,synchronization_bursty,0.8,distill_2,distillation_depth_inference,distill_2,custom_epr,generic_epr,2,6,False,0,52,1.0,259,51,1.1822827449814715,1.0140717889457709
811bf6e0374647b37f9b,base_0008,0,synchronization_bursty,0.8,retry_1,retry_policy_inference,retry_1,custom_epr,generic_epr,0,1,False,0,52,0.8653846153846154,52,7,1.1725139095968267,1.022218228587461
08e7e74fc14dea9395a0,base_0008,0,synchronization_bursty,0.8,retry_2,retry_policy_inference,retry_2,custom_epr,generic_epr,0,2,False,0,52,0.9807692307692307,60,9,1.165764347607016,1.0080251128707067
e70f1ceea494af496e96,base_0008,0,synchronization_bursty,0.8,retry_4,retry_policy_inference,retry_4,custom_epr,generic_epr,0,4,False,0,52,1.0,60,8,1.2069887899258214,1.0154503673158857
539e66ac56976b343b8d,base_0008,0,synchronization_bursty,0.8,service_low_latency,service_class_inference,low_latency,custom_epr,generic_epr,0,4,False,0,52,1.0,66,14,1.1890852668788743,1.0112085810262812
36d6b4cb4df000422bdd,base_0008,0,synchronization_bursty,0.8,service_high_fidelity,service_class_inference,high_fidelity,custom_epr,generic_epr,2,4,False,0,52,1.0,262,54,1.1611712201218969,1.0115516283629
76b46305ea3fd28666f0,base_0008,0,synchronization_bursty,0.8,protocol_control_direct_transfer,protocol_label_only_control,direct_transfer,prefetch,generic_epr,0,4,True,0,52,1.0,73,9,1.1851351833715196,1.001490881476703
4f6ef55ba1acbed653ca,base_0008,0,synchronization_bursty,0.8,protocol_control_on_demand_epr,protocol_label_only_control,on_demand_epr,prefetch,generic_epr,0,4,True,0,52,1.0,73,9,1.1851351833715196,1.001490881476703
fca7e9c67a2fe2d78ae0,base_0008,0,synchronization_bursty,0.8,protocol_control_prefetched_epr,protocol_label_only_control,prefetched_epr,prefetch,generic_epr,0,4,True,0,52,1.0,73,9,1.1851351833715196,1.001490881476703
f6f7531b8164fc4aa602,base_0008,0,synchronization_bursty,0.8,protocol_control_telegate,protocol_label_only_control,telegate,prefetch,generic_epr,0,4,True,0,52,1.0,73,9,1.1851351833715196,1.001490881476703
f647c0c966136816115c,base_0008,0,synchronization_bursty,0.8,protocol_control_teledata,protocol_label_only_control,teledata,prefetch,generic_epr,0,4,True,0,52,1.0,73,9,1.1851351833715196,1.001490881476703
7200293a3ef7532b4f48,base_0008,0,synchronization_bursty,0.8,service_control_low_latency,service_label_only_control,low_latency,custom_epr,generic_epr,1,4,False,0,52,1.0,122,18,1.091618663475753,1.0041272434954203
6d3757056429ec788a71,base_0008,0,synchronization_bursty,0.8,service_control_high_fidelity,service_label_only_control,high_fidelity,custom_epr,generic_epr,1,4,False,0,52,1.0,122,18,1.091618663475753,1.0041272434954203
e361e31806ee88a54958,base_0008,0,synchronization_bursty,0.95,protocol_direct,protocol_inference,direct_transfer,direct,direct,0,1,False,0,52,1.0,0,0,1.2454466178445074,1.0034107349809438
6883eb9ceedbbb4186ef,base_0008,0,synchronization_bursty,0.95,protocol_on_demand,protocol_inference,on_demand_epr,custom_epr,generic_epr,0,4,False,0,52,1.0,53,1,1.2063780470741228,1.022218228587461
27cf3c92559c5b58ec7c,base_0008,0,synchronization_bursty,0.95,protocol_prefetch,protocol_inference,prefetched_epr,prefetch,generic_epr,0,4,True,0,52,1.0,68,4,1.2109663451793446,1.001490881476703
ed01122053a015e2abb6,base_0008,0,synchronization_bursty,0.95,protocol_telegate,protocol_inference,telegate,prefetch,telegate,0,4,True,0,52,1.0,65,1,1.1718244989035684,1.0014884888434201
6b6869e57baf27386685,base_0008,0,synchronization_bursty,0.95,protocol_teledata,protocol_inference,teledata,prefetch,teledata,0,4,True,0,52,1.0,68,4,1.1334963314048514,1.001485310586262
0e3599f203b95e6ae224,base_0008,0,synchronization_bursty,0.95,distill_0,distillation_depth_inference,distill_0,custom_epr,generic_epr,0,6,False,0,52,1.0,54,2,1.1955317528434048,1.022218228587461
ad7ce91182b81cac4549,base_0008,0,synchronization_bursty,0.95,distill_1,distillation_depth_inference,distill_1,custom_epr,generic_epr,1,6,False,0,52,1.0,108,4,1.0890067157467855,1.0041272434954203
b07efcc063450b7f028a,base_0008,0,synchronization_bursty,0.95,distill_2,distillation_depth_inference,distill_2,custom_epr,generic_epr,2,6,False,0,52,1.0,220,12,1.0725861044364855,1.0038998903610243
dd80bf7510e4c4046952,base_0008,0,synchronization_bursty,0.95,retry_1,retry_policy_inference,retry_1,custom_epr,generic_epr,0,1,False,0,52,1.0,52,0,1.207459064391152,1.022218228587461
8c550414639f41533892,base_0008,0,synchronization_bursty,0.95,retry_2,retry_policy_inference,retry_2,custom_epr,generic_epr,0,2,False,0,52,1.0,53,1,1.1998732334090383,1.022218228587461
91ede3299470c88c8684,base_0008,0,synchronization_bursty,0.95,retry_4,retry_policy_inference,retry_4,custom_epr,generic_epr,0,4,False,0,52,1.0,54,2,1.22035707705415,1.022218228587461
076c400e836f0036fd8d,base_0008,0,synchronization_bursty,0.95,service_low_latency,service_class_inference,low_latency,custom_epr,generic_epr,0,4,False,0,52,1.0,52,0,1.207459064391152,1.022218228587461
33f680ad375bd28671c8,base_0008,0,synchronization_bursty,0.95,service_high_fidelity,service_class_inference,high_fidelity,custom_epr,generic_epr,2,4,False,0,52,1.0,220,12,1.0741193878419393,1.0039460579410089
9370c33c25f017b85919,base_0008,0,synchronization_bursty,0.95,protocol_control_direct_transfer,protocol_label_only_control,direct_transfer,prefetch,generic_epr,0,4,True,0,52,1.0,67,3,1.2109663451793446,1.001490881476703
cb07cf5848fb88ca4819,base_0008,0,synchronization_bursty,0.95,protocol_control_on_demand_epr,protocol_label_only_control,on_demand_epr,prefetch,generic_epr,0,4,True,0,52,1.0,67,3,1.2109663451793446,1.001490881476703
6f39df2c864cfc99c4b6,base_0008,0,synchronization_bursty,0.95,protocol_control_prefetched_epr,protocol_label_only_control,prefetched_epr,prefetch,generic_epr,0,4,True,0,52,1.0,67,3,1.2109663451793446,1.001490881476703
50c878a5781ba388c540,base_0008,0,synchronization_bursty,0.95,protocol_control_telegate,protocol_label_only_control,telegate,prefetch,generic_epr,0,4,True,0,52,1.0,67,3,1.2109663451793446,1.001490881476703
ee7b690b207be8221e76,base_0008,0,synchronization_bursty,0.95,protocol_control_teledata,protocol_label_only_control,teledata,prefetch,generic_epr,0,4,True,0,52,1.0,67,3,1.2109663451793446,1.001490881476703
e248d130cfe35fa01ffc,base_0008,0,synchronization_bursty,0.95,service_control_low_latency,service_label_only_control,low_latency,custom_epr,generic_epr,1,4,False,0,52,1.0,112,8,1.0787410466190035,1.0041272434954203
5be6d7c3d52b1b662697,base_0008,0,synchronization_bursty,0.95,service_control_high_fidelity,service_label_only_control,high_fidelity,custom_epr,generic_epr,1,4,False,0,52,1.0,112,8,1.0787410466190035,1.0041272434954203
2d48a746c9d6822d0823,base_0008,1,synchronization_bursty,0.65,protocol_direct,protocol_inference,direct_transfer,direct,direct,0,1,False,0,52,1.0,0,0,1.2457558731472096,1.0031524285651001
f5f72779a14f6d6c06a1,base_0008,1,synchronization_bursty,0.65,protocol_on_demand,protocol_inference,on_demand_epr,custom_epr,generic_epr,0,4,False,0,52,1.0,85,33,1.1529284130408213,1.0
9b9bac22d51d6f640ba2,base_0008,1,synchronization_bursty,0.65,protocol_prefetch,protocol_inference,prefetched_epr,prefetch,generic_epr,0,4,True,0,52,1.0,95,33,1.2232314519221994,1.0012019333305822
ad89cdf2320f72716b30,base_0008,1,synchronization_bursty,0.65,protocol_telegate,protocol_inference,telegate,prefetch,telegate,0,4,True,0,52,1.0,96,33,1.1688661231102684,1.0012000050664276
3f048bd07c8ba773e4c4,base_0008,1,synchronization_bursty,0.65,protocol_teledata,protocol_inference,teledata,prefetch,teledata,0,4,True,0,52,1.0,88,24,1.1326817079077183,1.0011974436512907
c940ec23e5eb234434b9,base_0008,1,synchronization_bursty,0.65,distill_0,distillation_depth_inference,distill_0,custom_epr,generic_epr,0,6,False,0,52,1.0,75,23,1.1944316826664911,1.0107215067330202
f494c51db6dafbcd0dba,base_0008,1,synchronization_bursty,0.65,distill_1,distillation_depth_inference,distill_1,custom_epr,generic_epr,1,6,False,0,52,1.0,157,53,1.0828820921140123,1.004075452920422
f7069904a742c7718dd3,base_0008,1,synchronization_bursty,0.65,distill_2,distillation_depth_inference,distill_2,custom_epr,generic_epr,2,6,False,0,52,1.0,304,96,1.2348904702034267,1.0381470815471345
865bc1bf45efce66e666,base_0008,1,synchronization_bursty,0.65,retry_1,retry_policy_inference,retry_1,custom_epr,generic_epr,0,1,False,0,52,0.6923076923076923,52,16,1.1214037024789174,1.0
aa17a6d66de6b7d6dec5,base_0008,1,synchronization_bursty,0.65,retry_2,retry_policy_inference,retry_2,custom_epr,generic_epr,0,2,False,0,52,0.8653846153846154,75,30,1.1243841759081825,1.0186848970035491
40dabbb272db94a95eb6,base_0008,1,synchronization_bursty,0.65,retry_4,retry_policy_inference,retry_4,custom_epr,generic_epr,0,4,False,0,52,1.0,74,22,1.171179269433619,1.0115523264773578
9c787de0d5885d3820bd,base_0008,1,synchronization_bursty,0.65,service_low_latency,service_class_inference,low_latency,custom_epr,generic_epr,0,4,False,0,52,1.0,77,25,1.1652441666247269,1.0085620299886053
80a885a3c5dcd03fe547,base_0008,1,synchronization_bursty,0.65,service_high_fidelity,service_class_inference,high_fidelity,custom_epr,generic_epr,2,4,False,0,52,0.9423076923076923,322,121,1.2694171666884086,1.0463117657380219
92f11899658b3e60aaba,base_0008,1,synchronization_bursty,0.65,protocol_control_direct_transfer,protocol_label_only_control,direct_transfer,prefetch,generic_epr,0,4,True,0,52,1.0,99,35,1.2434214380523918,1.0036981863843857
c5f12ec5fff353701a07,base_0008,1,synchronization_bursty,0.65,protocol_control_on_demand_epr,protocol_label_only_control,on_demand_epr,prefetch,generic_epr,0,4,True,0,52,1.0,99,35,1.2434214380523918,1.0036981863843857
bc4f4bda14397fffde48,base_0008,1,synchronization_bursty,0.65,protocol_control_prefetched_epr,protocol_label_only_control,prefetched_epr,prefetch,generic_epr,0,4,True,0,52,1.0,99,35,1.2434214380523918,1.0036981863843857
9fa3d88a10eeb07354fa,base_0008,1,synchronization_bursty,0.65,protocol_control_telegate,protocol_label_only_control,telegate,prefetch,generic_epr,0,4,True,0,52,1.0,99,35,1.2434214380523918,1.0036981863843857
c3467c59d7d8506d6a58,base_0008,1,synchronization_bursty,0.65,protocol_control_teledata,protocol_label_only_control,teledata,prefetch,generic_epr,0,4,True,0,52,1.0,99,35,1.2434214380523918,1.0036981863843857
8a33092c6864c1c0ce3a,base_0008,1,synchronization_bursty,0.65,service_control_low_latency,service_label_only_control,low_latency,custom_epr,generic_epr,1,4,False,0,52,0.9230769230769231,163,65,1.095589944592498,1.0040425028602469
0420fea0256acf7891a3,base_0008,1,synchronization_bursty,0.65,service_control_high_fidelity,service_label_only_control,high_fidelity,custom_epr,generic_epr,1,4,False,0,52,0.9230769230769231,163,65,1.095589944592498,1.0040425028602469
a7e9a9968dd4956b8b38,base_0008,1,synchronization_bursty,0.8,protocol_direct,protocol_inference,direct_transfer,direct,direct,0,1,False,0,52,1.0,0,0,1.2457558731472096,1.0031524285651001
c86a07f19bf07cbfaf1c,base_0008,1,synchronization_bursty,0.8,protocol_on_demand,protocol_inference,on_demand_epr,custom_epr,generic_epr,0,4,False,0,52,1.0,74,22,1.1508206464583142,1.0085620299886053
15c7b8442bbf66eec22b,base_0008,1,synchronization_bursty,0.8,protocol_prefetch,protocol_inference,prefetched_epr,prefetch,generic_epr,0,4,True,0,52,1.0,77,13,1.1857137277791439,1.0012019333305822
7f661ea2e6a1eccf0586,base_0008,1,synchronization_bursty,0.8,protocol_telegate,protocol_inference,telegate,prefetch,telegate,0,4,True,0,52,1.0,73,9,1.1717219276539281,1.0012000050664276
e9c56d11737f66190b53,base_0008,1,synchronization_bursty,0.8,protocol_teledata,protocol_inference,teledata,prefetch,teledata,0,4,True,0,52,1.0,78,14,1.1348383092293168,1.0011974436512907
f7cb845a70dca10a7c4f,base_0008,1,synchronization_bursty,0.8,distill_0,distillation_depth_inference,distill_0,custom_epr,generic_epr,0,6,False,0,52,1.0,62,10,1.1731140070652113,1.0085620299886053
d41cc94a6d6af028246a,base_0008,1,synchronization_bursty,0.8,distill_1,distillation_depth_inference,distill_1,custom_epr,generic_epr,1,6,False,0,52,1.0,125,21,1.0989190883745197,1.0041258976249976
e36bbe01d969f490cc78,base_0008,1,synchronization_bursty,0.8,distill_2,distillation_depth_inference,distill_2,custom_epr,generic_epr,2,6,False,0,52,1.0,257,49,1.1488739618751118,1.0046186134127113
7c72a00782e4dfdb40c6,base_0008,1,synchronization_bursty,0.8,retry_1,retry_policy_inference,retry_1,custom_epr,generic_epr,0,1,False,0,52,0.7884615384615384,52,11,1.142717682479888,1.0
a929ad1e9fe075c57722,base_0008,1,synchronization_bursty,0.8,retry_2,retry_policy_inference,retry_2,custom_epr,generic_epr,0,2,False,0,52,0.9807692307692307,64,13,1.1932203634587741,1.0222107994391696
fc25d58e03d95f6fcd13,base_0008,1,synchronization_bursty,0.8,retry_4,retry_policy_inference,retry_4,custom_epr,generic_epr,0,4,False,0,52,1.0,63,11,1.1381547129365748,1.0112190464764146
a1e4df045b0a74412d09,base_0008,1,synchronization_bursty,0.8,service_low_latency,service_class_inference,low_latency,custom_epr,generic_epr,0,4,False,0,52,1.0,65,13,1.1735245726809542,1.0022417529998857
2061f6a0a53bc4cfab75,base_0008,1,synchronization_bursty,0.8,service_high_fidelity,service_class_inference,high_fidelity,custom_epr,generic_epr,2,4,False,0,52,1.0,255,47,1.127058610360749,1.0080654670051525
1db66f392abe80336289,base_0008,1,synchronization_bursty,0.8,protocol_control_direct_transfer,protocol_label_only_control,direct_transfer,prefetch,generic_epr,0,4,True,0,52,1.0,77,13,1.2113336227673812,1.0012019333305822
1fdc6de68a9a12d22ead,base_0008,1,synchronization_bursty,0.8,protocol_control_on_demand_epr,protocol_label_only_control,on_demand_epr,prefetch,generic_epr,0,4,True,0,52,1.0,77,13,1.2113336227673812,1.0012019333305822
764789075209112817ba,base_0008,1,synchronization_bursty,0.8,protocol_control_prefetched_epr,protocol_label_only_control,prefetched_epr,prefetch,generic_epr,0,4,True,0,52,1.0,77,13,1.2113336227673812,1.0012019333305822
b0664dcff9c3c1985789,base_0008,1,synchronization_bursty,0.8,protocol_control_telegate,protocol_label_only_control,telegate,prefetch,generic_epr,0,4,True,0,52,1.0,77,13,1.2113336227673812,1.0012019333305822
485deaebba212272e22f,base_0008,1,synchronization_bursty,0.8,protocol_control_teledata,protocol_label_only_control,teledata,prefetch,generic_epr,0,4,True,0,52,1.0,77,13,1.2113336227673812,1.0012019333305822
e9db97234613941ba77e,base_0008,1,synchronization_bursty,0.8,service_control_low_latency,service_label_only_control,low_latency,custom_epr,generic_epr,1,4,False,0,52,1.0,131,27,1.0846718968279474,1.0039940648050516
92560defb3ec0c943b5f,base_0008,1,synchronization_bursty,0.8,service_control_high_fidelity,service_label_only_control,high_fidelity,custom_epr,generic_epr,1,4,False,0,52,1.0,131,27,1.0846718968279474,1.0039940648050516
1141e03006f934657292,base_0008,1,synchronization_bursty,0.95,protocol_direct,protocol_inference,direct_transfer,direct,direct,0,1,False,0,52,1.0,0,0,1.2457558731472096,1.0031524285651001
783c7e2be28fcfa946c6,base_0008,1,synchronization_bursty,0.95,protocol_on_demand,protocol_inference,on_demand_epr,custom_epr,generic_epr,0,4,False,0,52,1.0,58,6,1.2088659339985113,1.0222107994391696
f92a9ec1374d084f2898,base_0008,1,synchronization_bursty,0.95,protocol_prefetch,protocol_inference,prefetched_epr,prefetch,generic_epr,0,4,True,0,52,1.0,66,2,1.2113336227673812,1.0012019333305822
3cb15cd8459c62c9d081,base_0008,1,synchronization_bursty,0.95,protocol_telegate,protocol_inference,telegate,prefetch,telegate,0,4,True,0,52,1.0,67,3,1.1717219276539281,1.0012000050664276
c54e61aa45ca7cac0949,base_0008,1,synchronization_bursty,0.95,protocol_teledata,protocol_inference,teledata,prefetch,teledata,0,4,True,0,52,1.0,66,2,1.1326817079077183,1.0011974436512907
1f460dae6040fc70d25e,base_0008,1,synchronization_bursty,0.95,distill_0,distillation_depth_inference,distill_0,custom_epr,generic_epr,0,6,False,0,52,1.0,59,7,1.2194183051957581,1.0204010723691845
f82d71840de5cac15006,base_0008,1,synchronization_bursty,0.95,distill_1,distillation_depth_inference,distill_1,custom_epr,generic_epr,1,6,False,0,52,1.0,109,5,1.0892000742439483,1.000158112594054
404fe8bfc6e766e94a51,base_0008,1,synchronization_bursty,0.95,distill_2,distillation_depth_inference,distill_2,custom_epr,generic_epr,2,6,False,0,52,1.0,221,13,1.0846246546287768,1.0039063033925013
7f2515565ba4653c1d1d,base_0008,1,synchronization_bursty,0.95,retry_1,retry_policy_inference,retry_1,custom_epr,generic_epr,0,1,False,0,52,0.9615384615384616,52,2,1.2095804822539735,1.0222107994391696
881b9c688f45cf81bd4b,base_0008,1,synchronization_bursty,0.95,retry_2,retry_policy_inference,retry_2,custom_epr,generic_epr,0,2,False,0,52,1.0,54,2,1.1928712393079248,1.0085620299886053
e32b800dab89315f5cd9,base_0008,1,synchronization_bursty,0.95,retry_4,retry_policy_inference,retry_4,custom_epr,generic_epr,0,4,False,0,52,1.0,54,2,1.1940428898409283,1.009926999938968
e882c58a97cf47f01d61,base_0008,1,synchronization_bursty,0.95,service_low_latency,service_class_inference,low_latency,custom_epr,generic_epr,0,4,False,0,52,1.0,52,0,1.2073506110284808,1.0222107994391696
d0bc7291edb204a36cce,base_0008,1,synchronization_bursty,0.95,service_high_fidelity,service_class_inference,high_fidelity,custom_epr,generic_epr,2,4,False,0,52,1.0,218,10,1.0736031053624233,1.0039448276263503
2bd6a91dd190d5fc8dd9,base_0008,1,synchronization_bursty,0.95,protocol_control_direct_transfer,protocol_label_only_control,direct_transfer,prefetch,generic_epr,0,4,True,0,52,1.0,67,3,1.2113336227673812,1.0012019333305822
9dfb8a8bcbfaed9d2389,base_0008,1,synchronization_bursty,0.95,protocol_control_on_demand_epr,protocol_label_only_control,on_demand_epr,prefetch,generic_epr,0,4,True,0,52,1.0,67,3,1.2113336227673812,1.0012019333305822
6dc467c553b423f19616,base_0008,1,synchronization_bursty,0.95,protocol_control_prefetched_epr,protocol_label_only_control,prefetched_epr,prefetch,generic_epr,0,4,True,0,52,1.0,67,3,1.2113336227673812,1.0012019333305822
ccea5552072fb2eb041c,base_0008,1,synchronization_bursty,0.95,protocol_control_telegate,protocol_label_only_control,telegate,prefetch,generic_epr,0,4,True,0,52,1.0,67,3,1.2113336227673812,1.0012019333305822
31fcd12fa9927fde5eba,base_0008,1,synchronization_bursty,0.95,protocol_control_teledata,protocol_label_only_control,teledata,prefetch,generic_epr,0,4,True,0,52,1.0,67,3,1.2113336227673812,1.0012019333305822
130a472d862cec3c2969,base_0008,1,synchronization_bursty,0.95,service_control_low_latency,service_label_only_control,low_latency,custom_epr,generic_epr,1,4,False,0,52,1.0,110,6,1.0948655355887396,1.0041258976249976
1cf75782e63c66e84efd,base_0008,1,synchronization_bursty,0.95,service_control_high_fidelity,service_label_only_control,high_fidelity,custom_epr,generic_epr,1,4,False,0,52,1.0,110,6,1.0948655355887396,1.0041258976249976
2cbe132209e3d90be294,base_0009,0,sparse_periodic,0.65,protocol_direct,protocol_inference,direct_transfer,direct,direct,0,1,False,0,21,1.0,0,0,1.25666825499556,1.0
a3ffe996caadeb01b60c,base_0009,0,sparse_periodic,0.65,protocol_on_demand,protocol_inference,on_demand_epr,custom_epr,generic_epr,0,4,False,0,21,1.0,27,6,1.1422318266681768,1.011384398559725
596ffb1c9c4fc0402c44,base_0009,0,sparse_periodic,0.65,protocol_prefetch,protocol_inference,prefetched_epr,prefetch,generic_epr,0,4,True,0,21,1.0,85,38,1.0571134302094936,1.0
f7bc44e8f96dd8748363,base_0009,0,sparse_periodic,0.65,protocol_telegate,protocol_inference,telegate,prefetch,telegate,0,4,True,0,21,1.0,77,26,1.2997958040468365,1.0214712722766564
0fe6742468263453b16e,base_0009,0,sparse_periodic,0.65,protocol_teledata,protocol_inference,teledata,prefetch,teledata,0,4,True,0,21,1.0,88,37,1.2008257523247396,0.999505779657944
13bb3de1c4ce9c58e6c3,base_0009,0,sparse_periodic,0.65,distill_0,distillation_depth_inference,distill_0,custom_epr,generic_epr,0,6,False,0,21,1.0,28,7,1.1748851027044285,1.011384398559725
f29797363ec7b757413a,base_0009,0,sparse_periodic,0.65,distill_1,distillation_depth_inference,distill_1,custom_epr,generic_epr,1,6,False,0,21,1.0,61,19,1.0488083054319457,1.001990654878111
1fc80af475f950f91965,base_0009,0,sparse_periodic,0.65,distill_2,distillation_depth_inference,distill_2,custom_epr,generic_epr,2,6,False,0,21,1.0,123,39,1.043555106496041,1.0019357439545324
f34c357ad7587f039b31,base_0009,0,sparse_periodic,0.65,retry_1,retry_policy_inference,retry_1,custom_epr,generic_epr,0,1,False,0,21,0.7619047619047619,21,5,1.09957061369816,1.011384398559725
5d15576cc962ca291b63,base_0009,0,sparse_periodic,0.65,retry_2,retry_policy_inference,retry_2,custom_epr,generic_epr,0,2,False,0,21,0.9523809523809523,25,5,1.140404200035831,1.011384398559725
13cfc45d1aa3bfdfc5af,base_0009,0,sparse_periodic,0.65,retry_4,retry_policy_inference,retry_4,custom_epr,generic_epr,0,4,False,0,21,1.0,31,10,1.1414168086024257,1.011384398559725
eac5aa1b071b256bf126,base_0009,0,sparse_periodic,0.65,service_low_latency,service_class_inference,low_latency,custom_epr,generic_epr,0,4,False,0,21,1.0,29,8,1.1077919644747833,1.011384398559725
28bd648dabe56f1745ec,base_0009,0,sparse_periodic,0.65,service_high_fidelity,service_class_inference,high_fidelity,custom_epr,generic_epr,2,4,False,0,21,1.0,113,29,1.0248088626671947,1.001870567054907
f759ff6699e9b5198557,base_0009,0,sparse_periodic,0.65,protocol_control_direct_transfer,protocol_label_only_control,direct_transfer,prefetch,generic_epr,0,4,True,0,21,1.0,76,21,1.20907525421062,1.0
d98e4d00845b2fe597ca,base_0009,0,sparse_periodic,0.65,protocol_control_on_demand_epr,protocol_label_only_control,on_demand_epr,prefetch,generic_epr,0,4,True,0,21,1.0,76,21,1.20907525421062,1.0
155c79d5b8d642f49a1b,base_0009,0,sparse_periodic,0.65,protocol_control_prefetched_epr,protocol_label_only_control,prefetched_epr,prefetch,generic_epr,0,4,True,0,21,1.0,76,21,1.20907525421062,1.0
e6cee199d6875ef90e0b,base_0009,0,sparse_periodic,0.65,protocol_control_telegate,protocol_label_only_control,telegate,prefetch,generic_epr,0,4,True,0,21,1.0,76,21,1.20907525421062,1.0
eecea1c361dc8f8ba574,base_0009,0,sparse_periodic,0.65,protocol_control_teledata,protocol_label_only_control,teledata,prefetch,generic_epr,0,4,True,0,21,1.0,76,21,1.20907525421062,1.0
8405f9e1b8b51ef3309e,base_0009,0,sparse_periodic,0.65,service_control_low_latency,service_label_only_control,low_latency,custom_epr,generic_epr,1,4,False,0,21,0.9523809523809523,68,27,1.0777339213360204,1.0018998864410305
a7a7c474150dc8eeb659,base_0009,0,sparse_periodic,0.65,service_control_high_fidelity,service_label_only_control,high_fidelity,custom_epr,generic_epr,1,4,False,0,21,0.9523809523809523,68,27,1.0777339213360204,1.0018998864410305
de96001424e167d58ec1,base_0009,0,sparse_periodic,0.8,protocol_direct,protocol_inference,direct_transfer,direct,direct,0,1,False,0,21,1.0,0,0,1.25666825499556,1.0
fb6626e19b5d9d2920c8,base_0009,0,sparse_periodic,0.8,protocol_on_demand,protocol_inference,on_demand_epr,custom_epr,generic_epr,0,4,False,0,21,1.0,24,3,1.144049943891776,1.011384398559725
a452a2db74d20f9d5137,base_0009,0,sparse_periodic,0.8,protocol_prefetch,protocol_inference,prefetched_epr,prefetch,generic_epr,0,4,True,0,21,1.0,65,8,1.1843256515671243,1.0215038639461471
c6e2f80560e8200a61fc,base_0009,0,sparse_periodic,0.8,protocol_telegate,protocol_inference,telegate,prefetch,telegate,0,4,True,0,21,1.0,68,15,1.2762838602562403,1.011253437967338
6e0647939c200b4bdcdd,base_0009,0,sparse_periodic,0.8,protocol_teledata,protocol_inference,teledata,prefetch,teledata,0,4,True,0,21,1.0,69,15,1.2785214298339096,1.0196633137256033
2fc51c7301f23b3be20c,base_0009,0,sparse_periodic,0.8,distill_0,distillation_depth_inference,distill_0,custom_epr,generic_epr,0,6,False,0,21,1.0,28,7,1.142469982252374,1.011384398559725
e2e216da6dd8b40e9faf,base_0009,0,sparse_periodic,0.8,distill_1,distillation_depth_inference,distill_1,custom_epr,generic_epr,1,6,False,0,21,1.0,57,15,1.0843315248446086,1.001990654878111
e9c048db8b013935ea85,base_0009,0,sparse_periodic,0.8,distill_2,distillation_depth_inference,distill_2,custom_epr,generic_epr,2,6,False,0,21,1.0,106,22,1.041006013244181,1.0019357439545324
396096b5673e4c64ac43,base_0009,0,sparse_periodic,0.8,retry_1,retry_policy_inference,retry_1,custom_epr,generic_epr,0,1,False,0,21,0.8571428571428571,21,3,1.1055519122118198,1.011384398559725
8d4f87a7caf8a0375b38,base_0009,0,sparse_periodic,0.8,retry_2,retry_policy_inference,retry_2,custom_epr,generic_epr,0,2,False,0,21,1.0,27,6,1.140404200035831,1.011384398559725
93b4ec92aebf12809884,base_0009,0,sparse_periodic,0.8,retry_4,retry_policy_inference,retry_4,custom_epr,generic_epr,0,4,False,0,21,1.0,30,9,1.1295315055739565,1.011384398559725
5195f175e9d675532514,base_0009,0,sparse_periodic,0.8,service_low_latency,service_class_inference,low_latency,custom_epr,generic_epr,0,4,False,0,21,1.0,24,3,1.1408714972622518,1.011384398559725
ed829f8ff564210b3311,base_0009,0,sparse_periodic,0.8,service_high_fidelity,service_class_inference,high_fidelity,custom_epr,generic_epr,2,4,False,0,21,1.0,109,25,1.0462738733541106,1.0002842257025781
55ab7127ba573eb9db45,base_0009,0,sparse_periodic,0.8,protocol_control_direct_transfer,protocol_label_only_control,direct_transfer,prefetch,generic_epr,0,4,True,0,21,1.0,72,16,1.2221501607260383,1.0215038639461471
35196b035a77def02491,base_0009,0,sparse_periodic,0.8,protocol_control_on_demand_epr,protocol_label_only_control,on_demand_epr,prefetch,generic_epr,0,4,True,0,21,1.0,72,16,1.2221501607260383,1.0215038639461471
99de26a8c2b7315a18a6,base_0009,0,sparse_periodic,0.8,protocol_control_prefetched_epr,protocol_label_only_control,prefetched_epr,prefetch,generic_epr,0,4,True,0,21,1.0,72,16,1.2221501607260383,1.0215038639461471
7a3b5ccd71bd920cf140,base_0009,0,sparse_periodic,0.8,protocol_control_telegate,protocol_label_only_control,telegate,prefetch,generic_epr,0,4,True,0,21,1.0,72,16,1.2221501607260383,1.0215038639461471
0699f1747be839e7221d,base_0009,0,sparse_periodic,0.8,protocol_control_teledata,protocol_label_only_control,teledata,prefetch,generic_epr,0,4,True,0,21,1.0,72,16,1.2221501607260383,1.0215038639461471
366c9011c2cdd9a93f0d,base_0009,0,sparse_periodic,0.8,service_control_low_latency,service_label_only_control,low_latency,custom_epr,generic_epr,1,4,False,0,21,1.0,57,15,1.0550101296396197,1.001990654878111
c387a9e1de42dc370dcc,base_0009,0,sparse_periodic,0.8,service_control_high_fidelity,service_label_only_control,high_fidelity,custom_epr,generic_epr,1,4,False,0,21,1.0,57,15,1.0550101296396197,1.001990654878111
d7ebec2de6438fec81b9,base_0009,0,sparse_periodic,0.95,protocol_direct,protocol_inference,direct_transfer,direct,direct,0,1,False,0,21,1.0,0,0,1.25666825499556,1.0
38e27eb6a346e03c63ae,base_0009,0,sparse_periodic,0.95,protocol_on_demand,protocol_inference,on_demand_epr,custom_epr,generic_epr,0,4,False,0,21,1.0,23,2,1.1007759280694212,1.011384398559725
30f505a4a295016af61a,base_0009,0,sparse_periodic,0.95,protocol_prefetch,protocol_inference,prefetched_epr,prefetch,generic_epr,0,4,True,0,21,1.0,60,2,1.2905002325800305,1.0215038639461471
1a19155b1c1225dd2689,base_0009,0,sparse_periodic,0.95,protocol_telegate,protocol_inference,telegate,prefetch,telegate,0,4,True,0,21,1.0,60,6,1.0789562278268678,0.9878750462437705
437a50c737303f2df6c3,base_0009,0,sparse_periodic,0.95,protocol_teledata,protocol_inference,teledata,prefetch,teledata,0,4,True,0,21,1.0,61,4,1.1406509123820603,1.0094839295168623
2397119ac2a3c668b10e,base_0009,0,sparse_periodic,0.95,distill_0,distillation_depth_inference,distill_0,custom_epr,generic_epr,0,6,False,0,21,1.0,22,1,1.1015234182656777,1.011384398559725
aab68b1513702cbbb890,base_0009,0,sparse_periodic,0.95,distill_1,distillation_depth_inference,distill_1,custom_epr,generic_epr,1,6,False,0,21,1.0,44,2,1.075476734392103,1.0019671592669663
8d78c599a0080048ecb7,base_0009,0,sparse_periodic,0.95,distill_2,distillation_depth_inference,distill_2,custom_epr,generic_epr,2,6,False,0,21,1.0,90,6,1.0560203617747956,1.0019357439545324
00c9df0e1e2dfc3dae33,base_0009,0,sparse_periodic,0.95,retry_1,retry_policy_inference,retry_1,custom_epr,generic_epr,0,1,False,0,21,0.9047619047619048,21,2,1.1270431411706876,1.011384398559725
a9d7a026160cad2b79cd,base_0009,0,sparse_periodic,0.95,retry_2,retry_policy_inference,retry_2,custom_epr,generic_epr,0,2,False,0,21,1.0,21,0,1.1270431411706876,1.011384398559725
1ee6d4a2397043ef1c7b,base_0009,0,sparse_periodic,0.95,retry_4,retry_policy_inference,retry_4,custom_epr,generic_epr,0,4,False,0,21,1.0,23,2,1.1270431411706876,1.011384398559725
c4c20b76040c2c514994,base_0009,0,sparse_periodic,0.95,service_low_latency,service_class_inference,low_latency,custom_epr,generic_epr,0,4,False,0,21,1.0,22,1,1.1025940452930203,1.011384398559725
a2e03ac34b4194180a3e,base_0009,0,sparse_periodic,0.95,service_high_fidelity,service_class_inference,high_fidelity,custom_epr,generic_epr,2,4,False,0,21,1.0,90,6,1.0445340484355554,1.001913519452263
19ca1ac3e5f1a840d985,base_0009,0,sparse_periodic,0.95,protocol_control_direct_transfer,protocol_label_only_control,direct_transfer,prefetch,generic_epr,0,4,True,0,21,1.0,63,6,1.2466902379829843,1.0215038639461471
782b93988cee5c9cda41,base_0009,0,sparse_periodic,0.95,protocol_control_on_demand_epr,protocol_label_only_control,on_demand_epr,prefetch,generic_epr,0,4,True,0,21,1.0,63,6,1.2466902379829843,1.0215038639461471
2663079ba159664a8aba,base_0009,0,sparse_periodic,0.95,protocol_control_prefetched_epr,protocol_label_only_control,prefetched_epr,prefetch,generic_epr,0,4,True,0,21,1.0,63,6,1.2466902379829843,1.0215038639461471
fa4e01cf2be11027b542,base_0009,0,sparse_periodic,0.95,protocol_control_telegate,protocol_label_only_control,telegate,prefetch,generic_epr,0,4,True,0,21,1.0,63,6,1.2466902379829843,1.0215038639461471
4ecc22a30cbcd01ec75e,base_0009,0,sparse_periodic,0.95,protocol_control_teledata,protocol_label_only_control,teledata,prefetch,generic_epr,0,4,True,0,21,1.0,63,6,1.2466902379829843,1.0215038639461471
8e533456f0becf787895,base_0009,0,sparse_periodic,0.95,service_control_low_latency,service_label_only_control,low_latency,custom_epr,generic_epr,1,4,False,0,21,1.0,44,2,1.084205772047173,1.001990654878111
997e5eb30026bc97fa42,base_0009,0,sparse_periodic,0.95,service_control_high_fidelity,service_label_only_control,high_fidelity,custom_epr,generic_epr,1,4,False,0,21,1.0,44,2,1.084205772047173,1.001990654878111
01d46301c57c5c1b8a26,base_0009,1,sparse_periodic,0.65,protocol_direct,protocol_inference,direct_transfer,direct,direct,0,1,False,0,21,1.0,0,0,1.2622716287400695,1.0
d724fd5e933da1f990e4,base_0009,1,sparse_periodic,0.65,protocol_on_demand,protocol_inference,on_demand_epr,custom_epr,generic_epr,0,4,False,0,21,0.8571428571428571,35,17,1.1191711841745076,1.0019669479890423
bda023d01085ac958e1c,base_0009,1,sparse_periodic,0.65,protocol_prefetch,protocol_inference,prefetched_epr,prefetch,generic_epr,0,4,True,0,21,1.0,82,33,1.1473865591050278,1.024284033251273
c03adc439c630ed35c4f,base_0009,1,sparse_periodic,0.65,protocol_telegate,protocol_inference,telegate,prefetch,telegate,0,4,True,0,21,1.0,75,20,1.1276871358529337,1.0214689033019613
93f3187552155d271b2b,base_0009,1,sparse_periodic,0.65,protocol_teledata,protocol_inference,teledata,prefetch,teledata,0,4,True,0,21,1.0,69,17,1.1199760955121298,1.0196611486019747
3aef0ea8440d62944664,base_0009,1,sparse_periodic,0.65,distill_0,distillation_depth_inference,distill_0,custom_epr,generic_epr,0,6,False,0,21,1.0,35,14,1.1123604303553656,1.0019993927772635
90944216887176b16fd0,base_0009,1,sparse_periodic,0.65,distill_1,distillation_depth_inference,distill_1,custom_epr,generic_epr,1,6,False,0,21,1.0,67,25,1.056297446339782,1.0019440054434563
e03f1690dd57075adf3b,base_0009,1,sparse_periodic,0.65,distill_2,distillation_depth_inference,distill_2,custom_epr,generic_epr,2,6,False,0,21,1.0,119,35,1.040941288376796,1.0003077631761508
bac4528e64f7d0adc825,base_0009,1,sparse_periodic,0.65,retry_1,retry_policy_inference,retry_1,custom_epr,generic_epr,0,1,False,0,21,0.5238095238095238,21,10,1.0815400325412015,1.0
c013fcbd2ec024879bde,base_0009,1,sparse_periodic,0.65,retry_2,retry_policy_inference,retry_2,custom_epr,generic_epr,0,2,False,0,21,0.8571428571428571,26,8,1.099278724624725,1.0113831405865341
61b3eb749bf2cbbf72c3,base_0009,1,sparse_periodic,0.65,retry_4,retry_policy_inference,retry_4,custom_epr,generic_epr,0,4,False,0,21,1.0,27,6,1.0954779859522497,1.0019993927772635
ac3e3e6ede9fe0db1e4c,base_0009,1,sparse_periodic,0.65,service_low_latency,service_class_inference,low_latency,custom_epr,generic_epr,0,4,False,0,21,0.9523809523809523,29,9,1.1169428590143522,1.0019993927772635
3070c24b5e6710ed9ec6,base_0009,1,sparse_periodic,0.65,service_high_fidelity,service_class_inference,high_fidelity,custom_epr,generic_epr,2,4,False,0,21,0.9523809523809523,122,40,1.038677295476829,1.0018916040804882
0a26d054c5f6e1e66a97,base_0009,1,sparse_periodic,0.65,protocol_control_direct_transfer,protocol_label_only_control,direct_transfer,prefetch,generic_epr,0,4,True,0,21,1.0,74,23,1.2372119238020123,0.9878579833743635
86046101c65ccd777e61,base_0009,1,sparse_periodic,0.65,protocol_control_on_demand_epr,protocol_label_only_control,on_demand_epr,prefetch,generic_epr,0,4,True,0,21,1.0,74,23,1.2372119238020123,0.9878579833743635
277f8cd69169928d1cb6,base_0009,1,sparse_periodic,0.65,protocol_control_prefetched_epr,protocol_label_only_control,prefetched_epr,prefetch,generic_epr,0,4,True,0,21,1.0,74,23,1.2372119238020123,0.9878579833743635
b98544ff31de2b3bc023,base_0009,1,sparse_periodic,0.65,protocol_control_telegate,protocol_label_only_control,telegate,prefetch,generic_epr,0,4,True,0,21,1.0,74,23,1.2372119238020123,0.9878579833743635
81d1e26f985623048ae7,base_0009,1,sparse_periodic,0.65,protocol_control_teledata,protocol_label_only_control,teledata,prefetch,generic_epr,0,4,True,0,21,1.0,74,23,1.2372119238020123,0.9878579833743635
dfd07e90843b1d3843ac,base_0009,1,sparse_periodic,0.65,service_control_low_latency,service_label_only_control,low_latency,custom_epr,generic_epr,1,4,False,0,21,0.9047619047619048,60,22,1.0788304741140238,1.0019904385233473
6f1e627cf35942b9890d,base_0009,1,sparse_periodic,0.65,service_control_high_fidelity,service_label_only_control,high_fidelity,custom_epr,generic_epr,1,4,False,0,21,0.9047619047619048,60,22,1.0788304741140238,1.0019904385233473
d8a7aa97a5a5555cd32f,base_0009,1,sparse_periodic,0.8,protocol_direct,protocol_inference,direct_transfer,direct,direct,0,1,False,0,21,1.0,0,0,1.2622716287400695,1.0
64d1526567ab4acc7fd0,base_0009,1,sparse_periodic,0.8,protocol_on_demand,protocol_inference,on_demand_epr,custom_epr,generic_epr,0,4,False,0,21,1.0,26,5,1.125454685661221,1.0113831405865341
e43b5fc64264d6146e55,base_0009,1,sparse_periodic,0.8,protocol_prefetch,protocol_inference,prefetched_epr,prefetch,generic_epr,0,4,True,0,21,1.0,67,15,1.2457694960612098,1.0215014877745647
97c7de6f4efb13619bbd,base_0009,1,sparse_periodic,0.8,protocol_telegate,protocol_inference,telegate,prefetch,telegate,0,4,True,0,21,1.0,70,16,1.3692262983265184,1.0242472319645681
69bd474c7b6e9d406ceb,base_0009,1,sparse_periodic,0.8,protocol_teledata,protocol_inference,teledata,prefetch,teledata,0,4,True,0,21,1.0,66,12,1.055582119064438,1.0
d8f7d9a1f35089d8a5c6,base_0009,1,sparse_periodic,0.8,distill_0,distillation_depth_inference,distill_0,custom_epr,generic_epr,0,6,False,0,21,1.0,28,7,1.158717822831154,1.0113831405865341
39f5fcefdfd5fb86ca77,base_0009,1,sparse_periodic,0.8,distill_1,distillation_depth_inference,distill_1,custom_epr,generic_epr,1,6,False,0,21,1.0,48,6,1.0705961419991024,1.0019904385233473
fceaa8c3959a44ad4c51,base_0009,1,sparse_periodic,0.8,distill_2,distillation_depth_inference,distill_2,custom_epr,generic_epr,2,6,False,0,21,1.0,95,11,1.0469578771957426,1.0019355393705434
63e04bd38471356f45fa,base_0009,1,sparse_periodic,0.8,retry_1,retry_policy_inference,retry_1,custom_epr,generic_epr,0,1,False,0,21,0.7142857142857143,21,6,1.1090125600137288,1.0113831405865341
232ae0efa2b2da11e8c5,base_0009,1,sparse_periodic,0.8,retry_2,retry_policy_inference,retry_2,custom_epr,generic_epr,0,2,False,0,21,1.0,28,7,1.0943754621058615,1.0019993927772635
32a37922a3f2b99e4086,base_0009,1,sparse_periodic,0.8,retry_4,retry_policy_inference,retry_4,custom_epr,generic_epr,0,4,False,0,21,1.0,23,2,1.1029202791088284,1.0113831405865341
7cb6bab8085893d6bc72,base_0009,1,sparse_periodic,0.8,service_low_latency,service_class_inference,low_latency,custom_epr,generic_epr,0,4,False,0,21,1.0,28,7,1.0954779859522497,1.0019993927772635
ca526eb41c993fefbc71,base_0009,1,sparse_periodic,0.8,service_high_fidelity,service_class_inference,high_fidelity,custom_epr,generic_epr,2,4,False,0,21,1.0,96,12,1.05281602540332,1.0019355393705434
282a0962b7990f0ba023,base_0009,1,sparse_periodic,0.8,protocol_control_direct_transfer,protocol_label_only_control,direct_transfer,prefetch,generic_epr,0,4,True,0,21,1.0,67,11,1.264948149597158,1.0215014877745647
0f403209da339601f391,base_0009,1,sparse_periodic,0.8,protocol_control_on_demand_epr,protocol_label_only_control,on_demand_epr,prefetch,generic_epr,0,4,True,0,21,1.0,67,11,1.264948149597158,1.0215014877745647
8f6f23afab4eba165269,base_0009,1,sparse_periodic,0.8,protocol_control_prefetched_epr,protocol_label_only_control,prefetched_epr,prefetch,generic_epr,0,4,True,0,21,1.0,67,11,1.264948149597158,1.0215014877745647
2a80d7b7068eab9f5fe1,base_0009,1,sparse_periodic,0.8,protocol_control_telegate,protocol_label_only_control,telegate,prefetch,generic_epr,0,4,True,0,21,1.0,67,11,1.264948149597158,1.0215014877745647
a5f11a7aeb9c3ceb46c7,base_0009,1,sparse_periodic,0.8,protocol_control_teledata,protocol_label_only_control,teledata,prefetch,generic_epr,0,4,True,0,21,1.0,67,11,1.264948149597158,1.0215014877745647
e0d0375d11694eb54d57,base_0009,1,sparse_periodic,0.8,service_control_low_latency,service_label_only_control,low_latency,custom_epr,generic_epr,1,4,False,0,21,1.0,54,12,1.061940223154203,1.0019904385233473
edad98d1341ba3f4aa8e,base_0009,1,sparse_periodic,0.8,service_control_high_fidelity,service_label_only_control,high_fidelity,custom_epr,generic_epr,1,4,False,0,21,1.0,54,12,1.061940223154203,1.0019904385233473
de3e25272d90a3feffab,base_0009,1,sparse_periodic,0.95,protocol_direct,protocol_inference,direct_transfer,direct,direct,0,1,False,0,21,1.0,0,0,1.2622716287400695,1.0
bb92508838e0bcfbfa9c,base_0009,1,sparse_periodic,0.95,protocol_on_demand,protocol_inference,on_demand_epr,custom_epr,generic_epr,0,4,False,0,21,1.0,21,0,1.1273693749864957,1.0113831405865341
60aebe1b9204ff2729a1,base_0009,1,sparse_periodic,0.95,protocol_prefetch,protocol_inference,prefetched_epr,prefetch,generic_epr,0,4,True,0,21,1.0,59,0,1.2434816389475134,1.0215014877745647
88797c72c81a9c289eb5,base_0009,1,sparse_periodic,0.95,protocol_telegate,protocol_inference,telegate,prefetch,telegate,0,4,True,0,21,1.0,61,4,1.1497411187364097,1.0214689033019613
abaf2845a961be3dc769,base_0009,1,sparse_periodic,0.95,protocol_teledata,protocol_inference,teledata,prefetch,teledata,0,4,True,0,21,1.0,61,5,1.1702751815642929,1.0196611486019747
f1ebb72ec270b93e4647,base_0009,1,sparse_periodic,0.95,distill_0,distillation_depth_inference,distill_0,custom_epr,generic_epr,0,6,False,0,21,1.0,21,0,1.1273693749864957,1.0113831405865341
a45d7c92339d3267681f,base_0009,1,sparse_periodic,0.95,distill_1,distillation_depth_inference,distill_1,custom_epr,generic_epr,1,6,False,0,21,1.0,43,1,1.0761465250377267,1.0019904385233473
91260639ac107685d0c8,base_0009,1,sparse_periodic,0.95,distill_2,distillation_depth_inference,distill_2,custom_epr,generic_epr,2,6,False,0,21,1.0,85,1,1.0497973031804844,1.001913319538769
7c5dd62aa49254632d0c,base_0009,1,sparse_periodic,0.95,retry_1,retry_policy_inference,retry_1,custom_epr,generic_epr,0,1,False,0,21,0.8095238095238095,21,4,1.0998968475139683,1.0
e704ed31efa05b447346,base_0009,1,sparse_periodic,0.95,retry_2,retry_policy_inference,retry_2,custom_epr,generic_epr,0,2,False,0,21,1.0,22,1,1.1237278205023924,1.0113831405865341
b4ce3749338bd7046fbd,base_0009,1,sparse_periodic,0.95,retry_4,retry_policy_inference,retry_4,custom_epr,generic_epr,0,4,False,0,21,1.0,22,1,1.1273693749864957,1.0113831405865341
f92ddbc2b8a8075e9431,base_0009,1,sparse_periodic,0.95,service_low_latency,service_class_inference,low_latency,custom_epr,generic_epr,0,4,False,0,21,1.0,22,1,1.1273693749864957,1.0113831405865341
22ebf7256a013f00737f,base_0009,1,sparse_periodic,0.95,service_high_fidelity,service_class_inference,high_fidelity,custom_epr,generic_epr,2,4,False,0,21,1.0,88,4,1.04304706521383,1.0019355393705434
1797eed89fc39f32abcf,base_0009,1,sparse_periodic,0.95,protocol_control_direct_transfer,protocol_label_only_control,direct_transfer,prefetch,generic_epr,0,4,True,0,21,1.0,59,0,1.2434816389475134,1.0215014877745647
27e0b269ed415fe8c7ba,base_0009,1,sparse_periodic,0.95,protocol_control_on_demand_epr,protocol_label_only_control,on_demand_epr,prefetch,generic_epr,0,4,True,0,21,1.0,59,0,1.2434816389475134,1.0215014877745647
d77860ca9e77788c6804,base_0009,1,sparse_periodic,0.95,protocol_control_prefetched_epr,protocol_label_only_control,prefetched_epr,prefetch,generic_epr,0,4,True,0,21,1.0,59,0,1.2434816389475134,1.0215014877745647
b550911d90c38291f8c5,base_0009,1,sparse_periodic,0.95,protocol_control_telegate,protocol_label_only_control,telegate,prefetch,generic_epr,0,4,True,0,21,1.0,59,0,1.2434816389475134,1.0215014877745647
85debd2de0f85f927da4,base_0009,1,sparse_periodic,0.95,protocol_control_teledata,protocol_label_only_control,teledata,prefetch,generic_epr,0,4,True,0,21,1.0,59,0,1.2434816389475134,1.0215014877745647
9517de46e935d385b235,base_0009,1,sparse_periodic,0.95,service_control_low_latency,service_label_only_control,low_latency,custom_epr,generic_epr,1,4,False,0,21,1.0,42,0,1.0774409838582477,1.0019904385233473
b96449c06365a6b5a64d,base_0009,1,sparse_periodic,0.95,service_control_high_fidelity,service_label_only_control,high_fidelity,custom_epr,generic_epr,1,4,False,0,21,1.0,42,0,1.0774409838582477,1.0019904385233473
6d6096d002a3447050cb,base_0010,0,dense_periodic,0.65,protocol_direct,protocol_inference,direct_transfer,direct,direct,0,1,False,0,46,1.0,0,0,1.0554397442514882,1.0
42c04213fdfe17958198,base_0010,0,dense_periodic,0.65,protocol_on_demand,protocol_inference,on_demand_epr,custom_epr,generic_epr,0,4,False,0,46,1.0,66,20,1.0287535591853159,1.0019626030676072
80def0dab626aa1388fb,base_0010,0,dense_periodic,0.65,protocol_prefetch,protocol_inference,prefetched_epr,prefetch,generic_epr,0,4,True,0,46,1.0,91,28,1.0554397442514882,1.0
47d0f11ed71da6cd6d58,base_0010,0,dense_periodic,0.65,protocol_telegate,protocol_inference,telegate,prefetch,telegate,0,4,True,0,46,1.0,89,26,1.04619978687624,1.0
4dc86e05b580a99aeffe,base_0010,0,dense_periodic,0.65,protocol_teledata,protocol_inference,teledata,prefetch,teledata,0,4,True,0,46,1.0,99,37,1.024265050398499,1.0
0fb534209dc101602f40,base_0010,0,dense_periodic,0.65,distill_0,distillation_depth_inference,distill_0,custom_epr,generic_epr,0,6,False,0,46,1.0,71,25,1.0291604201377704,1.0
216d2b788327152dd967,base_0010,0,dense_periodic,0.65,distill_1,distillation_depth_inference,distill_1,custom_epr,generic_epr,1,6,False,0,46,1.0,147,55,1.1006841342877296,1.0017468351765744
75309f2475301c85b6f9,base_0010,0,dense_periodic,0.65,distill_2,distillation_depth_inference,distill_2,custom_epr,generic_epr,2,6,False,0,46,1.0,297,113,1.2585052837740776,1.0340940697361654
dfa26ffc150e845a8b9e,base_0010,0,dense_periodic,0.65,retry_1,retry_policy_inference,retry_1,custom_epr,generic_epr,0,1,False,0,46,0.6956521739130435,46,14,1.0,1.0
a1581f9711784fd76134,base_0010,0,dense_periodic,0.65,retry_2,retry_policy_inference,retry_2,custom_epr,generic_epr,0,2,False,0,46,0.8043478260869565,60,23,1.0177855369106765,1.0
9e2cfe2887c5cc373ac5,base_0010,0,dense_periodic,0.65,retry_4,retry_policy_inference,retry_4,custom_epr,generic_epr,0,4,False,0,46,0.9565217391304348,72,28,1.047757199650596,1.00348246616506
03e20ff4cf5bdee4a02e,base_0010,0,dense_periodic,0.65,service_low_latency,service_class_inference,low_latency,custom_epr,generic_epr,0,4,False,0,46,0.9347826086956522,84,41,1.0342796795360762,1.00348246616506
a0bb7723c5f19231c477,base_0010,0,dense_periodic,0.65,service_high_fidelity,service_class_inference,high_fidelity,custom_epr,generic_epr,2,4,False,0,46,0.9565217391304348,261,85,1.123594911484979,1.0116534822556926
204bf1e8bf1ccca6b3ef,base_0010,0,dense_periodic,0.65,protocol_control_direct_transfer,protocol_label_only_control,direct_transfer,prefetch,generic_epr,0,4,True,0,46,1.0,98,35,1.0554397442514882,1.0
4f6ca48c1fc8a532c144,base_0010,0,dense_periodic,0.65,protocol_control_on_demand_epr,protocol_label_only_control,on_demand_epr,prefetch,generic_epr,0,4,True,0,46,1.0,98,35,1.0554397442514882,1.0
c81b6952b2239d65f09f,base_0010,0,dense_periodic,0.65,protocol_control_prefetched_epr,protocol_label_only_control,prefetched_epr,prefetch,generic_epr,0,4,True,0,46,1.0,98,35,1.0554397442514882,1.0
c17f3321b831cc48f931,base_0010,0,dense_periodic,0.65,protocol_control_telegate,protocol_label_only_control,telegate,prefetch,generic_epr,0,4,True,0,46,1.0,98,35,1.0554397442514882,1.0
64b98b4a6bc49f61fe92,base_0010,0,dense_periodic,0.65,protocol_control_teledata,protocol_label_only_control,teledata,prefetch,generic_epr,0,4,True,0,46,1.0,98,35,1.0554397442514882,1.0
37ec73b4b48370f33fdd,base_0010,0,dense_periodic,0.65,service_control_low_latency,service_label_only_control,low_latency,custom_epr,generic_epr,1,4,False,0,46,0.9565217391304348,146,58,1.0708179075569366,1.0
fbb5bb8f6463f89135f1,base_0010,0,dense_periodic,0.65,service_control_high_fidelity,service_label_only_control,high_fidelity,custom_epr,generic_epr,1,4,False,0,46,0.9565217391304348,146,58,1.0708179075569366,1.0
6ccd875968419ebe0b4b,base_0010,0,dense_periodic,0.8,protocol_direct,protocol_inference,direct_transfer,direct,direct,0,1,False,0,46,1.0,0,0,1.0554397442514882,1.0
a883b831b88251845ad1,base_0010,0,dense_periodic,0.8,protocol_on_demand,protocol_inference,on_demand_epr,custom_epr,generic_epr,0,4,False,0,46,1.0,64,18,1.0265446764956945,1.0
9ee170448c91606384d7,base_0010,0,dense_periodic,0.8,protocol_prefetch,protocol_inference,prefetched_epr,prefetch,generic_epr,0,4,True,0,46,1.0,80,15,1.0554397442514882,1.0
86eeb067daa7c3a6df33,base_0010,0,dense_periodic,0.8,protocol_telegate,protocol_inference,telegate,prefetch,telegate,0,4,True,0,46,1.0,88,25,1.047097677432763,1.0
18abf2063e0163a61627,base_0010,0,dense_periodic,0.8,protocol_teledata,protocol_inference,teledata,prefetch,teledata,0,4,True,0,46,1.0,81,18,1.024265050398499,1.0
053ee76249aeef4a30d9,base_0010,0,dense_periodic,0.8,distill_0,distillation_depth_inference,distill_0,custom_epr,generic_epr,0,6,False,0,46,1.0,61,15,1.0092658118517046,1.0
7a15597c6f18df753127,base_0010,0,dense_periodic,0.8,distill_1,distillation_depth_inference,distill_1,custom_epr,generic_epr,1,6,False,0,46,1.0,108,16,1.0840008980674676,1.0
6ce1a31646ed70bf7cd9,base_0010,0,dense_periodic,0.8,distill_2,distillation_depth_inference,distill_2,custom_epr,generic_epr,2,6,False,0,46,1.0,220,36,1.0626768691310942,1.0046906301933427
613193458a8013aaf465,base_0010,0,dense_periodic,0.8,retry_1,retry_policy_inference,retry_1,custom_epr,generic_epr,0,1,False,0,46,0.7608695652173914,46,11,1.0,1.0
89f62cc9189b75839952,base_0010,0,dense_periodic,0.8,retry_2,retry_policy_inference,retry_2,custom_epr,generic_epr,0,2,False,0,46,0.9782608695652174,56,11,1.0090966175670533,1.0
e89b8d8aba97328d4863,base_0010,0,dense_periodic,0.8,retry_4,retry_policy_inference,retry_4,custom_epr,generic_epr,0,4,False,0,46,1.0,50,4,1.0,1.0
50c7f3e5f8e2ac86d44d,base_0010,0,dense_periodic,0.8,service_low_latency,service_class_inference,low_latency,custom_epr,generic_epr,0,4,False,0,46,1.0,56,10,1.0,1.0
cf642d765920293db5e7,base_0010,0,dense_periodic,0.8,service_high_fidelity,service_class_inference,high_fidelity,custom_epr,generic_epr,2,4,False,0,46,1.0,229,45,1.068618008686379,1.0018755512288748
e2d0033c95ea8dbab09d,base_0010,0,dense_periodic,0.8,protocol_control_direct_transfer,protocol_label_only_control,direct_transfer,prefetch,generic_epr,0,4,True,0,46,1.0,76,10,1.0585561470170683,1.0
585f0369aff8b83769e9,base_0010,0,dense_periodic,0.8,protocol_control_on_demand_epr,protocol_label_only_control,on_demand_epr,prefetch,generic_epr,0,4,True,0,46,1.0,76,10,1.0585561470170683,1.0
54cf3fafd69e5d5580cb,base_0010,0,dense_periodic,0.8,protocol_control_prefetched_epr,protocol_label_only_control,prefetched_epr,prefetch,generic_epr,0,4,True,0,46,1.0,76,10,1.0585561470170683,1.0
48aeab12035f8414c202,base_0010,0,dense_periodic,0.8,protocol_control_telegate,protocol_label_only_control,telegate,prefetch,generic_epr,0,4,True,0,46,1.0,76,10,1.0585561470170683,1.0
898ebd59bde783dc5edf,base_0010,0,dense_periodic,0.8,protocol_control_teledata,protocol_label_only_control,teledata,prefetch,generic_epr,0,4,True,0,46,1.0,76,10,1.0585561470170683,1.0
ac42702dae63909c8aba,base_0010,0,dense_periodic,0.8,service_control_low_latency,service_label_only_control,low_latency,custom_epr,generic_epr,1,4,False,0,46,1.0,118,26,1.0729433326098607,1.0
b569dc8a6275e8527cc5,base_0010,0,dense_periodic,0.8,service_control_high_fidelity,service_label_only_control,high_fidelity,custom_epr,generic_epr,1,4,False,0,46,1.0,118,26,1.0729433326098607,1.0
220ad57ac5591c6b80b9,base_0010,0,dense_periodic,0.95,protocol_direct,protocol_inference,direct_transfer,direct,direct,0,1,False,0,46,1.0,0,0,1.0554397442514882,1.0
6af286b85dd8e0f9fa92,base_0010,0,dense_periodic,0.95,protocol_on_demand,protocol_inference,on_demand_epr,custom_epr,generic_epr,0,4,False,0,46,1.0,49,3,1.0,1.0
d35a19ea36041294de18,base_0010,0,dense_periodic,0.95,protocol_prefetch,protocol_inference,prefetched_epr,prefetch,generic_epr,0,4,True,0,46,1.0,69,2,1.0554397442514882,1.0
a04307c2ae5dca7a793b,base_0010,0,dense_periodic,0.95,protocol_telegate,protocol_inference,telegate,prefetch,telegate,0,4,True,0,46,1.0,70,3,1.04619978687624,1.0
542e44f67dec5581827f,base_0010,0,dense_periodic,0.95,protocol_teledata,protocol_inference,teledata,prefetch,teledata,0,4,True,0,46,1.0,72,7,1.024265050398499,1.0
1080a544092f190eb24c,base_0010,0,dense_periodic,0.95,distill_0,distillation_depth_inference,distill_0,custom_epr,generic_epr,0,6,False,0,46,1.0,47,1,1.0,1.0
1b6ad4670b384ef9fdde,base_0010,0,dense_periodic,0.95,distill_1,distillation_depth_inference,distill_1,custom_epr,generic_epr,1,6,False,0,46,1.0,99,7,1.0867339836393417,1.0
38b5689b059d7564391b,base_0010,0,dense_periodic,0.95,distill_2,distillation_depth_inference,distill_2,custom_epr,generic_epr,2,6,False,0,46,1.0,191,7,1.0499766784257616,1.0
bb24284f517f29002c9b,base_0010,0,dense_periodic,0.95,retry_1,retry_policy_inference,retry_1,custom_epr,generic_epr,0,1,False,0,46,0.9347826086956522,46,3,1.0,1.0
82cc1cbd5c42ec8aa5b3,base_0010,0,dense_periodic,0.95,retry_2,retry_policy_inference,retry_2,custom_epr,generic_epr,0,2,False,0,46,1.0,47,1,1.0,1.0
970be7148f0e73dbb731,base_0010,0,dense_periodic,0.95,retry_4,retry_policy_inference,retry_4,custom_epr,generic_epr,0,4,False,0,46,1.0,47,1,1.0,1.0
a68e9df7cd83a410f208,base_0010,0,dense_periodic,0.95,service_low_latency,service_class_inference,low_latency,custom_epr,generic_epr,0,4,False,0,46,1.0,47,1,1.0,1.0
150d7ae396a6c450d1f5,base_0010,0,dense_periodic,0.95,service_high_fidelity,service_class_inference,high_fidelity,custom_epr,generic_epr,2,4,False,0,46,1.0,197,13,1.0493070153132034,1.0
fd853b7aca7df1ae37a1,base_0010,0,dense_periodic,0.95,protocol_control_direct_transfer,protocol_label_only_control,direct_transfer,prefetch,generic_epr,0,4,True,0,46,1.0,69,3,1.0554397442514882,1.0
67ed39c618b00bd9ec1e,base_0010,0,dense_periodic,0.95,protocol_control_on_demand_epr,protocol_label_only_control,on_demand_epr,prefetch,generic_epr,0,4,True,0,46,1.0,69,3,1.0554397442514882,1.0
0f21a4c0cc0e3eaa0695,base_0010,0,dense_periodic,0.95,protocol_control_prefetched_epr,protocol_label_only_control,prefetched_epr,prefetch,generic_epr,0,4,True,0,46,1.0,69,3,1.0554397442514882,1.0
8c6c36d3bae0a9a35ba1,base_0010,0,dense_periodic,0.95,protocol_control_telegate,protocol_label_only_control,telegate,prefetch,generic_epr,0,4,True,0,46,1.0,69,3,1.0554397442514882,1.0
36a7d19e8f122aec5a3e,base_0010,0,dense_periodic,0.95,protocol_control_teledata,protocol_label_only_control,teledata,prefetch,generic_epr,0,4,True,0,46,1.0,69,3,1.0554397442514882,1.0
ea1108b991a94a6d89fc,base_0010,0,dense_periodic,0.95,service_control_low_latency,service_label_only_control,low_latency,custom_epr,generic_epr,1,4,False,0,46,1.0,98,6,1.0833656617963883,1.0
5b99d507ece987487c9a,base_0010,0,dense_periodic,0.95,service_control_high_fidelity,service_label_only_control,high_fidelity,custom_epr,generic_epr,1,4,False,0,46,1.0,98,6,1.0833656617963883,1.0
585a1577309ada60c023,base_0010,1,dense_periodic,0.65,protocol_direct,protocol_inference,direct_transfer,direct,direct,0,1,False,0,46,1.0,0,0,1.0439853451492733,1.0
e82b200b85a315b42273,base_0010,1,dense_periodic,0.65,protocol_on_demand,protocol_inference,on_demand_epr,custom_epr,generic_epr,0,4,False,0,46,1.0,65,19,1.029288129481883,1.0034824775702158
327b2889cd940c9d27e7,base_0010,1,dense_periodic,0.65,protocol_prefetch,protocol_inference,prefetched_epr,prefetch,generic_epr,0,4,True,0,46,1.0,91,30,1.0439853451492733,1.0
92ba78f5e050dff2e2da,base_0010,1,dense_periodic,0.65,protocol_telegate,protocol_inference,telegate,prefetch,telegate,0,4,True,0,46,1.0,96,34,1.0366544542910612,1.0
492e6ec7c7d4a82e8adb,base_0010,1,dense_periodic,0.65,protocol_teledata,protocol_inference,teledata,prefetch,teledata,0,4,True,0,46,1.0,101,41,1.0294481816603802,1.0
016f5fbeb07c9a58c33d,base_0010,1,dense_periodic,0.65,distill_0,distillation_depth_inference,distill_0,custom_epr,generic_epr,0,6,False,0,46,1.0,89,43,1.0553073838171758,1.0
a1b566968ffff1bad7d0,base_0010,1,dense_periodic,0.65,distill_1,distillation_depth_inference,distill_1,custom_epr,generic_epr,1,6,False,0,46,1.0,136,44,1.084344483769844,1.0
0d192fb5c16d0d4cdbbf,base_0010,1,dense_periodic,0.65,distill_2,distillation_depth_inference,distill_2,custom_epr,generic_epr,2,6,False,0,46,0.9782608695652174,283,100,1.1256781544935057,1.042009437248188
bcf0fc342b653b5b51ce,base_0010,1,dense_periodic,0.65,retry_1,retry_policy_inference,retry_1,custom_epr,generic_epr,0,1,False,0,46,0.6956521739130435,46,14,1.0,1.0
70c7ae8b4653e7f37ae3,base_0010,1,dense_periodic,0.65,retry_2,retry_policy_inference,retry_2,custom_epr,generic_epr,0,2,False,0,46,0.9347826086956522,58,15,1.0170429831140282,1.0
0773eeb480715a2ce38e,base_0010,1,dense_periodic,0.65,retry_4,retry_policy_inference,retry_4,custom_epr,generic_epr,0,4,False,0,46,0.9782608695652174,65,20,1.0071365107515597,1.0
68b84da232b6f1fceee1,base_0010,1,dense_periodic,0.65,service_low_latency,service_class_inference,low_latency,custom_epr,generic_epr,0,4,False,0,46,0.9130434782608695,72,30,1.025179024980892,1.0
f1445872e4192c8916f2,base_0010,1,dense_periodic,0.65,service_high_fidelity,service_class_inference,high_fidelity,custom_epr,generic_epr,2,4,False,0,46,0.9347826086956522,275,96,1.144357156724371,1.0153089271216995
a702c23fbdd46625822a,base_0010,1,dense_periodic,0.65,protocol_control_direct_transfer,protocol_label_only_control,direct_transfer,prefetch,generic_epr,0,4,True,0,46,1.0,111,50,1.047094199796761,1.0
2313dd69b5d8aee0d3b1,base_0010,1,dense_periodic,0.65,protocol_control_on_demand_epr,protocol_label_only_control,on_demand_epr,prefetch,generic_epr,0,4,True,0,46,1.0,111,50,1.047094199796761,1.0
a695fbb485c61521daaa,base_0010,1,dense_periodic,0.65,protocol_control_prefetched_epr,protocol_label_only_control,prefetched_epr,prefetch,generic_epr,0,4,True,0,46,1.0,111,50,1.047094199796761,1.0
cc140420e3cfcbed814a,base_0010,1,dense_periodic,0.65,protocol_control_telegate,protocol_label_only_control,telegate,prefetch,generic_epr,0,4,True,0,46,1.0,111,50,1.047094199796761,1.0
2c25bb447c564941c4c4,base_0010,1,dense_periodic,0.65,protocol_control_teledata,protocol_label_only_control,teledata,prefetch,generic_epr,0,4,True,0,46,1.0,111,50,1.047094199796761,1.0
f775d298e97ef228b301,base_0010,1,dense_periodic,0.65,service_control_low_latency,service_label_only_control,low_latency,custom_epr,generic_epr,1,4,False,0,46,0.9782608695652174,135,44,1.0892379508766905,1.0019309985089544
002fd8d67e65eb687bc5,base_0010,1,dense_periodic,0.65,service_control_high_fidelity,service_label_only_control,high_fidelity,custom_epr,generic_epr,1,4,False,0,46,0.9782608695652174,135,44,1.0892379508766905,1.0019309985089544
1ebd7d7e50a76de7ebde,base_0010,1,dense_periodic,0.8,protocol_direct,protocol_inference,direct_transfer,direct,direct,0,1,False,0,46,1.0,0,0,1.0439853451492733,1.0
10a7f4643000ecda70e6,base_0010,1,dense_periodic,0.8,protocol_on_demand,protocol_inference,on_demand_epr,custom_epr,generic_epr,0,4,False,0,46,1.0,60,14,1.0048160333686262,1.0
338cb7858a72074075d2,base_0010,1,dense_periodic,0.8,protocol_prefetch,protocol_inference,prefetched_epr,prefetch,generic_epr,0,4,True,0,46,1.0,87,24,1.0727063939405712,1.0
2eeaf3d0c4096faa01fb,base_0010,1,dense_periodic,0.8,protocol_telegate,protocol_inference,telegate,prefetch,telegate,0,4,True,0,46,1.0,80,17,1.0366544542910612,1.0
00cf592bd152f2ad1815,base_0010,1,dense_periodic,0.8,protocol_teledata,protocol_inference,teledata,prefetch,teledata,0,4,True,0,46,1.0,75,9,1.0173418757497432,1.0
a8ac470de62b3a561390,base_0010,1,dense_periodic,0.8,distill_0,distillation_depth_inference,distill_0,custom_epr,generic_epr,0,6,False,0,46,1.0,56,10,1.0262021777115862,1.0
b0707729731fd27adc36,base_0010,1,dense_periodic,0.8,distill_1,distillation_depth_inference,distill_1,custom_epr,generic_epr,1,6,False,0,46,1.0,120,28,1.0696913598371067,1.0
a893815ff3035abfcb03,base_0010,1,dense_periodic,0.8,distill_2,distillation_depth_inference,distill_2,custom_epr,generic_epr,2,6,False,0,46,1.0,229,45,1.064339784181319,1.001769487832174
31068a56413547846ad9,base_0010,1,dense_periodic,0.8,retry_1,retry_policy_inference,retry_1,custom_epr,generic_epr,0,1,False,0,46,0.9130434782608695,46,4,1.0,1.0
a0c6bafc277958ce8aa6,base_0010,1,dense_periodic,0.8,retry_2,retry_policy_inference,retry_2,custom_epr,generic_epr,0,2,False,0,46,1.0,54,8,1.0,1.0
066963bfc98f229227b8,base_0010,1,dense_periodic,0.8,retry_4,retry_policy_inference,retry_4,custom_epr,generic_epr,0,4,False,0,46,1.0,63,17,1.0191169330402179,1.0
3e3c3314c9e52e6a0494,base_0010,1,dense_periodic,0.8,service_low_latency,service_class_inference,low_latency,custom_epr,generic_epr,0,4,False,0,46,1.0,52,6,1.0186611357567974,1.0
2bad44108318b1b33d50,base_0010,1,dense_periodic,0.8,service_high_fidelity,service_class_inference,high_fidelity,custom_epr,generic_epr,2,4,False,0,46,1.0,233,49,1.1011696301745815,1.0056490887057516
4e8431f55a1f02ceb60c,base_0010,1,dense_periodic,0.8,protocol_control_direct_transfer,protocol_label_only_control,direct_transfer,prefetch,generic_epr,0,4,True,0,46,1.0,81,16,1.0439853451492733,1.0
31e8f9e65fa27181a192,base_0010,1,dense_periodic,0.8,protocol_control_on_demand_epr,protocol_label_only_control,on_demand_epr,prefetch,generic_epr,0,4,True,0,46,1.0,81,16,1.0439853451492733,1.0
a6a719610ed9bd144896,base_0010,1,dense_periodic,0.8,protocol_control_prefetched_epr,protocol_label_only_control,prefetched_epr,prefetch,generic_epr,0,4,True,0,46,1.0,81,16,1.0439853451492733,1.0
9b1dc9a619b3269821ff,base_0010,1,dense_periodic,0.8,protocol_control_telegate,protocol_label_only_control,telegate,prefetch,generic_epr,0,4,True,0,46,1.0,81,16,1.0439853451492733,1.0
8cb193bbb7a91375f610,base_0010,1,dense_periodic,0.8,protocol_control_teledata,protocol_label_only_control,teledata,prefetch,generic_epr,0,4,True,0,46,1.0,81,16,1.0439853451492733,1.0
c2f0b8a6b7c78d467b2f,base_0010,1,dense_periodic,0.8,service_control_low_latency,service_label_only_control,low_latency,custom_epr,generic_epr,1,4,False,0,46,0.9782608695652174,122,32,1.094584588579728,1.0
acf0a8600006edd22f4f,base_0010,1,dense_periodic,0.8,service_control_high_fidelity,service_label_only_control,high_fidelity,custom_epr,generic_epr,1,4,False,0,46,0.9782608695652174,122,32,1.094584588579728,1.0
c49693707b722c61a2b7,base_0010,1,dense_periodic,0.95,protocol_direct,protocol_inference,direct_transfer,direct,direct,0,1,False,0,46,1.0,0,0,1.0439853451492733,1.0
3d4a11899fe67a29b4a8,base_0010,1,dense_periodic,0.95,protocol_on_demand,protocol_inference,on_demand_epr,custom_epr,generic_epr,0,4,False,0,46,1.0,49,3,1.0,1.0
9423552fb77124c385b9,base_0010,1,dense_periodic,0.95,protocol_prefetch,protocol_inference,prefetched_epr,prefetch,generic_epr,0,4,True,0,46,1.0,70,3,1.0439853451492733,1.0
40d5699cb78c7a3af46c,base_0010,1,dense_periodic,0.95,protocol_telegate,protocol_inference,telegate,prefetch,telegate,0,4,True,0,46,1.0,68,2,1.0366544542910612,1.0
2d77f1bd573530314a85,base_0010,1,dense_periodic,0.95,protocol_teledata,protocol_inference,teledata,prefetch,teledata,0,4,True,0,46,1.0,72,7,1.0173418757497432,1.0
eb25b115a680150eaf9f,base_0010,1,dense_periodic,0.95,distill_0,distillation_depth_inference,distill_0,custom_epr,generic_epr,0,6,False,0,46,1.0,51,5,1.0169898683258416,1.0
b4d279056436300bd9f2,base_0010,1,dense_periodic,0.95,distill_1,distillation_depth_inference,distill_1,custom_epr,generic_epr,1,6,False,0,46,1.0,101,9,1.0894813601892928,1.0
afbea7369efbaabd515e,base_0010,1,dense_periodic,0.95,distill_2,distillation_depth_inference,distill_2,custom_epr,generic_epr,2,6,False,0,46,1.0,196,12,1.0536655614931127,1.0011447102638205
65c6224b6d19236d3083,base_0010,1,dense_periodic,0.95,retry_1,retry_policy_inference,retry_1,custom_epr,generic_epr,0,1,False,0,46,0.9130434782608695,46,4,1.0,1.0
7bb4dea6e1422367b292,base_0010,1,dense_periodic,0.95,retry_2,retry_policy_inference,retry_2,custom_epr,generic_epr,0,2,False,0,46,1.0,50,4,1.0261710544003737,1.0034824775702158
57c5889c644270d2356d,base_0010,1,dense_periodic,0.95,retry_4,retry_policy_inference,retry_4,custom_epr,generic_epr,0,4,False,0,46,1.0,50,4,1.0093000734957278,1.0
3220ab07ca744abc10f5,base_0010,1,dense_periodic,0.95,service_low_latency,service_class_inference,low_latency,custom_epr,generic_epr,0,4,False,0,46,1.0,48,2,1.0,1.0
a2f611b80db30364d465,base_0010,1,dense_periodic,0.95,service_high_fidelity,service_class_inference,high_fidelity,custom_epr,generic_epr,2,4,False,0,46,1.0,194,10,1.0535188467616754,1.0
8d80d521bba5c0b6754b,base_0010,1,dense_periodic,0.95,protocol_control_direct_transfer,protocol_label_only_control,direct_transfer,prefetch,generic_epr,0,4,True,0,46,1.0,69,2,1.0439853451492733,1.0
87545bd057e5ffae2c68,base_0010,1,dense_periodic,0.95,protocol_control_on_demand_epr,protocol_label_only_control,on_demand_epr,prefetch,generic_epr,0,4,True,0,46,1.0,69,2,1.0439853451492733,1.0
4136760bb0acaca719ab,base_0010,1,dense_periodic,0.95,protocol_control_prefetched_epr,protocol_label_only_control,prefetched_epr,prefetch,generic_epr,0,4,True,0,46,1.0,69,2,1.0439853451492733,1.0
7292381f29ea41b49471,base_0010,1,dense_periodic,0.95,protocol_control_telegate,protocol_label_only_control,telegate,prefetch,generic_epr,0,4,True,0,46,1.0,69,2,1.0439853451492733,1.0
00d1522a7ef71d47cc25,base_0010,1,dense_periodic,0.95,protocol_control_teledata,protocol_label_only_control,teledata,prefetch,generic_epr,0,4,True,0,46,1.0,69,2,1.0439853451492733,1.0
3a58a3e01abfba269ae5,base_0010,1,dense_periodic,0.95,service_control_low_latency,service_label_only_control,low_latency,custom_epr,generic_epr,1,4,False,0,46,1.0,96,4,1.0898115624174531,1.0
7a078482c6dff73a31cc,base_0010,1,dense_periodic,0.95,service_control_high_fidelity,service_label_only_control,high_fidelity,custom_epr,generic_epr,1,4,False,0,46,1.0,96,4,1.0898115624174531,1.0
67a392c95d010ce5977c,base_0011,0,synchronization_bursty,0.65,protocol_direct,protocol_inference,direct_transfer,direct,direct,0,1,False,1,65,1.0,0,0,1.4637402494188396,1.0122939620526208
fb6a2e9add05cac328ce,base_0011,0,synchronization_bursty,0.65,protocol_on_demand,protocol_inference,on_demand_epr,custom_epr,generic_epr,0,4,False,1,65,1.0,109,44,1.1103343268760708,1.0019183016276727
2d51ddeebcf44c62f598,base_0011,0,synchronization_bursty,0.65,protocol_prefetch,protocol_inference,prefetched_epr,prefetch,generic_epr,0,4,True,1,65,1.0,116,42,1.4618458302052624,1.0199926344370949
5261ad0b16e8a8ba6b42,base_0011,0,synchronization_bursty,0.65,protocol_telegate,protocol_inference,telegate,prefetch,telegate,0,4,True,1,65,1.0,105,31,1.3160459607452852,1.014822714350166
efa4c099436152f57280,base_0011,0,synchronization_bursty,0.65,protocol_teledata,protocol_inference,teledata,prefetch,teledata,0,4,True,1,65,1.0,126,53,1.3282262946877241,1.014792428657806
8fda522963760c76cb0d,base_0011,0,synchronization_bursty,0.65,distill_0,distillation_depth_inference,distill_0,custom_epr,generic_epr,0,6,False,1,65,1.0,104,39,1.1219561991950004,1.001998822876394
7047ff21c203006ed523,base_0011,0,synchronization_bursty,0.65,distill_1,distillation_depth_inference,distill_1,custom_epr,generic_epr,1,6,False,1,65,0.9846153846153847,201,72,1.1597297655113057,1.0018876223338162
bef22c9a19ec2b3482bc,base_0011,0,synchronization_bursty,0.65,distill_2,distillation_depth_inference,distill_2,custom_epr,generic_epr,2,6,False,1,65,0.9692307692307692,403,150,1.313612210872109,1.0444290177021867
8ec26cc56d371376ff40,base_0011,0,synchronization_bursty,0.65,retry_1,retry_policy_inference,retry_1,custom_epr,generic_epr,0,1,False,1,65,0.6923076923076923,65,20,1.106716103384083,1.014918283925039
c033b80f9e13366adeaa,base_0011,0,synchronization_bursty,0.65,retry_2,retry_policy_inference,retry_2,custom_epr,generic_epr,0,2,False,1,65,0.8769230769230769,88,31,1.1512517570910297,1.005178092461029
4bee640a60204896c07d,base_0011,0,synchronization_bursty,0.65,retry_4,retry_policy_inference,retry_4,custom_epr,generic_epr,0,4,False,1,65,0.9692307692307692,104,41,1.177104481398621,1.002992253330183
f9e0b45c2677e71ae1ee,base_0011,0,synchronization_bursty,0.65,service_low_latency,service_class_inference,low_latency,custom_epr,generic_epr,0,4,False,1,65,1.0,92,27,1.1669826057660002,1.0019626430948334
f6bc2ff5af93353e2bd9,base_0011,0,synchronization_bursty,0.65,service_high_fidelity,service_class_inference,high_fidelity,custom_epr,generic_epr,2,4,False,1,65,0.9538461538461539,377,127,1.3529793467441937,1.0448462929475588
412bd7a9972f8e5fae35,base_0011,0,synchronization_bursty,0.65,protocol_control_direct_transfer,protocol_label_only_control,direct_transfer,prefetch,generic_epr,0,4,True,1,65,1.0,119,46,1.4002107699122777,1.0130512993449936
ef32bfb0462ce41d1ff3,base_0011,0,synchronization_bursty,0.65,protocol_control_on_demand_epr,protocol_label_only_control,on_demand_epr,prefetch,generic_epr,0,4,True,1,65,1.0,119,46,1.4002107699122777,1.0130512993449936
5484de6b3c678babd5ce,base_0011,0,synchronization_bursty,0.65,protocol_control_prefetched_epr,protocol_label_only_control,prefetched_epr,prefetch,generic_epr,0,4,True,1,65,1.0,119,46,1.4002107699122777,1.0130512993449936
1a1cc3865303f829dd64,base_0011,0,synchronization_bursty,0.65,protocol_control_telegate,protocol_label_only_control,telegate,prefetch,generic_epr,0,4,True,1,65,1.0,119,46,1.4002107699122777,1.0130512993449936
0320648a300a7def6af5,base_0011,0,synchronization_bursty,0.65,protocol_control_teledata,protocol_label_only_control,teledata,prefetch,generic_epr,0,4,True,1,65,1.0,119,46,1.4002107699122777,1.0130512993449936
6d614145dc829aa9da6f,base_0011,0,synchronization_bursty,0.65,service_control_low_latency,service_label_only_control,low_latency,custom_epr,generic_epr,1,4,False,1,65,0.9846153846153847,201,72,1.134707244724096,1.0038404892064219
4559937d596133d706c9,base_0011,0,synchronization_bursty,0.65,service_control_high_fidelity,service_label_only_control,high_fidelity,custom_epr,generic_epr,1,4,False,1,65,0.9846153846153847,201,72,1.134707244724096,1.0038404892064219
942f90203d4bc90472b3,base_0011,0,synchronization_bursty,0.8,protocol_direct,protocol_inference,direct_transfer,direct,direct,0,1,False,1,65,1.0,0,0,1.4637402494188396,1.0122939620526208
c077b1f10bff7733c12d,base_0011,0,synchronization_bursty,0.8,protocol_on_demand,protocol_inference,on_demand_epr,custom_epr,generic_epr,0,4,False,1,65,1.0,78,13,1.2048208054109044,1.023471472464882
06d42f4af6432678d35f,base_0011,0,synchronization_bursty,0.8,protocol_prefetch,protocol_inference,prefetched_epr,prefetch,generic_epr,0,4,True,1,65,1.0,98,23,1.409565553960001,1.0199926344370949
b7e7e462905f5e68483f,base_0011,0,synchronization_bursty,0.8,protocol_telegate,protocol_inference,telegate,prefetch,telegate,0,4,True,1,65,1.0,97,22,1.3163580572259865,1.014822714350166
2ed0a20e2116d4a404eb,base_0011,0,synchronization_bursty,0.8,protocol_teledata,protocol_inference,teledata,prefetch,teledata,0,4,True,1,65,1.0,92,16,1.2558291457464246,1.0111768738915596
714d891fc6a1d146c795,base_0011,0,synchronization_bursty,0.8,distill_0,distillation_depth_inference,distill_0,custom_epr,generic_epr,0,6,False,1,65,1.0,91,26,1.1894767169518574,1.023471472464882
d6659ddc9cd110ebe23c,base_0011,0,synchronization_bursty,0.8,distill_1,distillation_depth_inference,distill_1,custom_epr,generic_epr,1,6,False,1,65,1.0,158,28,1.1047805156665356,1.0019684381070209
7634b7fd2c8a9fa08bff,base_0011,0,synchronization_bursty,0.8,distill_2,distillation_depth_inference,distill_2,custom_epr,generic_epr,2,6,False,1,65,1.0,331,71,1.3969181064166407,1.050203260038804
5a9a2e36ac29411e6a1d,base_0011,0,synchronization_bursty,0.8,retry_1,retry_policy_inference,retry_1,custom_epr,generic_epr,0,1,False,1,65,0.7384615384615385,65,17,1.0993884712862079,1.0223533358269332
807710d5b6da99671894,base_0011,0,synchronization_bursty,0.8,retry_2,retry_policy_inference,retry_2,custom_epr,generic_epr,0,2,False,1,65,0.9538461538461539,82,20,1.1931732541410212,1.023471472464882
09923e34eafba1ab0b41,base_0011,0,synchronization_bursty,0.8,retry_4,retry_policy_inference,retry_4,custom_epr,generic_epr,0,4,False,1,65,1.0,83,18,1.1786358691515841,1.0138009258120488
94ab9ed7bcdc54dcf975,base_0011,0,synchronization_bursty,0.8,service_low_latency,service_class_inference,low_latency,custom_epr,generic_epr,0,4,False,1,65,1.0,80,15,1.1778255982864412,1.0111819397054593
996c160eb7d7eaa7af82,base_0011,0,synchronization_bursty,0.8,service_high_fidelity,service_class_inference,high_fidelity,custom_epr,generic_epr,2,4,False,1,65,0.9846153846153847,325,69,1.3605333273532159,1.0527884206045126
37a119a6ce8ec67a3cb9,base_0011,0,synchronization_bursty,0.8,protocol_control_direct_transfer,protocol_label_only_control,direct_transfer,prefetch,generic_epr,0,4,True,1,65,1.0,94,18,1.4183637965644034,1.0199926344370949
4eb98bb24bdcb5855a38,base_0011,0,synchronization_bursty,0.8,protocol_control_on_demand_epr,protocol_label_only_control,on_demand_epr,prefetch,generic_epr,0,4,True,1,65,1.0,94,18,1.4183637965644034,1.0199926344370949
d8106346750cb19cdeda,base_0011,0,synchronization_bursty,0.8,protocol_control_prefetched_epr,protocol_label_only_control,prefetched_epr,prefetch,generic_epr,0,4,True,1,65,1.0,94,18,1.4183637965644034,1.0199926344370949
beee289183ce7c2fa6b8,base_0011,0,synchronization_bursty,0.8,protocol_control_telegate,protocol_label_only_control,telegate,prefetch,generic_epr,0,4,True,1,65,1.0,94,18,1.4183637965644034,1.0199926344370949
ec77744f1c0d68e5c646,base_0011,0,synchronization_bursty,0.8,protocol_control_teledata,protocol_label_only_control,teledata,prefetch,generic_epr,0,4,True,1,65,1.0,94,18,1.4183637965644034,1.0199926344370949
8abd0766c6c5089c3d11,base_0011,0,synchronization_bursty,0.8,service_control_low_latency,service_label_only_control,low_latency,custom_epr,generic_epr,1,4,False,1,65,1.0,160,30,1.1151298263103373,1.0019313707157924
c071844a13fc7ee5a4c2,base_0011,0,synchronization_bursty,0.8,service_control_high_fidelity,service_label_only_control,high_fidelity,custom_epr,generic_epr,1,4,False,1,65,1.0,160,30,1.1151298263103373,1.0019313707157924
dfdf5642cebd14444aa3,base_0011,0,synchronization_bursty,0.95,protocol_direct,protocol_inference,direct_transfer,direct,direct,0,1,False,1,65,1.0,0,0,1.4637402494188396,1.0122939620526208
28d301b81d5caa7b332e,base_0011,0,synchronization_bursty,0.95,protocol_on_demand,protocol_inference,on_demand_epr,custom_epr,generic_epr,0,4,False,1,65,1.0,67,2,1.193050739854639,1.023471472464882
50efb9e1a87348f78085,base_0011,0,synchronization_bursty,0.95,protocol_prefetch,protocol_inference,prefetched_epr,prefetch,generic_epr,0,4,True,1,65,1.0,81,5,1.424244212720391,1.0199926344370949
72713c1b943c59a16725,base_0011,0,synchronization_bursty,0.95,protocol_telegate,protocol_inference,telegate,prefetch,telegate,0,4,True,1,65,1.0,86,10,1.3116732241411408,1.014822714350166
9b1bb47dfb4b6214133a,base_0011,0,synchronization_bursty,0.95,protocol_teledata,protocol_inference,teledata,prefetch,teledata,0,4,True,1,65,1.0,78,2,1.2955936444059446,1.014792428657806
b9eb09b173f0cf88d611,base_0011,0,synchronization_bursty,0.95,distill_0,distillation_depth_inference,distill_0,custom_epr,generic_epr,0,6,False,1,65,1.0,70,5,1.19844040923772,1.023471472464882
dc31bd97a7bb4b5c0187,base_0011,0,synchronization_bursty,0.95,distill_1,distillation_depth_inference,distill_1,custom_epr,generic_epr,1,6,False,1,65,1.0,134,4,1.1202975060074978,1.0019684381070209
c1ea3674c68d23fc4fc7,base_0011,0,synchronization_bursty,0.95,distill_2,distillation_depth_inference,distill_2,custom_epr,generic_epr,2,6,False,1,65,1.0,278,18,1.1885259648513682,1.0120680559801496
4d2785589b45ea5d087d,base_0011,0,synchronization_bursty,0.95,retry_1,retry_policy_inference,retry_1,custom_epr,generic_epr,0,1,False,1,65,0.9846153846153847,65,1,1.2010058996043336,1.023471472464882
b78566cde163dafab94b,base_0011,0,synchronization_bursty,0.95,retry_2,retry_policy_inference,retry_2,custom_epr,generic_epr,0,2,False,1,65,1.0,68,3,1.1704745513352284,1.023471472464882
0cc682bd7dea3a122189,base_0011,0,synchronization_bursty,0.95,retry_4,retry_policy_inference,retry_4,custom_epr,generic_epr,0,4,False,1,65,1.0,69,4,1.2070986770636665,1.023471472464882
43d81b2eddd46ab3b5dd,base_0011,0,synchronization_bursty,0.95,service_low_latency,service_class_inference,low_latency,custom_epr,generic_epr,0,4,False,1,65,1.0,74,9,1.172532237575042,1.023471472464882
4387bd1db78840fe9dd3,base_0011,0,synchronization_bursty,0.95,service_high_fidelity,service_class_inference,high_fidelity,custom_epr,generic_epr,2,4,False,1,65,1.0,271,11,1.1703460254277993,1.0153094001085177
0d0c40573f3e2cc96ede,base_0011,0,synchronization_bursty,0.95,protocol_control_direct_transfer,protocol_label_only_control,direct_transfer,prefetch,generic_epr,0,4,True,1,65,1.0,78,2,1.424244212720391,1.0199926344370949
c3b54407405db18b3c74,base_0011,0,synchronization_bursty,0.95,protocol_control_on_demand_epr,protocol_label_only_control,on_demand_epr,prefetch,generic_epr,0,4,True,1,65,1.0,78,2,1.424244212720391,1.0199926344370949
0e126a745323cba3d961,base_0011,0,synchronization_bursty,0.95,protocol_control_prefetched_epr,protocol_label_only_control,prefetched_epr,prefetch,generic_epr,0,4,True,1,65,1.0,78,2,1.424244212720391,1.0199926344370949
362c690282160c17253c,base_0011,0,synchronization_bursty,0.95,protocol_control_telegate,protocol_label_only_control,telegate,prefetch,generic_epr,0,4,True,1,65,1.0,78,2,1.424244212720391,1.0199926344370949
fe9bf6b4c35c2a1acf32,base_0011,0,synchronization_bursty,0.95,protocol_control_teledata,protocol_label_only_control,teledata,prefetch,generic_epr,0,4,True,1,65,1.0,78,2,1.424244212720391,1.0199926344370949
5d8ecced3e9f52981ad1,base_0011,0,synchronization_bursty,0.95,service_control_low_latency,service_label_only_control,low_latency,custom_epr,generic_epr,1,4,False,1,65,1.0,133,3,1.124486873215362,1.001977087711588
43ee94c1873e98b76637,base_0011,0,synchronization_bursty,0.95,service_control_high_fidelity,service_label_only_control,high_fidelity,custom_epr,generic_epr,1,4,False,1,65,1.0,133,3,1.124486873215362,1.001977087711588
40a83679388e9de86080,base_0011,1,synchronization_bursty,0.65,protocol_direct,protocol_inference,direct_transfer,direct,direct,0,1,False,1,65,1.0,0,0,1.4654907647094726,1.012296013793836
00e30f3dd9af96c4c630,base_0011,1,synchronization_bursty,0.65,protocol_on_demand,protocol_inference,on_demand_epr,custom_epr,generic_epr,0,4,False,1,65,1.0,93,28,1.1600477363236081,1.0060489447762564
8b795064828efb3eb631,base_0011,1,synchronization_bursty,0.65,protocol_prefetch,protocol_inference,prefetched_epr,prefetch,generic_epr,0,4,True,1,65,1.0,109,35,1.383489414177418,1.0163493473005638
e767259afc11ae92b2ec,base_0011,1,synchronization_bursty,0.65,protocol_telegate,protocol_inference,telegate,prefetch,telegate,0,4,True,1,65,1.0,119,43,1.2439524569410179,1.0112675563289935
88e6ef783b682ec84dd2,base_0011,1,synchronization_bursty,0.65,protocol_teledata,protocol_inference,teledata,prefetch,teledata,0,4,True,1,65,1.0,116,42,1.3193685020644723,1.0148612464127091
5c5113288e22347a9001,base_0011,1,synchronization_bursty,0.65,distill_0,distillation_depth_inference,distill_0,custom_epr,generic_epr,0,6,False,1,65,1.0,96,31,1.1270661108778635,1.0054194218638006
19f83aac8f4eda3716ff,base_0011,1,synchronization_bursty,0.65,distill_1,distillation_depth_inference,distill_1,custom_epr,generic_epr,1,6,False,1,65,1.0,211,81,1.151942020662765,1.001903083501173
78fd98fd6c865d20e760,base_0011,1,synchronization_bursty,0.65,distill_2,distillation_depth_inference,distill_2,custom_epr,generic_epr,2,6,False,1,65,1.0,388,128,1.3262116769968524,1.0478584130413018
5ce8a7bae6526bbdbe1a,base_0011,1,synchronization_bursty,0.65,retry_1,retry_policy_inference,retry_1,custom_epr,generic_epr,0,1,False,1,65,0.6615384615384615,65,22,1.089305595533817,1.0014604155282145
03f31f3e8b52df891bb4,base_0011,1,synchronization_bursty,0.65,retry_2,retry_policy_inference,retry_2,custom_epr,generic_epr,0,2,False,1,65,0.9076923076923077,87,28,1.118628004631225,1.0102338476637336
6cc8c8b1c794cab31f56,base_0011,1,synchronization_bursty,0.65,retry_4,retry_policy_inference,retry_4,custom_epr,generic_epr,0,4,False,1,65,0.9384615384615385,103,42,1.136553492561095,1.001979363089242
8ad804a862314187ae27,base_0011,1,synchronization_bursty,0.65,service_low_latency,service_class_inference,low_latency,custom_epr,generic_epr,0,4,False,1,65,0.9692307692307692,97,34,1.1809971411501874,1.003962912663584
ae4b7a411c356d4cbfe1,base_0011,1,synchronization_bursty,0.65,service_high_fidelity,service_class_inference,high_fidelity,custom_epr,generic_epr,2,4,False,1,65,0.9384615384615385,368,116,1.3405593305291732,1.0518885921404044
e1810ed0fd59b2cb44e8,base_0011,1,synchronization_bursty,0.65,protocol_control_direct_transfer,protocol_label_only_control,direct_transfer,prefetch,generic_epr,0,4,True,1,65,1.0,112,37,1.409570315386403,1.0062789762993303
d10eadbb66975408dfbb,base_0011,1,synchronization_bursty,0.65,protocol_control_on_demand_epr,protocol_label_only_control,on_demand_epr,prefetch,generic_epr,0,4,True,1,65,1.0,112,37,1.409570315386403,1.0062789762993303
2820124cb05993be897f,base_0011,1,synchronization_bursty,0.65,protocol_control_prefetched_epr,protocol_label_only_control,prefetched_epr,prefetch,generic_epr,0,4,True,1,65,1.0,112,37,1.409570315386403,1.0062789762993303
5f2d33a6804771a5979b,base_0011,1,synchronization_bursty,0.65,protocol_control_telegate,protocol_label_only_control,telegate,prefetch,generic_epr,0,4,True,1,65,1.0,112,37,1.409570315386403,1.0062789762993303
14b197cdf9bdb49ecb5b,base_0011,1,synchronization_bursty,0.65,protocol_control_teledata,protocol_label_only_control,teledata,prefetch,generic_epr,0,4,True,1,65,1.0,112,37,1.409570315386403,1.0062789762993303
d8d1e5c37e5084439bc2,base_0011,1,synchronization_bursty,0.65,service_control_low_latency,service_label_only_control,low_latency,custom_epr,generic_epr,1,4,False,1,65,1.0,196,66,1.115388860490336,1.0019457929225055
705d03dac4ed534c1aad,base_0011,1,synchronization_bursty,0.65,service_control_high_fidelity,service_label_only_control,high_fidelity,custom_epr,generic_epr,1,4,False,1,65,1.0,196,66,1.115388860490336,1.0019457929225055
220ae1c1c9309e88a670,base_0011,1,synchronization_bursty,0.8,protocol_direct,protocol_inference,direct_transfer,direct,direct,0,1,False,1,65,1.0,0,0,1.4654907647094726,1.012296013793836
c63ec9a2f53d1ed991a9,base_0011,1,synchronization_bursty,0.8,protocol_on_demand,protocol_inference,on_demand_epr,custom_epr,generic_epr,0,4,False,1,65,0.9846153846153847,75,11,1.1859556992154678,1.019919846210755
1ac96f471001ba20596c,base_0011,1,synchronization_bursty,0.8,protocol_prefetch,protocol_inference,prefetched_epr,prefetch,generic_epr,0,4,True,1,65,1.0,98,22,1.3810298341542284,1.0199972857095603
7ad66c5991145a829982,base_0011,1,synchronization_bursty,0.8,protocol_telegate,protocol_inference,telegate,prefetch,telegate,0,4,True,1,65,1.0,89,13,1.3319643904675755,1.014891680068876
76e589c6096155fdad07,base_0011,1,synchronization_bursty,0.8,protocol_teledata,protocol_inference,teledata,prefetch,teledata,0,4,True,1,65,1.0,106,31,1.2627101794700595,1.0039923106660702
cdfbb3f06cf7cef85ed3,base_0011,1,synchronization_bursty,0.8,distill_0,distillation_depth_inference,distill_0,custom_epr,generic_epr,0,6,False,1,65,1.0,82,17,1.1665116747551434,1.0102338476637336
3315d5bb978c71aa576a,base_0011,1,synchronization_bursty,0.8,distill_1,distillation_depth_inference,distill_1,custom_epr,generic_epr,1,6,False,1,65,1.0,164,34,1.098997090197321,1.0008362145116425
f0a18056b589b9d94b56,base_0011,1,synchronization_bursty,0.8,distill_2,distillation_depth_inference,distill_2,custom_epr,generic_epr,2,6,False,1,65,1.0,339,79,1.369123191966664,1.0424210816924286
7c0c8379d2c22d5c5279,base_0011,1,synchronization_bursty,0.8,retry_1,retry_policy_inference,retry_1,custom_epr,generic_epr,0,1,False,1,65,0.7692307692307693,65,15,1.1595804454368333,1.0149865380281573
9dd6a4988e8cbcaa3b41,base_0011,1,synchronization_bursty,0.8,retry_2,retry_policy_inference,retry_2,custom_epr,generic_epr,0,2,False,1,65,0.9692307692307692,73,10,1.176849685426994,1.0235290294831614
becffe9bcb666203806c,base_0011,1,synchronization_bursty,0.8,retry_4,retry_policy_inference,retry_4,custom_epr,generic_epr,0,4,False,1,65,1.0,76,11,1.1840439459471528,1.0235290294831614
4cf7095cf0406f695e39,base_0011,1,synchronization_bursty,0.8,service_low_latency,service_class_inference,low_latency,custom_epr,generic_epr,0,4,False,1,65,1.0,88,23,1.1400257480806357,1.0102338476637336
ffc66f37fa5eb13d501b,base_0011,1,synchronization_bursty,0.8,service_high_fidelity,service_class_inference,high_fidelity,custom_epr,generic_epr,2,4,False,1,65,1.0,325,65,1.2375673641181584,1.0509658857377724
e4ea824f46859d052be4,base_0011,1,synchronization_bursty,0.8,protocol_control_direct_transfer,protocol_label_only_control,direct_transfer,prefetch,generic_epr,0,4,True,1,65,1.0,98,22,1.3788169564487363,1.0199972857095603
b167829390cabda0be1a,base_0011,1,synchronization_bursty,0.8,protocol_control_on_demand_epr,protocol_label_only_control,on_demand_epr,prefetch,generic_epr,0,4,True,1,65,1.0,98,22,1.3788169564487363,1.0199972857095603
31b5e33b690ad4146bb2,base_0011,1,synchronization_bursty,0.8,protocol_control_prefetched_epr,protocol_label_only_control,prefetched_epr,prefetch,generic_epr,0,4,True,1,65,1.0,98,22,1.3788169564487363,1.0199972857095603
e31b905b1bae9437c670,base_0011,1,synchronization_bursty,0.8,protocol_control_telegate,protocol_label_only_control,telegate,prefetch,generic_epr,0,4,True,1,65,1.0,98,22,1.3788169564487363,1.0199972857095603
08f590b38c84dca37d36,base_0011,1,synchronization_bursty,0.8,protocol_control_teledata,protocol_label_only_control,teledata,prefetch,generic_epr,0,4,True,1,65,1.0,98,22,1.3788169564487363,1.0199972857095603
3b078111661df2effa20,base_0011,1,synchronization_bursty,0.8,service_control_low_latency,service_label_only_control,low_latency,custom_epr,generic_epr,1,4,False,1,65,1.0,157,27,1.113873551172457,1.0019475599312455
f844735053ca2bab0a43,base_0011,1,synchronization_bursty,0.8,service_control_high_fidelity,service_label_only_control,high_fidelity,custom_epr,generic_epr,1,4,False,1,65,1.0,157,27,1.113873551172457,1.0019475599312455
f8c108b27f431a5b2932,base_0011,1,synchronization_bursty,0.95,protocol_direct,protocol_inference,direct_transfer,direct,direct,0,1,False,1,65,1.0,0,0,1.4654907647094726,1.012296013793836
6cf5f6d6468cd8018232,base_0011,1,synchronization_bursty,0.95,protocol_on_demand,protocol_inference,on_demand_epr,custom_epr,generic_epr,0,4,False,1,65,1.0,70,5,1.206905116578022,1.0016640395429202
6bc60a100013622201de,base_0011,1,synchronization_bursty,0.95,protocol_prefetch,protocol_inference,prefetched_epr,prefetch,generic_epr,0,4,True,1,65,1.0,82,6,1.4188012623379744,1.0199972857095603
e8492b827767c4316b6e,base_0011,1,synchronization_bursty,0.95,protocol_telegate,protocol_inference,telegate,prefetch,telegate,0,4,True,1,65,1.0,81,5,1.3121414332971169,1.014891680068876
46162675d3675a61e7ce,base_0011,1,synchronization_bursty,0.95,protocol_teledata,protocol_inference,teledata,prefetch,teledata,0,4,True,1,65,1.0,82,7,1.2955566630002324,1.0148612464127091
c97f4fa474350494246a,base_0011,1,synchronization_bursty,0.95,distill_0,distillation_depth_inference,distill_0,custom_epr,generic_epr,0,6,False,1,65,1.0,67,2,1.1860359141140304,1.0138560648322466
d17bbde2f668ba04802a,base_0011,1,synchronization_bursty,0.95,distill_1,distillation_depth_inference,distill_1,custom_epr,generic_epr,1,6,False,1,65,1.0,138,8,1.1016791020333538,1.0019774060869315
25235ae2ff462d472a58,base_0011,1,synchronization_bursty,0.95,distill_2,distillation_depth_inference,distill_2,custom_epr,generic_epr,2,6,False,1,65,1.0,271,11,1.145836668806989,1.005533615112159
b599026d82f043f4cf69,base_0011,1,synchronization_bursty,0.95,retry_1,retry_policy_inference,retry_1,custom_epr,generic_epr,0,1,False,1,65,0.9384615384615385,65,4,1.1612137797348605,1.0174508171106302
d22b825b2271d267e6fb,base_0011,1,synchronization_bursty,0.95,retry_2,retry_policy_inference,retry_2,custom_epr,generic_epr,0,2,False,1,65,1.0,67,2,1.1997937942105654,1.017795900100185
2efb1d783f2190700b07,base_0011,1,synchronization_bursty,0.95,retry_4,retry_policy_inference,retry_4,custom_epr,generic_epr,0,4,False,1,65,1.0,66,1,1.1896533546689119,1.0235290294831614
796f32c5d5f9e0cb1aff,base_0011,1,synchronization_bursty,0.95,service_low_latency,service_class_inference,low_latency,custom_epr,generic_epr,0,4,False,1,65,1.0,67,2,1.2015468555967932,1.0235290294831614
6aa4d26f814d97ef968b,base_0011,1,synchronization_bursty,0.95,service_high_fidelity,service_class_inference,high_fidelity,custom_epr,generic_epr,2,4,False,1,65,1.0,273,13,1.1263297165438666,1.006949876003719
338e069b930a2ad734f4,base_0011,1,synchronization_bursty,0.95,protocol_control_direct_transfer,protocol_label_only_control,direct_transfer,prefetch,generic_epr,0,4,True,1,65,1.0,79,3,1.4264603757217842,1.0199972857095603
652f1e8197990afea0ca,base_0011,1,synchronization_bursty,0.95,protocol_control_on_demand_epr,protocol_label_only_control,on_demand_epr,prefetch,generic_epr,0,4,True,1,65,1.0,79,3,1.4264603757217842,1.0199972857095603
0617e96dfc2df9093852,base_0011,1,synchronization_bursty,0.95,protocol_control_prefetched_epr,protocol_label_only_control,prefetched_epr,prefetch,generic_epr,0,4,True,1,65,1.0,79,3,1.4264603757217842,1.0199972857095603
f3563a9c76a434c8cbee,base_0011,1,synchronization_bursty,0.95,protocol_control_telegate,protocol_label_only_control,telegate,prefetch,generic_epr,0,4,True,1,65,1.0,79,3,1.4264603757217842,1.0199972857095603
fae544bf29f5bfa2f8d6,base_0011,1,synchronization_bursty,0.95,protocol_control_teledata,protocol_label_only_control,teledata,prefetch,generic_epr,0,4,True,1,65,1.0,79,3,1.4264603757217842,1.0199972857095603
8273ba025b74af43c651,base_0011,1,synchronization_bursty,0.95,service_control_low_latency,service_label_only_control,low_latency,custom_epr,generic_epr,1,4,False,1,65,1.0,138,8,1.1090632719180324,1.0019774060869315
a79d72bbadd08005c1ae,base_0011,1,synchronization_bursty,0.95,service_control_high_fidelity,service_label_only_control,high_fidelity,custom_epr,generic_epr,1,4,False,1,65,1.0,138,8,1.1090632719180324,1.0019774060869315
33aad7ca63db4e3cbc56,base_0012,0,sparse_periodic,0.65,protocol_direct,protocol_inference,direct_transfer,direct,direct,0,1,False,0,18,1.0,0,0,1.215479319754961,1.0
b4b3de7ec00323ca7c2c,base_0012,0,sparse_periodic,0.65,protocol_on_demand,protocol_inference,on_demand_epr,custom_epr,generic_epr,0,4,False,0,18,0.9444444444444444,27,10,1.1216862233097977,1.0
0d4c28d21ee5e1ae3b0a,base_0012,0,sparse_periodic,0.65,protocol_prefetch,protocol_inference,prefetched_epr,prefetch,generic_epr,0,4,True,0,18,1.0,69,21,1.1428584723281692,1.0
4d05ecd1b039848af5d5,base_0012,0,sparse_periodic,0.65,protocol_telegate,protocol_inference,telegate,prefetch,telegate,0,4,True,0,18,1.0,76,30,1.1968471697486913,1.0
7e4fc471214642d45baa,base_0012,0,sparse_periodic,0.65,protocol_teledata,protocol_inference,teledata,prefetch,teledata,0,4,True,0,18,1.0,67,19,1.2741444338787815,1.043246487851795
3b29d17c67260f39bcc2,base_0012,0,sparse_periodic,0.65,distill_0,distillation_depth_inference,distill_0,custom_epr,generic_epr,0,6,False,0,18,1.0,25,7,1.1113175588927735,1.0
418ed004b2d5c3473e37,base_0012,0,sparse_periodic,0.65,distill_1,distillation_depth_inference,distill_1,custom_epr,generic_epr,1,6,False,0,18,1.0,47,11,1.083929864682468,1.006855467956791
c6aa03d2739980e0a625,base_0012,0,sparse_periodic,0.65,distill_2,distillation_depth_inference,distill_2,custom_epr,generic_epr,2,6,False,0,18,1.0,105,33,1.0435648561363722,1.001950999670621
5ab383ee7eead0999a3c,base_0012,0,sparse_periodic,0.65,retry_1,retry_policy_inference,retry_1,custom_epr,generic_epr,0,1,False,0,18,0.5555555555555556,18,8,1.1125689726115797,1.0
78c43e14340b47faf1aa,base_0012,0,sparse_periodic,0.65,retry_2,retry_policy_inference,retry_2,custom_epr,generic_epr,0,2,False,0,18,1.0,25,7,1.177522041763923,1.0114782390613752
3224de828ff0721daccf,base_0012,0,sparse_periodic,0.65,retry_4,retry_policy_inference,retry_4,custom_epr,generic_epr,0,4,False,0,18,0.9444444444444444,28,11,1.132503682364531,1.0
74c575800ce160972dc7,base_0012,0,sparse_periodic,0.65,service_low_latency,service_class_inference,low_latency,custom_epr,generic_epr,0,4,False,0,18,0.9444444444444444,26,9,1.1133831993762393,1.0
a2a96eda3fa980f85c81,base_0012,0,sparse_periodic,0.65,service_high_fidelity,service_class_inference,high_fidelity,custom_epr,generic_epr,2,4,False,0,18,0.8888888888888888,106,39,1.0335911624490781,1.0019741085817782
247f60cb299ca4e35de9,base_0012,0,sparse_periodic,0.65,protocol_control_direct_transfer,protocol_label_only_control,direct_transfer,prefetch,generic_epr,0,4,True,0,18,1.0,77,30,1.0709028779962617,1.0113853087180837
c44b7c3fd804e0555285,base_0012,0,sparse_periodic,0.65,protocol_control_on_demand_epr,protocol_label_only_control,on_demand_epr,prefetch,generic_epr,0,4,True,0,18,1.0,77,30,1.0709028779962617,1.0113853087180837
89956b88a55ec3540097,base_0012,0,sparse_periodic,0.65,protocol_control_prefetched_epr,protocol_label_only_control,prefetched_epr,prefetch,generic_epr,0,4,True,0,18,1.0,77,30,1.0709028779962617,1.0113853087180837
e8657862e7a7f5bb9354,base_0012,0,sparse_periodic,0.65,protocol_control_telegate,protocol_label_only_control,telegate,prefetch,generic_epr,0,4,True,0,18,1.0,77,30,1.0709028779962617,1.0113853087180837
177349c3cddbd9f92ed6,base_0012,0,sparse_periodic,0.65,protocol_control_teledata,protocol_label_only_control,teledata,prefetch,generic_epr,0,4,True,0,18,1.0,77,30,1.0709028779962617,1.0113853087180837
c74514c2cdbcac982c0c,base_0012,0,sparse_periodic,0.65,service_control_low_latency,service_label_only_control,low_latency,custom_epr,generic_epr,1,4,False,0,18,0.9444444444444444,51,17,1.0587308279917294,1.001959601831308
53b6f69cf4d57ff853cb,base_0012,0,sparse_periodic,0.65,service_control_high_fidelity,service_label_only_control,high_fidelity,custom_epr,generic_epr,1,4,False,0,18,0.9444444444444444,51,17,1.0587308279917294,1.001959601831308
7ae46c1493e882a79bbe,base_0012,0,sparse_periodic,0.8,protocol_direct,protocol_inference,direct_transfer,direct,direct,0,1,False,0,18,1.0,0,0,1.215479319754961,1.0
28dd6fce354b7f03a89e,base_0012,0,sparse_periodic,0.8,protocol_on_demand,protocol_inference,on_demand_epr,custom_epr,generic_epr,0,4,False,0,18,1.0,26,8,1.159433599593306,1.0114782390613752
4c044a04816f062226e0,base_0012,0,sparse_periodic,0.8,protocol_prefetch,protocol_inference,prefetched_epr,prefetch,generic_epr,0,4,True,0,18,1.0,58,8,1.229860638023177,1.021725450656616
53105d8d0628641e8b41,base_0012,0,sparse_periodic,0.8,protocol_telegate,protocol_inference,telegate,prefetch,telegate,0,4,True,0,18,1.0,62,12,1.1783084730394224,1.0
fb2c21152c17d3a7a7c8,base_0012,0,sparse_periodic,0.8,protocol_teledata,protocol_inference,teledata,prefetch,teledata,0,4,True,0,18,1.0,61,11,1.1391664679982452,1.0198652120193754
58ae0acb33176aeb00b8,base_0012,0,sparse_periodic,0.8,distill_0,distillation_depth_inference,distill_0,custom_epr,generic_epr,0,6,False,0,18,1.0,25,7,1.1252781735041697,1.0
e778d7384b636e7c3836,base_0012,0,sparse_periodic,0.8,distill_1,distillation_depth_inference,distill_1,custom_epr,generic_epr,1,6,False,0,18,1.0,42,6,1.0537327147577136,1.0020067919904216
598935e2399b311e5fae,base_0012,0,sparse_periodic,0.8,distill_2,distillation_depth_inference,distill_2,custom_epr,generic_epr,2,6,False,0,18,1.0,86,14,1.0514396299969433,1.001950999670621
7bce624e2c97bfaedf5e,base_0012,0,sparse_periodic,0.8,retry_1,retry_policy_inference,retry_1,custom_epr,generic_epr,0,1,False,0,18,0.6666666666666666,18,6,1.1092793566348642,1.0
8faeb4180caacc51f2a2,base_0012,0,sparse_periodic,0.8,retry_2,retry_policy_inference,retry_2,custom_epr,generic_epr,0,2,False,0,18,1.0,25,7,1.1006328815414295,1.0114782390613752
0e043d659b76b2d41aa5,base_0012,0,sparse_periodic,0.8,retry_4,retry_policy_inference,retry_4,custom_epr,generic_epr,0,4,False,0,18,1.0,21,3,1.1378395020813832,1.0
1ef0b89eff298ed7ce4e,base_0012,0,sparse_periodic,0.8,service_low_latency,service_class_inference,low_latency,custom_epr,generic_epr,0,4,False,0,18,1.0,23,5,1.0801881452784365,1.0
8637afb38f22f864a847,base_0012,0,sparse_periodic,0.8,service_high_fidelity,service_class_inference,high_fidelity,custom_epr,generic_epr,2,4,False,0,18,1.0,93,21,1.0584910706572297,1.0019284255252339
06462d6904edcf4b5915,base_0012,0,sparse_periodic,0.8,protocol_control_direct_transfer,protocol_label_only_control,direct_transfer,prefetch,generic_epr,0,4,True,0,18,1.0,60,11,1.190153142071181,1.0
ab9bbbea587dc30b25fc,base_0012,0,sparse_periodic,0.8,protocol_control_on_demand_epr,protocol_label_only_control,on_demand_epr,prefetch,generic_epr,0,4,True,0,18,1.0,60,11,1.190153142071181,1.0
90e03db960c541e01417,base_0012,0,sparse_periodic,0.8,protocol_control_prefetched_epr,protocol_label_only_control,prefetched_epr,prefetch,generic_epr,0,4,True,0,18,1.0,60,11,1.190153142071181,1.0
7c3a12f2459cc9c0ce9c,base_0012,0,sparse_periodic,0.8,protocol_control_telegate,protocol_label_only_control,telegate,prefetch,generic_epr,0,4,True,0,18,1.0,60,11,1.190153142071181,1.0
d0a3a1101431f5663199,base_0012,0,sparse_periodic,0.8,protocol_control_teledata,protocol_label_only_control,teledata,prefetch,generic_epr,0,4,True,0,18,1.0,60,11,1.190153142071181,1.0
7a39dfb0dcf5f795f0b9,base_0012,0,sparse_periodic,0.8,service_control_low_latency,service_label_only_control,low_latency,custom_epr,generic_epr,1,4,False,0,18,1.0,46,10,1.0732319918076039,1.006855467956791
50a66e11f98f8f51ee6d,base_0012,0,sparse_periodic,0.8,service_control_high_fidelity,service_label_only_control,high_fidelity,custom_epr,generic_epr,1,4,False,0,18,1.0,46,10,1.0732319918076039,1.006855467956791
51e72bc356b93cec0a7c,base_0012,0,sparse_periodic,0.95,protocol_direct,protocol_inference,direct_transfer,direct,direct,0,1,False,0,18,1.0,0,0,1.215479319754961,1.0
e9f95bfb913f6ffc3ec7,base_0012,0,sparse_periodic,0.95,protocol_on_demand,protocol_inference,on_demand_epr,custom_epr,generic_epr,0,4,False,0,18,1.0,19,1,1.16024863088842,1.0114782390613752
ab81a2d4cad0e68c8739,base_0012,0,sparse_periodic,0.95,protocol_prefetch,protocol_inference,prefetched_epr,prefetch,generic_epr,0,4,True,0,18,1.0,52,2,1.1898418056314632,1.0
a62c430d38f7a4613efc,base_0012,0,sparse_periodic,0.95,protocol_telegate,protocol_inference,telegate,prefetch,telegate,0,4,True,0,18,1.0,56,6,1.214364113933773,1.0
d86417a7665843551977,base_0012,0,sparse_periodic,0.95,protocol_teledata,protocol_inference,teledata,prefetch,teledata,0,4,True,0,18,1.0,53,3,1.1810999586172768,1.0
044c2faef2fe88deac4e,base_0012,0,sparse_periodic,0.95,distill_0,distillation_depth_inference,distill_0,custom_epr,generic_epr,0,6,False,0,18,1.0,19,1,1.1404073610471501,1.0
eb76d53e9a971e20c5ac,base_0012,0,sparse_periodic,0.95,distill_1,distillation_depth_inference,distill_1,custom_epr,generic_epr,1,6,False,0,18,1.0,37,1,1.0707284384650313,1.006855467956791
3bbfc12823629aa1b22e,base_0012,0,sparse_periodic,0.95,distill_2,distillation_depth_inference,distill_2,custom_epr,generic_epr,2,6,False,0,18,1.0,76,4,1.039490646649617,1.0019741085817782
065712b1e9ad775b6a37,base_0012,0,sparse_periodic,0.95,retry_1,retry_policy_inference,retry_1,custom_epr,generic_epr,0,1,False,0,18,1.0,18,0,1.1404073610471501,1.0
d03bd2f20bc2eb03567d,base_0012,0,sparse_periodic,0.95,retry_2,retry_policy_inference,retry_2,custom_epr,generic_epr,0,2,False,0,18,1.0,18,0,1.1404073610471501,1.0
8a7cfb2e4d6094376b38,base_0012,0,sparse_periodic,0.95,retry_4,retry_policy_inference,retry_4,custom_epr,generic_epr,0,4,False,0,18,1.0,18,0,1.1404073610471501,1.0
e6ee80afe1eeb54bf913,base_0012,0,sparse_periodic,0.95,service_low_latency,service_class_inference,low_latency,custom_epr,generic_epr,0,4,False,0,18,1.0,18,0,1.1404073610471501,1.0
5cd754ba690d69d5517b,base_0012,0,sparse_periodic,0.95,service_high_fidelity,service_class_inference,high_fidelity,custom_epr,generic_epr,2,4,False,0,18,1.0,79,7,1.042513070225053,1.0019741085817782
386ae8030a58e316e17b,base_0012,0,sparse_periodic,0.95,protocol_control_direct_transfer,protocol_label_only_control,direct_transfer,prefetch,generic_epr,0,4,True,0,18,1.0,53,3,1.1898418056314632,1.0
ab3e11fabfb3e16714d2,base_0012,0,sparse_periodic,0.95,protocol_control_on_demand_epr,protocol_label_only_control,on_demand_epr,prefetch,generic_epr,0,4,True,0,18,1.0,53,3,1.1898418056314632,1.0
d9500671e714eec00aa1,base_0012,0,sparse_periodic,0.95,protocol_control_prefetched_epr,protocol_label_only_control,prefetched_epr,prefetch,generic_epr,0,4,True,0,18,1.0,53,3,1.1898418056314632,1.0
0581b5dc140b6c3ca5cd,base_0012,0,sparse_periodic,0.95,protocol_control_telegate,protocol_label_only_control,telegate,prefetch,generic_epr,0,4,True,0,18,1.0,53,3,1.1898418056314632,1.0
c30914188611c6f78ab0,base_0012,0,sparse_periodic,0.95,protocol_control_teledata,protocol_label_only_control,teledata,prefetch,generic_epr,0,4,True,0,18,1.0,53,3,1.1898418056314632,1.0
8cf7fd39c45ec66a7734,base_0012,0,sparse_periodic,0.95,service_control_low_latency,service_label_only_control,low_latency,custom_epr,generic_epr,1,4,False,0,18,1.0,38,2,1.0709284819534806,1.006855467956791
25831dd219b35bcbfc8e,base_0012,0,sparse_periodic,0.95,service_control_high_fidelity,service_label_only_control,high_fidelity,custom_epr,generic_epr,1,4,False,0,18,1.0,38,2,1.0709284819534806,1.006855467956791
ac0b8d1f01a9a190cdbd,base_0012,1,sparse_periodic,0.65,protocol_direct,protocol_inference,direct_transfer,direct,direct,0,1,False,0,18,1.0,0,0,1.194642059946,1.0
60295515f671c11406bd,base_0012,1,sparse_periodic,0.65,protocol_on_demand,protocol_inference,on_demand_epr,custom_epr,generic_epr,0,4,False,0,18,1.0,23,5,1.1576675296431798,1.0
ed61259bed4ff936a6b7,base_0012,1,sparse_periodic,0.65,protocol_prefetch,protocol_inference,prefetched_epr,prefetch,generic_epr,0,4,True,0,18,1.0,69,21,1.074388916467012,1.0
e34d09ba47a0fe506294,base_0012,1,sparse_periodic,0.65,protocol_telegate,protocol_inference,telegate,prefetch,telegate,0,4,True,0,18,1.0,84,36,1.5559448569742789,1.0
f35d8951694dde6dc81d,base_0012,1,sparse_periodic,0.65,protocol_teledata,protocol_inference,teledata,prefetch,teledata,0,4,True,0,18,1.0,77,30,1.1554846490822182,0.9897691512529431
7827eb41919197e4d702,base_0012,1,sparse_periodic,0.65,distill_0,distillation_depth_inference,distill_0,custom_epr,generic_epr,0,6,False,0,18,1.0,36,18,1.0572594527785364,1.001945406627343
16f79fe4bce95cdea145,base_0012,1,sparse_periodic,0.65,distill_1,distillation_depth_inference,distill_1,custom_epr,generic_epr,1,6,False,0,18,1.0,48,12,1.064688627916875,1.0068558355546284
4aae8611efc2d24172d2,base_0012,1,sparse_periodic,0.65,distill_2,distillation_depth_inference,distill_2,custom_epr,generic_epr,2,6,False,0,18,1.0,112,40,1.0265184200698694,1.001884902739695
919e4e548c252147d6cb,base_0012,1,sparse_periodic,0.65,retry_1,retry_policy_inference,retry_1,custom_epr,generic_epr,0,1,False,0,18,0.7777777777777778,18,4,1.0703194059934364,1.0
7238932ea24b146b4ebe,base_0012,1,sparse_periodic,0.65,retry_2,retry_policy_inference,retry_2,custom_epr,generic_epr,0,2,False,0,18,0.9444444444444444,23,6,1.12649902404391,1.0114788573633393
e32c7f24cdacc2b489c5,base_0012,1,sparse_periodic,0.65,retry_4,retry_policy_inference,retry_4,custom_epr,generic_epr,0,4,False,0,18,1.0,27,9,1.1307587484672852,1.0114788573633393
64b733b721a43287d2c7,base_0012,1,sparse_periodic,0.65,service_low_latency,service_class_inference,low_latency,custom_epr,generic_epr,0,4,False,0,18,1.0,27,9,1.1507917881899568,1.001991907467196
2cd7607e3b710552dd00,base_0012,1,sparse_periodic,0.65,service_high_fidelity,service_class_inference,high_fidelity,custom_epr,generic_epr,2,4,False,0,18,0.9444444444444444,103,32,1.0685876238010186,1.0019285236948468
892c664192c58b201123,base_0012,1,sparse_periodic,0.65,protocol_control_direct_transfer,protocol_label_only_control,direct_transfer,prefetch,generic_epr,0,4,True,0,18,1.0,71,24,1.3138710323971052,1.0322809667519208
76a8a8be819db75bef9f,base_0012,1,sparse_periodic,0.65,protocol_control_on_demand_epr,protocol_label_only_control,on_demand_epr,prefetch,generic_epr,0,4,True,0,18,1.0,71,24,1.3138710323971052,1.0322809667519208
61b5b8a01afc5a89461c,base_0012,1,sparse_periodic,0.65,protocol_control_prefetched_epr,protocol_label_only_control,prefetched_epr,prefetch,generic_epr,0,4,True,0,18,1.0,71,24,1.3138710323971052,1.0322809667519208
0958a9a0481f6a63b3d8,base_0012,1,sparse_periodic,0.65,protocol_control_telegate,protocol_label_only_control,telegate,prefetch,generic_epr,0,4,True,0,18,1.0,71,24,1.3138710323971052,1.0322809667519208
f0de95487f3db30bbad9,base_0012,1,sparse_periodic,0.65,protocol_control_teledata,protocol_label_only_control,teledata,prefetch,generic_epr,0,4,True,0,18,1.0,71,24,1.3138710323971052,1.0322809667519208
b96f010669006857f65e,base_0012,1,sparse_periodic,0.65,service_control_low_latency,service_label_only_control,low_latency,custom_epr,generic_epr,1,4,False,0,18,0.9444444444444444,52,17,1.0560834287306893,1.0019830199844877
941a907eec1487627c3a,base_0012,1,sparse_periodic,0.65,service_control_high_fidelity,service_label_only_control,high_fidelity,custom_epr,generic_epr,1,4,False,0,18,0.9444444444444444,52,17,1.0560834287306893,1.0019830199844877
06c892f33c17168d18f0,base_0012,1,sparse_periodic,0.8,protocol_direct,protocol_inference,direct_transfer,direct,direct,0,1,False,0,18,1.0,0,0,1.194642059946,1.0
021bccbac5bfed384e36,base_0012,1,sparse_periodic,0.8,protocol_on_demand,protocol_inference,on_demand_epr,custom_epr,generic_epr,0,4,False,0,18,1.0,24,6,1.1918766155764036,1.0
d7f468b63348a25b4bb8,base_0012,1,sparse_periodic,0.8,protocol_prefetch,protocol_inference,prefetched_epr,prefetch,generic_epr,0,4,True,0,18,1.0,67,18,1.2103176583362507,1.0
4cb04e6b657810651061,base_0012,1,sparse_periodic,0.8,protocol_telegate,protocol_inference,telegate,prefetch,telegate,0,4,True,0,18,1.0,60,10,1.1790760574069634,1.0
c6098834e2aae790ab42,base_0012,1,sparse_periodic,0.8,protocol_teledata,protocol_inference,teledata,prefetch,teledata,0,4,True,0,18,1.0,59,9,1.1450261659049719,1.0
82a2a1c20f1ffe4908d7,base_0012,1,sparse_periodic,0.8,distill_0,distillation_depth_inference,distill_0,custom_epr,generic_epr,0,6,False,0,18,1.0,21,3,1.0773740797147768,1.0
f69604f6d6c8d43a0353,base_0012,1,sparse_periodic,0.8,distill_1,distillation_depth_inference,distill_1,custom_epr,generic_epr,1,6,False,0,18,1.0,47,11,1.0858340503897226,1.0068558355546284
14e7ee071329355e5271,base_0012,1,sparse_periodic,0.8,distill_2,distillation_depth_inference,distill_2,custom_epr,generic_epr,2,6,False,0,18,1.0,89,17,1.032707776574836,1.0019285236948468
4f66d66691b655f7df79,base_0012,1,sparse_periodic,0.8,retry_1,retry_policy_inference,retry_1,custom_epr,generic_epr,0,1,False,0,18,0.7777777777777778,18,4,1.1023706880447186,1.0
d58d4da6429fbf26107d,base_0012,1,sparse_periodic,0.8,retry_2,retry_policy_inference,retry_2,custom_epr,generic_epr,0,2,False,0,18,1.0,21,3,1.1257392947466587,1.0114788573633393
743c0cfe1f42fba373a6,base_0012,1,sparse_periodic,0.8,retry_4,retry_policy_inference,retry_4,custom_epr,generic_epr,0,4,False,0,18,1.0,23,5,1.1240669760005906,1.0114788573633393
51ffb0d6e7c93ab8fdc6,base_0012,1,sparse_periodic,0.8,service_low_latency,service_class_inference,low_latency,custom_epr,generic_epr,0,4,False,0,18,1.0,22,4,1.0965193475817823,1.0114788573633393
f19a779503e299c9a006,base_0012,1,sparse_periodic,0.8,service_high_fidelity,service_class_inference,high_fidelity,custom_epr,generic_epr,2,4,False,0,18,1.0,86,14,1.0456493628303933,1.0019285236948468
dc22995139cddd8fc106,base_0012,1,sparse_periodic,0.8,protocol_control_direct_transfer,protocol_label_only_control,direct_transfer,prefetch,generic_epr,0,4,True,0,18,1.0,60,10,1.2660514331157875,1.0217266233414766
248d72970fa76567fc6b,base_0012,1,sparse_periodic,0.8,protocol_control_on_demand_epr,protocol_label_only_control,on_demand_epr,prefetch,generic_epr,0,4,True,0,18,1.0,60,10,1.2660514331157875,1.0217266233414766
3ee2e123ca251566dfdf,base_0012,1,sparse_periodic,0.8,protocol_control_prefetched_epr,protocol_label_only_control,prefetched_epr,prefetch,generic_epr,0,4,True,0,18,1.0,60,10,1.2660514331157875,1.0217266233414766
caa8fa5aa652a6f0de89,base_0012,1,sparse_periodic,0.8,protocol_control_telegate,protocol_label_only_control,telegate,prefetch,generic_epr,0,4,True,0,18,1.0,60,10,1.2660514331157875,1.0217266233414766
074a9bad45bb79fe20e1,base_0012,1,sparse_periodic,0.8,protocol_control_teledata,protocol_label_only_control,teledata,prefetch,generic_epr,0,4,True,0,18,1.0,60,10,1.2660514331157875,1.0217266233414766
0a64e3386f468fe4b6dc,base_0012,1,sparse_periodic,0.8,service_control_low_latency,service_label_only_control,low_latency,custom_epr,generic_epr,1,4,False,0,18,1.0,37,1,1.0577543885292389,1.0068558355546284
9d2f1d2223224784cfd8,base_0012,1,sparse_periodic,0.8,service_control_high_fidelity,service_label_only_control,high_fidelity,custom_epr,generic_epr,1,4,False,0,18,1.0,37,1,1.0577543885292389,1.0068558355546284
cab129aa432181fdc8be,base_0012,1,sparse_periodic,0.95,protocol_direct,protocol_inference,direct_transfer,direct,direct,0,1,False,0,18,1.0,0,0,1.194642059946,1.0
a6a6186fe7f04b2a874d,base_0012,1,sparse_periodic,0.95,protocol_on_demand,protocol_inference,on_demand_epr,custom_epr,generic_epr,0,4,False,0,18,1.0,18,0,1.1344219700960005,1.0
ffe994ca7267666f2f2b,base_0012,1,sparse_periodic,0.95,protocol_prefetch,protocol_inference,prefetched_epr,prefetch,generic_epr,0,4,True,0,18,1.0,51,1,1.18601376833236,1.0
b40b6912d93794e60512,base_0012,1,sparse_periodic,0.95,protocol_telegate,protocol_inference,telegate,prefetch,telegate,0,4,True,0,18,1.0,52,2,1.1727270705943345,1.0
52355743094352724be9,base_0012,1,sparse_periodic,0.95,protocol_teledata,protocol_inference,teledata,prefetch,teledata,0,4,True,0,18,1.0,53,3,1.1450261659049719,1.0
eb28120059742e1f757e,base_0012,1,sparse_periodic,0.95,distill_0,distillation_depth_inference,distill_0,custom_epr,generic_epr,0,6,False,0,18,1.0,18,0,1.1344219700960005,1.0
e6e39921e6a60239e68f,base_0012,1,sparse_periodic,0.95,distill_1,distillation_depth_inference,distill_1,custom_epr,generic_epr,1,6,False,0,18,1.0,37,1,1.057832172704834,1.0020068983011154
71814bb8d731412bdbe4,base_0012,1,sparse_periodic,0.95,distill_2,distillation_depth_inference,distill_2,custom_epr,generic_epr,2,6,False,0,18,1.0,79,7,1.0438838017630996,1.0019742114577455
ca843d0700c3da7c5544,base_0012,1,sparse_periodic,0.95,retry_1,retry_policy_inference,retry_1,custom_epr,generic_epr,0,1,False,0,18,1.0,18,0,1.1344219700960005,1.0
78a7f9bdbd6c895accf1,base_0012,1,sparse_periodic,0.95,retry_2,retry_policy_inference,retry_2,custom_epr,generic_epr,0,2,False,0,18,1.0,19,1,1.1344219700960005,1.0
8b372b34d74517d0926b,base_0012,1,sparse_periodic,0.95,retry_4,retry_policy_inference,retry_4,custom_epr,generic_epr,0,4,False,0,18,1.0,20,2,1.1052020229311244,1.0
b5f99813cca700c2a940,base_0012,1,sparse_periodic,0.95,service_low_latency,service_class_inference,low_latency,custom_epr,generic_epr,0,4,False,0,18,1.0,19,1,1.1344219700960005,1.0
3f6099825952515c7c77,base_0012,1,sparse_periodic,0.95,service_high_fidelity,service_class_inference,high_fidelity,custom_epr,generic_epr,2,4,False,0,18,1.0,77,5,1.0487240083736353,1.0019511001520927
3e731bbef3e4b6de7026,base_0012,1,sparse_periodic,0.95,protocol_control_direct_transfer,protocol_label_only_control,direct_transfer,prefetch,generic_epr,0,4,True,0,18,1.0,55,5,1.18601376833236,1.0
8df3811f788b5b904607,base_0012,1,sparse_periodic,0.95,protocol_control_on_demand_epr,protocol_label_only_control,on_demand_epr,prefetch,generic_epr,0,4,True,0,18,1.0,55,5,1.18601376833236,1.0
c71a009cf488f5a2660a,base_0012,1,sparse_periodic,0.95,protocol_control_prefetched_epr,protocol_label_only_control,prefetched_epr,prefetch,generic_epr,0,4,True,0,18,1.0,55,5,1.18601376833236,1.0
e9311e600a5e2a8ae80f,base_0012,1,sparse_periodic,0.95,protocol_control_telegate,protocol_label_only_control,telegate,prefetch,generic_epr,0,4,True,0,18,1.0,55,5,1.18601376833236,1.0
621e4400551c03060a4c,base_0012,1,sparse_periodic,0.95,protocol_control_teledata,protocol_label_only_control,teledata,prefetch,generic_epr,0,4,True,0,18,1.0,55,5,1.18601376833236,1.0
481c02a778a6d1cded5b,base_0012,1,sparse_periodic,0.95,service_control_low_latency,service_label_only_control,low_latency,custom_epr,generic_epr,1,4,False,0,18,1.0,39,3,1.056388326536701,1.0068558355546284
826c3a247fe039f9dcb7,base_0012,1,sparse_periodic,0.95,service_control_high_fidelity,service_label_only_control,high_fidelity,custom_epr,generic_epr,1,4,False,0,18,1.0,39,3,1.056388326536701,1.0068558355546284
39493e0789f9a676f95e,base_0013,0,dense_periodic,0.65,protocol_direct,protocol_inference,direct_transfer,direct,direct,0,1,False,1,44,1.0,0,0,1.1769370177921712,1.0
da4de0816a3b9ce2a541,base_0013,0,dense_periodic,0.65,protocol_on_demand,protocol_inference,on_demand_epr,custom_epr,generic_epr,0,4,False,1,44,1.0,58,14,1.1259935696493915,1.0114366989677408
60116e34ba52ed0a5d1c,base_0013,0,dense_periodic,0.65,protocol_prefetch,protocol_inference,prefetched_epr,prefetch,generic_epr,0,4,True,1,44,1.0,94,32,1.1769370177921712,1.0
ab20f501ca57f1424745,base_0013,0,dense_periodic,0.65,protocol_telegate,protocol_inference,telegate,prefetch,telegate,0,4,True,1,44,1.0,98,37,1.1474475148268093,1.0
9d26f95ff601a6406b5c,base_0013,0,dense_periodic,0.65,protocol_teledata,protocol_inference,teledata,prefetch,teledata,0,4,True,1,44,1.0,96,35,1.2218734334324373,1.0
94f137eee0675644c32e,base_0013,0,dense_periodic,0.65,distill_0,distillation_depth_inference,distill_0,custom_epr,generic_epr,0,6,False,1,44,1.0,66,22,1.0767002453202255,1.0020086866665574
abd01a5520531b4a65ba,base_0013,0,dense_periodic,0.65,distill_1,distillation_depth_inference,distill_1,custom_epr,generic_epr,1,6,False,1,44,1.0,126,38,1.1002902064190008,1.0019527904136112
e9222712ce9cca212f4a,base_0013,0,dense_periodic,0.65,distill_2,distillation_depth_inference,distill_2,custom_epr,generic_epr,2,6,False,1,44,1.0,268,92,1.1581655655333767,1.0169959143553293
b933f0cd9df24ea2e73b,base_0013,0,dense_periodic,0.65,retry_1,retry_policy_inference,retry_1,custom_epr,generic_epr,0,1,False,1,44,0.6363636363636364,44,16,1.0707158968303283,1.0114366989677408
7e6a45f11693a0ab49cb,base_0013,0,dense_periodic,0.65,retry_2,retry_policy_inference,retry_2,custom_epr,generic_epr,0,2,False,1,44,0.9318181818181818,58,17,1.1321237586367179,1.0114366989677408
80630f42c980962ee029,base_0013,0,dense_periodic,0.65,retry_4,retry_policy_inference,retry_4,custom_epr,generic_epr,0,4,False,1,44,1.0,65,21,1.1449826691840597,1.0114366989677408
0717a3864113cbd18be9,base_0013,0,dense_periodic,0.65,service_low_latency,service_class_inference,low_latency,custom_epr,generic_epr,0,4,False,1,44,1.0,70,26,1.089347861632046,1.0020086866665574
1b8849641ba98910bd5c,base_0013,0,dense_periodic,0.65,service_high_fidelity,service_class_inference,high_fidelity,custom_epr,generic_epr,2,4,False,1,44,0.9545454545454546,251,81,1.1284238515076075,1.005842968373297
4f49bc60d535e883d16d,base_0013,0,dense_periodic,0.65,protocol_control_direct_transfer,protocol_label_only_control,direct_transfer,prefetch,generic_epr,0,4,True,1,44,1.0,107,48,1.1769370177921712,1.0
8fb0abf57ed11a4a1f3f,base_0013,0,dense_periodic,0.65,protocol_control_on_demand_epr,protocol_label_only_control,on_demand_epr,prefetch,generic_epr,0,4,True,1,44,1.0,107,48,1.1769370177921712,1.0
1113ba7101122819ccc8,base_0013,0,dense_periodic,0.65,protocol_control_prefetched_epr,protocol_label_only_control,prefetched_epr,prefetch,generic_epr,0,4,True,1,44,1.0,107,48,1.1769370177921712,1.0
01a8a84a5a47d62bbd8a,base_0013,0,dense_periodic,0.65,protocol_control_telegate,protocol_label_only_control,telegate,prefetch,generic_epr,0,4,True,1,44,1.0,107,48,1.1769370177921712,1.0
bbdbcf301f99d729c182,base_0013,0,dense_periodic,0.65,protocol_control_teledata,protocol_label_only_control,teledata,prefetch,generic_epr,0,4,True,1,44,1.0,107,48,1.1769370177921712,1.0
372033b7cb558ec7b2d4,base_0013,0,dense_periodic,0.65,service_control_low_latency,service_label_only_control,low_latency,custom_epr,generic_epr,1,4,False,1,44,1.0,125,37,1.0572564765412096,1.0019996491621852
24cc2d33605d02039f30,base_0013,0,dense_periodic,0.65,service_control_high_fidelity,service_label_only_control,high_fidelity,custom_epr,generic_epr,1,4,False,1,44,1.0,125,37,1.0572564765412096,1.0019996491621852
085b63aaeb5b3128f971,base_0013,0,dense_periodic,0.8,protocol_direct,protocol_inference,direct_transfer,direct,direct,0,1,False,1,44,1.0,0,0,1.1769370177921712,1.0
cf5184c2494a1e2c00ea,base_0013,0,dense_periodic,0.8,protocol_on_demand,protocol_inference,on_demand_epr,custom_epr,generic_epr,0,4,False,1,44,1.0,49,5,1.1258807486910496,1.0114366989677408
4b89a011854d0f157901,base_0013,0,dense_periodic,0.8,protocol_prefetch,protocol_inference,prefetched_epr,prefetch,generic_epr,0,4,True,1,44,1.0,79,15,1.1769370177921712,1.0
8883e118c34f1ce3d303,base_0013,0,dense_periodic,0.8,protocol_telegate,protocol_inference,telegate,prefetch,telegate,0,4,True,1,44,1.0,83,21,1.1474475148268093,1.0
a09530d447b059833b2b,base_0013,0,dense_periodic,0.8,protocol_teledata,protocol_inference,teledata,prefetch,teledata,0,4,True,1,44,1.0,75,12,1.1955355699822654,1.0
06a47bdc2fec18d27e20,base_0013,0,dense_periodic,0.8,distill_0,distillation_depth_inference,distill_0,custom_epr,generic_epr,0,6,False,1,44,1.0,57,13,1.0973439522439827,1.0114366989677408
04d3a42fcc228c182619,base_0013,0,dense_periodic,0.8,distill_1,distillation_depth_inference,distill_1,custom_epr,generic_epr,1,6,False,1,44,1.0,104,16,1.0676952215660407,1.0019759420173875
1ed50a703264e878ed16,base_0013,0,dense_periodic,0.8,distill_2,distillation_depth_inference,distill_2,custom_epr,generic_epr,2,6,False,1,44,1.0,221,45,1.0628974178402226,1.0060333040157778
4e3715732dbcacd6c871,base_0013,0,dense_periodic,0.8,retry_1,retry_policy_inference,retry_1,custom_epr,generic_epr,0,1,False,1,44,0.7727272727272727,44,10,1.072483948713697,1.0
1110e75681680131c5c9,base_0013,0,dense_periodic,0.8,retry_2,retry_policy_inference,retry_2,custom_epr,generic_epr,0,2,False,1,44,0.9545454545454546,53,11,1.1075237568039145,1.0020086866665574
81d0eb3136bad2de18f2,base_0013,0,dense_periodic,0.8,retry_4,retry_policy_inference,retry_4,custom_epr,generic_epr,0,4,False,1,44,1.0,51,7,1.1189093159634735,1.0114366989677408
0693fa7749ba682c5436,base_0013,0,dense_periodic,0.8,service_low_latency,service_class_inference,low_latency,custom_epr,generic_epr,0,4,False,1,44,1.0,53,9,1.0961887098974081,1.0114366989677408
0338a486c90a78b13d3a,base_0013,0,dense_periodic,0.8,service_high_fidelity,service_class_inference,high_fidelity,custom_epr,generic_epr,2,4,False,1,44,0.9772727272727273,209,37,1.0492949152892848,1.0019442478194782
c74a86b541c91efd4a07,base_0013,0,dense_periodic,0.8,protocol_control_direct_transfer,protocol_label_only_control,direct_transfer,prefetch,generic_epr,0,4,True,1,44,1.0,79,17,1.1769370177921712,1.0
47e1d3d4793c34670a9c,base_0013,0,dense_periodic,0.8,protocol_control_on_demand_epr,protocol_label_only_control,on_demand_epr,prefetch,generic_epr,0,4,True,1,44,1.0,79,17,1.1769370177921712,1.0
69ef3ace066a00bb257a,base_0013,0,dense_periodic,0.8,protocol_control_prefetched_epr,protocol_label_only_control,prefetched_epr,prefetch,generic_epr,0,4,True,1,44,1.0,79,17,1.1769370177921712,1.0
094ff29b4763211dbd67,base_0013,0,dense_periodic,0.8,protocol_control_telegate,protocol_label_only_control,telegate,prefetch,generic_epr,0,4,True,1,44,1.0,79,17,1.1769370177921712,1.0
8b1c3d5c39b132750d35,base_0013,0,dense_periodic,0.8,protocol_control_teledata,protocol_label_only_control,teledata,prefetch,generic_epr,0,4,True,1,44,1.0,79,17,1.1769370177921712,1.0
3e707191b417715a20db,base_0013,0,dense_periodic,0.8,service_control_low_latency,service_label_only_control,low_latency,custom_epr,generic_epr,1,4,False,1,44,0.9545454545454546,105,20,1.055868214841003,1.0019759420173875
f720d402bbe8c37cd3f6,base_0013,0,dense_periodic,0.8,service_control_high_fidelity,service_label_only_control,high_fidelity,custom_epr,generic_epr,1,4,False,1,44,0.9545454545454546,105,20,1.055868214841003,1.0019759420173875
bb5fbc430a20d9077500,base_0013,0,dense_periodic,0.95,protocol_direct,protocol_inference,direct_transfer,direct,direct,0,1,False,1,44,1.0,0,0,1.1769370177921712,1.0
0efd73021f2f4298eff5,base_0013,0,dense_periodic,0.95,protocol_on_demand,protocol_inference,on_demand_epr,custom_epr,generic_epr,0,4,False,1,44,1.0,45,1,1.0991235461777036,1.0114366989677408
20a2401d3a0b15160b79,base_0013,0,dense_periodic,0.95,protocol_prefetch,protocol_inference,prefetched_epr,prefetch,generic_epr,0,4,True,1,44,1.0,71,6,1.1769370177921712,1.0
01eeee04d193d1d2d365,base_0013,0,dense_periodic,0.95,protocol_telegate,protocol_inference,telegate,prefetch,telegate,0,4,True,1,44,1.0,67,2,1.1474475148268093,1.0
7e1ad1491883e3f28f65,base_0013,0,dense_periodic,0.95,protocol_teledata,protocol_inference,teledata,prefetch,teledata,0,4,True,1,44,1.0,66,1,1.1955355699822654,1.0
80601e4f20a4873b4385,base_0013,0,dense_periodic,0.95,distill_0,distillation_depth_inference,distill_0,custom_epr,generic_epr,0,6,False,1,44,1.0,47,3,1.1207700107231817,1.0114366989677408
59e6898583225b501f8a,base_0013,0,dense_periodic,0.95,distill_1,distillation_depth_inference,distill_1,custom_epr,generic_epr,1,6,False,1,44,1.0,93,5,1.0691327130234354,1.0019996491621852
6df05f3cfdaa7a31b034,base_0013,0,dense_periodic,0.95,distill_2,distillation_depth_inference,distill_2,custom_epr,generic_epr,2,6,False,1,44,1.0,182,6,1.042320911319623,1.0019442478194782
ebc3f6149936a942b203,base_0013,0,dense_periodic,0.95,retry_1,retry_policy_inference,retry_1,custom_epr,generic_epr,0,1,False,1,44,0.9545454545454546,44,2,1.1107924328465903,1.0114366989677408
085ce092c9124348d3e9,base_0013,0,dense_periodic,0.95,retry_2,retry_policy_inference,retry_2,custom_epr,generic_epr,0,2,False,1,44,0.9772727272727273,45,2,1.1107924328465903,1.0114366989677408
618066bcc0d493d54ab3,base_0013,0,dense_periodic,0.95,retry_4,retry_policy_inference,retry_4,custom_epr,generic_epr,0,4,False,1,44,1.0,46,2,1.1209050825600593,1.0114366989677408
1e1162a851f1810f2298,base_0013,0,dense_periodic,0.95,service_low_latency,service_class_inference,low_latency,custom_epr,generic_epr,0,4,False,1,44,1.0,48,4,1.1156497485489505,1.0114366989677408
e00eda35a7d820feca57,base_0013,0,dense_periodic,0.95,service_high_fidelity,service_class_inference,high_fidelity,custom_epr,generic_epr,2,4,False,1,44,1.0,182,6,1.0370159175922513,1.0019442478194782
c989d8377f06b4afa99c,base_0013,0,dense_periodic,0.95,protocol_control_direct_transfer,protocol_label_only_control,direct_transfer,prefetch,generic_epr,0,4,True,1,44,1.0,70,6,1.1769370177921712,1.0
c005bb4427f8ded7477e,base_0013,0,dense_periodic,0.95,protocol_control_on_demand_epr,protocol_label_only_control,on_demand_epr,prefetch,generic_epr,0,4,True,1,44,1.0,70,6,1.1769370177921712,1.0
71eef09021230a2e6f25,base_0013,0,dense_periodic,0.95,protocol_control_prefetched_epr,protocol_label_only_control,prefetched_epr,prefetch,generic_epr,0,4,True,1,44,1.0,70,6,1.1769370177921712,1.0
ba0dc643afb2dbfddc02,base_0013,0,dense_periodic,0.95,protocol_control_telegate,protocol_label_only_control,telegate,prefetch,generic_epr,0,4,True,1,44,1.0,70,6,1.1769370177921712,1.0
edd0f7865feb0f556e46,base_0013,0,dense_periodic,0.95,protocol_control_teledata,protocol_label_only_control,teledata,prefetch,generic_epr,0,4,True,1,44,1.0,70,6,1.1769370177921712,1.0
f244dffe188f74b2c45f,base_0013,0,dense_periodic,0.95,service_control_low_latency,service_label_only_control,low_latency,custom_epr,generic_epr,1,4,False,1,44,1.0,93,5,1.075287248541041,1.0019996491621852
5f8f634b66aaa3a6afa5,base_0013,0,dense_periodic,0.95,service_control_high_fidelity,service_label_only_control,high_fidelity,custom_epr,generic_epr,1,4,False,1,44,1.0,93,5,1.075287248541041,1.0019996491621852
0574a1e3e94fa92fbca4,base_0013,1,dense_periodic,0.65,protocol_direct,protocol_inference,direct_transfer,direct,direct,0,1,False,1,44,1.0,0,0,1.2030174644151366,1.0
63f76cc65712036d4df0,base_0013,1,dense_periodic,0.65,protocol_on_demand,protocol_inference,on_demand_epr,custom_epr,generic_epr,0,4,False,1,44,1.0,73,29,1.1027103281760926,1.001222548323165
e7c1cdc70e60083c6b90,base_0013,1,dense_periodic,0.65,protocol_prefetch,protocol_inference,prefetched_epr,prefetch,generic_epr,0,4,True,1,44,1.0,87,26,1.2030174644151366,1.0
4e08bd7596659ea961a0,base_0013,1,dense_periodic,0.65,protocol_telegate,protocol_inference,telegate,prefetch,telegate,0,4,True,1,44,1.0,94,32,1.169181220345947,1.0
00a60fa0163debe3a760,base_0013,1,dense_periodic,0.65,protocol_teledata,protocol_inference,teledata,prefetch,teledata,0,4,True,1,44,1.0,89,28,1.1699292629276756,1.0
9f5e62a5bd005c923255,base_0013,1,dense_periodic,0.65,distill_0,distillation_depth_inference,distill_0,custom_epr,generic_epr,0,6,False,1,44,1.0,70,26,1.1230433477608877,1.0114347637654866
8ef027ed85da58fb3e09,base_0013,1,dense_periodic,0.65,distill_1,distillation_depth_inference,distill_1,custom_epr,generic_epr,1,6,False,1,44,1.0,129,41,1.068688150602958,1.001999316382864
0bc0a1fd756b4189986d,base_0013,1,dense_periodic,0.65,distill_2,distillation_depth_inference,distill_2,custom_epr,generic_epr,2,6,False,1,44,1.0,274,98,1.170097429879839,1.0235760964957168
61e1598e77f5cac31ea5,base_0013,1,dense_periodic,0.65,retry_1,retry_policy_inference,retry_1,custom_epr,generic_epr,0,1,False,1,44,0.6818181818181818,44,14,1.0741104350280837,1.0
657943f41d30ceb23408,base_0013,1,dense_periodic,0.65,retry_2,retry_policy_inference,retry_2,custom_epr,generic_epr,0,2,False,1,44,0.8409090909090909,60,23,1.1016700665212433,1.0114347637654866
0b7ccb501ca3fc14e47a,base_0013,1,dense_periodic,0.65,retry_4,retry_policy_inference,retry_4,custom_epr,generic_epr,0,4,False,1,44,0.9772727272727273,69,26,1.1182365877616638,1.0114347637654866
0073cbe5a73c94dd4c52,base_0013,1,dense_periodic,0.65,service_low_latency,service_class_inference,low_latency,custom_epr,generic_epr,0,4,False,1,44,1.0,66,22,1.1145784420480067,1.0114347637654866
5f7caf150c2900fd3bc0,base_0013,1,dense_periodic,0.65,service_high_fidelity,service_class_inference,high_fidelity,custom_epr,generic_epr,2,4,False,1,44,0.9090909090909091,276,111,1.210877937181333,1.0214332571404559
0548702bfa5929b90b32,base_0013,1,dense_periodic,0.65,protocol_control_direct_transfer,protocol_label_only_control,direct_transfer,prefetch,generic_epr,0,4,True,1,44,1.0,95,33,1.2060477674454395,1.0
0a5b560287f5cd9e4a7d,base_0013,1,dense_periodic,0.65,protocol_control_on_demand_epr,protocol_label_only_control,on_demand_epr,prefetch,generic_epr,0,4,True,1,44,1.0,95,33,1.2060477674454395,1.0
6db9347b1f79cbe4bbe8,base_0013,1,dense_periodic,0.65,protocol_control_prefetched_epr,protocol_label_only_control,prefetched_epr,prefetch,generic_epr,0,4,True,1,44,1.0,95,33,1.2060477674454395,1.0
2299965c51e1f6da0bc9,base_0013,1,dense_periodic,0.65,protocol_control_telegate,protocol_label_only_control,telegate,prefetch,generic_epr,0,4,True,1,44,1.0,95,33,1.2060477674454395,1.0
944869d710ec7f39e3d3,base_0013,1,dense_periodic,0.65,protocol_control_teledata,protocol_label_only_control,teledata,prefetch,generic_epr,0,4,True,1,44,1.0,95,33,1.2060477674454395,1.0
33c3179045470744b966,base_0013,1,dense_periodic,0.65,service_control_low_latency,service_label_only_control,low_latency,custom_epr,generic_epr,1,4,False,1,44,1.0,139,51,1.077315360491449,1.0019524730466722
6d49f0a1a29d5fadb0d4,base_0013,1,dense_periodic,0.65,service_control_high_fidelity,service_label_only_control,high_fidelity,custom_epr,generic_epr,1,4,False,1,44,1.0,139,51,1.077315360491449,1.0019524730466722
ad7f324c173a13827566,base_0013,1,dense_periodic,0.8,protocol_direct,protocol_inference,direct_transfer,direct,direct,0,1,False,1,44,1.0,0,0,1.2030174644151366,1.0
b969e8b3cb5e5bbc114e,base_0013,1,dense_periodic,0.8,protocol_on_demand,protocol_inference,on_demand_epr,custom_epr,generic_epr,0,4,False,1,44,1.0,56,12,1.1270944001951724,1.0114347637654866
ceb2296f7b195ccdd873,base_0013,1,dense_periodic,0.8,protocol_prefetch,protocol_inference,prefetched_epr,prefetch,generic_epr,0,4,True,1,44,1.0,84,21,1.2030174644151366,1.0
8267cc3bb06e1ba4ed7c,base_0013,1,dense_periodic,0.8,protocol_telegate,protocol_inference,telegate,prefetch,telegate,0,4,True,1,44,1.0,73,9,1.169181220345947,1.0
53203e401d42cff7b1fe,base_0013,1,dense_periodic,0.8,protocol_teledata,protocol_inference,teledata,prefetch,teledata,0,4,True,1,44,1.0,77,12,1.1699292629276756,1.0
fc1580109fab4d30bf53,base_0013,1,dense_periodic,0.8,distill_0,distillation_depth_inference,distill_0,custom_epr,generic_epr,0,6,False,1,44,1.0,55,11,1.1018598060753275,1.0114347637654866
8dcbe03bae184bc99e3b,base_0013,1,dense_periodic,0.8,distill_1,distillation_depth_inference,distill_1,custom_epr,generic_epr,1,6,False,1,44,1.0,108,20,1.078705002184434,1.001999316382864
3c7edc6c6250d9c01f90,base_0013,1,dense_periodic,0.8,distill_2,distillation_depth_inference,distill_2,custom_epr,generic_epr,2,6,False,1,44,0.9772727272727273,219,44,1.0789011461393772,1.0106039536974416
fc852d23fa6e68345c6c,base_0013,1,dense_periodic,0.8,retry_1,retry_policy_inference,retry_1,custom_epr,generic_epr,0,1,False,1,44,0.9090909090909091,44,4,1.1025012163612578,1.0
1908fb89dd8df4860fd8,base_0013,1,dense_periodic,0.8,retry_2,retry_policy_inference,retry_2,custom_epr,generic_epr,0,2,False,1,44,0.9772727272727273,53,10,1.1201779840380253,1.0020083508726692
da55b1a91c3eafd07f8d,base_0013,1,dense_periodic,0.8,retry_4,retry_policy_inference,retry_4,custom_epr,generic_epr,0,4,False,1,44,1.0,51,7,1.1221643479913022,1.0114347637654866
a5acfd9586c8334ee7d8,base_0013,1,dense_periodic,0.8,service_low_latency,service_class_inference,low_latency,custom_epr,generic_epr,0,4,False,1,44,1.0,54,10,1.1015021765081843,1.0020083508726692
228877b0c031fec55333,base_0013,1,dense_periodic,0.8,service_high_fidelity,service_class_inference,high_fidelity,custom_epr,generic_epr,2,4,False,1,44,1.0,223,47,1.0617813188219616,1.0069214009285945
9d02ac6af973cab3f3b0,base_0013,1,dense_periodic,0.8,protocol_control_direct_transfer,protocol_label_only_control,direct_transfer,prefetch,generic_epr,0,4,True,1,44,1.0,81,17,1.2030174644151366,1.0
f7e7c52c658d6cfb3ed8,base_0013,1,dense_periodic,0.8,protocol_control_on_demand_epr,protocol_label_only_control,on_demand_epr,prefetch,generic_epr,0,4,True,1,44,1.0,81,17,1.2030174644151366,1.0
6cab9d3decc79643bec6,base_0013,1,dense_periodic,0.8,protocol_control_prefetched_epr,protocol_label_only_control,prefetched_epr,prefetch,generic_epr,0,4,True,1,44,1.0,81,17,1.2030174644151366,1.0
e86daca776d5c4f6a311,base_0013,1,dense_periodic,0.8,protocol_control_telegate,protocol_label_only_control,telegate,prefetch,generic_epr,0,4,True,1,44,1.0,81,17,1.2030174644151366,1.0
7fc765d4244414c271ef,base_0013,1,dense_periodic,0.8,protocol_control_teledata,protocol_label_only_control,teledata,prefetch,generic_epr,0,4,True,1,44,1.0,81,17,1.2030174644151366,1.0
7ef35cb7ed7a8e6e7372,base_0013,1,dense_periodic,0.8,service_control_low_latency,service_label_only_control,low_latency,custom_epr,generic_epr,1,4,False,1,44,0.9772727272727273,106,19,1.098226069890728,1.001999316382864
3d7afee76e176f5b65a0,base_0013,1,dense_periodic,0.8,service_control_high_fidelity,service_label_only_control,high_fidelity,custom_epr,generic_epr,1,4,False,1,44,0.9772727272727273,106,19,1.098226069890728,1.001999316382864
02939bb905bfcd3149b5,base_0013,1,dense_periodic,0.95,protocol_direct,protocol_inference,direct_transfer,direct,direct,0,1,False,1,44,1.0,0,0,1.2030174644151366,1.0
3f92d9d2a6d57451ec22,base_0013,1,dense_periodic,0.95,protocol_on_demand,protocol_inference,on_demand_epr,custom_epr,generic_epr,0,4,False,1,44,1.0,46,2,1.1156131044731459,1.0114347637654866
e2f34c9574b383ef5ecf,base_0013,1,dense_periodic,0.95,protocol_prefetch,protocol_inference,prefetched_epr,prefetch,generic_epr,0,4,True,1,44,1.0,68,3,1.2030174644151366,1.0
c5481206ca4dd0948cce,base_0013,1,dense_periodic,0.95,protocol_telegate,protocol_inference,telegate,prefetch,telegate,0,4,True,1,44,1.0,68,3,1.169181220345947,1.0
b6121504999bac9d016c,base_0013,1,dense_periodic,0.95,protocol_teledata,protocol_inference,teledata,prefetch,teledata,0,4,True,1,44,1.0,68,3,1.1699292629276756,1.0
783f6a5292ffbdf3febe,base_0013,1,dense_periodic,0.95,distill_0,distillation_depth_inference,distill_0,custom_epr,generic_epr,0,6,False,1,44,1.0,49,5,1.125811297239815,1.0114347637654866
a818d935f449ccd49eb4,base_0013,1,dense_periodic,0.95,distill_1,distillation_depth_inference,distill_1,custom_epr,generic_epr,1,6,False,1,44,1.0,90,2,1.0791958665266543,1.001999316382864
938b4e6974b4d848a81f,base_0013,1,dense_periodic,0.95,distill_2,distillation_depth_inference,distill_2,custom_epr,generic_epr,2,6,False,1,44,1.0,183,7,1.0456272367806119,1.001943933222922
f2f810c71282480caab8,base_0013,1,dense_periodic,0.95,retry_1,retry_policy_inference,retry_1,custom_epr,generic_epr,0,1,False,1,44,0.9318181818181818,44,3,1.1007144177661956,1.0114347637654866
95ea683d6d690599355e,base_0013,1,dense_periodic,0.95,retry_2,retry_policy_inference,retry_2,custom_epr,generic_epr,0,2,False,1,44,1.0,44,0,1.1156131044731459,1.0114347637654866
662881918e6cadfc1e93,base_0013,1,dense_periodic,0.95,retry_4,retry_policy_inference,retry_4,custom_epr,generic_epr,0,4,False,1,44,1.0,45,1,1.1047204090820644,1.0114347637654866
8398890fffb00cf47230,base_0013,1,dense_periodic,0.95,service_low_latency,service_class_inference,low_latency,custom_epr,generic_epr,0,4,False,1,44,1.0,46,2,1.103944217804259,1.0114347637654866
c6f193f83837fbf9f424,base_0013,1,dense_periodic,0.95,service_high_fidelity,service_class_inference,high_fidelity,custom_epr,generic_epr,2,4,False,1,44,1.0,184,8,1.0524404403545116,1.001943933222922
5c6db42f2889d23545ae,base_0013,1,dense_periodic,0.95,protocol_control_direct_transfer,protocol_label_only_control,direct_transfer,prefetch,generic_epr,0,4,True,1,44,1.0,68,4,1.2030174644151366,1.0
a46fe2f53a4b4001601d,base_0013,1,dense_periodic,0.95,protocol_control_on_demand_epr,protocol_label_only_control,on_demand_epr,prefetch,generic_epr,0,4,True,1,44,1.0,68,4,1.2030174644151366,1.0
85fe6c6161e106a8b114,base_0013,1,dense_periodic,0.95,protocol_control_prefetched_epr,protocol_label_only_control,prefetched_epr,prefetch,generic_epr,0,4,True,1,44,1.0,68,4,1.2030174644151366,1.0
beee4d11c43978e02722,base_0013,1,dense_periodic,0.95,protocol_control_telegate,protocol_label_only_control,telegate,prefetch,generic_epr,0,4,True,1,44,1.0,68,4,1.2030174644151366,1.0
b88c3d118409c5c11f8a,base_0013,1,dense_periodic,0.95,protocol_control_teledata,protocol_label_only_control,teledata,prefetch,generic_epr,0,4,True,1,44,1.0,68,4,1.2030174644151366,1.0
02e34431e3da2cf5bf77,base_0013,1,dense_periodic,0.95,service_control_low_latency,service_label_only_control,low_latency,custom_epr,generic_epr,1,4,False,1,44,1.0,93,5,1.075176769622497,1.001999316382864
2b0b336eb7c368bb55e4,base_0013,1,dense_periodic,0.95,service_control_high_fidelity,service_label_only_control,high_fidelity,custom_epr,generic_epr,1,4,False,1,44,1.0,93,5,1.075176769622497,1.001999316382864
55a770017ff0897887d3,base_0014,0,synchronization_bursty,0.65,protocol_direct,protocol_inference,direct_transfer,direct,direct,0,1,False,1,70,1.0,0,0,1.4768981676850368,1.0183448781499302
308bca44ab1f80ca2626,base_0014,0,synchronization_bursty,0.65,protocol_on_demand,protocol_inference,on_demand_epr,custom_epr,generic_epr,0,4,False,1,70,0.9857142857142858,101,32,1.1214096668139846,1.0005548784840608
ebc6294fa919dede3923,base_0014,0,synchronization_bursty,0.65,protocol_prefetch,protocol_inference,prefetched_epr,prefetch,generic_epr,0,4,True,1,70,1.0,116,37,1.41515395636484,1.0059395031641727
9722d142e2d9f293a2eb,base_0014,0,synchronization_bursty,0.65,protocol_telegate,protocol_inference,telegate,prefetch,telegate,0,4,True,1,70,1.0,119,39,1.464579298334344,1.0101502201827508
38206349f6e7f2b269f3,base_0014,0,synchronization_bursty,0.65,protocol_teledata,protocol_inference,teledata,prefetch,teledata,0,4,True,1,70,1.0,121,45,1.3700299249784729,1.0026504940505494
fddc1550e6be063b0754,base_0014,0,synchronization_bursty,0.65,distill_0,distillation_depth_inference,distill_0,custom_epr,generic_epr,0,6,False,1,70,0.9857142857142858,125,56,1.1174781955727129,1.0092889138679668
5477c2327ae3d6917cce,base_0014,0,synchronization_bursty,0.65,distill_1,distillation_depth_inference,distill_1,custom_epr,generic_epr,1,6,False,1,70,1.0,225,85,1.1353259489903653,1.0009500767884936
433df0ba0616e7b053dc,base_0014,0,synchronization_bursty,0.65,distill_2,distillation_depth_inference,distill_2,custom_epr,generic_epr,2,6,False,1,70,0.9857142857142858,423,147,1.3662562460847685,1.0428132626801703
923aff815bf2aa288eae,base_0014,0,synchronization_bursty,0.65,retry_1,retry_policy_inference,retry_1,custom_epr,generic_epr,0,1,False,1,70,0.6857142857142857,70,22,1.0827133295553288,1.0000502796741157
494d032ac02a464a5433,base_0014,0,synchronization_bursty,0.65,retry_2,retry_policy_inference,retry_2,custom_epr,generic_epr,0,2,False,1,70,0.9,87,24,1.1059315302014237,1.0119162803953086
258dc8c468bc834dcd9c,base_0014,0,synchronization_bursty,0.65,retry_4,retry_policy_inference,retry_4,custom_epr,generic_epr,0,4,False,1,70,0.9714285714285714,104,36,1.133787043701881,1.0028220361698876
c18162211fb583149d7f,base_0014,0,synchronization_bursty,0.65,service_low_latency,service_class_inference,low_latency,custom_epr,generic_epr,0,4,False,1,70,1.0,107,37,1.0999614530285378,1.0005548784840608
f3065c22c5531c760be1,base_0014,0,synchronization_bursty,0.65,service_high_fidelity,service_class_inference,high_fidelity,custom_epr,generic_epr,2,4,False,1,70,0.9428571428571428,408,138,1.3728384342319546,1.03865810576404
6190402b33e90452afea,base_0014,0,synchronization_bursty,0.65,protocol_control_direct_transfer,protocol_label_only_control,direct_transfer,prefetch,generic_epr,0,4,True,1,70,1.0,114,34,1.4293776856181495,1.0059395031641727
7c886912d0ad8c050a71,base_0014,0,synchronization_bursty,0.65,protocol_control_on_demand_epr,protocol_label_only_control,on_demand_epr,prefetch,generic_epr,0,4,True,1,70,1.0,114,34,1.4293776856181495,1.0059395031641727
36788b0349e713a170db,base_0014,0,synchronization_bursty,0.65,protocol_control_prefetched_epr,protocol_label_only_control,prefetched_epr,prefetch,generic_epr,0,4,True,1,70,1.0,114,34,1.4293776856181495,1.0059395031641727
5406a29be44402b72bc0,base_0014,0,synchronization_bursty,0.65,protocol_control_telegate,protocol_label_only_control,telegate,prefetch,generic_epr,0,4,True,1,70,1.0,114,34,1.4293776856181495,1.0059395031641727
8f1dba1559f7f2a1582d,base_0014,0,synchronization_bursty,0.65,protocol_control_teledata,protocol_label_only_control,teledata,prefetch,generic_epr,0,4,True,1,70,1.0,114,34,1.4293776856181495,1.0059395031641727
08e7e20cc39438dcbe4c,base_0014,0,synchronization_bursty,0.65,service_control_low_latency,service_label_only_control,low_latency,custom_epr,generic_epr,1,4,False,1,70,0.9714285714285714,203,67,1.1213501338830485,1.0034267245270616
69d3d1d53020a4ef4921,base_0014,0,synchronization_bursty,0.65,service_control_high_fidelity,service_label_only_control,high_fidelity,custom_epr,generic_epr,1,4,False,1,70,0.9714285714285714,203,67,1.1213501338830485,1.0034267245270616
e32ff14e856e43fef5cd,base_0014,0,synchronization_bursty,0.8,protocol_direct,protocol_inference,direct_transfer,direct,direct,0,1,False,1,70,1.0,0,0,1.4768981676850368,1.0183448781499302
ccb2912ade839f56a8f0,base_0014,0,synchronization_bursty,0.8,protocol_on_demand,protocol_inference,on_demand_epr,custom_epr,generic_epr,0,4,False,1,70,1.0,93,23,1.1155938666901895,1.0008630984332139
6e333510d77960d70999,base_0014,0,synchronization_bursty,0.8,protocol_prefetch,protocol_inference,prefetched_epr,prefetch,generic_epr,0,4,True,1,70,1.0,99,19,1.4407836547826858,1.0059395031641727
6d58cb32dd960efe026e,base_0014,0,synchronization_bursty,0.8,protocol_telegate,protocol_inference,telegate,prefetch,telegate,0,4,True,1,70,1.0,96,15,1.3757294081126363,1.007460424957185
554834009fb539a46126,base_0014,0,synchronization_bursty,0.8,protocol_teledata,protocol_inference,teledata,prefetch,teledata,0,4,True,1,70,1.0,104,25,1.3352923948137416,1.0026504940505494
436612d02f8fa4bde92b,base_0014,0,synchronization_bursty,0.8,distill_0,distillation_depth_inference,distill_0,custom_epr,generic_epr,0,6,False,1,70,1.0,90,20,1.0889002117744175,1.0028346086913353
02d03dd2070b7aa106e9,base_0014,0,synchronization_bursty,0.8,distill_1,distillation_depth_inference,distill_1,custom_epr,generic_epr,1,6,False,1,70,1.0,173,33,1.1289788615397967,1.0
2f06eeb69f3e064355be,base_0014,0,synchronization_bursty,0.8,distill_2,distillation_depth_inference,distill_2,custom_epr,generic_epr,2,6,False,1,70,1.0,343,63,1.3490495675563343,1.0507174027981026
dd5249199d2f8554c073,base_0014,0,synchronization_bursty,0.8,retry_1,retry_policy_inference,retry_1,custom_epr,generic_epr,0,1,False,1,70,0.8285714285714286,70,12,1.0937749866994393,1.0000502796741157
b1d94ecef24d1e972630,base_0014,0,synchronization_bursty,0.8,retry_2,retry_policy_inference,retry_2,custom_epr,generic_epr,0,2,False,1,70,0.8857142857142857,91,29,1.103320046303089,1.0035396054074994
1f1cf77592614cbc3dfb,base_0014,0,synchronization_bursty,0.8,retry_4,retry_policy_inference,retry_4,custom_epr,generic_epr,0,4,False,1,70,1.0,86,16,1.1273198376386315,1.0005548784840608
c70fc59319b0e538fa62,base_0014,0,synchronization_bursty,0.8,service_low_latency,service_class_inference,low_latency,custom_epr,generic_epr,0,4,False,1,70,1.0,91,21,1.1127346846978223,1.0005548784840608
773e8ed5d6cefb3541d4,base_0014,0,synchronization_bursty,0.8,service_high_fidelity,service_class_inference,high_fidelity,custom_epr,generic_epr,2,4,False,1,70,1.0,361,81,1.4083746565814945,1.0470415288496877
0da351905f3414caa5ef,base_0014,0,synchronization_bursty,0.8,protocol_control_direct_transfer,protocol_label_only_control,direct_transfer,prefetch,generic_epr,0,4,True,1,70,1.0,94,13,1.4153544738965198,1.0059395031641727
c30e9536b86d73e56fbc,base_0014,0,synchronization_bursty,0.8,protocol_control_on_demand_epr,protocol_label_only_control,on_demand_epr,prefetch,generic_epr,0,4,True,1,70,1.0,94,13,1.4153544738965198,1.0059395031641727
e7fb88e08cad4b86df47,base_0014,0,synchronization_bursty,0.8,protocol_control_prefetched_epr,protocol_label_only_control,prefetched_epr,prefetch,generic_epr,0,4,True,1,70,1.0,94,13,1.4153544738965198,1.0059395031641727
946dbbbf9f2a3eacae1c,base_0014,0,synchronization_bursty,0.8,protocol_control_telegate,protocol_label_only_control,telegate,prefetch,generic_epr,0,4,True,1,70,1.0,94,13,1.4153544738965198,1.0059395031641727
3f0189a400cb2a992a5a,base_0014,0,synchronization_bursty,0.8,protocol_control_teledata,protocol_label_only_control,teledata,prefetch,generic_epr,0,4,True,1,70,1.0,94,13,1.4153544738965198,1.0059395031641727
a568fb18cf57454fd11a,base_0014,0,synchronization_bursty,0.8,service_control_low_latency,service_label_only_control,low_latency,custom_epr,generic_epr,1,4,False,1,70,0.9857142857142858,176,38,1.098912912246004,1.0
aed63c15334bd80988fb,base_0014,0,synchronization_bursty,0.8,service_control_high_fidelity,service_label_only_control,high_fidelity,custom_epr,generic_epr,1,4,False,1,70,0.9857142857142858,176,38,1.098912912246004,1.0
f89dac81f1b604a046c3,base_0014,0,synchronization_bursty,0.95,protocol_direct,protocol_inference,direct_transfer,direct,direct,0,1,False,1,70,1.0,0,0,1.4768981676850368,1.0183448781499302
0abd014c06844a6d3f6d,base_0014,0,synchronization_bursty,0.95,protocol_on_demand,protocol_inference,on_demand_epr,custom_epr,generic_epr,0,4,False,1,70,1.0,72,2,1.1160863371201573,1.0
58418051b7d0c63a1fdd,base_0014,0,synchronization_bursty,0.95,protocol_prefetch,protocol_inference,prefetched_epr,prefetch,generic_epr,0,4,True,1,70,1.0,87,5,1.4255542782042043,1.0059395031641727
54bb1067a0bac6f94cf6,base_0014,0,synchronization_bursty,0.95,protocol_telegate,protocol_inference,telegate,prefetch,telegate,0,4,True,1,70,1.0,86,4,1.4077424140908512,1.007460424957185
46c708735f56e111ca50,base_0014,0,synchronization_bursty,0.95,protocol_teledata,protocol_inference,teledata,prefetch,teledata,0,4,True,1,70,1.0,84,3,1.3710039509524987,1.0026504940505494
83bd0cf5189a6d83c5f5,base_0014,0,synchronization_bursty,0.95,distill_0,distillation_depth_inference,distill_0,custom_epr,generic_epr,0,6,False,1,70,1.0,74,4,1.1165127976156093,1.0005548784840608
3aff824611a08d6d1f4e,base_0014,0,synchronization_bursty,0.95,distill_1,distillation_depth_inference,distill_1,custom_epr,generic_epr,1,6,False,1,70,1.0,143,3,1.1152264046720513,1.0
7ad1ac69c09c0c29b130,base_0014,0,synchronization_bursty,0.95,distill_2,distillation_depth_inference,distill_2,custom_epr,generic_epr,2,6,False,1,70,1.0,288,8,1.2369023012112388,1.0150372503145666
a8d73575045d51c437f1,base_0014,0,synchronization_bursty,0.95,retry_1,retry_policy_inference,retry_1,custom_epr,generic_epr,0,1,False,1,70,0.9285714285714286,70,5,1.1073671974874413,1.0000502796741157
f05a03f5eb87eb4dd447,base_0014,0,synchronization_bursty,0.95,retry_2,retry_policy_inference,retry_2,custom_epr,generic_epr,0,2,False,1,70,1.0,72,2,1.1172142536948302,1.0005548784840608
cf39cbc343ef1f4ff23a,base_0014,0,synchronization_bursty,0.95,retry_4,retry_policy_inference,retry_4,custom_epr,generic_epr,0,4,False,1,70,1.0,71,1,1.1271875400026383,1.0005548784840608
7cdb08348f11308e8e58,base_0014,0,synchronization_bursty,0.95,service_low_latency,service_class_inference,low_latency,custom_epr,generic_epr,0,4,False,1,70,1.0,75,5,1.1055480171459242,1.0005548784840608
cb6f1dd37d174f10e87f,base_0014,0,synchronization_bursty,0.95,service_high_fidelity,service_class_inference,high_fidelity,custom_epr,generic_epr,2,4,False,1,70,1.0,294,14,1.3288884793538065,1.027176825512485
26f7419c9ff6f6cd317b,base_0014,0,synchronization_bursty,0.95,protocol_control_direct_transfer,protocol_label_only_control,direct_transfer,prefetch,generic_epr,0,4,True,1,70,1.0,90,9,1.4473696408004582,1.0059395031641727
0909848ebda56ccca13b,base_0014,0,synchronization_bursty,0.95,protocol_control_on_demand_epr,protocol_label_only_control,on_demand_epr,prefetch,generic_epr,0,4,True,1,70,1.0,90,9,1.4473696408004582,1.0059395031641727
4cffee6f5306314df946,base_0014,0,synchronization_bursty,0.95,protocol_control_prefetched_epr,protocol_label_only_control,prefetched_epr,prefetch,generic_epr,0,4,True,1,70,1.0,90,9,1.4473696408004582,1.0059395031641727
48e12e3d251b3e15724d,base_0014,0,synchronization_bursty,0.95,protocol_control_telegate,protocol_label_only_control,telegate,prefetch,generic_epr,0,4,True,1,70,1.0,90,9,1.4473696408004582,1.0059395031641727
ac79d2c09da8db67f030,base_0014,0,synchronization_bursty,0.95,protocol_control_teledata,protocol_label_only_control,teledata,prefetch,generic_epr,0,4,True,1,70,1.0,90,9,1.4473696408004582,1.0059395031641727
9bcec9869406e9c9b188,base_0014,0,synchronization_bursty,0.95,service_control_low_latency,service_label_only_control,low_latency,custom_epr,generic_epr,1,4,False,1,70,1.0,145,5,1.1183074967400972,0.9988947417193919
80346ec7e9d4aea1ad8f,base_0014,0,synchronization_bursty,0.95,service_control_high_fidelity,service_label_only_control,high_fidelity,custom_epr,generic_epr,1,4,False,1,70,1.0,145,5,1.1183074967400972,0.9988947417193919
5acbe1e4bd3df5f8dcc2,base_0014,1,synchronization_bursty,0.65,protocol_direct,protocol_inference,direct_transfer,direct,direct,0,1,False,1,70,1.0,0,0,1.4745589707340723,1.0183395534723283
f715fec614776935a4b5,base_0014,1,synchronization_bursty,0.65,protocol_on_demand,protocol_inference,on_demand_epr,custom_epr,generic_epr,0,4,False,1,70,0.9714285714285714,101,33,1.090808072132157,1.0009947157612746
6aa4bebf51af323f4bdd,base_0014,1,synchronization_bursty,0.65,protocol_prefetch,protocol_inference,prefetched_epr,prefetch,generic_epr,0,4,True,1,70,1.0,136,60,1.3827312005901766,1.0064827103545384
b94fb7bdd4fc4371e535,base_0014,1,synchronization_bursty,0.65,protocol_telegate,protocol_inference,telegate,prefetch,telegate,0,4,True,1,70,1.0,121,45,1.3999720247863934,1.0080031814189292
7ea8647197642f3a126f,base_0014,1,synchronization_bursty,0.65,protocol_teledata,protocol_inference,teledata,prefetch,teledata,0,4,True,1,70,1.0,118,41,1.34595135585923,1.002956329775459
73df3ce06623200719d6,base_0014,1,synchronization_bursty,0.65,distill_0,distillation_depth_inference,distill_0,custom_epr,generic_epr,0,6,False,1,70,1.0,104,34,1.1470393577653133,1.0
2fe50d1282b72ef7689d,base_0014,1,synchronization_bursty,0.65,distill_1,distillation_depth_inference,distill_1,custom_epr,generic_epr,1,6,False,1,70,1.0,215,75,1.1477459854121765,0.998943967846436
9274df3ea016bfaa5bc0,base_0014,1,synchronization_bursty,0.65,distill_2,distillation_depth_inference,distill_2,custom_epr,generic_epr,2,6,False,1,70,1.0,415,135,1.3580145544299675,1.0432286389733199
62decb336497de90e289,base_0014,1,synchronization_bursty,0.65,retry_1,retry_policy_inference,retry_1,custom_epr,generic_epr,0,1,False,1,70,0.6571428571428571,70,24,1.0734125409506767,1.0004899920202284
4855bd9b9f1466baf913,base_0014,1,synchronization_bursty,0.65,retry_2,retry_policy_inference,retry_2,custom_epr,generic_epr,0,2,False,1,70,0.8714285714285714,95,34,1.116145813886933,0.9934103221014883
88297648c166ad7aeaec,base_0014,1,synchronization_bursty,0.65,retry_4,retry_policy_inference,retry_4,custom_epr,generic_epr,0,4,False,1,70,0.9857142857142858,114,45,1.0885291274203444,1.0009947157612746
95694dbc0d497075f0e5,base_0014,1,synchronization_bursty,0.65,service_low_latency,service_class_inference,low_latency,custom_epr,generic_epr,0,4,False,1,70,0.9857142857142858,114,45,1.1067165928564802,1.0004784019019402
46b24470ae2c83a5bbb1,base_0014,1,synchronization_bursty,0.65,service_high_fidelity,service_class_inference,high_fidelity,custom_epr,generic_epr,2,4,False,1,70,0.9714285714285714,404,128,1.3500507206215568,1.0457213442666633
6029ecf852ad5ee98c5b,base_0014,1,synchronization_bursty,0.65,protocol_control_direct_transfer,protocol_label_only_control,direct_transfer,prefetch,generic_epr,0,4,True,1,70,1.0,106,26,1.4298180282626067,1.0064827103545384
d68abd28b41f326faafc,base_0014,1,synchronization_bursty,0.65,protocol_control_on_demand_epr,protocol_label_only_control,on_demand_epr,prefetch,generic_epr,0,4,True,1,70,1.0,106,26,1.4298180282626067,1.0064827103545384
5494a7012c5f62848993,base_0014,1,synchronization_bursty,0.65,protocol_control_prefetched_epr,protocol_label_only_control,prefetched_epr,prefetch,generic_epr,0,4,True,1,70,1.0,106,26,1.4298180282626067,1.0064827103545384
3bbbae12ea1edc975738,base_0014,1,synchronization_bursty,0.65,protocol_control_telegate,protocol_label_only_control,telegate,prefetch,generic_epr,0,4,True,1,70,1.0,106,26,1.4298180282626067,1.0064827103545384
519ec6bcb8f4f0bb1cf1,base_0014,1,synchronization_bursty,0.65,protocol_control_teledata,protocol_label_only_control,teledata,prefetch,generic_epr,0,4,True,1,70,1.0,106,26,1.4298180282626067,1.0064827103545384
29f079f943eb1f983269,base_0014,1,synchronization_bursty,0.65,service_control_low_latency,service_label_only_control,low_latency,custom_epr,generic_epr,1,4,False,1,70,0.9857142857142858,215,77,1.0981603423352087,0.9989674526062489
50880f70091c0cdf0b08,base_0014,1,synchronization_bursty,0.65,service_control_high_fidelity,service_label_only_control,high_fidelity,custom_epr,generic_epr,1,4,False,1,70,0.9857142857142858,215,77,1.0981603423352087,0.9989674526062489
f3428f497d91a4a61737,base_0014,1,synchronization_bursty,0.8,protocol_direct,protocol_inference,direct_transfer,direct,direct,0,1,False,1,70,1.0,0,0,1.4745589707340723,1.0183395534723283
24779fcd0e3e92c92dfe,base_0014,1,synchronization_bursty,0.8,protocol_on_demand,protocol_inference,on_demand_epr,custom_epr,generic_epr,0,4,False,1,70,0.9857142857142858,92,23,1.08597310707462,1.0004841276035437
ef7c0ce67d0a6e289dd2,base_0014,1,synchronization_bursty,0.8,protocol_prefetch,protocol_inference,prefetched_epr,prefetch,generic_epr,0,4,True,1,70,1.0,101,22,1.440534362969376,1.0064827103545384
f66458b9b8e6f28a1a07,base_0014,1,synchronization_bursty,0.8,protocol_telegate,protocol_inference,telegate,prefetch,telegate,0,4,True,1,70,1.0,102,22,1.427659120861235,1.0080031814189292
f6893ebb811736f0b694,base_0014,1,synchronization_bursty,0.8,protocol_teledata,protocol_inference,teledata,prefetch,teledata,0,4,True,1,70,1.0,96,15,1.3428401238868757,1.002956329775459
0773b9fb564547364493,base_0014,1,synchronization_bursty,0.8,distill_0,distillation_depth_inference,distill_0,custom_epr,generic_epr,0,6,False,1,70,1.0,83,13,1.1275736657244728,0.9989220588434581
0816f3c1b14913000924,base_0014,1,synchronization_bursty,0.8,distill_1,distillation_depth_inference,distill_1,custom_epr,generic_epr,1,6,False,1,70,1.0,181,41,1.10326122563001,1.0008699856047456
2aead2a197f07d626525,base_0014,1,synchronization_bursty,0.8,distill_2,distillation_depth_inference,distill_2,custom_epr,generic_epr,2,6,False,1,70,1.0,345,65,1.4048851906342195,1.052778888444622
ec662ae794f2f028433f,base_0014,1,synchronization_bursty,0.8,retry_1,retry_policy_inference,retry_1,custom_epr,generic_epr,0,1,False,1,70,0.8285714285714286,70,12,1.1032005717659132,1.0016034489120706
75a5d836da0e30a84f77,base_0014,1,synchronization_bursty,0.8,retry_2,retry_policy_inference,retry_2,custom_epr,generic_epr,0,2,False,1,70,0.9428571428571428,82,16,1.131246004288139,1.0009947157612746
08bc1e20e7b8d4405686,base_0014,1,synchronization_bursty,0.8,retry_4,retry_policy_inference,retry_4,custom_epr,generic_epr,0,4,False,1,70,1.0,81,11,1.1381569285960318,1.0009086915473757
526852a6d149362fa70c,base_0014,1,synchronization_bursty,0.8,service_low_latency,service_class_inference,low_latency,custom_epr,generic_epr,0,4,False,1,70,1.0,82,12,1.1097331330238787,1.0004841276035437
716775ac0b15133df395,base_0014,1,synchronization_bursty,0.8,service_high_fidelity,service_class_inference,high_fidelity,custom_epr,generic_epr,2,4,False,1,70,0.9857142857142858,343,65,1.3510895147552946,1.043877384648262
47804de987be8b1c3a5c,base_0014,1,synchronization_bursty,0.8,protocol_control_direct_transfer,protocol_label_only_control,direct_transfer,prefetch,generic_epr,0,4,True,1,70,1.0,101,19,1.433403080996353,1.0045732395941822
98db8735bc2ad6c2af4c,base_0014,1,synchronization_bursty,0.8,protocol_control_on_demand_epr,protocol_label_only_control,on_demand_epr,prefetch,generic_epr,0,4,True,1,70,1.0,101,19,1.433403080996353,1.0045732395941822
c4c1a6633de8e9a5322b,base_0014,1,synchronization_bursty,0.8,protocol_control_prefetched_epr,protocol_label_only_control,prefetched_epr,prefetch,generic_epr,0,4,True,1,70,1.0,101,19,1.433403080996353,1.0045732395941822
a557ede8103414d3318d,base_0014,1,synchronization_bursty,0.8,protocol_control_telegate,protocol_label_only_control,telegate,prefetch,generic_epr,0,4,True,1,70,1.0,101,19,1.433403080996353,1.0045732395941822
8c5a281b70a2ef0620f3,base_0014,1,synchronization_bursty,0.8,protocol_control_teledata,protocol_label_only_control,teledata,prefetch,generic_epr,0,4,True,1,70,1.0,101,19,1.433403080996353,1.0045732395941822
86955db744c696ea1fa6,base_0014,1,synchronization_bursty,0.8,service_control_low_latency,service_label_only_control,low_latency,custom_epr,generic_epr,1,4,False,1,70,1.0,179,39,1.1164207977012897,1.000134280984227
e762fa2b4c0f8347dd0f,base_0014,1,synchronization_bursty,0.8,service_control_high_fidelity,service_label_only_control,high_fidelity,custom_epr,generic_epr,1,4,False,1,70,1.0,179,39,1.1164207977012897,1.000134280984227
0ed02ef1b9ebc2f9ce10,base_0014,1,synchronization_bursty,0.95,protocol_direct,protocol_inference,direct_transfer,direct,direct,0,1,False,1,70,1.0,0,0,1.4745589707340723,1.0183395534723283
05b9da78ee75a8a0e488,base_0014,1,synchronization_bursty,0.95,protocol_on_demand,protocol_inference,on_demand_epr,custom_epr,generic_epr,0,4,False,1,70,1.0,74,4,1.124628157753684,1.0009947157612746
42cab7028b5610ab710b,base_0014,1,synchronization_bursty,0.95,protocol_prefetch,protocol_inference,prefetched_epr,prefetch,generic_epr,0,4,True,1,70,1.0,86,4,1.3899651896525533,1.0064827103545384
bb75412df4fff35d9ad2,base_0014,1,synchronization_bursty,0.95,protocol_telegate,protocol_inference,telegate,prefetch,telegate,0,4,True,1,70,1.0,83,1,1.3961021834102585,1.0080031814189292
5bfc3d182e309301b307,base_0014,1,synchronization_bursty,0.95,protocol_teledata,protocol_inference,teledata,prefetch,teledata,0,4,True,1,70,1.0,94,12,1.351310677419723,1.002956329775459
1e88af755c209d752d2a,base_0014,1,synchronization_bursty,0.95,distill_0,distillation_depth_inference,distill_0,custom_epr,generic_epr,0,6,False,1,70,1.0,77,7,1.1183889365115645,1.0009947157612746
b583129733c0c7332ebd,base_0014,1,synchronization_bursty,0.95,distill_1,distillation_depth_inference,distill_1,custom_epr,generic_epr,1,6,False,1,70,1.0,148,8,1.11622667253481,1.0
0d3bbd612ef95224e116,base_0014,1,synchronization_bursty,0.95,distill_2,distillation_depth_inference,distill_2,custom_epr,generic_epr,2,6,False,1,70,1.0,295,15,1.3375934207551006,1.025747782380665
ccb50f6375f806b172dc,base_0014,1,synchronization_bursty,0.95,retry_1,retry_policy_inference,retry_1,custom_epr,generic_epr,0,1,False,1,70,0.9571428571428572,70,3,1.111203009718861,1.0009947157612746
1df70e65863624d52706,base_0014,1,synchronization_bursty,0.95,retry_2,retry_policy_inference,retry_2,custom_epr,generic_epr,0,2,False,1,70,1.0,72,2,1.126380878489878,1.0009947157612746
5551492ac660464cda62,base_0014,1,synchronization_bursty,0.95,retry_4,retry_policy_inference,retry_4,custom_epr,generic_epr,0,4,False,1,70,1.0,70,0,1.125183300168598,1.0009947157612746
e3807fb44e4ebac8a164,base_0014,1,synchronization_bursty,0.95,service_low_latency,service_class_inference,low_latency,custom_epr,generic_epr,0,4,False,1,70,1.0,72,2,1.1192625136066205,1.0
104bb97da2516d5440c5,base_0014,1,synchronization_bursty,0.95,service_high_fidelity,service_class_inference,high_fidelity,custom_epr,generic_epr,2,4,False,1,70,1.0,294,14,1.2685205479886192,1.0205750910804987
dd7ebec685d8110267d0,base_0014,1,synchronization_bursty,0.95,protocol_control_direct_transfer,protocol_label_only_control,direct_transfer,prefetch,generic_epr,0,4,True,1,70,1.0,89,7,1.4515846857763628,1.0064827103545384
c09a79940a66938b9322,base_0014,1,synchronization_bursty,0.95,protocol_control_on_demand_epr,protocol_label_only_control,on_demand_epr,prefetch,generic_epr,0,4,True,1,70,1.0,89,7,1.4515846857763628,1.0064827103545384
0a59a8bce2e9f4b648cc,base_0014,1,synchronization_bursty,0.95,protocol_control_prefetched_epr,protocol_label_only_control,prefetched_epr,prefetch,generic_epr,0,4,True,1,70,1.0,89,7,1.4515846857763628,1.0064827103545384
ab1ea53fe008ec8f5d98,base_0014,1,synchronization_bursty,0.95,protocol_control_telegate,protocol_label_only_control,telegate,prefetch,generic_epr,0,4,True,1,70,1.0,89,7,1.4515846857763628,1.0064827103545384
c2982b99d2269ba576ff,base_0014,1,synchronization_bursty,0.95,protocol_control_teledata,protocol_label_only_control,teledata,prefetch,generic_epr,0,4,True,1,70,1.0,89,7,1.4515846857763628,1.0064827103545384
89f1274da4a67a8f04af,base_0014,1,synchronization_bursty,0.95,service_control_low_latency,service_label_only_control,low_latency,custom_epr,generic_epr,1,4,False,1,70,1.0,143,3,1.123695906795743,1.0
8e98b924f89e17f94ebc,base_0014,1,synchronization_bursty,0.95,service_control_high_fidelity,service_label_only_control,high_fidelity,custom_epr,generic_epr,1,4,False,1,70,1.0,143,3,1.123695906795743,1.0
5a3144a65caac89cfd3f,base_0015,0,sparse_periodic,0.65,protocol_direct,protocol_inference,direct_transfer,direct,direct,0,1,False,2,18,1.0,0,0,1.281996260011291,1.0
b05b0ac633bbefac88c0,base_0015,0,sparse_periodic,0.65,protocol_on_demand,protocol_inference,on_demand_epr,custom_epr,generic_epr,0,4,False,2,18,1.0,25,7,1.0997595857762026,1.0023941038636734
cf114f456072ecba73bd,base_0015,0,sparse_periodic,0.65,protocol_prefetch,protocol_inference,prefetched_epr,prefetch,generic_epr,0,4,True,2,18,1.0,78,32,1.2312032183890165,1.0218288891128537
777c0208a6fe179504de,base_0015,0,sparse_periodic,0.65,protocol_telegate,protocol_inference,telegate,prefetch,telegate,0,4,True,2,18,1.0,77,30,1.196012033287752,1.0
06c6df9a4bc32ede95e3,base_0015,0,sparse_periodic,0.65,protocol_teledata,protocol_inference,teledata,prefetch,teledata,0,4,True,2,18,1.0,68,22,1.323632031271745,1.0412756540039474
9fbcfff898192336121a,base_0015,0,sparse_periodic,0.65,distill_0,distillation_depth_inference,distill_0,custom_epr,generic_epr,0,6,False,2,18,1.0,21,3,1.07754702532461,1.0
76e9486f8662e8d85a8f,base_0015,0,sparse_periodic,0.65,distill_1,distillation_depth_inference,distill_1,custom_epr,generic_epr,1,6,False,2,18,1.0,54,18,1.0517311530830702,1.0073392388915356
f7aaa77eb1a9af563647,base_0015,0,sparse_periodic,0.65,distill_2,distillation_depth_inference,distill_2,custom_epr,generic_epr,2,6,False,2,18,1.0,117,45,1.058652317071782,1.002316835475645
b3d6ec28a99156813263,base_0015,0,sparse_periodic,0.65,retry_1,retry_policy_inference,retry_1,custom_epr,generic_epr,0,1,False,2,18,0.8888888888888888,18,2,1.045495743273328,1.0
26a436bb4418449128a0,base_0015,0,sparse_periodic,0.65,retry_2,retry_policy_inference,retry_2,custom_epr,generic_epr,0,2,False,2,18,0.7222222222222222,24,11,1.0501253729029576,1.0
beb5b74c1e248b2cd792,base_0015,0,sparse_periodic,0.65,retry_4,retry_policy_inference,retry_4,custom_epr,generic_epr,0,4,False,2,18,1.0,25,7,1.0850967233121251,1.0
b654bab3ca8532b818a3,base_0015,0,sparse_periodic,0.65,service_low_latency,service_class_inference,low_latency,custom_epr,generic_epr,0,4,False,2,18,1.0,23,5,1.0891512695238688,1.0
a13a50374a71120d80df,base_0015,0,sparse_periodic,0.65,service_high_fidelity,service_class_inference,high_fidelity,custom_epr,generic_epr,2,4,False,2,18,0.9444444444444444,104,33,1.054680211645004,1.002316835475645
a6f2ff5e1ebc3c64e355,base_0015,0,sparse_periodic,0.65,protocol_control_direct_transfer,protocol_label_only_control,direct_transfer,prefetch,generic_epr,0,4,True,2,18,1.0,71,22,1.2473996947288781,1.0218288891128537
95ab7a4c6ead2b2eb4ae,base_0015,0,sparse_periodic,0.65,protocol_control_on_demand_epr,protocol_label_only_control,on_demand_epr,prefetch,generic_epr,0,4,True,2,18,1.0,71,22,1.2473996947288781,1.0218288891128537
0e921d7210dcdba728f0,base_0015,0,sparse_periodic,0.65,protocol_control_prefetched_epr,protocol_label_only_control,prefetched_epr,prefetch,generic_epr,0,4,True,2,18,1.0,71,22,1.2473996947288781,1.0218288891128537
0fdd714501518685ad4f,base_0015,0,sparse_periodic,0.65,protocol_control_telegate,protocol_label_only_control,telegate,prefetch,generic_epr,0,4,True,2,18,1.0,71,22,1.2473996947288781,1.0218288891128537
e3633665e70db9f83d42,base_0015,0,sparse_periodic,0.65,protocol_control_teledata,protocol_label_only_control,teledata,prefetch,generic_epr,0,4,True,2,18,1.0,71,22,1.2473996947288781,1.0218288891128537
6f331348ffb675d6ce87,base_0015,0,sparse_periodic,0.65,service_control_low_latency,service_label_only_control,low_latency,custom_epr,generic_epr,1,4,False,2,18,1.0,49,13,1.0764584017867176,1.0073392388915356
f0b92be2c6c36eb89d07,base_0015,0,sparse_periodic,0.65,service_control_high_fidelity,service_label_only_control,high_fidelity,custom_epr,generic_epr,1,4,False,2,18,1.0,49,13,1.0764584017867176,1.0073392388915356
97b442eafe3d42ed907f,base_0015,0,sparse_periodic,0.8,protocol_direct,protocol_inference,direct_transfer,direct,direct,0,1,False,2,18,1.0,0,0,1.281996260011291,1.0
c43f90fad6f16c60f9ba,base_0015,0,sparse_periodic,0.8,protocol_on_demand,protocol_inference,on_demand_epr,custom_epr,generic_epr,0,4,False,2,18,1.0,25,7,1.0891512695238688,1.0
b3f7bd74092b697547a5,base_0015,0,sparse_periodic,0.8,protocol_prefetch,protocol_inference,prefetched_epr,prefetch,generic_epr,0,4,True,2,18,1.0,60,11,1.1695997272111558,1.0
afb41db78c6386e2d79e,base_0015,0,sparse_periodic,0.8,protocol_telegate,protocol_inference,telegate,prefetch,telegate,0,4,True,2,18,1.0,67,20,1.1183367130152169,1.0
3282b70c68c150fa3750,base_0015,0,sparse_periodic,0.8,protocol_teledata,protocol_inference,teledata,prefetch,teledata,0,4,True,2,18,1.0,60,11,1.2713037043351412,1.0
7eca65e18fd883f06d05,base_0015,0,sparse_periodic,0.8,distill_0,distillation_depth_inference,distill_0,custom_epr,generic_epr,0,6,False,2,18,1.0,27,9,1.111546817781486,1.0
11dbe58051a16320545b,base_0015,0,sparse_periodic,0.8,distill_1,distillation_depth_inference,distill_1,custom_epr,generic_epr,1,6,False,2,18,1.0,47,11,1.0916517143819828,1.0024123891322796
3a0c7775effae64168a3,base_0015,0,sparse_periodic,0.8,distill_2,distillation_depth_inference,distill_2,custom_epr,generic_epr,2,6,False,2,18,1.0,84,12,1.0608669838685283,1.002316835475645
00d39cc4da2de58ee642,base_0015,0,sparse_periodic,0.8,retry_1,retry_policy_inference,retry_1,custom_epr,generic_epr,0,1,False,2,18,1.0,18,0,1.07754702532461,1.0
63e90d59d26f79004e7f,base_0015,0,sparse_periodic,0.8,retry_2,retry_policy_inference,retry_2,custom_epr,generic_epr,0,2,False,2,18,1.0,23,5,1.0688643499752681,1.0
15695db4abbe5c70280d,base_0015,0,sparse_periodic,0.8,retry_4,retry_policy_inference,retry_4,custom_epr,generic_epr,0,4,False,2,18,1.0,22,4,1.0985745435916763,1.0
0c1454d53b0d5dfca89f,base_0015,0,sparse_periodic,0.8,service_low_latency,service_class_inference,low_latency,custom_epr,generic_epr,0,4,False,2,18,1.0,21,3,1.0895567137960989,1.0
60cc6ed4d5ffdd7b988b,base_0015,0,sparse_periodic,0.8,service_high_fidelity,service_class_inference,high_fidelity,custom_epr,generic_epr,2,4,False,2,18,1.0,95,23,1.0368870055369908,1.0023443491417137
f60adeac95d1c8f672b1,base_0015,0,sparse_periodic,0.8,protocol_control_direct_transfer,protocol_label_only_control,direct_transfer,prefetch,generic_epr,0,4,True,2,18,1.0,56,6,1.1752977329091616,1.0
fe08414cc7f454c679ef,base_0015,0,sparse_periodic,0.8,protocol_control_on_demand_epr,protocol_label_only_control,on_demand_epr,prefetch,generic_epr,0,4,True,2,18,1.0,56,6,1.1752977329091616,1.0
9164e480bab00dee5150,base_0015,0,sparse_periodic,0.8,protocol_control_prefetched_epr,protocol_label_only_control,prefetched_epr,prefetch,generic_epr,0,4,True,2,18,1.0,56,6,1.1752977329091616,1.0
de4d2e70184e3d883b51,base_0015,0,sparse_periodic,0.8,protocol_control_telegate,protocol_label_only_control,telegate,prefetch,generic_epr,0,4,True,2,18,1.0,56,6,1.1752977329091616,1.0
064e3105606f2bbfcb5e,base_0015,0,sparse_periodic,0.8,protocol_control_teledata,protocol_label_only_control,teledata,prefetch,generic_epr,0,4,True,2,18,1.0,56,6,1.1752977329091616,1.0
adc116ee198ea1c0da6f,base_0015,0,sparse_periodic,0.8,service_control_low_latency,service_label_only_control,low_latency,custom_epr,generic_epr,1,4,False,2,18,1.0,49,13,1.0685822047084672,1.0024123891322796
6ea35d9ed1aaa2eca487,base_0015,0,sparse_periodic,0.8,service_control_high_fidelity,service_label_only_control,high_fidelity,custom_epr,generic_epr,1,4,False,2,18,1.0,49,13,1.0685822047084672,1.0024123891322796
26c65b70deff27dc101b,base_0015,0,sparse_periodic,0.95,protocol_direct,protocol_inference,direct_transfer,direct,direct,0,1,False,2,18,1.0,0,0,1.281996260011291,1.0
1f3ed542fb20c7606dfa,base_0015,0,sparse_periodic,0.95,protocol_on_demand,protocol_inference,on_demand_epr,custom_epr,generic_epr,0,4,False,2,18,1.0,18,0,1.07754702532461,1.0
ddce609a9d37e158bf42,base_0015,0,sparse_periodic,0.95,protocol_prefetch,protocol_inference,prefetched_epr,prefetch,generic_epr,0,4,True,2,18,1.0,51,1,1.2146526027725058,1.0
8a572e285636f4d6308b,base_0015,0,sparse_periodic,0.95,protocol_telegate,protocol_inference,telegate,prefetch,telegate,0,4,True,2,18,1.0,54,4,1.1909983790805494,1.0
6c9bae537bab31240a66,base_0015,0,sparse_periodic,0.95,protocol_teledata,protocol_inference,teledata,prefetch,teledata,0,4,True,2,18,1.0,54,4,1.1903376879102412,1.0
75a69b09f555f6ac152c,base_0015,0,sparse_periodic,0.95,distill_0,distillation_depth_inference,distill_0,custom_epr,generic_epr,0,6,False,2,18,1.0,18,0,1.07754702532461,1.0
4eaaf4b2e39772931531,base_0015,0,sparse_periodic,0.95,distill_1,distillation_depth_inference,distill_1,custom_epr,generic_epr,1,6,False,2,18,1.0,41,5,1.099633904245533,1.0073392388915356
12571e2197b9cde400ea,base_0015,0,sparse_periodic,0.95,distill_2,distillation_depth_inference,distill_2,custom_epr,generic_epr,2,6,False,2,18,1.0,76,4,1.0600376887544742,1.0023725241405992
bbca9e071468cee54fcb,base_0015,0,sparse_periodic,0.95,retry_1,retry_policy_inference,retry_1,custom_epr,generic_epr,0,1,False,2,18,1.0,18,0,1.07754702532461,1.0
865ad011f4ac24a0a4d4,base_0015,0,sparse_periodic,0.95,retry_2,retry_policy_inference,retry_2,custom_epr,generic_epr,0,2,False,2,18,1.0,21,3,1.0490230801339981,1.0
b931b86e770d17ad55a4,base_0015,0,sparse_periodic,0.95,retry_4,retry_policy_inference,retry_4,custom_epr,generic_epr,0,4,False,2,18,1.0,19,1,1.07754702532461,1.0
26aa0025e0cdbf393b10,base_0015,0,sparse_periodic,0.95,service_low_latency,service_class_inference,low_latency,custom_epr,generic_epr,0,4,False,2,18,1.0,20,2,1.0985745435916763,1.0
ff55ac0600122cdf53d3,base_0015,0,sparse_periodic,0.95,service_high_fidelity,service_class_inference,high_fidelity,custom_epr,generic_epr,2,4,False,2,18,1.0,74,2,1.0561701987122778,1.0023725241405992
c942e9e6703cb9697bfe,base_0015,0,sparse_periodic,0.95,protocol_control_direct_transfer,protocol_label_only_control,direct_transfer,prefetch,generic_epr,0,4,True,2,18,1.0,52,2,1.2146526027725058,1.0
ec7185e43ee8db4388bd,base_0015,0,sparse_periodic,0.95,protocol_control_on_demand_epr,protocol_label_only_control,on_demand_epr,prefetch,generic_epr,0,4,True,2,18,1.0,52,2,1.2146526027725058,1.0
ab0eff765d0442322b9b,base_0015,0,sparse_periodic,0.95,protocol_control_prefetched_epr,protocol_label_only_control,prefetched_epr,prefetch,generic_epr,0,4,True,2,18,1.0,52,2,1.2146526027725058,1.0
52e6daa7d1cf5d8a5cf9,base_0015,0,sparse_periodic,0.95,protocol_control_telegate,protocol_label_only_control,telegate,prefetch,generic_epr,0,4,True,2,18,1.0,52,2,1.2146526027725058,1.0
23b056658b8923b11ce4,base_0015,0,sparse_periodic,0.95,protocol_control_teledata,protocol_label_only_control,teledata,prefetch,generic_epr,0,4,True,2,18,1.0,52,2,1.2146526027725058,1.0
c0e7415f4948ebaddd3c,base_0015,0,sparse_periodic,0.95,service_control_low_latency,service_label_only_control,low_latency,custom_epr,generic_epr,1,4,False,2,18,1.0,38,2,1.1050147397869794,1.0073392388915356
9373ec58f4154919f847,base_0015,0,sparse_periodic,0.95,service_control_high_fidelity,service_label_only_control,high_fidelity,custom_epr,generic_epr,1,4,False,2,18,1.0,38,2,1.1050147397869794,1.0073392388915356
7fd89e6eedb9bde45d7c,base_0015,1,sparse_periodic,0.65,protocol_direct,protocol_inference,direct_transfer,direct,direct,0,1,False,2,18,1.0,0,0,1.2611123638089237,1.0
9c8ee9373b2fa0916fbb,base_0015,1,sparse_periodic,0.65,protocol_on_demand,protocol_inference,on_demand_epr,custom_epr,generic_epr,0,4,False,2,18,1.0,26,8,1.0790351224398316,1.0
7e3684f906c714e40adf,base_0015,1,sparse_periodic,0.65,protocol_prefetch,protocol_inference,prefetched_epr,prefetch,generic_epr,0,4,True,2,18,1.0,69,20,1.2570106739694975,1.0
ce1d80d8757ef1ee2663,base_0015,1,sparse_periodic,0.65,protocol_telegate,protocol_inference,telegate,prefetch,telegate,0,4,True,2,18,1.0,70,21,1.2400857441473416,1.0
591d6d9c5af01c00e111,base_0015,1,sparse_periodic,0.65,protocol_teledata,protocol_inference,teledata,prefetch,teledata,0,4,True,2,18,1.0,68,20,1.1788610280618512,1.0
c5336001219a73e0f6a0,base_0015,1,sparse_periodic,0.65,distill_0,distillation_depth_inference,distill_0,custom_epr,generic_epr,0,6,False,2,18,1.0,27,9,1.104270203112272,1.0
0cc5eaae4ef15462da80,base_0015,1,sparse_periodic,0.65,distill_1,distillation_depth_inference,distill_1,custom_epr,generic_epr,1,6,False,2,18,0.9444444444444444,62,27,1.069264688448266,1.0020357496471415
9abddb4936b952e38d32,base_0015,1,sparse_periodic,0.65,distill_2,distillation_depth_inference,distill_2,custom_epr,generic_epr,2,6,False,2,18,1.0,121,49,1.0419912080361873,1.0020021241037795
1155b6fb065ad1b47c6a,base_0015,1,sparse_periodic,0.65,retry_1,retry_policy_inference,retry_1,custom_epr,generic_epr,0,1,False,2,18,0.7222222222222222,18,5,1.0733499816972196,1.0
1721b86891905eff7513,base_0015,1,sparse_periodic,0.65,retry_2,retry_policy_inference,retry_2,custom_epr,generic_epr,0,2,False,2,18,0.7222222222222222,24,11,1.056515233627858,1.0
17f8bedbc493ab8bdaa4,base_0015,1,sparse_periodic,0.65,retry_4,retry_policy_inference,retry_4,custom_epr,generic_epr,0,4,False,2,18,1.0,27,9,1.0887636245788732,1.0
cf8e181e62953c3283f0,base_0015,1,sparse_periodic,0.65,service_low_latency,service_class_inference,low_latency,custom_epr,generic_epr,0,4,False,2,18,1.0,28,10,1.0505111772492197,1.0
ee9854f2ca92ee52bedd,base_0015,1,sparse_periodic,0.65,service_high_fidelity,service_class_inference,high_fidelity,custom_epr,generic_epr,2,4,False,2,18,1.0,115,43,1.038997069928251,1.0019103308377832
c4f014c0add83f49918d,base_0015,1,sparse_periodic,0.65,protocol_control_direct_transfer,protocol_label_only_control,direct_transfer,prefetch,generic_epr,0,4,True,2,18,1.0,69,25,1.1925698762893027,1.0
238495d6faca96498291,base_0015,1,sparse_periodic,0.65,protocol_control_on_demand_epr,protocol_label_only_control,on_demand_epr,prefetch,generic_epr,0,4,True,2,18,1.0,69,25,1.1925698762893027,1.0
cfcaed9995fe64f8d2a6,base_0015,1,sparse_periodic,0.65,protocol_control_prefetched_epr,protocol_label_only_control,prefetched_epr,prefetch,generic_epr,0,4,True,2,18,1.0,69,25,1.1925698762893027,1.0
6755a89a6ce9eee9a3c6,base_0015,1,sparse_periodic,0.65,protocol_control_telegate,protocol_label_only_control,telegate,prefetch,generic_epr,0,4,True,2,18,1.0,69,25,1.1925698762893027,1.0
f4ac2a7c08010eb9ef40,base_0015,1,sparse_periodic,0.65,protocol_control_teledata,protocol_label_only_control,teledata,prefetch,generic_epr,0,4,True,2,18,1.0,69,25,1.1925698762893027,1.0
5423da89fb20e816331c,base_0015,1,sparse_periodic,0.65,service_control_low_latency,service_label_only_control,low_latency,custom_epr,generic_epr,1,4,False,2,18,1.0,54,18,1.0581857166195447,1.0020357496471415
331ab0d26603e427c24f,base_0015,1,sparse_periodic,0.65,service_control_high_fidelity,service_label_only_control,high_fidelity,custom_epr,generic_epr,1,4,False,2,18,1.0,54,18,1.0581857166195447,1.0020357496471415
76fb584622bfd89e6a2f,base_0015,1,sparse_periodic,0.8,protocol_direct,protocol_inference,direct_transfer,direct,direct,0,1,False,2,18,1.0,0,0,1.2611123638089237,1.0
a50a19572cb354aa1517,base_0015,1,sparse_periodic,0.8,protocol_on_demand,protocol_inference,on_demand_epr,custom_epr,generic_epr,0,4,False,2,18,0.9444444444444444,27,10,1.1219333095517114,1.0116466972842366
d10b6be96ec4ffe1bef7,base_0015,1,sparse_periodic,0.8,protocol_prefetch,protocol_inference,prefetched_epr,prefetch,generic_epr,0,4,True,2,18,1.0,60,10,1.2473530371932169,1.0
53b47cd19e0b45c744d2,base_0015,1,sparse_periodic,0.8,protocol_telegate,protocol_inference,telegate,prefetch,telegate,0,4,True,2,18,1.0,63,14,1.1890430890403607,1.0
31b82604d1a1cbf25cc6,base_0015,1,sparse_periodic,0.8,protocol_teledata,protocol_inference,teledata,prefetch,teledata,0,4,True,2,18,1.0,63,14,1.211874413699676,1.0201563080369336
da601fc38577587f0ef3,base_0015,1,sparse_periodic,0.8,distill_0,distillation_depth_inference,distill_0,custom_epr,generic_epr,0,6,False,2,18,1.0,22,4,1.1455676244043866,1.0
6c77048aa0e17d0e7e03,base_0015,1,sparse_periodic,0.8,distill_1,distillation_depth_inference,distill_1,custom_epr,generic_epr,1,6,False,2,18,1.0,48,12,1.0892042177330636,1.0069556143964216
dc22d13ba8034ba68846,base_0015,1,sparse_periodic,0.8,distill_2,distillation_depth_inference,distill_2,custom_epr,generic_epr,2,6,False,2,18,1.0,97,25,1.0479887163404407,1.0019783585872983
dd3ebe42a62e9e3d119d,base_0015,1,sparse_periodic,0.8,retry_1,retry_policy_inference,retry_1,custom_epr,generic_epr,0,1,False,2,18,0.7777777777777778,18,4,1.0733499816972196,1.0
b692ddcf765bf92a1d86,base_0015,1,sparse_periodic,0.8,retry_2,retry_policy_inference,retry_2,custom_epr,generic_epr,0,2,False,2,18,0.9444444444444444,22,5,1.1105165815817688,1.0
82e3f701d5363dd828c1,base_0015,1,sparse_periodic,0.8,retry_4,retry_policy_inference,retry_4,custom_epr,generic_epr,0,4,False,2,18,1.0,19,1,1.1113585384711628,1.0
7c311b544dbad1d3d42b,base_0015,1,sparse_periodic,0.8,service_low_latency,service_class_inference,low_latency,custom_epr,generic_epr,0,4,False,2,18,1.0,25,7,1.08975112413077,1.0
3f1e5a68fa6d3ff2c3e7,base_0015,1,sparse_periodic,0.8,service_high_fidelity,service_class_inference,high_fidelity,custom_epr,generic_epr,2,4,False,2,18,1.0,92,20,1.0503233832938168,1.0019103308377832
fc778ddfee5c564cec4d,base_0015,1,sparse_periodic,0.8,protocol_control_direct_transfer,protocol_label_only_control,direct_transfer,prefetch,generic_epr,0,4,True,2,18,1.0,69,20,1.4112131152888154,1.0220449617139091
4ab3bd24d86ddd0c32ac,base_0015,1,sparse_periodic,0.8,protocol_control_on_demand_epr,protocol_label_only_control,on_demand_epr,prefetch,generic_epr,0,4,True,2,18,1.0,69,20,1.4112131152888154,1.0220449617139091
7dad29aa7944e09c57b8,base_0015,1,sparse_periodic,0.8,protocol_control_prefetched_epr,protocol_label_only_control,prefetched_epr,prefetch,generic_epr,0,4,True,2,18,1.0,69,20,1.4112131152888154,1.0220449617139091
6bae8413bad5507a4fb5,base_0015,1,sparse_periodic,0.8,protocol_control_telegate,protocol_label_only_control,telegate,prefetch,generic_epr,0,4,True,2,18,1.0,69,20,1.4112131152888154,1.0220449617139091
3ebbfec055bb2b54f55d,base_0015,1,sparse_periodic,0.8,protocol_control_teledata,protocol_label_only_control,teledata,prefetch,generic_epr,0,4,True,2,18,1.0,69,20,1.4112131152888154,1.0220449617139091
983904ba9ca29d56b5e6,base_0015,1,sparse_periodic,0.8,service_control_low_latency,service_label_only_control,low_latency,custom_epr,generic_epr,1,4,False,2,18,1.0,49,13,1.0599708155490488,1.0019872042431013
d3579b7bf40bba47fd31,base_0015,1,sparse_periodic,0.8,service_control_high_fidelity,service_label_only_control,high_fidelity,custom_epr,generic_epr,1,4,False,2,18,1.0,49,13,1.0599708155490488,1.0019872042431013
f4409f0ccd4d629d1296,base_0015,1,sparse_periodic,0.95,protocol_direct,protocol_inference,direct_transfer,direct,direct,0,1,False,2,18,1.0,0,0,1.2611123638089237,1.0
9eab38f46104571008a8,base_0015,1,sparse_periodic,0.95,protocol_on_demand,protocol_inference,on_demand_epr,custom_epr,generic_epr,0,4,False,2,18,1.0,19,1,1.1098561050078912,1.0
ed14f006a7e8aa11bf14,base_0015,1,sparse_periodic,0.95,protocol_prefetch,protocol_inference,prefetched_epr,prefetch,generic_epr,0,4,True,2,18,1.0,51,1,1.296365543832842,1.0
17445d167b9493a1d06a,base_0015,1,sparse_periodic,0.95,protocol_telegate,protocol_inference,telegate,prefetch,telegate,0,4,True,2,18,1.0,51,1,1.267357748237373,1.0
a3687ab4043ef3477dad,base_0015,1,sparse_periodic,0.95,protocol_teledata,protocol_inference,teledata,prefetch,teledata,0,4,True,2,18,1.0,53,3,1.2160831679084303,1.0
d04c6ed4f1fecbb1602c,base_0015,1,sparse_periodic,0.95,distill_0,distillation_depth_inference,distill_0,custom_epr,generic_epr,0,6,False,2,18,1.0,19,1,1.1311998083124326,1.0116466972842366
a7c01cdebe2f1b49b181,base_0015,1,sparse_periodic,0.95,distill_1,distillation_depth_inference,distill_1,custom_epr,generic_epr,1,6,False,2,18,1.0,36,0,1.0885186442545831,1.0069556143964216
74b940adcbff3ecb0408,base_0015,1,sparse_periodic,0.95,distill_2,distillation_depth_inference,distill_2,custom_epr,generic_epr,2,6,False,2,18,1.0,74,2,1.044413354050936,1.0020021241037795
271afc2c03c90e6aadff,base_0015,1,sparse_periodic,0.95,retry_1,retry_policy_inference,retry_1,custom_epr,generic_epr,0,1,False,2,18,0.9444444444444444,18,1,1.1138234683718429,1.0
e012386ccb21a36a49dd,base_0015,1,sparse_periodic,0.95,retry_2,retry_policy_inference,retry_2,custom_epr,generic_epr,0,2,False,2,18,1.0,20,2,1.0931912515384896,1.0
ea1f5d36883ca8a263e3,base_0015,1,sparse_periodic,0.95,retry_4,retry_policy_inference,retry_4,custom_epr,generic_epr,0,4,False,2,18,1.0,20,2,1.1311998083124326,1.0116466972842366
55bf4e19753f494eca60,base_0015,1,sparse_periodic,0.95,service_low_latency,service_class_inference,low_latency,custom_epr,generic_epr,0,4,False,2,18,1.0,18,0,1.1113585384711628,1.0
95bcaf097494dcb77a45,base_0015,1,sparse_periodic,0.95,service_high_fidelity,service_class_inference,high_fidelity,custom_epr,generic_epr,2,4,False,2,18,1.0,73,1,1.0526697915049976,1.0020021241037795
b504239336d2b02d6b4e,base_0015,1,sparse_periodic,0.95,protocol_control_direct_transfer,protocol_label_only_control,direct_transfer,prefetch,generic_epr,0,4,True,2,18,1.0,51,1,1.296365543832842,1.0
fada2e924d50816cafe2,base_0015,1,sparse_periodic,0.95,protocol_control_on_demand_epr,protocol_label_only_control,on_demand_epr,prefetch,generic_epr,0,4,True,2,18,1.0,51,1,1.296365543832842,1.0
4eabac546726f164fb12,base_0015,1,sparse_periodic,0.95,protocol_control_prefetched_epr,protocol_label_only_control,prefetched_epr,prefetch,generic_epr,0,4,True,2,18,1.0,51,1,1.296365543832842,1.0
84f88ed3712f2a4e0f9c,base_0015,1,sparse_periodic,0.95,protocol_control_telegate,protocol_label_only_control,telegate,prefetch,generic_epr,0,4,True,2,18,1.0,51,1,1.296365543832842,1.0
49245de9811d3361fb54,base_0015,1,sparse_periodic,0.95,protocol_control_teledata,protocol_label_only_control,teledata,prefetch,generic_epr,0,4,True,2,18,1.0,51,1,1.296365543832842,1.0
59df2551307b6a1ffd5c,base_0015,1,sparse_periodic,0.95,service_control_low_latency,service_label_only_control,low_latency,custom_epr,generic_epr,1,4,False,2,18,1.0,39,3,1.091054546509295,1.0069556143964216
0e72d0f4531e8c16ea53,base_0015,1,sparse_periodic,0.95,service_control_high_fidelity,service_label_only_control,high_fidelity,custom_epr,generic_epr,1,4,False,2,18,1.0,39,3,1.091054546509295,1.0069556143964216
e746b149672a571a60f4,base_0016,0,dense_periodic,0.65,protocol_direct,protocol_inference,direct_transfer,direct,direct,0,1,False,1,40,1.0,0,0,1.1978425460282325,1.0
e4d2b2b5b19689d964d8,base_0016,0,dense_periodic,0.65,protocol_on_demand,protocol_inference,on_demand_epr,custom_epr,generic_epr,0,4,False,1,40,1.0,61,21,1.1382390564137443,1.0
30f5def5d9be1dd17525,base_0016,0,dense_periodic,0.65,protocol_prefetch,protocol_inference,prefetched_epr,prefetch,generic_epr,0,4,True,1,40,1.0,97,40,1.1978425460282325,1.0
53eaa8d4485d318c4904,base_0016,0,dense_periodic,0.65,protocol_telegate,protocol_inference,telegate,prefetch,telegate,0,4,True,1,40,1.0,84,27,1.1648687883568605,1.0
2caeeb45fe7fef0863d3,base_0016,0,dense_periodic,0.65,protocol_teledata,protocol_inference,teledata,prefetch,teledata,0,4,True,1,40,1.0,83,25,1.2508017359283403,1.0
de6d98e6421e256f1e82,base_0016,0,dense_periodic,0.65,distill_0,distillation_depth_inference,distill_0,custom_epr,generic_epr,0,6,False,1,40,1.0,68,28,1.1317385433719171,1.0
c97bed61ac78824e8ec4,base_0016,0,dense_periodic,0.65,distill_1,distillation_depth_inference,distill_1,custom_epr,generic_epr,1,6,False,1,40,1.0,105,25,1.082076593061983,1.0
4f4f434140cfb717da81,base_0016,0,dense_periodic,0.65,distill_2,distillation_depth_inference,distill_2,custom_epr,generic_epr,2,6,False,1,40,1.0,248,88,1.12998749693786,1.0059741263920752
595cd1c31c00555ba258,base_0016,0,dense_periodic,0.65,retry_1,retry_policy_inference,retry_1,custom_epr,generic_epr,0,1,False,1,40,0.675,40,13,1.1098192446176918,1.0
c2c7f251b2af6935f347,base_0016,0,dense_periodic,0.65,retry_2,retry_policy_inference,retry_2,custom_epr,generic_epr,0,2,False,1,40,0.875,56,21,1.1651470979891996,1.0
6036808e6a6beffd5163,base_0016,0,dense_periodic,0.65,retry_4,retry_policy_inference,retry_4,custom_epr,generic_epr,0,4,False,1,40,1.0,53,13,1.1419998380117449,1.0
f60d4bb3ffbdd665b1c3,base_0016,0,dense_periodic,0.65,service_low_latency,service_class_inference,low_latency,custom_epr,generic_epr,0,4,False,1,40,1.0,58,18,1.149167040107141,1.0
25ca7061b2dc38c11f17,base_0016,0,dense_periodic,0.65,service_high_fidelity,service_class_inference,high_fidelity,custom_epr,generic_epr,2,4,False,1,40,0.95,254,98,1.1029738998456247,1.0047618601027672
81a90bdbab78748ed022,base_0016,0,dense_periodic,0.65,protocol_control_direct_transfer,protocol_label_only_control,direct_transfer,prefetch,generic_epr,0,4,True,1,40,1.0,82,24,1.1978425460282325,1.0
beb64fca103720d5a67e,base_0016,0,dense_periodic,0.65,protocol_control_on_demand_epr,protocol_label_only_control,on_demand_epr,prefetch,generic_epr,0,4,True,1,40,1.0,82,24,1.1978425460282325,1.0
3861073c6b327b57ba77,base_0016,0,dense_periodic,0.65,protocol_control_prefetched_epr,protocol_label_only_control,prefetched_epr,prefetch,generic_epr,0,4,True,1,40,1.0,82,24,1.1978425460282325,1.0
514f0f71cb96e1ea8024,base_0016,0,dense_periodic,0.65,protocol_control_telegate,protocol_label_only_control,telegate,prefetch,generic_epr,0,4,True,1,40,1.0,82,24,1.1978425460282325,1.0
468fb35a45da4f6854e0,base_0016,0,dense_periodic,0.65,protocol_control_teledata,protocol_label_only_control,teledata,prefetch,generic_epr,0,4,True,1,40,1.0,82,24,1.1978425460282325,1.0
1c009807b99b947058cf,base_0016,0,dense_periodic,0.65,service_control_low_latency,service_label_only_control,low_latency,custom_epr,generic_epr,1,4,False,1,40,0.975,124,46,1.0663452454677722,1.0
fb7f2f89931c6012b39b,base_0016,0,dense_periodic,0.65,service_control_high_fidelity,service_label_only_control,high_fidelity,custom_epr,generic_epr,1,4,False,1,40,0.975,124,46,1.0663452454677722,1.0
57f0fc89cc3dc158fc62,base_0016,0,dense_periodic,0.8,protocol_direct,protocol_inference,direct_transfer,direct,direct,0,1,False,1,40,1.0,0,0,1.1978425460282325,1.0
fdf23622d59c9df1f73b,base_0016,0,dense_periodic,0.8,protocol_on_demand,protocol_inference,on_demand_epr,custom_epr,generic_epr,0,4,False,1,40,1.0,45,5,1.1274169247153718,1.0
5fcb7d10669730b99c7a,base_0016,0,dense_periodic,0.8,protocol_prefetch,protocol_inference,prefetched_epr,prefetch,generic_epr,0,4,True,1,40,1.0,66,8,1.1978425460282325,1.0
7ef804de484f814931d7,base_0016,0,dense_periodic,0.8,protocol_telegate,protocol_inference,telegate,prefetch,telegate,0,4,True,1,40,1.0,79,21,1.1648687883568605,1.0
ac8988bdb740ea41239b,base_0016,0,dense_periodic,0.8,protocol_teledata,protocol_inference,teledata,prefetch,teledata,0,4,True,1,40,1.0,77,19,1.2508017359283403,1.0
697e5e927aaefd98ccf2,base_0016,0,dense_periodic,0.8,distill_0,distillation_depth_inference,distill_0,custom_epr,generic_epr,0,6,False,1,40,1.0,46,6,1.1646652441779741,1.0
47544eaca67eda8bce63,base_0016,0,dense_periodic,0.8,distill_1,distillation_depth_inference,distill_1,custom_epr,generic_epr,1,6,False,1,40,1.0,104,24,1.048243700530402,1.0
47edbe93f18fd2b3ae1a,base_0016,0,dense_periodic,0.8,distill_2,distillation_depth_inference,distill_2,custom_epr,generic_epr,2,6,False,1,40,1.0,199,39,1.0667504422861476,1.0
c2691a795b22a9406295,base_0016,0,dense_periodic,0.8,retry_1,retry_policy_inference,retry_1,custom_epr,generic_epr,0,1,False,1,40,0.775,40,9,1.121580256618168,1.0
b26d1b72396901968103,base_0016,0,dense_periodic,0.8,retry_2,retry_policy_inference,retry_2,custom_epr,generic_epr,0,2,False,1,40,0.975,47,8,1.1640155553109286,1.0
7465e60a5031e76595de,base_0016,0,dense_periodic,0.8,retry_4,retry_policy_inference,retry_4,custom_epr,generic_epr,0,4,False,1,40,1.0,53,13,1.1766866670621543,1.0
48b7efba12a2cd13d1ee,base_0016,0,dense_periodic,0.8,service_low_latency,service_class_inference,low_latency,custom_epr,generic_epr,0,4,False,1,40,1.0,50,10,1.1499796254552292,1.0
e59da332576340021ebc,base_0016,0,dense_periodic,0.8,service_high_fidelity,service_class_inference,high_fidelity,custom_epr,generic_epr,2,4,False,1,40,0.975,197,39,1.058146462254939,1.0031755683007884
eb53f7175b05ed128a54,base_0016,0,dense_periodic,0.8,protocol_control_direct_transfer,protocol_label_only_control,direct_transfer,prefetch,generic_epr,0,4,True,1,40,1.0,71,13,1.1978425460282325,1.0
2372bfea657c4853dea1,base_0016,0,dense_periodic,0.8,protocol_control_on_demand_epr,protocol_label_only_control,on_demand_epr,prefetch,generic_epr,0,4,True,1,40,1.0,71,13,1.1978425460282325,1.0
d0e19105d37bd8cbb19f,base_0016,0,dense_periodic,0.8,protocol_control_prefetched_epr,protocol_label_only_control,prefetched_epr,prefetch,generic_epr,0,4,True,1,40,1.0,71,13,1.1978425460282325,1.0
9f5b6d86764789129a89,base_0016,0,dense_periodic,0.8,protocol_control_telegate,protocol_label_only_control,telegate,prefetch,generic_epr,0,4,True,1,40,1.0,71,13,1.1978425460282325,1.0
1d5bfb0861d71604f743,base_0016,0,dense_periodic,0.8,protocol_control_teledata,protocol_label_only_control,teledata,prefetch,generic_epr,0,4,True,1,40,1.0,71,13,1.1978425460282325,1.0
b3a75a75a445b34eb08b,base_0016,0,dense_periodic,0.8,service_control_low_latency,service_label_only_control,low_latency,custom_epr,generic_epr,1,4,False,1,40,1.0,94,14,1.0466577077435173,1.0
3b9d58a38b57c37ca196,base_0016,0,dense_periodic,0.8,service_control_high_fidelity,service_label_only_control,high_fidelity,custom_epr,generic_epr,1,4,False,1,40,1.0,94,14,1.0466577077435173,1.0
2d7eb075c4bea4276c2d,base_0016,0,dense_periodic,0.95,protocol_direct,protocol_inference,direct_transfer,direct,direct,0,1,False,1,40,1.0,0,0,1.1978425460282325,1.0
61f32a0834655c77f550,base_0016,0,dense_periodic,0.95,protocol_on_demand,protocol_inference,on_demand_epr,custom_epr,generic_epr,0,4,False,1,40,1.0,43,3,1.1530884753869226,1.0
f001c65906d7ece33540,base_0016,0,dense_periodic,0.95,protocol_prefetch,protocol_inference,prefetched_epr,prefetch,generic_epr,0,4,True,1,40,1.0,61,3,1.1978425460282325,1.0
6f97c6fb144801ae57c6,base_0016,0,dense_periodic,0.95,protocol_telegate,protocol_inference,telegate,prefetch,telegate,0,4,True,1,40,1.0,62,4,1.1648687883568605,1.0
6012ce4dd4d2cf2e1711,base_0016,0,dense_periodic,0.95,protocol_teledata,protocol_inference,teledata,prefetch,teledata,0,4,True,1,40,1.0,61,3,1.2508017359283403,1.0
77d78f10a4917ca4f4f5,base_0016,0,dense_periodic,0.95,distill_0,distillation_depth_inference,distill_0,custom_epr,generic_epr,0,6,False,1,40,1.0,42,2,1.1701898382148639,1.0
a2b23e20c566b2f71e79,base_0016,0,dense_periodic,0.95,distill_1,distillation_depth_inference,distill_1,custom_epr,generic_epr,1,6,False,1,40,1.0,82,2,1.0613426139241458,1.0
87602e106957a5bdf845,base_0016,0,dense_periodic,0.95,distill_2,distillation_depth_inference,distill_2,custom_epr,generic_epr,2,6,False,1,40,1.0,164,4,1.0476758330998124,0.9985316861301943
d93d381faaf5efde56ca,base_0016,0,dense_periodic,0.95,retry_1,retry_policy_inference,retry_1,custom_epr,generic_epr,0,1,False,1,40,0.925,40,3,1.1530884753869226,1.0
2c0f4fe31e8fca053244,base_0016,0,dense_periodic,0.95,retry_2,retry_policy_inference,retry_2,custom_epr,generic_epr,0,2,False,1,40,1.0,40,0,1.1530884753869226,1.0
b6e301241df34ca6c6c7,base_0016,0,dense_periodic,0.95,retry_4,retry_policy_inference,retry_4,custom_epr,generic_epr,0,4,False,1,40,1.0,40,0,1.1530884753869226,1.0
b4663925bb488046c392,base_0016,0,dense_periodic,0.95,service_low_latency,service_class_inference,low_latency,custom_epr,generic_epr,0,4,False,1,40,1.0,40,0,1.1530884753869226,1.0
1a1822deb5d167efc0e1,base_0016,0,dense_periodic,0.95,service_high_fidelity,service_class_inference,high_fidelity,custom_epr,generic_epr,2,4,False,1,40,1.0,169,9,1.0543544443890815,0.9985316861301943
d71320aaa5d5fed89315,base_0016,0,dense_periodic,0.95,protocol_control_direct_transfer,protocol_label_only_control,direct_transfer,prefetch,generic_epr,0,4,True,1,40,1.0,62,4,1.1978425460282325,1.0
ab7d342498fb737520ab,base_0016,0,dense_periodic,0.95,protocol_control_on_demand_epr,protocol_label_only_control,on_demand_epr,prefetch,generic_epr,0,4,True,1,40,1.0,62,4,1.1978425460282325,1.0
69ad03b453530eb2322b,base_0016,0,dense_periodic,0.95,protocol_control_prefetched_epr,protocol_label_only_control,prefetched_epr,prefetch,generic_epr,0,4,True,1,40,1.0,62,4,1.1978425460282325,1.0
32e1c397ba4b8f4d23c9,base_0016,0,dense_periodic,0.95,protocol_control_telegate,protocol_label_only_control,telegate,prefetch,generic_epr,0,4,True,1,40,1.0,62,4,1.1978425460282325,1.0
7b5734d2c1845a01d47d,base_0016,0,dense_periodic,0.95,protocol_control_teledata,protocol_label_only_control,teledata,prefetch,generic_epr,0,4,True,1,40,1.0,62,4,1.1978425460282325,1.0
d45ac269c0e6a20b0d0e,base_0016,0,dense_periodic,0.95,service_control_low_latency,service_label_only_control,low_latency,custom_epr,generic_epr,1,4,False,1,40,1.0,90,10,1.0607047038489046,1.0
d7c60f8ef16834f0d0c6,base_0016,0,dense_periodic,0.95,service_control_high_fidelity,service_label_only_control,high_fidelity,custom_epr,generic_epr,1,4,False,1,40,1.0,90,10,1.0607047038489046,1.0
5929cf4d87d33ad74caf,base_0016,1,dense_periodic,0.65,protocol_direct,protocol_inference,direct_transfer,direct,direct,0,1,False,1,40,1.0,0,0,1.3111919991637737,1.0
f6e110ff195c4d6c0801,base_0016,1,dense_periodic,0.65,protocol_on_demand,protocol_inference,on_demand_epr,custom_epr,generic_epr,0,4,False,1,40,1.0,61,21,1.1154338651907598,1.0
263858d02e0dadc984f3,base_0016,1,dense_periodic,0.65,protocol_prefetch,protocol_inference,prefetched_epr,prefetch,generic_epr,0,4,True,1,40,1.0,81,24,1.4101063097178381,1.0
30926efff69cc796bcee,base_0016,1,dense_periodic,0.65,protocol_telegate,protocol_inference,telegate,prefetch,telegate,0,4,True,1,40,1.0,95,38,1.3638633156089903,1.001520652390626
6df63c5bf3fc45ff3838,base_0016,1,dense_periodic,0.65,protocol_teledata,protocol_inference,teledata,prefetch,teledata,0,4,True,1,40,1.0,98,40,1.244111188647849,1.0
9b51afab7257c43ff296,base_0016,1,dense_periodic,0.65,distill_0,distillation_depth_inference,distill_0,custom_epr,generic_epr,0,6,False,1,40,1.0,65,25,1.0950866522702918,1.0
3e5f38ebcfde1ec25052,base_0016,1,dense_periodic,0.65,distill_1,distillation_depth_inference,distill_1,custom_epr,generic_epr,1,6,False,1,40,0.95,134,57,1.0599311108134544,1.0
58665819e479f1b60b8b,base_0016,1,dense_periodic,0.65,distill_2,distillation_depth_inference,distill_2,custom_epr,generic_epr,2,6,False,1,40,1.0,248,88,1.1109141769766637,1.004164006519564
3c95009619182648fbf9,base_0016,1,dense_periodic,0.65,retry_1,retry_policy_inference,retry_1,custom_epr,generic_epr,0,1,False,1,40,0.575,40,17,1.0885253312489402,1.0
ee7cf3e7fa3e3c7fae6f,base_0016,1,dense_periodic,0.65,retry_2,retry_policy_inference,retry_2,custom_epr,generic_epr,0,2,False,1,40,0.825,55,22,1.1465230459559161,1.0
448e3d8a0f31af1499ed,base_0016,1,dense_periodic,0.65,retry_4,retry_policy_inference,retry_4,custom_epr,generic_epr,0,4,False,1,40,0.95,67,29,1.120628484856665,1.0
276f34f748949c1ca0ef,base_0016,1,dense_periodic,0.65,service_low_latency,service_class_inference,low_latency,custom_epr,generic_epr,0,4,False,1,40,1.0,55,15,1.102558765197146,1.0
71ec3eb8ce09e03762a8,base_0016,1,dense_periodic,0.65,service_high_fidelity,service_class_inference,high_fidelity,custom_epr,generic_epr,2,4,False,1,40,0.95,226,73,1.074288128724541,1.0010197952474575
c42d62d485d8d6da7293,base_0016,1,dense_periodic,0.65,protocol_control_direct_transfer,protocol_label_only_control,direct_transfer,prefetch,generic_epr,0,4,True,1,40,1.0,92,35,1.4101063097178381,1.0
27b1aa587e4e15c00224,base_0016,1,dense_periodic,0.65,protocol_control_on_demand_epr,protocol_label_only_control,on_demand_epr,prefetch,generic_epr,0,4,True,1,40,1.0,92,35,1.4101063097178381,1.0
929a420c610845055bf1,base_0016,1,dense_periodic,0.65,protocol_control_prefetched_epr,protocol_label_only_control,prefetched_epr,prefetch,generic_epr,0,4,True,1,40,1.0,92,35,1.4101063097178381,1.0
fe4e313c82af29111b4c,base_0016,1,dense_periodic,0.65,protocol_control_telegate,protocol_label_only_control,telegate,prefetch,generic_epr,0,4,True,1,40,1.0,92,35,1.4101063097178381,1.0
f8781db0a841e4b04ad1,base_0016,1,dense_periodic,0.65,protocol_control_teledata,protocol_label_only_control,teledata,prefetch,generic_epr,0,4,True,1,40,1.0,92,35,1.4101063097178381,1.0
389bf84583a47312fc7e,base_0016,1,dense_periodic,0.65,service_control_low_latency,service_label_only_control,low_latency,custom_epr,generic_epr,1,4,False,1,40,0.975,116,37,1.0592504027236997,1.0
a8865cfed4510eaf1e35,base_0016,1,dense_periodic,0.65,service_control_high_fidelity,service_label_only_control,high_fidelity,custom_epr,generic_epr,1,4,False,1,40,0.975,116,37,1.0592504027236997,1.0
b506054479a4083133ff,base_0016,1,dense_periodic,0.8,protocol_direct,protocol_inference,direct_transfer,direct,direct,0,1,False,1,40,1.0,0,0,1.3111919991637737,1.0
9639175a0a8f445a4c59,base_0016,1,dense_periodic,0.8,protocol_on_demand,protocol_inference,on_demand_epr,custom_epr,generic_epr,0,4,False,1,40,1.0,47,7,1.1341699574433832,1.0
e5915106ee738a30b0ef,base_0016,1,dense_periodic,0.8,protocol_prefetch,protocol_inference,prefetched_epr,prefetch,generic_epr,0,4,True,1,40,1.0,79,21,1.4101063097178381,1.0
64cea0a789377f956b06,base_0016,1,dense_periodic,0.8,protocol_telegate,protocol_inference,telegate,prefetch,telegate,0,4,True,1,40,1.0,71,13,1.3417552580981984,1.0
6b48b8622e5de43a1d64,base_0016,1,dense_periodic,0.8,protocol_teledata,protocol_inference,teledata,prefetch,teledata,0,4,True,1,40,1.0,79,21,1.237004302080344,1.0
38cbfee15f8c8bb6dd55,base_0016,1,dense_periodic,0.8,distill_0,distillation_depth_inference,distill_0,custom_epr,generic_epr,0,6,False,1,40,1.0,47,7,1.1414974684309465,1.0
dd75b1bc573eadb3133d,base_0016,1,dense_periodic,0.8,distill_1,distillation_depth_inference,distill_1,custom_epr,generic_epr,1,6,False,1,40,1.0,105,25,1.0571094014316471,1.0
8186d9bd17f2ee1c2eb4,base_0016,1,dense_periodic,0.8,distill_2,distillation_depth_inference,distill_2,custom_epr,generic_epr,2,6,False,1,40,1.0,194,34,1.0523795219693193,1.0054592531176318
434deccaa0d27b9e1167,base_0016,1,dense_periodic,0.8,retry_1,retry_policy_inference,retry_1,custom_epr,generic_epr,0,1,False,1,40,0.675,40,13,1.1193375494268005,1.0
2de031d2836f7df0862b,base_0016,1,dense_periodic,0.8,retry_2,retry_policy_inference,retry_2,custom_epr,generic_epr,0,2,False,1,40,0.975,49,10,1.1099266807464958,1.0
9d005c40756050b8a01e,base_0016,1,dense_periodic,0.8,retry_4,retry_policy_inference,retry_4,custom_epr,generic_epr,0,4,False,1,40,1.0,46,6,1.1457952379165175,1.0
ffeda69edc14a340eaa1,base_0016,1,dense_periodic,0.8,service_low_latency,service_class_inference,low_latency,custom_epr,generic_epr,0,4,False,1,40,1.0,50,10,1.14871111406177,1.0
c49d276c2174ad1bdd17,base_0016,1,dense_periodic,0.8,service_high_fidelity,service_class_inference,high_fidelity,custom_epr,generic_epr,2,4,False,1,40,1.0,196,36,1.0737117843272812,1.0005319743251853
9c27e4bf4a565e45b43c,base_0016,1,dense_periodic,0.8,protocol_control_direct_transfer,protocol_label_only_control,direct_transfer,prefetch,generic_epr,0,4,True,1,40,1.0,67,9,1.4101063097178381,1.0
b0284190146502622890,base_0016,1,dense_periodic,0.8,protocol_control_on_demand_epr,protocol_label_only_control,on_demand_epr,prefetch,generic_epr,0,4,True,1,40,1.0,67,9,1.4101063097178381,1.0
fd9fb670aa8e42d4b927,base_0016,1,dense_periodic,0.8,protocol_control_prefetched_epr,protocol_label_only_control,prefetched_epr,prefetch,generic_epr,0,4,True,1,40,1.0,67,9,1.4101063097178381,1.0
10f4648034c1d7f01202,base_0016,1,dense_periodic,0.8,protocol_control_telegate,protocol_label_only_control,telegate,prefetch,generic_epr,0,4,True,1,40,1.0,67,9,1.4101063097178381,1.0
a0536ca7b1d05bc35de7,base_0016,1,dense_periodic,0.8,protocol_control_teledata,protocol_label_only_control,teledata,prefetch,generic_epr,0,4,True,1,40,1.0,67,9,1.4101063097178381,1.0
d7ea51bb8a5259921986,base_0016,1,dense_periodic,0.8,service_control_low_latency,service_label_only_control,low_latency,custom_epr,generic_epr,1,4,False,1,40,1.0,92,12,1.0683489332842275,1.0
bec10efd0e146c31932b,base_0016,1,dense_periodic,0.8,service_control_high_fidelity,service_label_only_control,high_fidelity,custom_epr,generic_epr,1,4,False,1,40,1.0,92,12,1.0683489332842275,1.0
aecd2082c3b38501c89d,base_0016,1,dense_periodic,0.95,protocol_direct,protocol_inference,direct_transfer,direct,direct,0,1,False,1,40,1.0,0,0,1.3111919991637737,1.0
262fb85ca09d79fe0f0c,base_0016,1,dense_periodic,0.95,protocol_on_demand,protocol_inference,on_demand_epr,custom_epr,generic_epr,0,4,False,1,40,1.0,44,4,1.1350266470639578,1.0
0d9c1baf4db1dec548db,base_0016,1,dense_periodic,0.95,protocol_prefetch,protocol_inference,prefetched_epr,prefetch,generic_epr,0,4,True,1,40,1.0,62,4,1.4101063097178381,1.0
3aeeade8af02d7f97c34,base_0016,1,dense_periodic,0.95,protocol_telegate,protocol_inference,telegate,prefetch,telegate,0,4,True,1,40,1.0,59,1,1.3417552580981984,1.0
b8ede4b5678fc17c0199,base_0016,1,dense_periodic,0.95,protocol_teledata,protocol_inference,teledata,prefetch,teledata,0,4,True,1,40,1.0,62,4,1.237004302080344,1.0
c471b816161eee0432d5,base_0016,1,dense_periodic,0.95,distill_0,distillation_depth_inference,distill_0,custom_epr,generic_epr,0,6,False,1,40,1.0,41,1,1.1485843701195244,1.0
6e96775947f65a3c8940,base_0016,1,dense_periodic,0.95,distill_1,distillation_depth_inference,distill_1,custom_epr,generic_epr,1,6,False,1,40,1.0,83,3,1.0576541014618022,1.0
ca3494643ec2dc307d3f,base_0016,1,dense_periodic,0.95,distill_2,distillation_depth_inference,distill_2,custom_epr,generic_epr,2,6,False,1,40,1.0,164,4,1.0417324122644378,1.0014200032224208
4b63be77c9b62e7661ae,base_0016,1,dense_periodic,0.95,retry_1,retry_policy_inference,retry_1,custom_epr,generic_epr,0,1,False,1,40,0.975,40,1,1.1344485271492624,1.0
952991246e02053ba017,base_0016,1,dense_periodic,0.95,retry_2,retry_policy_inference,retry_2,custom_epr,generic_epr,0,2,False,1,40,1.0,41,1,1.136035828736564,1.0
aa7faae898092daca3a7,base_0016,1,dense_periodic,0.95,retry_4,retry_policy_inference,retry_4,custom_epr,generic_epr,0,4,False,1,40,1.0,41,1,1.148871604072339,1.0
878a978f0dfe970542cb,base_0016,1,dense_periodic,0.95,service_low_latency,service_class_inference,low_latency,custom_epr,generic_epr,0,4,False,1,40,1.0,42,2,1.136035828736564,1.0
e7bd165e7ea57b1d6dac,base_0016,1,dense_periodic,0.95,service_high_fidelity,service_class_inference,high_fidelity,custom_epr,generic_epr,2,4,False,1,40,1.0,169,9,1.0450239763831486,1.0014200032224208
0f4a7690108f4ac41fe7,base_0016,1,dense_periodic,0.95,protocol_control_direct_transfer,protocol_label_only_control,direct_transfer,prefetch,generic_epr,0,4,True,1,40,1.0,58,0,1.4101063097178381,1.0
b99e644597c9cae0a21b,base_0016,1,dense_periodic,0.95,protocol_control_on_demand_epr,protocol_label_only_control,on_demand_epr,prefetch,generic_epr,0,4,True,1,40,1.0,58,0,1.4101063097178381,1.0
6f9d7c24eb82aa3a5f54,base_0016,1,dense_periodic,0.95,protocol_control_prefetched_epr,protocol_label_only_control,prefetched_epr,prefetch,generic_epr,0,4,True,1,40,1.0,58,0,1.4101063097178381,1.0
cab48ba33acd424df5e6,base_0016,1,dense_periodic,0.95,protocol_control_telegate,protocol_label_only_control,telegate,prefetch,generic_epr,0,4,True,1,40,1.0,58,0,1.4101063097178381,1.0
9d587162eeb1adcba9a9,base_0016,1,dense_periodic,0.95,protocol_control_teledata,protocol_label_only_control,teledata,prefetch,generic_epr,0,4,True,1,40,1.0,58,0,1.4101063097178381,1.0
f717e0f1e24018394a38,base_0016,1,dense_periodic,0.95,service_control_low_latency,service_label_only_control,low_latency,custom_epr,generic_epr,1,4,False,1,40,1.0,87,7,1.0649791236922184,1.0
46ef75db38ab092cc756,base_0016,1,dense_periodic,0.95,service_control_high_fidelity,service_label_only_control,high_fidelity,custom_epr,generic_epr,1,4,False,1,40,1.0,87,7,1.0649791236922184,1.0
8a2431724248aa165071,base_0017,0,synchronization_bursty,0.65,protocol_direct,protocol_inference,direct_transfer,direct,direct,0,1,False,1,44,1.0,0,0,1.4086953106193332,1.0046254106372352
c53dfb6663bd5038900b,base_0017,0,synchronization_bursty,0.65,protocol_on_demand,protocol_inference,on_demand_epr,custom_epr,generic_epr,0,4,False,1,44,1.0,66,22,1.1408080926484738,1.0
ca1c4ad58e0ae65f1385,base_0017,0,synchronization_bursty,0.65,protocol_prefetch,protocol_inference,prefetched_epr,prefetch,generic_epr,0,4,True,1,44,1.0,90,35,1.4677176500954858,1.0014512200807866
385d3612e57f0f743855,base_0017,0,synchronization_bursty,0.65,protocol_telegate,protocol_inference,telegate,prefetch,telegate,0,4,True,1,44,1.0,74,19,1.3208471430985076,1.0014489205058932
571bcd327556ff7fea52,base_0017,0,synchronization_bursty,0.65,protocol_teledata,protocol_inference,teledata,prefetch,teledata,0,4,True,1,44,1.0,91,36,1.2748785254235449,1.0
71adb8223dade1786e3a,base_0017,0,synchronization_bursty,0.65,distill_0,distillation_depth_inference,distill_0,custom_epr,generic_epr,0,6,False,1,44,1.0,76,32,1.11235232381569,1.0057598618513965
462a71608a51e9284282,base_0017,0,synchronization_bursty,0.65,distill_1,distillation_depth_inference,distill_1,custom_epr,generic_epr,1,6,False,1,44,1.0,127,39,1.1083246216263754,1.0123116236463512
28918f0e7147f554895a,base_0017,0,synchronization_bursty,0.65,distill_2,distillation_depth_inference,distill_2,custom_epr,generic_epr,2,6,False,1,44,1.0,281,105,1.1781150469793054,1.0510855683269476
300cf945a80c6f9c0c62,base_0017,0,synchronization_bursty,0.65,retry_1,retry_policy_inference,retry_1,custom_epr,generic_epr,0,1,False,1,44,0.6136363636363636,44,17,1.1306862151272312,1.0
2932b19405b55b0f4aea,base_0017,0,synchronization_bursty,0.65,retry_2,retry_policy_inference,retry_2,custom_epr,generic_epr,0,2,False,1,44,0.75,60,27,1.156975561422257,1.0010533187241943
711d8bea0fbd2870438d,base_0017,0,synchronization_bursty,0.65,retry_4,retry_policy_inference,retry_4,custom_epr,generic_epr,0,4,False,1,44,0.9772727272727273,66,23,1.1617963366048667,1.0111925181656252
775ca3ee8e600cdf9361,base_0017,0,synchronization_bursty,0.65,service_low_latency,service_class_inference,low_latency,custom_epr,generic_epr,0,4,False,1,44,0.9772727272727273,66,23,1.2038122666111777,1.0187955050009716
17edacfa7ca1c1a0b3da,base_0017,0,synchronization_bursty,0.65,service_high_fidelity,service_class_inference,high_fidelity,custom_epr,generic_epr,2,4,False,1,44,0.8636363636363636,268,107,1.1462125390277047,1.0298512130610593
2f3cba4f5cd3eff356a9,base_0017,0,synchronization_bursty,0.65,protocol_control_direct_transfer,protocol_label_only_control,direct_transfer,prefetch,generic_epr,0,4,True,1,44,1.0,81,26,1.4677176500954858,1.0014512200807866
8cda7f827991992eeb0a,base_0017,0,synchronization_bursty,0.65,protocol_control_on_demand_epr,protocol_label_only_control,on_demand_epr,prefetch,generic_epr,0,4,True,1,44,1.0,81,26,1.4677176500954858,1.0014512200807866
8d4a996662de501b91d6,base_0017,0,synchronization_bursty,0.65,protocol_control_prefetched_epr,protocol_label_only_control,prefetched_epr,prefetch,generic_epr,0,4,True,1,44,1.0,81,26,1.4677176500954858,1.0014512200807866
b95e3070a95b52d6a28a,base_0017,0,synchronization_bursty,0.65,protocol_control_telegate,protocol_label_only_control,telegate,prefetch,generic_epr,0,4,True,1,44,1.0,81,26,1.4677176500954858,1.0014512200807866
79fc4abb32d7827b0fba,base_0017,0,synchronization_bursty,0.65,protocol_control_teledata,protocol_label_only_control,teledata,prefetch,generic_epr,0,4,True,1,44,1.0,81,26,1.4677176500954858,1.0014512200807866
3f619f614c11d1b90afc,base_0017,0,synchronization_bursty,0.65,service_control_low_latency,service_label_only_control,low_latency,custom_epr,generic_epr,1,4,False,1,44,0.9772727272727273,135,48,1.1215165151674216,1.0067932339244579
deb516e5b5d30818ee7c,base_0017,0,synchronization_bursty,0.65,service_control_high_fidelity,service_label_only_control,high_fidelity,custom_epr,generic_epr,1,4,False,1,44,0.9772727272727273,135,48,1.1215165151674216,1.0067932339244579
977e9ead9c8cf3a570a7,base_0017,0,synchronization_bursty,0.8,protocol_direct,protocol_inference,direct_transfer,direct,direct,0,1,False,1,44,1.0,0,0,1.4086953106193332,1.0046254106372352
f53a456268331f4609be,base_0017,0,synchronization_bursty,0.8,protocol_on_demand,protocol_inference,on_demand_epr,custom_epr,generic_epr,0,4,False,1,44,1.0,50,6,1.1777953770021645,1.0057598618513965
a9c79bdf119d9cd5c489,base_0017,0,synchronization_bursty,0.8,protocol_prefetch,protocol_inference,prefetched_epr,prefetch,generic_epr,0,4,True,1,44,1.0,61,6,1.4563540137318496,1.0014512200807866
3f2a76a5bd7973ef5868,base_0017,0,synchronization_bursty,0.8,protocol_telegate,protocol_inference,telegate,prefetch,telegate,0,4,True,1,44,1.0,74,19,1.3537798599280562,1.0014489205058932
cbccac5b4ef7c568a8cd,base_0017,0,synchronization_bursty,0.8,protocol_teledata,protocol_inference,teledata,prefetch,teledata,0,4,True,1,44,1.0,70,15,1.2619653022830488,1.0
1eaa98abac12703da35b,base_0017,0,synchronization_bursty,0.8,distill_0,distillation_depth_inference,distill_0,custom_epr,generic_epr,0,6,False,1,44,1.0,53,9,1.195640554855743,1.0057598618513965
632438d151732c26988a,base_0017,0,synchronization_bursty,0.8,distill_1,distillation_depth_inference,distill_1,custom_epr,generic_epr,1,6,False,1,44,1.0,109,21,1.1012707687201102,1.0140038252237933
988b63fdde0923d00ab7,base_0017,0,synchronization_bursty,0.8,distill_2,distillation_depth_inference,distill_2,custom_epr,generic_epr,2,6,False,1,44,1.0,217,41,1.0771693812416563,1.0018619620689677
61f6acfe8150960c9987,base_0017,0,synchronization_bursty,0.8,retry_1,retry_policy_inference,retry_1,custom_epr,generic_epr,0,1,False,1,44,0.8636363636363636,44,6,1.1768475541655437,1.0036567928860733
05b2074da2c9e39c9c78,base_0017,0,synchronization_bursty,0.8,retry_2,retry_policy_inference,retry_2,custom_epr,generic_epr,0,2,False,1,44,0.9545454545454546,50,8,1.1333212201179552,1.0057598618513965
7c0b5a51a11089d7790d,base_0017,0,synchronization_bursty,0.8,retry_4,retry_policy_inference,retry_4,custom_epr,generic_epr,0,4,False,1,44,1.0,57,13,1.190031282003041,1.0187955050009716
af0a962958a20b05371d,base_0017,0,synchronization_bursty,0.8,service_low_latency,service_class_inference,low_latency,custom_epr,generic_epr,0,4,False,1,44,0.9772727272727273,57,14,1.1782655489040803,1.0057598618513965
e44cd5d4a18869d9ed2b,base_0017,0,synchronization_bursty,0.8,service_high_fidelity,service_class_inference,high_fidelity,custom_epr,generic_epr,2,4,False,1,44,1.0,213,37,1.060487913762299,1.0037873919594549
cbab3a1f23c4e541884b,base_0017,0,synchronization_bursty,0.8,protocol_control_direct_transfer,protocol_label_only_control,direct_transfer,prefetch,generic_epr,0,4,True,1,44,1.0,67,12,1.4563540137318496,1.0014512200807866
1082fb44c69d98b2fef6,base_0017,0,synchronization_bursty,0.8,protocol_control_on_demand_epr,protocol_label_only_control,on_demand_epr,prefetch,generic_epr,0,4,True,1,44,1.0,67,12,1.4563540137318496,1.0014512200807866
5dda8530b98faf413d24,base_0017,0,synchronization_bursty,0.8,protocol_control_prefetched_epr,protocol_label_only_control,prefetched_epr,prefetch,generic_epr,0,4,True,1,44,1.0,67,12,1.4563540137318496,1.0014512200807866
8c80660b089e95b8c47b,base_0017,0,synchronization_bursty,0.8,protocol_control_telegate,protocol_label_only_control,telegate,prefetch,generic_epr,0,4,True,1,44,1.0,67,12,1.4563540137318496,1.0014512200807866
ad5219c8d17b9bd10c03,base_0017,0,synchronization_bursty,0.8,protocol_control_teledata,protocol_label_only_control,teledata,prefetch,generic_epr,0,4,True,1,44,1.0,67,12,1.4563540137318496,1.0014512200807866
06af30e28adcee8ad695,base_0017,0,synchronization_bursty,0.8,service_control_low_latency,service_label_only_control,low_latency,custom_epr,generic_epr,1,4,False,1,44,1.0,104,16,1.1140862064211405,1.0067932339244579
a3928a69651e4919bb0d,base_0017,0,synchronization_bursty,0.8,service_control_high_fidelity,service_label_only_control,high_fidelity,custom_epr,generic_epr,1,4,False,1,44,1.0,104,16,1.1140862064211405,1.0067932339244579
e9f8c8b99b1f665658e7,base_0017,0,synchronization_bursty,0.95,protocol_direct,protocol_inference,direct_transfer,direct,direct,0,1,False,1,44,1.0,0,0,1.4086953106193332,1.0046254106372352
4d1acef80f4eb87776b6,base_0017,0,synchronization_bursty,0.95,protocol_on_demand,protocol_inference,on_demand_epr,custom_epr,generic_epr,0,4,False,1,44,1.0,45,1,1.1975562152123083,1.0
b9220598d3f5f289af4f,base_0017,0,synchronization_bursty,0.95,protocol_prefetch,protocol_inference,prefetched_epr,prefetch,generic_epr,0,4,True,1,44,1.0,57,2,1.4563540137318496,1.0014512200807866
a6fac6858e5785934a67,base_0017,0,synchronization_bursty,0.95,protocol_telegate,protocol_inference,telegate,prefetch,telegate,0,4,True,1,44,1.0,60,5,1.3537798599280562,1.0014489205058932
5d973fb1247ab5f0561e,base_0017,0,synchronization_bursty,0.95,protocol_teledata,protocol_inference,teledata,prefetch,teledata,0,4,True,1,44,1.0,57,2,1.2619653022830488,1.0
e552a17a92de7d9bb70f,base_0017,0,synchronization_bursty,0.95,distill_0,distillation_depth_inference,distill_0,custom_epr,generic_epr,0,6,False,1,44,1.0,47,3,1.202177225666848,1.0057598618513965
6a88e06bb24432dd09a3,base_0017,0,synchronization_bursty,0.95,distill_1,distillation_depth_inference,distill_1,custom_epr,generic_epr,1,6,False,1,44,1.0,95,7,1.094692205902602,1.001988791692238
cb7ead421f19569f86ec,base_0017,0,synchronization_bursty,0.95,distill_2,distillation_depth_inference,distill_2,custom_epr,generic_epr,2,6,False,1,44,1.0,192,16,1.0631004841680687,1.0019490598826888
d8671bf80c6aee303d28,base_0017,0,synchronization_bursty,0.95,retry_1,retry_policy_inference,retry_1,custom_epr,generic_epr,0,1,False,1,44,0.9318181818181818,44,3,1.1653163592609745,1.0057598618513965
08176c2804c6153086da,base_0017,0,synchronization_bursty,0.95,retry_2,retry_policy_inference,retry_2,custom_epr,generic_epr,0,2,False,1,44,1.0,47,3,1.1883142176929935,1.0057598618513965
aa67b001e6b1533e37e4,base_0017,0,synchronization_bursty,0.95,retry_4,retry_policy_inference,retry_4,custom_epr,generic_epr,0,4,False,1,44,1.0,45,1,1.2133979255274192,1.0057598618513965
41fedd9bea15c8f49620,base_0017,0,synchronization_bursty,0.95,service_low_latency,service_class_inference,low_latency,custom_epr,generic_epr,0,4,False,1,44,1.0,44,0,1.2012171241636975,1.0057598618513965
cf557cca2087bc0e38ee,base_0017,0,synchronization_bursty,0.95,service_high_fidelity,service_class_inference,high_fidelity,custom_epr,generic_epr,2,4,False,1,44,1.0,185,9,1.068868420129485,1.0019490598826888
a86e2d561a57e9274310,base_0017,0,synchronization_bursty,0.95,protocol_control_direct_transfer,protocol_label_only_control,direct_transfer,prefetch,generic_epr,0,4,True,1,44,1.0,55,0,1.4563540137318496,1.0014512200807866
11a520f9721af42d52e6,base_0017,0,synchronization_bursty,0.95,protocol_control_on_demand_epr,protocol_label_only_control,on_demand_epr,prefetch,generic_epr,0,4,True,1,44,1.0,55,0,1.4563540137318496,1.0014512200807866
52edeeb6b8de04fd8073,base_0017,0,synchronization_bursty,0.95,protocol_control_prefetched_epr,protocol_label_only_control,prefetched_epr,prefetch,generic_epr,0,4,True,1,44,1.0,55,0,1.4563540137318496,1.0014512200807866
553e1b1bfbfd628420bf,base_0017,0,synchronization_bursty,0.95,protocol_control_telegate,protocol_label_only_control,telegate,prefetch,generic_epr,0,4,True,1,44,1.0,55,0,1.4563540137318496,1.0014512200807866
fd5b685e7a0912905cd2,base_0017,0,synchronization_bursty,0.95,protocol_control_teledata,protocol_label_only_control,teledata,prefetch,generic_epr,0,4,True,1,44,1.0,55,0,1.4563540137318496,1.0014512200807866
a9fded040ebb30deda89,base_0017,0,synchronization_bursty,0.95,service_control_low_latency,service_label_only_control,low_latency,custom_epr,generic_epr,1,4,False,1,44,1.0,93,5,1.1150439561896741,1.0010187078178587
05330a51e4d633d2967d,base_0017,0,synchronization_bursty,0.95,service_control_high_fidelity,service_label_only_control,high_fidelity,custom_epr,generic_epr,1,4,False,1,44,1.0,93,5,1.1150439561896741,1.0010187078178587
aec2ec06ee532bad2a30,base_0017,1,synchronization_bursty,0.65,protocol_direct,protocol_inference,direct_transfer,direct,direct,0,1,False,1,44,1.0,0,0,1.4018969456850088,1.0040550723418868
dbca5cdf2b74b210a1d5,base_0017,1,synchronization_bursty,0.65,protocol_on_demand,protocol_inference,on_demand_epr,custom_epr,generic_epr,0,4,False,1,44,1.0,62,18,1.163267213143104,1.0
8c49f87134167295d5b9,base_0017,1,synchronization_bursty,0.65,protocol_prefetch,protocol_inference,prefetched_epr,prefetch,generic_epr,0,4,True,1,44,1.0,92,37,1.344428170168679,1.0008820074560694
a8546cec0baf79154bee,base_0017,1,synchronization_bursty,0.65,protocol_telegate,protocol_inference,telegate,prefetch,telegate,0,4,True,1,44,1.0,79,24,1.283235596352687,1.0008806103391967
336247dfcb4a63f86358,base_0017,1,synchronization_bursty,0.65,protocol_teledata,protocol_inference,teledata,prefetch,teledata,0,4,True,1,44,1.0,84,29,1.2069729404029674,1.0
fda9412679b829db3541,base_0017,1,synchronization_bursty,0.65,distill_0,distillation_depth_inference,distill_0,custom_epr,generic_epr,0,6,False,1,44,1.0,71,27,1.1084860082602053,1.0039201241640137
fa81ce8ec1bf2115f638,base_0017,1,synchronization_bursty,0.65,distill_1,distillation_depth_inference,distill_1,custom_epr,generic_epr,1,6,False,1,44,1.0,135,47,1.1060876532271289,1.014140033625897
1cb51ece0e775830d89a,base_0017,1,synchronization_bursty,0.65,distill_2,distillation_depth_inference,distill_2,custom_epr,generic_epr,2,6,False,1,44,1.0,276,100,1.1870989174545703,1.0185492893206831
e34ed1c9d6f2d412327e,base_0017,1,synchronization_bursty,0.65,retry_1,retry_policy_inference,retry_1,custom_epr,generic_epr,0,1,False,1,44,0.7272727272727273,44,12,1.112560578147915,1.0
ddb2f2ee8591db332051,base_0017,1,synchronization_bursty,0.65,retry_2,retry_policy_inference,retry_2,custom_epr,generic_epr,0,2,False,1,44,0.8636363636363636,63,25,1.1196854643094463,1.0
a8d3d241b837ed0d50d5,base_0017,1,synchronization_bursty,0.65,retry_4,retry_policy_inference,retry_4,custom_epr,generic_epr,0,4,False,1,44,0.9772727272727273,65,22,1.1720302382183052,1.0189617829013708
8f4a63d4bddcb75e1fa7,base_0017,1,synchronization_bursty,0.65,service_low_latency,service_class_inference,low_latency,custom_epr,generic_epr,0,4,False,1,44,0.9772727272727273,72,29,1.1546671450667305,1.004135762367067
1d5df8832a08dffa68fb,base_0017,1,synchronization_bursty,0.65,service_high_fidelity,service_class_inference,high_fidelity,custom_epr,generic_epr,2,4,False,1,44,0.9545454545454546,275,102,1.1428309126626115,1.0179875254831032
678e154c640c355f442e,base_0017,1,synchronization_bursty,0.65,protocol_control_direct_transfer,protocol_label_only_control,direct_transfer,prefetch,generic_epr,0,4,True,1,44,1.0,83,28,1.344428170168679,1.0008820074560694
9a8c86c93898cd5bfacb,base_0017,1,synchronization_bursty,0.65,protocol_control_on_demand_epr,protocol_label_only_control,on_demand_epr,prefetch,generic_epr,0,4,True,1,44,1.0,83,28,1.344428170168679,1.0008820074560694
faa373c91641f6501e2d,base_0017,1,synchronization_bursty,0.65,protocol_control_prefetched_epr,protocol_label_only_control,prefetched_epr,prefetch,generic_epr,0,4,True,1,44,1.0,83,28,1.344428170168679,1.0008820074560694
07355d695f2a49f4d434,base_0017,1,synchronization_bursty,0.65,protocol_control_telegate,protocol_label_only_control,telegate,prefetch,generic_epr,0,4,True,1,44,1.0,83,28,1.344428170168679,1.0008820074560694
b3031810627efa5805d9,base_0017,1,synchronization_bursty,0.65,protocol_control_teledata,protocol_label_only_control,teledata,prefetch,generic_epr,0,4,True,1,44,1.0,83,28,1.344428170168679,1.0008820074560694
8103a91f165a73101bb3,base_0017,1,synchronization_bursty,0.65,service_control_low_latency,service_label_only_control,low_latency,custom_epr,generic_epr,1,4,False,1,44,0.9318181818181818,129,47,1.108461143396963,1.0137277539289669
8c21af8b9c5a8f34fb6f,base_0017,1,synchronization_bursty,0.65,service_control_high_fidelity,service_label_only_control,high_fidelity,custom_epr,generic_epr,1,4,False,1,44,0.9318181818181818,129,47,1.108461143396963,1.0137277539289669
d3ac6c69eb83854812a9,base_0017,1,synchronization_bursty,0.8,protocol_direct,protocol_inference,direct_transfer,direct,direct,0,1,False,1,44,1.0,0,0,1.4018969456850088,1.0040550723418868
c3c6e81943fa9eac7c20,base_0017,1,synchronization_bursty,0.8,protocol_on_demand,protocol_inference,on_demand_epr,custom_epr,generic_epr,0,4,False,1,44,1.0,63,19,1.1659505355437714,1.0
5428edd34a3c25271548,base_0017,1,synchronization_bursty,0.8,protocol_prefetch,protocol_inference,prefetched_epr,prefetch,generic_epr,0,4,True,1,44,1.0,66,11,1.3017314932865156,1.0008820074560694
9303491f5ae596271a62,base_0017,1,synchronization_bursty,0.8,protocol_telegate,protocol_inference,telegate,prefetch,telegate,0,4,True,1,44,1.0,72,17,1.283235596352687,1.0008806103391967
75e3c4dd3f55abca55ab,base_0017,1,synchronization_bursty,0.8,protocol_teledata,protocol_inference,teledata,prefetch,teledata,0,4,True,1,44,1.0,65,10,1.219886163543463,1.0
06295fc53f815337042f,base_0017,1,synchronization_bursty,0.8,distill_0,distillation_depth_inference,distill_0,custom_epr,generic_epr,0,6,False,1,44,1.0,52,8,1.1928011685142896,1.0054806221078343
d9a5580b0a17cb5bd9e3,base_0017,1,synchronization_bursty,0.8,distill_1,distillation_depth_inference,distill_1,custom_epr,generic_epr,1,6,False,1,44,1.0,113,25,1.0965014187069557,1.002029084206319
6484b6dc18098d95cfe3,base_0017,1,synchronization_bursty,0.8,distill_2,distillation_depth_inference,distill_2,custom_epr,generic_epr,2,6,False,1,44,1.0,223,47,1.0845298440308042,1.0050646556843144
e06f9eee25ba98a803af,base_0017,1,synchronization_bursty,0.8,retry_1,retry_policy_inference,retry_1,custom_epr,generic_epr,0,1,False,1,44,0.7045454545454546,44,13,1.142653350117143,1.0105380650944713
e50f330d8c10cd35ea0f,base_0017,1,synchronization_bursty,0.8,retry_2,retry_policy_inference,retry_2,custom_epr,generic_epr,0,2,False,1,44,0.9772727272727273,53,10,1.1992393169205842,1.0054806221078343
37fd8b1b5a484a583b7b,base_0017,1,synchronization_bursty,0.8,retry_4,retry_policy_inference,retry_4,custom_epr,generic_epr,0,4,False,1,44,1.0,53,9,1.133586759091022,1.0020574085806442
ee7dfc0fbf4b5c939eda,base_0017,1,synchronization_bursty,0.8,service_low_latency,service_class_inference,low_latency,custom_epr,generic_epr,0,4,False,1,44,1.0,52,8,1.188562405592161,1.0
f8fc8a11f783c4e23824,base_0017,1,synchronization_bursty,0.8,service_high_fidelity,service_class_inference,high_fidelity,custom_epr,generic_epr,2,4,False,1,44,1.0,215,39,1.0896406755444328,1.0007141889187905
e8ec9d982f3a68bba264,base_0017,1,synchronization_bursty,0.8,protocol_control_direct_transfer,protocol_label_only_control,direct_transfer,prefetch,generic_epr,0,4,True,1,44,1.0,63,8,1.344428170168679,1.0008820074560694
3799444ea98e4a4f0933,base_0017,1,synchronization_bursty,0.8,protocol_control_on_demand_epr,protocol_label_only_control,on_demand_epr,prefetch,generic_epr,0,4,True,1,44,1.0,63,8,1.344428170168679,1.0008820074560694
1fc39601c5508ef518c9,base_0017,1,synchronization_bursty,0.8,protocol_control_prefetched_epr,protocol_label_only_control,prefetched_epr,prefetch,generic_epr,0,4,True,1,44,1.0,63,8,1.344428170168679,1.0008820074560694
df517856543cdfd6de77,base_0017,1,synchronization_bursty,0.8,protocol_control_telegate,protocol_label_only_control,telegate,prefetch,generic_epr,0,4,True,1,44,1.0,63,8,1.344428170168679,1.0008820074560694
f5c59dc39e358ca6cc80,base_0017,1,synchronization_bursty,0.8,protocol_control_teledata,protocol_label_only_control,teledata,prefetch,generic_epr,0,4,True,1,44,1.0,63,8,1.344428170168679,1.0008820074560694
b6b9906f9e537e1b474e,base_0017,1,synchronization_bursty,0.8,service_control_low_latency,service_label_only_control,low_latency,custom_epr,generic_epr,1,4,False,1,44,0.9772727272727273,111,25,1.1352012953823438,1.0039635681776813
48a306e6379beacf9a94,base_0017,1,synchronization_bursty,0.8,service_control_high_fidelity,service_label_only_control,high_fidelity,custom_epr,generic_epr,1,4,False,1,44,0.9772727272727273,111,25,1.1352012953823438,1.0039635681776813
265ac8e01016244d3949,base_0017,1,synchronization_bursty,0.95,protocol_direct,protocol_inference,direct_transfer,direct,direct,0,1,False,1,44,1.0,0,0,1.4018969456850088,1.0040550723418868
3ea385e8c2fd8ec59d9a,base_0017,1,synchronization_bursty,0.95,protocol_on_demand,protocol_inference,on_demand_epr,custom_epr,generic_epr,0,4,False,1,44,1.0,46,2,1.1862187735617213,1.0054806221078343
acdd0c9fd6e8dd66d5f8,base_0017,1,synchronization_bursty,0.95,protocol_prefetch,protocol_inference,prefetched_epr,prefetch,generic_epr,0,4,True,1,44,1.0,61,6,1.344428170168679,1.0008820074560694
f356268908326252defb,base_0017,1,synchronization_bursty,0.95,protocol_telegate,protocol_inference,telegate,prefetch,telegate,0,4,True,1,44,1.0,57,2,1.283235596352687,1.0008806103391967
ab3771a02a5fbb9619c2,base_0017,1,synchronization_bursty,0.95,protocol_teledata,protocol_inference,teledata,prefetch,teledata,0,4,True,1,44,1.0,58,3,1.2069729404029674,1.0
a5ddd174d63f01951105,base_0017,1,synchronization_bursty,0.95,distill_0,distillation_depth_inference,distill_0,custom_epr,generic_epr,0,6,False,1,44,1.0,46,2,1.1986554748128437,1.0054806221078343
643228859224b4a8ee53,base_0017,1,synchronization_bursty,0.95,distill_1,distillation_depth_inference,distill_1,custom_epr,generic_epr,1,6,False,1,44,1.0,95,7,1.1110616748855568,1.0010186353237855
8e1a0b58c69094684687,base_0017,1,synchronization_bursty,0.95,distill_2,distillation_depth_inference,distill_2,custom_epr,generic_epr,2,6,False,1,44,1.0,184,8,1.0607844536641222,1.0019489271967401
919448bd86175bd8b0b5,base_0017,1,synchronization_bursty,0.95,retry_1,retry_policy_inference,retry_1,custom_epr,generic_epr,0,1,False,1,44,0.9318181818181818,44,3,1.1849706192595684,1.0054806221078343
f3533047055864eb815a,base_0017,1,synchronization_bursty,0.95,retry_2,retry_policy_inference,retry_2,custom_epr,generic_epr,0,2,False,1,44,0.9772727272727273,47,4,1.1897609097496795,1.0054806221078343
fa40418fe9f140127a99,base_0017,1,synchronization_bursty,0.95,retry_4,retry_policy_inference,retry_4,custom_epr,generic_epr,0,4,False,1,44,1.0,45,1,1.1892354709248272,1.0
7422ff897d719287b1f5,base_0017,1,synchronization_bursty,0.95,service_low_latency,service_class_inference,low_latency,custom_epr,generic_epr,0,4,False,1,44,1.0,47,3,1.1704396721072607,1.0054806221078343
872fd9c061ababaefaae,base_0017,1,synchronization_bursty,0.95,service_high_fidelity,service_class_inference,high_fidelity,custom_epr,generic_epr,2,4,False,1,44,1.0,182,6,1.0603819226415843,1.0038233402750363
86c9d0a7c62fd5fb7faf,base_0017,1,synchronization_bursty,0.95,protocol_control_direct_transfer,protocol_label_only_control,direct_transfer,prefetch,generic_epr,0,4,True,1,44,1.0,59,4,1.344428170168679,1.0008820074560694
2f6ff0973a061154e001,base_0017,1,synchronization_bursty,0.95,protocol_control_on_demand_epr,protocol_label_only_control,on_demand_epr,prefetch,generic_epr,0,4,True,1,44,1.0,59,4,1.344428170168679,1.0008820074560694
d2cdc710e01c3124803f,base_0017,1,synchronization_bursty,0.95,protocol_control_prefetched_epr,protocol_label_only_control,prefetched_epr,prefetch,generic_epr,0,4,True,1,44,1.0,59,4,1.344428170168679,1.0008820074560694
3884eec079fb34532660,base_0017,1,synchronization_bursty,0.95,protocol_control_telegate,protocol_label_only_control,telegate,prefetch,generic_epr,0,4,True,1,44,1.0,59,4,1.344428170168679,1.0008820074560694
b30ee89aa9027dc6a46f,base_0017,1,synchronization_bursty,0.95,protocol_control_teledata,protocol_label_only_control,teledata,prefetch,generic_epr,0,4,True,1,44,1.0,59,4,1.344428170168679,1.0008820074560694
4c9e2834a3fb9f2d08e7,base_0017,1,synchronization_bursty,0.95,service_control_low_latency,service_label_only_control,low_latency,custom_epr,generic_epr,1,4,False,1,44,1.0,89,1,1.1280498679372586,1.0010186353237855
34a132af093ab50def2b,base_0017,1,synchronization_bursty,0.95,service_control_high_fidelity,service_label_only_control,high_fidelity,custom_epr,generic_epr,1,4,False,1,44,1.0,89,1,1.1280498679372586,1.0010186353237855
