configuration_id,trial_id,actual_workload,predicted_workload,correct,distance
cfg_0000000,0,sparse_periodic,dense_periodic,False,0.0
cfg_0000000,0,dense_periodic,dense_periodic,True,0.0
cfg_0000000,0,synchronization_bursty,dense_periodic,False,0.0
cfg_0000000,1,sparse_periodic,dense_periodic,False,0.0
cfg_0000000,1,dense_periodic,dense_periodic,True,0.0
cfg_0000000,1,synchronization_bursty,dense_periodic,False,0.0
cfg_0000000,2,sparse_periodic,dense_periodic,False,0.0
cfg_0000000,2,dense_periodic,dense_periodic,True,0.0
cfg_0000000,2,synchronization_bursty,dense_periodic,False,0.0
cfg_0000000,3,sparse_periodic,dense_periodic,False,0.0
cfg_0000000,3,dense_periodic,dense_periodic,True,0.0
cfg_0000000,3,synchronization_bursty,dense_periodic,False,0.0
cfg_0000000,4,sparse_periodic,dense_periodic,False,0.0
cfg_0000000,4,dense_periodic,dense_periodic,True,0.0
cfg_0000000,4,synchronization_bursty,dense_periodic,False,0.0
cfg_0000000,5,sparse_periodic,dense_periodic,False,0.0
cfg_0000000,5,dense_periodic,dense_periodic,True,0.0
cfg_0000000,5,synchronization_bursty,dense_periodic,False,0.0
cfg_0000000,6,sparse_periodic,dense_periodic,False,0.0
cfg_0000000,6,dense_periodic,dense_periodic,True,0.0
cfg_0000000,6,synchronization_bursty,dense_periodic,False,0.0
cfg_0000000,7,sparse_periodic,dense_periodic,False,0.0
cfg_0000000,7,dense_periodic,dense_periodic,True,0.0
cfg_0000000,7,synchronization_bursty,dense_periodic,False,0.0
cfg_0000000,8,sparse_periodic,dense_periodic,False,0.0
cfg_0000000,8,dense_periodic,dense_periodic,True,0.0
cfg_0000000,8,synchronization_bursty,dense_periodic,False,0.0
cfg_0000000,9,sparse_periodic,dense_periodic,False,0.0
cfg_0000000,9,dense_periodic,dense_periodic,True,0.0
cfg_0000000,9,synchronization_bursty,dense_periodic,False,0.0
cfg_0000001,0,sparse_periodic,sparse_periodic,True,0.0
cfg_0000001,0,dense_periodic,dense_periodic,True,0.9332602949325777
cfg_0000001,0,synchronization_bursty,synchronization_bursty,True,0.3992483639449581
cfg_0000001,1,sparse_periodic,sparse_periodic,True,0.0
cfg_0000001,1,dense_periodic,dense_periodic,True,0.9275823601668141
cfg_0000001,1,synchronization_bursty,synchronization_bursty,True,0.6236080643815158
cfg_0000001,2,sparse_periodic,sparse_periodic,True,0.0
cfg_0000001,2,dense_periodic,dense_periodic,True,0.6406434434020956
cfg_0000001,2,synchronization_bursty,synchronization_bursty,True,0.20812464910888945
cfg_0000001,3,sparse_periodic,sparse_periodic,True,0.0
cfg_0000001,3,dense_periodic,dense_periodic,True,0.9516660289239666
cfg_0000001,3,synchronization_bursty,synchronization_bursty,True,1.9543817555556466
cfg_0000001,4,sparse_periodic,sparse_periodic,True,0.0
cfg_0000001,4,dense_periodic,dense_periodic,True,0.6398430371841537
cfg_0000001,4,synchronization_bursty,synchronization_bursty,True,0.8905945227874246
cfg_0000001,5,sparse_periodic,sparse_periodic,True,0.0
cfg_0000001,5,dense_periodic,dense_periodic,True,0.6441731060845927
cfg_0000001,5,synchronization_bursty,synchronization_bursty,True,0.5905913470266412
cfg_0000001,6,sparse_periodic,sparse_periodic,True,1.1102230246251565e-16
cfg_0000001,6,dense_periodic,dense_periodic,True,0.9275798816011019
cfg_0000001,6,synchronization_bursty,synchronization_bursty,True,0.39912782599538105
cfg_0000001,7,sparse_periodic,sparse_periodic,True,1.1102230246251565e-16
cfg_0000001,7,dense_periodic,dense_periodic,True,0.6447694503120406
cfg_0000001,7,synchronization_bursty,synchronization_bursty,True,1.954218134588938
cfg_0000001,8,sparse_periodic,sparse_periodic,True,0.0
cfg_0000001,8,dense_periodic,dense_periodic,True,0.639843290358282
cfg_0000001,8,synchronization_bursty,synchronization_bursty,True,0.8847760396771295
cfg_0000001,9,sparse_periodic,sparse_periodic,True,1.1102230246251565e-16
cfg_0000001,9,dense_periodic,dense_periodic,True,0.6547515536201413
cfg_0000001,9,synchronization_bursty,synchronization_bursty,True,0.3990846006452847
cfg_0000010,0,sparse_periodic,sparse_periodic,True,1.4211835549510197
cfg_0000010,0,dense_periodic,dense_periodic,True,0.2788490002441382
cfg_0000010,0,synchronization_bursty,synchronization_bursty,True,0.4447065353470906
cfg_0000010,1,sparse_periodic,sparse_periodic,True,0.5884350662072438
cfg_0000010,1,dense_periodic,dense_periodic,True,0.05721024477470102
cfg_0000010,1,synchronization_bursty,synchronization_bursty,True,2.025899176526595
cfg_0000010,2,sparse_periodic,sparse_periodic,True,0.5905922514687066
cfg_0000010,2,dense_periodic,dense_periodic,True,0.1805306981579418
cfg_0000010,2,synchronization_bursty,synchronization_bursty,True,0.12197716783955821
cfg_0000010,3,sparse_periodic,sparse_periodic,True,1.4058914043985447
cfg_0000010,3,dense_periodic,dense_periodic,True,0.3586495768264137
cfg_0000010,3,synchronization_bursty,synchronization_bursty,True,0.23713491656650448
cfg_0000010,4,sparse_periodic,sparse_periodic,True,0.7027368132269847
cfg_0000010,4,dense_periodic,dense_periodic,True,0.0686394678935817
cfg_0000010,4,synchronization_bursty,synchronization_bursty,True,1.1846043377704634
cfg_0000010,5,sparse_periodic,sparse_periodic,True,1.5251984667751552
cfg_0000010,5,dense_periodic,dense_periodic,True,0.38344435094379486
cfg_0000010,5,synchronization_bursty,synchronization_bursty,True,0.5628780036867262
cfg_0000010,6,sparse_periodic,sparse_periodic,True,0.6323343186022725
cfg_0000010,6,dense_periodic,dense_periodic,True,0.058399847640569685
cfg_0000010,6,synchronization_bursty,synchronization_bursty,True,0.07384231406127775
cfg_0000010,7,sparse_periodic,sparse_periodic,True,0.7705482149260106
cfg_0000010,7,dense_periodic,dense_periodic,True,0.3776098130842864
cfg_0000010,7,synchronization_bursty,synchronization_bursty,True,2.28793979688893
cfg_0000010,8,sparse_periodic,sparse_periodic,True,0.5902223165400914
cfg_0000010,8,dense_periodic,dense_periodic,True,0.06109142883757396
cfg_0000010,8,synchronization_bursty,synchronization_bursty,True,1.3849856605725
cfg_0000010,9,sparse_periodic,sparse_periodic,True,0.5948097976779976
cfg_0000010,9,dense_periodic,dense_periodic,True,0.11331697493627263
cfg_0000010,9,synchronization_bursty,synchronization_bursty,True,0.12677194594611196
cfg_0000011,0,sparse_periodic,sparse_periodic,True,2.510059974455628
cfg_0000011,0,dense_periodic,dense_periodic,True,0.890753554851259
cfg_0000011,0,synchronization_bursty,synchronization_bursty,True,0.5587256165058587
cfg_0000011,1,sparse_periodic,sparse_periodic,True,0.9633824577498299
cfg_0000011,1,dense_periodic,dense_periodic,True,2.9652942339740265
cfg_0000011,1,synchronization_bursty,synchronization_bursty,True,0.8251142216197087
cfg_0000011,2,sparse_periodic,sparse_periodic,True,0.8844805234367468
cfg_0000011,2,dense_periodic,dense_periodic,True,0.8928173252972518
cfg_0000011,2,synchronization_bursty,synchronization_bursty,True,0.290753346851139
cfg_0000011,3,sparse_periodic,sparse_periodic,True,2.427376238508266
cfg_0000011,3,dense_periodic,dense_periodic,True,0.8040279393452868
cfg_0000011,3,synchronization_bursty,synchronization_bursty,True,3.302265166747882
cfg_0000011,4,sparse_periodic,sparse_periodic,True,1.6527016044347853
cfg_0000011,4,dense_periodic,dense_periodic,True,0.9915672136037403
cfg_0000011,4,synchronization_bursty,synchronization_bursty,True,1.2675751186147368
cfg_0000011,5,sparse_periodic,sparse_periodic,True,3.2530794848030773
cfg_0000011,5,dense_periodic,dense_periodic,True,2.199298824802391
cfg_0000011,5,synchronization_bursty,synchronization_bursty,True,0.8207097656183434
cfg_0000011,6,sparse_periodic,sparse_periodic,True,1.313502523514349
cfg_0000011,6,dense_periodic,dense_periodic,True,2.9540737557536034
cfg_0000011,6,synchronization_bursty,synchronization_bursty,True,0.5589044282452612
cfg_0000011,7,sparse_periodic,sparse_periodic,True,1.6713570255245727
cfg_0000011,7,dense_periodic,dense_periodic,True,2.2232759660993997
cfg_0000011,7,synchronization_bursty,synchronization_bursty,True,3.305500225607437
cfg_0000011,8,sparse_periodic,sparse_periodic,True,0.8829537528652591
cfg_0000011,8,dense_periodic,dense_periodic,True,0.9887004800607326
cfg_0000011,8,synchronization_bursty,synchronization_bursty,True,1.2550863926244142
cfg_0000011,9,sparse_periodic,sparse_periodic,True,0.8964123497042121
cfg_0000011,9,dense_periodic,dense_periodic,True,1.667832563481045
cfg_0000011,9,synchronization_bursty,synchronization_bursty,True,0.5606573382495087
cfg_0000100,0,sparse_periodic,sparse_periodic,True,1.455469054351571
cfg_0000100,0,dense_periodic,dense_periodic,True,0.38560299572954965
cfg_0000100,0,synchronization_bursty,synchronization_bursty,True,2.272120339148746
cfg_0000100,1,sparse_periodic,sparse_periodic,True,2.3185840892584735
cfg_0000100,1,dense_periodic,dense_periodic,True,0.708435590875266
cfg_0000100,1,synchronization_bursty,synchronization_bursty,True,1.4052296713541783
cfg_0000100,2,sparse_periodic,sparse_periodic,True,2.324972275608
cfg_0000100,2,dense_periodic,dense_periodic,True,0.489317000821607
cfg_0000100,2,synchronization_bursty,synchronization_bursty,True,1.1090344448613896
cfg_0000100,3,sparse_periodic,sparse_periodic,True,1.3621851090858896
cfg_0000100,3,dense_periodic,dense_periodic,True,0.1862474577576044
cfg_0000100,3,synchronization_bursty,synchronization_bursty,True,1.1380462314960782
cfg_0000100,4,sparse_periodic,dense_periodic,False,1.0906379249861764
cfg_0000100,4,dense_periodic,dense_periodic,True,0.5203582062086318
cfg_0000100,4,synchronization_bursty,sparse_periodic,False,1.6856268087781137
cfg_0000100,5,sparse_periodic,sparse_periodic,True,1.3604671597230056
cfg_0000100,5,dense_periodic,dense_periodic,True,0.7596990343602704
cfg_0000100,5,synchronization_bursty,synchronization_bursty,True,2.8840727641059303
cfg_0000100,6,sparse_periodic,sparse_periodic,True,2.3215161894022893
cfg_0000100,6,dense_periodic,dense_periodic,True,0.8900001831884768
cfg_0000100,6,synchronization_bursty,synchronization_bursty,True,1.1344156874760218
cfg_0000100,7,sparse_periodic,dense_periodic,False,1.3665833008052346
cfg_0000100,7,dense_periodic,dense_periodic,True,0.7016163510566225
cfg_0000100,7,synchronization_bursty,synchronization_bursty,True,1.4436926796521237
cfg_0000100,8,sparse_periodic,sparse_periodic,True,1.6794847453400723
cfg_0000100,8,dense_periodic,dense_periodic,True,0.8678217529969875
cfg_0000100,8,synchronization_bursty,sparse_periodic,False,2.2480548972046357
cfg_0000100,9,sparse_periodic,sparse_periodic,True,2.330341183833405
cfg_0000100,9,dense_periodic,dense_periodic,True,0.32462213806315166
cfg_0000100,9,synchronization_bursty,synchronization_bursty,True,1.1095372978013784
cfg_0000101,0,sparse_periodic,sparse_periodic,True,1.7260608735916472
cfg_0000101,0,dense_periodic,dense_periodic,True,0.7678960295225075
cfg_0000101,0,synchronization_bursty,synchronization_bursty,True,0.3593364082711356
cfg_0000101,1,sparse_periodic,sparse_periodic,True,1.9423432417169888
cfg_0000101,1,dense_periodic,dense_periodic,True,0.7597345106936735
cfg_0000101,1,synchronization_bursty,synchronization_bursty,True,0.5458594011059552
cfg_0000101,2,sparse_periodic,sparse_periodic,True,1.9455141164005858
cfg_0000101,2,dense_periodic,dense_periodic,True,0.497607032294088
cfg_0000101,2,synchronization_bursty,synchronization_bursty,True,0.20259223971515075
cfg_0000101,3,sparse_periodic,sparse_periodic,True,1.725518978984114
cfg_0000101,3,dense_periodic,dense_periodic,True,0.7902339374119757
cfg_0000101,3,synchronization_bursty,synchronization_bursty,True,1.4643558725002106
cfg_0000101,4,sparse_periodic,sparse_periodic,True,1.776569795569825
cfg_0000101,4,dense_periodic,dense_periodic,True,0.50369160563041
cfg_0000101,4,synchronization_bursty,synchronization_bursty,True,0.8201509520163679
cfg_0000101,5,sparse_periodic,sparse_periodic,True,1.7379819874758438
cfg_0000101,5,dense_periodic,dense_periodic,True,0.5137475216485858
cfg_0000101,5,synchronization_bursty,synchronization_bursty,True,0.5428453130263021
cfg_0000101,6,sparse_periodic,sparse_periodic,True,1.9423406528196252
cfg_0000101,6,dense_periodic,dense_periodic,True,0.7597326744652052
cfg_0000101,6,synchronization_bursty,synchronization_bursty,True,0.3343453148680211
cfg_0000101,7,sparse_periodic,sparse_periodic,True,1.8406771085089135
cfg_0000101,7,dense_periodic,dense_periodic,True,0.514376565116747
cfg_0000101,7,synchronization_bursty,synchronization_bursty,True,1.9076322553834677
cfg_0000101,8,sparse_periodic,sparse_periodic,True,0.7113970383548006
cfg_0000101,8,dense_periodic,dense_periodic,True,0.47837670331152876
cfg_0000101,8,synchronization_bursty,synchronization_bursty,True,0.8250226521192845
cfg_0000101,9,sparse_periodic,sparse_periodic,True,1.945517891270677
cfg_0000101,9,dense_periodic,dense_periodic,True,0.5153916406475896
cfg_0000101,9,synchronization_bursty,synchronization_bursty,True,0.3523236815204093
cfg_0000110,0,sparse_periodic,sparse_periodic,True,0.3927958060555544
cfg_0000110,0,dense_periodic,dense_periodic,True,0.2800735173984601
cfg_0000110,0,synchronization_bursty,synchronization_bursty,True,0.6680465712861118
cfg_0000110,1,sparse_periodic,sparse_periodic,True,0.08824358256253523
cfg_0000110,1,dense_periodic,dense_periodic,True,0.05775773150802349
cfg_0000110,1,synchronization_bursty,synchronization_bursty,True,2.133711918881664
cfg_0000110,2,sparse_periodic,sparse_periodic,True,0.08569700444658142
cfg_0000110,2,dense_periodic,dense_periodic,True,0.18072097562016773
cfg_0000110,2,synchronization_bursty,synchronization_bursty,True,0.2070171597153876
cfg_0000110,3,sparse_periodic,sparse_periodic,True,0.1830574988255255
cfg_0000110,3,dense_periodic,dense_periodic,True,0.35954985473361273
cfg_0000110,3,synchronization_bursty,synchronization_bursty,True,0.39925561617232813
cfg_0000110,4,sparse_periodic,sparse_periodic,True,0.4126889798000915
cfg_0000110,4,dense_periodic,dense_periodic,True,0.06924148925809877
cfg_0000110,4,synchronization_bursty,synchronization_bursty,True,1.8980354399557484
cfg_0000110,5,sparse_periodic,sparse_periodic,True,0.7106149010646676
cfg_0000110,5,dense_periodic,dense_periodic,True,0.384390423478215
cfg_0000110,5,synchronization_bursty,synchronization_bursty,True,0.7569746251615879
cfg_0000110,6,sparse_periodic,sparse_periodic,True,0.20564186694492584
cfg_0000110,6,dense_periodic,dense_periodic,True,0.0589355075812563
cfg_0000110,6,synchronization_bursty,synchronization_bursty,True,0.11565013798182701
cfg_0000110,7,sparse_periodic,sparse_periodic,True,0.3936576383480076
cfg_0000110,7,dense_periodic,dense_periodic,True,0.3783381748358247
cfg_0000110,7,synchronization_bursty,synchronization_bursty,True,2.4843494499289167
cfg_0000110,8,sparse_periodic,sparse_periodic,True,0.08395816069266006
cfg_0000110,8,dense_periodic,dense_periodic,True,0.061768820538554384
cfg_0000110,8,synchronization_bursty,synchronization_bursty,True,2.1626689619732615
cfg_0000110,9,sparse_periodic,sparse_periodic,True,0.11174187735237001
cfg_0000110,9,dense_periodic,dense_periodic,True,0.11359849224167239
cfg_0000110,9,synchronization_bursty,synchronization_bursty,True,0.2051566231931654
cfg_0000111,0,sparse_periodic,sparse_periodic,True,1.719391723490519
cfg_0000111,0,dense_periodic,dense_periodic,True,1.060094532582364
cfg_0000111,0,synchronization_bursty,synchronization_bursty,True,0.6137201685245653
cfg_0000111,1,sparse_periodic,sparse_periodic,True,0.4365634683580829
cfg_0000111,1,dense_periodic,dense_periodic,True,4.978821928899043
cfg_0000111,1,synchronization_bursty,synchronization_bursty,True,0.7988697668018023
cfg_0000111,2,sparse_periodic,sparse_periodic,True,0.42704534263428473
cfg_0000111,2,dense_periodic,dense_periodic,True,1.0917304962555923
cfg_0000111,2,synchronization_bursty,synchronization_bursty,True,0.2582106325281727
cfg_0000111,3,sparse_periodic,sparse_periodic,True,0.552393280388957
cfg_0000111,3,dense_periodic,dense_periodic,True,0.9873951636716619
cfg_0000111,3,synchronization_bursty,synchronization_bursty,True,3.3822766284360606
cfg_0000111,4,sparse_periodic,sparse_periodic,True,1.6451704972196044
cfg_0000111,4,dense_periodic,dense_periodic,True,1.173812881481922
cfg_0000111,4,synchronization_bursty,synchronization_bursty,True,1.244545021743714
cfg_0000111,5,sparse_periodic,sparse_periodic,True,2.9317637163145864
cfg_0000111,5,dense_periodic,dense_periodic,True,2.2844172364326965
cfg_0000111,5,synchronization_bursty,synchronization_bursty,True,0.7923499760959792
cfg_0000111,6,sparse_periodic,sparse_periodic,True,0.7198610587698416
cfg_0000111,6,dense_periodic,dense_periodic,True,4.97078223696332
cfg_0000111,6,synchronization_bursty,synchronization_bursty,True,0.5966042013330647
cfg_0000111,7,sparse_periodic,sparse_periodic,True,1.6692094003251068
cfg_0000111,7,dense_periodic,dense_periodic,True,2.3186787446325945
cfg_0000111,7,synchronization_bursty,synchronization_bursty,True,3.3855620998095786
cfg_0000111,8,sparse_periodic,sparse_periodic,True,0.4199891274488029
cfg_0000111,8,dense_periodic,dense_periodic,True,1.171375915103299
cfg_0000111,8,synchronization_bursty,synchronization_bursty,True,1.2312914625173428
cfg_0000111,9,sparse_periodic,sparse_periodic,True,0.45170616345584813
cfg_0000111,9,dense_periodic,dense_periodic,True,1.7854685214972168
cfg_0000111,9,synchronization_bursty,synchronization_bursty,True,0.5965112071160612
cfg_0001000,0,sparse_periodic,sparse_periodic,True,0.42700018964709885
cfg_0001000,0,dense_periodic,dense_periodic,True,0.9711745335234404
cfg_0001000,0,synchronization_bursty,synchronization_bursty,True,1.085589428302069
cfg_0001000,1,sparse_periodic,sparse_periodic,True,0.5774040839712569
cfg_0001000,1,dense_periodic,dense_periodic,True,2.1139839761956503
cfg_0001000,1,synchronization_bursty,synchronization_bursty,True,0.5015438462873039
cfg_0001000,2,sparse_periodic,sparse_periodic,True,0.498497518159883
cfg_0001000,2,dense_periodic,dense_periodic,True,1.3205510617414244
cfg_0001000,2,synchronization_bursty,synchronization_bursty,True,0.2606809048958708
cfg_0001000,3,sparse_periodic,sparse_periodic,True,0.4526875861732942
cfg_0001000,3,dense_periodic,dense_periodic,True,1.637139530373696
cfg_0001000,3,synchronization_bursty,synchronization_bursty,True,0.39060812628178343
cfg_0001000,4,sparse_periodic,sparse_periodic,True,1.5281442393052547
cfg_0001000,4,dense_periodic,dense_periodic,True,4.607517332611309
cfg_0001000,4,synchronization_bursty,synchronization_bursty,True,1.8159792485075452
cfg_0001000,5,sparse_periodic,sparse_periodic,True,0.45846003384214706
cfg_0001000,5,dense_periodic,dense_periodic,True,1.0993581763101528
cfg_0001000,5,synchronization_bursty,synchronization_bursty,True,0.9592118522072007
cfg_0001000,6,sparse_periodic,sparse_periodic,True,1.314590481372649
cfg_0001000,6,dense_periodic,dense_periodic,True,1.5616798882550595
cfg_0001000,6,synchronization_bursty,synchronization_bursty,True,0.20854641723479894
cfg_0001000,7,sparse_periodic,sparse_periodic,True,3.0148371663268323
cfg_0001000,7,dense_periodic,dense_periodic,True,2.092317491508903
cfg_0001000,7,synchronization_bursty,sparse_periodic,False,0.9849706986204515
cfg_0001000,8,sparse_periodic,sparse_periodic,True,0.45033302297315597
cfg_0001000,8,dense_periodic,dense_periodic,True,0.8470490525581573
cfg_0001000,8,synchronization_bursty,synchronization_bursty,True,1.8511320725943534
cfg_0001000,9,sparse_periodic,sparse_periodic,True,1.331939137823904
cfg_0001000,9,dense_periodic,dense_periodic,True,1.4614269902739632
cfg_0001000,9,synchronization_bursty,synchronization_bursty,True,0.28149779006234915
cfg_0001001,0,sparse_periodic,sparse_periodic,True,0.40883906327973196
cfg_0001001,0,dense_periodic,dense_periodic,True,0.3959530156648706
cfg_0001001,0,synchronization_bursty,synchronization_bursty,True,0.2528182394937911
cfg_0001001,1,sparse_periodic,sparse_periodic,True,0.4614419978803279
cfg_0001001,1,dense_periodic,dense_periodic,True,0.6012640033653744
cfg_0001001,1,synchronization_bursty,synchronization_bursty,True,0.4531596018992087
cfg_0001001,2,sparse_periodic,sparse_periodic,True,0.41052606396096536
cfg_0001001,2,dense_periodic,dense_periodic,True,0.57814460459844
cfg_0001001,2,synchronization_bursty,synchronization_bursty,True,0.22358697618939619
cfg_0001001,3,sparse_periodic,sparse_periodic,True,0.42910602874087306
cfg_0001001,3,dense_periodic,dense_periodic,True,0.4382071964333494
cfg_0001001,3,synchronization_bursty,synchronization_bursty,True,1.0786799356352959
cfg_0001001,4,sparse_periodic,sparse_periodic,True,1.0022519999910637
cfg_0001001,4,dense_periodic,dense_periodic,True,0.3968535389362633
cfg_0001001,4,synchronization_bursty,synchronization_bursty,True,0.8130616078481341
cfg_0001001,5,sparse_periodic,sparse_periodic,True,0.4377059307479341
cfg_0001001,5,dense_periodic,dense_periodic,True,0.4633921554813045
cfg_0001001,5,synchronization_bursty,synchronization_bursty,True,0.44592784863954305
cfg_0001001,6,sparse_periodic,sparse_periodic,True,0.9990609829602095
cfg_0001001,6,dense_periodic,dense_periodic,True,0.6017146437253074
cfg_0001001,6,synchronization_bursty,synchronization_bursty,True,0.25521829965715415
cfg_0001001,7,sparse_periodic,sparse_periodic,True,3.1431536040321735
cfg_0001001,7,dense_periodic,dense_periodic,True,0.5419121033701518
cfg_0001001,7,synchronization_bursty,synchronization_bursty,True,1.6491204609872652
cfg_0001001,8,sparse_periodic,sparse_periodic,True,0.3790216296381647
cfg_0001001,8,dense_periodic,dense_periodic,True,0.38315485607915906
cfg_0001001,8,synchronization_bursty,synchronization_bursty,True,0.8188771402599613
cfg_0001001,9,sparse_periodic,sparse_periodic,True,0.9970741673699427
cfg_0001001,9,dense_periodic,dense_periodic,True,0.5777674220929394
cfg_0001001,9,synchronization_bursty,synchronization_bursty,True,0.24278541064275078
cfg_0001010,0,sparse_periodic,sparse_periodic,True,0.34661342174549487
cfg_0001010,0,dense_periodic,dense_periodic,True,0.2596197122891329
cfg_0001010,0,synchronization_bursty,synchronization_bursty,True,0.5344238452101295
cfg_0001010,1,sparse_periodic,sparse_periodic,True,0.05859368388728943
cfg_0001010,1,dense_periodic,dense_periodic,True,0.03297746981055888
cfg_0001010,1,synchronization_bursty,synchronization_bursty,True,2.222230087567889
cfg_0001010,2,sparse_periodic,sparse_periodic,True,0.0552576178384595
cfg_0001010,2,dense_periodic,dense_periodic,True,0.20155978913936012
cfg_0001010,2,synchronization_bursty,synchronization_bursty,True,0.295033834809452
cfg_0001010,3,sparse_periodic,sparse_periodic,True,0.21052721461484916
cfg_0001010,3,dense_periodic,dense_periodic,True,0.3830015384168937
cfg_0001010,3,synchronization_bursty,synchronization_bursty,True,0.39249716427026976
cfg_0001010,4,sparse_periodic,sparse_periodic,True,0.44877526156023795
cfg_0001010,4,dense_periodic,dense_periodic,True,0.04980382813577636
cfg_0001010,4,synchronization_bursty,synchronization_bursty,True,1.3805250586814333
cfg_0001010,5,sparse_periodic,sparse_periodic,True,0.6664820261918405
cfg_0001010,5,dense_periodic,dense_periodic,True,0.396759977504582
cfg_0001010,5,synchronization_bursty,synchronization_bursty,True,0.6390952981840015
cfg_0001010,6,sparse_periodic,sparse_periodic,True,0.22745218913384016
cfg_0001010,6,dense_periodic,dense_periodic,True,0.03676121431196102
cfg_0001010,6,synchronization_bursty,synchronization_bursty,True,0.3035605529496693
cfg_0001010,7,sparse_periodic,sparse_periodic,True,0.3639363535591751
cfg_0001010,7,dense_periodic,dense_periodic,True,0.3907337358774979
cfg_0001010,7,synchronization_bursty,synchronization_bursty,True,0.5034412702563241
cfg_0001010,8,sparse_periodic,sparse_periodic,True,0.05021857366029098
cfg_0001010,8,dense_periodic,dense_periodic,True,0.03850416869968709
cfg_0001010,8,synchronization_bursty,synchronization_bursty,True,1.8252609915292763
cfg_0001010,9,sparse_periodic,sparse_periodic,True,0.09079315713190146
cfg_0001010,9,dense_periodic,dense_periodic,True,0.13289750309083226
cfg_0001010,9,synchronization_bursty,synchronization_bursty,True,0.2824457863648187
cfg_0001011,0,sparse_periodic,sparse_periodic,True,1.4763789609659197
cfg_0001011,0,dense_periodic,dense_periodic,True,1.1333819237893146
cfg_0001011,0,synchronization_bursty,synchronization_bursty,True,0.627914371077933
cfg_0001011,1,sparse_periodic,sparse_periodic,True,0.23744890804677132
cfg_0001011,1,dense_periodic,dense_periodic,True,5.06741677968855
cfg_0001011,1,synchronization_bursty,synchronization_bursty,True,0.7679530732661177
cfg_0001011,2,sparse_periodic,sparse_periodic,True,0.22979657513254598
cfg_0001011,2,dense_periodic,dense_periodic,True,1.1666771075898517
cfg_0001011,2,synchronization_bursty,synchronization_bursty,True,0.21806572579078984
cfg_0001011,3,sparse_periodic,sparse_periodic,True,0.8509851458076202
cfg_0001011,3,dense_periodic,dense_periodic,True,1.067531240815302
cfg_0001011,3,synchronization_bursty,synchronization_bursty,True,3.448633907160248
cfg_0001011,4,sparse_periodic,sparse_periodic,True,2.0738663146361764
cfg_0001011,4,dense_periodic,dense_periodic,True,1.2137769813441917
cfg_0001011,4,synchronization_bursty,synchronization_bursty,True,1.155609449000622
cfg_0001011,5,sparse_periodic,sparse_periodic,True,2.73053017263809
cfg_0001011,5,dense_periodic,dense_periodic,True,2.508617923207313
cfg_0001011,5,synchronization_bursty,synchronization_bursty,True,0.7593011223093297
cfg_0001011,6,sparse_periodic,sparse_periodic,True,0.9407505389567615
cfg_0001011,6,dense_periodic,dense_periodic,True,5.057795820313968
cfg_0001011,6,synchronization_bursty,synchronization_bursty,True,0.6145330463133382
cfg_0001011,7,sparse_periodic,sparse_periodic,True,1.5076688276833548
cfg_0001011,7,dense_periodic,dense_periodic,True,2.549625232841025
cfg_0001011,7,synchronization_bursty,synchronization_bursty,True,3.451932597542133
cfg_0001011,8,sparse_periodic,sparse_periodic,True,0.22484962395203398
cfg_0001011,8,dense_periodic,dense_periodic,True,1.2086429388202493
cfg_0001011,8,synchronization_bursty,synchronization_bursty,True,1.1436244376395066
cfg_0001011,9,sparse_periodic,sparse_periodic,True,0.27323966502363983
cfg_0001011,9,dense_periodic,dense_periodic,True,1.9476617098276086
cfg_0001011,9,synchronization_bursty,synchronization_bursty,True,0.6147590882687384
cfg_0001100,0,sparse_periodic,sparse_periodic,True,0.42700018964709885
cfg_0001100,0,dense_periodic,dense_periodic,True,0.9711745335234404
cfg_0001100,0,synchronization_bursty,synchronization_bursty,True,1.085589428302069
cfg_0001100,1,sparse_periodic,sparse_periodic,True,0.5774040839712569
cfg_0001100,1,dense_periodic,dense_periodic,True,2.1139839761956503
cfg_0001100,1,synchronization_bursty,synchronization_bursty,True,0.5015438462873039
cfg_0001100,2,sparse_periodic,sparse_periodic,True,0.498497518159883
cfg_0001100,2,dense_periodic,dense_periodic,True,1.3205510617414244
cfg_0001100,2,synchronization_bursty,synchronization_bursty,True,0.2606809048958708
cfg_0001100,3,sparse_periodic,sparse_periodic,True,0.4526875861732942
cfg_0001100,3,dense_periodic,dense_periodic,True,1.637139530373696
cfg_0001100,3,synchronization_bursty,synchronization_bursty,True,0.39060812628178343
cfg_0001100,4,sparse_periodic,sparse_periodic,True,1.5281442393052547
cfg_0001100,4,dense_periodic,dense_periodic,True,4.607517332611309
cfg_0001100,4,synchronization_bursty,synchronization_bursty,True,1.8159792485075452
cfg_0001100,5,sparse_periodic,sparse_periodic,True,0.45846003384214706
cfg_0001100,5,dense_periodic,dense_periodic,True,1.0993581763101528
cfg_0001100,5,synchronization_bursty,synchronization_bursty,True,0.9592118522072007
cfg_0001100,6,sparse_periodic,sparse_periodic,True,1.314590481372649
cfg_0001100,6,dense_periodic,dense_periodic,True,1.5616798882550595
cfg_0001100,6,synchronization_bursty,synchronization_bursty,True,0.20854641723479894
cfg_0001100,7,sparse_periodic,sparse_periodic,True,3.0148371663268323
cfg_0001100,7,dense_periodic,dense_periodic,True,2.092317491508903
cfg_0001100,7,synchronization_bursty,sparse_periodic,False,0.9849706986204515
cfg_0001100,8,sparse_periodic,sparse_periodic,True,0.45033302297315597
cfg_0001100,8,dense_periodic,dense_periodic,True,0.8470490525581573
cfg_0001100,8,synchronization_bursty,synchronization_bursty,True,1.8511320725943534
cfg_0001100,9,sparse_periodic,sparse_periodic,True,1.331939137823904
cfg_0001100,9,dense_periodic,dense_periodic,True,1.4614269902739632
cfg_0001100,9,synchronization_bursty,synchronization_bursty,True,0.28149779006234915
cfg_0001101,0,sparse_periodic,sparse_periodic,True,0.40883906327973196
cfg_0001101,0,dense_periodic,dense_periodic,True,0.3959530156648706
cfg_0001101,0,synchronization_bursty,synchronization_bursty,True,0.2528182394937911
cfg_0001101,1,sparse_periodic,sparse_periodic,True,0.4614419978803279
cfg_0001101,1,dense_periodic,dense_periodic,True,0.6012640033653744
cfg_0001101,1,synchronization_bursty,synchronization_bursty,True,0.4531596018992087
cfg_0001101,2,sparse_periodic,sparse_periodic,True,0.41052606396096536
cfg_0001101,2,dense_periodic,dense_periodic,True,0.57814460459844
cfg_0001101,2,synchronization_bursty,synchronization_bursty,True,0.22358697618939619
cfg_0001101,3,sparse_periodic,sparse_periodic,True,0.42910602874087306
cfg_0001101,3,dense_periodic,dense_periodic,True,0.4382071964333494
cfg_0001101,3,synchronization_bursty,synchronization_bursty,True,1.0786799356352959
cfg_0001101,4,sparse_periodic,sparse_periodic,True,1.0022519999910637
cfg_0001101,4,dense_periodic,dense_periodic,True,0.3968535389362633
cfg_0001101,4,synchronization_bursty,synchronization_bursty,True,0.8130616078481341
cfg_0001101,5,sparse_periodic,sparse_periodic,True,0.4377059307479341
cfg_0001101,5,dense_periodic,dense_periodic,True,0.4633921554813045
cfg_0001101,5,synchronization_bursty,synchronization_bursty,True,0.44592784863954305
cfg_0001101,6,sparse_periodic,sparse_periodic,True,0.9990609829602095
cfg_0001101,6,dense_periodic,dense_periodic,True,0.6017146437253074
cfg_0001101,6,synchronization_bursty,synchronization_bursty,True,0.25521829965715415
cfg_0001101,7,sparse_periodic,sparse_periodic,True,3.1431536040321735
cfg_0001101,7,dense_periodic,dense_periodic,True,0.5419121033701518
cfg_0001101,7,synchronization_bursty,synchronization_bursty,True,1.6491204609872652
cfg_0001101,8,sparse_periodic,sparse_periodic,True,0.3790216296381647
cfg_0001101,8,dense_periodic,dense_periodic,True,0.38315485607915906
cfg_0001101,8,synchronization_bursty,synchronization_bursty,True,0.8188771402599613
cfg_0001101,9,sparse_periodic,sparse_periodic,True,0.9970741673699427
cfg_0001101,9,dense_periodic,dense_periodic,True,0.5777674220929394
cfg_0001101,9,synchronization_bursty,synchronization_bursty,True,0.24278541064275078
cfg_0001110,0,sparse_periodic,sparse_periodic,True,0.34661342174549487
cfg_0001110,0,dense_periodic,dense_periodic,True,0.2596197122891329
cfg_0001110,0,synchronization_bursty,synchronization_bursty,True,0.5344238452101295
cfg_0001110,1,sparse_periodic,sparse_periodic,True,0.05859368388728943
cfg_0001110,1,dense_periodic,dense_periodic,True,0.03297746981055888
cfg_0001110,1,synchronization_bursty,synchronization_bursty,True,2.222230087567889
cfg_0001110,2,sparse_periodic,sparse_periodic,True,0.0552576178384595
cfg_0001110,2,dense_periodic,dense_periodic,True,0.20155978913936012
cfg_0001110,2,synchronization_bursty,synchronization_bursty,True,0.295033834809452
cfg_0001110,3,sparse_periodic,sparse_periodic,True,0.21052721461484916
cfg_0001110,3,dense_periodic,dense_periodic,True,0.3830015384168937
cfg_0001110,3,synchronization_bursty,synchronization_bursty,True,0.39249716427026976
cfg_0001110,4,sparse_periodic,sparse_periodic,True,0.44877526156023795
cfg_0001110,4,dense_periodic,dense_periodic,True,0.04980382813577636
cfg_0001110,4,synchronization_bursty,synchronization_bursty,True,1.3805250586814333
cfg_0001110,5,sparse_periodic,sparse_periodic,True,0.6664820261918405
cfg_0001110,5,dense_periodic,dense_periodic,True,0.396759977504582
cfg_0001110,5,synchronization_bursty,synchronization_bursty,True,0.6390952981840015
cfg_0001110,6,sparse_periodic,sparse_periodic,True,0.22745218913384016
cfg_0001110,6,dense_periodic,dense_periodic,True,0.03676121431196102
cfg_0001110,6,synchronization_bursty,synchronization_bursty,True,0.3035605529496693
cfg_0001110,7,sparse_periodic,sparse_periodic,True,0.3639363535591751
cfg_0001110,7,dense_periodic,dense_periodic,True,0.3907337358774979
cfg_0001110,7,synchronization_bursty,synchronization_bursty,True,0.5034412702563241
cfg_0001110,8,sparse_periodic,sparse_periodic,True,0.05021857366029098
cfg_0001110,8,dense_periodic,dense_periodic,True,0.03850416869968709
cfg_0001110,8,synchronization_bursty,synchronization_bursty,True,1.8252609915292763
cfg_0001110,9,sparse_periodic,sparse_periodic,True,0.09079315713190146
cfg_0001110,9,dense_periodic,dense_periodic,True,0.13289750309083226
cfg_0001110,9,synchronization_bursty,synchronization_bursty,True,0.2824457863648187
cfg_0001111,0,sparse_periodic,sparse_periodic,True,1.4763789609659197
cfg_0001111,0,dense_periodic,dense_periodic,True,1.1333819237893146
cfg_0001111,0,synchronization_bursty,synchronization_bursty,True,0.627914371077933
cfg_0001111,1,sparse_periodic,sparse_periodic,True,0.23744890804677132
cfg_0001111,1,dense_periodic,dense_periodic,True,5.06741677968855
cfg_0001111,1,synchronization_bursty,synchronization_bursty,True,0.7679530732661177
cfg_0001111,2,sparse_periodic,sparse_periodic,True,0.22979657513254598
cfg_0001111,2,dense_periodic,dense_periodic,True,1.1666771075898517
cfg_0001111,2,synchronization_bursty,synchronization_bursty,True,0.21806572579078984
cfg_0001111,3,sparse_periodic,sparse_periodic,True,0.8509851458076202
cfg_0001111,3,dense_periodic,dense_periodic,True,1.067531240815302
cfg_0001111,3,synchronization_bursty,synchronization_bursty,True,3.448633907160248
cfg_0001111,4,sparse_periodic,sparse_periodic,True,2.0738663146361764
cfg_0001111,4,dense_periodic,dense_periodic,True,1.2137769813441917
cfg_0001111,4,synchronization_bursty,synchronization_bursty,True,1.155609449000622
cfg_0001111,5,sparse_periodic,sparse_periodic,True,2.73053017263809
cfg_0001111,5,dense_periodic,dense_periodic,True,2.508617923207313
cfg_0001111,5,synchronization_bursty,synchronization_bursty,True,0.7593011223093297
cfg_0001111,6,sparse_periodic,sparse_periodic,True,0.9407505389567615
cfg_0001111,6,dense_periodic,dense_periodic,True,5.057795820313968
cfg_0001111,6,synchronization_bursty,synchronization_bursty,True,0.6145330463133382
cfg_0001111,7,sparse_periodic,sparse_periodic,True,1.5076688276833548
cfg_0001111,7,dense_periodic,dense_periodic,True,2.549625232841025
cfg_0001111,7,synchronization_bursty,synchronization_bursty,True,3.451932597542133
cfg_0001111,8,sparse_periodic,sparse_periodic,True,0.22484962395203398
cfg_0001111,8,dense_periodic,dense_periodic,True,1.2086429388202493
cfg_0001111,8,synchronization_bursty,synchronization_bursty,True,1.1436244376395066
cfg_0001111,9,sparse_periodic,sparse_periodic,True,0.27323966502363983
cfg_0001111,9,dense_periodic,dense_periodic,True,1.9476617098276086
cfg_0001111,9,synchronization_bursty,synchronization_bursty,True,0.6147590882687384
cfg_0010000,0,sparse_periodic,sparse_periodic,True,0.49797346873225945
cfg_0010000,0,dense_periodic,dense_periodic,True,0.22533238900204913
cfg_0010000,0,synchronization_bursty,synchronization_bursty,True,0.5513464610745481
cfg_0010000,1,sparse_periodic,sparse_periodic,True,0.5491604013918407
cfg_0010000,1,dense_periodic,dense_periodic,True,0.03006923083170254
cfg_0010000,1,synchronization_bursty,synchronization_bursty,True,0.6669980604360846
cfg_0010000,2,sparse_periodic,sparse_periodic,True,0.5321832020922193
cfg_0010000,2,dense_periodic,dense_periodic,True,0.17585504117252837
cfg_0010000,2,synchronization_bursty,synchronization_bursty,True,0.27099812443954513
cfg_0010000,3,sparse_periodic,sparse_periodic,True,0.5193932890296787
cfg_0010000,3,dense_periodic,dense_periodic,True,0.3342276043137016
cfg_0010000,3,synchronization_bursty,synchronization_bursty,True,0.6088888413989791
cfg_0010000,4,sparse_periodic,sparse_periodic,True,2.396863085939785
cfg_0010000,4,dense_periodic,dense_periodic,True,0.04223571112515501
cfg_0010000,4,synchronization_bursty,synchronization_bursty,True,1.0522781384969266
cfg_0010000,5,sparse_periodic,sparse_periodic,True,0.5233445125332987
cfg_0010000,5,dense_periodic,dense_periodic,True,0.34398590649897903
cfg_0010000,5,synchronization_bursty,synchronization_bursty,True,0.6020330755813914
cfg_0010000,6,sparse_periodic,sparse_periodic,True,0.7959965231645094
cfg_0010000,6,dense_periodic,dense_periodic,True,0.031684583686687064
cfg_0010000,6,synchronization_bursty,synchronization_bursty,True,0.2596912519605779
cfg_0010000,7,sparse_periodic,sparse_periodic,True,2.3686490355226
cfg_0010000,7,dense_periodic,dense_periodic,True,0.33952464264698695
cfg_0010000,7,synchronization_bursty,synchronization_bursty,True,0.43655181294019135
cfg_0010000,8,sparse_periodic,sparse_periodic,True,0.5097065578267965
cfg_0010000,8,dense_periodic,dense_periodic,True,0.03289774644911497
cfg_0010000,8,synchronization_bursty,synchronization_bursty,True,1.5404137321518252
cfg_0010000,9,sparse_periodic,sparse_periodic,True,0.9463672268345327
cfg_0010000,9,dense_periodic,dense_periodic,True,0.11554068831413264
cfg_0010000,9,synchronization_bursty,sparse_periodic,False,0.6308772780494821
cfg_0010001,0,sparse_periodic,sparse_periodic,True,0.493533517736054
cfg_0010001,0,dense_periodic,dense_periodic,True,0.28409639135512565
cfg_0010001,0,synchronization_bursty,synchronization_bursty,True,0.23761177983977044
cfg_0010001,1,sparse_periodic,sparse_periodic,True,0.5389237690014083
cfg_0010001,1,dense_periodic,dense_periodic,True,0.623306745653814
cfg_0010001,1,synchronization_bursty,synchronization_bursty,True,0.44124392242644883
cfg_0010001,2,sparse_periodic,sparse_periodic,True,0.526016935785481
cfg_0010001,2,dense_periodic,dense_periodic,True,0.5988719568812402
cfg_0010001,2,synchronization_bursty,synchronization_bursty,True,0.2410436665016835
cfg_0010001,3,sparse_periodic,sparse_periodic,True,0.5119383636867112
cfg_0010001,3,dense_periodic,dense_periodic,True,0.3407600947100075
cfg_0010001,3,synchronization_bursty,synchronization_bursty,True,1.1121694641671
cfg_0010001,4,sparse_periodic,sparse_periodic,True,2.351325601040567
cfg_0010001,4,dense_periodic,dense_periodic,True,0.2990446285458812
cfg_0010001,4,synchronization_bursty,synchronization_bursty,True,0.8808535738629116
cfg_0010001,5,sparse_periodic,sparse_periodic,True,0.5207799525185053
cfg_0010001,5,dense_periodic,dense_periodic,True,0.3621151248365993
cfg_0010001,5,synchronization_bursty,synchronization_bursty,True,0.4524522486710108
cfg_0010001,6,sparse_periodic,sparse_periodic,True,0.8082354126802178
cfg_0010001,6,dense_periodic,dense_periodic,True,0.6232808064744912
cfg_0010001,6,synchronization_bursty,synchronization_bursty,True,0.24691546504438053
cfg_0010001,7,sparse_periodic,sparse_periodic,True,2.364301343537515
cfg_0010001,7,dense_periodic,dense_periodic,True,0.3910479275259271
cfg_0010001,7,synchronization_bursty,synchronization_bursty,True,1.7284121794928162
cfg_0010001,8,sparse_periodic,sparse_periodic,True,0.49884038281052656
cfg_0010001,8,dense_periodic,dense_periodic,True,0.2595749665456802
cfg_0010001,8,synchronization_bursty,synchronization_bursty,True,0.8871707976643977
cfg_0010001,9,sparse_periodic,sparse_periodic,True,0.9684515537464319
cfg_0010001,9,dense_periodic,dense_periodic,True,0.3311783410799756
cfg_0010001,9,synchronization_bursty,synchronization_bursty,True,0.22002960045897238
cfg_0010010,0,sparse_periodic,sparse_periodic,True,0.33970277811640687
cfg_0010010,0,dense_periodic,dense_periodic,True,0.258818804515882
cfg_0010010,0,synchronization_bursty,synchronization_bursty,True,1.8315397079158862
cfg_0010010,1,sparse_periodic,sparse_periodic,True,0.06573063006892313
cfg_0010010,1,dense_periodic,dense_periodic,True,0.03326609282501119
cfg_0010010,1,synchronization_bursty,synchronization_bursty,True,1.8781314052388371
cfg_0010010,2,sparse_periodic,sparse_periodic,True,0.06272048037116917
cfg_0010010,2,dense_periodic,dense_periodic,True,0.20158358908615703
cfg_0010010,2,synchronization_bursty,synchronization_bursty,True,0.8175304841372427
cfg_0010010,3,sparse_periodic,sparse_periodic,True,0.21690979579335565
cfg_0010010,3,dense_periodic,dense_periodic,True,0.38323986831843654
cfg_0010010,3,synchronization_bursty,synchronization_bursty,True,0.8206325373994765
cfg_0010010,4,sparse_periodic,sparse_periodic,True,0.38979215143067264
cfg_0010010,4,dense_periodic,dense_periodic,True,0.049355601699188595
cfg_0010010,4,synchronization_bursty,synchronization_bursty,True,1.6008661043768797
cfg_0010010,5,sparse_periodic,sparse_periodic,True,0.6614856207894316
cfg_0010010,5,dense_periodic,dense_periodic,True,0.3961716797398991
cfg_0010010,5,synchronization_bursty,synchronization_bursty,True,0.9794157759275715
cfg_0010010,6,sparse_periodic,sparse_periodic,True,0.22146391855673583
cfg_0010010,6,dense_periodic,dense_periodic,True,0.036996771415912656
cfg_0010010,6,synchronization_bursty,synchronization_bursty,True,0.8197363096698718
cfg_0010010,7,sparse_periodic,sparse_periodic,True,0.3701191988434614
cfg_0010010,7,dense_periodic,dense_periodic,True,0.39017073652134276
cfg_0010010,7,synchronization_bursty,synchronization_bursty,True,0.9343433073086714
cfg_0010010,8,sparse_periodic,sparse_periodic,True,0.05855746429721394
cfg_0010010,8,dense_periodic,dense_periodic,True,0.0382118760052618
cfg_0010010,8,synchronization_bursty,synchronization_bursty,True,1.7169688540597428
cfg_0010010,9,sparse_periodic,sparse_periodic,True,0.09530824997111284
cfg_0010010,9,dense_periodic,dense_periodic,True,0.13274854757761226
cfg_0010010,9,synchronization_bursty,synchronization_bursty,True,1.7917131519339484
cfg_0010011,0,sparse_periodic,sparse_periodic,True,1.456036735613051
cfg_0010011,0,dense_periodic,dense_periodic,True,1.1443764394270415
cfg_0010011,0,synchronization_bursty,synchronization_bursty,True,0.6321074085638453
cfg_0010011,1,sparse_periodic,sparse_periodic,True,0.29801071312741156
cfg_0010011,1,dense_periodic,dense_periodic,True,5.083277128230736
cfg_0010011,1,synchronization_bursty,synchronization_bursty,True,0.7682999209992849
cfg_0010011,2,sparse_periodic,sparse_periodic,True,0.2891290887160821
cfg_0010011,2,dense_periodic,dense_periodic,True,1.178335650834213
cfg_0010011,2,synchronization_bursty,synchronization_bursty,True,0.21731871325918445
cfg_0010011,3,sparse_periodic,sparse_periodic,True,0.922114342399733
cfg_0010011,3,dense_periodic,dense_periodic,True,1.0789995841512563
cfg_0010011,3,synchronization_bursty,synchronization_bursty,True,3.4746462378616134
cfg_0010011,4,sparse_periodic,sparse_periodic,True,1.5807425173795902
cfg_0010011,4,dense_periodic,dense_periodic,True,1.219975545603804
cfg_0010011,4,synchronization_bursty,synchronization_bursty,True,1.154411112297933
cfg_0010011,5,sparse_periodic,sparse_periodic,True,2.734361559233825
cfg_0010011,5,dense_periodic,dense_periodic,True,2.549056559734998
cfg_0010011,5,synchronization_bursty,synchronization_bursty,True,0.7505020488964077
cfg_0010011,6,sparse_periodic,sparse_periodic,True,0.9091151606378717
cfg_0010011,6,dense_periodic,dense_periodic,True,5.072526688764329
cfg_0010011,6,synchronization_bursty,synchronization_bursty,True,0.6202567253942349
cfg_0010011,7,sparse_periodic,sparse_periodic,True,1.5957052364197537
cfg_0010011,7,dense_periodic,dense_periodic,True,2.5931927161762136
cfg_0010011,7,synchronization_bursty,synchronization_bursty,True,3.4730818125720813
cfg_0010011,8,sparse_periodic,sparse_periodic,True,0.28485086551148764
cfg_0010011,8,dense_periodic,dense_periodic,True,1.2164795600421947
cfg_0010011,8,synchronization_bursty,synchronization_bursty,True,1.142879569887718
cfg_0010011,9,sparse_periodic,sparse_periodic,True,0.3244519523639257
cfg_0010011,9,dense_periodic,dense_periodic,True,1.977609683514668
cfg_0010011,9,synchronization_bursty,synchronization_bursty,True,0.6206208381822007
cfg_0010100,0,sparse_periodic,sparse_periodic,True,0.49797346873225945
cfg_0010100,0,dense_periodic,dense_periodic,True,0.22533238900204913
cfg_0010100,0,synchronization_bursty,synchronization_bursty,True,0.5513464610745481
cfg_0010100,1,sparse_periodic,sparse_periodic,True,0.5491604013918407
cfg_0010100,1,dense_periodic,dense_periodic,True,0.03006923083170254
cfg_0010100,1,synchronization_bursty,synchronization_bursty,True,0.6669980604360846
cfg_0010100,2,sparse_periodic,sparse_periodic,True,0.5321832020922193
cfg_0010100,2,dense_periodic,dense_periodic,True,0.17585504117252837
cfg_0010100,2,synchronization_bursty,synchronization_bursty,True,0.27099812443954513
cfg_0010100,3,sparse_periodic,sparse_periodic,True,0.5193932890296787
cfg_0010100,3,dense_periodic,dense_periodic,True,0.3342276043137016
cfg_0010100,3,synchronization_bursty,synchronization_bursty,True,0.6088888413989791
cfg_0010100,4,sparse_periodic,sparse_periodic,True,2.396863085939785
cfg_0010100,4,dense_periodic,dense_periodic,True,0.04223571112515501
cfg_0010100,4,synchronization_bursty,synchronization_bursty,True,1.0522781384969266
cfg_0010100,5,sparse_periodic,sparse_periodic,True,0.5233445125332987
cfg_0010100,5,dense_periodic,dense_periodic,True,0.34398590649897903
cfg_0010100,5,synchronization_bursty,synchronization_bursty,True,0.6020330755813914
cfg_0010100,6,sparse_periodic,sparse_periodic,True,0.7959965231645094
cfg_0010100,6,dense_periodic,dense_periodic,True,0.031684583686687064
cfg_0010100,6,synchronization_bursty,synchronization_bursty,True,0.2596912519605779
cfg_0010100,7,sparse_periodic,sparse_periodic,True,2.3686490355226
cfg_0010100,7,dense_periodic,dense_periodic,True,0.33952464264698695
cfg_0010100,7,synchronization_bursty,synchronization_bursty,True,0.43655181294019135
cfg_0010100,8,sparse_periodic,sparse_periodic,True,0.5097065578267965
cfg_0010100,8,dense_periodic,dense_periodic,True,0.03289774644911497
cfg_0010100,8,synchronization_bursty,synchronization_bursty,True,1.5404137321518252
cfg_0010100,9,sparse_periodic,sparse_periodic,True,0.9463672268345327
cfg_0010100,9,dense_periodic,dense_periodic,True,0.11554068831413264
cfg_0010100,9,synchronization_bursty,sparse_periodic,False,0.6308772780494821
cfg_0010101,0,sparse_periodic,sparse_periodic,True,0.493533517736054
cfg_0010101,0,dense_periodic,dense_periodic,True,0.28409639135512565
cfg_0010101,0,synchronization_bursty,synchronization_bursty,True,0.23761177983977044
cfg_0010101,1,sparse_periodic,sparse_periodic,True,0.5389237690014083
cfg_0010101,1,dense_periodic,dense_periodic,True,0.623306745653814
cfg_0010101,1,synchronization_bursty,synchronization_bursty,True,0.44124392242644883
cfg_0010101,2,sparse_periodic,sparse_periodic,True,0.526016935785481
cfg_0010101,2,dense_periodic,dense_periodic,True,0.5988719568812402
cfg_0010101,2,synchronization_bursty,synchronization_bursty,True,0.2410436665016835
cfg_0010101,3,sparse_periodic,sparse_periodic,True,0.5119383636867112
cfg_0010101,3,dense_periodic,dense_periodic,True,0.3407600947100075
cfg_0010101,3,synchronization_bursty,synchronization_bursty,True,1.1121694641671
cfg_0010101,4,sparse_periodic,sparse_periodic,True,2.351325601040567
cfg_0010101,4,dense_periodic,dense_periodic,True,0.2990446285458812
cfg_0010101,4,synchronization_bursty,synchronization_bursty,True,0.8808535738629116
cfg_0010101,5,sparse_periodic,sparse_periodic,True,0.5207799525185053
cfg_0010101,5,dense_periodic,dense_periodic,True,0.3621151248365993
cfg_0010101,5,synchronization_bursty,synchronization_bursty,True,0.4524522486710108
cfg_0010101,6,sparse_periodic,sparse_periodic,True,0.8082354126802178
cfg_0010101,6,dense_periodic,dense_periodic,True,0.6232808064744912
cfg_0010101,6,synchronization_bursty,synchronization_bursty,True,0.24691546504438053
cfg_0010101,7,sparse_periodic,sparse_periodic,True,2.364301343537515
cfg_0010101,7,dense_periodic,dense_periodic,True,0.3910479275259271
cfg_0010101,7,synchronization_bursty,synchronization_bursty,True,1.7284121794928162
cfg_0010101,8,sparse_periodic,sparse_periodic,True,0.49884038281052656
cfg_0010101,8,dense_periodic,dense_periodic,True,0.2595749665456802
cfg_0010101,8,synchronization_bursty,synchronization_bursty,True,0.8871707976643977
cfg_0010101,9,sparse_periodic,sparse_periodic,True,0.9684515537464319
cfg_0010101,9,dense_periodic,dense_periodic,True,0.3311783410799756
cfg_0010101,9,synchronization_bursty,synchronization_bursty,True,0.22002960045897238
cfg_0010110,0,sparse_periodic,sparse_periodic,True,0.33970277811640687
cfg_0010110,0,dense_periodic,dense_periodic,True,0.258818804515882
cfg_0010110,0,synchronization_bursty,synchronization_bursty,True,1.8315397079158862
cfg_0010110,1,sparse_periodic,sparse_periodic,True,0.06573063006892313
cfg_0010110,1,dense_periodic,dense_periodic,True,0.03326609282501119
cfg_0010110,1,synchronization_bursty,synchronization_bursty,True,1.8781314052388371
cfg_0010110,2,sparse_periodic,sparse_periodic,True,0.06272048037116917
cfg_0010110,2,dense_periodic,dense_periodic,True,0.20158358908615703
cfg_0010110,2,synchronization_bursty,synchronization_bursty,True,0.8175304841372427
cfg_0010110,3,sparse_periodic,sparse_periodic,True,0.21690979579335565
cfg_0010110,3,dense_periodic,dense_periodic,True,0.38323986831843654
cfg_0010110,3,synchronization_bursty,synchronization_bursty,True,0.8206325373994765
cfg_0010110,4,sparse_periodic,sparse_periodic,True,0.38979215143067264
cfg_0010110,4,dense_periodic,dense_periodic,True,0.049355601699188595
cfg_0010110,4,synchronization_bursty,synchronization_bursty,True,1.6008661043768797
cfg_0010110,5,sparse_periodic,sparse_periodic,True,0.6614856207894316
cfg_0010110,5,dense_periodic,dense_periodic,True,0.3961716797398991
cfg_0010110,5,synchronization_bursty,synchronization_bursty,True,0.9794157759275715
cfg_0010110,6,sparse_periodic,sparse_periodic,True,0.22146391855673583
cfg_0010110,6,dense_periodic,dense_periodic,True,0.036996771415912656
cfg_0010110,6,synchronization_bursty,synchronization_bursty,True,0.8197363096698718
cfg_0010110,7,sparse_periodic,sparse_periodic,True,0.3701191988434614
cfg_0010110,7,dense_periodic,dense_periodic,True,0.39017073652134276
cfg_0010110,7,synchronization_bursty,synchronization_bursty,True,0.9343433073086714
cfg_0010110,8,sparse_periodic,sparse_periodic,True,0.05855746429721394
cfg_0010110,8,dense_periodic,dense_periodic,True,0.0382118760052618
cfg_0010110,8,synchronization_bursty,synchronization_bursty,True,1.7169688540597428
cfg_0010110,9,sparse_periodic,sparse_periodic,True,0.09530824997111284
cfg_0010110,9,dense_periodic,dense_periodic,True,0.13274854757761226
cfg_0010110,9,synchronization_bursty,synchronization_bursty,True,1.7917131519339484
cfg_0010111,0,sparse_periodic,sparse_periodic,True,1.456036735613051
cfg_0010111,0,dense_periodic,dense_periodic,True,1.1443764394270415
cfg_0010111,0,synchronization_bursty,synchronization_bursty,True,0.6321074085638453
cfg_0010111,1,sparse_periodic,sparse_periodic,True,0.29801071312741156
cfg_0010111,1,dense_periodic,dense_periodic,True,5.083277128230736
cfg_0010111,1,synchronization_bursty,synchronization_bursty,True,0.7682999209992849
cfg_0010111,2,sparse_periodic,sparse_periodic,True,0.2891290887160821
cfg_0010111,2,dense_periodic,dense_periodic,True,1.178335650834213
cfg_0010111,2,synchronization_bursty,synchronization_bursty,True,0.21731871325918445
cfg_0010111,3,sparse_periodic,sparse_periodic,True,0.922114342399733
cfg_0010111,3,dense_periodic,dense_periodic,True,1.0789995841512563
cfg_0010111,3,synchronization_bursty,synchronization_bursty,True,3.4746462378616134
cfg_0010111,4,sparse_periodic,sparse_periodic,True,1.5807425173795902
cfg_0010111,4,dense_periodic,dense_periodic,True,1.219975545603804
cfg_0010111,4,synchronization_bursty,synchronization_bursty,True,1.154411112297933
cfg_0010111,5,sparse_periodic,sparse_periodic,True,2.734361559233825
cfg_0010111,5,dense_periodic,dense_periodic,True,2.549056559734998
cfg_0010111,5,synchronization_bursty,synchronization_bursty,True,0.7505020488964077
cfg_0010111,6,sparse_periodic,sparse_periodic,True,0.9091151606378717
cfg_0010111,6,dense_periodic,dense_periodic,True,5.072526688764329
cfg_0010111,6,synchronization_bursty,synchronization_bursty,True,0.6202567253942349
cfg_0010111,7,sparse_periodic,sparse_periodic,True,1.5957052364197537
cfg_0010111,7,dense_periodic,dense_periodic,True,2.5931927161762136
cfg_0010111,7,synchronization_bursty,synchronization_bursty,True,3.4730818125720813
cfg_0010111,8,sparse_periodic,sparse_periodic,True,0.28485086551148764
cfg_0010111,8,dense_periodic,dense_periodic,True,1.2164795600421947
cfg_0010111,8,synchronization_bursty,synchronization_bursty,True,1.142879569887718
cfg_0010111,9,sparse_periodic,sparse_periodic,True,0.3244519523639257
cfg_0010111,9,dense_periodic,dense_periodic,True,1.977609683514668
cfg_0010111,9,synchronization_bursty,synchronization_bursty,True,0.6206208381822007
cfg_0011000,0,sparse_periodic,sparse_periodic,True,0.49797346873225945
cfg_0011000,0,dense_periodic,dense_periodic,True,0.22533238900204913
cfg_0011000,0,synchronization_bursty,synchronization_bursty,True,0.5513464610745481
cfg_0011000,1,sparse_periodic,sparse_periodic,True,0.5491604013918407
cfg_0011000,1,dense_periodic,dense_periodic,True,0.03006923083170254
cfg_0011000,1,synchronization_bursty,synchronization_bursty,True,0.6669980604360846
cfg_0011000,2,sparse_periodic,sparse_periodic,True,0.5321832020922193
cfg_0011000,2,dense_periodic,dense_periodic,True,0.17585504117252837
cfg_0011000,2,synchronization_bursty,synchronization_bursty,True,0.27099812443954513
cfg_0011000,3,sparse_periodic,sparse_periodic,True,0.5193932890296787
cfg_0011000,3,dense_periodic,dense_periodic,True,0.3342276043137016
cfg_0011000,3,synchronization_bursty,synchronization_bursty,True,0.6088888413989791
cfg_0011000,4,sparse_periodic,sparse_periodic,True,2.396863085939785
cfg_0011000,4,dense_periodic,dense_periodic,True,0.04223571112515501
cfg_0011000,4,synchronization_bursty,synchronization_bursty,True,1.0522781384969266
cfg_0011000,5,sparse_periodic,sparse_periodic,True,0.5233445125332987
cfg_0011000,5,dense_periodic,dense_periodic,True,0.34398590649897903
cfg_0011000,5,synchronization_bursty,synchronization_bursty,True,0.6020330755813914
cfg_0011000,6,sparse_periodic,sparse_periodic,True,0.7959965231645094
cfg_0011000,6,dense_periodic,dense_periodic,True,0.031684583686687064
cfg_0011000,6,synchronization_bursty,synchronization_bursty,True,0.2596912519605779
cfg_0011000,7,sparse_periodic,sparse_periodic,True,2.3686490355226
cfg_0011000,7,dense_periodic,dense_periodic,True,0.33952464264698695
cfg_0011000,7,synchronization_bursty,synchronization_bursty,True,0.43655181294019135
cfg_0011000,8,sparse_periodic,sparse_periodic,True,0.5097065578267965
cfg_0011000,8,dense_periodic,dense_periodic,True,0.03289774644911497
cfg_0011000,8,synchronization_bursty,synchronization_bursty,True,1.5404137321518252
cfg_0011000,9,sparse_periodic,sparse_periodic,True,0.9463672268345327
cfg_0011000,9,dense_periodic,dense_periodic,True,0.11554068831413264
cfg_0011000,9,synchronization_bursty,sparse_periodic,False,0.6308772780494821
cfg_0011001,0,sparse_periodic,sparse_periodic,True,0.493533517736054
cfg_0011001,0,dense_periodic,dense_periodic,True,0.28409639135512565
cfg_0011001,0,synchronization_bursty,synchronization_bursty,True,0.23761177983977044
cfg_0011001,1,sparse_periodic,sparse_periodic,True,0.5389237690014083
cfg_0011001,1,dense_periodic,dense_periodic,True,0.623306745653814
cfg_0011001,1,synchronization_bursty,synchronization_bursty,True,0.44124392242644883
cfg_0011001,2,sparse_periodic,sparse_periodic,True,0.526016935785481
cfg_0011001,2,dense_periodic,dense_periodic,True,0.5988719568812402
cfg_0011001,2,synchronization_bursty,synchronization_bursty,True,0.2410436665016835
cfg_0011001,3,sparse_periodic,sparse_periodic,True,0.5119383636867112
cfg_0011001,3,dense_periodic,dense_periodic,True,0.3407600947100075
cfg_0011001,3,synchronization_bursty,synchronization_bursty,True,1.1121694641671
cfg_0011001,4,sparse_periodic,sparse_periodic,True,2.351325601040567
cfg_0011001,4,dense_periodic,dense_periodic,True,0.2990446285458812
cfg_0011001,4,synchronization_bursty,synchronization_bursty,True,0.8808535738629116
cfg_0011001,5,sparse_periodic,sparse_periodic,True,0.5207799525185053
cfg_0011001,5,dense_periodic,dense_periodic,True,0.3621151248365993
cfg_0011001,5,synchronization_bursty,synchronization_bursty,True,0.4524522486710108
cfg_0011001,6,sparse_periodic,sparse_periodic,True,0.8082354126802178
cfg_0011001,6,dense_periodic,dense_periodic,True,0.6232808064744912
cfg_0011001,6,synchronization_bursty,synchronization_bursty,True,0.24691546504438053
cfg_0011001,7,sparse_periodic,sparse_periodic,True,2.364301343537515
cfg_0011001,7,dense_periodic,dense_periodic,True,0.3910479275259271
cfg_0011001,7,synchronization_bursty,synchronization_bursty,True,1.7284121794928162
cfg_0011001,8,sparse_periodic,sparse_periodic,True,0.49884038281052656
cfg_0011001,8,dense_periodic,dense_periodic,True,0.2595749665456802
cfg_0011001,8,synchronization_bursty,synchronization_bursty,True,0.8871707976643977
cfg_0011001,9,sparse_periodic,sparse_periodic,True,0.9684515537464319
cfg_0011001,9,dense_periodic,dense_periodic,True,0.3311783410799756
cfg_0011001,9,synchronization_bursty,synchronization_bursty,True,0.22002960045897238
cfg_0011010,0,sparse_periodic,sparse_periodic,True,0.33970277811640687
cfg_0011010,0,dense_periodic,dense_periodic,True,0.258818804515882
cfg_0011010,0,synchronization_bursty,synchronization_bursty,True,1.8315397079158862
cfg_0011010,1,sparse_periodic,sparse_periodic,True,0.06573063006892313
cfg_0011010,1,dense_periodic,dense_periodic,True,0.03326609282501119
cfg_0011010,1,synchronization_bursty,synchronization_bursty,True,1.8781314052388371
cfg_0011010,2,sparse_periodic,sparse_periodic,True,0.06272048037116917
cfg_0011010,2,dense_periodic,dense_periodic,True,0.20158358908615703
cfg_0011010,2,synchronization_bursty,synchronization_bursty,True,0.8175304841372427
cfg_0011010,3,sparse_periodic,sparse_periodic,True,0.21690979579335565
cfg_0011010,3,dense_periodic,dense_periodic,True,0.38323986831843654
cfg_0011010,3,synchronization_bursty,synchronization_bursty,True,0.8206325373994765
cfg_0011010,4,sparse_periodic,sparse_periodic,True,0.38979215143067264
cfg_0011010,4,dense_periodic,dense_periodic,True,0.049355601699188595
cfg_0011010,4,synchronization_bursty,synchronization_bursty,True,1.6008661043768797
cfg_0011010,5,sparse_periodic,sparse_periodic,True,0.6614856207894316
cfg_0011010,5,dense_periodic,dense_periodic,True,0.3961716797398991
cfg_0011010,5,synchronization_bursty,synchronization_bursty,True,0.9794157759275715
cfg_0011010,6,sparse_periodic,sparse_periodic,True,0.22146391855673583
cfg_0011010,6,dense_periodic,dense_periodic,True,0.036996771415912656
cfg_0011010,6,synchronization_bursty,synchronization_bursty,True,0.8197363096698718
cfg_0011010,7,sparse_periodic,sparse_periodic,True,0.3701191988434614
cfg_0011010,7,dense_periodic,dense_periodic,True,0.39017073652134276
cfg_0011010,7,synchronization_bursty,synchronization_bursty,True,0.9343433073086714
cfg_0011010,8,sparse_periodic,sparse_periodic,True,0.05855746429721394
cfg_0011010,8,dense_periodic,dense_periodic,True,0.0382118760052618
cfg_0011010,8,synchronization_bursty,synchronization_bursty,True,1.7169688540597428
cfg_0011010,9,sparse_periodic,sparse_periodic,True,0.09530824997111284
cfg_0011010,9,dense_periodic,dense_periodic,True,0.13274854757761226
cfg_0011010,9,synchronization_bursty,synchronization_bursty,True,1.7917131519339484
cfg_0011011,0,sparse_periodic,sparse_periodic,True,1.456036735613051
cfg_0011011,0,dense_periodic,dense_periodic,True,1.1443764394270415
cfg_0011011,0,synchronization_bursty,synchronization_bursty,True,0.6321074085638453
cfg_0011011,1,sparse_periodic,sparse_periodic,True,0.29801071312741156
cfg_0011011,1,dense_periodic,dense_periodic,True,5.083277128230736
cfg_0011011,1,synchronization_bursty,synchronization_bursty,True,0.7682999209992849
cfg_0011011,2,sparse_periodic,sparse_periodic,True,0.2891290887160821
cfg_0011011,2,dense_periodic,dense_periodic,True,1.178335650834213
cfg_0011011,2,synchronization_bursty,synchronization_bursty,True,0.21731871325918445
cfg_0011011,3,sparse_periodic,sparse_periodic,True,0.922114342399733
cfg_0011011,3,dense_periodic,dense_periodic,True,1.0789995841512563
cfg_0011011,3,synchronization_bursty,synchronization_bursty,True,3.4746462378616134
cfg_0011011,4,sparse_periodic,sparse_periodic,True,1.5807425173795902
cfg_0011011,4,dense_periodic,dense_periodic,True,1.219975545603804
cfg_0011011,4,synchronization_bursty,synchronization_bursty,True,1.154411112297933
cfg_0011011,5,sparse_periodic,sparse_periodic,True,2.734361559233825
cfg_0011011,5,dense_periodic,dense_periodic,True,2.549056559734998
cfg_0011011,5,synchronization_bursty,synchronization_bursty,True,0.7505020488964077
cfg_0011011,6,sparse_periodic,sparse_periodic,True,0.9091151606378717
cfg_0011011,6,dense_periodic,dense_periodic,True,5.072526688764329
cfg_0011011,6,synchronization_bursty,synchronization_bursty,True,0.6202567253942349
cfg_0011011,7,sparse_periodic,sparse_periodic,True,1.5957052364197537
cfg_0011011,7,dense_periodic,dense_periodic,True,2.5931927161762136
cfg_0011011,7,synchronization_bursty,synchronization_bursty,True,3.4730818125720813
cfg_0011011,8,sparse_periodic,sparse_periodic,True,0.28485086551148764
cfg_0011011,8,dense_periodic,dense_periodic,True,1.2164795600421947
cfg_0011011,8,synchronization_bursty,synchronization_bursty,True,1.142879569887718
cfg_0011011,9,sparse_periodic,sparse_periodic,True,0.3244519523639257
cfg_0011011,9,dense_periodic,dense_periodic,True,1.977609683514668
cfg_0011011,9,synchronization_bursty,synchronization_bursty,True,0.6206208381822007
cfg_0011100,0,sparse_periodic,sparse_periodic,True,0.49797346873225945
cfg_0011100,0,dense_periodic,dense_periodic,True,0.22533238900204913
cfg_0011100,0,synchronization_bursty,synchronization_bursty,True,0.5513464610745481
cfg_0011100,1,sparse_periodic,sparse_periodic,True,0.5491604013918407
cfg_0011100,1,dense_periodic,dense_periodic,True,0.03006923083170254
cfg_0011100,1,synchronization_bursty,synchronization_bursty,True,0.6669980604360846
cfg_0011100,2,sparse_periodic,sparse_periodic,True,0.5321832020922193
cfg_0011100,2,dense_periodic,dense_periodic,True,0.17585504117252837
cfg_0011100,2,synchronization_bursty,synchronization_bursty,True,0.27099812443954513
cfg_0011100,3,sparse_periodic,sparse_periodic,True,0.5193932890296787
cfg_0011100,3,dense_periodic,dense_periodic,True,0.3342276043137016
cfg_0011100,3,synchronization_bursty,synchronization_bursty,True,0.6088888413989791
cfg_0011100,4,sparse_periodic,sparse_periodic,True,2.396863085939785
cfg_0011100,4,dense_periodic,dense_periodic,True,0.04223571112515501
cfg_0011100,4,synchronization_bursty,synchronization_bursty,True,1.0522781384969266
cfg_0011100,5,sparse_periodic,sparse_periodic,True,0.5233445125332987
cfg_0011100,5,dense_periodic,dense_periodic,True,0.34398590649897903
cfg_0011100,5,synchronization_bursty,synchronization_bursty,True,0.6020330755813914
cfg_0011100,6,sparse_periodic,sparse_periodic,True,0.7959965231645094
cfg_0011100,6,dense_periodic,dense_periodic,True,0.031684583686687064
cfg_0011100,6,synchronization_bursty,synchronization_bursty,True,0.2596912519605779
cfg_0011100,7,sparse_periodic,sparse_periodic,True,2.3686490355226
cfg_0011100,7,dense_periodic,dense_periodic,True,0.33952464264698695
cfg_0011100,7,synchronization_bursty,synchronization_bursty,True,0.43655181294019135
cfg_0011100,8,sparse_periodic,sparse_periodic,True,0.5097065578267965
cfg_0011100,8,dense_periodic,dense_periodic,True,0.03289774644911497
cfg_0011100,8,synchronization_bursty,synchronization_bursty,True,1.5404137321518252
cfg_0011100,9,sparse_periodic,sparse_periodic,True,0.9463672268345327
cfg_0011100,9,dense_periodic,dense_periodic,True,0.11554068831413264
cfg_0011100,9,synchronization_bursty,sparse_periodic,False,0.6308772780494821
cfg_0011101,0,sparse_periodic,sparse_periodic,True,0.493533517736054
cfg_0011101,0,dense_periodic,dense_periodic,True,0.28409639135512565
cfg_0011101,0,synchronization_bursty,synchronization_bursty,True,0.23761177983977044
cfg_0011101,1,sparse_periodic,sparse_periodic,True,0.5389237690014083
cfg_0011101,1,dense_periodic,dense_periodic,True,0.623306745653814
cfg_0011101,1,synchronization_bursty,synchronization_bursty,True,0.44124392242644883
cfg_0011101,2,sparse_periodic,sparse_periodic,True,0.526016935785481
cfg_0011101,2,dense_periodic,dense_periodic,True,0.5988719568812402
cfg_0011101,2,synchronization_bursty,synchronization_bursty,True,0.2410436665016835
cfg_0011101,3,sparse_periodic,sparse_periodic,True,0.5119383636867112
cfg_0011101,3,dense_periodic,dense_periodic,True,0.3407600947100075
cfg_0011101,3,synchronization_bursty,synchronization_bursty,True,1.1121694641671
cfg_0011101,4,sparse_periodic,sparse_periodic,True,2.351325601040567
cfg_0011101,4,dense_periodic,dense_periodic,True,0.2990446285458812
cfg_0011101,4,synchronization_bursty,synchronization_bursty,True,0.8808535738629116
cfg_0011101,5,sparse_periodic,sparse_periodic,True,0.5207799525185053
cfg_0011101,5,dense_periodic,dense_periodic,True,0.3621151248365993
cfg_0011101,5,synchronization_bursty,synchronization_bursty,True,0.4524522486710108
cfg_0011101,6,sparse_periodic,sparse_periodic,True,0.8082354126802178
cfg_0011101,6,dense_periodic,dense_periodic,True,0.6232808064744912
cfg_0011101,6,synchronization_bursty,synchronization_bursty,True,0.24691546504438053
cfg_0011101,7,sparse_periodic,sparse_periodic,True,2.364301343537515
cfg_0011101,7,dense_periodic,dense_periodic,True,0.3910479275259271
cfg_0011101,7,synchronization_bursty,synchronization_bursty,True,1.7284121794928162
cfg_0011101,8,sparse_periodic,sparse_periodic,True,0.49884038281052656
cfg_0011101,8,dense_periodic,dense_periodic,True,0.2595749665456802
cfg_0011101,8,synchronization_bursty,synchronization_bursty,True,0.8871707976643977
cfg_0011101,9,sparse_periodic,sparse_periodic,True,0.9684515537464319
cfg_0011101,9,dense_periodic,dense_periodic,True,0.3311783410799756
cfg_0011101,9,synchronization_bursty,synchronization_bursty,True,0.22002960045897238
cfg_0011110,0,sparse_periodic,sparse_periodic,True,0.33970277811640687
cfg_0011110,0,dense_periodic,dense_periodic,True,0.258818804515882
cfg_0011110,0,synchronization_bursty,synchronization_bursty,True,1.8315397079158862
cfg_0011110,1,sparse_periodic,sparse_periodic,True,0.06573063006892313
cfg_0011110,1,dense_periodic,dense_periodic,True,0.03326609282501119
cfg_0011110,1,synchronization_bursty,synchronization_bursty,True,1.8781314052388371
cfg_0011110,2,sparse_periodic,sparse_periodic,True,0.06272048037116917
cfg_0011110,2,dense_periodic,dense_periodic,True,0.20158358908615703
cfg_0011110,2,synchronization_bursty,synchronization_bursty,True,0.8175304841372427
cfg_0011110,3,sparse_periodic,sparse_periodic,True,0.21690979579335565
cfg_0011110,3,dense_periodic,dense_periodic,True,0.38323986831843654
cfg_0011110,3,synchronization_bursty,synchronization_bursty,True,0.8206325373994765
cfg_0011110,4,sparse_periodic,sparse_periodic,True,0.38979215143067264
cfg_0011110,4,dense_periodic,dense_periodic,True,0.049355601699188595
cfg_0011110,4,synchronization_bursty,synchronization_bursty,True,1.6008661043768797
cfg_0011110,5,sparse_periodic,sparse_periodic,True,0.6614856207894316
cfg_0011110,5,dense_periodic,dense_periodic,True,0.3961716797398991
cfg_0011110,5,synchronization_bursty,synchronization_bursty,True,0.9794157759275715
cfg_0011110,6,sparse_periodic,sparse_periodic,True,0.22146391855673583
cfg_0011110,6,dense_periodic,dense_periodic,True,0.036996771415912656
cfg_0011110,6,synchronization_bursty,synchronization_bursty,True,0.8197363096698718
cfg_0011110,7,sparse_periodic,sparse_periodic,True,0.3701191988434614
cfg_0011110,7,dense_periodic,dense_periodic,True,0.39017073652134276
cfg_0011110,7,synchronization_bursty,synchronization_bursty,True,0.9343433073086714
cfg_0011110,8,sparse_periodic,sparse_periodic,True,0.05855746429721394
cfg_0011110,8,dense_periodic,dense_periodic,True,0.0382118760052618
cfg_0011110,8,synchronization_bursty,synchronization_bursty,True,1.7169688540597428
cfg_0011110,9,sparse_periodic,sparse_periodic,True,0.09530824997111284
cfg_0011110,9,dense_periodic,dense_periodic,True,0.13274854757761226
cfg_0011110,9,synchronization_bursty,synchronization_bursty,True,1.7917131519339484
cfg_0011111,0,sparse_periodic,sparse_periodic,True,1.456036735613051
cfg_0011111,0,dense_periodic,dense_periodic,True,1.1443764394270415
cfg_0011111,0,synchronization_bursty,synchronization_bursty,True,0.6321074085638453
cfg_0011111,1,sparse_periodic,sparse_periodic,True,0.29801071312741156
cfg_0011111,1,dense_periodic,dense_periodic,True,5.083277128230736
cfg_0011111,1,synchronization_bursty,synchronization_bursty,True,0.7682999209992849
cfg_0011111,2,sparse_periodic,sparse_periodic,True,0.2891290887160821
cfg_0011111,2,dense_periodic,dense_periodic,True,1.178335650834213
cfg_0011111,2,synchronization_bursty,synchronization_bursty,True,0.21731871325918445
cfg_0011111,3,sparse_periodic,sparse_periodic,True,0.922114342399733
cfg_0011111,3,dense_periodic,dense_periodic,True,1.0789995841512563
cfg_0011111,3,synchronization_bursty,synchronization_bursty,True,3.4746462378616134
cfg_0011111,4,sparse_periodic,sparse_periodic,True,1.5807425173795902
cfg_0011111,4,dense_periodic,dense_periodic,True,1.219975545603804
cfg_0011111,4,synchronization_bursty,synchronization_bursty,True,1.154411112297933
cfg_0011111,5,sparse_periodic,sparse_periodic,True,2.734361559233825
cfg_0011111,5,dense_periodic,dense_periodic,True,2.549056559734998
cfg_0011111,5,synchronization_bursty,synchronization_bursty,True,0.7505020488964077
cfg_0011111,6,sparse_periodic,sparse_periodic,True,0.9091151606378717
cfg_0011111,6,dense_periodic,dense_periodic,True,5.072526688764329
cfg_0011111,6,synchronization_bursty,synchronization_bursty,True,0.6202567253942349
cfg_0011111,7,sparse_periodic,sparse_periodic,True,1.5957052364197537
cfg_0011111,7,dense_periodic,dense_periodic,True,2.5931927161762136
cfg_0011111,7,synchronization_bursty,synchronization_bursty,True,3.4730818125720813
cfg_0011111,8,sparse_periodic,sparse_periodic,True,0.28485086551148764
cfg_0011111,8,dense_periodic,dense_periodic,True,1.2164795600421947
cfg_0011111,8,synchronization_bursty,synchronization_bursty,True,1.142879569887718
cfg_0011111,9,sparse_periodic,sparse_periodic,True,0.3244519523639257
cfg_0011111,9,dense_periodic,dense_periodic,True,1.977609683514668
cfg_0011111,9,synchronization_bursty,synchronization_bursty,True,0.6206208381822007
cfg_0100000,0,sparse_periodic,sparse_periodic,True,1.5661358401298286
cfg_0100000,0,dense_periodic,synchronization_bursty,False,0.42420828255213744
cfg_0100000,0,synchronization_bursty,synchronization_bursty,True,0.7122314966418937
cfg_0100000,1,sparse_periodic,sparse_periodic,True,1.5583757313294069
cfg_0100000,1,dense_periodic,synchronization_bursty,False,1.9752590071107152
cfg_0100000,1,synchronization_bursty,dense_periodic,False,1.4113393823120108
cfg_0100000,2,sparse_periodic,sparse_periodic,True,1.5723935112795377
cfg_0100000,2,dense_periodic,synchronization_bursty,False,0.5725752112262366
cfg_0100000,2,synchronization_bursty,synchronization_bursty,True,1.5060619452311832
cfg_0100000,3,sparse_periodic,sparse_periodic,True,1.5692088723624533
cfg_0100000,3,dense_periodic,dense_periodic,True,0.18339350668887372
cfg_0100000,3,synchronization_bursty,synchronization_bursty,True,0.9963483711643395
cfg_0100000,4,sparse_periodic,dense_periodic,False,2.797798433837242
cfg_0100000,4,dense_periodic,synchronization_bursty,False,0.9196358926210655
cfg_0100000,4,synchronization_bursty,dense_periodic,False,1.4609437618062762
cfg_0100000,5,sparse_periodic,sparse_periodic,True,1.5754812122040727
cfg_0100000,5,dense_periodic,synchronization_bursty,False,0.7786886750820085
cfg_0100000,5,synchronization_bursty,synchronization_bursty,True,1.3480366717772685
cfg_0100000,6,sparse_periodic,sparse_periodic,True,1.5699277155685587
cfg_0100000,6,dense_periodic,synchronization_bursty,False,1.6619066481513745
cfg_0100000,6,synchronization_bursty,dense_periodic,False,1.2197873280401856
cfg_0100000,7,sparse_periodic,sparse_periodic,True,224.49814757563274
cfg_0100000,7,dense_periodic,dense_periodic,True,0.5720402414567531
cfg_0100000,7,synchronization_bursty,dense_periodic,False,1.2405494485610296
cfg_0100000,8,sparse_periodic,sparse_periodic,True,1.568360951119171
cfg_0100000,8,dense_periodic,synchronization_bursty,False,1.0542850554877383
cfg_0100000,8,synchronization_bursty,dense_periodic,False,1.6474930276671582
cfg_0100000,9,sparse_periodic,sparse_periodic,True,1.5712682121991648
cfg_0100000,9,dense_periodic,dense_periodic,True,0.6119426495564299
cfg_0100000,9,synchronization_bursty,synchronization_bursty,True,1.167972520881033
cfg_0100001,0,sparse_periodic,sparse_periodic,True,0.7630988591694864
cfg_0100001,0,dense_periodic,dense_periodic,True,0.7961442879910742
cfg_0100001,0,synchronization_bursty,synchronization_bursty,True,0.4118417768056058
cfg_0100001,1,sparse_periodic,sparse_periodic,True,0.7630938939958912
cfg_0100001,1,dense_periodic,dense_periodic,True,0.789583393088785
cfg_0100001,1,synchronization_bursty,synchronization_bursty,True,0.6118288341120647
cfg_0100001,2,sparse_periodic,sparse_periodic,True,0.7785540897632464
cfg_0100001,2,dense_periodic,dense_periodic,True,0.5304417083637956
cfg_0100001,2,synchronization_bursty,synchronization_bursty,True,0.20926157271543308
cfg_0100001,3,sparse_periodic,sparse_periodic,True,0.7631303430054368
cfg_0100001,3,dense_periodic,dense_periodic,True,0.8176536922283396
cfg_0100001,3,synchronization_bursty,synchronization_bursty,True,1.8895746344118383
cfg_0100001,4,sparse_periodic,sparse_periodic,True,3.367400429971648
cfg_0100001,4,dense_periodic,dense_periodic,True,0.57101641016337
cfg_0100001,4,synchronization_bursty,synchronization_bursty,True,0.880603793318681
cfg_0100001,5,sparse_periodic,sparse_periodic,True,0.7785575810036677
cfg_0100001,5,dense_periodic,dense_periodic,True,0.534692790669164
cfg_0100001,5,synchronization_bursty,synchronization_bursty,True,0.5782554341355797
cfg_0100001,6,sparse_periodic,sparse_periodic,True,0.7630926576660463
cfg_0100001,6,dense_periodic,dense_periodic,True,0.7895807046479135
cfg_0100001,6,synchronization_bursty,synchronization_bursty,True,0.3901500604762524
cfg_0100001,7,sparse_periodic,sparse_periodic,True,3.369990071162527
cfg_0100001,7,dense_periodic,dense_periodic,True,0.5765311751415596
cfg_0100001,7,synchronization_bursty,synchronization_bursty,True,1.963461552888546
cfg_0100001,8,sparse_periodic,sparse_periodic,True,0.7785586399936539
cfg_0100001,8,dense_periodic,dense_periodic,True,0.5294737959885981
cfg_0100001,8,synchronization_bursty,synchronization_bursty,True,0.873140993800307
cfg_0100001,9,sparse_periodic,sparse_periodic,True,0.7785543406180492
cfg_0100001,9,dense_periodic,dense_periodic,True,0.5473574661473675
cfg_0100001,9,synchronization_bursty,synchronization_bursty,True,0.3955050533697945
cfg_0100010,0,sparse_periodic,sparse_periodic,True,1.4214482975656508
cfg_0100010,0,dense_periodic,dense_periodic,True,0.27948343846559365
cfg_0100010,0,synchronization_bursty,synchronization_bursty,True,0.550857530419556
cfg_0100010,1,sparse_periodic,sparse_periodic,True,0.588454986142963
cfg_0100010,1,dense_periodic,dense_periodic,True,0.05755040885165174
cfg_0100010,1,synchronization_bursty,synchronization_bursty,True,2.0210218820114054
cfg_0100010,2,sparse_periodic,sparse_periodic,True,0.5906192219091212
cfg_0100010,2,dense_periodic,dense_periodic,True,0.1806823228619258
cfg_0100010,2,synchronization_bursty,synchronization_bursty,True,0.08665258188002908
cfg_0100010,3,sparse_periodic,sparse_periodic,True,1.4061532894516495
cfg_0100010,3,dense_periodic,dense_periodic,True,0.35931620685373195
cfg_0100010,3,synchronization_bursty,synchronization_bursty,True,0.20490698407229835
cfg_0100010,4,sparse_periodic,sparse_periodic,True,0.703632287995709
cfg_0100010,4,dense_periodic,dense_periodic,True,0.06904810373106103
cfg_0100010,4,synchronization_bursty,synchronization_bursty,True,1.2433047958474344
cfg_0100010,5,sparse_periodic,sparse_periodic,True,1.526127390282392
cfg_0100010,5,dense_periodic,dense_periodic,True,0.3839236348362544
cfg_0100010,5,synchronization_bursty,synchronization_bursty,True,0.7136774103220839
cfg_0100010,6,sparse_periodic,sparse_periodic,True,0.632797365598283
cfg_0100010,6,dense_periodic,dense_periodic,True,0.058858283480511565
cfg_0100010,6,synchronization_bursty,synchronization_bursty,True,0.03616584484524591
cfg_0100010,7,sparse_periodic,sparse_periodic,True,0.7711165469521373
cfg_0100010,7,dense_periodic,dense_periodic,True,0.3780857614745055
cfg_0100010,7,synchronization_bursty,synchronization_bursty,True,2.2901704654175736
cfg_0100010,8,sparse_periodic,sparse_periodic,True,0.5902505115163805
cfg_0100010,8,dense_periodic,dense_periodic,True,0.061552325258752164
cfg_0100010,8,synchronization_bursty,synchronization_bursty,True,1.445910594866223
cfg_0100010,9,sparse_periodic,sparse_periodic,True,0.5948368614216846
cfg_0100010,9,dense_periodic,dense_periodic,True,0.11355342427646879
cfg_0100010,9,synchronization_bursty,synchronization_bursty,True,0.08141882808428938
cfg_0100011,0,sparse_periodic,sparse_periodic,True,2.5100594413158652
cfg_0100011,0,dense_periodic,dense_periodic,True,0.8907959539826039
cfg_0100011,0,synchronization_bursty,synchronization_bursty,True,0.5860149825996173
cfg_0100011,1,sparse_periodic,sparse_periodic,True,0.9633830095525913
cfg_0100011,1,dense_periodic,dense_periodic,True,2.9653277744317257
cfg_0100011,1,synchronization_bursty,synchronization_bursty,True,0.8198659643981552
cfg_0100011,2,sparse_periodic,sparse_periodic,True,0.8844809847749551
cfg_0100011,2,dense_periodic,dense_periodic,True,0.8928928448921418
cfg_0100011,2,synchronization_bursty,synchronization_bursty,True,0.29040938833109914
cfg_0100011,3,sparse_periodic,sparse_periodic,True,2.4273822923289794
cfg_0100011,3,dense_periodic,dense_periodic,True,0.8040847531738667
cfg_0100011,3,synchronization_bursty,synchronization_bursty,True,3.3188311532833508
cfg_0100011,4,sparse_periodic,sparse_periodic,True,1.652723763389764
cfg_0100011,4,dense_periodic,dense_periodic,True,0.9916496935193865
cfg_0100011,4,synchronization_bursty,synchronization_bursty,True,1.2625734401203619
cfg_0100011,5,sparse_periodic,sparse_periodic,True,3.2531059015424253
cfg_0100011,5,dense_periodic,dense_periodic,True,2.199351893115383
cfg_0100011,5,synchronization_bursty,synchronization_bursty,True,0.8150740253888044
cfg_0100011,6,sparse_periodic,sparse_periodic,True,1.313504561433045
cfg_0100011,6,dense_periodic,dense_periodic,True,2.9541027044817216
cfg_0100011,6,synchronization_bursty,synchronization_bursty,True,0.5656366408066256
cfg_0100011,7,sparse_periodic,sparse_periodic,True,1.6713743774652527
cfg_0100011,7,dense_periodic,dense_periodic,True,2.223338437261726
cfg_0100011,7,synchronization_bursty,synchronization_bursty,True,3.3220576655602385
cfg_0100011,8,sparse_periodic,sparse_periodic,True,0.8829525124521911
cfg_0100011,8,dense_periodic,dense_periodic,True,0.988781797170618
cfg_0100011,8,synchronization_bursty,synchronization_bursty,True,1.250040270177886
cfg_0100011,9,sparse_periodic,sparse_periodic,True,0.8964157454259766
cfg_0100011,9,dense_periodic,dense_periodic,True,1.6684643345016337
cfg_0100011,9,synchronization_bursty,synchronization_bursty,True,0.5653582238937657
cfg_0100100,0,sparse_periodic,sparse_periodic,True,1.455469054351571
cfg_0100100,0,dense_periodic,dense_periodic,True,0.38560299572954965
cfg_0100100,0,synchronization_bursty,synchronization_bursty,True,2.272120339148746
cfg_0100100,1,sparse_periodic,sparse_periodic,True,2.3185840892584735
cfg_0100100,1,dense_periodic,dense_periodic,True,0.708435590875266
cfg_0100100,1,synchronization_bursty,synchronization_bursty,True,1.4052296713541783
cfg_0100100,2,sparse_periodic,sparse_periodic,True,2.324972275608
cfg_0100100,2,dense_periodic,dense_periodic,True,0.489317000821607
cfg_0100100,2,synchronization_bursty,synchronization_bursty,True,1.1090344448613896
cfg_0100100,3,sparse_periodic,sparse_periodic,True,1.3621851090858896
cfg_0100100,3,dense_periodic,dense_periodic,True,0.1862474577576044
cfg_0100100,3,synchronization_bursty,synchronization_bursty,True,1.1380462314960782
cfg_0100100,4,sparse_periodic,dense_periodic,False,1.0906379249861764
cfg_0100100,4,dense_periodic,dense_periodic,True,0.5203582062086318
cfg_0100100,4,synchronization_bursty,sparse_periodic,False,1.6856268087781137
cfg_0100100,5,sparse_periodic,sparse_periodic,True,1.3604671597230056
cfg_0100100,5,dense_periodic,dense_periodic,True,0.7596990343602704
cfg_0100100,5,synchronization_bursty,synchronization_bursty,True,2.8840727641059303
cfg_0100100,6,sparse_periodic,sparse_periodic,True,2.3215161894022893
cfg_0100100,6,dense_periodic,dense_periodic,True,0.8900001831884768
cfg_0100100,6,synchronization_bursty,synchronization_bursty,True,1.1344156874760218
cfg_0100100,7,sparse_periodic,dense_periodic,False,1.3665833008052346
cfg_0100100,7,dense_periodic,dense_periodic,True,0.7016163510566225
cfg_0100100,7,synchronization_bursty,synchronization_bursty,True,1.4436926796521237
cfg_0100100,8,sparse_periodic,sparse_periodic,True,1.6794847453400723
cfg_0100100,8,dense_periodic,dense_periodic,True,0.8678217529969875
cfg_0100100,8,synchronization_bursty,sparse_periodic,False,2.2480548972046357
cfg_0100100,9,sparse_periodic,sparse_periodic,True,2.330341183833405
cfg_0100100,9,dense_periodic,dense_periodic,True,0.32462213806315166
cfg_0100100,9,synchronization_bursty,synchronization_bursty,True,1.1095372978013784
cfg_0100101,0,sparse_periodic,sparse_periodic,True,1.7260608735916472
cfg_0100101,0,dense_periodic,dense_periodic,True,0.7678960295225075
cfg_0100101,0,synchronization_bursty,synchronization_bursty,True,0.3593364082711356
cfg_0100101,1,sparse_periodic,sparse_periodic,True,1.9423432417169888
cfg_0100101,1,dense_periodic,dense_periodic,True,0.7597345106936735
cfg_0100101,1,synchronization_bursty,synchronization_bursty,True,0.5458594011059552
cfg_0100101,2,sparse_periodic,sparse_periodic,True,1.9455141164005858
cfg_0100101,2,dense_periodic,dense_periodic,True,0.497607032294088
cfg_0100101,2,synchronization_bursty,synchronization_bursty,True,0.20259223971515075
cfg_0100101,3,sparse_periodic,sparse_periodic,True,1.725518978984114
cfg_0100101,3,dense_periodic,dense_periodic,True,0.7902339374119757
cfg_0100101,3,synchronization_bursty,synchronization_bursty,True,1.4643558725002106
cfg_0100101,4,sparse_periodic,sparse_periodic,True,1.776569795569825
cfg_0100101,4,dense_periodic,dense_periodic,True,0.50369160563041
cfg_0100101,4,synchronization_bursty,synchronization_bursty,True,0.8201509520163679
cfg_0100101,5,sparse_periodic,sparse_periodic,True,1.7379819874758438
cfg_0100101,5,dense_periodic,dense_periodic,True,0.5137475216485858
cfg_0100101,5,synchronization_bursty,synchronization_bursty,True,0.5428453130263021
cfg_0100101,6,sparse_periodic,sparse_periodic,True,1.9423406528196252
cfg_0100101,6,dense_periodic,dense_periodic,True,0.7597326744652052
cfg_0100101,6,synchronization_bursty,synchronization_bursty,True,0.3343453148680211
cfg_0100101,7,sparse_periodic,sparse_periodic,True,1.8406771085089135
cfg_0100101,7,dense_periodic,dense_periodic,True,0.514376565116747
cfg_0100101,7,synchronization_bursty,synchronization_bursty,True,1.9076322553834677
cfg_0100101,8,sparse_periodic,sparse_periodic,True,0.7113970383548006
cfg_0100101,8,dense_periodic,dense_periodic,True,0.47837670331152876
cfg_0100101,8,synchronization_bursty,synchronization_bursty,True,0.8250226521192845
cfg_0100101,9,sparse_periodic,sparse_periodic,True,1.945517891270677
cfg_0100101,9,dense_periodic,dense_periodic,True,0.5153916406475896
cfg_0100101,9,synchronization_bursty,synchronization_bursty,True,0.3523236815204093
cfg_0100110,0,sparse_periodic,sparse_periodic,True,0.3927958060555544
cfg_0100110,0,dense_periodic,dense_periodic,True,0.2800735173984601
cfg_0100110,0,synchronization_bursty,synchronization_bursty,True,0.6680465712861118
cfg_0100110,1,sparse_periodic,sparse_periodic,True,0.08824358256253523
cfg_0100110,1,dense_periodic,dense_periodic,True,0.05775773150802349
cfg_0100110,1,synchronization_bursty,synchronization_bursty,True,2.133711918881664
cfg_0100110,2,sparse_periodic,sparse_periodic,True,0.08569700444658142
cfg_0100110,2,dense_periodic,dense_periodic,True,0.18072097562016773
cfg_0100110,2,synchronization_bursty,synchronization_bursty,True,0.2070171597153876
cfg_0100110,3,sparse_periodic,sparse_periodic,True,0.1830574988255255
cfg_0100110,3,dense_periodic,dense_periodic,True,0.35954985473361273
cfg_0100110,3,synchronization_bursty,synchronization_bursty,True,0.39925561617232813
cfg_0100110,4,sparse_periodic,sparse_periodic,True,0.4126889798000915
cfg_0100110,4,dense_periodic,dense_periodic,True,0.06924148925809877
cfg_0100110,4,synchronization_bursty,synchronization_bursty,True,1.8980354399557484
cfg_0100110,5,sparse_periodic,sparse_periodic,True,0.7106149010646676
cfg_0100110,5,dense_periodic,dense_periodic,True,0.384390423478215
cfg_0100110,5,synchronization_bursty,synchronization_bursty,True,0.7569746251615879
cfg_0100110,6,sparse_periodic,sparse_periodic,True,0.20564186694492584
cfg_0100110,6,dense_periodic,dense_periodic,True,0.0589355075812563
cfg_0100110,6,synchronization_bursty,synchronization_bursty,True,0.11565013798182701
cfg_0100110,7,sparse_periodic,sparse_periodic,True,0.3936576383480076
cfg_0100110,7,dense_periodic,dense_periodic,True,0.3783381748358247
cfg_0100110,7,synchronization_bursty,synchronization_bursty,True,2.4843494499289167
cfg_0100110,8,sparse_periodic,sparse_periodic,True,0.08395816069266006
cfg_0100110,8,dense_periodic,dense_periodic,True,0.061768820538554384
cfg_0100110,8,synchronization_bursty,synchronization_bursty,True,2.1626689619732615
cfg_0100110,9,sparse_periodic,sparse_periodic,True,0.11174187735237001
cfg_0100110,9,dense_periodic,dense_periodic,True,0.11359849224167239
cfg_0100110,9,synchronization_bursty,synchronization_bursty,True,0.2051566231931654
cfg_0100111,0,sparse_periodic,sparse_periodic,True,1.719391723490519
cfg_0100111,0,dense_periodic,dense_periodic,True,1.060094532582364
cfg_0100111,0,synchronization_bursty,synchronization_bursty,True,0.6137201685245653
cfg_0100111,1,sparse_periodic,sparse_periodic,True,0.4365634683580829
cfg_0100111,1,dense_periodic,dense_periodic,True,4.978821928899043
cfg_0100111,1,synchronization_bursty,synchronization_bursty,True,0.7988697668018023
cfg_0100111,2,sparse_periodic,sparse_periodic,True,0.42704534263428473
cfg_0100111,2,dense_periodic,dense_periodic,True,1.0917304962555923
cfg_0100111,2,synchronization_bursty,synchronization_bursty,True,0.2582106325281727
cfg_0100111,3,sparse_periodic,sparse_periodic,True,0.552393280388957
cfg_0100111,3,dense_periodic,dense_periodic,True,0.9873951636716619
cfg_0100111,3,synchronization_bursty,synchronization_bursty,True,3.3822766284360606
cfg_0100111,4,sparse_periodic,sparse_periodic,True,1.6451704972196044
cfg_0100111,4,dense_periodic,dense_periodic,True,1.173812881481922
cfg_0100111,4,synchronization_bursty,synchronization_bursty,True,1.244545021743714
cfg_0100111,5,sparse_periodic,sparse_periodic,True,2.9317637163145864
cfg_0100111,5,dense_periodic,dense_periodic,True,2.2844172364326965
cfg_0100111,5,synchronization_bursty,synchronization_bursty,True,0.7923499760959792
cfg_0100111,6,sparse_periodic,sparse_periodic,True,0.7198610587698416
cfg_0100111,6,dense_periodic,dense_periodic,True,4.97078223696332
cfg_0100111,6,synchronization_bursty,synchronization_bursty,True,0.5966042013330647
cfg_0100111,7,sparse_periodic,sparse_periodic,True,1.6692094003251068
cfg_0100111,7,dense_periodic,dense_periodic,True,2.3186787446325945
cfg_0100111,7,synchronization_bursty,synchronization_bursty,True,3.3855620998095786
cfg_0100111,8,sparse_periodic,sparse_periodic,True,0.4199891274488029
cfg_0100111,8,dense_periodic,dense_periodic,True,1.171375915103299
cfg_0100111,8,synchronization_bursty,synchronization_bursty,True,1.2312914625173428
cfg_0100111,9,sparse_periodic,sparse_periodic,True,0.45170616345584813
cfg_0100111,9,dense_periodic,dense_periodic,True,1.7854685214972168
cfg_0100111,9,synchronization_bursty,synchronization_bursty,True,0.5965112071160612
cfg_0101000,0,sparse_periodic,sparse_periodic,True,0.42700018964709885
cfg_0101000,0,dense_periodic,dense_periodic,True,0.9711745335234404
cfg_0101000,0,synchronization_bursty,synchronization_bursty,True,1.085589428302069
cfg_0101000,1,sparse_periodic,sparse_periodic,True,0.5774040839712569
cfg_0101000,1,dense_periodic,dense_periodic,True,2.1139839761956503
cfg_0101000,1,synchronization_bursty,synchronization_bursty,True,0.5015438462873039
cfg_0101000,2,sparse_periodic,sparse_periodic,True,0.498497518159883
cfg_0101000,2,dense_periodic,dense_periodic,True,1.3205510617414244
cfg_0101000,2,synchronization_bursty,synchronization_bursty,True,0.2606809048958708
cfg_0101000,3,sparse_periodic,sparse_periodic,True,0.4526875861732942
cfg_0101000,3,dense_periodic,dense_periodic,True,1.637139530373696
cfg_0101000,3,synchronization_bursty,synchronization_bursty,True,0.39060812628178343
cfg_0101000,4,sparse_periodic,sparse_periodic,True,1.5281442393052547
cfg_0101000,4,dense_periodic,dense_periodic,True,4.607517332611309
cfg_0101000,4,synchronization_bursty,synchronization_bursty,True,1.8159792485075452
cfg_0101000,5,sparse_periodic,sparse_periodic,True,0.45846003384214706
cfg_0101000,5,dense_periodic,dense_periodic,True,1.0993581763101528
cfg_0101000,5,synchronization_bursty,synchronization_bursty,True,0.9592118522072007
cfg_0101000,6,sparse_periodic,sparse_periodic,True,1.314590481372649
cfg_0101000,6,dense_periodic,dense_periodic,True,1.5616798882550595
cfg_0101000,6,synchronization_bursty,synchronization_bursty,True,0.20854641723479894
cfg_0101000,7,sparse_periodic,sparse_periodic,True,3.0148371663268323
cfg_0101000,7,dense_periodic,dense_periodic,True,2.092317491508903
cfg_0101000,7,synchronization_bursty,sparse_periodic,False,0.9849706986204515
cfg_0101000,8,sparse_periodic,sparse_periodic,True,0.45033302297315597
cfg_0101000,8,dense_periodic,dense_periodic,True,0.8470490525581573
cfg_0101000,8,synchronization_bursty,synchronization_bursty,True,1.8511320725943534
cfg_0101000,9,sparse_periodic,sparse_periodic,True,1.331939137823904
cfg_0101000,9,dense_periodic,dense_periodic,True,1.4614269902739632
cfg_0101000,9,synchronization_bursty,synchronization_bursty,True,0.28149779006234915
cfg_0101001,0,sparse_periodic,sparse_periodic,True,0.40883906327973196
cfg_0101001,0,dense_periodic,dense_periodic,True,0.3959530156648706
cfg_0101001,0,synchronization_bursty,synchronization_bursty,True,0.2528182394937911
cfg_0101001,1,sparse_periodic,sparse_periodic,True,0.4614419978803279
cfg_0101001,1,dense_periodic,dense_periodic,True,0.6012640033653744
cfg_0101001,1,synchronization_bursty,synchronization_bursty,True,0.4531596018992087
cfg_0101001,2,sparse_periodic,sparse_periodic,True,0.41052606396096536
cfg_0101001,2,dense_periodic,dense_periodic,True,0.57814460459844
cfg_0101001,2,synchronization_bursty,synchronization_bursty,True,0.22358697618939619
cfg_0101001,3,sparse_periodic,sparse_periodic,True,0.42910602874087306
cfg_0101001,3,dense_periodic,dense_periodic,True,0.4382071964333494
cfg_0101001,3,synchronization_bursty,synchronization_bursty,True,1.0786799356352959
cfg_0101001,4,sparse_periodic,sparse_periodic,True,1.0022519999910637
cfg_0101001,4,dense_periodic,dense_periodic,True,0.3968535389362633
cfg_0101001,4,synchronization_bursty,synchronization_bursty,True,0.8130616078481341
cfg_0101001,5,sparse_periodic,sparse_periodic,True,0.4377059307479341
cfg_0101001,5,dense_periodic,dense_periodic,True,0.4633921554813045
cfg_0101001,5,synchronization_bursty,synchronization_bursty,True,0.44592784863954305
cfg_0101001,6,sparse_periodic,sparse_periodic,True,0.9990609829602095
cfg_0101001,6,dense_periodic,dense_periodic,True,0.6017146437253074
cfg_0101001,6,synchronization_bursty,synchronization_bursty,True,0.25521829965715415
cfg_0101001,7,sparse_periodic,sparse_periodic,True,3.1431536040321735
cfg_0101001,7,dense_periodic,dense_periodic,True,0.5419121033701518
cfg_0101001,7,synchronization_bursty,synchronization_bursty,True,1.6491204609872652
cfg_0101001,8,sparse_periodic,sparse_periodic,True,0.3790216296381647
cfg_0101001,8,dense_periodic,dense_periodic,True,0.38315485607915906
cfg_0101001,8,synchronization_bursty,synchronization_bursty,True,0.8188771402599613
cfg_0101001,9,sparse_periodic,sparse_periodic,True,0.9970741673699427
cfg_0101001,9,dense_periodic,dense_periodic,True,0.5777674220929394
cfg_0101001,9,synchronization_bursty,synchronization_bursty,True,0.24278541064275078
cfg_0101010,0,sparse_periodic,sparse_periodic,True,0.34661342174549487
cfg_0101010,0,dense_periodic,dense_periodic,True,0.2596197122891329
cfg_0101010,0,synchronization_bursty,synchronization_bursty,True,0.5344238452101295
cfg_0101010,1,sparse_periodic,sparse_periodic,True,0.05859368388728943
cfg_0101010,1,dense_periodic,dense_periodic,True,0.03297746981055888
cfg_0101010,1,synchronization_bursty,synchronization_bursty,True,2.222230087567889
cfg_0101010,2,sparse_periodic,sparse_periodic,True,0.0552576178384595
cfg_0101010,2,dense_periodic,dense_periodic,True,0.20155978913936012
cfg_0101010,2,synchronization_bursty,synchronization_bursty,True,0.295033834809452
cfg_0101010,3,sparse_periodic,sparse_periodic,True,0.21052721461484916
cfg_0101010,3,dense_periodic,dense_periodic,True,0.3830015384168937
cfg_0101010,3,synchronization_bursty,synchronization_bursty,True,0.39249716427026976
cfg_0101010,4,sparse_periodic,sparse_periodic,True,0.44877526156023795
cfg_0101010,4,dense_periodic,dense_periodic,True,0.04980382813577636
cfg_0101010,4,synchronization_bursty,synchronization_bursty,True,1.3805250586814333
cfg_0101010,5,sparse_periodic,sparse_periodic,True,0.6664820261918405
cfg_0101010,5,dense_periodic,dense_periodic,True,0.396759977504582
cfg_0101010,5,synchronization_bursty,synchronization_bursty,True,0.6390952981840015
cfg_0101010,6,sparse_periodic,sparse_periodic,True,0.22745218913384016
cfg_0101010,6,dense_periodic,dense_periodic,True,0.03676121431196102
cfg_0101010,6,synchronization_bursty,synchronization_bursty,True,0.3035605529496693
cfg_0101010,7,sparse_periodic,sparse_periodic,True,0.3639363535591751
cfg_0101010,7,dense_periodic,dense_periodic,True,0.3907337358774979
cfg_0101010,7,synchronization_bursty,synchronization_bursty,True,0.5034412702563241
cfg_0101010,8,sparse_periodic,sparse_periodic,True,0.05021857366029098
cfg_0101010,8,dense_periodic,dense_periodic,True,0.03850416869968709
cfg_0101010,8,synchronization_bursty,synchronization_bursty,True,1.8252609915292763
cfg_0101010,9,sparse_periodic,sparse_periodic,True,0.09079315713190146
cfg_0101010,9,dense_periodic,dense_periodic,True,0.13289750309083226
cfg_0101010,9,synchronization_bursty,synchronization_bursty,True,0.2824457863648187
cfg_0101011,0,sparse_periodic,sparse_periodic,True,1.4763789609659197
cfg_0101011,0,dense_periodic,dense_periodic,True,1.1333819237893146
cfg_0101011,0,synchronization_bursty,synchronization_bursty,True,0.627914371077933
cfg_0101011,1,sparse_periodic,sparse_periodic,True,0.23744890804677132
cfg_0101011,1,dense_periodic,dense_periodic,True,5.06741677968855
cfg_0101011,1,synchronization_bursty,synchronization_bursty,True,0.7679530732661177
cfg_0101011,2,sparse_periodic,sparse_periodic,True,0.22979657513254598
cfg_0101011,2,dense_periodic,dense_periodic,True,1.1666771075898517
cfg_0101011,2,synchronization_bursty,synchronization_bursty,True,0.21806572579078984
cfg_0101011,3,sparse_periodic,sparse_periodic,True,0.8509851458076202
cfg_0101011,3,dense_periodic,dense_periodic,True,1.067531240815302
cfg_0101011,3,synchronization_bursty,synchronization_bursty,True,3.448633907160248
cfg_0101011,4,sparse_periodic,sparse_periodic,True,2.0738663146361764
cfg_0101011,4,dense_periodic,dense_periodic,True,1.2137769813441917
cfg_0101011,4,synchronization_bursty,synchronization_bursty,True,1.155609449000622
cfg_0101011,5,sparse_periodic,sparse_periodic,True,2.73053017263809
cfg_0101011,5,dense_periodic,dense_periodic,True,2.508617923207313
cfg_0101011,5,synchronization_bursty,synchronization_bursty,True,0.7593011223093297
cfg_0101011,6,sparse_periodic,sparse_periodic,True,0.9407505389567615
cfg_0101011,6,dense_periodic,dense_periodic,True,5.057795820313968
cfg_0101011,6,synchronization_bursty,synchronization_bursty,True,0.6145330463133382
cfg_0101011,7,sparse_periodic,sparse_periodic,True,1.5076688276833548
cfg_0101011,7,dense_periodic,dense_periodic,True,2.549625232841025
cfg_0101011,7,synchronization_bursty,synchronization_bursty,True,3.451932597542133
cfg_0101011,8,sparse_periodic,sparse_periodic,True,0.22484962395203398
cfg_0101011,8,dense_periodic,dense_periodic,True,1.2086429388202493
cfg_0101011,8,synchronization_bursty,synchronization_bursty,True,1.1436244376395066
cfg_0101011,9,sparse_periodic,sparse_periodic,True,0.27323966502363983
cfg_0101011,9,dense_periodic,dense_periodic,True,1.9476617098276086
cfg_0101011,9,synchronization_bursty,synchronization_bursty,True,0.6147590882687384
cfg_0101100,0,sparse_periodic,sparse_periodic,True,0.42700018964709885
cfg_0101100,0,dense_periodic,dense_periodic,True,0.9711745335234404
cfg_0101100,0,synchronization_bursty,synchronization_bursty,True,1.085589428302069
cfg_0101100,1,sparse_periodic,sparse_periodic,True,0.5774040839712569
cfg_0101100,1,dense_periodic,dense_periodic,True,2.1139839761956503
cfg_0101100,1,synchronization_bursty,synchronization_bursty,True,0.5015438462873039
cfg_0101100,2,sparse_periodic,sparse_periodic,True,0.498497518159883
cfg_0101100,2,dense_periodic,dense_periodic,True,1.3205510617414244
cfg_0101100,2,synchronization_bursty,synchronization_bursty,True,0.2606809048958708
cfg_0101100,3,sparse_periodic,sparse_periodic,True,0.4526875861732942
cfg_0101100,3,dense_periodic,dense_periodic,True,1.637139530373696
cfg_0101100,3,synchronization_bursty,synchronization_bursty,True,0.39060812628178343
cfg_0101100,4,sparse_periodic,sparse_periodic,True,1.5281442393052547
cfg_0101100,4,dense_periodic,dense_periodic,True,4.607517332611309
cfg_0101100,4,synchronization_bursty,synchronization_bursty,True,1.8159792485075452
cfg_0101100,5,sparse_periodic,sparse_periodic,True,0.45846003384214706
cfg_0101100,5,dense_periodic,dense_periodic,True,1.0993581763101528
cfg_0101100,5,synchronization_bursty,synchronization_bursty,True,0.9592118522072007
cfg_0101100,6,sparse_periodic,sparse_periodic,True,1.314590481372649
cfg_0101100,6,dense_periodic,dense_periodic,True,1.5616798882550595
cfg_0101100,6,synchronization_bursty,synchronization_bursty,True,0.20854641723479894
cfg_0101100,7,sparse_periodic,sparse_periodic,True,3.0148371663268323
cfg_0101100,7,dense_periodic,dense_periodic,True,2.092317491508903
cfg_0101100,7,synchronization_bursty,sparse_periodic,False,0.9849706986204515
cfg_0101100,8,sparse_periodic,sparse_periodic,True,0.45033302297315597
cfg_0101100,8,dense_periodic,dense_periodic,True,0.8470490525581573
cfg_0101100,8,synchronization_bursty,synchronization_bursty,True,1.8511320725943534
cfg_0101100,9,sparse_periodic,sparse_periodic,True,1.331939137823904
cfg_0101100,9,dense_periodic,dense_periodic,True,1.4614269902739632
cfg_0101100,9,synchronization_bursty,synchronization_bursty,True,0.28149779006234915
cfg_0101101,0,sparse_periodic,sparse_periodic,True,0.40883906327973196
cfg_0101101,0,dense_periodic,dense_periodic,True,0.3959530156648706
cfg_0101101,0,synchronization_bursty,synchronization_bursty,True,0.2528182394937911
cfg_0101101,1,sparse_periodic,sparse_periodic,True,0.4614419978803279
cfg_0101101,1,dense_periodic,dense_periodic,True,0.6012640033653744
cfg_0101101,1,synchronization_bursty,synchronization_bursty,True,0.4531596018992087
cfg_0101101,2,sparse_periodic,sparse_periodic,True,0.41052606396096536
cfg_0101101,2,dense_periodic,dense_periodic,True,0.57814460459844
cfg_0101101,2,synchronization_bursty,synchronization_bursty,True,0.22358697618939619
cfg_0101101,3,sparse_periodic,sparse_periodic,True,0.42910602874087306
cfg_0101101,3,dense_periodic,dense_periodic,True,0.4382071964333494
cfg_0101101,3,synchronization_bursty,synchronization_bursty,True,1.0786799356352959
cfg_0101101,4,sparse_periodic,sparse_periodic,True,1.0022519999910637
cfg_0101101,4,dense_periodic,dense_periodic,True,0.3968535389362633
cfg_0101101,4,synchronization_bursty,synchronization_bursty,True,0.8130616078481341
cfg_0101101,5,sparse_periodic,sparse_periodic,True,0.4377059307479341
cfg_0101101,5,dense_periodic,dense_periodic,True,0.4633921554813045
cfg_0101101,5,synchronization_bursty,synchronization_bursty,True,0.44592784863954305
cfg_0101101,6,sparse_periodic,sparse_periodic,True,0.9990609829602095
cfg_0101101,6,dense_periodic,dense_periodic,True,0.6017146437253074
cfg_0101101,6,synchronization_bursty,synchronization_bursty,True,0.25521829965715415
cfg_0101101,7,sparse_periodic,sparse_periodic,True,3.1431536040321735
cfg_0101101,7,dense_periodic,dense_periodic,True,0.5419121033701518
cfg_0101101,7,synchronization_bursty,synchronization_bursty,True,1.6491204609872652
cfg_0101101,8,sparse_periodic,sparse_periodic,True,0.3790216296381647
cfg_0101101,8,dense_periodic,dense_periodic,True,0.38315485607915906
cfg_0101101,8,synchronization_bursty,synchronization_bursty,True,0.8188771402599613
cfg_0101101,9,sparse_periodic,sparse_periodic,True,0.9970741673699427
cfg_0101101,9,dense_periodic,dense_periodic,True,0.5777674220929394
cfg_0101101,9,synchronization_bursty,synchronization_bursty,True,0.24278541064275078
cfg_0101110,0,sparse_periodic,sparse_periodic,True,0.34661342174549487
cfg_0101110,0,dense_periodic,dense_periodic,True,0.2596197122891329
cfg_0101110,0,synchronization_bursty,synchronization_bursty,True,0.5344238452101295
cfg_0101110,1,sparse_periodic,sparse_periodic,True,0.05859368388728943
cfg_0101110,1,dense_periodic,dense_periodic,True,0.03297746981055888
cfg_0101110,1,synchronization_bursty,synchronization_bursty,True,2.222230087567889
cfg_0101110,2,sparse_periodic,sparse_periodic,True,0.0552576178384595
cfg_0101110,2,dense_periodic,dense_periodic,True,0.20155978913936012
cfg_0101110,2,synchronization_bursty,synchronization_bursty,True,0.295033834809452
cfg_0101110,3,sparse_periodic,sparse_periodic,True,0.21052721461484916
cfg_0101110,3,dense_periodic,dense_periodic,True,0.3830015384168937
cfg_0101110,3,synchronization_bursty,synchronization_bursty,True,0.39249716427026976
cfg_0101110,4,sparse_periodic,sparse_periodic,True,0.44877526156023795
cfg_0101110,4,dense_periodic,dense_periodic,True,0.04980382813577636
cfg_0101110,4,synchronization_bursty,synchronization_bursty,True,1.3805250586814333
cfg_0101110,5,sparse_periodic,sparse_periodic,True,0.6664820261918405
cfg_0101110,5,dense_periodic,dense_periodic,True,0.396759977504582
cfg_0101110,5,synchronization_bursty,synchronization_bursty,True,0.6390952981840015
cfg_0101110,6,sparse_periodic,sparse_periodic,True,0.22745218913384016
cfg_0101110,6,dense_periodic,dense_periodic,True,0.03676121431196102
cfg_0101110,6,synchronization_bursty,synchronization_bursty,True,0.3035605529496693
cfg_0101110,7,sparse_periodic,sparse_periodic,True,0.3639363535591751
cfg_0101110,7,dense_periodic,dense_periodic,True,0.3907337358774979
cfg_0101110,7,synchronization_bursty,synchronization_bursty,True,0.5034412702563241
cfg_0101110,8,sparse_periodic,sparse_periodic,True,0.05021857366029098
cfg_0101110,8,dense_periodic,dense_periodic,True,0.03850416869968709
cfg_0101110,8,synchronization_bursty,synchronization_bursty,True,1.8252609915292763
cfg_0101110,9,sparse_periodic,sparse_periodic,True,0.09079315713190146
cfg_0101110,9,dense_periodic,dense_periodic,True,0.13289750309083226
cfg_0101110,9,synchronization_bursty,synchronization_bursty,True,0.2824457863648187
cfg_0101111,0,sparse_periodic,sparse_periodic,True,1.4763789609659197
cfg_0101111,0,dense_periodic,dense_periodic,True,1.1333819237893146
cfg_0101111,0,synchronization_bursty,synchronization_bursty,True,0.627914371077933
cfg_0101111,1,sparse_periodic,sparse_periodic,True,0.23744890804677132
cfg_0101111,1,dense_periodic,dense_periodic,True,5.06741677968855
cfg_0101111,1,synchronization_bursty,synchronization_bursty,True,0.7679530732661177
cfg_0101111,2,sparse_periodic,sparse_periodic,True,0.22979657513254598
cfg_0101111,2,dense_periodic,dense_periodic,True,1.1666771075898517
cfg_0101111,2,synchronization_bursty,synchronization_bursty,True,0.21806572579078984
cfg_0101111,3,sparse_periodic,sparse_periodic,True,0.8509851458076202
cfg_0101111,3,dense_periodic,dense_periodic,True,1.067531240815302
cfg_0101111,3,synchronization_bursty,synchronization_bursty,True,3.448633907160248
cfg_0101111,4,sparse_periodic,sparse_periodic,True,2.0738663146361764
cfg_0101111,4,dense_periodic,dense_periodic,True,1.2137769813441917
cfg_0101111,4,synchronization_bursty,synchronization_bursty,True,1.155609449000622
cfg_0101111,5,sparse_periodic,sparse_periodic,True,2.73053017263809
cfg_0101111,5,dense_periodic,dense_periodic,True,2.508617923207313
cfg_0101111,5,synchronization_bursty,synchronization_bursty,True,0.7593011223093297
cfg_0101111,6,sparse_periodic,sparse_periodic,True,0.9407505389567615
cfg_0101111,6,dense_periodic,dense_periodic,True,5.057795820313968
cfg_0101111,6,synchronization_bursty,synchronization_bursty,True,0.6145330463133382
cfg_0101111,7,sparse_periodic,sparse_periodic,True,1.5076688276833548
cfg_0101111,7,dense_periodic,dense_periodic,True,2.549625232841025
cfg_0101111,7,synchronization_bursty,synchronization_bursty,True,3.451932597542133
cfg_0101111,8,sparse_periodic,sparse_periodic,True,0.22484962395203398
cfg_0101111,8,dense_periodic,dense_periodic,True,1.2086429388202493
cfg_0101111,8,synchronization_bursty,synchronization_bursty,True,1.1436244376395066
cfg_0101111,9,sparse_periodic,sparse_periodic,True,0.27323966502363983
cfg_0101111,9,dense_periodic,dense_periodic,True,1.9476617098276086
cfg_0101111,9,synchronization_bursty,synchronization_bursty,True,0.6147590882687384
cfg_0110000,0,sparse_periodic,sparse_periodic,True,0.49797346873225945
cfg_0110000,0,dense_periodic,dense_periodic,True,0.22533238900204913
cfg_0110000,0,synchronization_bursty,synchronization_bursty,True,0.5513464610745481
cfg_0110000,1,sparse_periodic,sparse_periodic,True,0.5491604013918407
cfg_0110000,1,dense_periodic,dense_periodic,True,0.03006923083170254
cfg_0110000,1,synchronization_bursty,synchronization_bursty,True,0.6669980604360846
cfg_0110000,2,sparse_periodic,sparse_periodic,True,0.5321832020922193
cfg_0110000,2,dense_periodic,dense_periodic,True,0.17585504117252837
cfg_0110000,2,synchronization_bursty,synchronization_bursty,True,0.27099812443954513
cfg_0110000,3,sparse_periodic,sparse_periodic,True,0.5193932890296787
cfg_0110000,3,dense_periodic,dense_periodic,True,0.3342276043137016
cfg_0110000,3,synchronization_bursty,synchronization_bursty,True,0.6088888413989791
cfg_0110000,4,sparse_periodic,sparse_periodic,True,2.396863085939785
cfg_0110000,4,dense_periodic,dense_periodic,True,0.04223571112515501
cfg_0110000,4,synchronization_bursty,synchronization_bursty,True,1.0522781384969266
cfg_0110000,5,sparse_periodic,sparse_periodic,True,0.5233445125332987
cfg_0110000,5,dense_periodic,dense_periodic,True,0.34398590649897903
cfg_0110000,5,synchronization_bursty,synchronization_bursty,True,0.6020330755813914
cfg_0110000,6,sparse_periodic,sparse_periodic,True,0.7959965231645094
cfg_0110000,6,dense_periodic,dense_periodic,True,0.031684583686687064
cfg_0110000,6,synchronization_bursty,synchronization_bursty,True,0.2596912519605779
cfg_0110000,7,sparse_periodic,sparse_periodic,True,2.3686490355226
cfg_0110000,7,dense_periodic,dense_periodic,True,0.33952464264698695
cfg_0110000,7,synchronization_bursty,synchronization_bursty,True,0.43655181294019135
cfg_0110000,8,sparse_periodic,sparse_periodic,True,0.5097065578267965
cfg_0110000,8,dense_periodic,dense_periodic,True,0.03289774644911497
cfg_0110000,8,synchronization_bursty,synchronization_bursty,True,1.5404137321518252
cfg_0110000,9,sparse_periodic,sparse_periodic,True,0.9463672268345327
cfg_0110000,9,dense_periodic,dense_periodic,True,0.11554068831413264
cfg_0110000,9,synchronization_bursty,sparse_periodic,False,0.6308772780494821
cfg_0110001,0,sparse_periodic,sparse_periodic,True,0.493533517736054
cfg_0110001,0,dense_periodic,dense_periodic,True,0.28409639135512565
cfg_0110001,0,synchronization_bursty,synchronization_bursty,True,0.23761177983977044
cfg_0110001,1,sparse_periodic,sparse_periodic,True,0.5389237690014083
cfg_0110001,1,dense_periodic,dense_periodic,True,0.623306745653814
cfg_0110001,1,synchronization_bursty,synchronization_bursty,True,0.44124392242644883
cfg_0110001,2,sparse_periodic,sparse_periodic,True,0.526016935785481
cfg_0110001,2,dense_periodic,dense_periodic,True,0.5988719568812402
cfg_0110001,2,synchronization_bursty,synchronization_bursty,True,0.2410436665016835
cfg_0110001,3,sparse_periodic,sparse_periodic,True,0.5119383636867112
cfg_0110001,3,dense_periodic,dense_periodic,True,0.3407600947100075
cfg_0110001,3,synchronization_bursty,synchronization_bursty,True,1.1121694641671
cfg_0110001,4,sparse_periodic,sparse_periodic,True,2.351325601040567
cfg_0110001,4,dense_periodic,dense_periodic,True,0.2990446285458812
cfg_0110001,4,synchronization_bursty,synchronization_bursty,True,0.8808535738629116
cfg_0110001,5,sparse_periodic,sparse_periodic,True,0.5207799525185053
cfg_0110001,5,dense_periodic,dense_periodic,True,0.3621151248365993
cfg_0110001,5,synchronization_bursty,synchronization_bursty,True,0.4524522486710108
cfg_0110001,6,sparse_periodic,sparse_periodic,True,0.8082354126802178
cfg_0110001,6,dense_periodic,dense_periodic,True,0.6232808064744912
cfg_0110001,6,synchronization_bursty,synchronization_bursty,True,0.24691546504438053
cfg_0110001,7,sparse_periodic,sparse_periodic,True,2.364301343537515
cfg_0110001,7,dense_periodic,dense_periodic,True,0.3910479275259271
cfg_0110001,7,synchronization_bursty,synchronization_bursty,True,1.7284121794928162
cfg_0110001,8,sparse_periodic,sparse_periodic,True,0.49884038281052656
cfg_0110001,8,dense_periodic,dense_periodic,True,0.2595749665456802
cfg_0110001,8,synchronization_bursty,synchronization_bursty,True,0.8871707976643977
cfg_0110001,9,sparse_periodic,sparse_periodic,True,0.9684515537464319
cfg_0110001,9,dense_periodic,dense_periodic,True,0.3311783410799756
cfg_0110001,9,synchronization_bursty,synchronization_bursty,True,0.22002960045897238
cfg_0110010,0,sparse_periodic,sparse_periodic,True,0.33970277811640687
cfg_0110010,0,dense_periodic,dense_periodic,True,0.258818804515882
cfg_0110010,0,synchronization_bursty,synchronization_bursty,True,1.8315397079158862
cfg_0110010,1,sparse_periodic,sparse_periodic,True,0.06573063006892313
cfg_0110010,1,dense_periodic,dense_periodic,True,0.03326609282501119
cfg_0110010,1,synchronization_bursty,synchronization_bursty,True,1.8781314052388371
cfg_0110010,2,sparse_periodic,sparse_periodic,True,0.06272048037116917
cfg_0110010,2,dense_periodic,dense_periodic,True,0.20158358908615703
cfg_0110010,2,synchronization_bursty,synchronization_bursty,True,0.8175304841372427
cfg_0110010,3,sparse_periodic,sparse_periodic,True,0.21690979579335565
cfg_0110010,3,dense_periodic,dense_periodic,True,0.38323986831843654
cfg_0110010,3,synchronization_bursty,synchronization_bursty,True,0.8206325373994765
cfg_0110010,4,sparse_periodic,sparse_periodic,True,0.38979215143067264
cfg_0110010,4,dense_periodic,dense_periodic,True,0.049355601699188595
cfg_0110010,4,synchronization_bursty,synchronization_bursty,True,1.6008661043768797
cfg_0110010,5,sparse_periodic,sparse_periodic,True,0.6614856207894316
cfg_0110010,5,dense_periodic,dense_periodic,True,0.3961716797398991
cfg_0110010,5,synchronization_bursty,synchronization_bursty,True,0.9794157759275715
cfg_0110010,6,sparse_periodic,sparse_periodic,True,0.22146391855673583
cfg_0110010,6,dense_periodic,dense_periodic,True,0.036996771415912656
cfg_0110010,6,synchronization_bursty,synchronization_bursty,True,0.8197363096698718
cfg_0110010,7,sparse_periodic,sparse_periodic,True,0.3701191988434614
cfg_0110010,7,dense_periodic,dense_periodic,True,0.39017073652134276
cfg_0110010,7,synchronization_bursty,synchronization_bursty,True,0.9343433073086714
cfg_0110010,8,sparse_periodic,sparse_periodic,True,0.05855746429721394
cfg_0110010,8,dense_periodic,dense_periodic,True,0.0382118760052618
cfg_0110010,8,synchronization_bursty,synchronization_bursty,True,1.7169688540597428
cfg_0110010,9,sparse_periodic,sparse_periodic,True,0.09530824997111284
cfg_0110010,9,dense_periodic,dense_periodic,True,0.13274854757761226
cfg_0110010,9,synchronization_bursty,synchronization_bursty,True,1.7917131519339484
cfg_0110011,0,sparse_periodic,sparse_periodic,True,1.456036735613051
cfg_0110011,0,dense_periodic,dense_periodic,True,1.1443764394270415
cfg_0110011,0,synchronization_bursty,synchronization_bursty,True,0.6321074085638453
cfg_0110011,1,sparse_periodic,sparse_periodic,True,0.29801071312741156
cfg_0110011,1,dense_periodic,dense_periodic,True,5.083277128230736
cfg_0110011,1,synchronization_bursty,synchronization_bursty,True,0.7682999209992849
cfg_0110011,2,sparse_periodic,sparse_periodic,True,0.2891290887160821
cfg_0110011,2,dense_periodic,dense_periodic,True,1.178335650834213
cfg_0110011,2,synchronization_bursty,synchronization_bursty,True,0.21731871325918445
cfg_0110011,3,sparse_periodic,sparse_periodic,True,0.922114342399733
cfg_0110011,3,dense_periodic,dense_periodic,True,1.0789995841512563
cfg_0110011,3,synchronization_bursty,synchronization_bursty,True,3.4746462378616134
cfg_0110011,4,sparse_periodic,sparse_periodic,True,1.5807425173795902
cfg_0110011,4,dense_periodic,dense_periodic,True,1.219975545603804
cfg_0110011,4,synchronization_bursty,synchronization_bursty,True,1.154411112297933
cfg_0110011,5,sparse_periodic,sparse_periodic,True,2.734361559233825
cfg_0110011,5,dense_periodic,dense_periodic,True,2.549056559734998
cfg_0110011,5,synchronization_bursty,synchronization_bursty,True,0.7505020488964077
cfg_0110011,6,sparse_periodic,sparse_periodic,True,0.9091151606378717
cfg_0110011,6,dense_periodic,dense_periodic,True,5.072526688764329
cfg_0110011,6,synchronization_bursty,synchronization_bursty,True,0.6202567253942349
cfg_0110011,7,sparse_periodic,sparse_periodic,True,1.5957052364197537
cfg_0110011,7,dense_periodic,dense_periodic,True,2.5931927161762136
cfg_0110011,7,synchronization_bursty,synchronization_bursty,True,3.4730818125720813
cfg_0110011,8,sparse_periodic,sparse_periodic,True,0.28485086551148764
cfg_0110011,8,dense_periodic,dense_periodic,True,1.2164795600421947
cfg_0110011,8,synchronization_bursty,synchronization_bursty,True,1.142879569887718
cfg_0110011,9,sparse_periodic,sparse_periodic,True,0.3244519523639257
cfg_0110011,9,dense_periodic,dense_periodic,True,1.977609683514668
cfg_0110011,9,synchronization_bursty,synchronization_bursty,True,0.6206208381822007
cfg_0110100,0,sparse_periodic,sparse_periodic,True,0.49797346873225945
cfg_0110100,0,dense_periodic,dense_periodic,True,0.22533238900204913
cfg_0110100,0,synchronization_bursty,synchronization_bursty,True,0.5513464610745481
cfg_0110100,1,sparse_periodic,sparse_periodic,True,0.5491604013918407
cfg_0110100,1,dense_periodic,dense_periodic,True,0.03006923083170254
cfg_0110100,1,synchronization_bursty,synchronization_bursty,True,0.6669980604360846
cfg_0110100,2,sparse_periodic,sparse_periodic,True,0.5321832020922193
cfg_0110100,2,dense_periodic,dense_periodic,True,0.17585504117252837
cfg_0110100,2,synchronization_bursty,synchronization_bursty,True,0.27099812443954513
cfg_0110100,3,sparse_periodic,sparse_periodic,True,0.5193932890296787
cfg_0110100,3,dense_periodic,dense_periodic,True,0.3342276043137016
cfg_0110100,3,synchronization_bursty,synchronization_bursty,True,0.6088888413989791
cfg_0110100,4,sparse_periodic,sparse_periodic,True,2.396863085939785
cfg_0110100,4,dense_periodic,dense_periodic,True,0.04223571112515501
cfg_0110100,4,synchronization_bursty,synchronization_bursty,True,1.0522781384969266
cfg_0110100,5,sparse_periodic,sparse_periodic,True,0.5233445125332987
cfg_0110100,5,dense_periodic,dense_periodic,True,0.34398590649897903
cfg_0110100,5,synchronization_bursty,synchronization_bursty,True,0.6020330755813914
cfg_0110100,6,sparse_periodic,sparse_periodic,True,0.7959965231645094
cfg_0110100,6,dense_periodic,dense_periodic,True,0.031684583686687064
cfg_0110100,6,synchronization_bursty,synchronization_bursty,True,0.2596912519605779
cfg_0110100,7,sparse_periodic,sparse_periodic,True,2.3686490355226
cfg_0110100,7,dense_periodic,dense_periodic,True,0.33952464264698695
cfg_0110100,7,synchronization_bursty,synchronization_bursty,True,0.43655181294019135
cfg_0110100,8,sparse_periodic,sparse_periodic,True,0.5097065578267965
cfg_0110100,8,dense_periodic,dense_periodic,True,0.03289774644911497
cfg_0110100,8,synchronization_bursty,synchronization_bursty,True,1.5404137321518252
cfg_0110100,9,sparse_periodic,sparse_periodic,True,0.9463672268345327
cfg_0110100,9,dense_periodic,dense_periodic,True,0.11554068831413264
cfg_0110100,9,synchronization_bursty,sparse_periodic,False,0.6308772780494821
cfg_0110101,0,sparse_periodic,sparse_periodic,True,0.493533517736054
cfg_0110101,0,dense_periodic,dense_periodic,True,0.28409639135512565
cfg_0110101,0,synchronization_bursty,synchronization_bursty,True,0.23761177983977044
cfg_0110101,1,sparse_periodic,sparse_periodic,True,0.5389237690014083
cfg_0110101,1,dense_periodic,dense_periodic,True,0.623306745653814
cfg_0110101,1,synchronization_bursty,synchronization_bursty,True,0.44124392242644883
cfg_0110101,2,sparse_periodic,sparse_periodic,True,0.526016935785481
cfg_0110101,2,dense_periodic,dense_periodic,True,0.5988719568812402
cfg_0110101,2,synchronization_bursty,synchronization_bursty,True,0.2410436665016835
cfg_0110101,3,sparse_periodic,sparse_periodic,True,0.5119383636867112
cfg_0110101,3,dense_periodic,dense_periodic,True,0.3407600947100075
cfg_0110101,3,synchronization_bursty,synchronization_bursty,True,1.1121694641671
cfg_0110101,4,sparse_periodic,sparse_periodic,True,2.351325601040567
cfg_0110101,4,dense_periodic,dense_periodic,True,0.2990446285458812
cfg_0110101,4,synchronization_bursty,synchronization_bursty,True,0.8808535738629116
cfg_0110101,5,sparse_periodic,sparse_periodic,True,0.5207799525185053
cfg_0110101,5,dense_periodic,dense_periodic,True,0.3621151248365993
cfg_0110101,5,synchronization_bursty,synchronization_bursty,True,0.4524522486710108
cfg_0110101,6,sparse_periodic,sparse_periodic,True,0.8082354126802178
cfg_0110101,6,dense_periodic,dense_periodic,True,0.6232808064744912
cfg_0110101,6,synchronization_bursty,synchronization_bursty,True,0.24691546504438053
cfg_0110101,7,sparse_periodic,sparse_periodic,True,2.364301343537515
cfg_0110101,7,dense_periodic,dense_periodic,True,0.3910479275259271
cfg_0110101,7,synchronization_bursty,synchronization_bursty,True,1.7284121794928162
cfg_0110101,8,sparse_periodic,sparse_periodic,True,0.49884038281052656
cfg_0110101,8,dense_periodic,dense_periodic,True,0.2595749665456802
cfg_0110101,8,synchronization_bursty,synchronization_bursty,True,0.8871707976643977
cfg_0110101,9,sparse_periodic,sparse_periodic,True,0.9684515537464319
cfg_0110101,9,dense_periodic,dense_periodic,True,0.3311783410799756
cfg_0110101,9,synchronization_bursty,synchronization_bursty,True,0.22002960045897238
cfg_0110110,0,sparse_periodic,sparse_periodic,True,0.33970277811640687
cfg_0110110,0,dense_periodic,dense_periodic,True,0.258818804515882
cfg_0110110,0,synchronization_bursty,synchronization_bursty,True,1.8315397079158862
cfg_0110110,1,sparse_periodic,sparse_periodic,True,0.06573063006892313
cfg_0110110,1,dense_periodic,dense_periodic,True,0.03326609282501119
cfg_0110110,1,synchronization_bursty,synchronization_bursty,True,1.8781314052388371
cfg_0110110,2,sparse_periodic,sparse_periodic,True,0.06272048037116917
cfg_0110110,2,dense_periodic,dense_periodic,True,0.20158358908615703
cfg_0110110,2,synchronization_bursty,synchronization_bursty,True,0.8175304841372427
cfg_0110110,3,sparse_periodic,sparse_periodic,True,0.21690979579335565
cfg_0110110,3,dense_periodic,dense_periodic,True,0.38323986831843654
cfg_0110110,3,synchronization_bursty,synchronization_bursty,True,0.8206325373994765
cfg_0110110,4,sparse_periodic,sparse_periodic,True,0.38979215143067264
cfg_0110110,4,dense_periodic,dense_periodic,True,0.049355601699188595
cfg_0110110,4,synchronization_bursty,synchronization_bursty,True,1.6008661043768797
cfg_0110110,5,sparse_periodic,sparse_periodic,True,0.6614856207894316
cfg_0110110,5,dense_periodic,dense_periodic,True,0.3961716797398991
cfg_0110110,5,synchronization_bursty,synchronization_bursty,True,0.9794157759275715
cfg_0110110,6,sparse_periodic,sparse_periodic,True,0.22146391855673583
cfg_0110110,6,dense_periodic,dense_periodic,True,0.036996771415912656
cfg_0110110,6,synchronization_bursty,synchronization_bursty,True,0.8197363096698718
cfg_0110110,7,sparse_periodic,sparse_periodic,True,0.3701191988434614
cfg_0110110,7,dense_periodic,dense_periodic,True,0.39017073652134276
cfg_0110110,7,synchronization_bursty,synchronization_bursty,True,0.9343433073086714
cfg_0110110,8,sparse_periodic,sparse_periodic,True,0.05855746429721394
cfg_0110110,8,dense_periodic,dense_periodic,True,0.0382118760052618
cfg_0110110,8,synchronization_bursty,synchronization_bursty,True,1.7169688540597428
cfg_0110110,9,sparse_periodic,sparse_periodic,True,0.09530824997111284
cfg_0110110,9,dense_periodic,dense_periodic,True,0.13274854757761226
cfg_0110110,9,synchronization_bursty,synchronization_bursty,True,1.7917131519339484
cfg_0110111,0,sparse_periodic,sparse_periodic,True,1.456036735613051
cfg_0110111,0,dense_periodic,dense_periodic,True,1.1443764394270415
cfg_0110111,0,synchronization_bursty,synchronization_bursty,True,0.6321074085638453
cfg_0110111,1,sparse_periodic,sparse_periodic,True,0.29801071312741156
cfg_0110111,1,dense_periodic,dense_periodic,True,5.083277128230736
cfg_0110111,1,synchronization_bursty,synchronization_bursty,True,0.7682999209992849
cfg_0110111,2,sparse_periodic,sparse_periodic,True,0.2891290887160821
cfg_0110111,2,dense_periodic,dense_periodic,True,1.178335650834213
cfg_0110111,2,synchronization_bursty,synchronization_bursty,True,0.21731871325918445
cfg_0110111,3,sparse_periodic,sparse_periodic,True,0.922114342399733
cfg_0110111,3,dense_periodic,dense_periodic,True,1.0789995841512563
cfg_0110111,3,synchronization_bursty,synchronization_bursty,True,3.4746462378616134
cfg_0110111,4,sparse_periodic,sparse_periodic,True,1.5807425173795902
cfg_0110111,4,dense_periodic,dense_periodic,True,1.219975545603804
cfg_0110111,4,synchronization_bursty,synchronization_bursty,True,1.154411112297933
cfg_0110111,5,sparse_periodic,sparse_periodic,True,2.734361559233825
cfg_0110111,5,dense_periodic,dense_periodic,True,2.549056559734998
cfg_0110111,5,synchronization_bursty,synchronization_bursty,True,0.7505020488964077
cfg_0110111,6,sparse_periodic,sparse_periodic,True,0.9091151606378717
cfg_0110111,6,dense_periodic,dense_periodic,True,5.072526688764329
cfg_0110111,6,synchronization_bursty,synchronization_bursty,True,0.6202567253942349
cfg_0110111,7,sparse_periodic,sparse_periodic,True,1.5957052364197537
cfg_0110111,7,dense_periodic,dense_periodic,True,2.5931927161762136
cfg_0110111,7,synchronization_bursty,synchronization_bursty,True,3.4730818125720813
cfg_0110111,8,sparse_periodic,sparse_periodic,True,0.28485086551148764
cfg_0110111,8,dense_periodic,dense_periodic,True,1.2164795600421947
cfg_0110111,8,synchronization_bursty,synchronization_bursty,True,1.142879569887718
cfg_0110111,9,sparse_periodic,sparse_periodic,True,0.3244519523639257
cfg_0110111,9,dense_periodic,dense_periodic,True,1.977609683514668
cfg_0110111,9,synchronization_bursty,synchronization_bursty,True,0.6206208381822007
cfg_0111000,0,sparse_periodic,sparse_periodic,True,0.49797346873225945
cfg_0111000,0,dense_periodic,dense_periodic,True,0.22533238900204913
cfg_0111000,0,synchronization_bursty,synchronization_bursty,True,0.5513464610745481
cfg_0111000,1,sparse_periodic,sparse_periodic,True,0.5491604013918407
cfg_0111000,1,dense_periodic,dense_periodic,True,0.03006923083170254
cfg_0111000,1,synchronization_bursty,synchronization_bursty,True,0.6669980604360846
cfg_0111000,2,sparse_periodic,sparse_periodic,True,0.5321832020922193
cfg_0111000,2,dense_periodic,dense_periodic,True,0.17585504117252837
cfg_0111000,2,synchronization_bursty,synchronization_bursty,True,0.27099812443954513
cfg_0111000,3,sparse_periodic,sparse_periodic,True,0.5193932890296787
cfg_0111000,3,dense_periodic,dense_periodic,True,0.3342276043137016
cfg_0111000,3,synchronization_bursty,synchronization_bursty,True,0.6088888413989791
cfg_0111000,4,sparse_periodic,sparse_periodic,True,2.396863085939785
cfg_0111000,4,dense_periodic,dense_periodic,True,0.04223571112515501
cfg_0111000,4,synchronization_bursty,synchronization_bursty,True,1.0522781384969266
cfg_0111000,5,sparse_periodic,sparse_periodic,True,0.5233445125332987
cfg_0111000,5,dense_periodic,dense_periodic,True,0.34398590649897903
cfg_0111000,5,synchronization_bursty,synchronization_bursty,True,0.6020330755813914
cfg_0111000,6,sparse_periodic,sparse_periodic,True,0.7959965231645094
cfg_0111000,6,dense_periodic,dense_periodic,True,0.031684583686687064
cfg_0111000,6,synchronization_bursty,synchronization_bursty,True,0.2596912519605779
cfg_0111000,7,sparse_periodic,sparse_periodic,True,2.3686490355226
cfg_0111000,7,dense_periodic,dense_periodic,True,0.33952464264698695
cfg_0111000,7,synchronization_bursty,synchronization_bursty,True,0.43655181294019135
cfg_0111000,8,sparse_periodic,sparse_periodic,True,0.5097065578267965
cfg_0111000,8,dense_periodic,dense_periodic,True,0.03289774644911497
cfg_0111000,8,synchronization_bursty,synchronization_bursty,True,1.5404137321518252
cfg_0111000,9,sparse_periodic,sparse_periodic,True,0.9463672268345327
cfg_0111000,9,dense_periodic,dense_periodic,True,0.11554068831413264
cfg_0111000,9,synchronization_bursty,sparse_periodic,False,0.6308772780494821
cfg_0111001,0,sparse_periodic,sparse_periodic,True,0.493533517736054
cfg_0111001,0,dense_periodic,dense_periodic,True,0.28409639135512565
cfg_0111001,0,synchronization_bursty,synchronization_bursty,True,0.23761177983977044
cfg_0111001,1,sparse_periodic,sparse_periodic,True,0.5389237690014083
cfg_0111001,1,dense_periodic,dense_periodic,True,0.623306745653814
cfg_0111001,1,synchronization_bursty,synchronization_bursty,True,0.44124392242644883
cfg_0111001,2,sparse_periodic,sparse_periodic,True,0.526016935785481
cfg_0111001,2,dense_periodic,dense_periodic,True,0.5988719568812402
cfg_0111001,2,synchronization_bursty,synchronization_bursty,True,0.2410436665016835
cfg_0111001,3,sparse_periodic,sparse_periodic,True,0.5119383636867112
cfg_0111001,3,dense_periodic,dense_periodic,True,0.3407600947100075
cfg_0111001,3,synchronization_bursty,synchronization_bursty,True,1.1121694641671
cfg_0111001,4,sparse_periodic,sparse_periodic,True,2.351325601040567
cfg_0111001,4,dense_periodic,dense_periodic,True,0.2990446285458812
cfg_0111001,4,synchronization_bursty,synchronization_bursty,True,0.8808535738629116
cfg_0111001,5,sparse_periodic,sparse_periodic,True,0.5207799525185053
cfg_0111001,5,dense_periodic,dense_periodic,True,0.3621151248365993
cfg_0111001,5,synchronization_bursty,synchronization_bursty,True,0.4524522486710108
cfg_0111001,6,sparse_periodic,sparse_periodic,True,0.8082354126802178
cfg_0111001,6,dense_periodic,dense_periodic,True,0.6232808064744912
cfg_0111001,6,synchronization_bursty,synchronization_bursty,True,0.24691546504438053
cfg_0111001,7,sparse_periodic,sparse_periodic,True,2.364301343537515
cfg_0111001,7,dense_periodic,dense_periodic,True,0.3910479275259271
cfg_0111001,7,synchronization_bursty,synchronization_bursty,True,1.7284121794928162
cfg_0111001,8,sparse_periodic,sparse_periodic,True,0.49884038281052656
cfg_0111001,8,dense_periodic,dense_periodic,True,0.2595749665456802
cfg_0111001,8,synchronization_bursty,synchronization_bursty,True,0.8871707976643977
cfg_0111001,9,sparse_periodic,sparse_periodic,True,0.9684515537464319
cfg_0111001,9,dense_periodic,dense_periodic,True,0.3311783410799756
cfg_0111001,9,synchronization_bursty,synchronization_bursty,True,0.22002960045897238
cfg_0111010,0,sparse_periodic,sparse_periodic,True,0.33970277811640687
cfg_0111010,0,dense_periodic,dense_periodic,True,0.258818804515882
cfg_0111010,0,synchronization_bursty,synchronization_bursty,True,1.8315397079158862
cfg_0111010,1,sparse_periodic,sparse_periodic,True,0.06573063006892313
cfg_0111010,1,dense_periodic,dense_periodic,True,0.03326609282501119
cfg_0111010,1,synchronization_bursty,synchronization_bursty,True,1.8781314052388371
cfg_0111010,2,sparse_periodic,sparse_periodic,True,0.06272048037116917
cfg_0111010,2,dense_periodic,dense_periodic,True,0.20158358908615703
cfg_0111010,2,synchronization_bursty,synchronization_bursty,True,0.8175304841372427
cfg_0111010,3,sparse_periodic,sparse_periodic,True,0.21690979579335565
cfg_0111010,3,dense_periodic,dense_periodic,True,0.38323986831843654
cfg_0111010,3,synchronization_bursty,synchronization_bursty,True,0.8206325373994765
cfg_0111010,4,sparse_periodic,sparse_periodic,True,0.38979215143067264
cfg_0111010,4,dense_periodic,dense_periodic,True,0.049355601699188595
cfg_0111010,4,synchronization_bursty,synchronization_bursty,True,1.6008661043768797
cfg_0111010,5,sparse_periodic,sparse_periodic,True,0.6614856207894316
cfg_0111010,5,dense_periodic,dense_periodic,True,0.3961716797398991
cfg_0111010,5,synchronization_bursty,synchronization_bursty,True,0.9794157759275715
cfg_0111010,6,sparse_periodic,sparse_periodic,True,0.22146391855673583
cfg_0111010,6,dense_periodic,dense_periodic,True,0.036996771415912656
cfg_0111010,6,synchronization_bursty,synchronization_bursty,True,0.8197363096698718
cfg_0111010,7,sparse_periodic,sparse_periodic,True,0.3701191988434614
cfg_0111010,7,dense_periodic,dense_periodic,True,0.39017073652134276
cfg_0111010,7,synchronization_bursty,synchronization_bursty,True,0.9343433073086714
cfg_0111010,8,sparse_periodic,sparse_periodic,True,0.05855746429721394
cfg_0111010,8,dense_periodic,dense_periodic,True,0.0382118760052618
cfg_0111010,8,synchronization_bursty,synchronization_bursty,True,1.7169688540597428
cfg_0111010,9,sparse_periodic,sparse_periodic,True,0.09530824997111284
cfg_0111010,9,dense_periodic,dense_periodic,True,0.13274854757761226
cfg_0111010,9,synchronization_bursty,synchronization_bursty,True,1.7917131519339484
cfg_0111011,0,sparse_periodic,sparse_periodic,True,1.456036735613051
cfg_0111011,0,dense_periodic,dense_periodic,True,1.1443764394270415
cfg_0111011,0,synchronization_bursty,synchronization_bursty,True,0.6321074085638453
cfg_0111011,1,sparse_periodic,sparse_periodic,True,0.29801071312741156
cfg_0111011,1,dense_periodic,dense_periodic,True,5.083277128230736
cfg_0111011,1,synchronization_bursty,synchronization_bursty,True,0.7682999209992849
cfg_0111011,2,sparse_periodic,sparse_periodic,True,0.2891290887160821
cfg_0111011,2,dense_periodic,dense_periodic,True,1.178335650834213
cfg_0111011,2,synchronization_bursty,synchronization_bursty,True,0.21731871325918445
cfg_0111011,3,sparse_periodic,sparse_periodic,True,0.922114342399733
cfg_0111011,3,dense_periodic,dense_periodic,True,1.0789995841512563
cfg_0111011,3,synchronization_bursty,synchronization_bursty,True,3.4746462378616134
cfg_0111011,4,sparse_periodic,sparse_periodic,True,1.5807425173795902
cfg_0111011,4,dense_periodic,dense_periodic,True,1.219975545603804
cfg_0111011,4,synchronization_bursty,synchronization_bursty,True,1.154411112297933
cfg_0111011,5,sparse_periodic,sparse_periodic,True,2.734361559233825
cfg_0111011,5,dense_periodic,dense_periodic,True,2.549056559734998
cfg_0111011,5,synchronization_bursty,synchronization_bursty,True,0.7505020488964077
cfg_0111011,6,sparse_periodic,sparse_periodic,True,0.9091151606378717
cfg_0111011,6,dense_periodic,dense_periodic,True,5.072526688764329
cfg_0111011,6,synchronization_bursty,synchronization_bursty,True,0.6202567253942349
cfg_0111011,7,sparse_periodic,sparse_periodic,True,1.5957052364197537
cfg_0111011,7,dense_periodic,dense_periodic,True,2.5931927161762136
cfg_0111011,7,synchronization_bursty,synchronization_bursty,True,3.4730818125720813
cfg_0111011,8,sparse_periodic,sparse_periodic,True,0.28485086551148764
cfg_0111011,8,dense_periodic,dense_periodic,True,1.2164795600421947
cfg_0111011,8,synchronization_bursty,synchronization_bursty,True,1.142879569887718
cfg_0111011,9,sparse_periodic,sparse_periodic,True,0.3244519523639257
cfg_0111011,9,dense_periodic,dense_periodic,True,1.977609683514668
cfg_0111011,9,synchronization_bursty,synchronization_bursty,True,0.6206208381822007
cfg_0111100,0,sparse_periodic,sparse_periodic,True,0.49797346873225945
cfg_0111100,0,dense_periodic,dense_periodic,True,0.22533238900204913
cfg_0111100,0,synchronization_bursty,synchronization_bursty,True,0.5513464610745481
cfg_0111100,1,sparse_periodic,sparse_periodic,True,0.5491604013918407
cfg_0111100,1,dense_periodic,dense_periodic,True,0.03006923083170254
cfg_0111100,1,synchronization_bursty,synchronization_bursty,True,0.6669980604360846
cfg_0111100,2,sparse_periodic,sparse_periodic,True,0.5321832020922193
cfg_0111100,2,dense_periodic,dense_periodic,True,0.17585504117252837
cfg_0111100,2,synchronization_bursty,synchronization_bursty,True,0.27099812443954513
cfg_0111100,3,sparse_periodic,sparse_periodic,True,0.5193932890296787
cfg_0111100,3,dense_periodic,dense_periodic,True,0.3342276043137016
cfg_0111100,3,synchronization_bursty,synchronization_bursty,True,0.6088888413989791
cfg_0111100,4,sparse_periodic,sparse_periodic,True,2.396863085939785
cfg_0111100,4,dense_periodic,dense_periodic,True,0.04223571112515501
cfg_0111100,4,synchronization_bursty,synchronization_bursty,True,1.0522781384969266
cfg_0111100,5,sparse_periodic,sparse_periodic,True,0.5233445125332987
cfg_0111100,5,dense_periodic,dense_periodic,True,0.34398590649897903
cfg_0111100,5,synchronization_bursty,synchronization_bursty,True,0.6020330755813914
cfg_0111100,6,sparse_periodic,sparse_periodic,True,0.7959965231645094
cfg_0111100,6,dense_periodic,dense_periodic,True,0.031684583686687064
cfg_0111100,6,synchronization_bursty,synchronization_bursty,True,0.2596912519605779
cfg_0111100,7,sparse_periodic,sparse_periodic,True,2.3686490355226
cfg_0111100,7,dense_periodic,dense_periodic,True,0.33952464264698695
cfg_0111100,7,synchronization_bursty,synchronization_bursty,True,0.43655181294019135
cfg_0111100,8,sparse_periodic,sparse_periodic,True,0.5097065578267965
cfg_0111100,8,dense_periodic,dense_periodic,True,0.03289774644911497
cfg_0111100,8,synchronization_bursty,synchronization_bursty,True,1.5404137321518252
cfg_0111100,9,sparse_periodic,sparse_periodic,True,0.9463672268345327
cfg_0111100,9,dense_periodic,dense_periodic,True,0.11554068831413264
cfg_0111100,9,synchronization_bursty,sparse_periodic,False,0.6308772780494821
cfg_0111101,0,sparse_periodic,sparse_periodic,True,0.493533517736054
cfg_0111101,0,dense_periodic,dense_periodic,True,0.28409639135512565
cfg_0111101,0,synchronization_bursty,synchronization_bursty,True,0.23761177983977044
cfg_0111101,1,sparse_periodic,sparse_periodic,True,0.5389237690014083
cfg_0111101,1,dense_periodic,dense_periodic,True,0.623306745653814
cfg_0111101,1,synchronization_bursty,synchronization_bursty,True,0.44124392242644883
cfg_0111101,2,sparse_periodic,sparse_periodic,True,0.526016935785481
cfg_0111101,2,dense_periodic,dense_periodic,True,0.5988719568812402
cfg_0111101,2,synchronization_bursty,synchronization_bursty,True,0.2410436665016835
cfg_0111101,3,sparse_periodic,sparse_periodic,True,0.5119383636867112
cfg_0111101,3,dense_periodic,dense_periodic,True,0.3407600947100075
cfg_0111101,3,synchronization_bursty,synchronization_bursty,True,1.1121694641671
cfg_0111101,4,sparse_periodic,sparse_periodic,True,2.351325601040567
cfg_0111101,4,dense_periodic,dense_periodic,True,0.2990446285458812
cfg_0111101,4,synchronization_bursty,synchronization_bursty,True,0.8808535738629116
cfg_0111101,5,sparse_periodic,sparse_periodic,True,0.5207799525185053
cfg_0111101,5,dense_periodic,dense_periodic,True,0.3621151248365993
cfg_0111101,5,synchronization_bursty,synchronization_bursty,True,0.4524522486710108
cfg_0111101,6,sparse_periodic,sparse_periodic,True,0.8082354126802178
cfg_0111101,6,dense_periodic,dense_periodic,True,0.6232808064744912
cfg_0111101,6,synchronization_bursty,synchronization_bursty,True,0.24691546504438053
cfg_0111101,7,sparse_periodic,sparse_periodic,True,2.364301343537515
cfg_0111101,7,dense_periodic,dense_periodic,True,0.3910479275259271
cfg_0111101,7,synchronization_bursty,synchronization_bursty,True,1.7284121794928162
cfg_0111101,8,sparse_periodic,sparse_periodic,True,0.49884038281052656
cfg_0111101,8,dense_periodic,dense_periodic,True,0.2595749665456802
cfg_0111101,8,synchronization_bursty,synchronization_bursty,True,0.8871707976643977
cfg_0111101,9,sparse_periodic,sparse_periodic,True,0.9684515537464319
cfg_0111101,9,dense_periodic,dense_periodic,True,0.3311783410799756
cfg_0111101,9,synchronization_bursty,synchronization_bursty,True,0.22002960045897238
cfg_0111110,0,sparse_periodic,sparse_periodic,True,0.33970277811640687
cfg_0111110,0,dense_periodic,dense_periodic,True,0.258818804515882
cfg_0111110,0,synchronization_bursty,synchronization_bursty,True,1.8315397079158862
cfg_0111110,1,sparse_periodic,sparse_periodic,True,0.06573063006892313
cfg_0111110,1,dense_periodic,dense_periodic,True,0.03326609282501119
cfg_0111110,1,synchronization_bursty,synchronization_bursty,True,1.8781314052388371
cfg_0111110,2,sparse_periodic,sparse_periodic,True,0.06272048037116917
cfg_0111110,2,dense_periodic,dense_periodic,True,0.20158358908615703
cfg_0111110,2,synchronization_bursty,synchronization_bursty,True,0.8175304841372427
cfg_0111110,3,sparse_periodic,sparse_periodic,True,0.21690979579335565
cfg_0111110,3,dense_periodic,dense_periodic,True,0.38323986831843654
cfg_0111110,3,synchronization_bursty,synchronization_bursty,True,0.8206325373994765
cfg_0111110,4,sparse_periodic,sparse_periodic,True,0.38979215143067264
cfg_0111110,4,dense_periodic,dense_periodic,True,0.049355601699188595
cfg_0111110,4,synchronization_bursty,synchronization_bursty,True,1.6008661043768797
cfg_0111110,5,sparse_periodic,sparse_periodic,True,0.6614856207894316
cfg_0111110,5,dense_periodic,dense_periodic,True,0.3961716797398991
cfg_0111110,5,synchronization_bursty,synchronization_bursty,True,0.9794157759275715
cfg_0111110,6,sparse_periodic,sparse_periodic,True,0.22146391855673583
cfg_0111110,6,dense_periodic,dense_periodic,True,0.036996771415912656
cfg_0111110,6,synchronization_bursty,synchronization_bursty,True,0.8197363096698718
cfg_0111110,7,sparse_periodic,sparse_periodic,True,0.3701191988434614
cfg_0111110,7,dense_periodic,dense_periodic,True,0.39017073652134276
cfg_0111110,7,synchronization_bursty,synchronization_bursty,True,0.9343433073086714
cfg_0111110,8,sparse_periodic,sparse_periodic,True,0.05855746429721394
cfg_0111110,8,dense_periodic,dense_periodic,True,0.0382118760052618
cfg_0111110,8,synchronization_bursty,synchronization_bursty,True,1.7169688540597428
cfg_0111110,9,sparse_periodic,sparse_periodic,True,0.09530824997111284
cfg_0111110,9,dense_periodic,dense_periodic,True,0.13274854757761226
cfg_0111110,9,synchronization_bursty,synchronization_bursty,True,1.7917131519339484
cfg_0111111,0,sparse_periodic,sparse_periodic,True,1.456036735613051
cfg_0111111,0,dense_periodic,dense_periodic,True,1.1443764394270415
cfg_0111111,0,synchronization_bursty,synchronization_bursty,True,0.6321074085638453
cfg_0111111,1,sparse_periodic,sparse_periodic,True,0.29801071312741156
cfg_0111111,1,dense_periodic,dense_periodic,True,5.083277128230736
cfg_0111111,1,synchronization_bursty,synchronization_bursty,True,0.7682999209992849
cfg_0111111,2,sparse_periodic,sparse_periodic,True,0.2891290887160821
cfg_0111111,2,dense_periodic,dense_periodic,True,1.178335650834213
cfg_0111111,2,synchronization_bursty,synchronization_bursty,True,0.21731871325918445
cfg_0111111,3,sparse_periodic,sparse_periodic,True,0.922114342399733
cfg_0111111,3,dense_periodic,dense_periodic,True,1.0789995841512563
cfg_0111111,3,synchronization_bursty,synchronization_bursty,True,3.4746462378616134
cfg_0111111,4,sparse_periodic,sparse_periodic,True,1.5807425173795902
cfg_0111111,4,dense_periodic,dense_periodic,True,1.219975545603804
cfg_0111111,4,synchronization_bursty,synchronization_bursty,True,1.154411112297933
cfg_0111111,5,sparse_periodic,sparse_periodic,True,2.734361559233825
cfg_0111111,5,dense_periodic,dense_periodic,True,2.549056559734998
cfg_0111111,5,synchronization_bursty,synchronization_bursty,True,0.7505020488964077
cfg_0111111,6,sparse_periodic,sparse_periodic,True,0.9091151606378717
cfg_0111111,6,dense_periodic,dense_periodic,True,5.072526688764329
cfg_0111111,6,synchronization_bursty,synchronization_bursty,True,0.6202567253942349
cfg_0111111,7,sparse_periodic,sparse_periodic,True,1.5957052364197537
cfg_0111111,7,dense_periodic,dense_periodic,True,2.5931927161762136
cfg_0111111,7,synchronization_bursty,synchronization_bursty,True,3.4730818125720813
cfg_0111111,8,sparse_periodic,sparse_periodic,True,0.28485086551148764
cfg_0111111,8,dense_periodic,dense_periodic,True,1.2164795600421947
cfg_0111111,8,synchronization_bursty,synchronization_bursty,True,1.142879569887718
cfg_0111111,9,sparse_periodic,sparse_periodic,True,0.3244519523639257
cfg_0111111,9,dense_periodic,dense_periodic,True,1.977609683514668
cfg_0111111,9,synchronization_bursty,synchronization_bursty,True,0.6206208381822007
cfg_1000000,0,sparse_periodic,sparse_periodic,True,0.025802860997708878
cfg_1000000,0,dense_periodic,dense_periodic,True,0.05170070844378967
cfg_1000000,0,synchronization_bursty,synchronization_bursty,True,0.08502293535269068
cfg_1000000,1,sparse_periodic,sparse_periodic,True,0.00616632933322234
cfg_1000000,1,dense_periodic,dense_periodic,True,0.00872456528457511
cfg_1000000,1,synchronization_bursty,synchronization_bursty,True,0.17724008229734275
cfg_1000000,2,sparse_periodic,sparse_periodic,True,0.006164483196539834
cfg_1000000,2,dense_periodic,dense_periodic,True,0.03697345661597509
cfg_1000000,2,synchronization_bursty,synchronization_bursty,True,0.14849041045967526
cfg_1000000,3,sparse_periodic,sparse_periodic,True,0.021229317398513702
cfg_1000000,3,dense_periodic,dense_periodic,True,0.08116234448208963
cfg_1000000,3,synchronization_bursty,synchronization_bursty,True,0.1338792120310611
cfg_1000000,4,sparse_periodic,sparse_periodic,True,0.045053385918806685
cfg_1000000,4,dense_periodic,dense_periodic,True,0.0149907233859816
cfg_1000000,4,synchronization_bursty,synchronization_bursty,True,0.1304354514943272
cfg_1000000,5,sparse_periodic,sparse_periodic,True,0.05039565078462484
cfg_1000000,5,dense_periodic,dense_periodic,True,0.07353232755269594
cfg_1000000,5,synchronization_bursty,synchronization_bursty,True,0.2854545954795821
cfg_1000000,6,sparse_periodic,sparse_periodic,True,0.025773008252138078
cfg_1000000,6,dense_periodic,dense_periodic,True,0.008728979729740774
cfg_1000000,6,synchronization_bursty,synchronization_bursty,True,0.09305558948709433
cfg_1000000,7,sparse_periodic,sparse_periodic,True,0.045025711658185905
cfg_1000000,7,dense_periodic,dense_periodic,True,0.07326821050200953
cfg_1000000,7,synchronization_bursty,synchronization_bursty,True,0.14521987835425829
cfg_1000000,8,sparse_periodic,sparse_periodic,True,0.006134607658317277
cfg_1000000,8,dense_periodic,dense_periodic,True,0.015006996004458298
cfg_1000000,8,synchronization_bursty,synchronization_bursty,True,0.1305603335012665
cfg_1000000,9,sparse_periodic,sparse_periodic,True,0.006131042476163413
cfg_1000000,9,dense_periodic,dense_periodic,True,0.02786007338056284
cfg_1000000,9,synchronization_bursty,synchronization_bursty,True,0.09301702428523227
cfg_1000001,0,sparse_periodic,sparse_periodic,True,0.025756830593697808
cfg_1000001,0,dense_periodic,dense_periodic,True,0.11673636952359562
cfg_1000001,0,synchronization_bursty,synchronization_bursty,True,0.13210757571920964
cfg_1000001,1,sparse_periodic,sparse_periodic,True,0.0056940095806487494
cfg_1000001,1,dense_periodic,dense_periodic,True,0.08560275485348849
cfg_1000001,1,synchronization_bursty,synchronization_bursty,True,0.4937244490868386
cfg_1000001,2,sparse_periodic,sparse_periodic,True,0.005632984901882709
cfg_1000001,2,dense_periodic,dense_periodic,True,0.03811553234636109
cfg_1000001,2,synchronization_bursty,synchronization_bursty,True,0.1291691084262893
cfg_1000001,3,sparse_periodic,sparse_periodic,True,0.021173387505660887
cfg_1000001,3,dense_periodic,dense_periodic,True,0.13231836792993076
cfg_1000001,3,synchronization_bursty,synchronization_bursty,True,0.14247072691994028
cfg_1000001,4,sparse_periodic,sparse_periodic,True,0.04484259549674287
cfg_1000001,4,dense_periodic,dense_periodic,True,0.017732001506578252
cfg_1000001,4,synchronization_bursty,synchronization_bursty,True,0.340177313791126
cfg_1000001,5,sparse_periodic,sparse_periodic,True,0.05014542521794158
cfg_1000001,5,dense_periodic,dense_periodic,True,0.07404129344382325
cfg_1000001,5,synchronization_bursty,synchronization_bursty,True,0.16482393248231866
cfg_1000001,6,sparse_periodic,sparse_periodic,True,0.025727250294850193
cfg_1000001,6,dense_periodic,dense_periodic,True,0.08565938080653279
cfg_1000001,6,synchronization_bursty,synchronization_bursty,True,0.13875806921365524
cfg_1000001,7,sparse_periodic,sparse_periodic,True,0.04479276190512944
cfg_1000001,7,dense_periodic,dense_periodic,True,0.07376578287107936
cfg_1000001,7,synchronization_bursty,synchronization_bursty,True,0.13789554590424358
cfg_1000001,8,sparse_periodic,sparse_periodic,True,0.005660380504266924
cfg_1000001,8,dense_periodic,dense_periodic,True,0.017745714626342283
cfg_1000001,8,synchronization_bursty,synchronization_bursty,True,0.3402202071096898
cfg_1000001,9,sparse_periodic,sparse_periodic,True,0.005629265390354118
cfg_1000001,9,dense_periodic,dense_periodic,True,0.08964033004472118
cfg_1000001,9,synchronization_bursty,synchronization_bursty,True,0.13873024802506412
cfg_1000010,0,sparse_periodic,sparse_periodic,True,0.025802860997708878
cfg_1000010,0,dense_periodic,dense_periodic,True,0.05170070844378967
cfg_1000010,0,synchronization_bursty,synchronization_bursty,True,0.08502293535269068
cfg_1000010,1,sparse_periodic,sparse_periodic,True,0.00616632933322234
cfg_1000010,1,dense_periodic,dense_periodic,True,0.00872456528457511
cfg_1000010,1,synchronization_bursty,synchronization_bursty,True,0.17724008229734275
cfg_1000010,2,sparse_periodic,sparse_periodic,True,0.006164483196539834
cfg_1000010,2,dense_periodic,dense_periodic,True,0.03697345661597509
cfg_1000010,2,synchronization_bursty,synchronization_bursty,True,0.14849041045967526
cfg_1000010,3,sparse_periodic,sparse_periodic,True,0.021229317398513702
cfg_1000010,3,dense_periodic,dense_periodic,True,0.08116234448208963
cfg_1000010,3,synchronization_bursty,synchronization_bursty,True,0.1338792120310611
cfg_1000010,4,sparse_periodic,sparse_periodic,True,0.045053385918806685
cfg_1000010,4,dense_periodic,dense_periodic,True,0.0149907233859816
cfg_1000010,4,synchronization_bursty,synchronization_bursty,True,0.1304354514943272
cfg_1000010,5,sparse_periodic,sparse_periodic,True,0.05039565078462484
cfg_1000010,5,dense_periodic,dense_periodic,True,0.07353232755269594
cfg_1000010,5,synchronization_bursty,synchronization_bursty,True,0.2854545954795821
cfg_1000010,6,sparse_periodic,sparse_periodic,True,0.025773008252138078
cfg_1000010,6,dense_periodic,dense_periodic,True,0.008728979729740774
cfg_1000010,6,synchronization_bursty,synchronization_bursty,True,0.09305558948709433
cfg_1000010,7,sparse_periodic,sparse_periodic,True,0.045025711658185905
cfg_1000010,7,dense_periodic,dense_periodic,True,0.07326821050200953
cfg_1000010,7,synchronization_bursty,synchronization_bursty,True,0.14521987835425829
cfg_1000010,8,sparse_periodic,sparse_periodic,True,0.006134607658317277
cfg_1000010,8,dense_periodic,dense_periodic,True,0.015006996004458298
cfg_1000010,8,synchronization_bursty,synchronization_bursty,True,0.1305603335012665
cfg_1000010,9,sparse_periodic,sparse_periodic,True,0.006131042476163413
cfg_1000010,9,dense_periodic,dense_periodic,True,0.02786007338056284
cfg_1000010,9,synchronization_bursty,synchronization_bursty,True,0.09301702428523227
cfg_1000011,0,sparse_periodic,sparse_periodic,True,0.025756830593697808
cfg_1000011,0,dense_periodic,dense_periodic,True,0.11673636952359562
cfg_1000011,0,synchronization_bursty,synchronization_bursty,True,0.13210757571920964
cfg_1000011,1,sparse_periodic,sparse_periodic,True,0.0056940095806487494
cfg_1000011,1,dense_periodic,dense_periodic,True,0.08560275485348849
cfg_1000011,1,synchronization_bursty,synchronization_bursty,True,0.4937244490868386
cfg_1000011,2,sparse_periodic,sparse_periodic,True,0.005632984901882709
cfg_1000011,2,dense_periodic,dense_periodic,True,0.03811553234636109
cfg_1000011,2,synchronization_bursty,synchronization_bursty,True,0.1291691084262893
cfg_1000011,3,sparse_periodic,sparse_periodic,True,0.021173387505660887
cfg_1000011,3,dense_periodic,dense_periodic,True,0.13231836792993076
cfg_1000011,3,synchronization_bursty,synchronization_bursty,True,0.14247072691994028
cfg_1000011,4,sparse_periodic,sparse_periodic,True,0.04484259549674287
cfg_1000011,4,dense_periodic,dense_periodic,True,0.017732001506578252
cfg_1000011,4,synchronization_bursty,synchronization_bursty,True,0.340177313791126
cfg_1000011,5,sparse_periodic,sparse_periodic,True,0.05014542521794158
cfg_1000011,5,dense_periodic,dense_periodic,True,0.07404129344382325
cfg_1000011,5,synchronization_bursty,synchronization_bursty,True,0.16482393248231866
cfg_1000011,6,sparse_periodic,sparse_periodic,True,0.025727250294850193
cfg_1000011,6,dense_periodic,dense_periodic,True,0.08565938080653279
cfg_1000011,6,synchronization_bursty,synchronization_bursty,True,0.13875806921365524
cfg_1000011,7,sparse_periodic,sparse_periodic,True,0.04479276190512944
cfg_1000011,7,dense_periodic,dense_periodic,True,0.07376578287107936
cfg_1000011,7,synchronization_bursty,synchronization_bursty,True,0.13789554590424358
cfg_1000011,8,sparse_periodic,sparse_periodic,True,0.005660380504266924
cfg_1000011,8,dense_periodic,dense_periodic,True,0.017745714626342283
cfg_1000011,8,synchronization_bursty,synchronization_bursty,True,0.3402202071096898
cfg_1000011,9,sparse_periodic,sparse_periodic,True,0.005629265390354118
cfg_1000011,9,dense_periodic,dense_periodic,True,0.08964033004472118
cfg_1000011,9,synchronization_bursty,synchronization_bursty,True,0.13873024802506412
cfg_1000100,0,sparse_periodic,sparse_periodic,True,0.025802860997708878
cfg_1000100,0,dense_periodic,dense_periodic,True,0.05170070844378967
cfg_1000100,0,synchronization_bursty,synchronization_bursty,True,0.08502293535269068
cfg_1000100,1,sparse_periodic,sparse_periodic,True,0.00616632933322234
cfg_1000100,1,dense_periodic,dense_periodic,True,0.00872456528457511
cfg_1000100,1,synchronization_bursty,synchronization_bursty,True,0.17724008229734275
cfg_1000100,2,sparse_periodic,sparse_periodic,True,0.006164483196539834
cfg_1000100,2,dense_periodic,dense_periodic,True,0.03697345661597509
cfg_1000100,2,synchronization_bursty,synchronization_bursty,True,0.14849041045967526
cfg_1000100,3,sparse_periodic,sparse_periodic,True,0.021229317398513702
cfg_1000100,3,dense_periodic,dense_periodic,True,0.08116234448208963
cfg_1000100,3,synchronization_bursty,synchronization_bursty,True,0.1338792120310611
cfg_1000100,4,sparse_periodic,sparse_periodic,True,0.045053385918806685
cfg_1000100,4,dense_periodic,dense_periodic,True,0.0149907233859816
cfg_1000100,4,synchronization_bursty,synchronization_bursty,True,0.1304354514943272
cfg_1000100,5,sparse_periodic,sparse_periodic,True,0.05039565078462484
cfg_1000100,5,dense_periodic,dense_periodic,True,0.07353232755269594
cfg_1000100,5,synchronization_bursty,synchronization_bursty,True,0.2854545954795821
cfg_1000100,6,sparse_periodic,sparse_periodic,True,0.025773008252138078
cfg_1000100,6,dense_periodic,dense_periodic,True,0.008728979729740774
cfg_1000100,6,synchronization_bursty,synchronization_bursty,True,0.09305558948709433
cfg_1000100,7,sparse_periodic,sparse_periodic,True,0.045025711658185905
cfg_1000100,7,dense_periodic,dense_periodic,True,0.07326821050200953
cfg_1000100,7,synchronization_bursty,synchronization_bursty,True,0.14521987835425829
cfg_1000100,8,sparse_periodic,sparse_periodic,True,0.006134607658317277
cfg_1000100,8,dense_periodic,dense_periodic,True,0.015006996004458298
cfg_1000100,8,synchronization_bursty,synchronization_bursty,True,0.1305603335012665
cfg_1000100,9,sparse_periodic,sparse_periodic,True,0.006131042476163413
cfg_1000100,9,dense_periodic,dense_periodic,True,0.02786007338056284
cfg_1000100,9,synchronization_bursty,synchronization_bursty,True,0.09301702428523227
cfg_1000101,0,sparse_periodic,sparse_periodic,True,0.025756830593697808
cfg_1000101,0,dense_periodic,dense_periodic,True,0.11673636952359562
cfg_1000101,0,synchronization_bursty,synchronization_bursty,True,0.13210757571920964
cfg_1000101,1,sparse_periodic,sparse_periodic,True,0.0056940095806487494
cfg_1000101,1,dense_periodic,dense_periodic,True,0.08560275485348849
cfg_1000101,1,synchronization_bursty,synchronization_bursty,True,0.4937244490868386
cfg_1000101,2,sparse_periodic,sparse_periodic,True,0.005632984901882709
cfg_1000101,2,dense_periodic,dense_periodic,True,0.03811553234636109
cfg_1000101,2,synchronization_bursty,synchronization_bursty,True,0.1291691084262893
cfg_1000101,3,sparse_periodic,sparse_periodic,True,0.021173387505660887
cfg_1000101,3,dense_periodic,dense_periodic,True,0.13231836792993076
cfg_1000101,3,synchronization_bursty,synchronization_bursty,True,0.14247072691994028
cfg_1000101,4,sparse_periodic,sparse_periodic,True,0.04484259549674287
cfg_1000101,4,dense_periodic,dense_periodic,True,0.017732001506578252
cfg_1000101,4,synchronization_bursty,synchronization_bursty,True,0.340177313791126
cfg_1000101,5,sparse_periodic,sparse_periodic,True,0.05014542521794158
cfg_1000101,5,dense_periodic,dense_periodic,True,0.07404129344382325
cfg_1000101,5,synchronization_bursty,synchronization_bursty,True,0.16482393248231866
cfg_1000101,6,sparse_periodic,sparse_periodic,True,0.025727250294850193
cfg_1000101,6,dense_periodic,dense_periodic,True,0.08565938080653279
cfg_1000101,6,synchronization_bursty,synchronization_bursty,True,0.13875806921365524
cfg_1000101,7,sparse_periodic,sparse_periodic,True,0.04479276190512944
cfg_1000101,7,dense_periodic,dense_periodic,True,0.07376578287107936
cfg_1000101,7,synchronization_bursty,synchronization_bursty,True,0.13789554590424358
cfg_1000101,8,sparse_periodic,sparse_periodic,True,0.005660380504266924
cfg_1000101,8,dense_periodic,dense_periodic,True,0.017745714626342283
cfg_1000101,8,synchronization_bursty,synchronization_bursty,True,0.3402202071096898
cfg_1000101,9,sparse_periodic,sparse_periodic,True,0.005629265390354118
cfg_1000101,9,dense_periodic,dense_periodic,True,0.08964033004472118
cfg_1000101,9,synchronization_bursty,synchronization_bursty,True,0.13873024802506412
cfg_1000110,0,sparse_periodic,sparse_periodic,True,0.025802860997708878
cfg_1000110,0,dense_periodic,dense_periodic,True,0.05170070844378967
cfg_1000110,0,synchronization_bursty,synchronization_bursty,True,0.08502293535269068
cfg_1000110,1,sparse_periodic,sparse_periodic,True,0.00616632933322234
cfg_1000110,1,dense_periodic,dense_periodic,True,0.00872456528457511
cfg_1000110,1,synchronization_bursty,synchronization_bursty,True,0.17724008229734275
cfg_1000110,2,sparse_periodic,sparse_periodic,True,0.006164483196539834
cfg_1000110,2,dense_periodic,dense_periodic,True,0.03697345661597509
cfg_1000110,2,synchronization_bursty,synchronization_bursty,True,0.14849041045967526
cfg_1000110,3,sparse_periodic,sparse_periodic,True,0.021229317398513702
cfg_1000110,3,dense_periodic,dense_periodic,True,0.08116234448208963
cfg_1000110,3,synchronization_bursty,synchronization_bursty,True,0.1338792120310611
cfg_1000110,4,sparse_periodic,sparse_periodic,True,0.045053385918806685
cfg_1000110,4,dense_periodic,dense_periodic,True,0.0149907233859816
cfg_1000110,4,synchronization_bursty,synchronization_bursty,True,0.1304354514943272
cfg_1000110,5,sparse_periodic,sparse_periodic,True,0.05039565078462484
cfg_1000110,5,dense_periodic,dense_periodic,True,0.07353232755269594
cfg_1000110,5,synchronization_bursty,synchronization_bursty,True,0.2854545954795821
cfg_1000110,6,sparse_periodic,sparse_periodic,True,0.025773008252138078
cfg_1000110,6,dense_periodic,dense_periodic,True,0.008728979729740774
cfg_1000110,6,synchronization_bursty,synchronization_bursty,True,0.09305558948709433
cfg_1000110,7,sparse_periodic,sparse_periodic,True,0.045025711658185905
cfg_1000110,7,dense_periodic,dense_periodic,True,0.07326821050200953
cfg_1000110,7,synchronization_bursty,synchronization_bursty,True,0.14521987835425829
cfg_1000110,8,sparse_periodic,sparse_periodic,True,0.006134607658317277
cfg_1000110,8,dense_periodic,dense_periodic,True,0.015006996004458298
cfg_1000110,8,synchronization_bursty,synchronization_bursty,True,0.1305603335012665
cfg_1000110,9,sparse_periodic,sparse_periodic,True,0.006131042476163413
cfg_1000110,9,dense_periodic,dense_periodic,True,0.02786007338056284
cfg_1000110,9,synchronization_bursty,synchronization_bursty,True,0.09301702428523227
cfg_1000111,0,sparse_periodic,sparse_periodic,True,0.025756830593697808
cfg_1000111,0,dense_periodic,dense_periodic,True,0.11673636952359562
cfg_1000111,0,synchronization_bursty,synchronization_bursty,True,0.13210757571920964
cfg_1000111,1,sparse_periodic,sparse_periodic,True,0.0056940095806487494
cfg_1000111,1,dense_periodic,dense_periodic,True,0.08560275485348849
cfg_1000111,1,synchronization_bursty,synchronization_bursty,True,0.4937244490868386
cfg_1000111,2,sparse_periodic,sparse_periodic,True,0.005632984901882709
cfg_1000111,2,dense_periodic,dense_periodic,True,0.03811553234636109
cfg_1000111,2,synchronization_bursty,synchronization_bursty,True,0.1291691084262893
cfg_1000111,3,sparse_periodic,sparse_periodic,True,0.021173387505660887
cfg_1000111,3,dense_periodic,dense_periodic,True,0.13231836792993076
cfg_1000111,3,synchronization_bursty,synchronization_bursty,True,0.14247072691994028
cfg_1000111,4,sparse_periodic,sparse_periodic,True,0.04484259549674287
cfg_1000111,4,dense_periodic,dense_periodic,True,0.017732001506578252
cfg_1000111,4,synchronization_bursty,synchronization_bursty,True,0.340177313791126
cfg_1000111,5,sparse_periodic,sparse_periodic,True,0.05014542521794158
cfg_1000111,5,dense_periodic,dense_periodic,True,0.07404129344382325
cfg_1000111,5,synchronization_bursty,synchronization_bursty,True,0.16482393248231866
cfg_1000111,6,sparse_periodic,sparse_periodic,True,0.025727250294850193
cfg_1000111,6,dense_periodic,dense_periodic,True,0.08565938080653279
cfg_1000111,6,synchronization_bursty,synchronization_bursty,True,0.13875806921365524
cfg_1000111,7,sparse_periodic,sparse_periodic,True,0.04479276190512944
cfg_1000111,7,dense_periodic,dense_periodic,True,0.07376578287107936
cfg_1000111,7,synchronization_bursty,synchronization_bursty,True,0.13789554590424358
cfg_1000111,8,sparse_periodic,sparse_periodic,True,0.005660380504266924
cfg_1000111,8,dense_periodic,dense_periodic,True,0.017745714626342283
cfg_1000111,8,synchronization_bursty,synchronization_bursty,True,0.3402202071096898
cfg_1000111,9,sparse_periodic,sparse_periodic,True,0.005629265390354118
cfg_1000111,9,dense_periodic,dense_periodic,True,0.08964033004472118
cfg_1000111,9,synchronization_bursty,synchronization_bursty,True,0.13873024802506412
cfg_1001000,0,sparse_periodic,sparse_periodic,True,0.025802860997708878
cfg_1001000,0,dense_periodic,dense_periodic,True,0.05170070844378967
cfg_1001000,0,synchronization_bursty,synchronization_bursty,True,0.08502293535269068
cfg_1001000,1,sparse_periodic,sparse_periodic,True,0.00616632933322234
cfg_1001000,1,dense_periodic,dense_periodic,True,0.00872456528457511
cfg_1001000,1,synchronization_bursty,synchronization_bursty,True,0.17724008229734275
cfg_1001000,2,sparse_periodic,sparse_periodic,True,0.006164483196539834
cfg_1001000,2,dense_periodic,dense_periodic,True,0.03697345661597509
cfg_1001000,2,synchronization_bursty,synchronization_bursty,True,0.14849041045967526
cfg_1001000,3,sparse_periodic,sparse_periodic,True,0.021229317398513702
cfg_1001000,3,dense_periodic,dense_periodic,True,0.08116234448208963
cfg_1001000,3,synchronization_bursty,synchronization_bursty,True,0.1338792120310611
cfg_1001000,4,sparse_periodic,sparse_periodic,True,0.045053385918806685
cfg_1001000,4,dense_periodic,dense_periodic,True,0.0149907233859816
cfg_1001000,4,synchronization_bursty,synchronization_bursty,True,0.1304354514943272
cfg_1001000,5,sparse_periodic,sparse_periodic,True,0.05039565078462484
cfg_1001000,5,dense_periodic,dense_periodic,True,0.07353232755269594
cfg_1001000,5,synchronization_bursty,synchronization_bursty,True,0.2854545954795821
cfg_1001000,6,sparse_periodic,sparse_periodic,True,0.025773008252138078
cfg_1001000,6,dense_periodic,dense_periodic,True,0.008728979729740774
cfg_1001000,6,synchronization_bursty,synchronization_bursty,True,0.09305558948709433
cfg_1001000,7,sparse_periodic,sparse_periodic,True,0.045025711658185905
cfg_1001000,7,dense_periodic,dense_periodic,True,0.07326821050200953
cfg_1001000,7,synchronization_bursty,synchronization_bursty,True,0.14521987835425829
cfg_1001000,8,sparse_periodic,sparse_periodic,True,0.006134607658317277
cfg_1001000,8,dense_periodic,dense_periodic,True,0.015006996004458298
cfg_1001000,8,synchronization_bursty,synchronization_bursty,True,0.1305603335012665
cfg_1001000,9,sparse_periodic,sparse_periodic,True,0.006131042476163413
cfg_1001000,9,dense_periodic,dense_periodic,True,0.02786007338056284
cfg_1001000,9,synchronization_bursty,synchronization_bursty,True,0.09301702428523227
cfg_1001001,0,sparse_periodic,sparse_periodic,True,0.025756830593697808
cfg_1001001,0,dense_periodic,dense_periodic,True,0.11673636952359562
cfg_1001001,0,synchronization_bursty,synchronization_bursty,True,0.13210757571920964
cfg_1001001,1,sparse_periodic,sparse_periodic,True,0.0056940095806487494
cfg_1001001,1,dense_periodic,dense_periodic,True,0.08560275485348849
cfg_1001001,1,synchronization_bursty,synchronization_bursty,True,0.4937244490868386
cfg_1001001,2,sparse_periodic,sparse_periodic,True,0.005632984901882709
cfg_1001001,2,dense_periodic,dense_periodic,True,0.03811553234636109
cfg_1001001,2,synchronization_bursty,synchronization_bursty,True,0.1291691084262893
cfg_1001001,3,sparse_periodic,sparse_periodic,True,0.021173387505660887
cfg_1001001,3,dense_periodic,dense_periodic,True,0.13231836792993076
cfg_1001001,3,synchronization_bursty,synchronization_bursty,True,0.14247072691994028
cfg_1001001,4,sparse_periodic,sparse_periodic,True,0.04484259549674287
cfg_1001001,4,dense_periodic,dense_periodic,True,0.017732001506578252
cfg_1001001,4,synchronization_bursty,synchronization_bursty,True,0.340177313791126
cfg_1001001,5,sparse_periodic,sparse_periodic,True,0.05014542521794158
cfg_1001001,5,dense_periodic,dense_periodic,True,0.07404129344382325
cfg_1001001,5,synchronization_bursty,synchronization_bursty,True,0.16482393248231866
cfg_1001001,6,sparse_periodic,sparse_periodic,True,0.025727250294850193
cfg_1001001,6,dense_periodic,dense_periodic,True,0.08565938080653279
cfg_1001001,6,synchronization_bursty,synchronization_bursty,True,0.13875806921365524
cfg_1001001,7,sparse_periodic,sparse_periodic,True,0.04479276190512944
cfg_1001001,7,dense_periodic,dense_periodic,True,0.07376578287107936
cfg_1001001,7,synchronization_bursty,synchronization_bursty,True,0.13789554590424358
cfg_1001001,8,sparse_periodic,sparse_periodic,True,0.005660380504266924
cfg_1001001,8,dense_periodic,dense_periodic,True,0.017745714626342283
cfg_1001001,8,synchronization_bursty,synchronization_bursty,True,0.3402202071096898
cfg_1001001,9,sparse_periodic,sparse_periodic,True,0.005629265390354118
cfg_1001001,9,dense_periodic,dense_periodic,True,0.08964033004472118
cfg_1001001,9,synchronization_bursty,synchronization_bursty,True,0.13873024802506412
cfg_1001010,0,sparse_periodic,sparse_periodic,True,0.025802860997708878
cfg_1001010,0,dense_periodic,dense_periodic,True,0.05170070844378967
cfg_1001010,0,synchronization_bursty,synchronization_bursty,True,0.08502293535269068
cfg_1001010,1,sparse_periodic,sparse_periodic,True,0.00616632933322234
cfg_1001010,1,dense_periodic,dense_periodic,True,0.00872456528457511
cfg_1001010,1,synchronization_bursty,synchronization_bursty,True,0.17724008229734275
cfg_1001010,2,sparse_periodic,sparse_periodic,True,0.006164483196539834
cfg_1001010,2,dense_periodic,dense_periodic,True,0.03697345661597509
cfg_1001010,2,synchronization_bursty,synchronization_bursty,True,0.14849041045967526
cfg_1001010,3,sparse_periodic,sparse_periodic,True,0.021229317398513702
cfg_1001010,3,dense_periodic,dense_periodic,True,0.08116234448208963
cfg_1001010,3,synchronization_bursty,synchronization_bursty,True,0.1338792120310611
cfg_1001010,4,sparse_periodic,sparse_periodic,True,0.045053385918806685
cfg_1001010,4,dense_periodic,dense_periodic,True,0.0149907233859816
cfg_1001010,4,synchronization_bursty,synchronization_bursty,True,0.1304354514943272
cfg_1001010,5,sparse_periodic,sparse_periodic,True,0.05039565078462484
cfg_1001010,5,dense_periodic,dense_periodic,True,0.07353232755269594
cfg_1001010,5,synchronization_bursty,synchronization_bursty,True,0.2854545954795821
cfg_1001010,6,sparse_periodic,sparse_periodic,True,0.025773008252138078
cfg_1001010,6,dense_periodic,dense_periodic,True,0.008728979729740774
cfg_1001010,6,synchronization_bursty,synchronization_bursty,True,0.09305558948709433
cfg_1001010,7,sparse_periodic,sparse_periodic,True,0.045025711658185905
cfg_1001010,7,dense_periodic,dense_periodic,True,0.07326821050200953
cfg_1001010,7,synchronization_bursty,synchronization_bursty,True,0.14521987835425829
cfg_1001010,8,sparse_periodic,sparse_periodic,True,0.006134607658317277
cfg_1001010,8,dense_periodic,dense_periodic,True,0.015006996004458298
cfg_1001010,8,synchronization_bursty,synchronization_bursty,True,0.1305603335012665
cfg_1001010,9,sparse_periodic,sparse_periodic,True,0.006131042476163413
cfg_1001010,9,dense_periodic,dense_periodic,True,0.02786007338056284
cfg_1001010,9,synchronization_bursty,synchronization_bursty,True,0.09301702428523227
cfg_1001011,0,sparse_periodic,sparse_periodic,True,0.025756830593697808
cfg_1001011,0,dense_periodic,dense_periodic,True,0.11673636952359562
cfg_1001011,0,synchronization_bursty,synchronization_bursty,True,0.13210757571920964
cfg_1001011,1,sparse_periodic,sparse_periodic,True,0.0056940095806487494
cfg_1001011,1,dense_periodic,dense_periodic,True,0.08560275485348849
cfg_1001011,1,synchronization_bursty,synchronization_bursty,True,0.4937244490868386
cfg_1001011,2,sparse_periodic,sparse_periodic,True,0.005632984901882709
cfg_1001011,2,dense_periodic,dense_periodic,True,0.03811553234636109
cfg_1001011,2,synchronization_bursty,synchronization_bursty,True,0.1291691084262893
cfg_1001011,3,sparse_periodic,sparse_periodic,True,0.021173387505660887
cfg_1001011,3,dense_periodic,dense_periodic,True,0.13231836792993076
cfg_1001011,3,synchronization_bursty,synchronization_bursty,True,0.14247072691994028
cfg_1001011,4,sparse_periodic,sparse_periodic,True,0.04484259549674287
cfg_1001011,4,dense_periodic,dense_periodic,True,0.017732001506578252
cfg_1001011,4,synchronization_bursty,synchronization_bursty,True,0.340177313791126
cfg_1001011,5,sparse_periodic,sparse_periodic,True,0.05014542521794158
cfg_1001011,5,dense_periodic,dense_periodic,True,0.07404129344382325
cfg_1001011,5,synchronization_bursty,synchronization_bursty,True,0.16482393248231866
cfg_1001011,6,sparse_periodic,sparse_periodic,True,0.025727250294850193
cfg_1001011,6,dense_periodic,dense_periodic,True,0.08565938080653279
cfg_1001011,6,synchronization_bursty,synchronization_bursty,True,0.13875806921365524
cfg_1001011,7,sparse_periodic,sparse_periodic,True,0.04479276190512944
cfg_1001011,7,dense_periodic,dense_periodic,True,0.07376578287107936
cfg_1001011,7,synchronization_bursty,synchronization_bursty,True,0.13789554590424358
cfg_1001011,8,sparse_periodic,sparse_periodic,True,0.005660380504266924
cfg_1001011,8,dense_periodic,dense_periodic,True,0.017745714626342283
cfg_1001011,8,synchronization_bursty,synchronization_bursty,True,0.3402202071096898
cfg_1001011,9,sparse_periodic,sparse_periodic,True,0.005629265390354118
cfg_1001011,9,dense_periodic,dense_periodic,True,0.08964033004472118
cfg_1001011,9,synchronization_bursty,synchronization_bursty,True,0.13873024802506412
cfg_1001100,0,sparse_periodic,sparse_periodic,True,0.025802860997708878
cfg_1001100,0,dense_periodic,dense_periodic,True,0.05170070844378967
cfg_1001100,0,synchronization_bursty,synchronization_bursty,True,0.08502293535269068
cfg_1001100,1,sparse_periodic,sparse_periodic,True,0.00616632933322234
cfg_1001100,1,dense_periodic,dense_periodic,True,0.00872456528457511
cfg_1001100,1,synchronization_bursty,synchronization_bursty,True,0.17724008229734275
cfg_1001100,2,sparse_periodic,sparse_periodic,True,0.006164483196539834
cfg_1001100,2,dense_periodic,dense_periodic,True,0.03697345661597509
cfg_1001100,2,synchronization_bursty,synchronization_bursty,True,0.14849041045967526
cfg_1001100,3,sparse_periodic,sparse_periodic,True,0.021229317398513702
cfg_1001100,3,dense_periodic,dense_periodic,True,0.08116234448208963
cfg_1001100,3,synchronization_bursty,synchronization_bursty,True,0.1338792120310611
cfg_1001100,4,sparse_periodic,sparse_periodic,True,0.045053385918806685
cfg_1001100,4,dense_periodic,dense_periodic,True,0.0149907233859816
cfg_1001100,4,synchronization_bursty,synchronization_bursty,True,0.1304354514943272
cfg_1001100,5,sparse_periodic,sparse_periodic,True,0.05039565078462484
cfg_1001100,5,dense_periodic,dense_periodic,True,0.07353232755269594
cfg_1001100,5,synchronization_bursty,synchronization_bursty,True,0.2854545954795821
cfg_1001100,6,sparse_periodic,sparse_periodic,True,0.025773008252138078
cfg_1001100,6,dense_periodic,dense_periodic,True,0.008728979729740774
cfg_1001100,6,synchronization_bursty,synchronization_bursty,True,0.09305558948709433
cfg_1001100,7,sparse_periodic,sparse_periodic,True,0.045025711658185905
cfg_1001100,7,dense_periodic,dense_periodic,True,0.07326821050200953
cfg_1001100,7,synchronization_bursty,synchronization_bursty,True,0.14521987835425829
cfg_1001100,8,sparse_periodic,sparse_periodic,True,0.006134607658317277
cfg_1001100,8,dense_periodic,dense_periodic,True,0.015006996004458298
cfg_1001100,8,synchronization_bursty,synchronization_bursty,True,0.1305603335012665
cfg_1001100,9,sparse_periodic,sparse_periodic,True,0.006131042476163413
cfg_1001100,9,dense_periodic,dense_periodic,True,0.02786007338056284
cfg_1001100,9,synchronization_bursty,synchronization_bursty,True,0.09301702428523227
cfg_1001101,0,sparse_periodic,sparse_periodic,True,0.025756830593697808
cfg_1001101,0,dense_periodic,dense_periodic,True,0.11673636952359562
cfg_1001101,0,synchronization_bursty,synchronization_bursty,True,0.13210757571920964
cfg_1001101,1,sparse_periodic,sparse_periodic,True,0.0056940095806487494
cfg_1001101,1,dense_periodic,dense_periodic,True,0.08560275485348849
cfg_1001101,1,synchronization_bursty,synchronization_bursty,True,0.4937244490868386
cfg_1001101,2,sparse_periodic,sparse_periodic,True,0.005632984901882709
cfg_1001101,2,dense_periodic,dense_periodic,True,0.03811553234636109
cfg_1001101,2,synchronization_bursty,synchronization_bursty,True,0.1291691084262893
cfg_1001101,3,sparse_periodic,sparse_periodic,True,0.021173387505660887
cfg_1001101,3,dense_periodic,dense_periodic,True,0.13231836792993076
cfg_1001101,3,synchronization_bursty,synchronization_bursty,True,0.14247072691994028
cfg_1001101,4,sparse_periodic,sparse_periodic,True,0.04484259549674287
cfg_1001101,4,dense_periodic,dense_periodic,True,0.017732001506578252
cfg_1001101,4,synchronization_bursty,synchronization_bursty,True,0.340177313791126
cfg_1001101,5,sparse_periodic,sparse_periodic,True,0.05014542521794158
cfg_1001101,5,dense_periodic,dense_periodic,True,0.07404129344382325
cfg_1001101,5,synchronization_bursty,synchronization_bursty,True,0.16482393248231866
cfg_1001101,6,sparse_periodic,sparse_periodic,True,0.025727250294850193
cfg_1001101,6,dense_periodic,dense_periodic,True,0.08565938080653279
cfg_1001101,6,synchronization_bursty,synchronization_bursty,True,0.13875806921365524
cfg_1001101,7,sparse_periodic,sparse_periodic,True,0.04479276190512944
cfg_1001101,7,dense_periodic,dense_periodic,True,0.07376578287107936
cfg_1001101,7,synchronization_bursty,synchronization_bursty,True,0.13789554590424358
cfg_1001101,8,sparse_periodic,sparse_periodic,True,0.005660380504266924
cfg_1001101,8,dense_periodic,dense_periodic,True,0.017745714626342283
cfg_1001101,8,synchronization_bursty,synchronization_bursty,True,0.3402202071096898
cfg_1001101,9,sparse_periodic,sparse_periodic,True,0.005629265390354118
cfg_1001101,9,dense_periodic,dense_periodic,True,0.08964033004472118
cfg_1001101,9,synchronization_bursty,synchronization_bursty,True,0.13873024802506412
cfg_1001110,0,sparse_periodic,sparse_periodic,True,0.025802860997708878
cfg_1001110,0,dense_periodic,dense_periodic,True,0.05170070844378967
cfg_1001110,0,synchronization_bursty,synchronization_bursty,True,0.08502293535269068
cfg_1001110,1,sparse_periodic,sparse_periodic,True,0.00616632933322234
cfg_1001110,1,dense_periodic,dense_periodic,True,0.00872456528457511
cfg_1001110,1,synchronization_bursty,synchronization_bursty,True,0.17724008229734275
cfg_1001110,2,sparse_periodic,sparse_periodic,True,0.006164483196539834
cfg_1001110,2,dense_periodic,dense_periodic,True,0.03697345661597509
cfg_1001110,2,synchronization_bursty,synchronization_bursty,True,0.14849041045967526
cfg_1001110,3,sparse_periodic,sparse_periodic,True,0.021229317398513702
cfg_1001110,3,dense_periodic,dense_periodic,True,0.08116234448208963
cfg_1001110,3,synchronization_bursty,synchronization_bursty,True,0.1338792120310611
cfg_1001110,4,sparse_periodic,sparse_periodic,True,0.045053385918806685
cfg_1001110,4,dense_periodic,dense_periodic,True,0.0149907233859816
cfg_1001110,4,synchronization_bursty,synchronization_bursty,True,0.1304354514943272
cfg_1001110,5,sparse_periodic,sparse_periodic,True,0.05039565078462484
cfg_1001110,5,dense_periodic,dense_periodic,True,0.07353232755269594
cfg_1001110,5,synchronization_bursty,synchronization_bursty,True,0.2854545954795821
cfg_1001110,6,sparse_periodic,sparse_periodic,True,0.025773008252138078
cfg_1001110,6,dense_periodic,dense_periodic,True,0.008728979729740774
cfg_1001110,6,synchronization_bursty,synchronization_bursty,True,0.09305558948709433
cfg_1001110,7,sparse_periodic,sparse_periodic,True,0.045025711658185905
cfg_1001110,7,dense_periodic,dense_periodic,True,0.07326821050200953
cfg_1001110,7,synchronization_bursty,synchronization_bursty,True,0.14521987835425829
cfg_1001110,8,sparse_periodic,sparse_periodic,True,0.006134607658317277
cfg_1001110,8,dense_periodic,dense_periodic,True,0.015006996004458298
cfg_1001110,8,synchronization_bursty,synchronization_bursty,True,0.1305603335012665
cfg_1001110,9,sparse_periodic,sparse_periodic,True,0.006131042476163413
cfg_1001110,9,dense_periodic,dense_periodic,True,0.02786007338056284
cfg_1001110,9,synchronization_bursty,synchronization_bursty,True,0.09301702428523227
cfg_1001111,0,sparse_periodic,sparse_periodic,True,0.025756830593697808
cfg_1001111,0,dense_periodic,dense_periodic,True,0.11673636952359562
cfg_1001111,0,synchronization_bursty,synchronization_bursty,True,0.13210757571920964
cfg_1001111,1,sparse_periodic,sparse_periodic,True,0.0056940095806487494
cfg_1001111,1,dense_periodic,dense_periodic,True,0.08560275485348849
cfg_1001111,1,synchronization_bursty,synchronization_bursty,True,0.4937244490868386
cfg_1001111,2,sparse_periodic,sparse_periodic,True,0.005632984901882709
cfg_1001111,2,dense_periodic,dense_periodic,True,0.03811553234636109
cfg_1001111,2,synchronization_bursty,synchronization_bursty,True,0.1291691084262893
cfg_1001111,3,sparse_periodic,sparse_periodic,True,0.021173387505660887
cfg_1001111,3,dense_periodic,dense_periodic,True,0.13231836792993076
cfg_1001111,3,synchronization_bursty,synchronization_bursty,True,0.14247072691994028
cfg_1001111,4,sparse_periodic,sparse_periodic,True,0.04484259549674287
cfg_1001111,4,dense_periodic,dense_periodic,True,0.017732001506578252
cfg_1001111,4,synchronization_bursty,synchronization_bursty,True,0.340177313791126
cfg_1001111,5,sparse_periodic,sparse_periodic,True,0.05014542521794158
cfg_1001111,5,dense_periodic,dense_periodic,True,0.07404129344382325
cfg_1001111,5,synchronization_bursty,synchronization_bursty,True,0.16482393248231866
cfg_1001111,6,sparse_periodic,sparse_periodic,True,0.025727250294850193
cfg_1001111,6,dense_periodic,dense_periodic,True,0.08565938080653279
cfg_1001111,6,synchronization_bursty,synchronization_bursty,True,0.13875806921365524
cfg_1001111,7,sparse_periodic,sparse_periodic,True,0.04479276190512944
cfg_1001111,7,dense_periodic,dense_periodic,True,0.07376578287107936
cfg_1001111,7,synchronization_bursty,synchronization_bursty,True,0.13789554590424358
cfg_1001111,8,sparse_periodic,sparse_periodic,True,0.005660380504266924
cfg_1001111,8,dense_periodic,dense_periodic,True,0.017745714626342283
cfg_1001111,8,synchronization_bursty,synchronization_bursty,True,0.3402202071096898
cfg_1001111,9,sparse_periodic,sparse_periodic,True,0.005629265390354118
cfg_1001111,9,dense_periodic,dense_periodic,True,0.08964033004472118
cfg_1001111,9,synchronization_bursty,synchronization_bursty,True,0.13873024802506412
cfg_1010000,0,sparse_periodic,sparse_periodic,True,0.025802860997708878
cfg_1010000,0,dense_periodic,dense_periodic,True,0.05170070844378967
cfg_1010000,0,synchronization_bursty,synchronization_bursty,True,0.08502293535269068
cfg_1010000,1,sparse_periodic,sparse_periodic,True,0.00616632933322234
cfg_1010000,1,dense_periodic,dense_periodic,True,0.00872456528457511
cfg_1010000,1,synchronization_bursty,synchronization_bursty,True,0.17724008229734275
cfg_1010000,2,sparse_periodic,sparse_periodic,True,0.006164483196539834
cfg_1010000,2,dense_periodic,dense_periodic,True,0.03697345661597509
cfg_1010000,2,synchronization_bursty,synchronization_bursty,True,0.14849041045967526
cfg_1010000,3,sparse_periodic,sparse_periodic,True,0.021229317398513702
cfg_1010000,3,dense_periodic,dense_periodic,True,0.08116234448208963
cfg_1010000,3,synchronization_bursty,synchronization_bursty,True,0.1338792120310611
cfg_1010000,4,sparse_periodic,sparse_periodic,True,0.045053385918806685
cfg_1010000,4,dense_periodic,dense_periodic,True,0.0149907233859816
cfg_1010000,4,synchronization_bursty,synchronization_bursty,True,0.1304354514943272
cfg_1010000,5,sparse_periodic,sparse_periodic,True,0.05039565078462484
cfg_1010000,5,dense_periodic,dense_periodic,True,0.07353232755269594
cfg_1010000,5,synchronization_bursty,synchronization_bursty,True,0.2854545954795821
cfg_1010000,6,sparse_periodic,sparse_periodic,True,0.025773008252138078
cfg_1010000,6,dense_periodic,dense_periodic,True,0.008728979729740774
cfg_1010000,6,synchronization_bursty,synchronization_bursty,True,0.09305558948709433
cfg_1010000,7,sparse_periodic,sparse_periodic,True,0.045025711658185905
cfg_1010000,7,dense_periodic,dense_periodic,True,0.07326821050200953
cfg_1010000,7,synchronization_bursty,synchronization_bursty,True,0.14521987835425829
cfg_1010000,8,sparse_periodic,sparse_periodic,True,0.006134607658317277
cfg_1010000,8,dense_periodic,dense_periodic,True,0.015006996004458298
cfg_1010000,8,synchronization_bursty,synchronization_bursty,True,0.1305603335012665
cfg_1010000,9,sparse_periodic,sparse_periodic,True,0.006131042476163413
cfg_1010000,9,dense_periodic,dense_periodic,True,0.02786007338056284
cfg_1010000,9,synchronization_bursty,synchronization_bursty,True,0.09301702428523227
cfg_1010001,0,sparse_periodic,sparse_periodic,True,0.025756830593697808
cfg_1010001,0,dense_periodic,dense_periodic,True,0.11673636952359562
cfg_1010001,0,synchronization_bursty,synchronization_bursty,True,0.13210757571920964
cfg_1010001,1,sparse_periodic,sparse_periodic,True,0.0056940095806487494
cfg_1010001,1,dense_periodic,dense_periodic,True,0.08560275485348849
cfg_1010001,1,synchronization_bursty,synchronization_bursty,True,0.4937244490868386
cfg_1010001,2,sparse_periodic,sparse_periodic,True,0.005632984901882709
cfg_1010001,2,dense_periodic,dense_periodic,True,0.03811553234636109
cfg_1010001,2,synchronization_bursty,synchronization_bursty,True,0.1291691084262893
cfg_1010001,3,sparse_periodic,sparse_periodic,True,0.021173387505660887
cfg_1010001,3,dense_periodic,dense_periodic,True,0.13231836792993076
cfg_1010001,3,synchronization_bursty,synchronization_bursty,True,0.14247072691994028
cfg_1010001,4,sparse_periodic,sparse_periodic,True,0.04484259549674287
cfg_1010001,4,dense_periodic,dense_periodic,True,0.017732001506578252
cfg_1010001,4,synchronization_bursty,synchronization_bursty,True,0.340177313791126
cfg_1010001,5,sparse_periodic,sparse_periodic,True,0.05014542521794158
cfg_1010001,5,dense_periodic,dense_periodic,True,0.07404129344382325
cfg_1010001,5,synchronization_bursty,synchronization_bursty,True,0.16482393248231866
cfg_1010001,6,sparse_periodic,sparse_periodic,True,0.025727250294850193
cfg_1010001,6,dense_periodic,dense_periodic,True,0.08565938080653279
cfg_1010001,6,synchronization_bursty,synchronization_bursty,True,0.13875806921365524
cfg_1010001,7,sparse_periodic,sparse_periodic,True,0.04479276190512944
cfg_1010001,7,dense_periodic,dense_periodic,True,0.07376578287107936
cfg_1010001,7,synchronization_bursty,synchronization_bursty,True,0.13789554590424358
cfg_1010001,8,sparse_periodic,sparse_periodic,True,0.005660380504266924
cfg_1010001,8,dense_periodic,dense_periodic,True,0.017745714626342283
cfg_1010001,8,synchronization_bursty,synchronization_bursty,True,0.3402202071096898
cfg_1010001,9,sparse_periodic,sparse_periodic,True,0.005629265390354118
cfg_1010001,9,dense_periodic,dense_periodic,True,0.08964033004472118
cfg_1010001,9,synchronization_bursty,synchronization_bursty,True,0.13873024802506412
cfg_1010010,0,sparse_periodic,sparse_periodic,True,0.025802860997708878
cfg_1010010,0,dense_periodic,dense_periodic,True,0.05170070844378967
cfg_1010010,0,synchronization_bursty,synchronization_bursty,True,0.08502293535269068
cfg_1010010,1,sparse_periodic,sparse_periodic,True,0.00616632933322234
cfg_1010010,1,dense_periodic,dense_periodic,True,0.00872456528457511
cfg_1010010,1,synchronization_bursty,synchronization_bursty,True,0.17724008229734275
cfg_1010010,2,sparse_periodic,sparse_periodic,True,0.006164483196539834
cfg_1010010,2,dense_periodic,dense_periodic,True,0.03697345661597509
cfg_1010010,2,synchronization_bursty,synchronization_bursty,True,0.14849041045967526
cfg_1010010,3,sparse_periodic,sparse_periodic,True,0.021229317398513702
cfg_1010010,3,dense_periodic,dense_periodic,True,0.08116234448208963
cfg_1010010,3,synchronization_bursty,synchronization_bursty,True,0.1338792120310611
cfg_1010010,4,sparse_periodic,sparse_periodic,True,0.045053385918806685
cfg_1010010,4,dense_periodic,dense_periodic,True,0.0149907233859816
cfg_1010010,4,synchronization_bursty,synchronization_bursty,True,0.1304354514943272
cfg_1010010,5,sparse_periodic,sparse_periodic,True,0.05039565078462484
cfg_1010010,5,dense_periodic,dense_periodic,True,0.07353232755269594
cfg_1010010,5,synchronization_bursty,synchronization_bursty,True,0.2854545954795821
cfg_1010010,6,sparse_periodic,sparse_periodic,True,0.025773008252138078
cfg_1010010,6,dense_periodic,dense_periodic,True,0.008728979729740774
cfg_1010010,6,synchronization_bursty,synchronization_bursty,True,0.09305558948709433
cfg_1010010,7,sparse_periodic,sparse_periodic,True,0.045025711658185905
cfg_1010010,7,dense_periodic,dense_periodic,True,0.07326821050200953
cfg_1010010,7,synchronization_bursty,synchronization_bursty,True,0.14521987835425829
cfg_1010010,8,sparse_periodic,sparse_periodic,True,0.006134607658317277
cfg_1010010,8,dense_periodic,dense_periodic,True,0.015006996004458298
cfg_1010010,8,synchronization_bursty,synchronization_bursty,True,0.1305603335012665
cfg_1010010,9,sparse_periodic,sparse_periodic,True,0.006131042476163413
cfg_1010010,9,dense_periodic,dense_periodic,True,0.02786007338056284
cfg_1010010,9,synchronization_bursty,synchronization_bursty,True,0.09301702428523227
cfg_1010011,0,sparse_periodic,sparse_periodic,True,0.025756830593697808
cfg_1010011,0,dense_periodic,dense_periodic,True,0.11673636952359562
cfg_1010011,0,synchronization_bursty,synchronization_bursty,True,0.13210757571920964
cfg_1010011,1,sparse_periodic,sparse_periodic,True,0.0056940095806487494
cfg_1010011,1,dense_periodic,dense_periodic,True,0.08560275485348849
cfg_1010011,1,synchronization_bursty,synchronization_bursty,True,0.4937244490868386
cfg_1010011,2,sparse_periodic,sparse_periodic,True,0.005632984901882709
cfg_1010011,2,dense_periodic,dense_periodic,True,0.03811553234636109
cfg_1010011,2,synchronization_bursty,synchronization_bursty,True,0.1291691084262893
cfg_1010011,3,sparse_periodic,sparse_periodic,True,0.021173387505660887
cfg_1010011,3,dense_periodic,dense_periodic,True,0.13231836792993076
cfg_1010011,3,synchronization_bursty,synchronization_bursty,True,0.14247072691994028
cfg_1010011,4,sparse_periodic,sparse_periodic,True,0.04484259549674287
cfg_1010011,4,dense_periodic,dense_periodic,True,0.017732001506578252
cfg_1010011,4,synchronization_bursty,synchronization_bursty,True,0.340177313791126
cfg_1010011,5,sparse_periodic,sparse_periodic,True,0.05014542521794158
cfg_1010011,5,dense_periodic,dense_periodic,True,0.07404129344382325
cfg_1010011,5,synchronization_bursty,synchronization_bursty,True,0.16482393248231866
cfg_1010011,6,sparse_periodic,sparse_periodic,True,0.025727250294850193
cfg_1010011,6,dense_periodic,dense_periodic,True,0.08565938080653279
cfg_1010011,6,synchronization_bursty,synchronization_bursty,True,0.13875806921365524
cfg_1010011,7,sparse_periodic,sparse_periodic,True,0.04479276190512944
cfg_1010011,7,dense_periodic,dense_periodic,True,0.07376578287107936
cfg_1010011,7,synchronization_bursty,synchronization_bursty,True,0.13789554590424358
cfg_1010011,8,sparse_periodic,sparse_periodic,True,0.005660380504266924
cfg_1010011,8,dense_periodic,dense_periodic,True,0.017745714626342283
cfg_1010011,8,synchronization_bursty,synchronization_bursty,True,0.3402202071096898
cfg_1010011,9,sparse_periodic,sparse_periodic,True,0.005629265390354118
cfg_1010011,9,dense_periodic,dense_periodic,True,0.08964033004472118
cfg_1010011,9,synchronization_bursty,synchronization_bursty,True,0.13873024802506412
cfg_1010100,0,sparse_periodic,sparse_periodic,True,0.025802860997708878
cfg_1010100,0,dense_periodic,dense_periodic,True,0.05170070844378967
cfg_1010100,0,synchronization_bursty,synchronization_bursty,True,0.08502293535269068
cfg_1010100,1,sparse_periodic,sparse_periodic,True,0.00616632933322234
cfg_1010100,1,dense_periodic,dense_periodic,True,0.00872456528457511
cfg_1010100,1,synchronization_bursty,synchronization_bursty,True,0.17724008229734275
cfg_1010100,2,sparse_periodic,sparse_periodic,True,0.006164483196539834
cfg_1010100,2,dense_periodic,dense_periodic,True,0.03697345661597509
cfg_1010100,2,synchronization_bursty,synchronization_bursty,True,0.14849041045967526
cfg_1010100,3,sparse_periodic,sparse_periodic,True,0.021229317398513702
cfg_1010100,3,dense_periodic,dense_periodic,True,0.08116234448208963
cfg_1010100,3,synchronization_bursty,synchronization_bursty,True,0.1338792120310611
cfg_1010100,4,sparse_periodic,sparse_periodic,True,0.045053385918806685
cfg_1010100,4,dense_periodic,dense_periodic,True,0.0149907233859816
cfg_1010100,4,synchronization_bursty,synchronization_bursty,True,0.1304354514943272
cfg_1010100,5,sparse_periodic,sparse_periodic,True,0.05039565078462484
cfg_1010100,5,dense_periodic,dense_periodic,True,0.07353232755269594
cfg_1010100,5,synchronization_bursty,synchronization_bursty,True,0.2854545954795821
cfg_1010100,6,sparse_periodic,sparse_periodic,True,0.025773008252138078
cfg_1010100,6,dense_periodic,dense_periodic,True,0.008728979729740774
cfg_1010100,6,synchronization_bursty,synchronization_bursty,True,0.09305558948709433
cfg_1010100,7,sparse_periodic,sparse_periodic,True,0.045025711658185905
cfg_1010100,7,dense_periodic,dense_periodic,True,0.07326821050200953
cfg_1010100,7,synchronization_bursty,synchronization_bursty,True,0.14521987835425829
cfg_1010100,8,sparse_periodic,sparse_periodic,True,0.006134607658317277
cfg_1010100,8,dense_periodic,dense_periodic,True,0.015006996004458298
cfg_1010100,8,synchronization_bursty,synchronization_bursty,True,0.1305603335012665
cfg_1010100,9,sparse_periodic,sparse_periodic,True,0.006131042476163413
cfg_1010100,9,dense_periodic,dense_periodic,True,0.02786007338056284
cfg_1010100,9,synchronization_bursty,synchronization_bursty,True,0.09301702428523227
cfg_1010101,0,sparse_periodic,sparse_periodic,True,0.025756830593697808
cfg_1010101,0,dense_periodic,dense_periodic,True,0.11673636952359562
cfg_1010101,0,synchronization_bursty,synchronization_bursty,True,0.13210757571920964
cfg_1010101,1,sparse_periodic,sparse_periodic,True,0.0056940095806487494
cfg_1010101,1,dense_periodic,dense_periodic,True,0.08560275485348849
cfg_1010101,1,synchronization_bursty,synchronization_bursty,True,0.4937244490868386
cfg_1010101,2,sparse_periodic,sparse_periodic,True,0.005632984901882709
cfg_1010101,2,dense_periodic,dense_periodic,True,0.03811553234636109
cfg_1010101,2,synchronization_bursty,synchronization_bursty,True,0.1291691084262893
cfg_1010101,3,sparse_periodic,sparse_periodic,True,0.021173387505660887
cfg_1010101,3,dense_periodic,dense_periodic,True,0.13231836792993076
cfg_1010101,3,synchronization_bursty,synchronization_bursty,True,0.14247072691994028
cfg_1010101,4,sparse_periodic,sparse_periodic,True,0.04484259549674287
cfg_1010101,4,dense_periodic,dense_periodic,True,0.017732001506578252
cfg_1010101,4,synchronization_bursty,synchronization_bursty,True,0.340177313791126
cfg_1010101,5,sparse_periodic,sparse_periodic,True,0.05014542521794158
cfg_1010101,5,dense_periodic,dense_periodic,True,0.07404129344382325
cfg_1010101,5,synchronization_bursty,synchronization_bursty,True,0.16482393248231866
cfg_1010101,6,sparse_periodic,sparse_periodic,True,0.025727250294850193
cfg_1010101,6,dense_periodic,dense_periodic,True,0.08565938080653279
cfg_1010101,6,synchronization_bursty,synchronization_bursty,True,0.13875806921365524
cfg_1010101,7,sparse_periodic,sparse_periodic,True,0.04479276190512944
cfg_1010101,7,dense_periodic,dense_periodic,True,0.07376578287107936
cfg_1010101,7,synchronization_bursty,synchronization_bursty,True,0.13789554590424358
cfg_1010101,8,sparse_periodic,sparse_periodic,True,0.005660380504266924
cfg_1010101,8,dense_periodic,dense_periodic,True,0.017745714626342283
cfg_1010101,8,synchronization_bursty,synchronization_bursty,True,0.3402202071096898
cfg_1010101,9,sparse_periodic,sparse_periodic,True,0.005629265390354118
cfg_1010101,9,dense_periodic,dense_periodic,True,0.08964033004472118
cfg_1010101,9,synchronization_bursty,synchronization_bursty,True,0.13873024802506412
cfg_1010110,0,sparse_periodic,sparse_periodic,True,0.025802860997708878
cfg_1010110,0,dense_periodic,dense_periodic,True,0.05170070844378967
cfg_1010110,0,synchronization_bursty,synchronization_bursty,True,0.08502293535269068
cfg_1010110,1,sparse_periodic,sparse_periodic,True,0.00616632933322234
cfg_1010110,1,dense_periodic,dense_periodic,True,0.00872456528457511
cfg_1010110,1,synchronization_bursty,synchronization_bursty,True,0.17724008229734275
cfg_1010110,2,sparse_periodic,sparse_periodic,True,0.006164483196539834
cfg_1010110,2,dense_periodic,dense_periodic,True,0.03697345661597509
cfg_1010110,2,synchronization_bursty,synchronization_bursty,True,0.14849041045967526
cfg_1010110,3,sparse_periodic,sparse_periodic,True,0.021229317398513702
cfg_1010110,3,dense_periodic,dense_periodic,True,0.08116234448208963
cfg_1010110,3,synchronization_bursty,synchronization_bursty,True,0.1338792120310611
cfg_1010110,4,sparse_periodic,sparse_periodic,True,0.045053385918806685
cfg_1010110,4,dense_periodic,dense_periodic,True,0.0149907233859816
cfg_1010110,4,synchronization_bursty,synchronization_bursty,True,0.1304354514943272
cfg_1010110,5,sparse_periodic,sparse_periodic,True,0.05039565078462484
cfg_1010110,5,dense_periodic,dense_periodic,True,0.07353232755269594
cfg_1010110,5,synchronization_bursty,synchronization_bursty,True,0.2854545954795821
cfg_1010110,6,sparse_periodic,sparse_periodic,True,0.025773008252138078
cfg_1010110,6,dense_periodic,dense_periodic,True,0.008728979729740774
cfg_1010110,6,synchronization_bursty,synchronization_bursty,True,0.09305558948709433
cfg_1010110,7,sparse_periodic,sparse_periodic,True,0.045025711658185905
cfg_1010110,7,dense_periodic,dense_periodic,True,0.07326821050200953
cfg_1010110,7,synchronization_bursty,synchronization_bursty,True,0.14521987835425829
cfg_1010110,8,sparse_periodic,sparse_periodic,True,0.006134607658317277
cfg_1010110,8,dense_periodic,dense_periodic,True,0.015006996004458298
cfg_1010110,8,synchronization_bursty,synchronization_bursty,True,0.1305603335012665
cfg_1010110,9,sparse_periodic,sparse_periodic,True,0.006131042476163413
cfg_1010110,9,dense_periodic,dense_periodic,True,0.02786007338056284
cfg_1010110,9,synchronization_bursty,synchronization_bursty,True,0.09301702428523227
cfg_1010111,0,sparse_periodic,sparse_periodic,True,0.025756830593697808
cfg_1010111,0,dense_periodic,dense_periodic,True,0.11673636952359562
cfg_1010111,0,synchronization_bursty,synchronization_bursty,True,0.13210757571920964
cfg_1010111,1,sparse_periodic,sparse_periodic,True,0.0056940095806487494
cfg_1010111,1,dense_periodic,dense_periodic,True,0.08560275485348849
cfg_1010111,1,synchronization_bursty,synchronization_bursty,True,0.4937244490868386
cfg_1010111,2,sparse_periodic,sparse_periodic,True,0.005632984901882709
cfg_1010111,2,dense_periodic,dense_periodic,True,0.03811553234636109
cfg_1010111,2,synchronization_bursty,synchronization_bursty,True,0.1291691084262893
cfg_1010111,3,sparse_periodic,sparse_periodic,True,0.021173387505660887
cfg_1010111,3,dense_periodic,dense_periodic,True,0.13231836792993076
cfg_1010111,3,synchronization_bursty,synchronization_bursty,True,0.14247072691994028
cfg_1010111,4,sparse_periodic,sparse_periodic,True,0.04484259549674287
cfg_1010111,4,dense_periodic,dense_periodic,True,0.017732001506578252
cfg_1010111,4,synchronization_bursty,synchronization_bursty,True,0.340177313791126
cfg_1010111,5,sparse_periodic,sparse_periodic,True,0.05014542521794158
cfg_1010111,5,dense_periodic,dense_periodic,True,0.07404129344382325
cfg_1010111,5,synchronization_bursty,synchronization_bursty,True,0.16482393248231866
cfg_1010111,6,sparse_periodic,sparse_periodic,True,0.025727250294850193
cfg_1010111,6,dense_periodic,dense_periodic,True,0.08565938080653279
cfg_1010111,6,synchronization_bursty,synchronization_bursty,True,0.13875806921365524
cfg_1010111,7,sparse_periodic,sparse_periodic,True,0.04479276190512944
cfg_1010111,7,dense_periodic,dense_periodic,True,0.07376578287107936
cfg_1010111,7,synchronization_bursty,synchronization_bursty,True,0.13789554590424358
cfg_1010111,8,sparse_periodic,sparse_periodic,True,0.005660380504266924
cfg_1010111,8,dense_periodic,dense_periodic,True,0.017745714626342283
cfg_1010111,8,synchronization_bursty,synchronization_bursty,True,0.3402202071096898
cfg_1010111,9,sparse_periodic,sparse_periodic,True,0.005629265390354118
cfg_1010111,9,dense_periodic,dense_periodic,True,0.08964033004472118
cfg_1010111,9,synchronization_bursty,synchronization_bursty,True,0.13873024802506412
cfg_1011000,0,sparse_periodic,sparse_periodic,True,0.025802860997708878
cfg_1011000,0,dense_periodic,dense_periodic,True,0.05170070844378967
cfg_1011000,0,synchronization_bursty,synchronization_bursty,True,0.08502293535269068
cfg_1011000,1,sparse_periodic,sparse_periodic,True,0.00616632933322234
cfg_1011000,1,dense_periodic,dense_periodic,True,0.00872456528457511
cfg_1011000,1,synchronization_bursty,synchronization_bursty,True,0.17724008229734275
cfg_1011000,2,sparse_periodic,sparse_periodic,True,0.006164483196539834
cfg_1011000,2,dense_periodic,dense_periodic,True,0.03697345661597509
cfg_1011000,2,synchronization_bursty,synchronization_bursty,True,0.14849041045967526
cfg_1011000,3,sparse_periodic,sparse_periodic,True,0.021229317398513702
cfg_1011000,3,dense_periodic,dense_periodic,True,0.08116234448208963
cfg_1011000,3,synchronization_bursty,synchronization_bursty,True,0.1338792120310611
cfg_1011000,4,sparse_periodic,sparse_periodic,True,0.045053385918806685
cfg_1011000,4,dense_periodic,dense_periodic,True,0.0149907233859816
cfg_1011000,4,synchronization_bursty,synchronization_bursty,True,0.1304354514943272
cfg_1011000,5,sparse_periodic,sparse_periodic,True,0.05039565078462484
cfg_1011000,5,dense_periodic,dense_periodic,True,0.07353232755269594
cfg_1011000,5,synchronization_bursty,synchronization_bursty,True,0.2854545954795821
cfg_1011000,6,sparse_periodic,sparse_periodic,True,0.025773008252138078
cfg_1011000,6,dense_periodic,dense_periodic,True,0.008728979729740774
cfg_1011000,6,synchronization_bursty,synchronization_bursty,True,0.09305558948709433
cfg_1011000,7,sparse_periodic,sparse_periodic,True,0.045025711658185905
cfg_1011000,7,dense_periodic,dense_periodic,True,0.07326821050200953
cfg_1011000,7,synchronization_bursty,synchronization_bursty,True,0.14521987835425829
cfg_1011000,8,sparse_periodic,sparse_periodic,True,0.006134607658317277
cfg_1011000,8,dense_periodic,dense_periodic,True,0.015006996004458298
cfg_1011000,8,synchronization_bursty,synchronization_bursty,True,0.1305603335012665
cfg_1011000,9,sparse_periodic,sparse_periodic,True,0.006131042476163413
cfg_1011000,9,dense_periodic,dense_periodic,True,0.02786007338056284
cfg_1011000,9,synchronization_bursty,synchronization_bursty,True,0.09301702428523227
cfg_1011001,0,sparse_periodic,sparse_periodic,True,0.025756830593697808
cfg_1011001,0,dense_periodic,dense_periodic,True,0.11673636952359562
cfg_1011001,0,synchronization_bursty,synchronization_bursty,True,0.13210757571920964
cfg_1011001,1,sparse_periodic,sparse_periodic,True,0.0056940095806487494
cfg_1011001,1,dense_periodic,dense_periodic,True,0.08560275485348849
cfg_1011001,1,synchronization_bursty,synchronization_bursty,True,0.4937244490868386
cfg_1011001,2,sparse_periodic,sparse_periodic,True,0.005632984901882709
cfg_1011001,2,dense_periodic,dense_periodic,True,0.03811553234636109
cfg_1011001,2,synchronization_bursty,synchronization_bursty,True,0.1291691084262893
cfg_1011001,3,sparse_periodic,sparse_periodic,True,0.021173387505660887
cfg_1011001,3,dense_periodic,dense_periodic,True,0.13231836792993076
cfg_1011001,3,synchronization_bursty,synchronization_bursty,True,0.14247072691994028
cfg_1011001,4,sparse_periodic,sparse_periodic,True,0.04484259549674287
cfg_1011001,4,dense_periodic,dense_periodic,True,0.017732001506578252
cfg_1011001,4,synchronization_bursty,synchronization_bursty,True,0.340177313791126
cfg_1011001,5,sparse_periodic,sparse_periodic,True,0.05014542521794158
cfg_1011001,5,dense_periodic,dense_periodic,True,0.07404129344382325
cfg_1011001,5,synchronization_bursty,synchronization_bursty,True,0.16482393248231866
cfg_1011001,6,sparse_periodic,sparse_periodic,True,0.025727250294850193
cfg_1011001,6,dense_periodic,dense_periodic,True,0.08565938080653279
cfg_1011001,6,synchronization_bursty,synchronization_bursty,True,0.13875806921365524
cfg_1011001,7,sparse_periodic,sparse_periodic,True,0.04479276190512944
cfg_1011001,7,dense_periodic,dense_periodic,True,0.07376578287107936
cfg_1011001,7,synchronization_bursty,synchronization_bursty,True,0.13789554590424358
cfg_1011001,8,sparse_periodic,sparse_periodic,True,0.005660380504266924
cfg_1011001,8,dense_periodic,dense_periodic,True,0.017745714626342283
cfg_1011001,8,synchronization_bursty,synchronization_bursty,True,0.3402202071096898
cfg_1011001,9,sparse_periodic,sparse_periodic,True,0.005629265390354118
cfg_1011001,9,dense_periodic,dense_periodic,True,0.08964033004472118
cfg_1011001,9,synchronization_bursty,synchronization_bursty,True,0.13873024802506412
cfg_1011010,0,sparse_periodic,sparse_periodic,True,0.025802860997708878
cfg_1011010,0,dense_periodic,dense_periodic,True,0.05170070844378967
cfg_1011010,0,synchronization_bursty,synchronization_bursty,True,0.08502293535269068
cfg_1011010,1,sparse_periodic,sparse_periodic,True,0.00616632933322234
cfg_1011010,1,dense_periodic,dense_periodic,True,0.00872456528457511
cfg_1011010,1,synchronization_bursty,synchronization_bursty,True,0.17724008229734275
cfg_1011010,2,sparse_periodic,sparse_periodic,True,0.006164483196539834
cfg_1011010,2,dense_periodic,dense_periodic,True,0.03697345661597509
cfg_1011010,2,synchronization_bursty,synchronization_bursty,True,0.14849041045967526
cfg_1011010,3,sparse_periodic,sparse_periodic,True,0.021229317398513702
cfg_1011010,3,dense_periodic,dense_periodic,True,0.08116234448208963
cfg_1011010,3,synchronization_bursty,synchronization_bursty,True,0.1338792120310611
cfg_1011010,4,sparse_periodic,sparse_periodic,True,0.045053385918806685
cfg_1011010,4,dense_periodic,dense_periodic,True,0.0149907233859816
cfg_1011010,4,synchronization_bursty,synchronization_bursty,True,0.1304354514943272
cfg_1011010,5,sparse_periodic,sparse_periodic,True,0.05039565078462484
cfg_1011010,5,dense_periodic,dense_periodic,True,0.07353232755269594
cfg_1011010,5,synchronization_bursty,synchronization_bursty,True,0.2854545954795821
cfg_1011010,6,sparse_periodic,sparse_periodic,True,0.025773008252138078
cfg_1011010,6,dense_periodic,dense_periodic,True,0.008728979729740774
cfg_1011010,6,synchronization_bursty,synchronization_bursty,True,0.09305558948709433
cfg_1011010,7,sparse_periodic,sparse_periodic,True,0.045025711658185905
cfg_1011010,7,dense_periodic,dense_periodic,True,0.07326821050200953
cfg_1011010,7,synchronization_bursty,synchronization_bursty,True,0.14521987835425829
cfg_1011010,8,sparse_periodic,sparse_periodic,True,0.006134607658317277
cfg_1011010,8,dense_periodic,dense_periodic,True,0.015006996004458298
cfg_1011010,8,synchronization_bursty,synchronization_bursty,True,0.1305603335012665
cfg_1011010,9,sparse_periodic,sparse_periodic,True,0.006131042476163413
cfg_1011010,9,dense_periodic,dense_periodic,True,0.02786007338056284
cfg_1011010,9,synchronization_bursty,synchronization_bursty,True,0.09301702428523227
cfg_1011011,0,sparse_periodic,sparse_periodic,True,0.025756830593697808
cfg_1011011,0,dense_periodic,dense_periodic,True,0.11673636952359562
cfg_1011011,0,synchronization_bursty,synchronization_bursty,True,0.13210757571920964
cfg_1011011,1,sparse_periodic,sparse_periodic,True,0.0056940095806487494
cfg_1011011,1,dense_periodic,dense_periodic,True,0.08560275485348849
cfg_1011011,1,synchronization_bursty,synchronization_bursty,True,0.4937244490868386
cfg_1011011,2,sparse_periodic,sparse_periodic,True,0.005632984901882709
cfg_1011011,2,dense_periodic,dense_periodic,True,0.03811553234636109
cfg_1011011,2,synchronization_bursty,synchronization_bursty,True,0.1291691084262893
cfg_1011011,3,sparse_periodic,sparse_periodic,True,0.021173387505660887
cfg_1011011,3,dense_periodic,dense_periodic,True,0.13231836792993076
cfg_1011011,3,synchronization_bursty,synchronization_bursty,True,0.14247072691994028
cfg_1011011,4,sparse_periodic,sparse_periodic,True,0.04484259549674287
cfg_1011011,4,dense_periodic,dense_periodic,True,0.017732001506578252
cfg_1011011,4,synchronization_bursty,synchronization_bursty,True,0.340177313791126
cfg_1011011,5,sparse_periodic,sparse_periodic,True,0.05014542521794158
cfg_1011011,5,dense_periodic,dense_periodic,True,0.07404129344382325
cfg_1011011,5,synchronization_bursty,synchronization_bursty,True,0.16482393248231866
cfg_1011011,6,sparse_periodic,sparse_periodic,True,0.025727250294850193
cfg_1011011,6,dense_periodic,dense_periodic,True,0.08565938080653279
cfg_1011011,6,synchronization_bursty,synchronization_bursty,True,0.13875806921365524
cfg_1011011,7,sparse_periodic,sparse_periodic,True,0.04479276190512944
cfg_1011011,7,dense_periodic,dense_periodic,True,0.07376578287107936
cfg_1011011,7,synchronization_bursty,synchronization_bursty,True,0.13789554590424358
cfg_1011011,8,sparse_periodic,sparse_periodic,True,0.005660380504266924
cfg_1011011,8,dense_periodic,dense_periodic,True,0.017745714626342283
cfg_1011011,8,synchronization_bursty,synchronization_bursty,True,0.3402202071096898
cfg_1011011,9,sparse_periodic,sparse_periodic,True,0.005629265390354118
cfg_1011011,9,dense_periodic,dense_periodic,True,0.08964033004472118
cfg_1011011,9,synchronization_bursty,synchronization_bursty,True,0.13873024802506412
cfg_1011100,0,sparse_periodic,sparse_periodic,True,0.025802860997708878
cfg_1011100,0,dense_periodic,dense_periodic,True,0.05170070844378967
cfg_1011100,0,synchronization_bursty,synchronization_bursty,True,0.08502293535269068
cfg_1011100,1,sparse_periodic,sparse_periodic,True,0.00616632933322234
cfg_1011100,1,dense_periodic,dense_periodic,True,0.00872456528457511
cfg_1011100,1,synchronization_bursty,synchronization_bursty,True,0.17724008229734275
cfg_1011100,2,sparse_periodic,sparse_periodic,True,0.006164483196539834
cfg_1011100,2,dense_periodic,dense_periodic,True,0.03697345661597509
cfg_1011100,2,synchronization_bursty,synchronization_bursty,True,0.14849041045967526
cfg_1011100,3,sparse_periodic,sparse_periodic,True,0.021229317398513702
cfg_1011100,3,dense_periodic,dense_periodic,True,0.08116234448208963
cfg_1011100,3,synchronization_bursty,synchronization_bursty,True,0.1338792120310611
cfg_1011100,4,sparse_periodic,sparse_periodic,True,0.045053385918806685
cfg_1011100,4,dense_periodic,dense_periodic,True,0.0149907233859816
cfg_1011100,4,synchronization_bursty,synchronization_bursty,True,0.1304354514943272
cfg_1011100,5,sparse_periodic,sparse_periodic,True,0.05039565078462484
cfg_1011100,5,dense_periodic,dense_periodic,True,0.07353232755269594
cfg_1011100,5,synchronization_bursty,synchronization_bursty,True,0.2854545954795821
cfg_1011100,6,sparse_periodic,sparse_periodic,True,0.025773008252138078
cfg_1011100,6,dense_periodic,dense_periodic,True,0.008728979729740774
cfg_1011100,6,synchronization_bursty,synchronization_bursty,True,0.09305558948709433
cfg_1011100,7,sparse_periodic,sparse_periodic,True,0.045025711658185905
cfg_1011100,7,dense_periodic,dense_periodic,True,0.07326821050200953
cfg_1011100,7,synchronization_bursty,synchronization_bursty,True,0.14521987835425829
cfg_1011100,8,sparse_periodic,sparse_periodic,True,0.006134607658317277
cfg_1011100,8,dense_periodic,dense_periodic,True,0.015006996004458298
cfg_1011100,8,synchronization_bursty,synchronization_bursty,True,0.1305603335012665
cfg_1011100,9,sparse_periodic,sparse_periodic,True,0.006131042476163413
cfg_1011100,9,dense_periodic,dense_periodic,True,0.02786007338056284
cfg_1011100,9,synchronization_bursty,synchronization_bursty,True,0.09301702428523227
cfg_1011101,0,sparse_periodic,sparse_periodic,True,0.025756830593697808
cfg_1011101,0,dense_periodic,dense_periodic,True,0.11673636952359562
cfg_1011101,0,synchronization_bursty,synchronization_bursty,True,0.13210757571920964
cfg_1011101,1,sparse_periodic,sparse_periodic,True,0.0056940095806487494
cfg_1011101,1,dense_periodic,dense_periodic,True,0.08560275485348849
cfg_1011101,1,synchronization_bursty,synchronization_bursty,True,0.4937244490868386
cfg_1011101,2,sparse_periodic,sparse_periodic,True,0.005632984901882709
cfg_1011101,2,dense_periodic,dense_periodic,True,0.03811553234636109
cfg_1011101,2,synchronization_bursty,synchronization_bursty,True,0.1291691084262893
cfg_1011101,3,sparse_periodic,sparse_periodic,True,0.021173387505660887
cfg_1011101,3,dense_periodic,dense_periodic,True,0.13231836792993076
cfg_1011101,3,synchronization_bursty,synchronization_bursty,True,0.14247072691994028
cfg_1011101,4,sparse_periodic,sparse_periodic,True,0.04484259549674287
cfg_1011101,4,dense_periodic,dense_periodic,True,0.017732001506578252
cfg_1011101,4,synchronization_bursty,synchronization_bursty,True,0.340177313791126
cfg_1011101,5,sparse_periodic,sparse_periodic,True,0.05014542521794158
cfg_1011101,5,dense_periodic,dense_periodic,True,0.07404129344382325
cfg_1011101,5,synchronization_bursty,synchronization_bursty,True,0.16482393248231866
cfg_1011101,6,sparse_periodic,sparse_periodic,True,0.025727250294850193
cfg_1011101,6,dense_periodic,dense_periodic,True,0.08565938080653279
cfg_1011101,6,synchronization_bursty,synchronization_bursty,True,0.13875806921365524
cfg_1011101,7,sparse_periodic,sparse_periodic,True,0.04479276190512944
cfg_1011101,7,dense_periodic,dense_periodic,True,0.07376578287107936
cfg_1011101,7,synchronization_bursty,synchronization_bursty,True,0.13789554590424358
cfg_1011101,8,sparse_periodic,sparse_periodic,True,0.005660380504266924
cfg_1011101,8,dense_periodic,dense_periodic,True,0.017745714626342283
cfg_1011101,8,synchronization_bursty,synchronization_bursty,True,0.3402202071096898
cfg_1011101,9,sparse_periodic,sparse_periodic,True,0.005629265390354118
cfg_1011101,9,dense_periodic,dense_periodic,True,0.08964033004472118
cfg_1011101,9,synchronization_bursty,synchronization_bursty,True,0.13873024802506412
cfg_1011110,0,sparse_periodic,sparse_periodic,True,0.025802860997708878
cfg_1011110,0,dense_periodic,dense_periodic,True,0.05170070844378967
cfg_1011110,0,synchronization_bursty,synchronization_bursty,True,0.08502293535269068
cfg_1011110,1,sparse_periodic,sparse_periodic,True,0.00616632933322234
cfg_1011110,1,dense_periodic,dense_periodic,True,0.00872456528457511
cfg_1011110,1,synchronization_bursty,synchronization_bursty,True,0.17724008229734275
cfg_1011110,2,sparse_periodic,sparse_periodic,True,0.006164483196539834
cfg_1011110,2,dense_periodic,dense_periodic,True,0.03697345661597509
cfg_1011110,2,synchronization_bursty,synchronization_bursty,True,0.14849041045967526
cfg_1011110,3,sparse_periodic,sparse_periodic,True,0.021229317398513702
cfg_1011110,3,dense_periodic,dense_periodic,True,0.08116234448208963
cfg_1011110,3,synchronization_bursty,synchronization_bursty,True,0.1338792120310611
cfg_1011110,4,sparse_periodic,sparse_periodic,True,0.045053385918806685
cfg_1011110,4,dense_periodic,dense_periodic,True,0.0149907233859816
cfg_1011110,4,synchronization_bursty,synchronization_bursty,True,0.1304354514943272
cfg_1011110,5,sparse_periodic,sparse_periodic,True,0.05039565078462484
cfg_1011110,5,dense_periodic,dense_periodic,True,0.07353232755269594
cfg_1011110,5,synchronization_bursty,synchronization_bursty,True,0.2854545954795821
cfg_1011110,6,sparse_periodic,sparse_periodic,True,0.025773008252138078
cfg_1011110,6,dense_periodic,dense_periodic,True,0.008728979729740774
cfg_1011110,6,synchronization_bursty,synchronization_bursty,True,0.09305558948709433
cfg_1011110,7,sparse_periodic,sparse_periodic,True,0.045025711658185905
cfg_1011110,7,dense_periodic,dense_periodic,True,0.07326821050200953
cfg_1011110,7,synchronization_bursty,synchronization_bursty,True,0.14521987835425829
cfg_1011110,8,sparse_periodic,sparse_periodic,True,0.006134607658317277
cfg_1011110,8,dense_periodic,dense_periodic,True,0.015006996004458298
cfg_1011110,8,synchronization_bursty,synchronization_bursty,True,0.1305603335012665
cfg_1011110,9,sparse_periodic,sparse_periodic,True,0.006131042476163413
cfg_1011110,9,dense_periodic,dense_periodic,True,0.02786007338056284
cfg_1011110,9,synchronization_bursty,synchronization_bursty,True,0.09301702428523227
cfg_1011111,0,sparse_periodic,sparse_periodic,True,0.025756830593697808
cfg_1011111,0,dense_periodic,dense_periodic,True,0.11673636952359562
cfg_1011111,0,synchronization_bursty,synchronization_bursty,True,0.13210757571920964
cfg_1011111,1,sparse_periodic,sparse_periodic,True,0.0056940095806487494
cfg_1011111,1,dense_periodic,dense_periodic,True,0.08560275485348849
cfg_1011111,1,synchronization_bursty,synchronization_bursty,True,0.4937244490868386
cfg_1011111,2,sparse_periodic,sparse_periodic,True,0.005632984901882709
cfg_1011111,2,dense_periodic,dense_periodic,True,0.03811553234636109
cfg_1011111,2,synchronization_bursty,synchronization_bursty,True,0.1291691084262893
cfg_1011111,3,sparse_periodic,sparse_periodic,True,0.021173387505660887
cfg_1011111,3,dense_periodic,dense_periodic,True,0.13231836792993076
cfg_1011111,3,synchronization_bursty,synchronization_bursty,True,0.14247072691994028
cfg_1011111,4,sparse_periodic,sparse_periodic,True,0.04484259549674287
cfg_1011111,4,dense_periodic,dense_periodic,True,0.017732001506578252
cfg_1011111,4,synchronization_bursty,synchronization_bursty,True,0.340177313791126
cfg_1011111,5,sparse_periodic,sparse_periodic,True,0.05014542521794158
cfg_1011111,5,dense_periodic,dense_periodic,True,0.07404129344382325
cfg_1011111,5,synchronization_bursty,synchronization_bursty,True,0.16482393248231866
cfg_1011111,6,sparse_periodic,sparse_periodic,True,0.025727250294850193
cfg_1011111,6,dense_periodic,dense_periodic,True,0.08565938080653279
cfg_1011111,6,synchronization_bursty,synchronization_bursty,True,0.13875806921365524
cfg_1011111,7,sparse_periodic,sparse_periodic,True,0.04479276190512944
cfg_1011111,7,dense_periodic,dense_periodic,True,0.07376578287107936
cfg_1011111,7,synchronization_bursty,synchronization_bursty,True,0.13789554590424358
cfg_1011111,8,sparse_periodic,sparse_periodic,True,0.005660380504266924
cfg_1011111,8,dense_periodic,dense_periodic,True,0.017745714626342283
cfg_1011111,8,synchronization_bursty,synchronization_bursty,True,0.3402202071096898
cfg_1011111,9,sparse_periodic,sparse_periodic,True,0.005629265390354118
cfg_1011111,9,dense_periodic,dense_periodic,True,0.08964033004472118
cfg_1011111,9,synchronization_bursty,synchronization_bursty,True,0.13873024802506412
cfg_1100000,0,sparse_periodic,sparse_periodic,True,0.025802860997708878
cfg_1100000,0,dense_periodic,dense_periodic,True,0.05170070844378967
cfg_1100000,0,synchronization_bursty,synchronization_bursty,True,0.08502293535269068
cfg_1100000,1,sparse_periodic,sparse_periodic,True,0.00616632933322234
cfg_1100000,1,dense_periodic,dense_periodic,True,0.00872456528457511
cfg_1100000,1,synchronization_bursty,synchronization_bursty,True,0.17724008229734275
cfg_1100000,2,sparse_periodic,sparse_periodic,True,0.006164483196539834
cfg_1100000,2,dense_periodic,dense_periodic,True,0.03697345661597509
cfg_1100000,2,synchronization_bursty,synchronization_bursty,True,0.14849041045967526
cfg_1100000,3,sparse_periodic,sparse_periodic,True,0.021229317398513702
cfg_1100000,3,dense_periodic,dense_periodic,True,0.08116234448208963
cfg_1100000,3,synchronization_bursty,synchronization_bursty,True,0.1338792120310611
cfg_1100000,4,sparse_periodic,sparse_periodic,True,0.045053385918806685
cfg_1100000,4,dense_periodic,dense_periodic,True,0.0149907233859816
cfg_1100000,4,synchronization_bursty,synchronization_bursty,True,0.1304354514943272
cfg_1100000,5,sparse_periodic,sparse_periodic,True,0.05039565078462484
cfg_1100000,5,dense_periodic,dense_periodic,True,0.07353232755269594
cfg_1100000,5,synchronization_bursty,synchronization_bursty,True,0.2854545954795821
cfg_1100000,6,sparse_periodic,sparse_periodic,True,0.025773008252138078
cfg_1100000,6,dense_periodic,dense_periodic,True,0.008728979729740774
cfg_1100000,6,synchronization_bursty,synchronization_bursty,True,0.09305558948709433
cfg_1100000,7,sparse_periodic,sparse_periodic,True,0.045025711658185905
cfg_1100000,7,dense_periodic,dense_periodic,True,0.07326821050200953
cfg_1100000,7,synchronization_bursty,synchronization_bursty,True,0.14521987835425829
cfg_1100000,8,sparse_periodic,sparse_periodic,True,0.006134607658317277
cfg_1100000,8,dense_periodic,dense_periodic,True,0.015006996004458298
cfg_1100000,8,synchronization_bursty,synchronization_bursty,True,0.1305603335012665
cfg_1100000,9,sparse_periodic,sparse_periodic,True,0.006131042476163413
cfg_1100000,9,dense_periodic,dense_periodic,True,0.02786007338056284
cfg_1100000,9,synchronization_bursty,synchronization_bursty,True,0.09301702428523227
cfg_1100001,0,sparse_periodic,sparse_periodic,True,0.025756830593697808
cfg_1100001,0,dense_periodic,dense_periodic,True,0.11673636952359562
cfg_1100001,0,synchronization_bursty,synchronization_bursty,True,0.13210757571920964
cfg_1100001,1,sparse_periodic,sparse_periodic,True,0.0056940095806487494
cfg_1100001,1,dense_periodic,dense_periodic,True,0.08560275485348849
cfg_1100001,1,synchronization_bursty,synchronization_bursty,True,0.4937244490868386
cfg_1100001,2,sparse_periodic,sparse_periodic,True,0.005632984901882709
cfg_1100001,2,dense_periodic,dense_periodic,True,0.03811553234636109
cfg_1100001,2,synchronization_bursty,synchronization_bursty,True,0.1291691084262893
cfg_1100001,3,sparse_periodic,sparse_periodic,True,0.021173387505660887
cfg_1100001,3,dense_periodic,dense_periodic,True,0.13231836792993076
cfg_1100001,3,synchronization_bursty,synchronization_bursty,True,0.14247072691994028
cfg_1100001,4,sparse_periodic,sparse_periodic,True,0.04484259549674287
cfg_1100001,4,dense_periodic,dense_periodic,True,0.017732001506578252
cfg_1100001,4,synchronization_bursty,synchronization_bursty,True,0.340177313791126
cfg_1100001,5,sparse_periodic,sparse_periodic,True,0.05014542521794158
cfg_1100001,5,dense_periodic,dense_periodic,True,0.07404129344382325
cfg_1100001,5,synchronization_bursty,synchronization_bursty,True,0.16482393248231866
cfg_1100001,6,sparse_periodic,sparse_periodic,True,0.025727250294850193
cfg_1100001,6,dense_periodic,dense_periodic,True,0.08565938080653279
cfg_1100001,6,synchronization_bursty,synchronization_bursty,True,0.13875806921365524
cfg_1100001,7,sparse_periodic,sparse_periodic,True,0.04479276190512944
cfg_1100001,7,dense_periodic,dense_periodic,True,0.07376578287107936
cfg_1100001,7,synchronization_bursty,synchronization_bursty,True,0.13789554590424358
cfg_1100001,8,sparse_periodic,sparse_periodic,True,0.005660380504266924
cfg_1100001,8,dense_periodic,dense_periodic,True,0.017745714626342283
cfg_1100001,8,synchronization_bursty,synchronization_bursty,True,0.3402202071096898
cfg_1100001,9,sparse_periodic,sparse_periodic,True,0.005629265390354118
cfg_1100001,9,dense_periodic,dense_periodic,True,0.08964033004472118
cfg_1100001,9,synchronization_bursty,synchronization_bursty,True,0.13873024802506412
cfg_1100010,0,sparse_periodic,sparse_periodic,True,0.025802860997708878
cfg_1100010,0,dense_periodic,dense_periodic,True,0.05170070844378967
cfg_1100010,0,synchronization_bursty,synchronization_bursty,True,0.08502293535269068
cfg_1100010,1,sparse_periodic,sparse_periodic,True,0.00616632933322234
cfg_1100010,1,dense_periodic,dense_periodic,True,0.00872456528457511
cfg_1100010,1,synchronization_bursty,synchronization_bursty,True,0.17724008229734275
cfg_1100010,2,sparse_periodic,sparse_periodic,True,0.006164483196539834
cfg_1100010,2,dense_periodic,dense_periodic,True,0.03697345661597509
cfg_1100010,2,synchronization_bursty,synchronization_bursty,True,0.14849041045967526
cfg_1100010,3,sparse_periodic,sparse_periodic,True,0.021229317398513702
cfg_1100010,3,dense_periodic,dense_periodic,True,0.08116234448208963
cfg_1100010,3,synchronization_bursty,synchronization_bursty,True,0.1338792120310611
cfg_1100010,4,sparse_periodic,sparse_periodic,True,0.045053385918806685
cfg_1100010,4,dense_periodic,dense_periodic,True,0.0149907233859816
cfg_1100010,4,synchronization_bursty,synchronization_bursty,True,0.1304354514943272
cfg_1100010,5,sparse_periodic,sparse_periodic,True,0.05039565078462484
cfg_1100010,5,dense_periodic,dense_periodic,True,0.07353232755269594
cfg_1100010,5,synchronization_bursty,synchronization_bursty,True,0.2854545954795821
cfg_1100010,6,sparse_periodic,sparse_periodic,True,0.025773008252138078
cfg_1100010,6,dense_periodic,dense_periodic,True,0.008728979729740774
cfg_1100010,6,synchronization_bursty,synchronization_bursty,True,0.09305558948709433
cfg_1100010,7,sparse_periodic,sparse_periodic,True,0.045025711658185905
cfg_1100010,7,dense_periodic,dense_periodic,True,0.07326821050200953
cfg_1100010,7,synchronization_bursty,synchronization_bursty,True,0.14521987835425829
cfg_1100010,8,sparse_periodic,sparse_periodic,True,0.006134607658317277
cfg_1100010,8,dense_periodic,dense_periodic,True,0.015006996004458298
cfg_1100010,8,synchronization_bursty,synchronization_bursty,True,0.1305603335012665
cfg_1100010,9,sparse_periodic,sparse_periodic,True,0.006131042476163413
cfg_1100010,9,dense_periodic,dense_periodic,True,0.02786007338056284
cfg_1100010,9,synchronization_bursty,synchronization_bursty,True,0.09301702428523227
cfg_1100011,0,sparse_periodic,sparse_periodic,True,0.025756830593697808
cfg_1100011,0,dense_periodic,dense_periodic,True,0.11673636952359562
cfg_1100011,0,synchronization_bursty,synchronization_bursty,True,0.13210757571920964
cfg_1100011,1,sparse_periodic,sparse_periodic,True,0.0056940095806487494
cfg_1100011,1,dense_periodic,dense_periodic,True,0.08560275485348849
cfg_1100011,1,synchronization_bursty,synchronization_bursty,True,0.4937244490868386
cfg_1100011,2,sparse_periodic,sparse_periodic,True,0.005632984901882709
cfg_1100011,2,dense_periodic,dense_periodic,True,0.03811553234636109
cfg_1100011,2,synchronization_bursty,synchronization_bursty,True,0.1291691084262893
cfg_1100011,3,sparse_periodic,sparse_periodic,True,0.021173387505660887
cfg_1100011,3,dense_periodic,dense_periodic,True,0.13231836792993076
cfg_1100011,3,synchronization_bursty,synchronization_bursty,True,0.14247072691994028
cfg_1100011,4,sparse_periodic,sparse_periodic,True,0.04484259549674287
cfg_1100011,4,dense_periodic,dense_periodic,True,0.017732001506578252
cfg_1100011,4,synchronization_bursty,synchronization_bursty,True,0.340177313791126
cfg_1100011,5,sparse_periodic,sparse_periodic,True,0.05014542521794158
cfg_1100011,5,dense_periodic,dense_periodic,True,0.07404129344382325
cfg_1100011,5,synchronization_bursty,synchronization_bursty,True,0.16482393248231866
cfg_1100011,6,sparse_periodic,sparse_periodic,True,0.025727250294850193
cfg_1100011,6,dense_periodic,dense_periodic,True,0.08565938080653279
cfg_1100011,6,synchronization_bursty,synchronization_bursty,True,0.13875806921365524
cfg_1100011,7,sparse_periodic,sparse_periodic,True,0.04479276190512944
cfg_1100011,7,dense_periodic,dense_periodic,True,0.07376578287107936
cfg_1100011,7,synchronization_bursty,synchronization_bursty,True,0.13789554590424358
cfg_1100011,8,sparse_periodic,sparse_periodic,True,0.005660380504266924
cfg_1100011,8,dense_periodic,dense_periodic,True,0.017745714626342283
cfg_1100011,8,synchronization_bursty,synchronization_bursty,True,0.3402202071096898
cfg_1100011,9,sparse_periodic,sparse_periodic,True,0.005629265390354118
cfg_1100011,9,dense_periodic,dense_periodic,True,0.08964033004472118
cfg_1100011,9,synchronization_bursty,synchronization_bursty,True,0.13873024802506412
cfg_1100100,0,sparse_periodic,sparse_periodic,True,0.025802860997708878
cfg_1100100,0,dense_periodic,dense_periodic,True,0.05170070844378967
cfg_1100100,0,synchronization_bursty,synchronization_bursty,True,0.08502293535269068
cfg_1100100,1,sparse_periodic,sparse_periodic,True,0.00616632933322234
cfg_1100100,1,dense_periodic,dense_periodic,True,0.00872456528457511
cfg_1100100,1,synchronization_bursty,synchronization_bursty,True,0.17724008229734275
cfg_1100100,2,sparse_periodic,sparse_periodic,True,0.006164483196539834
cfg_1100100,2,dense_periodic,dense_periodic,True,0.03697345661597509
cfg_1100100,2,synchronization_bursty,synchronization_bursty,True,0.14849041045967526
cfg_1100100,3,sparse_periodic,sparse_periodic,True,0.021229317398513702
cfg_1100100,3,dense_periodic,dense_periodic,True,0.08116234448208963
cfg_1100100,3,synchronization_bursty,synchronization_bursty,True,0.1338792120310611
cfg_1100100,4,sparse_periodic,sparse_periodic,True,0.045053385918806685
cfg_1100100,4,dense_periodic,dense_periodic,True,0.0149907233859816
cfg_1100100,4,synchronization_bursty,synchronization_bursty,True,0.1304354514943272
cfg_1100100,5,sparse_periodic,sparse_periodic,True,0.05039565078462484
cfg_1100100,5,dense_periodic,dense_periodic,True,0.07353232755269594
cfg_1100100,5,synchronization_bursty,synchronization_bursty,True,0.2854545954795821
cfg_1100100,6,sparse_periodic,sparse_periodic,True,0.025773008252138078
cfg_1100100,6,dense_periodic,dense_periodic,True,0.008728979729740774
cfg_1100100,6,synchronization_bursty,synchronization_bursty,True,0.09305558948709433
cfg_1100100,7,sparse_periodic,sparse_periodic,True,0.045025711658185905
cfg_1100100,7,dense_periodic,dense_periodic,True,0.07326821050200953
cfg_1100100,7,synchronization_bursty,synchronization_bursty,True,0.14521987835425829
cfg_1100100,8,sparse_periodic,sparse_periodic,True,0.006134607658317277
cfg_1100100,8,dense_periodic,dense_periodic,True,0.015006996004458298
cfg_1100100,8,synchronization_bursty,synchronization_bursty,True,0.1305603335012665
cfg_1100100,9,sparse_periodic,sparse_periodic,True,0.006131042476163413
cfg_1100100,9,dense_periodic,dense_periodic,True,0.02786007338056284
cfg_1100100,9,synchronization_bursty,synchronization_bursty,True,0.09301702428523227
cfg_1100101,0,sparse_periodic,sparse_periodic,True,0.025756830593697808
cfg_1100101,0,dense_periodic,dense_periodic,True,0.11673636952359562
cfg_1100101,0,synchronization_bursty,synchronization_bursty,True,0.13210757571920964
cfg_1100101,1,sparse_periodic,sparse_periodic,True,0.0056940095806487494
cfg_1100101,1,dense_periodic,dense_periodic,True,0.08560275485348849
cfg_1100101,1,synchronization_bursty,synchronization_bursty,True,0.4937244490868386
cfg_1100101,2,sparse_periodic,sparse_periodic,True,0.005632984901882709
cfg_1100101,2,dense_periodic,dense_periodic,True,0.03811553234636109
cfg_1100101,2,synchronization_bursty,synchronization_bursty,True,0.1291691084262893
cfg_1100101,3,sparse_periodic,sparse_periodic,True,0.021173387505660887
cfg_1100101,3,dense_periodic,dense_periodic,True,0.13231836792993076
cfg_1100101,3,synchronization_bursty,synchronization_bursty,True,0.14247072691994028
cfg_1100101,4,sparse_periodic,sparse_periodic,True,0.04484259549674287
cfg_1100101,4,dense_periodic,dense_periodic,True,0.017732001506578252
cfg_1100101,4,synchronization_bursty,synchronization_bursty,True,0.340177313791126
cfg_1100101,5,sparse_periodic,sparse_periodic,True,0.05014542521794158
cfg_1100101,5,dense_periodic,dense_periodic,True,0.07404129344382325
cfg_1100101,5,synchronization_bursty,synchronization_bursty,True,0.16482393248231866
cfg_1100101,6,sparse_periodic,sparse_periodic,True,0.025727250294850193
cfg_1100101,6,dense_periodic,dense_periodic,True,0.08565938080653279
cfg_1100101,6,synchronization_bursty,synchronization_bursty,True,0.13875806921365524
cfg_1100101,7,sparse_periodic,sparse_periodic,True,0.04479276190512944
cfg_1100101,7,dense_periodic,dense_periodic,True,0.07376578287107936
cfg_1100101,7,synchronization_bursty,synchronization_bursty,True,0.13789554590424358
cfg_1100101,8,sparse_periodic,sparse_periodic,True,0.005660380504266924
cfg_1100101,8,dense_periodic,dense_periodic,True,0.017745714626342283
cfg_1100101,8,synchronization_bursty,synchronization_bursty,True,0.3402202071096898
cfg_1100101,9,sparse_periodic,sparse_periodic,True,0.005629265390354118
cfg_1100101,9,dense_periodic,dense_periodic,True,0.08964033004472118
cfg_1100101,9,synchronization_bursty,synchronization_bursty,True,0.13873024802506412
cfg_1100110,0,sparse_periodic,sparse_periodic,True,0.025802860997708878
cfg_1100110,0,dense_periodic,dense_periodic,True,0.05170070844378967
cfg_1100110,0,synchronization_bursty,synchronization_bursty,True,0.08502293535269068
cfg_1100110,1,sparse_periodic,sparse_periodic,True,0.00616632933322234
cfg_1100110,1,dense_periodic,dense_periodic,True,0.00872456528457511
cfg_1100110,1,synchronization_bursty,synchronization_bursty,True,0.17724008229734275
cfg_1100110,2,sparse_periodic,sparse_periodic,True,0.006164483196539834
cfg_1100110,2,dense_periodic,dense_periodic,True,0.03697345661597509
cfg_1100110,2,synchronization_bursty,synchronization_bursty,True,0.14849041045967526
cfg_1100110,3,sparse_periodic,sparse_periodic,True,0.021229317398513702
cfg_1100110,3,dense_periodic,dense_periodic,True,0.08116234448208963
cfg_1100110,3,synchronization_bursty,synchronization_bursty,True,0.1338792120310611
cfg_1100110,4,sparse_periodic,sparse_periodic,True,0.045053385918806685
cfg_1100110,4,dense_periodic,dense_periodic,True,0.0149907233859816
cfg_1100110,4,synchronization_bursty,synchronization_bursty,True,0.1304354514943272
cfg_1100110,5,sparse_periodic,sparse_periodic,True,0.05039565078462484
cfg_1100110,5,dense_periodic,dense_periodic,True,0.07353232755269594
cfg_1100110,5,synchronization_bursty,synchronization_bursty,True,0.2854545954795821
cfg_1100110,6,sparse_periodic,sparse_periodic,True,0.025773008252138078
cfg_1100110,6,dense_periodic,dense_periodic,True,0.008728979729740774
cfg_1100110,6,synchronization_bursty,synchronization_bursty,True,0.09305558948709433
cfg_1100110,7,sparse_periodic,sparse_periodic,True,0.045025711658185905
cfg_1100110,7,dense_periodic,dense_periodic,True,0.07326821050200953
cfg_1100110,7,synchronization_bursty,synchronization_bursty,True,0.14521987835425829
cfg_1100110,8,sparse_periodic,sparse_periodic,True,0.006134607658317277
cfg_1100110,8,dense_periodic,dense_periodic,True,0.015006996004458298
cfg_1100110,8,synchronization_bursty,synchronization_bursty,True,0.1305603335012665
cfg_1100110,9,sparse_periodic,sparse_periodic,True,0.006131042476163413
cfg_1100110,9,dense_periodic,dense_periodic,True,0.02786007338056284
cfg_1100110,9,synchronization_bursty,synchronization_bursty,True,0.09301702428523227
cfg_1100111,0,sparse_periodic,sparse_periodic,True,0.025756830593697808
cfg_1100111,0,dense_periodic,dense_periodic,True,0.11673636952359562
cfg_1100111,0,synchronization_bursty,synchronization_bursty,True,0.13210757571920964
cfg_1100111,1,sparse_periodic,sparse_periodic,True,0.0056940095806487494
cfg_1100111,1,dense_periodic,dense_periodic,True,0.08560275485348849
cfg_1100111,1,synchronization_bursty,synchronization_bursty,True,0.4937244490868386
cfg_1100111,2,sparse_periodic,sparse_periodic,True,0.005632984901882709
cfg_1100111,2,dense_periodic,dense_periodic,True,0.03811553234636109
cfg_1100111,2,synchronization_bursty,synchronization_bursty,True,0.1291691084262893
cfg_1100111,3,sparse_periodic,sparse_periodic,True,0.021173387505660887
cfg_1100111,3,dense_periodic,dense_periodic,True,0.13231836792993076
cfg_1100111,3,synchronization_bursty,synchronization_bursty,True,0.14247072691994028
cfg_1100111,4,sparse_periodic,sparse_periodic,True,0.04484259549674287
cfg_1100111,4,dense_periodic,dense_periodic,True,0.017732001506578252
cfg_1100111,4,synchronization_bursty,synchronization_bursty,True,0.340177313791126
cfg_1100111,5,sparse_periodic,sparse_periodic,True,0.05014542521794158
cfg_1100111,5,dense_periodic,dense_periodic,True,0.07404129344382325
cfg_1100111,5,synchronization_bursty,synchronization_bursty,True,0.16482393248231866
cfg_1100111,6,sparse_periodic,sparse_periodic,True,0.025727250294850193
cfg_1100111,6,dense_periodic,dense_periodic,True,0.08565938080653279
cfg_1100111,6,synchronization_bursty,synchronization_bursty,True,0.13875806921365524
cfg_1100111,7,sparse_periodic,sparse_periodic,True,0.04479276190512944
cfg_1100111,7,dense_periodic,dense_periodic,True,0.07376578287107936
cfg_1100111,7,synchronization_bursty,synchronization_bursty,True,0.13789554590424358
cfg_1100111,8,sparse_periodic,sparse_periodic,True,0.005660380504266924
cfg_1100111,8,dense_periodic,dense_periodic,True,0.017745714626342283
cfg_1100111,8,synchronization_bursty,synchronization_bursty,True,0.3402202071096898
cfg_1100111,9,sparse_periodic,sparse_periodic,True,0.005629265390354118
cfg_1100111,9,dense_periodic,dense_periodic,True,0.08964033004472118
cfg_1100111,9,synchronization_bursty,synchronization_bursty,True,0.13873024802506412
cfg_1101000,0,sparse_periodic,sparse_periodic,True,0.025802860997708878
cfg_1101000,0,dense_periodic,dense_periodic,True,0.05170070844378967
cfg_1101000,0,synchronization_bursty,synchronization_bursty,True,0.08502293535269068
cfg_1101000,1,sparse_periodic,sparse_periodic,True,0.00616632933322234
cfg_1101000,1,dense_periodic,dense_periodic,True,0.00872456528457511
cfg_1101000,1,synchronization_bursty,synchronization_bursty,True,0.17724008229734275
cfg_1101000,2,sparse_periodic,sparse_periodic,True,0.006164483196539834
cfg_1101000,2,dense_periodic,dense_periodic,True,0.03697345661597509
cfg_1101000,2,synchronization_bursty,synchronization_bursty,True,0.14849041045967526
cfg_1101000,3,sparse_periodic,sparse_periodic,True,0.021229317398513702
cfg_1101000,3,dense_periodic,dense_periodic,True,0.08116234448208963
cfg_1101000,3,synchronization_bursty,synchronization_bursty,True,0.1338792120310611
cfg_1101000,4,sparse_periodic,sparse_periodic,True,0.045053385918806685
cfg_1101000,4,dense_periodic,dense_periodic,True,0.0149907233859816
cfg_1101000,4,synchronization_bursty,synchronization_bursty,True,0.1304354514943272
cfg_1101000,5,sparse_periodic,sparse_periodic,True,0.05039565078462484
cfg_1101000,5,dense_periodic,dense_periodic,True,0.07353232755269594
cfg_1101000,5,synchronization_bursty,synchronization_bursty,True,0.2854545954795821
cfg_1101000,6,sparse_periodic,sparse_periodic,True,0.025773008252138078
cfg_1101000,6,dense_periodic,dense_periodic,True,0.008728979729740774
cfg_1101000,6,synchronization_bursty,synchronization_bursty,True,0.09305558948709433
cfg_1101000,7,sparse_periodic,sparse_periodic,True,0.045025711658185905
cfg_1101000,7,dense_periodic,dense_periodic,True,0.07326821050200953
cfg_1101000,7,synchronization_bursty,synchronization_bursty,True,0.14521987835425829
cfg_1101000,8,sparse_periodic,sparse_periodic,True,0.006134607658317277
cfg_1101000,8,dense_periodic,dense_periodic,True,0.015006996004458298
cfg_1101000,8,synchronization_bursty,synchronization_bursty,True,0.1305603335012665
cfg_1101000,9,sparse_periodic,sparse_periodic,True,0.006131042476163413
cfg_1101000,9,dense_periodic,dense_periodic,True,0.02786007338056284
cfg_1101000,9,synchronization_bursty,synchronization_bursty,True,0.09301702428523227
cfg_1101001,0,sparse_periodic,sparse_periodic,True,0.025756830593697808
cfg_1101001,0,dense_periodic,dense_periodic,True,0.11673636952359562
cfg_1101001,0,synchronization_bursty,synchronization_bursty,True,0.13210757571920964
cfg_1101001,1,sparse_periodic,sparse_periodic,True,0.0056940095806487494
cfg_1101001,1,dense_periodic,dense_periodic,True,0.08560275485348849
cfg_1101001,1,synchronization_bursty,synchronization_bursty,True,0.4937244490868386
cfg_1101001,2,sparse_periodic,sparse_periodic,True,0.005632984901882709
cfg_1101001,2,dense_periodic,dense_periodic,True,0.03811553234636109
cfg_1101001,2,synchronization_bursty,synchronization_bursty,True,0.1291691084262893
cfg_1101001,3,sparse_periodic,sparse_periodic,True,0.021173387505660887
cfg_1101001,3,dense_periodic,dense_periodic,True,0.13231836792993076
cfg_1101001,3,synchronization_bursty,synchronization_bursty,True,0.14247072691994028
cfg_1101001,4,sparse_periodic,sparse_periodic,True,0.04484259549674287
cfg_1101001,4,dense_periodic,dense_periodic,True,0.017732001506578252
cfg_1101001,4,synchronization_bursty,synchronization_bursty,True,0.340177313791126
cfg_1101001,5,sparse_periodic,sparse_periodic,True,0.05014542521794158
cfg_1101001,5,dense_periodic,dense_periodic,True,0.07404129344382325
cfg_1101001,5,synchronization_bursty,synchronization_bursty,True,0.16482393248231866
cfg_1101001,6,sparse_periodic,sparse_periodic,True,0.025727250294850193
cfg_1101001,6,dense_periodic,dense_periodic,True,0.08565938080653279
cfg_1101001,6,synchronization_bursty,synchronization_bursty,True,0.13875806921365524
cfg_1101001,7,sparse_periodic,sparse_periodic,True,0.04479276190512944
cfg_1101001,7,dense_periodic,dense_periodic,True,0.07376578287107936
cfg_1101001,7,synchronization_bursty,synchronization_bursty,True,0.13789554590424358
cfg_1101001,8,sparse_periodic,sparse_periodic,True,0.005660380504266924
cfg_1101001,8,dense_periodic,dense_periodic,True,0.017745714626342283
cfg_1101001,8,synchronization_bursty,synchronization_bursty,True,0.3402202071096898
cfg_1101001,9,sparse_periodic,sparse_periodic,True,0.005629265390354118
cfg_1101001,9,dense_periodic,dense_periodic,True,0.08964033004472118
cfg_1101001,9,synchronization_bursty,synchronization_bursty,True,0.13873024802506412
cfg_1101010,0,sparse_periodic,sparse_periodic,True,0.025802860997708878
cfg_1101010,0,dense_periodic,dense_periodic,True,0.05170070844378967
cfg_1101010,0,synchronization_bursty,synchronization_bursty,True,0.08502293535269068
cfg_1101010,1,sparse_periodic,sparse_periodic,True,0.00616632933322234
cfg_1101010,1,dense_periodic,dense_periodic,True,0.00872456528457511
cfg_1101010,1,synchronization_bursty,synchronization_bursty,True,0.17724008229734275
cfg_1101010,2,sparse_periodic,sparse_periodic,True,0.006164483196539834
cfg_1101010,2,dense_periodic,dense_periodic,True,0.03697345661597509
cfg_1101010,2,synchronization_bursty,synchronization_bursty,True,0.14849041045967526
cfg_1101010,3,sparse_periodic,sparse_periodic,True,0.021229317398513702
cfg_1101010,3,dense_periodic,dense_periodic,True,0.08116234448208963
cfg_1101010,3,synchronization_bursty,synchronization_bursty,True,0.1338792120310611
cfg_1101010,4,sparse_periodic,sparse_periodic,True,0.045053385918806685
cfg_1101010,4,dense_periodic,dense_periodic,True,0.0149907233859816
cfg_1101010,4,synchronization_bursty,synchronization_bursty,True,0.1304354514943272
cfg_1101010,5,sparse_periodic,sparse_periodic,True,0.05039565078462484
cfg_1101010,5,dense_periodic,dense_periodic,True,0.07353232755269594
cfg_1101010,5,synchronization_bursty,synchronization_bursty,True,0.2854545954795821
cfg_1101010,6,sparse_periodic,sparse_periodic,True,0.025773008252138078
cfg_1101010,6,dense_periodic,dense_periodic,True,0.008728979729740774
cfg_1101010,6,synchronization_bursty,synchronization_bursty,True,0.09305558948709433
cfg_1101010,7,sparse_periodic,sparse_periodic,True,0.045025711658185905
cfg_1101010,7,dense_periodic,dense_periodic,True,0.07326821050200953
cfg_1101010,7,synchronization_bursty,synchronization_bursty,True,0.14521987835425829
cfg_1101010,8,sparse_periodic,sparse_periodic,True,0.006134607658317277
cfg_1101010,8,dense_periodic,dense_periodic,True,0.015006996004458298
cfg_1101010,8,synchronization_bursty,synchronization_bursty,True,0.1305603335012665
cfg_1101010,9,sparse_periodic,sparse_periodic,True,0.006131042476163413
cfg_1101010,9,dense_periodic,dense_periodic,True,0.02786007338056284
cfg_1101010,9,synchronization_bursty,synchronization_bursty,True,0.09301702428523227
cfg_1101011,0,sparse_periodic,sparse_periodic,True,0.025756830593697808
cfg_1101011,0,dense_periodic,dense_periodic,True,0.11673636952359562
cfg_1101011,0,synchronization_bursty,synchronization_bursty,True,0.13210757571920964
cfg_1101011,1,sparse_periodic,sparse_periodic,True,0.0056940095806487494
cfg_1101011,1,dense_periodic,dense_periodic,True,0.08560275485348849
cfg_1101011,1,synchronization_bursty,synchronization_bursty,True,0.4937244490868386
cfg_1101011,2,sparse_periodic,sparse_periodic,True,0.005632984901882709
cfg_1101011,2,dense_periodic,dense_periodic,True,0.03811553234636109
cfg_1101011,2,synchronization_bursty,synchronization_bursty,True,0.1291691084262893
cfg_1101011,3,sparse_periodic,sparse_periodic,True,0.021173387505660887
cfg_1101011,3,dense_periodic,dense_periodic,True,0.13231836792993076
cfg_1101011,3,synchronization_bursty,synchronization_bursty,True,0.14247072691994028
cfg_1101011,4,sparse_periodic,sparse_periodic,True,0.04484259549674287
cfg_1101011,4,dense_periodic,dense_periodic,True,0.017732001506578252
cfg_1101011,4,synchronization_bursty,synchronization_bursty,True,0.340177313791126
cfg_1101011,5,sparse_periodic,sparse_periodic,True,0.05014542521794158
cfg_1101011,5,dense_periodic,dense_periodic,True,0.07404129344382325
cfg_1101011,5,synchronization_bursty,synchronization_bursty,True,0.16482393248231866
cfg_1101011,6,sparse_periodic,sparse_periodic,True,0.025727250294850193
cfg_1101011,6,dense_periodic,dense_periodic,True,0.08565938080653279
cfg_1101011,6,synchronization_bursty,synchronization_bursty,True,0.13875806921365524
cfg_1101011,7,sparse_periodic,sparse_periodic,True,0.04479276190512944
cfg_1101011,7,dense_periodic,dense_periodic,True,0.07376578287107936
cfg_1101011,7,synchronization_bursty,synchronization_bursty,True,0.13789554590424358
cfg_1101011,8,sparse_periodic,sparse_periodic,True,0.005660380504266924
cfg_1101011,8,dense_periodic,dense_periodic,True,0.017745714626342283
cfg_1101011,8,synchronization_bursty,synchronization_bursty,True,0.3402202071096898
cfg_1101011,9,sparse_periodic,sparse_periodic,True,0.005629265390354118
cfg_1101011,9,dense_periodic,dense_periodic,True,0.08964033004472118
cfg_1101011,9,synchronization_bursty,synchronization_bursty,True,0.13873024802506412
cfg_1101100,0,sparse_periodic,sparse_periodic,True,0.025802860997708878
cfg_1101100,0,dense_periodic,dense_periodic,True,0.05170070844378967
cfg_1101100,0,synchronization_bursty,synchronization_bursty,True,0.08502293535269068
cfg_1101100,1,sparse_periodic,sparse_periodic,True,0.00616632933322234
cfg_1101100,1,dense_periodic,dense_periodic,True,0.00872456528457511
cfg_1101100,1,synchronization_bursty,synchronization_bursty,True,0.17724008229734275
cfg_1101100,2,sparse_periodic,sparse_periodic,True,0.006164483196539834
cfg_1101100,2,dense_periodic,dense_periodic,True,0.03697345661597509
cfg_1101100,2,synchronization_bursty,synchronization_bursty,True,0.14849041045967526
cfg_1101100,3,sparse_periodic,sparse_periodic,True,0.021229317398513702
cfg_1101100,3,dense_periodic,dense_periodic,True,0.08116234448208963
cfg_1101100,3,synchronization_bursty,synchronization_bursty,True,0.1338792120310611
cfg_1101100,4,sparse_periodic,sparse_periodic,True,0.045053385918806685
cfg_1101100,4,dense_periodic,dense_periodic,True,0.0149907233859816
cfg_1101100,4,synchronization_bursty,synchronization_bursty,True,0.1304354514943272
cfg_1101100,5,sparse_periodic,sparse_periodic,True,0.05039565078462484
cfg_1101100,5,dense_periodic,dense_periodic,True,0.07353232755269594
cfg_1101100,5,synchronization_bursty,synchronization_bursty,True,0.2854545954795821
cfg_1101100,6,sparse_periodic,sparse_periodic,True,0.025773008252138078
cfg_1101100,6,dense_periodic,dense_periodic,True,0.008728979729740774
cfg_1101100,6,synchronization_bursty,synchronization_bursty,True,0.09305558948709433
cfg_1101100,7,sparse_periodic,sparse_periodic,True,0.045025711658185905
cfg_1101100,7,dense_periodic,dense_periodic,True,0.07326821050200953
cfg_1101100,7,synchronization_bursty,synchronization_bursty,True,0.14521987835425829
cfg_1101100,8,sparse_periodic,sparse_periodic,True,0.006134607658317277
cfg_1101100,8,dense_periodic,dense_periodic,True,0.015006996004458298
cfg_1101100,8,synchronization_bursty,synchronization_bursty,True,0.1305603335012665
cfg_1101100,9,sparse_periodic,sparse_periodic,True,0.006131042476163413
cfg_1101100,9,dense_periodic,dense_periodic,True,0.02786007338056284
cfg_1101100,9,synchronization_bursty,synchronization_bursty,True,0.09301702428523227
cfg_1101101,0,sparse_periodic,sparse_periodic,True,0.025756830593697808
cfg_1101101,0,dense_periodic,dense_periodic,True,0.11673636952359562
cfg_1101101,0,synchronization_bursty,synchronization_bursty,True,0.13210757571920964
cfg_1101101,1,sparse_periodic,sparse_periodic,True,0.0056940095806487494
cfg_1101101,1,dense_periodic,dense_periodic,True,0.08560275485348849
cfg_1101101,1,synchronization_bursty,synchronization_bursty,True,0.4937244490868386
cfg_1101101,2,sparse_periodic,sparse_periodic,True,0.005632984901882709
cfg_1101101,2,dense_periodic,dense_periodic,True,0.03811553234636109
cfg_1101101,2,synchronization_bursty,synchronization_bursty,True,0.1291691084262893
cfg_1101101,3,sparse_periodic,sparse_periodic,True,0.021173387505660887
cfg_1101101,3,dense_periodic,dense_periodic,True,0.13231836792993076
cfg_1101101,3,synchronization_bursty,synchronization_bursty,True,0.14247072691994028
cfg_1101101,4,sparse_periodic,sparse_periodic,True,0.04484259549674287
cfg_1101101,4,dense_periodic,dense_periodic,True,0.017732001506578252
cfg_1101101,4,synchronization_bursty,synchronization_bursty,True,0.340177313791126
cfg_1101101,5,sparse_periodic,sparse_periodic,True,0.05014542521794158
cfg_1101101,5,dense_periodic,dense_periodic,True,0.07404129344382325
cfg_1101101,5,synchronization_bursty,synchronization_bursty,True,0.16482393248231866
cfg_1101101,6,sparse_periodic,sparse_periodic,True,0.025727250294850193
cfg_1101101,6,dense_periodic,dense_periodic,True,0.08565938080653279
cfg_1101101,6,synchronization_bursty,synchronization_bursty,True,0.13875806921365524
cfg_1101101,7,sparse_periodic,sparse_periodic,True,0.04479276190512944
cfg_1101101,7,dense_periodic,dense_periodic,True,0.07376578287107936
cfg_1101101,7,synchronization_bursty,synchronization_bursty,True,0.13789554590424358
cfg_1101101,8,sparse_periodic,sparse_periodic,True,0.005660380504266924
cfg_1101101,8,dense_periodic,dense_periodic,True,0.017745714626342283
cfg_1101101,8,synchronization_bursty,synchronization_bursty,True,0.3402202071096898
cfg_1101101,9,sparse_periodic,sparse_periodic,True,0.005629265390354118
cfg_1101101,9,dense_periodic,dense_periodic,True,0.08964033004472118
cfg_1101101,9,synchronization_bursty,synchronization_bursty,True,0.13873024802506412
cfg_1101110,0,sparse_periodic,sparse_periodic,True,0.025802860997708878
cfg_1101110,0,dense_periodic,dense_periodic,True,0.05170070844378967
cfg_1101110,0,synchronization_bursty,synchronization_bursty,True,0.08502293535269068
cfg_1101110,1,sparse_periodic,sparse_periodic,True,0.00616632933322234
cfg_1101110,1,dense_periodic,dense_periodic,True,0.00872456528457511
cfg_1101110,1,synchronization_bursty,synchronization_bursty,True,0.17724008229734275
cfg_1101110,2,sparse_periodic,sparse_periodic,True,0.006164483196539834
cfg_1101110,2,dense_periodic,dense_periodic,True,0.03697345661597509
cfg_1101110,2,synchronization_bursty,synchronization_bursty,True,0.14849041045967526
cfg_1101110,3,sparse_periodic,sparse_periodic,True,0.021229317398513702
cfg_1101110,3,dense_periodic,dense_periodic,True,0.08116234448208963
cfg_1101110,3,synchronization_bursty,synchronization_bursty,True,0.1338792120310611
cfg_1101110,4,sparse_periodic,sparse_periodic,True,0.045053385918806685
cfg_1101110,4,dense_periodic,dense_periodic,True,0.0149907233859816
cfg_1101110,4,synchronization_bursty,synchronization_bursty,True,0.1304354514943272
cfg_1101110,5,sparse_periodic,sparse_periodic,True,0.05039565078462484
cfg_1101110,5,dense_periodic,dense_periodic,True,0.07353232755269594
cfg_1101110,5,synchronization_bursty,synchronization_bursty,True,0.2854545954795821
cfg_1101110,6,sparse_periodic,sparse_periodic,True,0.025773008252138078
cfg_1101110,6,dense_periodic,dense_periodic,True,0.008728979729740774
cfg_1101110,6,synchronization_bursty,synchronization_bursty,True,0.09305558948709433
cfg_1101110,7,sparse_periodic,sparse_periodic,True,0.045025711658185905
cfg_1101110,7,dense_periodic,dense_periodic,True,0.07326821050200953
cfg_1101110,7,synchronization_bursty,synchronization_bursty,True,0.14521987835425829
cfg_1101110,8,sparse_periodic,sparse_periodic,True,0.006134607658317277
cfg_1101110,8,dense_periodic,dense_periodic,True,0.015006996004458298
cfg_1101110,8,synchronization_bursty,synchronization_bursty,True,0.1305603335012665
cfg_1101110,9,sparse_periodic,sparse_periodic,True,0.006131042476163413
cfg_1101110,9,dense_periodic,dense_periodic,True,0.02786007338056284
cfg_1101110,9,synchronization_bursty,synchronization_bursty,True,0.09301702428523227
cfg_1101111,0,sparse_periodic,sparse_periodic,True,0.025756830593697808
cfg_1101111,0,dense_periodic,dense_periodic,True,0.11673636952359562
cfg_1101111,0,synchronization_bursty,synchronization_bursty,True,0.13210757571920964
cfg_1101111,1,sparse_periodic,sparse_periodic,True,0.0056940095806487494
cfg_1101111,1,dense_periodic,dense_periodic,True,0.08560275485348849
cfg_1101111,1,synchronization_bursty,synchronization_bursty,True,0.4937244490868386
cfg_1101111,2,sparse_periodic,sparse_periodic,True,0.005632984901882709
cfg_1101111,2,dense_periodic,dense_periodic,True,0.03811553234636109
cfg_1101111,2,synchronization_bursty,synchronization_bursty,True,0.1291691084262893
cfg_1101111,3,sparse_periodic,sparse_periodic,True,0.021173387505660887
cfg_1101111,3,dense_periodic,dense_periodic,True,0.13231836792993076
cfg_1101111,3,synchronization_bursty,synchronization_bursty,True,0.14247072691994028
cfg_1101111,4,sparse_periodic,sparse_periodic,True,0.04484259549674287
cfg_1101111,4,dense_periodic,dense_periodic,True,0.017732001506578252
cfg_1101111,4,synchronization_bursty,synchronization_bursty,True,0.340177313791126
cfg_1101111,5,sparse_periodic,sparse_periodic,True,0.05014542521794158
cfg_1101111,5,dense_periodic,dense_periodic,True,0.07404129344382325
cfg_1101111,5,synchronization_bursty,synchronization_bursty,True,0.16482393248231866
cfg_1101111,6,sparse_periodic,sparse_periodic,True,0.025727250294850193
cfg_1101111,6,dense_periodic,dense_periodic,True,0.08565938080653279
cfg_1101111,6,synchronization_bursty,synchronization_bursty,True,0.13875806921365524
cfg_1101111,7,sparse_periodic,sparse_periodic,True,0.04479276190512944
cfg_1101111,7,dense_periodic,dense_periodic,True,0.07376578287107936
cfg_1101111,7,synchronization_bursty,synchronization_bursty,True,0.13789554590424358
cfg_1101111,8,sparse_periodic,sparse_periodic,True,0.005660380504266924
cfg_1101111,8,dense_periodic,dense_periodic,True,0.017745714626342283
cfg_1101111,8,synchronization_bursty,synchronization_bursty,True,0.3402202071096898
cfg_1101111,9,sparse_periodic,sparse_periodic,True,0.005629265390354118
cfg_1101111,9,dense_periodic,dense_periodic,True,0.08964033004472118
cfg_1101111,9,synchronization_bursty,synchronization_bursty,True,0.13873024802506412
cfg_1110000,0,sparse_periodic,sparse_periodic,True,0.025802860997708878
cfg_1110000,0,dense_periodic,dense_periodic,True,0.05170070844378967
cfg_1110000,0,synchronization_bursty,synchronization_bursty,True,0.08502293535269068
cfg_1110000,1,sparse_periodic,sparse_periodic,True,0.00616632933322234
cfg_1110000,1,dense_periodic,dense_periodic,True,0.00872456528457511
cfg_1110000,1,synchronization_bursty,synchronization_bursty,True,0.17724008229734275
cfg_1110000,2,sparse_periodic,sparse_periodic,True,0.006164483196539834
cfg_1110000,2,dense_periodic,dense_periodic,True,0.03697345661597509
cfg_1110000,2,synchronization_bursty,synchronization_bursty,True,0.14849041045967526
cfg_1110000,3,sparse_periodic,sparse_periodic,True,0.021229317398513702
cfg_1110000,3,dense_periodic,dense_periodic,True,0.08116234448208963
cfg_1110000,3,synchronization_bursty,synchronization_bursty,True,0.1338792120310611
cfg_1110000,4,sparse_periodic,sparse_periodic,True,0.045053385918806685
cfg_1110000,4,dense_periodic,dense_periodic,True,0.0149907233859816
cfg_1110000,4,synchronization_bursty,synchronization_bursty,True,0.1304354514943272
cfg_1110000,5,sparse_periodic,sparse_periodic,True,0.05039565078462484
cfg_1110000,5,dense_periodic,dense_periodic,True,0.07353232755269594
cfg_1110000,5,synchronization_bursty,synchronization_bursty,True,0.2854545954795821
cfg_1110000,6,sparse_periodic,sparse_periodic,True,0.025773008252138078
cfg_1110000,6,dense_periodic,dense_periodic,True,0.008728979729740774
cfg_1110000,6,synchronization_bursty,synchronization_bursty,True,0.09305558948709433
cfg_1110000,7,sparse_periodic,sparse_periodic,True,0.045025711658185905
cfg_1110000,7,dense_periodic,dense_periodic,True,0.07326821050200953
cfg_1110000,7,synchronization_bursty,synchronization_bursty,True,0.14521987835425829
cfg_1110000,8,sparse_periodic,sparse_periodic,True,0.006134607658317277
cfg_1110000,8,dense_periodic,dense_periodic,True,0.015006996004458298
cfg_1110000,8,synchronization_bursty,synchronization_bursty,True,0.1305603335012665
cfg_1110000,9,sparse_periodic,sparse_periodic,True,0.006131042476163413
cfg_1110000,9,dense_periodic,dense_periodic,True,0.02786007338056284
cfg_1110000,9,synchronization_bursty,synchronization_bursty,True,0.09301702428523227
cfg_1110001,0,sparse_periodic,sparse_periodic,True,0.025756830593697808
cfg_1110001,0,dense_periodic,dense_periodic,True,0.11673636952359562
cfg_1110001,0,synchronization_bursty,synchronization_bursty,True,0.13210757571920964
cfg_1110001,1,sparse_periodic,sparse_periodic,True,0.0056940095806487494
cfg_1110001,1,dense_periodic,dense_periodic,True,0.08560275485348849
cfg_1110001,1,synchronization_bursty,synchronization_bursty,True,0.4937244490868386
cfg_1110001,2,sparse_periodic,sparse_periodic,True,0.005632984901882709
cfg_1110001,2,dense_periodic,dense_periodic,True,0.03811553234636109
cfg_1110001,2,synchronization_bursty,synchronization_bursty,True,0.1291691084262893
cfg_1110001,3,sparse_periodic,sparse_periodic,True,0.021173387505660887
cfg_1110001,3,dense_periodic,dense_periodic,True,0.13231836792993076
cfg_1110001,3,synchronization_bursty,synchronization_bursty,True,0.14247072691994028
cfg_1110001,4,sparse_periodic,sparse_periodic,True,0.04484259549674287
cfg_1110001,4,dense_periodic,dense_periodic,True,0.017732001506578252
cfg_1110001,4,synchronization_bursty,synchronization_bursty,True,0.340177313791126
cfg_1110001,5,sparse_periodic,sparse_periodic,True,0.05014542521794158
cfg_1110001,5,dense_periodic,dense_periodic,True,0.07404129344382325
cfg_1110001,5,synchronization_bursty,synchronization_bursty,True,0.16482393248231866
cfg_1110001,6,sparse_periodic,sparse_periodic,True,0.025727250294850193
cfg_1110001,6,dense_periodic,dense_periodic,True,0.08565938080653279
cfg_1110001,6,synchronization_bursty,synchronization_bursty,True,0.13875806921365524
cfg_1110001,7,sparse_periodic,sparse_periodic,True,0.04479276190512944
cfg_1110001,7,dense_periodic,dense_periodic,True,0.07376578287107936
cfg_1110001,7,synchronization_bursty,synchronization_bursty,True,0.13789554590424358
cfg_1110001,8,sparse_periodic,sparse_periodic,True,0.005660380504266924
cfg_1110001,8,dense_periodic,dense_periodic,True,0.017745714626342283
cfg_1110001,8,synchronization_bursty,synchronization_bursty,True,0.3402202071096898
cfg_1110001,9,sparse_periodic,sparse_periodic,True,0.005629265390354118
cfg_1110001,9,dense_periodic,dense_periodic,True,0.08964033004472118
cfg_1110001,9,synchronization_bursty,synchronization_bursty,True,0.13873024802506412
cfg_1110010,0,sparse_periodic,sparse_periodic,True,0.025802860997708878
cfg_1110010,0,dense_periodic,dense_periodic,True,0.05170070844378967
cfg_1110010,0,synchronization_bursty,synchronization_bursty,True,0.08502293535269068
cfg_1110010,1,sparse_periodic,sparse_periodic,True,0.00616632933322234
cfg_1110010,1,dense_periodic,dense_periodic,True,0.00872456528457511
cfg_1110010,1,synchronization_bursty,synchronization_bursty,True,0.17724008229734275
cfg_1110010,2,sparse_periodic,sparse_periodic,True,0.006164483196539834
cfg_1110010,2,dense_periodic,dense_periodic,True,0.03697345661597509
cfg_1110010,2,synchronization_bursty,synchronization_bursty,True,0.14849041045967526
cfg_1110010,3,sparse_periodic,sparse_periodic,True,0.021229317398513702
cfg_1110010,3,dense_periodic,dense_periodic,True,0.08116234448208963
cfg_1110010,3,synchronization_bursty,synchronization_bursty,True,0.1338792120310611
cfg_1110010,4,sparse_periodic,sparse_periodic,True,0.045053385918806685
cfg_1110010,4,dense_periodic,dense_periodic,True,0.0149907233859816
cfg_1110010,4,synchronization_bursty,synchronization_bursty,True,0.1304354514943272
cfg_1110010,5,sparse_periodic,sparse_periodic,True,0.05039565078462484
cfg_1110010,5,dense_periodic,dense_periodic,True,0.07353232755269594
cfg_1110010,5,synchronization_bursty,synchronization_bursty,True,0.2854545954795821
cfg_1110010,6,sparse_periodic,sparse_periodic,True,0.025773008252138078
cfg_1110010,6,dense_periodic,dense_periodic,True,0.008728979729740774
cfg_1110010,6,synchronization_bursty,synchronization_bursty,True,0.09305558948709433
cfg_1110010,7,sparse_periodic,sparse_periodic,True,0.045025711658185905
cfg_1110010,7,dense_periodic,dense_periodic,True,0.07326821050200953
cfg_1110010,7,synchronization_bursty,synchronization_bursty,True,0.14521987835425829
cfg_1110010,8,sparse_periodic,sparse_periodic,True,0.006134607658317277
cfg_1110010,8,dense_periodic,dense_periodic,True,0.015006996004458298
cfg_1110010,8,synchronization_bursty,synchronization_bursty,True,0.1305603335012665
cfg_1110010,9,sparse_periodic,sparse_periodic,True,0.006131042476163413
cfg_1110010,9,dense_periodic,dense_periodic,True,0.02786007338056284
cfg_1110010,9,synchronization_bursty,synchronization_bursty,True,0.09301702428523227
cfg_1110011,0,sparse_periodic,sparse_periodic,True,0.025756830593697808
cfg_1110011,0,dense_periodic,dense_periodic,True,0.11673636952359562
cfg_1110011,0,synchronization_bursty,synchronization_bursty,True,0.13210757571920964
cfg_1110011,1,sparse_periodic,sparse_periodic,True,0.0056940095806487494
cfg_1110011,1,dense_periodic,dense_periodic,True,0.08560275485348849
cfg_1110011,1,synchronization_bursty,synchronization_bursty,True,0.4937244490868386
cfg_1110011,2,sparse_periodic,sparse_periodic,True,0.005632984901882709
cfg_1110011,2,dense_periodic,dense_periodic,True,0.03811553234636109
cfg_1110011,2,synchronization_bursty,synchronization_bursty,True,0.1291691084262893
cfg_1110011,3,sparse_periodic,sparse_periodic,True,0.021173387505660887
cfg_1110011,3,dense_periodic,dense_periodic,True,0.13231836792993076
cfg_1110011,3,synchronization_bursty,synchronization_bursty,True,0.14247072691994028
cfg_1110011,4,sparse_periodic,sparse_periodic,True,0.04484259549674287
cfg_1110011,4,dense_periodic,dense_periodic,True,0.017732001506578252
cfg_1110011,4,synchronization_bursty,synchronization_bursty,True,0.340177313791126
cfg_1110011,5,sparse_periodic,sparse_periodic,True,0.05014542521794158
cfg_1110011,5,dense_periodic,dense_periodic,True,0.07404129344382325
cfg_1110011,5,synchronization_bursty,synchronization_bursty,True,0.16482393248231866
cfg_1110011,6,sparse_periodic,sparse_periodic,True,0.025727250294850193
cfg_1110011,6,dense_periodic,dense_periodic,True,0.08565938080653279
cfg_1110011,6,synchronization_bursty,synchronization_bursty,True,0.13875806921365524
cfg_1110011,7,sparse_periodic,sparse_periodic,True,0.04479276190512944
cfg_1110011,7,dense_periodic,dense_periodic,True,0.07376578287107936
cfg_1110011,7,synchronization_bursty,synchronization_bursty,True,0.13789554590424358
cfg_1110011,8,sparse_periodic,sparse_periodic,True,0.005660380504266924
cfg_1110011,8,dense_periodic,dense_periodic,True,0.017745714626342283
cfg_1110011,8,synchronization_bursty,synchronization_bursty,True,0.3402202071096898
cfg_1110011,9,sparse_periodic,sparse_periodic,True,0.005629265390354118
cfg_1110011,9,dense_periodic,dense_periodic,True,0.08964033004472118
cfg_1110011,9,synchronization_bursty,synchronization_bursty,True,0.13873024802506412
cfg_1110100,0,sparse_periodic,sparse_periodic,True,0.025802860997708878
cfg_1110100,0,dense_periodic,dense_periodic,True,0.05170070844378967
cfg_1110100,0,synchronization_bursty,synchronization_bursty,True,0.08502293535269068
cfg_1110100,1,sparse_periodic,sparse_periodic,True,0.00616632933322234
cfg_1110100,1,dense_periodic,dense_periodic,True,0.00872456528457511
cfg_1110100,1,synchronization_bursty,synchronization_bursty,True,0.17724008229734275
cfg_1110100,2,sparse_periodic,sparse_periodic,True,0.006164483196539834
cfg_1110100,2,dense_periodic,dense_periodic,True,0.03697345661597509
cfg_1110100,2,synchronization_bursty,synchronization_bursty,True,0.14849041045967526
cfg_1110100,3,sparse_periodic,sparse_periodic,True,0.021229317398513702
cfg_1110100,3,dense_periodic,dense_periodic,True,0.08116234448208963
cfg_1110100,3,synchronization_bursty,synchronization_bursty,True,0.1338792120310611
cfg_1110100,4,sparse_periodic,sparse_periodic,True,0.045053385918806685
cfg_1110100,4,dense_periodic,dense_periodic,True,0.0149907233859816
cfg_1110100,4,synchronization_bursty,synchronization_bursty,True,0.1304354514943272
cfg_1110100,5,sparse_periodic,sparse_periodic,True,0.05039565078462484
cfg_1110100,5,dense_periodic,dense_periodic,True,0.07353232755269594
cfg_1110100,5,synchronization_bursty,synchronization_bursty,True,0.2854545954795821
cfg_1110100,6,sparse_periodic,sparse_periodic,True,0.025773008252138078
cfg_1110100,6,dense_periodic,dense_periodic,True,0.008728979729740774
cfg_1110100,6,synchronization_bursty,synchronization_bursty,True,0.09305558948709433
cfg_1110100,7,sparse_periodic,sparse_periodic,True,0.045025711658185905
cfg_1110100,7,dense_periodic,dense_periodic,True,0.07326821050200953
cfg_1110100,7,synchronization_bursty,synchronization_bursty,True,0.14521987835425829
cfg_1110100,8,sparse_periodic,sparse_periodic,True,0.006134607658317277
cfg_1110100,8,dense_periodic,dense_periodic,True,0.015006996004458298
cfg_1110100,8,synchronization_bursty,synchronization_bursty,True,0.1305603335012665
cfg_1110100,9,sparse_periodic,sparse_periodic,True,0.006131042476163413
cfg_1110100,9,dense_periodic,dense_periodic,True,0.02786007338056284
cfg_1110100,9,synchronization_bursty,synchronization_bursty,True,0.09301702428523227
cfg_1110101,0,sparse_periodic,sparse_periodic,True,0.025756830593697808
cfg_1110101,0,dense_periodic,dense_periodic,True,0.11673636952359562
cfg_1110101,0,synchronization_bursty,synchronization_bursty,True,0.13210757571920964
cfg_1110101,1,sparse_periodic,sparse_periodic,True,0.0056940095806487494
cfg_1110101,1,dense_periodic,dense_periodic,True,0.08560275485348849
cfg_1110101,1,synchronization_bursty,synchronization_bursty,True,0.4937244490868386
cfg_1110101,2,sparse_periodic,sparse_periodic,True,0.005632984901882709
cfg_1110101,2,dense_periodic,dense_periodic,True,0.03811553234636109
cfg_1110101,2,synchronization_bursty,synchronization_bursty,True,0.1291691084262893
cfg_1110101,3,sparse_periodic,sparse_periodic,True,0.021173387505660887
cfg_1110101,3,dense_periodic,dense_periodic,True,0.13231836792993076
cfg_1110101,3,synchronization_bursty,synchronization_bursty,True,0.14247072691994028
cfg_1110101,4,sparse_periodic,sparse_periodic,True,0.04484259549674287
cfg_1110101,4,dense_periodic,dense_periodic,True,0.017732001506578252
cfg_1110101,4,synchronization_bursty,synchronization_bursty,True,0.340177313791126
cfg_1110101,5,sparse_periodic,sparse_periodic,True,0.05014542521794158
cfg_1110101,5,dense_periodic,dense_periodic,True,0.07404129344382325
cfg_1110101,5,synchronization_bursty,synchronization_bursty,True,0.16482393248231866
cfg_1110101,6,sparse_periodic,sparse_periodic,True,0.025727250294850193
cfg_1110101,6,dense_periodic,dense_periodic,True,0.08565938080653279
cfg_1110101,6,synchronization_bursty,synchronization_bursty,True,0.13875806921365524
cfg_1110101,7,sparse_periodic,sparse_periodic,True,0.04479276190512944
cfg_1110101,7,dense_periodic,dense_periodic,True,0.07376578287107936
cfg_1110101,7,synchronization_bursty,synchronization_bursty,True,0.13789554590424358
cfg_1110101,8,sparse_periodic,sparse_periodic,True,0.005660380504266924
cfg_1110101,8,dense_periodic,dense_periodic,True,0.017745714626342283
cfg_1110101,8,synchronization_bursty,synchronization_bursty,True,0.3402202071096898
cfg_1110101,9,sparse_periodic,sparse_periodic,True,0.005629265390354118
cfg_1110101,9,dense_periodic,dense_periodic,True,0.08964033004472118
cfg_1110101,9,synchronization_bursty,synchronization_bursty,True,0.13873024802506412
cfg_1110110,0,sparse_periodic,sparse_periodic,True,0.025802860997708878
cfg_1110110,0,dense_periodic,dense_periodic,True,0.05170070844378967
cfg_1110110,0,synchronization_bursty,synchronization_bursty,True,0.08502293535269068
cfg_1110110,1,sparse_periodic,sparse_periodic,True,0.00616632933322234
cfg_1110110,1,dense_periodic,dense_periodic,True,0.00872456528457511
cfg_1110110,1,synchronization_bursty,synchronization_bursty,True,0.17724008229734275
cfg_1110110,2,sparse_periodic,sparse_periodic,True,0.006164483196539834
cfg_1110110,2,dense_periodic,dense_periodic,True,0.03697345661597509
cfg_1110110,2,synchronization_bursty,synchronization_bursty,True,0.14849041045967526
cfg_1110110,3,sparse_periodic,sparse_periodic,True,0.021229317398513702
cfg_1110110,3,dense_periodic,dense_periodic,True,0.08116234448208963
cfg_1110110,3,synchronization_bursty,synchronization_bursty,True,0.1338792120310611
cfg_1110110,4,sparse_periodic,sparse_periodic,True,0.045053385918806685
cfg_1110110,4,dense_periodic,dense_periodic,True,0.0149907233859816
cfg_1110110,4,synchronization_bursty,synchronization_bursty,True,0.1304354514943272
cfg_1110110,5,sparse_periodic,sparse_periodic,True,0.05039565078462484
cfg_1110110,5,dense_periodic,dense_periodic,True,0.07353232755269594
cfg_1110110,5,synchronization_bursty,synchronization_bursty,True,0.2854545954795821
cfg_1110110,6,sparse_periodic,sparse_periodic,True,0.025773008252138078
cfg_1110110,6,dense_periodic,dense_periodic,True,0.008728979729740774
cfg_1110110,6,synchronization_bursty,synchronization_bursty,True,0.09305558948709433
cfg_1110110,7,sparse_periodic,sparse_periodic,True,0.045025711658185905
cfg_1110110,7,dense_periodic,dense_periodic,True,0.07326821050200953
cfg_1110110,7,synchronization_bursty,synchronization_bursty,True,0.14521987835425829
cfg_1110110,8,sparse_periodic,sparse_periodic,True,0.006134607658317277
cfg_1110110,8,dense_periodic,dense_periodic,True,0.015006996004458298
cfg_1110110,8,synchronization_bursty,synchronization_bursty,True,0.1305603335012665
cfg_1110110,9,sparse_periodic,sparse_periodic,True,0.006131042476163413
cfg_1110110,9,dense_periodic,dense_periodic,True,0.02786007338056284
cfg_1110110,9,synchronization_bursty,synchronization_bursty,True,0.09301702428523227
cfg_1110111,0,sparse_periodic,sparse_periodic,True,0.025756830593697808
cfg_1110111,0,dense_periodic,dense_periodic,True,0.11673636952359562
cfg_1110111,0,synchronization_bursty,synchronization_bursty,True,0.13210757571920964
cfg_1110111,1,sparse_periodic,sparse_periodic,True,0.0056940095806487494
cfg_1110111,1,dense_periodic,dense_periodic,True,0.08560275485348849
cfg_1110111,1,synchronization_bursty,synchronization_bursty,True,0.4937244490868386
cfg_1110111,2,sparse_periodic,sparse_periodic,True,0.005632984901882709
cfg_1110111,2,dense_periodic,dense_periodic,True,0.03811553234636109
cfg_1110111,2,synchronization_bursty,synchronization_bursty,True,0.1291691084262893
cfg_1110111,3,sparse_periodic,sparse_periodic,True,0.021173387505660887
cfg_1110111,3,dense_periodic,dense_periodic,True,0.13231836792993076
cfg_1110111,3,synchronization_bursty,synchronization_bursty,True,0.14247072691994028
cfg_1110111,4,sparse_periodic,sparse_periodic,True,0.04484259549674287
cfg_1110111,4,dense_periodic,dense_periodic,True,0.017732001506578252
cfg_1110111,4,synchronization_bursty,synchronization_bursty,True,0.340177313791126
cfg_1110111,5,sparse_periodic,sparse_periodic,True,0.05014542521794158
cfg_1110111,5,dense_periodic,dense_periodic,True,0.07404129344382325
cfg_1110111,5,synchronization_bursty,synchronization_bursty,True,0.16482393248231866
cfg_1110111,6,sparse_periodic,sparse_periodic,True,0.025727250294850193
cfg_1110111,6,dense_periodic,dense_periodic,True,0.08565938080653279
cfg_1110111,6,synchronization_bursty,synchronization_bursty,True,0.13875806921365524
cfg_1110111,7,sparse_periodic,sparse_periodic,True,0.04479276190512944
cfg_1110111,7,dense_periodic,dense_periodic,True,0.07376578287107936
cfg_1110111,7,synchronization_bursty,synchronization_bursty,True,0.13789554590424358
cfg_1110111,8,sparse_periodic,sparse_periodic,True,0.005660380504266924
cfg_1110111,8,dense_periodic,dense_periodic,True,0.017745714626342283
cfg_1110111,8,synchronization_bursty,synchronization_bursty,True,0.3402202071096898
cfg_1110111,9,sparse_periodic,sparse_periodic,True,0.005629265390354118
cfg_1110111,9,dense_periodic,dense_periodic,True,0.08964033004472118
cfg_1110111,9,synchronization_bursty,synchronization_bursty,True,0.13873024802506412
cfg_1111000,0,sparse_periodic,sparse_periodic,True,0.025802860997708878
cfg_1111000,0,dense_periodic,dense_periodic,True,0.05170070844378967
cfg_1111000,0,synchronization_bursty,synchronization_bursty,True,0.08502293535269068
cfg_1111000,1,sparse_periodic,sparse_periodic,True,0.00616632933322234
cfg_1111000,1,dense_periodic,dense_periodic,True,0.00872456528457511
cfg_1111000,1,synchronization_bursty,synchronization_bursty,True,0.17724008229734275
cfg_1111000,2,sparse_periodic,sparse_periodic,True,0.006164483196539834
cfg_1111000,2,dense_periodic,dense_periodic,True,0.03697345661597509
cfg_1111000,2,synchronization_bursty,synchronization_bursty,True,0.14849041045967526
cfg_1111000,3,sparse_periodic,sparse_periodic,True,0.021229317398513702
cfg_1111000,3,dense_periodic,dense_periodic,True,0.08116234448208963
cfg_1111000,3,synchronization_bursty,synchronization_bursty,True,0.1338792120310611
cfg_1111000,4,sparse_periodic,sparse_periodic,True,0.045053385918806685
cfg_1111000,4,dense_periodic,dense_periodic,True,0.0149907233859816
cfg_1111000,4,synchronization_bursty,synchronization_bursty,True,0.1304354514943272
cfg_1111000,5,sparse_periodic,sparse_periodic,True,0.05039565078462484
cfg_1111000,5,dense_periodic,dense_periodic,True,0.07353232755269594
cfg_1111000,5,synchronization_bursty,synchronization_bursty,True,0.2854545954795821
cfg_1111000,6,sparse_periodic,sparse_periodic,True,0.025773008252138078
cfg_1111000,6,dense_periodic,dense_periodic,True,0.008728979729740774
cfg_1111000,6,synchronization_bursty,synchronization_bursty,True,0.09305558948709433
cfg_1111000,7,sparse_periodic,sparse_periodic,True,0.045025711658185905
cfg_1111000,7,dense_periodic,dense_periodic,True,0.07326821050200953
cfg_1111000,7,synchronization_bursty,synchronization_bursty,True,0.14521987835425829
cfg_1111000,8,sparse_periodic,sparse_periodic,True,0.006134607658317277
cfg_1111000,8,dense_periodic,dense_periodic,True,0.015006996004458298
cfg_1111000,8,synchronization_bursty,synchronization_bursty,True,0.1305603335012665
cfg_1111000,9,sparse_periodic,sparse_periodic,True,0.006131042476163413
cfg_1111000,9,dense_periodic,dense_periodic,True,0.02786007338056284
cfg_1111000,9,synchronization_bursty,synchronization_bursty,True,0.09301702428523227
cfg_1111001,0,sparse_periodic,sparse_periodic,True,0.025756830593697808
cfg_1111001,0,dense_periodic,dense_periodic,True,0.11673636952359562
cfg_1111001,0,synchronization_bursty,synchronization_bursty,True,0.13210757571920964
cfg_1111001,1,sparse_periodic,sparse_periodic,True,0.0056940095806487494
cfg_1111001,1,dense_periodic,dense_periodic,True,0.08560275485348849
cfg_1111001,1,synchronization_bursty,synchronization_bursty,True,0.4937244490868386
cfg_1111001,2,sparse_periodic,sparse_periodic,True,0.005632984901882709
cfg_1111001,2,dense_periodic,dense_periodic,True,0.03811553234636109
cfg_1111001,2,synchronization_bursty,synchronization_bursty,True,0.1291691084262893
cfg_1111001,3,sparse_periodic,sparse_periodic,True,0.021173387505660887
cfg_1111001,3,dense_periodic,dense_periodic,True,0.13231836792993076
cfg_1111001,3,synchronization_bursty,synchronization_bursty,True,0.14247072691994028
cfg_1111001,4,sparse_periodic,sparse_periodic,True,0.04484259549674287
cfg_1111001,4,dense_periodic,dense_periodic,True,0.017732001506578252
cfg_1111001,4,synchronization_bursty,synchronization_bursty,True,0.340177313791126
cfg_1111001,5,sparse_periodic,sparse_periodic,True,0.05014542521794158
cfg_1111001,5,dense_periodic,dense_periodic,True,0.07404129344382325
cfg_1111001,5,synchronization_bursty,synchronization_bursty,True,0.16482393248231866
cfg_1111001,6,sparse_periodic,sparse_periodic,True,0.025727250294850193
cfg_1111001,6,dense_periodic,dense_periodic,True,0.08565938080653279
cfg_1111001,6,synchronization_bursty,synchronization_bursty,True,0.13875806921365524
cfg_1111001,7,sparse_periodic,sparse_periodic,True,0.04479276190512944
cfg_1111001,7,dense_periodic,dense_periodic,True,0.07376578287107936
cfg_1111001,7,synchronization_bursty,synchronization_bursty,True,0.13789554590424358
cfg_1111001,8,sparse_periodic,sparse_periodic,True,0.005660380504266924
cfg_1111001,8,dense_periodic,dense_periodic,True,0.017745714626342283
cfg_1111001,8,synchronization_bursty,synchronization_bursty,True,0.3402202071096898
cfg_1111001,9,sparse_periodic,sparse_periodic,True,0.005629265390354118
cfg_1111001,9,dense_periodic,dense_periodic,True,0.08964033004472118
cfg_1111001,9,synchronization_bursty,synchronization_bursty,True,0.13873024802506412
cfg_1111010,0,sparse_periodic,sparse_periodic,True,0.025802860997708878
cfg_1111010,0,dense_periodic,dense_periodic,True,0.05170070844378967
cfg_1111010,0,synchronization_bursty,synchronization_bursty,True,0.08502293535269068
cfg_1111010,1,sparse_periodic,sparse_periodic,True,0.00616632933322234
cfg_1111010,1,dense_periodic,dense_periodic,True,0.00872456528457511
cfg_1111010,1,synchronization_bursty,synchronization_bursty,True,0.17724008229734275
cfg_1111010,2,sparse_periodic,sparse_periodic,True,0.006164483196539834
cfg_1111010,2,dense_periodic,dense_periodic,True,0.03697345661597509
cfg_1111010,2,synchronization_bursty,synchronization_bursty,True,0.14849041045967526
cfg_1111010,3,sparse_periodic,sparse_periodic,True,0.021229317398513702
cfg_1111010,3,dense_periodic,dense_periodic,True,0.08116234448208963
cfg_1111010,3,synchronization_bursty,synchronization_bursty,True,0.1338792120310611
cfg_1111010,4,sparse_periodic,sparse_periodic,True,0.045053385918806685
cfg_1111010,4,dense_periodic,dense_periodic,True,0.0149907233859816
cfg_1111010,4,synchronization_bursty,synchronization_bursty,True,0.1304354514943272
cfg_1111010,5,sparse_periodic,sparse_periodic,True,0.05039565078462484
cfg_1111010,5,dense_periodic,dense_periodic,True,0.07353232755269594
cfg_1111010,5,synchronization_bursty,synchronization_bursty,True,0.2854545954795821
cfg_1111010,6,sparse_periodic,sparse_periodic,True,0.025773008252138078
cfg_1111010,6,dense_periodic,dense_periodic,True,0.008728979729740774
cfg_1111010,6,synchronization_bursty,synchronization_bursty,True,0.09305558948709433
cfg_1111010,7,sparse_periodic,sparse_periodic,True,0.045025711658185905
cfg_1111010,7,dense_periodic,dense_periodic,True,0.07326821050200953
cfg_1111010,7,synchronization_bursty,synchronization_bursty,True,0.14521987835425829
cfg_1111010,8,sparse_periodic,sparse_periodic,True,0.006134607658317277
cfg_1111010,8,dense_periodic,dense_periodic,True,0.015006996004458298
cfg_1111010,8,synchronization_bursty,synchronization_bursty,True,0.1305603335012665
cfg_1111010,9,sparse_periodic,sparse_periodic,True,0.006131042476163413
cfg_1111010,9,dense_periodic,dense_periodic,True,0.02786007338056284
cfg_1111010,9,synchronization_bursty,synchronization_bursty,True,0.09301702428523227
cfg_1111011,0,sparse_periodic,sparse_periodic,True,0.025756830593697808
cfg_1111011,0,dense_periodic,dense_periodic,True,0.11673636952359562
cfg_1111011,0,synchronization_bursty,synchronization_bursty,True,0.13210757571920964
cfg_1111011,1,sparse_periodic,sparse_periodic,True,0.0056940095806487494
cfg_1111011,1,dense_periodic,dense_periodic,True,0.08560275485348849
cfg_1111011,1,synchronization_bursty,synchronization_bursty,True,0.4937244490868386
cfg_1111011,2,sparse_periodic,sparse_periodic,True,0.005632984901882709
cfg_1111011,2,dense_periodic,dense_periodic,True,0.03811553234636109
cfg_1111011,2,synchronization_bursty,synchronization_bursty,True,0.1291691084262893
cfg_1111011,3,sparse_periodic,sparse_periodic,True,0.021173387505660887
cfg_1111011,3,dense_periodic,dense_periodic,True,0.13231836792993076
cfg_1111011,3,synchronization_bursty,synchronization_bursty,True,0.14247072691994028
cfg_1111011,4,sparse_periodic,sparse_periodic,True,0.04484259549674287
cfg_1111011,4,dense_periodic,dense_periodic,True,0.017732001506578252
cfg_1111011,4,synchronization_bursty,synchronization_bursty,True,0.340177313791126
cfg_1111011,5,sparse_periodic,sparse_periodic,True,0.05014542521794158
cfg_1111011,5,dense_periodic,dense_periodic,True,0.07404129344382325
cfg_1111011,5,synchronization_bursty,synchronization_bursty,True,0.16482393248231866
cfg_1111011,6,sparse_periodic,sparse_periodic,True,0.025727250294850193
cfg_1111011,6,dense_periodic,dense_periodic,True,0.08565938080653279
cfg_1111011,6,synchronization_bursty,synchronization_bursty,True,0.13875806921365524
cfg_1111011,7,sparse_periodic,sparse_periodic,True,0.04479276190512944
cfg_1111011,7,dense_periodic,dense_periodic,True,0.07376578287107936
cfg_1111011,7,synchronization_bursty,synchronization_bursty,True,0.13789554590424358
cfg_1111011,8,sparse_periodic,sparse_periodic,True,0.005660380504266924
cfg_1111011,8,dense_periodic,dense_periodic,True,0.017745714626342283
cfg_1111011,8,synchronization_bursty,synchronization_bursty,True,0.3402202071096898
cfg_1111011,9,sparse_periodic,sparse_periodic,True,0.005629265390354118
cfg_1111011,9,dense_periodic,dense_periodic,True,0.08964033004472118
cfg_1111011,9,synchronization_bursty,synchronization_bursty,True,0.13873024802506412
cfg_1111100,0,sparse_periodic,sparse_periodic,True,0.025802860997708878
cfg_1111100,0,dense_periodic,dense_periodic,True,0.05170070844378967
cfg_1111100,0,synchronization_bursty,synchronization_bursty,True,0.08502293535269068
cfg_1111100,1,sparse_periodic,sparse_periodic,True,0.00616632933322234
cfg_1111100,1,dense_periodic,dense_periodic,True,0.00872456528457511
cfg_1111100,1,synchronization_bursty,synchronization_bursty,True,0.17724008229734275
cfg_1111100,2,sparse_periodic,sparse_periodic,True,0.006164483196539834
cfg_1111100,2,dense_periodic,dense_periodic,True,0.03697345661597509
cfg_1111100,2,synchronization_bursty,synchronization_bursty,True,0.14849041045967526
cfg_1111100,3,sparse_periodic,sparse_periodic,True,0.021229317398513702
cfg_1111100,3,dense_periodic,dense_periodic,True,0.08116234448208963
cfg_1111100,3,synchronization_bursty,synchronization_bursty,True,0.1338792120310611
cfg_1111100,4,sparse_periodic,sparse_periodic,True,0.045053385918806685
cfg_1111100,4,dense_periodic,dense_periodic,True,0.0149907233859816
cfg_1111100,4,synchronization_bursty,synchronization_bursty,True,0.1304354514943272
cfg_1111100,5,sparse_periodic,sparse_periodic,True,0.05039565078462484
cfg_1111100,5,dense_periodic,dense_periodic,True,0.07353232755269594
cfg_1111100,5,synchronization_bursty,synchronization_bursty,True,0.2854545954795821
cfg_1111100,6,sparse_periodic,sparse_periodic,True,0.025773008252138078
cfg_1111100,6,dense_periodic,dense_periodic,True,0.008728979729740774
cfg_1111100,6,synchronization_bursty,synchronization_bursty,True,0.09305558948709433
cfg_1111100,7,sparse_periodic,sparse_periodic,True,0.045025711658185905
cfg_1111100,7,dense_periodic,dense_periodic,True,0.07326821050200953
cfg_1111100,7,synchronization_bursty,synchronization_bursty,True,0.14521987835425829
cfg_1111100,8,sparse_periodic,sparse_periodic,True,0.006134607658317277
cfg_1111100,8,dense_periodic,dense_periodic,True,0.015006996004458298
cfg_1111100,8,synchronization_bursty,synchronization_bursty,True,0.1305603335012665
cfg_1111100,9,sparse_periodic,sparse_periodic,True,0.006131042476163413
cfg_1111100,9,dense_periodic,dense_periodic,True,0.02786007338056284
cfg_1111100,9,synchronization_bursty,synchronization_bursty,True,0.09301702428523227
cfg_1111101,0,sparse_periodic,sparse_periodic,True,0.025756830593697808
cfg_1111101,0,dense_periodic,dense_periodic,True,0.11673636952359562
cfg_1111101,0,synchronization_bursty,synchronization_bursty,True,0.13210757571920964
cfg_1111101,1,sparse_periodic,sparse_periodic,True,0.0056940095806487494
cfg_1111101,1,dense_periodic,dense_periodic,True,0.08560275485348849
cfg_1111101,1,synchronization_bursty,synchronization_bursty,True,0.4937244490868386
cfg_1111101,2,sparse_periodic,sparse_periodic,True,0.005632984901882709
cfg_1111101,2,dense_periodic,dense_periodic,True,0.03811553234636109
cfg_1111101,2,synchronization_bursty,synchronization_bursty,True,0.1291691084262893
cfg_1111101,3,sparse_periodic,sparse_periodic,True,0.021173387505660887
cfg_1111101,3,dense_periodic,dense_periodic,True,0.13231836792993076
cfg_1111101,3,synchronization_bursty,synchronization_bursty,True,0.14247072691994028
cfg_1111101,4,sparse_periodic,sparse_periodic,True,0.04484259549674287
cfg_1111101,4,dense_periodic,dense_periodic,True,0.017732001506578252
cfg_1111101,4,synchronization_bursty,synchronization_bursty,True,0.340177313791126
cfg_1111101,5,sparse_periodic,sparse_periodic,True,0.05014542521794158
cfg_1111101,5,dense_periodic,dense_periodic,True,0.07404129344382325
cfg_1111101,5,synchronization_bursty,synchronization_bursty,True,0.16482393248231866
cfg_1111101,6,sparse_periodic,sparse_periodic,True,0.025727250294850193
cfg_1111101,6,dense_periodic,dense_periodic,True,0.08565938080653279
cfg_1111101,6,synchronization_bursty,synchronization_bursty,True,0.13875806921365524
cfg_1111101,7,sparse_periodic,sparse_periodic,True,0.04479276190512944
cfg_1111101,7,dense_periodic,dense_periodic,True,0.07376578287107936
cfg_1111101,7,synchronization_bursty,synchronization_bursty,True,0.13789554590424358
cfg_1111101,8,sparse_periodic,sparse_periodic,True,0.005660380504266924
cfg_1111101,8,dense_periodic,dense_periodic,True,0.017745714626342283
cfg_1111101,8,synchronization_bursty,synchronization_bursty,True,0.3402202071096898
cfg_1111101,9,sparse_periodic,sparse_periodic,True,0.005629265390354118
cfg_1111101,9,dense_periodic,dense_periodic,True,0.08964033004472118
cfg_1111101,9,synchronization_bursty,synchronization_bursty,True,0.13873024802506412
cfg_1111110,0,sparse_periodic,sparse_periodic,True,0.025802860997708878
cfg_1111110,0,dense_periodic,dense_periodic,True,0.05170070844378967
cfg_1111110,0,synchronization_bursty,synchronization_bursty,True,0.08502293535269068
cfg_1111110,1,sparse_periodic,sparse_periodic,True,0.00616632933322234
cfg_1111110,1,dense_periodic,dense_periodic,True,0.00872456528457511
cfg_1111110,1,synchronization_bursty,synchronization_bursty,True,0.17724008229734275
cfg_1111110,2,sparse_periodic,sparse_periodic,True,0.006164483196539834
cfg_1111110,2,dense_periodic,dense_periodic,True,0.03697345661597509
cfg_1111110,2,synchronization_bursty,synchronization_bursty,True,0.14849041045967526
cfg_1111110,3,sparse_periodic,sparse_periodic,True,0.021229317398513702
cfg_1111110,3,dense_periodic,dense_periodic,True,0.08116234448208963
cfg_1111110,3,synchronization_bursty,synchronization_bursty,True,0.1338792120310611
cfg_1111110,4,sparse_periodic,sparse_periodic,True,0.045053385918806685
cfg_1111110,4,dense_periodic,dense_periodic,True,0.0149907233859816
cfg_1111110,4,synchronization_bursty,synchronization_bursty,True,0.1304354514943272
cfg_1111110,5,sparse_periodic,sparse_periodic,True,0.05039565078462484
cfg_1111110,5,dense_periodic,dense_periodic,True,0.07353232755269594
cfg_1111110,5,synchronization_bursty,synchronization_bursty,True,0.2854545954795821
cfg_1111110,6,sparse_periodic,sparse_periodic,True,0.025773008252138078
cfg_1111110,6,dense_periodic,dense_periodic,True,0.008728979729740774
cfg_1111110,6,synchronization_bursty,synchronization_bursty,True,0.09305558948709433
cfg_1111110,7,sparse_periodic,sparse_periodic,True,0.045025711658185905
cfg_1111110,7,dense_periodic,dense_periodic,True,0.07326821050200953
cfg_1111110,7,synchronization_bursty,synchronization_bursty,True,0.14521987835425829
cfg_1111110,8,sparse_periodic,sparse_periodic,True,0.006134607658317277
cfg_1111110,8,dense_periodic,dense_periodic,True,0.015006996004458298
cfg_1111110,8,synchronization_bursty,synchronization_bursty,True,0.1305603335012665
cfg_1111110,9,sparse_periodic,sparse_periodic,True,0.006131042476163413
cfg_1111110,9,dense_periodic,dense_periodic,True,0.02786007338056284
cfg_1111110,9,synchronization_bursty,synchronization_bursty,True,0.09301702428523227
cfg_1111111,0,sparse_periodic,sparse_periodic,True,0.025756830593697808
cfg_1111111,0,dense_periodic,dense_periodic,True,0.11673636952359562
cfg_1111111,0,synchronization_bursty,synchronization_bursty,True,0.13210757571920964
cfg_1111111,1,sparse_periodic,sparse_periodic,True,0.0056940095806487494
cfg_1111111,1,dense_periodic,dense_periodic,True,0.08560275485348849
cfg_1111111,1,synchronization_bursty,synchronization_bursty,True,0.4937244490868386
cfg_1111111,2,sparse_periodic,sparse_periodic,True,0.005632984901882709
cfg_1111111,2,dense_periodic,dense_periodic,True,0.03811553234636109
cfg_1111111,2,synchronization_bursty,synchronization_bursty,True,0.1291691084262893
cfg_1111111,3,sparse_periodic,sparse_periodic,True,0.021173387505660887
cfg_1111111,3,dense_periodic,dense_periodic,True,0.13231836792993076
cfg_1111111,3,synchronization_bursty,synchronization_bursty,True,0.14247072691994028
cfg_1111111,4,sparse_periodic,sparse_periodic,True,0.04484259549674287
cfg_1111111,4,dense_periodic,dense_periodic,True,0.017732001506578252
cfg_1111111,4,synchronization_bursty,synchronization_bursty,True,0.340177313791126
cfg_1111111,5,sparse_periodic,sparse_periodic,True,0.05014542521794158
cfg_1111111,5,dense_periodic,dense_periodic,True,0.07404129344382325
cfg_1111111,5,synchronization_bursty,synchronization_bursty,True,0.16482393248231866
cfg_1111111,6,sparse_periodic,sparse_periodic,True,0.025727250294850193
cfg_1111111,6,dense_periodic,dense_periodic,True,0.08565938080653279
cfg_1111111,6,synchronization_bursty,synchronization_bursty,True,0.13875806921365524
cfg_1111111,7,sparse_periodic,sparse_periodic,True,0.04479276190512944
cfg_1111111,7,dense_periodic,dense_periodic,True,0.07376578287107936
cfg_1111111,7,synchronization_bursty,synchronization_bursty,True,0.13789554590424358
cfg_1111111,8,sparse_periodic,sparse_periodic,True,0.005660380504266924
cfg_1111111,8,dense_periodic,dense_periodic,True,0.017745714626342283
cfg_1111111,8,synchronization_bursty,synchronization_bursty,True,0.3402202071096898
cfg_1111111,9,sparse_periodic,sparse_periodic,True,0.005629265390354118
cfg_1111111,9,dense_periodic,dense_periodic,True,0.08964033004472118
cfg_1111111,9,synchronization_bursty,synchronization_bursty,True,0.13873024802506412
