protocol_name,scenario_id,workload_name,trial_id,probe_count,affected_probe_fraction,speedup_probe_fraction,failure_transition_fraction,mean_excess_turnaround_ns,mean_absolute_timing_change_ns,cumulative_positive_excess_ns,maximum_positive_excess_ns,p95_positive_excess_ns,std_excess_turnaround_ns,longest_affected_run,affected_run_count,lag1_excess_autocorrelation,epr_miss_fraction,persistent_epr_state_fraction,direct_victim_generation_overlap_fraction,victim_mean_request_slowdown,victim_makespan_slowdown,victim_mean_added_turnaround_ns,scenario_class,shared_resources
direct_coherent_remote_cx,direct_coherent_remote_cx__isolated,sparse_periodic,0,48,0.0,0.0,0.0,0.0,0.0,0.0,0.0,0.0,0.0,0,0,0.0,0.0,0.0,0.0,1.0,1.0,0.0,isolated_control,none
direct_coherent_remote_cx,direct_coherent_remote_cx__isolated,sparse_periodic,1,48,0.0,0.0,0.0,0.0,0.0,0.0,0.0,0.0,0.0,0,0,0.0,0.0,0.0,0.0,1.0,1.0,0.0,isolated_control,none
direct_coherent_remote_cx,direct_coherent_remote_cx__isolated,sparse_periodic,2,48,0.0,0.0,0.0,0.0,0.0,0.0,0.0,0.0,0.0,0,0,0.0,0.0,0.0,0.0,1.0,1.0,0.0,isolated_control,none
direct_coherent_remote_cx,direct_coherent_remote_cx__isolated,sparse_periodic,3,48,0.0,0.0,0.0,0.0,0.0,0.0,0.0,0.0,0.0,0,0,0.0,0.0,0.0,0.0,1.0,1.0,0.0,isolated_control,none
direct_coherent_remote_cx,direct_coherent_remote_cx__isolated,sparse_periodic,4,48,0.0,0.0,0.0,0.0,0.0,0.0,0.0,0.0,0.0,0,0,0.0,0.0,0.0,0.0,1.0,1.0,0.0,isolated_control,none
direct_coherent_remote_cx,direct_coherent_remote_cx__isolated,sparse_periodic,5,48,0.0,0.0,0.0,0.0,0.0,0.0,0.0,0.0,0.0,0,0,0.0,0.0,0.0,0.0,1.0,1.0,0.0,isolated_control,none
direct_coherent_remote_cx,direct_coherent_remote_cx__isolated,sparse_periodic,6,48,0.0,0.0,0.0,0.0,0.0,0.0,0.0,0.0,0.0,0,0,0.0,0.0,0.0,0.0,1.0,1.0,0.0,isolated_control,none
direct_coherent_remote_cx,direct_coherent_remote_cx__isolated,sparse_periodic,7,48,0.0,0.0,0.0,0.0,0.0,0.0,0.0,0.0,0.0,0,0,0.0,0.0,0.0,0.0,1.0,1.0,0.0,isolated_control,none
direct_coherent_remote_cx,direct_coherent_remote_cx__isolated,sparse_periodic,8,48,0.0,0.0,0.0,0.0,0.0,0.0,0.0,0.0,0.0,0,0,0.0,0.0,0.0,0.0,1.0,1.0,0.0,isolated_control,none
direct_coherent_remote_cx,direct_coherent_remote_cx__isolated,sparse_periodic,9,48,0.0,0.0,0.0,0.0,0.0,0.0,0.0,0.0,0.0,0,0,0.0,0.0,0.0,0.0,1.0,1.0,0.0,isolated_control,none
direct_coherent_remote_cx,direct_coherent_remote_cx__isolated,dense_periodic,0,48,0.0,0.0,0.0,0.0,0.0,0.0,0.0,0.0,0.0,0,0,0.0,0.0,0.0,0.0,1.0,1.0,0.0,isolated_control,none
direct_coherent_remote_cx,direct_coherent_remote_cx__isolated,dense_periodic,1,48,0.0,0.0,0.0,0.0,0.0,0.0,0.0,0.0,0.0,0,0,0.0,0.0,0.0,0.0,1.0,1.0,0.0,isolated_control,none
direct_coherent_remote_cx,direct_coherent_remote_cx__isolated,dense_periodic,2,48,0.0,0.0,0.0,0.0,0.0,0.0,0.0,0.0,0.0,0,0,0.0,0.0,0.0,0.0,1.0,1.0,0.0,isolated_control,none
direct_coherent_remote_cx,direct_coherent_remote_cx__isolated,dense_periodic,3,48,0.0,0.0,0.0,0.0,0.0,0.0,0.0,0.0,0.0,0,0,0.0,0.0,0.0,0.0,1.0,1.0,0.0,isolated_control,none
direct_coherent_remote_cx,direct_coherent_remote_cx__isolated,dense_periodic,4,48,0.0,0.0,0.0,0.0,0.0,0.0,0.0,0.0,0.0,0,0,0.0,0.0,0.0,0.0,1.0,1.0,0.0,isolated_control,none
direct_coherent_remote_cx,direct_coherent_remote_cx__isolated,dense_periodic,5,48,0.0,0.0,0.0,0.0,0.0,0.0,0.0,0.0,0.0,0,0,0.0,0.0,0.0,0.0,1.0,1.0,0.0,isolated_control,none
direct_coherent_remote_cx,direct_coherent_remote_cx__isolated,dense_periodic,6,48,0.0,0.0,0.0,0.0,0.0,0.0,0.0,0.0,0.0,0,0,0.0,0.0,0.0,0.0,1.0,1.0,0.0,isolated_control,none
direct_coherent_remote_cx,direct_coherent_remote_cx__isolated,dense_periodic,7,48,0.0,0.0,0.0,0.0,0.0,0.0,0.0,0.0,0.0,0,0,0.0,0.0,0.0,0.0,1.0,1.0,0.0,isolated_control,none
direct_coherent_remote_cx,direct_coherent_remote_cx__isolated,dense_periodic,8,48,0.0,0.0,0.0,0.0,0.0,0.0,0.0,0.0,0.0,0,0,0.0,0.0,0.0,0.0,1.0,1.0,0.0,isolated_control,none
direct_coherent_remote_cx,direct_coherent_remote_cx__isolated,dense_periodic,9,48,0.0,0.0,0.0,0.0,0.0,0.0,0.0,0.0,0.0,0,0,0.0,0.0,0.0,0.0,1.0,1.0,0.0,isolated_control,none
direct_coherent_remote_cx,direct_coherent_remote_cx__isolated,synchronization_bursty,0,48,0.0,0.0,0.0,0.0,0.0,0.0,0.0,0.0,0.0,0,0,0.0,0.0,0.0,0.0,1.0,1.0,0.0,isolated_control,none
direct_coherent_remote_cx,direct_coherent_remote_cx__isolated,synchronization_bursty,1,48,0.0,0.0,0.0,0.0,0.0,0.0,0.0,0.0,0.0,0,0,0.0,0.0,0.0,0.0,1.0,1.0,0.0,isolated_control,none
direct_coherent_remote_cx,direct_coherent_remote_cx__isolated,synchronization_bursty,2,48,0.0,0.0,0.0,0.0,0.0,0.0,0.0,0.0,0.0,0,0,0.0,0.0,0.0,0.0,1.0,1.0,0.0,isolated_control,none
direct_coherent_remote_cx,direct_coherent_remote_cx__isolated,synchronization_bursty,3,48,0.0,0.0,0.0,0.0,0.0,0.0,0.0,0.0,0.0,0,0,0.0,0.0,0.0,0.0,1.0,1.0,0.0,isolated_control,none
direct_coherent_remote_cx,direct_coherent_remote_cx__isolated,synchronization_bursty,4,48,0.0,0.0,0.0,0.0,0.0,0.0,0.0,0.0,0.0,0,0,0.0,0.0,0.0,0.0,1.0,1.0,0.0,isolated_control,none
direct_coherent_remote_cx,direct_coherent_remote_cx__isolated,synchronization_bursty,5,48,0.0,0.0,0.0,0.0,0.0,0.0,0.0,0.0,0.0,0,0,0.0,0.0,0.0,0.0,1.0,1.0,0.0,isolated_control,none
direct_coherent_remote_cx,direct_coherent_remote_cx__isolated,synchronization_bursty,6,48,0.0,0.0,0.0,0.0,0.0,0.0,0.0,0.0,0.0,0,0,0.0,0.0,0.0,0.0,1.0,1.0,0.0,isolated_control,none
direct_coherent_remote_cx,direct_coherent_remote_cx__isolated,synchronization_bursty,7,48,0.0,0.0,0.0,0.0,0.0,0.0,0.0,0.0,0.0,0,0,0.0,0.0,0.0,0.0,1.0,1.0,0.0,isolated_control,none
direct_coherent_remote_cx,direct_coherent_remote_cx__isolated,synchronization_bursty,8,48,0.0,0.0,0.0,0.0,0.0,0.0,0.0,0.0,0.0,0,0,0.0,0.0,0.0,0.0,1.0,1.0,0.0,isolated_control,none
direct_coherent_remote_cx,direct_coherent_remote_cx__isolated,synchronization_bursty,9,48,0.0,0.0,0.0,0.0,0.0,0.0,0.0,0.0,0.0,0,0,0.0,0.0,0.0,0.0,1.0,1.0,0.0,isolated_control,none
direct_coherent_remote_cx,direct_coherent_remote_cx__share_endpoint,sparse_periodic,0,48,0.5833333333333334,0.0,0.0,73.46847430348653,73.46847430348653,3526.4867665673537,240.10851440595434,216.519837780792,74.23759840842904,4,19,-0.6356174025182484,0.0,0.0,0.0,1.6161764859191137,1.005930749478302,92.42647288786704,single_resource,endpoint
direct_coherent_remote_cx,direct_coherent_remote_cx__share_endpoint,sparse_periodic,1,48,0.5833333333333334,0.0,0.0,76.6152428667001,76.6152428667001,3677.531657601605,250.54761747710108,228.03125835631445,76.81728029349702,4,19,-0.5854751507550959,0.0,0.0,0.0,1.5192264352947797,1.0,77.88396529421694,single_resource,endpoint
direct_coherent_remote_cx,direct_coherent_remote_cx__share_endpoint,sparse_periodic,2,48,0.5833333333333334,0.0,0.0,72.95838478059825,72.95838478059825,3502.0024694687163,237.9993105074209,214.85684125045964,73.8075130940932,4,19,-0.6476226482728444,0.0,0.0,0.0,1.6316781125692952,1.0061735103335383,94.75171688539427,single_resource,endpoint
direct_coherent_remote_cx,direct_coherent_remote_cx__share_endpoint,sparse_periodic,3,48,0.5833333333333334,0.0,0.0,71.84909047701471,71.84909047701471,3448.756342896706,235.4470513034912,210.66353585861597,73.05967900453113,4,19,-0.6718908608829576,0.0,0.0,0.0,1.6455366812927437,1.0063816899610807,96.83050219391161,single_resource,endpoint
direct_coherent_remote_cx,direct_coherent_remote_cx__share_endpoint,sparse_periodic,4,48,0.6041666666666666,0.0,0.0,67.75100455390994,67.75100455390994,3252.0482185876767,215.08107981556896,191.70927969474934,70.36040764050348,4,19,-0.7763195245020433,0.0,0.0,0.0,1.6651155460496325,1.0,99.76733190744488,single_resource,endpoint
direct_coherent_remote_cx,direct_coherent_remote_cx__share_endpoint,sparse_periodic,5,48,0.5833333333333334,0.0,0.0,72.72388314361586,72.72388314361586,3490.7463908935615,236.67996789620884,214.2246795134982,73.57713271715207,4,19,-0.6533086553300935,0.0,0.0,0.0,1.5934945054294614,1.00331160536745,89.02417581441918,single_resource,endpoint
direct_coherent_remote_cx,direct_coherent_remote_cx__share_endpoint,sparse_periodic,6,48,0.5833333333333334,0.0,0.0,67.57957704767966,67.57957704767966,3243.819698288624,216.9043579664758,193.66807458565393,69.98843206620535,4,19,-0.7618912101036236,0.0,0.0,0.0,1.6790786263889392,1.0045160403783238,101.86179395834087,single_resource,endpoint
direct_coherent_remote_cx,direct_coherent_remote_cx__share_endpoint,sparse_periodic,7,48,0.5833333333333334,0.0,0.0,66.8073889066395,66.8073889066395,3206.754667518696,214.29309204859055,190.5343144424299,69.557751754795,4,19,-0.7757369276556112,0.0,0.0,0.0,1.7096826269569916,1.0042895612256042,106.45239404354874,single_resource,endpoint
direct_coherent_remote_cx,direct_coherent_remote_cx__share_endpoint,sparse_periodic,8,48,0.6041666666666666,0.0,0.0,79.2741124613129,79.2741124613129,3805.1573981430192,250.94035176669672,229.51357863116573,77.9398471445048,4,19,-0.585074948302439,0.0,0.0,0.0,1.516554621083244,1.0,77.48319316248659,single_resource,endpoint
direct_coherent_remote_cx,direct_coherent_remote_cx__share_endpoint,sparse_periodic,9,48,0.5833333333333334,0.0,0.0,78.67663912934805,78.67663912934805,3776.4786782087062,257.61733492523126,232.38650483780103,78.56490148998628,4,19,-0.5633291412021376,0.0,0.0,0.0,1.4931363010414784,1.0,73.97044515622179,single_resource,endpoint
direct_coherent_remote_cx,direct_coherent_remote_cx__share_endpoint,dense_periodic,0,48,0.9791666666666666,0.0,0.0,2251.875,2251.875,108090.0,4440.0,4258.5,1278.0317814416824,47,1,0.9978100801763207,0.0,0.0,0.0,16.0735069018411,1.2267689373749073,2261.026035276165,single_resource,endpoint
direct_coherent_remote_cx,direct_coherent_remote_cx__share_endpoint,dense_periodic,1,48,0.9791666666666666,0.0,0.0,2142.640045268085,2142.640045268085,102846.72217286809,4333.5472802737895,4051.5472802737895,1259.845852303237,47,1,0.9976893253478171,0.0,0.0,0.0,15.410743312540804,1.2172857961816521,2161.611496881121,single_resource,endpoint
direct_coherent_remote_cx,direct_coherent_remote_cx__share_endpoint,dense_periodic,2,48,0.9791666666666666,0.0,0.0,2206.875,2206.875,105930.0,4290.0,4138.5,1268.2897872233302,47,1,0.9977608532219491,0.0,0.0,0.0,15.931730331525122,1.2232593297216765,2239.759549728768,single_resource,endpoint
direct_coherent_remote_cx,direct_coherent_remote_cx__share_endpoint,dense_periodic,3,48,0.9791666666666666,0.0,0.0,2164.594209285683,2164.594209285683,103900.52204571279,4378.947277568357,4096.947277568357,1264.7102989346383,47,1,0.997646018569521,0.0,0.0,0.0,15.57732588867321,1.217182914229072,2186.5988833009824,single_resource,endpoint
direct_coherent_remote_cx,direct_coherent_remote_cx__share_endpoint,dense_periodic,4,48,0.9791666666666666,0.0,0.0,2223.75,2223.75,106740.0,4320.0,4189.5,1271.342179548842,47,1,0.9977764549911414,0.0,0.0,0.0,15.943069168397583,1.2242276602253954,2241.4603752596367,single_resource,endpoint
direct_coherent_remote_cx,direct_coherent_remote_cx__share_endpoint,dense_periodic,5,48,0.9791666666666666,0.0,0.0,2161.875,2161.875,103770.0,4290.0,4018.5,1256.056421652706,47,1,0.9977076606023887,0.0,0.0,0.0,15.719526140714564,1.2189268287299895,2207.9289211071846,single_resource,endpoint
direct_coherent_remote_cx,direct_coherent_remote_cx__share_endpoint,dense_periodic,6,48,0.9791666666666666,0.0,0.0,2132.7079465001416,2132.7079465001416,102369.9814320068,4311.914498553335,4029.914498553335,1265.5872254468059,47,1,0.9977312711929428,0.0,0.0,0.0,15.30726156357884,1.2172708300229833,2146.0892345368247,single_resource,endpoint
direct_coherent_remote_cx,direct_coherent_remote_cx__share_endpoint,dense_periodic,7,48,0.9791666666666666,0.0,0.0,2136.983674320823,2136.983674320823,102575.2163673995,4316.281199306373,4034.2811993063733,1265.740673116395,47,1,0.9977282207157975,0.0,0.0,0.0,15.339643036821103,1.2176415933141753,2150.946455523167,single_resource,endpoint
direct_coherent_remote_cx,direct_coherent_remote_cx__share_endpoint,dense_periodic,8,48,0.9791666666666666,0.0,0.0,2154.0424951610316,2154.0424951610316,103394.03976772953,4356.681697185733,4074.6816971857334,1265.9502491901765,47,1,0.9976848890840544,0.0,0.0,0.0,15.486969748178378,1.2171797835288158,2173.0454622267575,single_resource,endpoint
direct_coherent_remote_cx,direct_coherent_remote_cx__share_endpoint,dense_periodic,9,48,0.9791666666666666,0.0,0.0,2184.375,2184.375,104850.0,4290.0,4069.5,1257.7011208450917,47,1,0.9977163933111268,0.0,0.0,0.0,15.829307813865977,1.2211608738010662,2224.3961720798966,single_resource,endpoint
direct_coherent_remote_cx,direct_coherent_remote_cx__share_endpoint,synchronization_bursty,0,48,0.9791666666666666,0.0,0.0,1599.375,1599.375,76770.0,3120.0,2799.0,814.0214121108854,47,1,0.9266428773334338,0.0,0.0,0.0,6.385607791256712,1.136260840901478,1382.0338857014085,single_resource,endpoint
direct_coherent_remote_cx,direct_coherent_remote_cx__share_endpoint,synchronization_bursty,1,48,0.9791666666666666,0.0,0.0,1644.375,1644.375,78930.0,3120.0,2878.5,822.1691488830021,47,1,0.9282079135282119,0.0,0.0,0.0,6.558094197316089,1.13854431351653,1443.4517749254067,single_resource,endpoint
direct_coherent_remote_cx,direct_coherent_remote_cx__share_endpoint,synchronization_bursty,2,48,0.9791666666666666,0.0,0.0,1567.727588946863,1567.727588946863,75250.92426944943,2995.126048286158,2753.626048286158,785.230787231279,47,1,0.9098387147671866,0.0,0.0,0.0,5.942305053210289,1.1402272624109153,1314.1058697452102,single_resource,endpoint
direct_coherent_remote_cx,direct_coherent_remote_cx__share_endpoint,synchronization_bursty,3,48,0.9791666666666666,0.0,0.0,1644.375,1644.375,78930.0,3120.0,2878.5,822.1691488830021,47,1,0.9282079135282119,0.0,0.0,0.0,6.562490949348636,1.1387749526535496,1446.1330797533853,single_resource,endpoint
direct_coherent_remote_cx,direct_coherent_remote_cx__share_endpoint,synchronization_bursty,4,48,0.9791666666666666,0.0,0.0,1576.875,1576.875,75690.0,2970.0,2799.0,797.2116935764302,47,1,0.9233050879871174,0.0,0.0,0.0,5.989226206859957,1.1438153871818177,1335.7712916166429,single_resource,endpoint
direct_coherent_remote_cx,direct_coherent_remote_cx__share_endpoint,synchronization_bursty,5,48,0.9791666666666666,0.0,0.0,1565.625,1565.625,75150.0,2970.0,2799.0,790.3556853562831,47,1,0.9166873650626983,0.0,0.0,0.0,5.97066176932888,1.142509340384011,1326.623559459888,single_resource,endpoint
direct_coherent_remote_cx,direct_coherent_remote_cx__share_endpoint,synchronization_bursty,6,48,0.9791666666666666,0.0,0.0,1616.25,1616.25,77580.0,3120.0,2878.5,820.981691330568,47,1,0.9279660869715705,0.0,0.0,0.0,6.445670952437612,1.1380424667190452,1398.1010418700073,single_resource,endpoint
direct_coherent_remote_cx,direct_coherent_remote_cx__share_endpoint,synchronization_bursty,7,48,0.9791666666666666,0.0,0.0,1563.9665691001774,1563.9665691001774,75070.39531680851,2991.285006740607,2749.785006740607,785.0711978725242,47,1,0.9098646171722029,0.0,0.0,0.0,5.940256217268857,1.140191726425946,1312.944088240526,single_resource,endpoint
direct_coherent_remote_cx,direct_coherent_remote_cx__share_endpoint,synchronization_bursty,8,48,0.9791666666666666,0.0,0.0,1593.75,1593.75,76500.0,3120.0,2799.0,810.6392153726589,47,1,0.9259885109691695,0.0,0.0,0.0,6.376646369741106,1.1359725802762553,1382.026462599906,single_resource,endpoint
direct_coherent_remote_cx,direct_coherent_remote_cx__share_endpoint,synchronization_bursty,9,48,0.9791666666666666,0.0,0.0,1543.9820256677885,1543.9820256677885,74111.13723205385,2970.8752602564637,2729.3752602564637,784.2290969492345,47,1,0.9099952952379223,0.0,0.0,0.0,5.933174799513203,1.1400390532353961,1311.1468650210222,single_resource,endpoint
direct_coherent_remote_cx,direct_coherent_remote_cx__share_switch_path,sparse_periodic,0,48,0.125,0.0,0.0,4.234237151743268,4.234237151743268,203.24338328367685,65.10851440595434,41.51983778079199,15.379131066505906,1,6,-0.07754095562660902,0.0,0.0,0.0,1.0659190797245761,1.0,9.887861958686429,single_resource,switch_path
direct_coherent_remote_cx,direct_coherent_remote_cx__share_switch_path,sparse_periodic,1,48,0.125,0.0,0.0,5.511758174748081,5.511758174748081,264.5643923879079,75.54761747710108,53.03125835631445,18.065777744653673,1,6,-0.09525139064294502,0.0,0.0,0.0,1.0517015636785507,1.0,7.755234551782636,single_resource,switch_path
direct_coherent_remote_cx,direct_coherent_remote_cx__share_switch_path,sparse_periodic,2,48,0.125,0.0,0.0,3.979192390299128,3.979192390299128,191.00123473435815,62.99931050742089,39.85684125045965,14.847221939657416,1,6,-0.0734694996977857,0.0,0.0,0.0,1.0717384617884158,1.0,10.760769268262367,single_resource,switch_path
direct_coherent_remote_cx,direct_coherent_remote_cx__share_switch_path,sparse_periodic,3,48,0.0625,0.0,0.0,3.6323566329569794,3.6323566329569794,174.35311838193502,60.44705130349121,36.79941417660976,14.074251457565836,1,3,-0.06812172646379004,0.0,0.0,0.0,1.0790310515722068,1.0,11.854657735831028,single_resource,switch_path
direct_coherent_remote_cx,direct_coherent_remote_cx__share_switch_path,sparse_periodic,4,48,0.0625,0.0,0.0,2.395028615573343,2.395028615573343,114.96137354752045,40.081079815568955,23.893050437513686,9.282168784759426,1,3,-0.06808971180007926,0.0,0.0,0.0,1.1138850265182703,1.0,17.082753977740552,single_resource,switch_path
direct_coherent_remote_cx,direct_coherent_remote_cx__share_switch_path,sparse_periodic,5,48,0.10416666666666667,0.0,0.0,3.863936112275875,3.863936112275875,185.468933389242,61.67996789620884,39.22467951349819,14.516725236337383,1,5,-0.07246379645614032,0.0,0.0,0.0,1.066361053001379,1.0,9.954157950206813,single_resource,switch_path
direct_coherent_remote_cx,direct_coherent_remote_cx__share_switch_path,sparse_periodic,6,48,0.0625,0.0,0.0,2.481375897884732,2.481375897884732,119.10604309846713,41.9043579664758,24.66297904491661,9.619147399913912,1,3,-0.06805666541924572,0.0,0.0,0.0,1.1051384351564648,1.0,15.770765273469722,single_resource,switch_path
direct_coherent_remote_cx,direct_coherent_remote_cx__share_switch_path,sparse_periodic,7,48,0.0625,0.0,0.0,2.30594026496586,2.30594026496586,110.68513271836127,39.29309204859055,22.787916858850025,8.94187107871058,1,3,-0.06801389044381903,0.0,0.0,0.0,1.1082879353177717,1.0,16.243190297665734,single_resource,switch_path
direct_coherent_remote_cx,direct_coherent_remote_cx__share_switch_path,sparse_periodic,8,48,0.14583333333333334,0.0,0.0,5.995891111095948,5.995891111095948,287.8027733326055,75.94035176669672,54.513578631165736,18.40164178899283,1,7,-0.1086725468773619,0.0,0.0,0.0,1.051256902421709,1.0,7.688535363256381,single_resource,switch_path
direct_coherent_remote_cx,direct_coherent_remote_cx__share_switch_path,sparse_periodic,9,48,0.125,0.0,0.0,6.2110327139326955,6.2110327139326955,298.1295702687694,82.61733492523126,57.38650483780103,19.676023794601505,1,6,-0.1019807160906937,0.0,0.0,0.0,1.045887878535536,1.0,6.883181780330398,single_resource,switch_path
direct_coherent_remote_cx,direct_coherent_remote_cx__share_switch_path,dense_periodic,0,48,0.20833333333333334,0.0,0.0,10.648401933258432,10.648401933258432,511.1232927964047,93.78600394066962,73.79409321191818,24.53938539570375,2,5,0.19493207919239908,0.0,0.0,0.0,1.0711453984907486,1.0022937654540878,10.671809773612294,single_resource,switch_path
direct_coherent_remote_cx,direct_coherent_remote_cx__share_switch_path,dense_periodic,1,48,0.20833333333333334,0.0,0.0,9.041409594486646,9.041409594486646,433.98766053535905,88.67449186314957,63.90441606667159,21.89064383477398,2,5,0.1424786010336396,0.0,0.0,0.0,1.0750082546257491,1.0,11.251238193862372,single_resource,switch_path
direct_coherent_remote_cx,direct_coherent_remote_cx__share_switch_path,dense_periodic,2,48,0.1875,0.0,0.0,8.507529485606028,8.507529485606028,408.36141530908935,84.03121425698737,60.666974265359464,21.00348609655865,2,5,0.12642333161124053,0.0,0.0,0.0,1.07388070709327,1.0,11.082106063990512,single_resource,switch_path
direct_coherent_remote_cx,direct_coherent_remote_cx__share_switch_path,dense_periodic,3,48,0.20833333333333334,0.0,0.0,10.425363986305065,10.425363986305065,500.4174713426431,92.1246575821242,71.6654290818671,24.013486544776764,2,5,0.18261856284776806,0.0,0.0,0.0,1.0650053107046022,1.0,9.750796605690349,single_resource,switch_path
direct_coherent_remote_cx,direct_coherent_remote_cx__share_switch_path,dense_periodic,4,48,0.20833333333333334,0.0,0.0,10.702495974113447,10.702495974113447,513.7198067574454,93.59092885997597,72.36119119307402,24.553512479519426,2,5,0.18697060387766307,0.0,0.0,0.0,1.0603326402299362,1.0,9.04989603449044,single_resource,switch_path
direct_coherent_remote_cx,direct_coherent_remote_cx__share_switch_path,dense_periodic,5,48,0.1875,0.0,0.0,9.385187714392032,9.385187714392032,450.48901029081753,91.52710712440785,66.12205908114665,22.567445969652855,2,5,0.14670332511854442,0.0,0.0,0.0,1.0712760933187597,1.0,10.691413997813957,single_resource,switch_path
direct_coherent_remote_cx,direct_coherent_remote_cx__share_switch_path,dense_periodic,6,48,0.20833333333333334,0.0,0.0,9.397884606498641,9.397884606498641,451.09846111193474,89.85350204819406,66.31314931359454,22.488606169362793,2,5,0.15158904496589357,0.0,0.0,0.0,1.0719691849172543,1.0,10.79537773758814,single_resource,switch_path
direct_coherent_remote_cx,direct_coherent_remote_cx__share_switch_path,dense_periodic,7,48,0.1875,0.0,0.0,9.163530996138235,9.163530996138235,439.84948781463527,90.4692718595943,65.73653465572013,22.08998233851664,2,5,0.13969724773979714,0.0,0.0,0.0,1.0721603090236043,1.0,10.824046353540629,single_resource,switch_path
direct_coherent_remote_cx,direct_coherent_remote_cx__share_switch_path,dense_periodic,8,48,0.20833333333333334,0.0,0.0,9.978244325371973,9.978244325371973,478.9557276178547,93.8858739900661,69.48299987365854,23.6088103401679,2,5,0.15667677187452617,0.0,0.0,0.0,1.0672865511784786,1.0,10.092982676771797,single_resource,switch_path
direct_coherent_remote_cx,direct_coherent_remote_cx__share_switch_path,dense_periodic,9,48,0.1875,0.0,0.0,8.780944462447925,8.780944462447925,421.4853341975004,86.353981170299,62.80593785177538,21.27683183352456,2,5,0.14474508549608833,0.0,0.0,0.0,1.0746278092793844,1.0,11.194171391907645,single_resource,switch_path
direct_coherent_remote_cx,direct_coherent_remote_cx__share_switch_path,synchronization_bursty,0,48,0.22916666666666666,0.0,0.0,11.48088059760021,11.48088059760021,551.0822686848101,80.2135912367894,66.15779715751003,22.979065472979823,1,11,-0.25629598400569004,0.0,0.0,0.0,1.0667067069217397,1.0,21.451872772908267,single_resource,switch_path
direct_coherent_remote_cx,direct_coherent_remote_cx__share_switch_path,synchronization_bursty,1,48,0.22916666666666666,0.0,0.0,11.364593766911904,11.364593766911904,545.5005008117714,88.21484047924787,53.421498296157914,22.79838957428089,1,11,-0.2551203113835644,0.0,0.0,0.0,1.0654948615436257,1.0,21.755392620682745,single_resource,switch_path
direct_coherent_remote_cx,direct_coherent_remote_cx__share_switch_path,synchronization_bursty,2,48,0.25,0.0,0.0,14.229653208311149,14.229653208311149,683.0233539989351,90.24045563066466,77.93570772990711,26.64751853837927,1,12,-0.29299578662331327,0.0,0.0,0.0,1.056923080360101,1.0006117398861032,17.744561474709435,single_resource,switch_path
direct_coherent_remote_cx,direct_coherent_remote_cx__share_switch_path,synchronization_bursty,3,48,0.22916666666666666,0.0,0.0,11.028773027046213,11.028773027046213,529.3811052982182,83.46968435812232,52.35638945079435,22.077256715129863,1,11,-0.2562239132328617,0.0,0.0,0.0,1.0690395807442548,1.0,22.862763668408334,single_resource,switch_path
direct_coherent_remote_cx,direct_coherent_remote_cx__share_switch_path,synchronization_bursty,4,48,0.22916666666666666,0.0,0.0,12.56426552282567,12.56426552282567,603.0847450956321,86.78559751918874,76.14186553983933,25.084341366446964,1,11,-0.257594519597873,0.0,0.0,0.0,1.0640403914259438,1.0,21.04254890149617,single_resource,switch_path
direct_coherent_remote_cx,direct_coherent_remote_cx__share_switch_path,synchronization_bursty,5,48,0.22916666666666666,0.0,0.0,10.944496246558913,10.944496246558913,525.3358198348278,80.58272940361621,52.95928406088424,21.67312627363213,1,11,-0.2618511881968343,0.0,0.0,0.0,1.0738051412631433,1.004222236096226,24.563580946793486,single_resource,switch_path
direct_coherent_remote_cx,direct_coherent_remote_cx__share_switch_path,synchronization_bursty,6,48,0.22916666666666666,0.0,0.0,10.35719691436264,10.35719691436264,497.1454518894068,70.51361657573943,59.15668849072613,20.797965951988473,1,11,-0.2546148540291896,0.0,0.0,0.0,1.0690834387910848,1.0,21.34401915901804,single_resource,switch_path
direct_coherent_remote_cx,direct_coherent_remote_cx__share_switch_path,synchronization_bursty,7,48,0.25,0.0,0.0,13.846322428356212,13.846322428356212,664.6234765610982,88.46209030398313,74.15119048885367,25.77855076435194,1,12,-0.2964622126856391,0.0,0.0,0.0,1.059147037635813,1.0007844435617863,18.625140248766407,single_resource,switch_path
direct_coherent_remote_cx,direct_coherent_remote_cx__share_switch_path,synchronization_bursty,8,48,0.22916666666666666,0.0,0.0,12.645725776190025,12.645725776190025,606.9948372571212,85.72622372219848,74.36125119264995,25.09358276446687,1,11,-0.26077056526953163,0.0,0.0,0.0,1.0589658436666618,1.0,18.822380400423878,single_resource,switch_path
direct_coherent_remote_cx,direct_coherent_remote_cx__share_switch_path,synchronization_bursty,9,48,0.25,0.0,0.0,11.57438373897545,11.57438373897545,555.5704194708217,67.70083619603793,55.970532480274834,20.84558155728341,1,12,-0.3169342941986144,0.0,0.0,0.0,1.0871681663407156,1.001733673135195,27.404708231371867,single_resource,switch_path
direct_coherent_remote_cx,direct_coherent_remote_cx__share_quantum_link,sparse_periodic,0,48,0.0625,0.0,0.0,3.038805625757201,3.038805625757201,145.86267003634566,50.10851440595434,29.77365196482017,11.779772530767591,1,3,-0.06805981590117609,0.0,0.0,0.0,1.0459174730544534,1.0,6.887620958168001,single_resource,quantum_link
direct_coherent_remote_cx,direct_coherent_remote_cx__share_quantum_link,sparse_periodic,1,48,0.10416666666666667,0.0,0.0,3.7150956455307664,3.7150956455307664,178.3245909854768,60.547617477101085,38.03125835631445,14.33274427143902,1,5,-0.0687141123476459,0.0,0.0,0.0,1.038065200042187,1.0,5.709780006328091,single_resource,quantum_link
direct_coherent_remote_cx,direct_coherent_remote_cx__share_quantum_link,sparse_periodic,2,48,0.0625,0.0,0.0,2.9009415107656955,2.9009415107656955,139.24519251675338,47.99931050742089,28.958920330335722,11.240913161847672,1,3,-0.06811362290732254,0.0,0.0,0.0,1.0489062135669651,1.0,7.335932035044765,single_resource,quantum_link
direct_coherent_remote_cx,direct_coherent_remote_cx__share_quantum_link,sparse_periodic,3,48,0.0625,0.0,0.0,2.6948566329569794,2.6948566329569794,129.35311838193502,45.44705130349121,27.049414176609787,10.445483116585798,1,3,-0.06807272245820337,0.0,0.0,0.0,1.0511968707172337,1.0,7.679530607585034,single_resource,quantum_link
direct_coherent_remote_cx,direct_coherent_remote_cx__share_quantum_link,sparse_periodic,4,48,0.0625,0.0,0.0,1.4575286155733427,1.4575286155733427,69.96137354752045,25.081079815568955,14.143050437513708,5.655269338038822,1,3,-0.06793368739772182,0.0,0.0,0.0,1.086612299245543,1.0,12.991844886831462,single_resource,quantum_link
direct_coherent_remote_cx,direct_coherent_remote_cx__share_quantum_link,sparse_periodic,5,48,0.0625,0.0,0.0,2.8147015865731553,2.8147015865731553,135.10567615551145,46.67996789620884,28.40453180958405,10.905672930975605,1,3,-0.06812697727456869,0.0,0.0,0.0,1.0456564426988444,1.0,6.848466404826626,single_resource,quantum_link
direct_coherent_remote_cx,direct_coherent_remote_cx__share_quantum_link,sparse_periodic,6,48,0.0625,0.0,0.0,1.5438758978847318,1.5438758978847318,74.10604309846713,26.9043579664758,14.912979044916632,5.993570999267672,1,3,-0.06785945865501354,0.0,0.0,0.0,1.0778657078837375,1.0,11.679856182560632,single_resource,quantum_link
direct_coherent_remote_cx,direct_coherent_remote_cx__share_quantum_link,sparse_periodic,7,48,0.0625,0.0,0.0,1.3684402649658598,1.3684402649658598,65.68513271836127,24.29309204859055,13.037916858850048,5.318466149757458,1,3,-0.06770713518482947,0.0,0.0,0.0,1.0822009787960325,1.0,12.330146819404865,single_resource,quantum_link
direct_coherent_remote_cx,direct_coherent_remote_cx__share_quantum_link,sparse_periodic,8,48,0.125,0.0,0.0,3.8516205085576067,3.8516205085576067,184.87778441076512,60.94035176669672,39.513578631165736,14.580199429125498,1,6,-0.07137543085489279,0.0,0.0,0.0,1.0376205387853457,1.0,5.643080817801836,single_resource,quantum_link
direct_coherent_remote_cx,direct_coherent_remote_cx__share_quantum_link,sparse_periodic,9,48,0.125,0.0,0.0,4.3360327139326955,4.3360327139326955,208.12957026876938,67.61733492523126,42.38650483780103,15.7707221973184,1,6,-0.07732579289157504,0.0,0.0,0.0,1.0322515148991724,1.0,4.837727234875853,single_resource,quantum_link
direct_coherent_remote_cx,direct_coherent_remote_cx__share_quantum_link,dense_periodic,0,48,0.1875,0.0,0.0,7.7667035104164865,7.7667035104164865,372.80176849999134,78.78600394066962,58.79409321191818,19.48922179968064,2,5,0.11680325471090763,0.0,0.0,0.0,1.0494678030009084,1.0015396495349809,7.420170450136263,single_resource,quantum_link
direct_coherent_remote_cx,direct_coherent_remote_cx__share_quantum_link,dense_periodic,1,48,0.16666666666666666,0.0,0.0,6.313420073574524,6.313420073574524,303.04416353157717,73.67449186314957,48.90441606667159,17.088394006711514,2,5,0.04344313243279515,0.0,0.0,0.0,1.0531229228986785,1.0,7.968438434801772,single_resource,quantum_link
direct_coherent_remote_cx,direct_coherent_remote_cx__share_quantum_link,dense_periodic,2,48,0.14583333333333334,0.0,0.0,5.945729467035069,5.945729467035069,285.39501441768334,69.03121425698737,45.666974265359464,16.20625884354287,2,5,0.03572861965589012,0.0,0.0,0.0,1.053053478402677,1.0,7.958021760401564,single_resource,quantum_link
direct_coherent_remote_cx,direct_coherent_remote_cx__share_quantum_link,dense_periodic,3,48,0.1875,0.0,0.0,7.482741780553006,7.482741780553006,359.1716054665443,77.1246575821242,56.6654290818671,19.022666649748874,2,5,0.09251679469366922,0.0,0.0,0.0,1.0451658087350915,1.0,6.774871310263723,single_resource,quantum_link
direct_coherent_remote_cx,direct_coherent_remote_cx__share_quantum_link,dense_periodic,4,48,0.1875,0.0,0.0,7.78797516149308,7.78797516149308,373.8228077516678,78.59092885997597,57.36119119307401,19.504858045600706,2,5,0.10315827981304602,0.0,0.0,0.0,1.0421530911292811,1.0,6.322963669392171,single_resource,quantum_link
direct_coherent_remote_cx,direct_coherent_remote_cx__share_quantum_link,dense_periodic,5,48,0.16666666666666666,0.0,0.0,6.651352898839548,6.651352898839548,319.2649391442983,76.52710712440785,51.12205908114664,17.704962724366126,2,5,0.05264338719556455,0.0,0.0,0.0,1.0508990690633127,1.0,7.634860359496902,single_resource,quantum_link
direct_coherent_remote_cx,direct_coherent_remote_cx__share_quantum_link,dense_periodic,6,48,0.16666666666666666,0.0,0.0,6.660112517517007,6.660112517517007,319.6854008408163,74.85350204819406,51.31314931359454,17.619795431310077,2,5,0.06071961656585018,0.0,0.0,0.0,1.0509636009267307,1.0,7.6445401390096075,single_resource,quantum_link
direct_coherent_remote_cx,direct_coherent_remote_cx__share_quantum_link,dense_periodic,7,48,0.16666666666666666,0.0,0.0,6.447983682216763,6.447983682216763,309.50321674640463,75.4692718595943,50.73653465572014,17.23924316965992,2,5,0.04206017330969949,0.0,0.0,0.0,1.0514003283898457,1.0,7.7100492584768725,single_resource,quantum_link
direct_coherent_remote_cx,direct_coherent_remote_cx__share_quantum_link,dense_periodic,8,48,0.16666666666666666,0.0,0.0,7.215042806738315,7.215042806738315,346.3220547234391,78.8858739900661,54.48299987365855,18.656669554418436,2,5,0.07103334931381458,0.0,0.0,0.0,1.0473441627326734,1.0,7.101624409901016,single_resource,quantum_link
direct_coherent_remote_cx,direct_coherent_remote_cx__share_quantum_link,dense_periodic,9,48,0.16666666666666666,0.0,0.0,6.147030875810079,6.147030875810079,295.0574820388838,71.353981170299,47.80593785177538,16.40886549781173,2,5,0.055018399962838305,0.0,0.0,0.0,1.0532108267178,1.0,7.981624007669991,single_resource,quantum_link
direct_coherent_remote_cx,direct_coherent_remote_cx__share_quantum_link,synchronization_bursty,0,48,0.20833333333333334,0.0,0.0,6.799145767600038,6.799145767600038,326.3589968448018,65.2135912367894,51.15779715751003,16.643442337025128,1,10,-0.17104508672553378,0.0,0.0,0.0,1.0486593278695637,1.0,15.776197097232592,single_resource,quantum_link
direct_coherent_remote_cx,direct_coherent_remote_cx__share_quantum_link,synchronization_bursty,1,48,0.22916666666666666,0.0,0.0,6.053955964279794,6.053955964279794,290.5898862854301,73.21484047924787,38.421498296157914,16.040800268177648,1,11,-0.14591098976269576,0.0,0.0,0.0,1.0440969148955155,1.0,14.654833961401621,single_resource,quantum_link
direct_coherent_remote_cx,direct_coherent_remote_cx__share_quantum_link,synchronization_bursty,2,48,0.25,0.0,0.0,8.71605745597534,8.71605745597534,418.37075788681636,75.24045563066466,62.93570772990711,20.0734247087003,1,12,-0.19332421155387125,0.0,0.0,0.0,1.037084743950251,1.0,11.507930818095247,single_resource,quantum_link
direct_coherent_remote_cx,direct_coherent_remote_cx__share_quantum_link,synchronization_bursty,3,48,0.22916666666666666,0.0,0.0,5.716273027046213,5.716273027046213,274.38110529821824,68.46968435812232,37.35638945079435,15.213074324958981,1,11,-0.1446245096851792,0.0,0.0,0.0,1.0476789838433929,1.0,15.757500510513598,single_resource,quantum_link
direct_coherent_remote_cx,direct_coherent_remote_cx__share_quantum_link,synchronization_bursty,4,48,0.22916666666666666,0.0,0.0,7.605597497035234,7.605597497035234,365.0686798576912,71.78559751918874,61.14186553983933,18.710839381744464,1,11,-0.169337424115272,0.0,0.0,0.0,1.0443234831215913,1.0,14.654635338260801,single_resource,quantum_link
direct_coherent_remote_cx,direct_coherent_remote_cx__share_quantum_link,synchronization_bursty,5,48,0.22916666666666666,0.0,0.0,5.631996246558913,5.631996246558913,270.3358198348278,65.58272940361621,37.95928406088424,14.676158606587908,1,11,-0.1508711536353032,0.0,0.0,0.0,1.05127149366636,1.0034259571847801,17.063580946793486,single_resource,quantum_link
direct_coherent_remote_cx,direct_coherent_remote_cx__share_quantum_link,synchronization_bursty,6,48,0.20833333333333334,0.0,0.0,5.769667741982019,5.769667741982019,276.9440516151369,55.513616575739434,44.15668849072613,14.112734179443475,1,10,-0.17130492087360824,0.0,0.0,0.0,1.050056726277002,1.0,15.408080157404386,single_resource,quantum_link
direct_coherent_remote_cx,direct_coherent_remote_cx__share_quantum_link,synchronization_bursty,7,48,0.25,0.0,0.0,8.245915425574845,8.245915425574845,395.8039404275926,73.46209030398313,59.15119048885368,19.079188172792072,1,12,-0.19152735116916103,0.0,0.0,0.0,1.0385415348995757,1.0,12.063009938465054,single_resource,quantum_link
direct_coherent_remote_cx,direct_coherent_remote_cx__share_quantum_link,synchronization_bursty,8,48,0.22916666666666666,0.0,0.0,7.958225776190024,7.958225776190024,381.99483725712116,70.72622372219848,59.361251192649945,18.833736898800232,1,11,-0.18304416559468598,0.0,0.0,0.0,1.0409868497585668,1.0,13.208901996539115,single_resource,quantum_link
direct_coherent_remote_cx,direct_coherent_remote_cx__share_quantum_link,synchronization_bursty,9,48,0.25,0.0,0.0,5.896408404970747,5.896408404970747,283.02760343859586,52.700836196037926,40.970532480274834,13.21425082928748,1,12,-0.20421006009204157,0.0,0.0,0.0,1.0655936516432487,1.0009375564779075,20.443051135183094,single_resource,quantum_link
direct_coherent_remote_cx,direct_coherent_remote_cx__share_reset,sparse_periodic,0,48,0.0,0.0,0.0,0.0,0.0,0.0,0.0,0.0,0.0,0,0,0.0,0.0,0.0,0.0,1.0,1.0,0.0,single_resource,reset
direct_coherent_remote_cx,direct_coherent_remote_cx__share_reset,sparse_periodic,1,48,0.0,0.0,0.0,0.0,0.0,0.0,0.0,0.0,0.0,0,0,0.0,0.0,0.0,0.0,1.0,1.0,0.0,single_resource,reset
direct_coherent_remote_cx,direct_coherent_remote_cx__share_reset,sparse_periodic,2,48,0.0,0.0,0.0,0.0,0.0,0.0,0.0,0.0,0.0,0,0,0.0,0.0,0.0,0.0,1.0,1.0,0.0,single_resource,reset
direct_coherent_remote_cx,direct_coherent_remote_cx__share_reset,sparse_periodic,3,48,0.0,0.0,0.0,0.0,0.0,0.0,0.0,0.0,0.0,0,0,0.0,0.0,0.0,0.0,1.0,1.0,0.0,single_resource,reset
direct_coherent_remote_cx,direct_coherent_remote_cx__share_reset,sparse_periodic,4,48,0.0,0.0,0.0,0.0,0.0,0.0,0.0,0.0,0.0,0,0,0.0,0.0,0.0,0.0,1.0,1.0,0.0,single_resource,reset
direct_coherent_remote_cx,direct_coherent_remote_cx__share_reset,sparse_periodic,5,48,0.0,0.0,0.0,0.0,0.0,0.0,0.0,0.0,0.0,0,0,0.0,0.0,0.0,0.0,1.0,1.0,0.0,single_resource,reset
direct_coherent_remote_cx,direct_coherent_remote_cx__share_reset,sparse_periodic,6,48,0.0,0.0,0.0,0.0,0.0,0.0,0.0,0.0,0.0,0,0,0.0,0.0,0.0,0.0,1.0,1.0,0.0,single_resource,reset
direct_coherent_remote_cx,direct_coherent_remote_cx__share_reset,sparse_periodic,7,48,0.0,0.0,0.0,0.0,0.0,0.0,0.0,0.0,0.0,0,0,0.0,0.0,0.0,0.0,1.0,1.0,0.0,single_resource,reset
direct_coherent_remote_cx,direct_coherent_remote_cx__share_reset,sparse_periodic,8,48,0.0,0.0,0.0,0.0,0.0,0.0,0.0,0.0,0.0,0,0,0.0,0.0,0.0,0.0,1.0,1.0,0.0,single_resource,reset
direct_coherent_remote_cx,direct_coherent_remote_cx__share_reset,sparse_periodic,9,48,0.0,0.0,0.0,0.0,0.0,0.0,0.0,0.0,0.0,0,0,0.0,0.0,0.0,0.0,1.0,1.0,0.0,single_resource,reset
direct_coherent_remote_cx,direct_coherent_remote_cx__share_reset,dense_periodic,0,48,0.0,0.0,0.0,0.0,0.0,0.0,0.0,0.0,0.0,0,0,0.0,0.0,0.0,0.0,1.0,1.0,0.0,single_resource,reset
direct_coherent_remote_cx,direct_coherent_remote_cx__share_reset,dense_periodic,1,48,0.0,0.0,0.0,0.0,0.0,0.0,0.0,0.0,0.0,0,0,0.0,0.0,0.0,0.0,1.0,1.0,0.0,single_resource,reset
direct_coherent_remote_cx,direct_coherent_remote_cx__share_reset,dense_periodic,2,48,0.0,0.0,0.0,0.0,0.0,0.0,0.0,0.0,0.0,0,0,0.0,0.0,0.0,0.0,1.0,1.0,0.0,single_resource,reset
direct_coherent_remote_cx,direct_coherent_remote_cx__share_reset,dense_periodic,3,48,0.0,0.0,0.0,0.0,0.0,0.0,0.0,0.0,0.0,0,0,0.0,0.0,0.0,0.0,1.0,1.0,0.0,single_resource,reset
direct_coherent_remote_cx,direct_coherent_remote_cx__share_reset,dense_periodic,4,48,0.0,0.0,0.0,0.0,0.0,0.0,0.0,0.0,0.0,0,0,0.0,0.0,0.0,0.0,1.0,1.0,0.0,single_resource,reset
direct_coherent_remote_cx,direct_coherent_remote_cx__share_reset,dense_periodic,5,48,0.0,0.0,0.0,0.0,0.0,0.0,0.0,0.0,0.0,0,0,0.0,0.0,0.0,0.0,1.0,1.0,0.0,single_resource,reset
direct_coherent_remote_cx,direct_coherent_remote_cx__share_reset,dense_periodic,6,48,0.0,0.0,0.0,0.0,0.0,0.0,0.0,0.0,0.0,0,0,0.0,0.0,0.0,0.0,1.0,1.0,0.0,single_resource,reset
direct_coherent_remote_cx,direct_coherent_remote_cx__share_reset,dense_periodic,7,48,0.0,0.0,0.0,0.0,0.0,0.0,0.0,0.0,0.0,0,0,0.0,0.0,0.0,0.0,1.0,1.0,0.0,single_resource,reset
direct_coherent_remote_cx,direct_coherent_remote_cx__share_reset,dense_periodic,8,48,0.0,0.0,0.0,0.0,0.0,0.0,0.0,0.0,0.0,0,0,0.0,0.0,0.0,0.0,1.0,1.0,0.0,single_resource,reset
direct_coherent_remote_cx,direct_coherent_remote_cx__share_reset,dense_periodic,9,48,0.0,0.0,0.0,0.0,0.0,0.0,0.0,0.0,0.0,0,0,0.0,0.0,0.0,0.0,1.0,1.0,0.0,single_resource,reset
direct_coherent_remote_cx,direct_coherent_remote_cx__share_reset,synchronization_bursty,0,48,0.0,0.0,0.0,0.0,0.0,0.0,0.0,0.0,0.0,0,0,0.0,0.0,0.0,0.0,1.0379132192026526,1.0,16.735533424321797,single_resource,reset
direct_coherent_remote_cx,direct_coherent_remote_cx__share_reset,synchronization_bursty,1,48,0.0,0.0,0.0,0.0,0.0,0.0,0.0,0.0,0.0,0,0,0.0,0.0,0.0,0.0,1.037680743697233,1.0,17.092172067725233,single_resource,reset
direct_coherent_remote_cx,direct_coherent_remote_cx__share_reset,synchronization_bursty,2,48,0.0,0.0,0.0,0.0,0.0,0.0,0.0,0.0,0.0,0,0,0.0,0.0,0.0,0.0,1.0380368580991661,1.0,17.302977486903576,single_resource,reset
direct_coherent_remote_cx,direct_coherent_remote_cx__share_reset,synchronization_bursty,3,48,0.0,0.0,0.0,0.0,0.0,0.0,0.0,0.0,0.0,0,0,0.0,0.0,0.0,0.0,1.039207422474422,1.0,17.798132176502403,single_resource,reset
direct_coherent_remote_cx,direct_coherent_remote_cx__share_reset,synchronization_bursty,4,48,0.0,0.0,0.0,0.0,0.0,0.0,0.0,0.0,0.0,0,0,0.0,0.0,0.0,0.0,1.0370332011882577,1.0,16.617726557444506,single_resource,reset
direct_coherent_remote_cx,direct_coherent_remote_cx__share_reset,synchronization_bursty,5,48,0.0,0.0,0.0,0.0,0.0,0.0,0.0,0.0,0.0,0,0,0.0,0.0,0.0,0.0,1.042464540892769,1.0,19.211317808663196,single_resource,reset
direct_coherent_remote_cx,direct_coherent_remote_cx__share_reset,synchronization_bursty,6,48,0.0,0.0,0.0,0.0,0.0,0.0,0.0,0.0,0.0,0,0,0.0,0.0,0.0,0.0,1.0400381919809405,1.0,17.4091896958414,single_resource,reset
direct_coherent_remote_cx,direct_coherent_remote_cx__share_reset,synchronization_bursty,7,48,0.0,0.0,0.0,0.0,0.0,0.0,0.0,0.0,0.0,0,0,0.0,0.0,0.0,0.0,1.0393028597314506,1.0,17.937489222436145,single_resource,reset
direct_coherent_remote_cx,direct_coherent_remote_cx__share_reset,synchronization_bursty,8,48,0.0,0.0,0.0,0.0,0.0,0.0,0.0,0.0,0.0,0,0,0.0,0.0,0.0,0.0,1.0342557781544812,1.0,14.992503458850884,single_resource,reset
direct_coherent_remote_cx,direct_coherent_remote_cx__share_reset,synchronization_bursty,9,48,0.0,0.0,0.0,0.0,0.0,0.0,0.0,0.0,0.0,0,0,0.0,0.0,0.0,0.0,1.0531529754435787,1.0,24.14317514906132,single_resource,reset
direct_coherent_remote_cx,direct_coherent_remote_cx__share_interconnect_stack,sparse_periodic,0,48,0.125,0.0,0.0,4.234237151743268,4.234237151743268,203.24338328367685,65.10851440595434,41.51983778079199,15.379131066505906,1,6,-0.07754095562660902,0.0,0.0,0.0,1.0659190797245761,1.0,9.887861958686429,protocol_stack,quantum_link+switch_path
direct_coherent_remote_cx,direct_coherent_remote_cx__share_interconnect_stack,sparse_periodic,1,48,0.125,0.0,0.0,5.511758174748081,5.511758174748081,264.5643923879079,75.54761747710108,53.03125835631445,18.065777744653673,1,6,-0.09525139064294502,0.0,0.0,0.0,1.0517015636785507,1.0,7.755234551782636,protocol_stack,quantum_link+switch_path
direct_coherent_remote_cx,direct_coherent_remote_cx__share_interconnect_stack,sparse_periodic,2,48,0.125,0.0,0.0,3.979192390299128,3.979192390299128,191.00123473435815,62.99931050742089,39.85684125045965,14.847221939657416,1,6,-0.0734694996977857,0.0,0.0,0.0,1.0717384617884158,1.0,10.760769268262367,protocol_stack,quantum_link+switch_path
direct_coherent_remote_cx,direct_coherent_remote_cx__share_interconnect_stack,sparse_periodic,3,48,0.0625,0.0,0.0,3.6323566329569794,3.6323566329569794,174.35311838193502,60.44705130349121,36.79941417660976,14.074251457565836,1,3,-0.06812172646379004,0.0,0.0,0.0,1.0790310515722068,1.0,11.854657735831028,protocol_stack,quantum_link+switch_path
direct_coherent_remote_cx,direct_coherent_remote_cx__share_interconnect_stack,sparse_periodic,4,48,0.0625,0.0,0.0,2.395028615573343,2.395028615573343,114.96137354752045,40.081079815568955,23.893050437513686,9.282168784759426,1,3,-0.06808971180007926,0.0,0.0,0.0,1.1138850265182703,1.0,17.082753977740552,protocol_stack,quantum_link+switch_path
direct_coherent_remote_cx,direct_coherent_remote_cx__share_interconnect_stack,sparse_periodic,5,48,0.10416666666666667,0.0,0.0,3.863936112275875,3.863936112275875,185.468933389242,61.67996789620884,39.22467951349819,14.516725236337383,1,5,-0.07246379645614032,0.0,0.0,0.0,1.066361053001379,1.0,9.954157950206813,protocol_stack,quantum_link+switch_path
direct_coherent_remote_cx,direct_coherent_remote_cx__share_interconnect_stack,sparse_periodic,6,48,0.0625,0.0,0.0,2.481375897884732,2.481375897884732,119.10604309846713,41.9043579664758,24.66297904491661,9.619147399913912,1,3,-0.06805666541924572,0.0,0.0,0.0,1.1051384351564648,1.0,15.770765273469722,protocol_stack,quantum_link+switch_path
direct_coherent_remote_cx,direct_coherent_remote_cx__share_interconnect_stack,sparse_periodic,7,48,0.0625,0.0,0.0,2.30594026496586,2.30594026496586,110.68513271836127,39.29309204859055,22.787916858850025,8.94187107871058,1,3,-0.06801389044381903,0.0,0.0,0.0,1.1082879353177717,1.0,16.243190297665734,protocol_stack,quantum_link+switch_path
direct_coherent_remote_cx,direct_coherent_remote_cx__share_interconnect_stack,sparse_periodic,8,48,0.14583333333333334,0.0,0.0,5.995891111095948,5.995891111095948,287.8027733326055,75.94035176669672,54.513578631165736,18.40164178899283,1,7,-0.1086725468773619,0.0,0.0,0.0,1.051256902421709,1.0,7.688535363256381,protocol_stack,quantum_link+switch_path
direct_coherent_remote_cx,direct_coherent_remote_cx__share_interconnect_stack,sparse_periodic,9,48,0.125,0.0,0.0,6.2110327139326955,6.2110327139326955,298.1295702687694,82.61733492523126,57.38650483780103,19.676023794601505,1,6,-0.1019807160906937,0.0,0.0,0.0,1.045887878535536,1.0,6.883181780330398,protocol_stack,quantum_link+switch_path
direct_coherent_remote_cx,direct_coherent_remote_cx__share_interconnect_stack,dense_periodic,0,48,0.20833333333333334,0.0,0.0,10.648401933258432,10.648401933258432,511.1232927964047,93.78600394066962,73.79409321191818,24.53938539570375,2,5,0.19493207919239908,0.0,0.0,0.0,1.0711453984907486,1.0022937654540878,10.671809773612294,protocol_stack,quantum_link+switch_path
direct_coherent_remote_cx,direct_coherent_remote_cx__share_interconnect_stack,dense_periodic,1,48,0.20833333333333334,0.0,0.0,9.041409594486646,9.041409594486646,433.98766053535905,88.67449186314957,63.90441606667159,21.89064383477398,2,5,0.1424786010336396,0.0,0.0,0.0,1.0750082546257491,1.0,11.251238193862372,protocol_stack,quantum_link+switch_path
direct_coherent_remote_cx,direct_coherent_remote_cx__share_interconnect_stack,dense_periodic,2,48,0.1875,0.0,0.0,8.507529485606028,8.507529485606028,408.36141530908935,84.03121425698737,60.666974265359464,21.00348609655865,2,5,0.12642333161124053,0.0,0.0,0.0,1.07388070709327,1.0,11.082106063990512,protocol_stack,quantum_link+switch_path
direct_coherent_remote_cx,direct_coherent_remote_cx__share_interconnect_stack,dense_periodic,3,48,0.20833333333333334,0.0,0.0,10.425363986305065,10.425363986305065,500.4174713426431,92.1246575821242,71.6654290818671,24.013486544776764,2,5,0.18261856284776806,0.0,0.0,0.0,1.0650053107046022,1.0,9.750796605690349,protocol_stack,quantum_link+switch_path
direct_coherent_remote_cx,direct_coherent_remote_cx__share_interconnect_stack,dense_periodic,4,48,0.20833333333333334,0.0,0.0,10.702495974113447,10.702495974113447,513.7198067574454,93.59092885997597,72.36119119307402,24.553512479519426,2,5,0.18697060387766307,0.0,0.0,0.0,1.0603326402299362,1.0,9.04989603449044,protocol_stack,quantum_link+switch_path
direct_coherent_remote_cx,direct_coherent_remote_cx__share_interconnect_stack,dense_periodic,5,48,0.1875,0.0,0.0,9.385187714392032,9.385187714392032,450.48901029081753,91.52710712440785,66.12205908114665,22.567445969652855,2,5,0.14670332511854442,0.0,0.0,0.0,1.0712760933187597,1.0,10.691413997813957,protocol_stack,quantum_link+switch_path
direct_coherent_remote_cx,direct_coherent_remote_cx__share_interconnect_stack,dense_periodic,6,48,0.20833333333333334,0.0,0.0,9.397884606498641,9.397884606498641,451.09846111193474,89.85350204819406,66.31314931359454,22.488606169362793,2,5,0.15158904496589357,0.0,0.0,0.0,1.0719691849172543,1.0,10.79537773758814,protocol_stack,quantum_link+switch_path
direct_coherent_remote_cx,direct_coherent_remote_cx__share_interconnect_stack,dense_periodic,7,48,0.1875,0.0,0.0,9.163530996138235,9.163530996138235,439.84948781463527,90.4692718595943,65.73653465572013,22.08998233851664,2,5,0.13969724773979714,0.0,0.0,0.0,1.0721603090236043,1.0,10.824046353540629,protocol_stack,quantum_link+switch_path
direct_coherent_remote_cx,direct_coherent_remote_cx__share_interconnect_stack,dense_periodic,8,48,0.20833333333333334,0.0,0.0,9.978244325371973,9.978244325371973,478.9557276178547,93.8858739900661,69.48299987365854,23.6088103401679,2,5,0.15667677187452617,0.0,0.0,0.0,1.0672865511784786,1.0,10.092982676771797,protocol_stack,quantum_link+switch_path
direct_coherent_remote_cx,direct_coherent_remote_cx__share_interconnect_stack,dense_periodic,9,48,0.1875,0.0,0.0,8.780944462447925,8.780944462447925,421.4853341975004,86.353981170299,62.80593785177538,21.27683183352456,2,5,0.14474508549608833,0.0,0.0,0.0,1.0746278092793844,1.0,11.194171391907645,protocol_stack,quantum_link+switch_path
direct_coherent_remote_cx,direct_coherent_remote_cx__share_interconnect_stack,synchronization_bursty,0,48,0.22916666666666666,0.0,0.0,11.48088059760021,11.48088059760021,551.0822686848101,80.2135912367894,66.15779715751003,22.979065472979823,1,11,-0.25629598400569004,0.0,0.0,0.0,1.0667067069217397,1.0,21.451872772908267,protocol_stack,quantum_link+switch_path
direct_coherent_remote_cx,direct_coherent_remote_cx__share_interconnect_stack,synchronization_bursty,1,48,0.22916666666666666,0.0,0.0,11.364593766911904,11.364593766911904,545.5005008117714,88.21484047924787,53.421498296157914,22.79838957428089,1,11,-0.2551203113835644,0.0,0.0,0.0,1.0654948615436257,1.0,21.755392620682745,protocol_stack,quantum_link+switch_path
direct_coherent_remote_cx,direct_coherent_remote_cx__share_interconnect_stack,synchronization_bursty,2,48,0.25,0.0,0.0,14.229653208311149,14.229653208311149,683.0233539989351,90.24045563066466,77.93570772990711,26.64751853837927,1,12,-0.29299578662331327,0.0,0.0,0.0,1.056923080360101,1.0006117398861032,17.744561474709435,protocol_stack,quantum_link+switch_path
direct_coherent_remote_cx,direct_coherent_remote_cx__share_interconnect_stack,synchronization_bursty,3,48,0.22916666666666666,0.0,0.0,11.028773027046213,11.028773027046213,529.3811052982182,83.46968435812232,52.35638945079435,22.077256715129863,1,11,-0.2562239132328617,0.0,0.0,0.0,1.0690395807442548,1.0,22.862763668408334,protocol_stack,quantum_link+switch_path
direct_coherent_remote_cx,direct_coherent_remote_cx__share_interconnect_stack,synchronization_bursty,4,48,0.22916666666666666,0.0,0.0,12.56426552282567,12.56426552282567,603.0847450956321,86.78559751918874,76.14186553983933,25.084341366446964,1,11,-0.257594519597873,0.0,0.0,0.0,1.0640403914259438,1.0,21.04254890149617,protocol_stack,quantum_link+switch_path
direct_coherent_remote_cx,direct_coherent_remote_cx__share_interconnect_stack,synchronization_bursty,5,48,0.22916666666666666,0.0,0.0,10.944496246558913,10.944496246558913,525.3358198348278,80.58272940361621,52.95928406088424,21.67312627363213,1,11,-0.2618511881968343,0.0,0.0,0.0,1.0738051412631433,1.004222236096226,24.563580946793486,protocol_stack,quantum_link+switch_path
direct_coherent_remote_cx,direct_coherent_remote_cx__share_interconnect_stack,synchronization_bursty,6,48,0.22916666666666666,0.0,0.0,10.35719691436264,10.35719691436264,497.1454518894068,70.51361657573943,59.15668849072613,20.797965951988473,1,11,-0.2546148540291896,0.0,0.0,0.0,1.0690834387910848,1.0,21.34401915901804,protocol_stack,quantum_link+switch_path
direct_coherent_remote_cx,direct_coherent_remote_cx__share_interconnect_stack,synchronization_bursty,7,48,0.25,0.0,0.0,13.846322428356212,13.846322428356212,664.6234765610982,88.46209030398313,74.15119048885367,25.77855076435194,1,12,-0.2964622126856391,0.0,0.0,0.0,1.059147037635813,1.0007844435617863,18.625140248766407,protocol_stack,quantum_link+switch_path
direct_coherent_remote_cx,direct_coherent_remote_cx__share_interconnect_stack,synchronization_bursty,8,48,0.22916666666666666,0.0,0.0,12.645725776190025,12.645725776190025,606.9948372571212,85.72622372219848,74.36125119264995,25.09358276446687,1,11,-0.26077056526953163,0.0,0.0,0.0,1.0589658436666618,1.0,18.822380400423878,protocol_stack,quantum_link+switch_path
direct_coherent_remote_cx,direct_coherent_remote_cx__share_interconnect_stack,synchronization_bursty,9,48,0.25,0.0,0.0,11.57438373897545,11.57438373897545,555.5704194708217,67.70083619603793,55.970532480274834,20.84558155728341,1,12,-0.3169342941986144,0.0,0.0,0.0,1.0871681663407156,1.001733673135195,27.404708231371867,protocol_stack,quantum_link+switch_path
direct_coherent_remote_cx,direct_coherent_remote_cx__all_used_shared,sparse_periodic,0,48,0.5833333333333334,0.0,0.0,73.46847430348653,73.46847430348653,3526.4867665673537,240.10851440595434,216.519837780792,74.23759840842904,4,19,-0.6356174025182484,0.0,0.0,0.0,1.6161764859191137,1.005930749478302,92.42647288786704,all_used_shared,endpoint+quantum_link+reset+switch_path
direct_coherent_remote_cx,direct_coherent_remote_cx__all_used_shared,sparse_periodic,1,48,0.5833333333333334,0.0,0.0,76.6152428667001,76.6152428667001,3677.531657601605,250.54761747710108,228.03125835631445,76.81728029349702,4,19,-0.5854751507550959,0.0,0.0,0.0,1.5192264352947797,1.0,77.88396529421694,all_used_shared,endpoint+quantum_link+reset+switch_path
direct_coherent_remote_cx,direct_coherent_remote_cx__all_used_shared,sparse_periodic,2,48,0.5833333333333334,0.0,0.0,72.95838478059825,72.95838478059825,3502.0024694687163,237.9993105074209,214.85684125045964,73.8075130940932,4,19,-0.6476226482728444,0.0,0.0,0.0,1.6316781125692952,1.0061735103335383,94.75171688539427,all_used_shared,endpoint+quantum_link+reset+switch_path
direct_coherent_remote_cx,direct_coherent_remote_cx__all_used_shared,sparse_periodic,3,48,0.5833333333333334,0.0,0.0,71.84909047701471,71.84909047701471,3448.756342896706,235.4470513034912,210.66353585861597,73.05967900453113,4,19,-0.6718908608829576,0.0,0.0,0.0,1.6455366812927437,1.0063816899610807,96.83050219391161,all_used_shared,endpoint+quantum_link+reset+switch_path
direct_coherent_remote_cx,direct_coherent_remote_cx__all_used_shared,sparse_periodic,4,48,0.6041666666666666,0.0,0.0,67.75100455390994,67.75100455390994,3252.0482185876767,215.08107981556896,191.70927969474934,70.36040764050348,4,19,-0.7763195245020433,0.0,0.0,0.0,1.6651155460496325,1.0,99.76733190744488,all_used_shared,endpoint+quantum_link+reset+switch_path
direct_coherent_remote_cx,direct_coherent_remote_cx__all_used_shared,sparse_periodic,5,48,0.5833333333333334,0.0,0.0,72.72388314361586,72.72388314361586,3490.7463908935615,236.67996789620884,214.2246795134982,73.57713271715207,4,19,-0.6533086553300935,0.0,0.0,0.0,1.5934945054294614,1.00331160536745,89.02417581441918,all_used_shared,endpoint+quantum_link+reset+switch_path
direct_coherent_remote_cx,direct_coherent_remote_cx__all_used_shared,sparse_periodic,6,48,0.5833333333333334,0.0,0.0,67.57957704767966,67.57957704767966,3243.819698288624,216.9043579664758,193.66807458565393,69.98843206620535,4,19,-0.7618912101036236,0.0,0.0,0.0,1.6790786263889392,1.0045160403783238,101.86179395834087,all_used_shared,endpoint+quantum_link+reset+switch_path
direct_coherent_remote_cx,direct_coherent_remote_cx__all_used_shared,sparse_periodic,7,48,0.5833333333333334,0.0,0.0,66.8073889066395,66.8073889066395,3206.754667518696,214.29309204859055,190.5343144424299,69.557751754795,4,19,-0.7757369276556112,0.0,0.0,0.0,1.7096826269569916,1.0042895612256042,106.45239404354874,all_used_shared,endpoint+quantum_link+reset+switch_path
direct_coherent_remote_cx,direct_coherent_remote_cx__all_used_shared,sparse_periodic,8,48,0.6041666666666666,0.0,0.0,79.2741124613129,79.2741124613129,3805.1573981430192,250.94035176669672,229.51357863116573,77.9398471445048,4,19,-0.585074948302439,0.0,0.0,0.0,1.516554621083244,1.0,77.48319316248659,all_used_shared,endpoint+quantum_link+reset+switch_path
direct_coherent_remote_cx,direct_coherent_remote_cx__all_used_shared,sparse_periodic,9,48,0.5833333333333334,0.0,0.0,78.67663912934805,78.67663912934805,3776.4786782087062,257.61733492523126,232.38650483780103,78.56490148998628,4,19,-0.5633291412021376,0.0,0.0,0.0,1.4931363010414784,1.0,73.97044515622179,all_used_shared,endpoint+quantum_link+reset+switch_path
direct_coherent_remote_cx,direct_coherent_remote_cx__all_used_shared,dense_periodic,0,48,0.9791666666666666,0.0,0.0,2251.875,2251.875,108090.0,4440.0,4258.5,1278.0317814416824,47,1,0.9978100801763207,0.0,0.0,0.0,16.0735069018411,1.2267689373749073,2261.026035276165,all_used_shared,endpoint+quantum_link+reset+switch_path
direct_coherent_remote_cx,direct_coherent_remote_cx__all_used_shared,dense_periodic,1,48,0.9791666666666666,0.0,0.0,2142.640045268085,2142.640045268085,102846.72217286809,4333.5472802737895,4051.5472802737895,1259.845852303237,47,1,0.9976893253478171,0.0,0.0,0.0,15.410743312540804,1.2172857961816521,2161.611496881121,all_used_shared,endpoint+quantum_link+reset+switch_path
direct_coherent_remote_cx,direct_coherent_remote_cx__all_used_shared,dense_periodic,2,48,0.9791666666666666,0.0,0.0,2206.875,2206.875,105930.0,4290.0,4138.5,1268.2897872233302,47,1,0.9977608532219491,0.0,0.0,0.0,15.931730331525122,1.2232593297216765,2239.759549728768,all_used_shared,endpoint+quantum_link+reset+switch_path
direct_coherent_remote_cx,direct_coherent_remote_cx__all_used_shared,dense_periodic,3,48,0.9791666666666666,0.0,0.0,2164.594209285683,2164.594209285683,103900.52204571279,4378.947277568357,4096.947277568357,1264.7102989346383,47,1,0.997646018569521,0.0,0.0,0.0,15.57732588867321,1.217182914229072,2186.5988833009824,all_used_shared,endpoint+quantum_link+reset+switch_path
direct_coherent_remote_cx,direct_coherent_remote_cx__all_used_shared,dense_periodic,4,48,0.9791666666666666,0.0,0.0,2223.75,2223.75,106740.0,4320.0,4189.5,1271.342179548842,47,1,0.9977764549911414,0.0,0.0,0.0,15.943069168397583,1.2242276602253954,2241.4603752596367,all_used_shared,endpoint+quantum_link+reset+switch_path
direct_coherent_remote_cx,direct_coherent_remote_cx__all_used_shared,dense_periodic,5,48,0.9791666666666666,0.0,0.0,2161.875,2161.875,103770.0,4290.0,4018.5,1256.056421652706,47,1,0.9977076606023887,0.0,0.0,0.0,15.719526140714564,1.2189268287299895,2207.9289211071846,all_used_shared,endpoint+quantum_link+reset+switch_path
direct_coherent_remote_cx,direct_coherent_remote_cx__all_used_shared,dense_periodic,6,48,0.9791666666666666,0.0,0.0,2132.7079465001416,2132.7079465001416,102369.9814320068,4311.914498553335,4029.914498553335,1265.5872254468059,47,1,0.9977312711929428,0.0,0.0,0.0,15.30726156357884,1.2172708300229833,2146.0892345368247,all_used_shared,endpoint+quantum_link+reset+switch_path
direct_coherent_remote_cx,direct_coherent_remote_cx__all_used_shared,dense_periodic,7,48,0.9791666666666666,0.0,0.0,2136.983674320823,2136.983674320823,102575.2163673995,4316.281199306373,4034.2811993063733,1265.740673116395,47,1,0.9977282207157975,0.0,0.0,0.0,15.339643036821103,1.2176415933141753,2150.946455523167,all_used_shared,endpoint+quantum_link+reset+switch_path
direct_coherent_remote_cx,direct_coherent_remote_cx__all_used_shared,dense_periodic,8,48,0.9791666666666666,0.0,0.0,2154.0424951610316,2154.0424951610316,103394.03976772953,4356.681697185733,4074.6816971857334,1265.9502491901765,47,1,0.9976848890840544,0.0,0.0,0.0,15.486969748178378,1.2171797835288158,2173.0454622267575,all_used_shared,endpoint+quantum_link+reset+switch_path
direct_coherent_remote_cx,direct_coherent_remote_cx__all_used_shared,dense_periodic,9,48,0.9791666666666666,0.0,0.0,2184.375,2184.375,104850.0,4290.0,4069.5,1257.7011208450917,47,1,0.9977163933111268,0.0,0.0,0.0,15.829307813865977,1.2211608738010662,2224.3961720798966,all_used_shared,endpoint+quantum_link+reset+switch_path
direct_coherent_remote_cx,direct_coherent_remote_cx__all_used_shared,synchronization_bursty,0,48,0.9791666666666666,0.0,0.0,1599.375,1599.375,76770.0,3120.0,2799.0,814.0214121108854,47,1,0.9266428773334338,0.0,0.0,0.0,6.385607791256712,1.136260840901478,1382.0338857014085,all_used_shared,endpoint+quantum_link+reset+switch_path
direct_coherent_remote_cx,direct_coherent_remote_cx__all_used_shared,synchronization_bursty,1,48,0.9791666666666666,0.0,0.0,1644.375,1644.375,78930.0,3120.0,2878.5,822.1691488830021,47,1,0.9282079135282119,0.0,0.0,0.0,6.558094197316089,1.13854431351653,1443.4517749254067,all_used_shared,endpoint+quantum_link+reset+switch_path
direct_coherent_remote_cx,direct_coherent_remote_cx__all_used_shared,synchronization_bursty,2,48,0.9791666666666666,0.0,0.0,1567.727588946863,1567.727588946863,75250.92426944943,2995.126048286158,2753.626048286158,785.230787231279,47,1,0.9098387147671866,0.0,0.0,0.0,5.942305053210289,1.1402272624109153,1314.1058697452102,all_used_shared,endpoint+quantum_link+reset+switch_path
direct_coherent_remote_cx,direct_coherent_remote_cx__all_used_shared,synchronization_bursty,3,48,0.9791666666666666,0.0,0.0,1644.375,1644.375,78930.0,3120.0,2878.5,822.1691488830021,47,1,0.9282079135282119,0.0,0.0,0.0,6.562490949348636,1.1387749526535496,1446.1330797533853,all_used_shared,endpoint+quantum_link+reset+switch_path
direct_coherent_remote_cx,direct_coherent_remote_cx__all_used_shared,synchronization_bursty,4,48,0.9791666666666666,0.0,0.0,1576.875,1576.875,75690.0,2970.0,2799.0,797.2116935764302,47,1,0.9233050879871174,0.0,0.0,0.0,5.989226206859957,1.1438153871818177,1335.7712916166429,all_used_shared,endpoint+quantum_link+reset+switch_path
direct_coherent_remote_cx,direct_coherent_remote_cx__all_used_shared,synchronization_bursty,5,48,0.9791666666666666,0.0,0.0,1565.625,1565.625,75150.0,2970.0,2799.0,790.3556853562831,47,1,0.9166873650626983,0.0,0.0,0.0,5.97066176932888,1.142509340384011,1326.623559459888,all_used_shared,endpoint+quantum_link+reset+switch_path
direct_coherent_remote_cx,direct_coherent_remote_cx__all_used_shared,synchronization_bursty,6,48,0.9791666666666666,0.0,0.0,1616.25,1616.25,77580.0,3120.0,2878.5,820.981691330568,47,1,0.9279660869715705,0.0,0.0,0.0,6.445670952437612,1.1380424667190452,1398.1010418700073,all_used_shared,endpoint+quantum_link+reset+switch_path
direct_coherent_remote_cx,direct_coherent_remote_cx__all_used_shared,synchronization_bursty,7,48,0.9791666666666666,0.0,0.0,1563.9665691001774,1563.9665691001774,75070.39531680851,2991.285006740607,2749.785006740607,785.0711978725242,47,1,0.9098646171722029,0.0,0.0,0.0,5.940256217268857,1.140191726425946,1312.944088240526,all_used_shared,endpoint+quantum_link+reset+switch_path
direct_coherent_remote_cx,direct_coherent_remote_cx__all_used_shared,synchronization_bursty,8,48,0.9791666666666666,0.0,0.0,1593.75,1593.75,76500.0,3120.0,2799.0,810.6392153726589,47,1,0.9259885109691695,0.0,0.0,0.0,6.376646369741106,1.1359725802762553,1382.026462599906,all_used_shared,endpoint+quantum_link+reset+switch_path
direct_coherent_remote_cx,direct_coherent_remote_cx__all_used_shared,synchronization_bursty,9,48,0.9791666666666666,0.0,0.0,1543.9820256677885,1543.9820256677885,74111.13723205385,2970.8752602564637,2729.3752602564637,784.2290969492345,47,1,0.9099952952379223,0.0,0.0,0.0,5.933174799513203,1.1400390532353961,1311.1468650210222,all_used_shared,endpoint+quantum_link+reset+switch_path
entanglement_assisted_remote_cx,entanglement_assisted_remote_cx__isolated,sparse_periodic,0,48,0.0,0.0,0.0,0.0,0.0,0.0,0.0,0.0,0.0,0,0,0.0,0.0,0.0,0.25,1.0,1.0,0.0,isolated_control,none
entanglement_assisted_remote_cx,entanglement_assisted_remote_cx__isolated,sparse_periodic,1,48,0.0,0.0,0.0,0.0,0.0,0.0,0.0,0.0,0.0,0,0,0.0,0.0,0.0,0.2708333333333333,1.0,1.0,0.0,isolated_control,none
entanglement_assisted_remote_cx,entanglement_assisted_remote_cx__isolated,sparse_periodic,2,48,0.0,0.0,0.0,0.0,0.0,0.0,0.0,0.0,0.0,0,0,0.0,0.0,0.0,0.25,1.0,1.0,0.0,isolated_control,none
entanglement_assisted_remote_cx,entanglement_assisted_remote_cx__isolated,sparse_periodic,3,48,0.0,0.0,0.0,0.0,0.0,0.0,0.0,0.0,0.0,0,0,0.0,0.0,0.0,0.25,1.0,1.0,0.0,isolated_control,none
entanglement_assisted_remote_cx,entanglement_assisted_remote_cx__isolated,sparse_periodic,4,48,0.0,0.0,0.0,0.0,0.0,0.0,0.0,0.0,0.0,0,0,0.0,0.0,0.0,0.2708333333333333,1.0,1.0,0.0,isolated_control,none
entanglement_assisted_remote_cx,entanglement_assisted_remote_cx__isolated,sparse_periodic,5,48,0.0,0.0,0.0,0.0,0.0,0.0,0.0,0.0,0.0,0,0,0.0,0.0,0.0,0.25,1.0,1.0,0.0,isolated_control,none
entanglement_assisted_remote_cx,entanglement_assisted_remote_cx__isolated,sparse_periodic,6,48,0.0,0.0,0.0,0.0,0.0,0.0,0.0,0.0,0.0,0,0,0.0,0.0,0.0,0.2708333333333333,1.0,1.0,0.0,isolated_control,none
entanglement_assisted_remote_cx,entanglement_assisted_remote_cx__isolated,sparse_periodic,7,48,0.0,0.0,0.0,0.0,0.0,0.0,0.0,0.0,0.0,0,0,0.0,0.0,0.0,0.25,1.0,1.0,0.0,isolated_control,none
entanglement_assisted_remote_cx,entanglement_assisted_remote_cx__isolated,sparse_periodic,8,48,0.0,0.0,0.0,0.0,0.0,0.0,0.0,0.0,0.0,0,0,0.0,0.0,0.0,0.2708333333333333,1.0,1.0,0.0,isolated_control,none
entanglement_assisted_remote_cx,entanglement_assisted_remote_cx__isolated,sparse_periodic,9,48,0.0,0.0,0.0,0.0,0.0,0.0,0.0,0.0,0.0,0,0,0.0,0.0,0.0,0.2708333333333333,1.0,1.0,0.0,isolated_control,none
entanglement_assisted_remote_cx,entanglement_assisted_remote_cx__isolated,dense_periodic,0,48,0.0,0.0,0.0,0.0,0.0,0.0,0.0,0.0,0.0,0,0,0.0,0.0,0.0,0.5208333333333334,1.0,1.0,0.0,isolated_control,none
entanglement_assisted_remote_cx,entanglement_assisted_remote_cx__isolated,dense_periodic,1,48,0.0,0.0,0.0,0.0,0.0,0.0,0.0,0.0,0.0,0,0,0.0,0.0,0.0,0.5,1.0,1.0,0.0,isolated_control,none
entanglement_assisted_remote_cx,entanglement_assisted_remote_cx__isolated,dense_periodic,2,48,0.0,0.0,0.0,0.0,0.0,0.0,0.0,0.0,0.0,0,0,0.0,0.0,0.0,0.5,1.0,1.0,0.0,isolated_control,none
entanglement_assisted_remote_cx,entanglement_assisted_remote_cx__isolated,dense_periodic,3,48,0.0,0.0,0.0,0.0,0.0,0.0,0.0,0.0,0.0,0,0,0.0,0.0,0.0,0.5208333333333334,1.0,1.0,0.0,isolated_control,none
entanglement_assisted_remote_cx,entanglement_assisted_remote_cx__isolated,dense_periodic,4,48,0.0,0.0,0.0,0.0,0.0,0.0,0.0,0.0,0.0,0,0,0.0,0.0,0.0,0.5,1.0,1.0,0.0,isolated_control,none
entanglement_assisted_remote_cx,entanglement_assisted_remote_cx__isolated,dense_periodic,5,48,0.0,0.0,0.0,0.0,0.0,0.0,0.0,0.0,0.0,0,0,0.0,0.0,0.0,0.5,1.0,1.0,0.0,isolated_control,none
entanglement_assisted_remote_cx,entanglement_assisted_remote_cx__isolated,dense_periodic,6,48,0.0,0.0,0.0,0.0,0.0,0.0,0.0,0.0,0.0,0,0,0.0,0.0,0.0,0.5,1.0,1.0,0.0,isolated_control,none
entanglement_assisted_remote_cx,entanglement_assisted_remote_cx__isolated,dense_periodic,7,48,0.0,0.0,0.0,0.0,0.0,0.0,0.0,0.0,0.0,0,0,0.0,0.0,0.0,0.5,1.0,1.0,0.0,isolated_control,none
entanglement_assisted_remote_cx,entanglement_assisted_remote_cx__isolated,dense_periodic,8,48,0.0,0.0,0.0,0.0,0.0,0.0,0.0,0.0,0.0,0,0,0.0,0.0,0.0,0.5,1.0,1.0,0.0,isolated_control,none
entanglement_assisted_remote_cx,entanglement_assisted_remote_cx__isolated,dense_periodic,9,48,0.0,0.0,0.0,0.0,0.0,0.0,0.0,0.0,0.0,0,0,0.0,0.0,0.0,0.5,1.0,1.0,0.0,isolated_control,none
entanglement_assisted_remote_cx,entanglement_assisted_remote_cx__isolated,synchronization_bursty,0,48,0.0,0.0,0.0,0.0,0.0,0.0,0.0,0.0,0.0,0,0,0.0,0.0,0.0,0.375,1.0,1.0,0.0,isolated_control,none
entanglement_assisted_remote_cx,entanglement_assisted_remote_cx__isolated,synchronization_bursty,1,48,0.0,0.0,0.0,0.0,0.0,0.0,0.0,0.0,0.0,0,0,0.0,0.0,0.0,0.3958333333333333,1.0,1.0,0.0,isolated_control,none
entanglement_assisted_remote_cx,entanglement_assisted_remote_cx__isolated,synchronization_bursty,2,48,0.0,0.0,0.0,0.0,0.0,0.0,0.0,0.0,0.0,0,0,0.0,0.0,0.0,0.375,1.0,1.0,0.0,isolated_control,none
entanglement_assisted_remote_cx,entanglement_assisted_remote_cx__isolated,synchronization_bursty,3,48,0.0,0.0,0.0,0.0,0.0,0.0,0.0,0.0,0.0,0,0,0.0,0.0,0.0,0.3958333333333333,1.0,1.0,0.0,isolated_control,none
entanglement_assisted_remote_cx,entanglement_assisted_remote_cx__isolated,synchronization_bursty,4,48,0.0,0.0,0.0,0.0,0.0,0.0,0.0,0.0,0.0,0,0,0.0,0.0,0.0,0.3541666666666667,1.0,1.0,0.0,isolated_control,none
entanglement_assisted_remote_cx,entanglement_assisted_remote_cx__isolated,synchronization_bursty,5,48,0.0,0.0,0.0,0.0,0.0,0.0,0.0,0.0,0.0,0,0,0.0,0.0,0.0,0.3541666666666667,1.0,1.0,0.0,isolated_control,none
entanglement_assisted_remote_cx,entanglement_assisted_remote_cx__isolated,synchronization_bursty,6,48,0.0,0.0,0.0,0.0,0.0,0.0,0.0,0.0,0.0,0,0,0.0,0.0,0.0,0.3958333333333333,1.0,1.0,0.0,isolated_control,none
entanglement_assisted_remote_cx,entanglement_assisted_remote_cx__isolated,synchronization_bursty,7,48,0.0,0.0,0.0,0.0,0.0,0.0,0.0,0.0,0.0,0,0,0.0,0.0,0.0,0.375,1.0,1.0,0.0,isolated_control,none
entanglement_assisted_remote_cx,entanglement_assisted_remote_cx__isolated,synchronization_bursty,8,48,0.0,0.0,0.0,0.0,0.0,0.0,0.0,0.0,0.0,0,0,0.0,0.0,0.0,0.375,1.0,1.0,0.0,isolated_control,none
entanglement_assisted_remote_cx,entanglement_assisted_remote_cx__isolated,synchronization_bursty,9,48,0.0,0.0,0.0,0.0,0.0,0.0,0.0,0.0,0.0,0,0,0.0,0.0,0.0,0.3541666666666667,1.0,1.0,0.0,isolated_control,none
entanglement_assisted_remote_cx,entanglement_assisted_remote_cx__share_endpoint,sparse_periodic,0,48,0.0,0.0,0.0,0.0,0.0,0.0,0.0,0.0,0.0,0,0,0.0,0.0,0.0,0.25,1.0,1.0,0.0,single_resource,endpoint
entanglement_assisted_remote_cx,entanglement_assisted_remote_cx__share_endpoint,sparse_periodic,1,48,0.020833333333333332,0.0,0.0,0.01140869743960593,0.01140869743960593,0.5476174771010847,0.5476174771010847,0.0,0.07821408908641801,1,1,-0.021739130434782598,0.0,0.0,0.2708333333333333,1.0,1.0,0.0,single_resource,endpoint
entanglement_assisted_remote_cx,entanglement_assisted_remote_cx__share_endpoint,sparse_periodic,2,48,0.0,0.0,0.0,0.0,0.0,0.0,0.0,0.0,0.0,0,0,0.0,0.0,0.0,0.25,1.0,1.0,0.0,single_resource,endpoint
entanglement_assisted_remote_cx,entanglement_assisted_remote_cx__share_endpoint,sparse_periodic,3,48,0.0,0.0,0.0,0.0,0.0,0.0,0.0,0.0,0.0,0,0,0.0,0.0,0.0,0.25,1.0,1.0,0.0,single_resource,endpoint
entanglement_assisted_remote_cx,entanglement_assisted_remote_cx__share_endpoint,sparse_periodic,4,48,0.0,0.0,0.0,0.0,0.0,0.0,0.0,0.0,0.0,0,0,0.0,0.0,0.0,0.2708333333333333,1.0152895629129934,1.0,2.2934344369490107,single_resource,endpoint
entanglement_assisted_remote_cx,entanglement_assisted_remote_cx__share_endpoint,sparse_periodic,5,48,0.0,0.0,0.0,0.0,0.0,0.0,0.0,0.0,0.0,0,0,0.0,0.0,0.0,0.25,1.0,1.0,0.0,single_resource,endpoint
entanglement_assisted_remote_cx,entanglement_assisted_remote_cx__share_endpoint,sparse_periodic,6,48,0.0,0.0,0.0,0.0,0.0,0.0,0.0,0.0,0.0,0,0,0.0,0.0,0.0,0.2708333333333333,1.0119459276141427,1.0,1.7918891421214043,single_resource,endpoint
entanglement_assisted_remote_cx,entanglement_assisted_remote_cx__share_endpoint,sparse_periodic,7,48,0.0,0.0,0.0,0.0,0.0,0.0,0.0,0.0,0.0,0,0,0.0,0.0,0.0,0.25,1.0144185983699048,1.0,2.162789755485708,single_resource,endpoint
entanglement_assisted_remote_cx,entanglement_assisted_remote_cx__share_endpoint,sparse_periodic,8,48,0.041666666666666664,0.0,0.0,0.024243261468555488,0.024243261468555488,1.1636765504906634,0.9403517666967218,0.0,0.13738056095113166,1,2,-0.0318245848334912,0.0,0.0,0.2708333333333333,1.0,1.0,0.0,single_resource,endpoint
entanglement_assisted_remote_cx,entanglement_assisted_remote_cx__share_endpoint,sparse_periodic,9,48,0.0625,0.0,0.0,0.3284752091385599,0.3284752091385599,15.766810038650874,7.617334925231262,1.653639567365186,1.3749068125337436,1,3,-0.05836194727777983,0.0,0.0,0.2708333333333333,1.0,1.0,0.0,single_resource,endpoint
entanglement_assisted_remote_cx,entanglement_assisted_remote_cx__share_endpoint,dense_periodic,0,48,0.0625,0.0,0.0,0.6635968100482804,0.6635968100482804,31.852646882317458,18.786003940669616,1.4160474514536388,3.079074355264922,1,3,-0.04748331298972813,0.0,0.0,0.5208333333333334,1.0020135568472024,1.0,0.3020335270803539,single_resource,endpoint
entanglement_assisted_remote_cx,entanglement_assisted_remote_cx__share_endpoint,dense_periodic,1,48,0.041666666666666664,0.0,0.0,0.3769056098937966,0.3769056098937966,18.091469274902238,13.67449186314957,0.0,2.0396212930261153,1,2,-0.03489997866673698,0.0,0.0,0.5,1.0037276344944324,1.0,0.5591451741648554,single_resource,endpoint
entanglement_assisted_remote_cx,entanglement_assisted_remote_cx__share_endpoint,dense_periodic,2,48,0.041666666666666664,0.0,0.0,0.2519496092001153,0.2519496092001153,12.093581241605534,9.031214256987369,0.0,1.3531902846948307,1,2,-0.03543018846122961,0.0,0.0,0.5,1.0039516765609455,1.0,0.5927514841418257,single_resource,endpoint
entanglement_assisted_remote_cx,entanglement_assisted_remote_cx__share_endpoint,dense_periodic,3,48,0.0625,0.0,0.0,0.5572674883023675,0.5572674883023675,26.74883943851364,17.1246575821242,0.19320251869466987,2.7591813832403367,1,3,-0.041695326361731934,0.0,0.0,0.5208333333333334,1.0013216440592234,1.0,0.19824660888350212,single_resource,endpoint
entanglement_assisted_remote_cx,entanglement_assisted_remote_cx__share_endpoint,dense_periodic,4,48,0.041666666666666664,0.0,0.0,0.6474668794064655,0.6474668794064655,31.078410211510345,18.590928859975975,0.0,3.167009581559306,1,2,-0.04272343084092314,0.0,0.0,0.5,1.0009011271131731,1.0,0.13516906697597816,single_resource,endpoint
entanglement_assisted_remote_cx,entanglement_assisted_remote_cx__share_endpoint,dense_periodic,5,48,0.041666666666666664,0.0,0.0,0.46694677862244777,0.46694677862244777,22.413445373877494,16.52710712440785,0.0,2.488843279574786,1,2,-0.03597563137393272,0.0,0.0,0.5,1.0038915131845056,1.0,0.583726977675872,single_resource,endpoint
entanglement_assisted_remote_cx,entanglement_assisted_remote_cx__share_endpoint,dense_periodic,6,48,0.041666666666666664,0.0,0.0,0.41037051374981576,0.41037051374981576,19.697784659991157,14.85350204819406,0.0,2.217403732916094,1,2,-0.03500440695799406,0.0,0.0,0.5,1.003307493380758,1.0,0.4961240071137191,single_resource,endpoint
entanglement_assisted_remote_cx,entanglement_assisted_remote_cx__share_endpoint,dense_periodic,7,48,0.041666666666666664,0.0,0.0,0.35638784269254603,0.35638784269254603,17.10661644924221,15.4692718595943,0.0,2.2168045651303436,1,2,-0.026410292794397966,0.0,0.0,0.5,1.0030492095367742,1.0,0.4573814305161336,single_resource,endpoint
entanglement_assisted_remote_cx,entanglement_assisted_remote_cx__share_endpoint,dense_periodic,8,48,0.041666666666666664,0.0,0.0,0.5523973372546228,0.5523973372546228,26.515072188221893,18.885873990066102,0.0,2.8875957640740064,1,2,-0.037403481475870685,0.0,0.0,0.5,1.001930573993213,1.0,0.28958609898195065,single_resource,endpoint
entanglement_assisted_remote_cx,entanglement_assisted_remote_cx__share_endpoint,dense_periodic,9,48,0.020833333333333332,0.0,0.0,0.23654127438122904,0.23654127438122904,11.353981170298994,11.353981170298994,0.0,1.6216452758963982,1,1,-0.02173913043478256,0.0,0.0,0.5,1.0038529012078903,1.0,0.5779351811835473,single_resource,endpoint
entanglement_assisted_remote_cx,entanglement_assisted_remote_cx__share_endpoint,synchronization_bursty,0,48,0.0625,0.0,0.0,0.19849758259046743,0.19849758259046743,9.527883964342436,5.213591236789398,0.3447642154596898,0.9116079861981954,1,3,-0.04847032254939757,0.0,0.0,0.375,1.0031355955569177,1.0,1.0678336259720063,single_resource,endpoint
entanglement_assisted_remote_cx,entanglement_assisted_remote_cx__share_endpoint,synchronization_bursty,1,48,0.041666666666666664,0.0,0.0,0.5169349781528657,0.5169349781528657,24.812878951337552,13.214840479247869,0.0,2.4846187679292515,1,2,-0.044248225664909144,0.0,0.0,0.3958333333333333,1.0008533745373713,1.0,0.2826643993809356,single_resource,endpoint
entanglement_assisted_remote_cx,entanglement_assisted_remote_cx__share_endpoint,synchronization_bursty,2,48,0.0625,0.0,0.0,0.9120959858428298,0.9120959858428298,43.78060732045583,15.240455630664655,8.71916721236137,3.538699380051402,1,3,-0.0679440511297409,0.0,0.0,0.375,1.0,1.0,0.0,single_resource,endpoint
entanglement_assisted_remote_cx,entanglement_assisted_remote_cx__share_endpoint,synchronization_bursty,3,48,0.041666666666666664,0.0,0.0,0.3512603416510653,0.3512603416510653,16.860496399251133,8.469684358122322,0.0,1.684604652619858,1,2,-0.044443428660404974,0.0,0.0,0.3958333333333333,1.0019564303882362,1.0,0.6509246946095693,single_resource,endpoint
entanglement_assisted_remote_cx,entanglement_assisted_remote_cx__share_endpoint,synchronization_bursty,4,48,0.0625,0.0,0.0,0.6854114345596543,0.6854114345596543,32.899748858863404,11.785597519188741,6.712707936767023,2.6589463152354864,1,3,-0.06795812205839315,0.0,0.0,0.3541666666666667,1.0,1.0,0.0,single_resource,endpoint
entanglement_assisted_remote_cx,entanglement_assisted_remote_cx__share_endpoint,synchronization_bursty,5,48,0.041666666666666664,0.0,0.0,0.1926204071312251,0.1926204071312251,9.245779542298806,5.582729403616213,0.0,0.9443238111300025,1,2,-0.04252954336417726,0.0,0.0,0.3541666666666667,1.0018222732981574,1.0002408415389963,0.6379528831091521,single_resource,endpoint
entanglement_assisted_remote_cx,entanglement_assisted_remote_cx__share_endpoint,synchronization_bursty,6,48,0.0,0.0,0.0,0.0,0.0,0.0,0.0,0.0,0.0,0,0,0.0,0.0,0.0,0.3958333333333333,1.0050957357215649,1.0,1.5452373488974323,single_resource,endpoint
entanglement_assisted_remote_cx,entanglement_assisted_remote_cx__share_endpoint,synchronization_bursty,7,48,0.0625,0.0,0.0,0.703572124193883,0.703572124193883,33.771461961306386,13.462090303983132,5.865837195865957,2.76231241975869,1,3,-0.06634602482811983,0.0,0.0,0.375,1.0002513864107985,1.0,0.10524882949691043,single_resource,endpoint
entanglement_assisted_remote_cx,entanglement_assisted_remote_cx__share_endpoint,synchronization_bursty,8,48,0.0625,0.0,0.0,0.5921221694533566,0.5921221694533566,28.42186413376112,10.726223722198483,5.555796522957632,2.304755201172917,1,3,-0.06750357055932064,0.0,0.0,0.375,1.000998955081337,1.0,0.2611083237106622,single_resource,endpoint
entanglement_assisted_remote_cx,entanglement_assisted_remote_cx__share_endpoint,synchronization_bursty,9,48,0.0,0.0,0.0,0.0,0.0,0.0,0.0,0.0,0.0,0,0,0.0,0.0,0.0,0.3541666666666667,1.0083228569948917,1.0,2.5135557033471136,single_resource,endpoint
entanglement_assisted_remote_cx,entanglement_assisted_remote_cx__share_quantum_link,sparse_periodic,0,48,0.0,0.0,0.0,0.0,0.0,0.0,0.0,0.0,0.0,0,0,0.0,0.0,0.0,0.4583333333333333,1.0,1.0,0.0,single_resource,quantum_link
entanglement_assisted_remote_cx,entanglement_assisted_remote_cx__share_quantum_link,sparse_periodic,1,48,0.0,0.0,0.0,0.0,0.0,0.0,0.0,0.0,0.0,0,0,0.0,0.0,0.0,0.4583333333333333,1.0,1.0,0.0,single_resource,quantum_link
entanglement_assisted_remote_cx,entanglement_assisted_remote_cx__share_quantum_link,sparse_periodic,2,48,0.0,0.0,0.0,0.0,0.0,0.0,0.0,0.0,0.0,0,0,0.0,0.0,0.0,0.4583333333333333,1.0,1.0,0.0,single_resource,quantum_link
entanglement_assisted_remote_cx,entanglement_assisted_remote_cx__share_quantum_link,sparse_periodic,3,48,0.0,0.0,0.0,0.0,0.0,0.0,0.0,0.0,0.0,0,0,0.0,0.0,0.0,0.4583333333333333,1.0,1.0,0.0,single_resource,quantum_link
entanglement_assisted_remote_cx,entanglement_assisted_remote_cx__share_quantum_link,sparse_periodic,4,48,0.0,0.0,0.0,0.0,0.0,0.0,0.0,0.0,0.0,0,0,0.0,0.0,0.0,0.4583333333333333,1.0,1.0,0.0,single_resource,quantum_link
entanglement_assisted_remote_cx,entanglement_assisted_remote_cx__share_quantum_link,sparse_periodic,5,48,0.0,0.0,0.0,0.0,0.0,0.0,0.0,0.0,0.0,0,0,0.0,0.0,0.0,0.4583333333333333,1.0,1.0,0.0,single_resource,quantum_link
entanglement_assisted_remote_cx,entanglement_assisted_remote_cx__share_quantum_link,sparse_periodic,6,48,0.0,0.0,0.0,0.0,0.0,0.0,0.0,0.0,0.0,0,0,0.0,0.0,0.0,0.4583333333333333,1.0,1.0,0.0,single_resource,quantum_link
entanglement_assisted_remote_cx,entanglement_assisted_remote_cx__share_quantum_link,sparse_periodic,7,48,0.0,0.0,0.0,0.0,0.0,0.0,0.0,0.0,0.0,0,0,0.0,0.0,0.0,0.4583333333333333,1.0,1.0,0.0,single_resource,quantum_link
entanglement_assisted_remote_cx,entanglement_assisted_remote_cx__share_quantum_link,sparse_periodic,8,48,0.0,0.0,0.0,0.0,0.0,0.0,0.0,0.0,0.0,0,0,0.0,0.0,0.0,0.4583333333333333,1.0,1.0,0.0,single_resource,quantum_link
entanglement_assisted_remote_cx,entanglement_assisted_remote_cx__share_quantum_link,sparse_periodic,9,48,0.0,0.0,0.0,0.0,0.0,0.0,0.0,0.0,0.0,0,0,0.0,0.0,0.0,0.4583333333333333,1.0,1.0,0.0,single_resource,quantum_link
entanglement_assisted_remote_cx,entanglement_assisted_remote_cx__share_quantum_link,dense_periodic,0,48,0.0,0.0,0.0,0.0,0.0,0.0,0.0,0.0,0.0,0,0,0.0,0.0,0.0,0.875,1.0,1.0,0.0,single_resource,quantum_link
entanglement_assisted_remote_cx,entanglement_assisted_remote_cx__share_quantum_link,dense_periodic,1,48,0.0,0.0,0.0,0.0,0.0,0.0,0.0,0.0,0.0,0,0,0.0,0.0,0.0,0.875,1.0,1.0,0.0,single_resource,quantum_link
entanglement_assisted_remote_cx,entanglement_assisted_remote_cx__share_quantum_link,dense_periodic,2,48,0.0,0.0,0.0,0.0,0.0,0.0,0.0,0.0,0.0,0,0,0.0,0.0,0.0,0.875,1.0,1.0,0.0,single_resource,quantum_link
entanglement_assisted_remote_cx,entanglement_assisted_remote_cx__share_quantum_link,dense_periodic,3,48,0.0,0.0,0.0,0.0,0.0,0.0,0.0,0.0,0.0,0,0,0.0,0.0,0.0,0.875,1.0,1.0,0.0,single_resource,quantum_link
entanglement_assisted_remote_cx,entanglement_assisted_remote_cx__share_quantum_link,dense_periodic,4,48,0.0,0.0,0.0,0.0,0.0,0.0,0.0,0.0,0.0,0,0,0.0,0.0,0.0,0.875,1.0,1.0,0.0,single_resource,quantum_link
entanglement_assisted_remote_cx,entanglement_assisted_remote_cx__share_quantum_link,dense_periodic,5,48,0.0,0.0,0.0,0.0,0.0,0.0,0.0,0.0,0.0,0,0,0.0,0.0,0.0,0.875,1.0,1.0,0.0,single_resource,quantum_link
entanglement_assisted_remote_cx,entanglement_assisted_remote_cx__share_quantum_link,dense_periodic,6,48,0.0,0.0,0.0,0.0,0.0,0.0,0.0,0.0,0.0,0,0,0.0,0.0,0.0,0.875,1.0,1.0,0.0,single_resource,quantum_link
entanglement_assisted_remote_cx,entanglement_assisted_remote_cx__share_quantum_link,dense_periodic,7,48,0.0,0.0,0.0,0.0,0.0,0.0,0.0,0.0,0.0,0,0,0.0,0.0,0.0,0.875,1.0,1.0,0.0,single_resource,quantum_link
entanglement_assisted_remote_cx,entanglement_assisted_remote_cx__share_quantum_link,dense_periodic,8,48,0.0,0.0,0.0,0.0,0.0,0.0,0.0,0.0,0.0,0,0,0.0,0.0,0.0,0.875,1.0,1.0,0.0,single_resource,quantum_link
entanglement_assisted_remote_cx,entanglement_assisted_remote_cx__share_quantum_link,dense_periodic,9,48,0.0,0.0,0.0,0.0,0.0,0.0,0.0,0.0,0.0,0,0,0.0,0.0,0.0,0.875,1.0,1.0,0.0,single_resource,quantum_link
entanglement_assisted_remote_cx,entanglement_assisted_remote_cx__share_quantum_link,synchronization_bursty,0,48,0.0,0.0,0.0,0.0,0.0,0.0,0.0,0.0,0.0,0,0,0.0,0.0,0.0,0.5,1.0,1.0,0.0,single_resource,quantum_link
entanglement_assisted_remote_cx,entanglement_assisted_remote_cx__share_quantum_link,synchronization_bursty,1,48,0.0,0.0,0.0,0.0,0.0,0.0,0.0,0.0,0.0,0,0,0.0,0.0,0.0,0.5,1.0,1.0,0.0,single_resource,quantum_link
entanglement_assisted_remote_cx,entanglement_assisted_remote_cx__share_quantum_link,synchronization_bursty,2,48,0.0,0.0,0.0,0.0,0.0,0.0,0.0,0.0,0.0,0,0,0.0,0.0,0.0,0.5,1.0,1.0,0.0,single_resource,quantum_link
entanglement_assisted_remote_cx,entanglement_assisted_remote_cx__share_quantum_link,synchronization_bursty,3,48,0.0,0.0,0.0,0.0,0.0,0.0,0.0,0.0,0.0,0,0,0.0,0.0,0.0,0.5,1.0,1.0,0.0,single_resource,quantum_link
entanglement_assisted_remote_cx,entanglement_assisted_remote_cx__share_quantum_link,synchronization_bursty,4,48,0.0,0.0,0.0,0.0,0.0,0.0,0.0,0.0,0.0,0,0,0.0,0.0,0.0,0.5,1.0,1.0,0.0,single_resource,quantum_link
entanglement_assisted_remote_cx,entanglement_assisted_remote_cx__share_quantum_link,synchronization_bursty,5,48,0.0,0.0,0.0,0.0,0.0,0.0,0.0,0.0,0.0,0,0,0.0,0.0,0.0,0.5,1.0,1.0,0.0,single_resource,quantum_link
entanglement_assisted_remote_cx,entanglement_assisted_remote_cx__share_quantum_link,synchronization_bursty,6,48,0.0,0.0,0.0,0.0,0.0,0.0,0.0,0.0,0.0,0,0,0.0,0.0,0.0,0.5,1.0,1.0,0.0,single_resource,quantum_link
entanglement_assisted_remote_cx,entanglement_assisted_remote_cx__share_quantum_link,synchronization_bursty,7,48,0.0,0.0,0.0,0.0,0.0,0.0,0.0,0.0,0.0,0,0,0.0,0.0,0.0,0.5,1.0,1.0,0.0,single_resource,quantum_link
entanglement_assisted_remote_cx,entanglement_assisted_remote_cx__share_quantum_link,synchronization_bursty,8,48,0.0,0.0,0.0,0.0,0.0,0.0,0.0,0.0,0.0,0,0,0.0,0.0,0.0,0.5,1.0,1.0,0.0,single_resource,quantum_link
entanglement_assisted_remote_cx,entanglement_assisted_remote_cx__share_quantum_link,synchronization_bursty,9,48,0.0,0.0,0.0,0.0,0.0,0.0,0.0,0.0,0.0,0,0,0.0,0.0,0.0,0.5,1.0,1.0,0.0,single_resource,quantum_link
entanglement_assisted_remote_cx,entanglement_assisted_remote_cx__share_epr_pool,sparse_periodic,0,48,0.0,0.0,0.0,0.0,0.0,0.0,0.0,0.0,0.0,0,0,0.0,0.0,0.0,0.25,1.0,1.0,0.0,single_resource,epr_pool
entanglement_assisted_remote_cx,entanglement_assisted_remote_cx__share_epr_pool,sparse_periodic,1,48,0.0,0.0,0.0,0.0,0.0,0.0,0.0,0.0,0.0,0,0,0.0,0.0,0.0,0.2708333333333333,1.0,1.0,0.0,single_resource,epr_pool
entanglement_assisted_remote_cx,entanglement_assisted_remote_cx__share_epr_pool,sparse_periodic,2,48,0.0,0.0,0.0,0.0,0.0,0.0,0.0,0.0,0.0,0,0,0.0,0.0,0.0,0.25,1.0,1.0,0.0,single_resource,epr_pool
entanglement_assisted_remote_cx,entanglement_assisted_remote_cx__share_epr_pool,sparse_periodic,3,48,0.0,0.0,0.0,0.0,0.0,0.0,0.0,0.0,0.0,0,0,0.0,0.0,0.0,0.25,1.0,1.0,0.0,single_resource,epr_pool
entanglement_assisted_remote_cx,entanglement_assisted_remote_cx__share_epr_pool,sparse_periodic,4,48,0.0,0.0,0.0,0.0,0.0,0.0,0.0,0.0,0.0,0,0,0.0,0.0,0.0,0.2708333333333333,1.0,1.0,0.0,single_resource,epr_pool
entanglement_assisted_remote_cx,entanglement_assisted_remote_cx__share_epr_pool,sparse_periodic,5,48,0.0,0.0,0.0,0.0,0.0,0.0,0.0,0.0,0.0,0,0,0.0,0.0,0.0,0.25,1.0,1.0,0.0,single_resource,epr_pool
entanglement_assisted_remote_cx,entanglement_assisted_remote_cx__share_epr_pool,sparse_periodic,6,48,0.0,0.0,0.0,0.0,0.0,0.0,0.0,0.0,0.0,0,0,0.0,0.0,0.0,0.2708333333333333,1.0,1.0,0.0,single_resource,epr_pool
entanglement_assisted_remote_cx,entanglement_assisted_remote_cx__share_epr_pool,sparse_periodic,7,48,0.0,0.0,0.0,0.0,0.0,0.0,0.0,0.0,0.0,0,0,0.0,0.0,0.0,0.25,1.0,1.0,0.0,single_resource,epr_pool
entanglement_assisted_remote_cx,entanglement_assisted_remote_cx__share_epr_pool,sparse_periodic,8,48,0.0,0.0,0.0,0.0,0.0,0.0,0.0,0.0,0.0,0,0,0.0,0.0,0.0,0.2708333333333333,1.0,1.0,0.0,single_resource,epr_pool
entanglement_assisted_remote_cx,entanglement_assisted_remote_cx__share_epr_pool,sparse_periodic,9,48,0.0,0.0,0.0,0.0,0.0,0.0,0.0,0.0,0.0,0,0,0.0,0.0,0.0,0.2708333333333333,1.0,1.0,0.0,single_resource,epr_pool
entanglement_assisted_remote_cx,entanglement_assisted_remote_cx__share_epr_pool,dense_periodic,0,48,0.0,0.0,0.0,0.0,0.0,0.0,0.0,0.0,0.0,0,0,0.0,0.0,0.0,0.5208333333333334,1.0,1.0,0.0,single_resource,epr_pool
entanglement_assisted_remote_cx,entanglement_assisted_remote_cx__share_epr_pool,dense_periodic,1,48,0.0,0.0,0.0,0.0,0.0,0.0,0.0,0.0,0.0,0,0,0.0,0.0,0.0,0.5,1.0,1.0,0.0,single_resource,epr_pool
entanglement_assisted_remote_cx,entanglement_assisted_remote_cx__share_epr_pool,dense_periodic,2,48,0.0,0.0,0.0,0.0,0.0,0.0,0.0,0.0,0.0,0,0,0.0,0.0,0.0,0.5,1.0,1.0,0.0,single_resource,epr_pool
entanglement_assisted_remote_cx,entanglement_assisted_remote_cx__share_epr_pool,dense_periodic,3,48,0.0,0.0,0.0,0.0,0.0,0.0,0.0,0.0,0.0,0,0,0.0,0.0,0.0,0.5208333333333334,1.0,1.0,0.0,single_resource,epr_pool
entanglement_assisted_remote_cx,entanglement_assisted_remote_cx__share_epr_pool,dense_periodic,4,48,0.0,0.0,0.0,0.0,0.0,0.0,0.0,0.0,0.0,0,0,0.0,0.0,0.0,0.5,1.0,1.0,0.0,single_resource,epr_pool
entanglement_assisted_remote_cx,entanglement_assisted_remote_cx__share_epr_pool,dense_periodic,5,48,0.0,0.0,0.0,0.0,0.0,0.0,0.0,0.0,0.0,0,0,0.0,0.0,0.0,0.5,1.0,1.0,0.0,single_resource,epr_pool
entanglement_assisted_remote_cx,entanglement_assisted_remote_cx__share_epr_pool,dense_periodic,6,48,0.0,0.0,0.0,0.0,0.0,0.0,0.0,0.0,0.0,0,0,0.0,0.0,0.0,0.5,1.0,1.0,0.0,single_resource,epr_pool
entanglement_assisted_remote_cx,entanglement_assisted_remote_cx__share_epr_pool,dense_periodic,7,48,0.0,0.0,0.0,0.0,0.0,0.0,0.0,0.0,0.0,0,0,0.0,0.0,0.0,0.5,1.0,1.0,0.0,single_resource,epr_pool
entanglement_assisted_remote_cx,entanglement_assisted_remote_cx__share_epr_pool,dense_periodic,8,48,0.0,0.0,0.0,0.0,0.0,0.0,0.0,0.0,0.0,0,0,0.0,0.0,0.0,0.5,1.0,1.0,0.0,single_resource,epr_pool
entanglement_assisted_remote_cx,entanglement_assisted_remote_cx__share_epr_pool,dense_periodic,9,48,0.0,0.0,0.0,0.0,0.0,0.0,0.0,0.0,0.0,0,0,0.0,0.0,0.0,0.5,1.0,1.0,0.0,single_resource,epr_pool
entanglement_assisted_remote_cx,entanglement_assisted_remote_cx__share_epr_pool,synchronization_bursty,0,48,0.3333333333333333,0.0,0.0,31.99737429590262,31.99737429590262,1535.8739662033258,272.3623882866923,137.39475704210489,56.96490804932689,2,12,0.18483404233212783,0.3333333333333333,0.3125,0.4583333333333333,1.0,1.0,0.0,single_resource,epr_pool
entanglement_assisted_remote_cx,entanglement_assisted_remote_cx__share_epr_pool,synchronization_bursty,1,48,0.3541666666666667,0.0,0.0,41.349269564696556,41.349269564696556,1984.7649391054347,278.07914632943175,208.55922007024705,71.07682282482565,2,11,0.10866756400439022,0.3125,0.2708333333333333,0.5,1.0,1.0,0.0,single_resource,epr_pool
entanglement_assisted_remote_cx,entanglement_assisted_remote_cx__share_epr_pool,synchronization_bursty,2,48,0.3541666666666667,0.0,0.0,39.43540061596446,39.43540061596446,1892.8992295662943,282.94219115311535,212.4968814291275,70.15899873627066,2,12,0.09937254743953612,0.3333333333333333,0.2708333333333333,0.4583333333333333,1.0,1.0,0.0,single_resource,epr_pool
entanglement_assisted_remote_cx,entanglement_assisted_remote_cx__share_epr_pool,synchronization_bursty,3,48,0.3541666666666667,0.0,0.0,40.68584086576906,40.68584086576906,1952.920361556915,274.1483023624678,207.29682182748087,70.21881696775213,2,11,0.10539003614609802,0.3125,0.2708333333333333,0.5,1.0,1.0,0.0,single_resource,epr_pool
entanglement_assisted_remote_cx,entanglement_assisted_remote_cx__share_epr_pool,synchronization_bursty,4,48,0.3125,0.0,0.0,28.486814631962755,28.486814631962755,1367.3671023342122,219.00010741610106,135.8947154529669,52.08813038323673,2,11,0.08717343045164193,0.2708333333333333,0.2708333333333333,0.4166666666666667,1.0,1.0,0.0,single_resource,epr_pool
entanglement_assisted_remote_cx,entanglement_assisted_remote_cx__share_epr_pool,synchronization_bursty,5,48,0.3125,0.0,0.0,30.344325936952952,30.344325936952952,1456.5276449737416,247.84255062136276,167.9664633560311,58.4690113299419,2,11,0.09159647158750463,0.2708333333333333,0.25,0.4166666666666667,1.0,1.0,0.0,single_resource,epr_pool
entanglement_assisted_remote_cx,entanglement_assisted_remote_cx__share_epr_pool,synchronization_bursty,6,48,0.3541666666666667,0.0,0.0,35.90575305234696,35.90575305234696,1723.476146512654,265.62152388137474,144.9914859210348,62.068955641566916,2,12,0.14954956307470735,0.3541666666666667,0.3125,0.4791666666666667,1.0,1.0,0.0,single_resource,epr_pool
entanglement_assisted_remote_cx,entanglement_assisted_remote_cx__share_epr_pool,synchronization_bursty,7,48,0.3541666666666667,0.0,0.0,38.493876893395104,38.493876893395104,1847.7060908829649,280.81529512282214,208.8372870248607,68.96988116457474,2,12,0.09471198130661952,0.3333333333333333,0.2708333333333333,0.4583333333333333,1.0,1.0,0.0,single_resource,epr_pool
entanglement_assisted_remote_cx,entanglement_assisted_remote_cx__share_epr_pool,synchronization_bursty,8,48,0.3125,0.0,0.0,30.642830013973708,30.642830013973708,1470.855840670738,280.9908582447497,136.88995301668274,58.337955785547706,2,11,0.1528852622783114,0.2916666666666667,0.2708333333333333,0.4375,1.0,1.0,0.0,single_resource,epr_pool
entanglement_assisted_remote_cx,entanglement_assisted_remote_cx__share_epr_pool,synchronization_bursty,9,48,0.3333333333333333,0.0,0.0,31.21490604331464,31.21490604331464,1498.3154900791028,262.4571839677742,171.85418823624,60.3704949915549,2,12,0.10292578770712624,0.3125,0.2708333333333333,0.4166666666666667,1.0,1.0,0.0,single_resource,epr_pool
entanglement_assisted_remote_cx,entanglement_assisted_remote_cx__share_epr_generator,sparse_periodic,0,48,0.0,0.0,0.0,0.0,0.0,0.0,0.0,0.0,0.0,0,0,0.0,0.0,0.0,0.25,1.0,1.0,0.0,single_resource,epr_generator
entanglement_assisted_remote_cx,entanglement_assisted_remote_cx__share_epr_generator,sparse_periodic,1,48,0.0,0.0,0.0,0.0,0.0,0.0,0.0,0.0,0.0,0,0,0.0,0.0,0.0,0.2708333333333333,1.0,1.0,0.0,single_resource,epr_generator
entanglement_assisted_remote_cx,entanglement_assisted_remote_cx__share_epr_generator,sparse_periodic,2,48,0.0,0.0,0.0,0.0,0.0,0.0,0.0,0.0,0.0,0,0,0.0,0.0,0.0,0.25,1.0,1.0,0.0,single_resource,epr_generator
entanglement_assisted_remote_cx,entanglement_assisted_remote_cx__share_epr_generator,sparse_periodic,3,48,0.0,0.0,0.0,0.0,0.0,0.0,0.0,0.0,0.0,0,0,0.0,0.0,0.0,0.25,1.0,1.0,0.0,single_resource,epr_generator
entanglement_assisted_remote_cx,entanglement_assisted_remote_cx__share_epr_generator,sparse_periodic,4,48,0.0,0.0,0.0,0.0,0.0,0.0,0.0,0.0,0.0,0,0,0.0,0.0,0.0,0.2708333333333333,1.0,1.0,0.0,single_resource,epr_generator
entanglement_assisted_remote_cx,entanglement_assisted_remote_cx__share_epr_generator,sparse_periodic,5,48,0.0,0.0,0.0,0.0,0.0,0.0,0.0,0.0,0.0,0,0,0.0,0.0,0.0,0.25,1.0,1.0,0.0,single_resource,epr_generator
entanglement_assisted_remote_cx,entanglement_assisted_remote_cx__share_epr_generator,sparse_periodic,6,48,0.0,0.0,0.0,0.0,0.0,0.0,0.0,0.0,0.0,0,0,0.0,0.0,0.0,0.2708333333333333,1.0,1.0,0.0,single_resource,epr_generator
entanglement_assisted_remote_cx,entanglement_assisted_remote_cx__share_epr_generator,sparse_periodic,7,48,0.0,0.0,0.0,0.0,0.0,0.0,0.0,0.0,0.0,0,0,0.0,0.0,0.0,0.25,1.0,1.0,0.0,single_resource,epr_generator
entanglement_assisted_remote_cx,entanglement_assisted_remote_cx__share_epr_generator,sparse_periodic,8,48,0.0,0.0,0.0,0.0,0.0,0.0,0.0,0.0,0.0,0,0,0.0,0.0,0.0,0.2708333333333333,1.0,1.0,0.0,single_resource,epr_generator
entanglement_assisted_remote_cx,entanglement_assisted_remote_cx__share_epr_generator,sparse_periodic,9,48,0.0,0.0,0.0,0.0,0.0,0.0,0.0,0.0,0.0,0,0,0.0,0.0,0.0,0.2708333333333333,1.0,1.0,0.0,single_resource,epr_generator
entanglement_assisted_remote_cx,entanglement_assisted_remote_cx__share_epr_generator,dense_periodic,0,48,0.0,0.0,0.0,0.0,0.0,0.0,0.0,0.0,0.0,0,0,0.0,0.0,0.0,0.5208333333333334,1.0,1.0,0.0,single_resource,epr_generator
entanglement_assisted_remote_cx,entanglement_assisted_remote_cx__share_epr_generator,dense_periodic,1,48,0.0,0.0,0.0,0.0,0.0,0.0,0.0,0.0,0.0,0,0,0.0,0.0,0.0,0.5,1.0,1.0,0.0,single_resource,epr_generator
entanglement_assisted_remote_cx,entanglement_assisted_remote_cx__share_epr_generator,dense_periodic,2,48,0.0,0.0,0.0,0.0,0.0,0.0,0.0,0.0,0.0,0,0,0.0,0.0,0.0,0.5,1.0,1.0,0.0,single_resource,epr_generator
entanglement_assisted_remote_cx,entanglement_assisted_remote_cx__share_epr_generator,dense_periodic,3,48,0.0,0.0,0.0,0.0,0.0,0.0,0.0,0.0,0.0,0,0,0.0,0.0,0.0,0.5208333333333334,1.0,1.0,0.0,single_resource,epr_generator
entanglement_assisted_remote_cx,entanglement_assisted_remote_cx__share_epr_generator,dense_periodic,4,48,0.0,0.0,0.0,0.0,0.0,0.0,0.0,0.0,0.0,0,0,0.0,0.0,0.0,0.5,1.0,1.0,0.0,single_resource,epr_generator
entanglement_assisted_remote_cx,entanglement_assisted_remote_cx__share_epr_generator,dense_periodic,5,48,0.0,0.0,0.0,0.0,0.0,0.0,0.0,0.0,0.0,0,0,0.0,0.0,0.0,0.5,1.0,1.0,0.0,single_resource,epr_generator
entanglement_assisted_remote_cx,entanglement_assisted_remote_cx__share_epr_generator,dense_periodic,6,48,0.0,0.0,0.0,0.0,0.0,0.0,0.0,0.0,0.0,0,0,0.0,0.0,0.0,0.5,1.0,1.0,0.0,single_resource,epr_generator
entanglement_assisted_remote_cx,entanglement_assisted_remote_cx__share_epr_generator,dense_periodic,7,48,0.0,0.0,0.0,0.0,0.0,0.0,0.0,0.0,0.0,0,0,0.0,0.0,0.0,0.5,1.0,1.0,0.0,single_resource,epr_generator
entanglement_assisted_remote_cx,entanglement_assisted_remote_cx__share_epr_generator,dense_periodic,8,48,0.0,0.0,0.0,0.0,0.0,0.0,0.0,0.0,0.0,0,0,0.0,0.0,0.0,0.5,1.0,1.0,0.0,single_resource,epr_generator
entanglement_assisted_remote_cx,entanglement_assisted_remote_cx__share_epr_generator,dense_periodic,9,48,0.0,0.0,0.0,0.0,0.0,0.0,0.0,0.0,0.0,0,0,0.0,0.0,0.0,0.5,1.0,1.0,0.0,single_resource,epr_generator
entanglement_assisted_remote_cx,entanglement_assisted_remote_cx__share_epr_generator,synchronization_bursty,0,48,0.0,0.0,0.0,0.0,0.0,0.0,0.0,0.0,0.0,0,0,0.0,0.0,0.0,0.375,1.0,1.0,0.0,single_resource,epr_generator
entanglement_assisted_remote_cx,entanglement_assisted_remote_cx__share_epr_generator,synchronization_bursty,1,48,0.0,0.0,0.0,0.0,0.0,0.0,0.0,0.0,0.0,0,0,0.0,0.0,0.0,0.3958333333333333,1.0,1.0,0.0,single_resource,epr_generator
entanglement_assisted_remote_cx,entanglement_assisted_remote_cx__share_epr_generator,synchronization_bursty,2,48,0.0,0.0,0.0,0.0,0.0,0.0,0.0,0.0,0.0,0,0,0.0,0.0,0.0,0.375,1.0,1.0,0.0,single_resource,epr_generator
entanglement_assisted_remote_cx,entanglement_assisted_remote_cx__share_epr_generator,synchronization_bursty,3,48,0.0,0.0,0.0,0.0,0.0,0.0,0.0,0.0,0.0,0,0,0.0,0.0,0.0,0.3958333333333333,1.0,1.0,0.0,single_resource,epr_generator
entanglement_assisted_remote_cx,entanglement_assisted_remote_cx__share_epr_generator,synchronization_bursty,4,48,0.0,0.0,0.0,0.0,0.0,0.0,0.0,0.0,0.0,0,0,0.0,0.0,0.0,0.3541666666666667,1.0,1.0,0.0,single_resource,epr_generator
entanglement_assisted_remote_cx,entanglement_assisted_remote_cx__share_epr_generator,synchronization_bursty,5,48,0.0,0.0,0.0,0.0,0.0,0.0,0.0,0.0,0.0,0,0,0.0,0.0,0.0,0.3541666666666667,1.0,1.0,0.0,single_resource,epr_generator
entanglement_assisted_remote_cx,entanglement_assisted_remote_cx__share_epr_generator,synchronization_bursty,6,48,0.0,0.0,0.0,0.0,0.0,0.0,0.0,0.0,0.0,0,0,0.0,0.0,0.0,0.3958333333333333,1.0,1.0,0.0,single_resource,epr_generator
entanglement_assisted_remote_cx,entanglement_assisted_remote_cx__share_epr_generator,synchronization_bursty,7,48,0.0,0.0,0.0,0.0,0.0,0.0,0.0,0.0,0.0,0,0,0.0,0.0,0.0,0.375,1.0,1.0,0.0,single_resource,epr_generator
entanglement_assisted_remote_cx,entanglement_assisted_remote_cx__share_epr_generator,synchronization_bursty,8,48,0.0,0.0,0.0,0.0,0.0,0.0,0.0,0.0,0.0,0,0,0.0,0.0,0.0,0.375,1.0,1.0,0.0,single_resource,epr_generator
entanglement_assisted_remote_cx,entanglement_assisted_remote_cx__share_epr_generator,synchronization_bursty,9,48,0.0,0.0,0.0,0.0,0.0,0.0,0.0,0.0,0.0,0,0,0.0,0.0,0.0,0.3541666666666667,1.0,1.0,0.0,single_resource,epr_generator
entanglement_assisted_remote_cx,entanglement_assisted_remote_cx__share_readout,sparse_periodic,0,48,0.0625,0.0,0.0,2.413805625757201,2.413805625757201,115.86267003634566,40.10851440595434,23.27365196482019,9.361880708152565,1,3,-0.06798865919934573,0.0,0.0,0.25,1.0372218208805402,1.0,5.583273132081044,single_resource,readout
entanglement_assisted_remote_cx,entanglement_assisted_remote_cx__share_readout,sparse_periodic,1,48,0.0625,0.0,0.0,3.0760605491282433,3.0760605491282433,147.65090635815568,50.547617477101085,31.37462397128286,11.91599330506349,1,3,-0.0681536062804236,0.0,0.0,0.2708333333333333,1.028974290951278,1.0,4.346143642691728,single_resource,readout
entanglement_assisted_remote_cx,entanglement_assisted_remote_cx__share_readout,sparse_periodic,2,48,0.0625,0.0,0.0,2.2759415107656955,2.2759415107656955,109.24519251675338,37.99931050742089,22.458920330335737,8.821839399203743,1,3,-0.06807109494103131,0.0,0.0,0.25,1.0402105613930521,1.0,6.031584208957809,single_resource,readout
entanglement_assisted_remote_cx,entanglement_assisted_remote_cx__share_readout,sparse_periodic,3,48,0.0625,0.0,0.0,2.0698566329569794,2.0698566329569794,99.35311838193502,35.44705130349121,20.5494141766098,8.027386291373773,1,3,-0.06799709738983757,0.0,0.0,0.25,1.0425012185433205,1.0,6.3751827814980775,single_resource,readout
entanglement_assisted_remote_cx,entanglement_assisted_remote_cx__share_readout,sparse_periodic,4,48,0.0625,0.0,0.0,0.8325286155733428,0.8325286155733428,39.96137354752045,15.081079815568955,7.643050437513722,3.242342477864095,1,3,-0.06742696083802392,0.0,0.0,0.2708333333333333,1.0684304810637248,1.0,10.264572159558735,single_resource,readout
entanglement_assisted_remote_cx,entanglement_assisted_remote_cx__share_readout,sparse_periodic,5,48,0.0625,0.0,0.0,2.1897015865731553,2.1897015865731553,105.10567615551145,36.67996789620884,21.904531809584064,8.486307932733022,1,3,-0.068091250829284,0.0,0.0,0.25,1.036960790524931,1.0,5.54411857873967,single_resource,readout
entanglement_assisted_remote_cx,entanglement_assisted_remote_cx__share_readout,sparse_periodic,6,48,0.0625,0.0,0.0,0.9188758978847318,0.9188758978847318,44.106043098467126,16.9043579664758,8.412979044916646,3.5825403330491277,1,3,-0.06727957335230914,0.0,0.0,0.2708333333333333,1.0596838897019192,1.0,8.952583455287906,single_resource,readout
entanglement_assisted_remote_cx,entanglement_assisted_remote_cx__share_readout,sparse_periodic,7,48,0.0625,0.0,0.0,0.7434402649658599,0.7434402649658599,35.685132718361274,14.293092048590552,6.537916858850062,2.91328031916018,1,3,-0.06659983478915632,0.0,0.0,0.25,1.0648096744482063,1.0,9.721451167230953,single_resource,readout
entanglement_assisted_remote_cx,entanglement_assisted_remote_cx__share_readout,sparse_periodic,8,48,0.0625,0.0,0.0,3.1439136167858948,3.1439136167858948,150.90785360572295,50.94035176669672,32.33371508590092,12.176945160771188,1,3,-0.06817486451278003,0.0,0.0,0.2708333333333333,1.0285296296944366,1.0,4.279444454165472,single_resource,readout
entanglement_assisted_remote_cx,entanglement_assisted_remote_cx__share_readout,sparse_periodic,9,48,0.0625,0.0,0.0,3.45347520913856,3.45347520913856,165.76681003865087,57.61733492523126,34.15363956736512,13.385413501266656,1,3,-0.06807819032478256,0.0,0.0,0.2708333333333333,1.0231606058082632,1.0,3.4740908712394893,single_resource,readout
entanglement_assisted_remote_cx,entanglement_assisted_remote_cx__share_readout,dense_periodic,0,48,0.16666666666666666,0.0,0.0,6.072099522779486,6.072099522779486,291.46077709341535,68.78600394066962,48.79409321191818,16.28296460512408,2,5,0.05501854073375862,0.0,0.0,0.5208333333333334,1.0368006795858518,1.0010369055889097,5.5201019378777305,single_resource,readout
entanglement_assisted_remote_cx,entanglement_assisted_remote_cx__share_readout,dense_periodic,1,48,0.14583333333333334,0.0,0.0,4.804385129001858,4.804385129001858,230.61048619208918,63.67449186314957,38.90441606667159,14.071102977753178,2,5,-0.023063562913057147,0.0,0.0,0.5,1.0412144962567507,1.0,6.182174438512577,single_resource,readout
entanglement_assisted_remote_cx,entanglement_assisted_remote_cx__share_readout,dense_periodic,2,48,0.14583333333333334,0.0,0.0,4.487396133701736,4.487396133701736,215.39501441768334,59.03121425698737,35.666974265359464,13.172947450398155,2,5,-0.03041117471832742,0.0,0.0,0.5,1.0409928269217552,1.0,6.148924038263261,single_resource,readout
entanglement_assisted_remote_cx,entanglement_assisted_remote_cx__share_readout,dense_periodic,3,48,0.14583333333333334,0.0,0.0,5.8151408574984655,5.8151408574984655,279.12676115992633,67.1246575821242,46.6654290818671,15.868424896659775,2,5,0.02785895576766589,0.0,0.0,0.5208333333333334,1.0336289377889547,1.0,5.044340668343195,single_resource,readout
entanglement_assisted_remote_cx,entanglement_assisted_remote_cx__share_readout,dense_periodic,4,48,0.16666666666666666,0.0,0.0,6.076963150817828,6.076963150817828,291.6942312392557,68.59092885997597,47.36119119307401,16.30528261692987,2,5,0.03681551100672578,0.0,0.0,0.5,1.0318709461342832,1.0,4.780641920142475,single_resource,readout
entanglement_assisted_remote_cx,entanglement_assisted_remote_cx__share_readout,dense_periodic,5,48,0.14583333333333334,0.0,0.0,5.058386732644768,5.058386732644768,242.80256316694886,66.52710712440785,41.12205908114664,14.679843600938792,2,5,-0.022361654526107482,0.0,0.0,0.5,1.039483766563213,1.0,5.922564984481956,single_resource,readout
entanglement_assisted_remote_cx,entanglement_assisted_remote_cx__share_readout,dense_periodic,6,48,0.14583333333333334,0.0,0.0,5.097457083452919,5.097457083452919,244.67794000574008,64.85350204819406,41.31314931359454,14.552503469627627,2,5,-0.006051029322081828,0.0,0.0,0.5,1.0389097354983399,1.0,5.836460324750982,single_resource,readout
entanglement_assisted_remote_cx,entanglement_assisted_remote_cx__share_readout,dense_periodic,7,48,0.14583333333333334,0.0,0.0,4.892012210449953,4.892012210449953,234.81658610159775,65.4692718595943,40.73653465572014,14.211088759401648,2,5,-0.0310987277992566,0.0,0.0,0.5,1.0392160818065597,1.0,5.882412270983942,single_resource,readout
entanglement_assisted_remote_cx,entanglement_assisted_remote_cx__share_readout,dense_periodic,8,48,0.16666666666666666,0.0,0.0,5.548376140071649,5.548376140071649,266.3220547234391,68.8858739900661,44.48299987365855,15.547009175594328,2,5,-0.0034293318166009764,0.0,0.0,0.5,1.036076640434373,1.0,5.411496065155954,single_resource,readout
entanglement_assisted_remote_cx,entanglement_assisted_remote_cx__share_readout,dense_periodic,9,48,0.14583333333333334,0.0,0.0,4.625482607674617,4.625482607674617,222.02316516838164,61.353981170298994,37.80593785177538,13.355035250031154,2,5,-0.012677312236605322,0.0,0.0,0.5,1.040807725942606,1.0,6.121158891390921,single_resource,readout
entanglement_assisted_remote_cx,entanglement_assisted_remote_cx__share_readout,synchronization_bursty,0,48,0.125,0.0,0.0,4.715812434266705,4.715812434266705,226.35899684480182,55.2135912367894,41.15779715751003,13.63246445295575,1,6,-0.12252221013546008,0.0,0.0,0.375,1.0375653003307286,1.0,12.249399050475597,single_resource,readout
entanglement_assisted_remote_cx,entanglement_assisted_remote_cx__share_readout,synchronization_bursty,1,48,0.10416666666666667,0.0,0.0,3.7830677586934294,3.7830677586934294,181.58725241728462,63.21484047924787,28.421498296157914,13.470815789767837,1,5,-0.08068135828163134,0.0,0.0,0.3958333333333333,1.0344271190548209,1.0,11.43617136750152,single_resource,readout
entanglement_assisted_remote_cx,entanglement_assisted_remote_cx__share_readout,synchronization_bursty,2,48,0.16666666666666666,0.0,0.0,6.216057455975341,6.216057455975341,298.37075788681636,65.24045563066466,52.93570772990711,17.0573010085485,1,8,-0.1360133929565567,0.0,0.0,0.375,1.0281115391822016,1.0,8.730153040317468,single_resource,readout
entanglement_assisted_remote_cx,entanglement_assisted_remote_cx__share_readout,synchronization_bursty,3,48,0.08333333333333333,0.0,0.0,3.543596244200254,3.543596244200254,170.0926197216122,58.46968435812232,27.356389450794353,12.628061097516694,1,4,-0.08055392773238312,0.0,0.0,0.3958333333333333,1.0372702089877477,1.0,12.32611392289144,single_resource,readout
entanglement_assisted_remote_cx,entanglement_assisted_remote_cx__share_readout,synchronization_bursty,4,48,0.14583333333333334,0.0,0.0,5.313930830368567,5.313930830368567,255.06867985769122,61.78559751918874,51.14186553983933,15.827428076360624,1,7,-0.11539774413850744,0.0,0.0,0.3541666666666667,1.0343001682846504,1.0,11.321302004927468,single_resource,readout
entanglement_assisted_remote_cx,entanglement_assisted_remote_cx__share_readout,synchronization_bursty,5,48,0.08333333333333333,0.0,0.0,3.4404767208044595,3.4404767208044595,165.14288259861405,55.58272940361621,27.959284060884237,12.04439542874985,1,4,-0.08347669391709085,0.0,0.0,0.3541666666666667,1.0391007506031364,1.0028951045771495,13.090226971404327,single_resource,readout
entanglement_assisted_remote_cx,entanglement_assisted_remote_cx__share_readout,synchronization_bursty,6,48,0.125,0.0,0.0,3.6863344086486856,3.6863344086486856,176.9440516151369,45.513616575739434,34.15668849072613,11.14940576864102,1,6,-0.11190273267414322,0.0,0.0,0.3958333333333333,1.0380327266120983,1.0,11.624296373620604,single_resource,readout
entanglement_assisted_remote_cx,entanglement_assisted_remote_cx__share_readout,synchronization_bursty,7,48,0.14583333333333334,0.0,0.0,5.745915425574846,5.745915425574846,275.8039404275926,63.46209030398313,49.15119048885368,16.095859403871117,1,7,-0.13050063955031202,0.0,0.0,0.375,1.029430054829191,1.0,9.230984150651592,single_resource,readout
entanglement_assisted_remote_cx,entanglement_assisted_remote_cx__share_readout,synchronization_bursty,8,48,0.14583333333333334,0.0,0.0,5.666559109523358,5.666559109523358,271.99483725712116,60.72622372219848,49.361251192649945,15.801432279359641,1,7,-0.13169802546749795,0.0,0.0,0.375,1.0321950918095357,1.0,10.42169577902889,single_resource,readout
entanglement_assisted_remote_cx,entanglement_assisted_remote_cx__share_readout,synchronization_bursty,9,48,0.125,0.0,0.0,3.3964084049707473,3.3964084049707473,163.02760343859586,42.700836196037926,30.970532480274834,10.243061012449528,1,6,-0.11254878246289414,0.0,0.0,0.3541666666666667,1.0516241118907506,1.000406812039716,15.998606690738647,single_resource,readout
entanglement_assisted_remote_cx,entanglement_assisted_remote_cx__share_feedforward,sparse_periodic,0,48,0.0625,0.0,0.0,0.5388056257572013,0.5388056257572013,25.862670036345662,10.108514405954338,3.773651964820229,2.145371516739371,1,3,-0.06450387845455123,0.0,0.0,0.25,1.0111348643588012,1.0,1.6702296538201746,single_resource,feedforward
entanglement_assisted_remote_cx,entanglement_assisted_remote_cx__share_feedforward,sparse_periodic,1,48,0.0625,0.0,0.0,1.2010605491282433,1.2010605491282433,57.65090635815568,20.547617477101085,11.874623971282901,4.657989432990824,1,3,-0.06799719150734625,0.0,0.0,0.2708333333333333,1.0017015636785507,1.0,0.2552345517826366,single_resource,feedforward
entanglement_assisted_remote_cx,entanglement_assisted_remote_cx__share_feedforward,sparse_periodic,2,48,0.0625,0.0,0.0,0.40094151076569534,0.40094151076569534,19.245192516753377,7.999310507420887,2.95892033033578,1.5929580674873671,1,3,-0.06478620105213125,0.0,0.0,0.25,1.014123604871313,1.0,2.118540730696939,single_resource,feedforward
entanglement_assisted_remote_cx,entanglement_assisted_remote_cx__share_feedforward,sparse_periodic,3,48,0.0625,0.0,0.0,0.19485663295697955,0.19485663295697955,9.353118381935019,5.447051303491207,1.0494141766098415,0.862479024153916,1,3,-0.052185348734655954,0.0,0.0,0.25,1.0164142620215815,1.0,2.462139303237208,single_resource,feedforward
entanglement_assisted_remote_cx,entanglement_assisted_remote_cx__share_feedforward,sparse_periodic,4,48,0.0,0.0,0.0,0.0,0.0,0.0,0.0,0.0,0.0,0,0,0.0,0.0,0.0,0.2708333333333333,1.0334713810948115,1.0,5.020707164221738,single_resource,feedforward
entanglement_assisted_remote_cx,entanglement_assisted_remote_cx__share_feedforward,sparse_periodic,5,48,0.0625,0.0,0.0,0.3147015865731551,0.3147015865731551,15.105676155511446,6.6799678962088365,2.4045318095841086,1.2574112630430139,1,3,-0.06405687376200732,0.0,0.0,0.25,1.010873834003192,1.0,1.6310751004787998,single_resource,feedforward
entanglement_assisted_remote_cx,entanglement_assisted_remote_cx__share_feedforward,sparse_periodic,6,48,0.0,0.0,0.0,0.0,0.0,0.0,0.0,0.0,0.0,0,0,0.0,0.0,0.0,0.2708333333333333,1.0301277457959608,1.0,4.519161869394131,single_resource,feedforward
entanglement_assisted_remote_cx,entanglement_assisted_remote_cx__share_feedforward,sparse_periodic,7,48,0.0,0.0,0.0,0.0,0.0,0.0,0.0,0.0,0.0,0,0,0.0,0.0,0.0,0.25,1.0318099027177308,1.0,4.771485407659621,single_resource,feedforward
entanglement_assisted_remote_cx,entanglement_assisted_remote_cx__share_feedforward,sparse_periodic,8,48,0.0625,0.0,0.0,1.2689136167858948,1.2689136167858948,60.90785360572295,20.940351766696722,12.833715085900957,4.916017443441621,1,3,-0.06813915398602222,0.0,0.0,0.2708333333333333,1.00166971452807,1.0,0.2504571792104881,single_resource,feedforward
entanglement_assisted_remote_cx,entanglement_assisted_remote_cx__share_feedforward,sparse_periodic,9,48,0.0625,0.0,0.0,1.5784752091385599,1.5784752091385599,75.76681003865087,27.617334925231262,14.653639567365158,6.135608289798794,1,3,-0.06768862015515927,0.0,0.0,0.2708333333333333,1.0,1.0,0.0,single_resource,feedforward
entanglement_assisted_remote_cx,entanglement_assisted_remote_cx__share_feedforward,dense_periodic,0,48,0.08333333333333333,0.0,0.0,2.1741947719806944,2.1741947719806944,104.36134905507333,38.786003940669616,18.794093211918184,7.745808634327284,1,4,-0.08060006443923706,0.0,0.0,0.5208333333333334,1.009997918993936,1.0,1.4996878490904364,single_resource,feedforward
entanglement_assisted_remote_cx,entanglement_assisted_remote_cx__share_feedforward,dense_periodic,1,48,0.08333333333333333,0.0,0.0,1.5488624920572012,1.5488624920572012,74.34539961874566,33.67449186314957,8.904416066671585,6.056223191321388,1,4,-0.066891380632853,0.0,0.0,0.5,1.0142408797572318,1.0,2.1361319635847655,single_resource,feedforward
entanglement_assisted_remote_cx,entanglement_assisted_remote_cx__share_feedforward,dense_periodic,2,48,0.0625,0.0,0.0,1.2780052915378708,1.2780052915378708,61.3442539938178,29.03121425698737,6.012937288937961,5.365516512351686,1,3,-0.05801097527545805,0.0,0.0,0.5,1.0140477418954048,1.0,2.10716128431072,single_resource,feedforward
entanglement_assisted_remote_cx,entanglement_assisted_remote_cx__share_feedforward,dense_periodic,3,48,0.10416666666666667,0.0,0.0,2.049781704898711,2.049781704898711,98.38952183513811,37.1246575821242,16.6654290818671,7.288673418587279,1,5,-0.08090829472216167,0.0,0.0,0.5208333333333334,1.0090083910644585,1.0,1.351258659668788,single_resource,feedforward
entanglement_assisted_remote_cx,entanglement_assisted_remote_cx__share_feedforward,dense_periodic,4,48,0.10416666666666667,0.0,0.0,2.2163976520671533,2.2163976520671533,106.38708729922337,38.590928859975975,17.361191193074013,7.739205914242194,1,5,-0.08390821077823948,0.0,0.0,0.5,1.0084414168783757,1.0,1.2662125317563784,single_resource,feedforward
entanglement_assisted_remote_cx,entanglement_assisted_remote_cx__share_feedforward,dense_periodic,5,48,0.08333333333333333,0.0,0.0,1.7003884826786002,1.7003884826786002,81.6186471685728,36.52710712440785,11.12205908114664,6.616384601353883,1,4,-0.06754744566351654,0.0,0.0,0.5,1.013759753463487,1.0,2.0639630195230385,single_resource,feedforward
entanglement_assisted_remote_cx,entanglement_assisted_remote_cx__share_feedforward,dense_periodic,6,48,0.08333333333333333,0.0,0.0,1.645305073043815,1.645305073043815,78.97464350610312,34.85350204819406,11.31314931359454,6.374089178029875,1,4,-0.06814218924291032,0.0,0.0,0.5,1.0127349145867566,1.0,1.910237188013498,single_resource,feedforward
entanglement_assisted_remote_cx,entanglement_assisted_remote_cx__share_feedforward,dense_periodic,7,48,0.08333333333333333,0.0,0.0,1.580592656265632,1.580592656265632,75.86844750075034,35.4692718595943,10.736534655720138,6.163007615736247,1,4,-0.06726762404817284,0.0,0.0,0.5,1.013257659277449,1.0,1.9886488916173395,single_resource,feedforward
entanglement_assisted_remote_cx,entanglement_assisted_remote_cx__share_feedforward,dense_periodic,8,48,0.10416666666666667,0.0,0.0,1.954909335603503,1.954909335603503,93.83564810896814,38.8858739900661,14.482999873658546,7.185365798949778,1,5,-0.07571525206081216,0.0,0.0,0.5,1.0106483582530723,1.0,1.5972537379608303,single_resource,feedforward
entanglement_assisted_remote_cx,entanglement_assisted_remote_cx__share_feedforward,dense_periodic,9,48,0.08333333333333333,0.0,0.0,1.3596559847062981,1.3596559847062981,65.26348726590231,31.353981170298994,7.805937851775382,5.386015505703204,1,4,-0.06517116940477072,0.0,0.0,0.5,1.0134898380618873,1.0,2.0234757092831113,single_resource,feedforward
entanglement_assisted_remote_cx,entanglement_assisted_remote_cx__share_feedforward,synchronization_bursty,0,48,0.0625,0.0,0.0,1.4484975825904673,1.4484975825904673,69.52788396434244,25.213591236789398,13.344764215459662,5.631357604312024,1,3,-0.06766506510990752,0.0,0.0,0.375,1.0128777773462871,1.0,4.318556008674486,single_resource,feedforward
entanglement_assisted_remote_cx,entanglement_assisted_remote_cx__share_feedforward,synchronization_bursty,1,48,0.041666666666666664,0.0,0.0,1.350268311486199,1.350268311486199,64.81287895133755,33.21484047924787,0.0,6.4777614554228276,1,2,-0.04441557677632947,0.0,0.0,0.3958333333333333,1.010360948550878,1.0,3.4405591362230408,single_resource,feedforward
entanglement_assisted_remote_cx,entanglement_assisted_remote_cx__share_feedforward,synchronization_bursty,2,48,0.125,0.0,0.0,2.3546532083111487,2.3546532083111487,113.02335399893514,35.240455630664655,22.93570772990711,8.360145335843766,1,6,-0.08115275458575291,0.0,0.0,0.375,1.0071756137557475,1.0,2.2452817323078813,single_resource,feedforward
entanglement_assisted_remote_cx,entanglement_assisted_remote_cx__share_feedforward,synchronization_bursty,3,48,0.041666666666666664,0.0,0.0,1.1845936749843986,1.1845936749843986,56.86049639925113,28.469684358122322,0.0,5.681117391952179,1,2,-0.0444443551283225,0.0,0.0,0.3958333333333333,1.0114674673148378,1.0,3.8088194314516746,single_resource,feedforward
entanglement_assisted_remote_cx,entanglement_assisted_remote_cx__share_feedforward,synchronization_bursty,4,48,0.10416666666666667,0.0,0.0,2.0700522570550013,2.0700522570550013,99.36250833864005,31.78559751918874,21.141865539839326,7.492425633270448,1,5,-0.07808489635353667,0.0,0.0,0.3541666666666667,1.0092997886636894,1.0,3.0332064885773837,single_resource,feedforward
entanglement_assisted_remote_cx,entanglement_assisted_remote_cx__share_feedforward,synchronization_bursty,5,48,0.041666666666666664,0.0,0.0,1.0259537404645585,1.0259537404645585,49.245779542298806,25.582729403616213,0.0,4.924200641307475,1,2,-0.044374018380307655,0.0,0.0,0.3541666666666667,1.011834701418704,1.0013025467542576,3.9712862164424854,single_resource,feedforward
entanglement_assisted_remote_cx,entanglement_assisted_remote_cx__share_feedforward,synchronization_bursty,6,48,0.0625,0.0,0.0,0.9196850993860674,0.9196850993860674,44.144884770531235,15.513616575739434,9.189155132244995,3.5649081641568814,1,3,-0.06806759603091792,0.0,0.0,0.3958333333333333,1.0140503701995442,1.0,4.294105903185777,single_resource,feedforward
entanglement_assisted_remote_cx,entanglement_assisted_remote_cx__share_feedforward,synchronization_bursty,7,48,0.10416666666666667,0.0,0.0,1.9751807148707645,1.9751807148707645,94.8086743137967,33.46209030398313,19.15119048885368,7.575077806775184,1,5,-0.0695362957808519,0.0,0.0,0.375,1.0080691121527852,1.0,2.575261434196313,single_resource,feedforward
entanglement_assisted_remote_cx,entanglement_assisted_remote_cx__share_feedforward,synchronization_bursty,8,48,0.125,0.0,0.0,1.913602561424104,1.913602561424104,91.85292294835699,30.726223722198483,19.36125119264994,7.12858374404734,1,6,-0.07370665913996514,0.0,0.0,0.375,1.0107538780046108,1.0,3.497232194407548,single_resource,feedforward
entanglement_assisted_remote_cx,entanglement_assisted_remote_cx__share_feedforward,synchronization_bursty,9,48,0.0625,0.0,0.0,0.688376521961653,0.688376521961653,33.042073054159346,12.700836196037926,6.152884791076199,2.686547705002176,1,3,-0.06714496552336217,0.0,0.0,0.3541666666666667,1.0214317575671306,1.0,6.5083897305899985,single_resource,feedforward
entanglement_assisted_remote_cx,entanglement_assisted_remote_cx__share_reset,sparse_periodic,0,48,0.0,0.0,0.0,0.0,0.0,0.0,0.0,0.0,0.0,0,0,0.0,0.0,0.0,0.25,1.0,1.0,0.0,single_resource,reset
entanglement_assisted_remote_cx,entanglement_assisted_remote_cx__share_reset,sparse_periodic,1,48,0.0,0.0,0.0,0.0,0.0,0.0,0.0,0.0,0.0,0,0,0.0,0.0,0.0,0.2708333333333333,1.0,1.0,0.0,single_resource,reset
entanglement_assisted_remote_cx,entanglement_assisted_remote_cx__share_reset,sparse_periodic,2,48,0.0,0.0,0.0,0.0,0.0,0.0,0.0,0.0,0.0,0,0,0.0,0.0,0.0,0.25,1.0,1.0,0.0,single_resource,reset
entanglement_assisted_remote_cx,entanglement_assisted_remote_cx__share_reset,sparse_periodic,3,48,0.0,0.0,0.0,0.0,0.0,0.0,0.0,0.0,0.0,0,0,0.0,0.0,0.0,0.25,1.0,1.0,0.0,single_resource,reset
entanglement_assisted_remote_cx,entanglement_assisted_remote_cx__share_reset,sparse_periodic,4,48,0.0,0.0,0.0,0.0,0.0,0.0,0.0,0.0,0.0,0,0,0.0,0.0,0.0,0.2708333333333333,1.0,1.0,0.0,single_resource,reset
entanglement_assisted_remote_cx,entanglement_assisted_remote_cx__share_reset,sparse_periodic,5,48,0.0,0.0,0.0,0.0,0.0,0.0,0.0,0.0,0.0,0,0,0.0,0.0,0.0,0.25,1.0,1.0,0.0,single_resource,reset
entanglement_assisted_remote_cx,entanglement_assisted_remote_cx__share_reset,sparse_periodic,6,48,0.0,0.0,0.0,0.0,0.0,0.0,0.0,0.0,0.0,0,0,0.0,0.0,0.0,0.2708333333333333,1.0,1.0,0.0,single_resource,reset
entanglement_assisted_remote_cx,entanglement_assisted_remote_cx__share_reset,sparse_periodic,7,48,0.0,0.0,0.0,0.0,0.0,0.0,0.0,0.0,0.0,0,0,0.0,0.0,0.0,0.25,1.0,1.0,0.0,single_resource,reset
entanglement_assisted_remote_cx,entanglement_assisted_remote_cx__share_reset,sparse_periodic,8,48,0.0,0.0,0.0,0.0,0.0,0.0,0.0,0.0,0.0,0,0,0.0,0.0,0.0,0.2708333333333333,1.0,1.0,0.0,single_resource,reset
entanglement_assisted_remote_cx,entanglement_assisted_remote_cx__share_reset,sparse_periodic,9,48,0.0,0.0,0.0,0.0,0.0,0.0,0.0,0.0,0.0,0,0,0.0,0.0,0.0,0.2708333333333333,1.0,1.0,0.0,single_resource,reset
entanglement_assisted_remote_cx,entanglement_assisted_remote_cx__share_reset,dense_periodic,0,48,0.0,0.0,0.0,0.0,0.0,0.0,0.0,0.0,0.0,0,0,0.0,0.0,0.0,0.5208333333333334,1.0,1.0,0.0,single_resource,reset
entanglement_assisted_remote_cx,entanglement_assisted_remote_cx__share_reset,dense_periodic,1,48,0.0,0.0,0.0,0.0,0.0,0.0,0.0,0.0,0.0,0,0,0.0,0.0,0.0,0.5,1.0,1.0,0.0,single_resource,reset
entanglement_assisted_remote_cx,entanglement_assisted_remote_cx__share_reset,dense_periodic,2,48,0.0,0.0,0.0,0.0,0.0,0.0,0.0,0.0,0.0,0,0,0.0,0.0,0.0,0.5,1.0,1.0,0.0,single_resource,reset
entanglement_assisted_remote_cx,entanglement_assisted_remote_cx__share_reset,dense_periodic,3,48,0.0,0.0,0.0,0.0,0.0,0.0,0.0,0.0,0.0,0,0,0.0,0.0,0.0,0.5208333333333334,1.0,1.0,0.0,single_resource,reset
entanglement_assisted_remote_cx,entanglement_assisted_remote_cx__share_reset,dense_periodic,4,48,0.0,0.0,0.0,0.0,0.0,0.0,0.0,0.0,0.0,0,0,0.0,0.0,0.0,0.5,1.0,1.0,0.0,single_resource,reset
entanglement_assisted_remote_cx,entanglement_assisted_remote_cx__share_reset,dense_periodic,5,48,0.0,0.0,0.0,0.0,0.0,0.0,0.0,0.0,0.0,0,0,0.0,0.0,0.0,0.5,1.0,1.0,0.0,single_resource,reset
entanglement_assisted_remote_cx,entanglement_assisted_remote_cx__share_reset,dense_periodic,6,48,0.0,0.0,0.0,0.0,0.0,0.0,0.0,0.0,0.0,0,0,0.0,0.0,0.0,0.5,1.0,1.0,0.0,single_resource,reset
entanglement_assisted_remote_cx,entanglement_assisted_remote_cx__share_reset,dense_periodic,7,48,0.0,0.0,0.0,0.0,0.0,0.0,0.0,0.0,0.0,0,0,0.0,0.0,0.0,0.5,1.0,1.0,0.0,single_resource,reset
entanglement_assisted_remote_cx,entanglement_assisted_remote_cx__share_reset,dense_periodic,8,48,0.0,0.0,0.0,0.0,0.0,0.0,0.0,0.0,0.0,0,0,0.0,0.0,0.0,0.5,1.0,1.0,0.0,single_resource,reset
entanglement_assisted_remote_cx,entanglement_assisted_remote_cx__share_reset,dense_periodic,9,48,0.0,0.0,0.0,0.0,0.0,0.0,0.0,0.0,0.0,0,0,0.0,0.0,0.0,0.5,1.0,1.0,0.0,single_resource,reset
entanglement_assisted_remote_cx,entanglement_assisted_remote_cx__share_reset,synchronization_bursty,0,48,0.0,0.0,0.0,0.0,0.0,0.0,0.0,0.0,0.0,0,0,0.0,0.0,0.0,0.375,1.0379132192026526,1.0,16.735533424321797,single_resource,reset
entanglement_assisted_remote_cx,entanglement_assisted_remote_cx__share_reset,synchronization_bursty,1,48,0.0,0.0,0.0,0.0,0.0,0.0,0.0,0.0,0.0,0,0,0.0,0.0,0.0,0.3958333333333333,1.037680743697233,1.0,17.092172067725233,single_resource,reset
entanglement_assisted_remote_cx,entanglement_assisted_remote_cx__share_reset,synchronization_bursty,2,48,0.0,0.0,0.0,0.0,0.0,0.0,0.0,0.0,0.0,0,0,0.0,0.0,0.0,0.375,1.0380368580991661,1.0,17.302977486903576,single_resource,reset
entanglement_assisted_remote_cx,entanglement_assisted_remote_cx__share_reset,synchronization_bursty,3,48,0.0,0.0,0.0,0.0,0.0,0.0,0.0,0.0,0.0,0,0,0.0,0.0,0.0,0.3958333333333333,1.039207422474422,1.0,17.798132176502403,single_resource,reset
entanglement_assisted_remote_cx,entanglement_assisted_remote_cx__share_reset,synchronization_bursty,4,48,0.0,0.0,0.0,0.0,0.0,0.0,0.0,0.0,0.0,0,0,0.0,0.0,0.0,0.3541666666666667,1.0370332011882577,1.0,16.617726557444506,single_resource,reset
entanglement_assisted_remote_cx,entanglement_assisted_remote_cx__share_reset,synchronization_bursty,5,48,0.0,0.0,0.0,0.0,0.0,0.0,0.0,0.0,0.0,0,0,0.0,0.0,0.0,0.3541666666666667,1.042464540892769,1.0,19.211317808663196,single_resource,reset
entanglement_assisted_remote_cx,entanglement_assisted_remote_cx__share_reset,synchronization_bursty,6,48,0.0,0.0,0.0,0.0,0.0,0.0,0.0,0.0,0.0,0,0,0.0,0.0,0.0,0.3958333333333333,1.0400381919809405,1.0,17.4091896958414,single_resource,reset
entanglement_assisted_remote_cx,entanglement_assisted_remote_cx__share_reset,synchronization_bursty,7,48,0.0,0.0,0.0,0.0,0.0,0.0,0.0,0.0,0.0,0,0,0.0,0.0,0.0,0.375,1.0393028597314506,1.0,17.937489222436145,single_resource,reset
entanglement_assisted_remote_cx,entanglement_assisted_remote_cx__share_reset,synchronization_bursty,8,48,0.0,0.0,0.0,0.0,0.0,0.0,0.0,0.0,0.0,0,0,0.0,0.0,0.0,0.375,1.0342557781544812,1.0,14.992503458850884,single_resource,reset
entanglement_assisted_remote_cx,entanglement_assisted_remote_cx__share_reset,synchronization_bursty,9,48,0.0,0.0,0.0,0.0,0.0,0.0,0.0,0.0,0.0,0,0,0.0,0.0,0.0,0.3541666666666667,1.0531529754435787,1.0,24.14317514906132,single_resource,reset
entanglement_assisted_remote_cx,entanglement_assisted_remote_cx__share_epr_management_stack,sparse_periodic,0,48,0.0,0.0,0.0,0.0,0.0,0.0,0.0,0.0,0.0,0,0,0.0,0.0,0.0,0.4583333333333333,1.0,1.0,0.0,protocol_stack,epr_generator+epr_pool+quantum_link
entanglement_assisted_remote_cx,entanglement_assisted_remote_cx__share_epr_management_stack,sparse_periodic,1,48,0.0,0.0,0.0,0.0,0.0,0.0,0.0,0.0,0.0,0,0,0.0,0.0,0.0,0.4583333333333333,1.0,1.0,0.0,protocol_stack,epr_generator+epr_pool+quantum_link
entanglement_assisted_remote_cx,entanglement_assisted_remote_cx__share_epr_management_stack,sparse_periodic,2,48,0.0,0.0,0.0,0.0,0.0,0.0,0.0,0.0,0.0,0,0,0.0,0.0,0.0,0.4583333333333333,1.0,1.0,0.0,protocol_stack,epr_generator+epr_pool+quantum_link
entanglement_assisted_remote_cx,entanglement_assisted_remote_cx__share_epr_management_stack,sparse_periodic,3,48,0.0,0.0,0.0,0.0,0.0,0.0,0.0,0.0,0.0,0,0,0.0,0.0,0.0,0.4583333333333333,1.0,1.0,0.0,protocol_stack,epr_generator+epr_pool+quantum_link
entanglement_assisted_remote_cx,entanglement_assisted_remote_cx__share_epr_management_stack,sparse_periodic,4,48,0.0,0.0,0.0,0.0,0.0,0.0,0.0,0.0,0.0,0,0,0.0,0.0,0.0,0.4583333333333333,1.0,1.0,0.0,protocol_stack,epr_generator+epr_pool+quantum_link
entanglement_assisted_remote_cx,entanglement_assisted_remote_cx__share_epr_management_stack,sparse_periodic,5,48,0.0,0.0,0.0,0.0,0.0,0.0,0.0,0.0,0.0,0,0,0.0,0.0,0.0,0.4583333333333333,1.0,1.0,0.0,protocol_stack,epr_generator+epr_pool+quantum_link
entanglement_assisted_remote_cx,entanglement_assisted_remote_cx__share_epr_management_stack,sparse_periodic,6,48,0.0,0.0,0.0,0.0,0.0,0.0,0.0,0.0,0.0,0,0,0.0,0.0,0.0,0.4583333333333333,1.0,1.0,0.0,protocol_stack,epr_generator+epr_pool+quantum_link
entanglement_assisted_remote_cx,entanglement_assisted_remote_cx__share_epr_management_stack,sparse_periodic,7,48,0.0,0.0,0.0,0.0,0.0,0.0,0.0,0.0,0.0,0,0,0.0,0.0,0.0,0.4583333333333333,1.0,1.0,0.0,protocol_stack,epr_generator+epr_pool+quantum_link
entanglement_assisted_remote_cx,entanglement_assisted_remote_cx__share_epr_management_stack,sparse_periodic,8,48,0.0,0.0,0.0,0.0,0.0,0.0,0.0,0.0,0.0,0,0,0.0,0.0,0.0,0.4583333333333333,1.0,1.0,0.0,protocol_stack,epr_generator+epr_pool+quantum_link
entanglement_assisted_remote_cx,entanglement_assisted_remote_cx__share_epr_management_stack,sparse_periodic,9,48,0.0,0.0,0.0,0.0,0.0,0.0,0.0,0.0,0.0,0,0,0.0,0.0,0.0,0.4583333333333333,1.0,1.0,0.0,protocol_stack,epr_generator+epr_pool+quantum_link
entanglement_assisted_remote_cx,entanglement_assisted_remote_cx__share_epr_management_stack,dense_periodic,0,48,0.0,0.0,0.0,0.0,0.0,0.0,0.0,0.0,0.0,0,0,0.0,0.0,0.0,0.875,1.0,1.0,0.0,protocol_stack,epr_generator+epr_pool+quantum_link
entanglement_assisted_remote_cx,entanglement_assisted_remote_cx__share_epr_management_stack,dense_periodic,1,48,0.0,0.0,0.0,0.0,0.0,0.0,0.0,0.0,0.0,0,0,0.0,0.0,0.0,0.875,1.0,1.0,0.0,protocol_stack,epr_generator+epr_pool+quantum_link
entanglement_assisted_remote_cx,entanglement_assisted_remote_cx__share_epr_management_stack,dense_periodic,2,48,0.0,0.0,0.0,0.0,0.0,0.0,0.0,0.0,0.0,0,0,0.0,0.0,0.0,0.875,1.0,1.0,0.0,protocol_stack,epr_generator+epr_pool+quantum_link
entanglement_assisted_remote_cx,entanglement_assisted_remote_cx__share_epr_management_stack,dense_periodic,3,48,0.0,0.0,0.0,0.0,0.0,0.0,0.0,0.0,0.0,0,0,0.0,0.0,0.0,0.875,1.0,1.0,0.0,protocol_stack,epr_generator+epr_pool+quantum_link
entanglement_assisted_remote_cx,entanglement_assisted_remote_cx__share_epr_management_stack,dense_periodic,4,48,0.0,0.0,0.0,0.0,0.0,0.0,0.0,0.0,0.0,0,0,0.0,0.0,0.0,0.875,1.0,1.0,0.0,protocol_stack,epr_generator+epr_pool+quantum_link
entanglement_assisted_remote_cx,entanglement_assisted_remote_cx__share_epr_management_stack,dense_periodic,5,48,0.0,0.0,0.0,0.0,0.0,0.0,0.0,0.0,0.0,0,0,0.0,0.0,0.0,0.875,1.0,1.0,0.0,protocol_stack,epr_generator+epr_pool+quantum_link
entanglement_assisted_remote_cx,entanglement_assisted_remote_cx__share_epr_management_stack,dense_periodic,6,48,0.0,0.0,0.0,0.0,0.0,0.0,0.0,0.0,0.0,0,0,0.0,0.0,0.0,0.875,1.0,1.0,0.0,protocol_stack,epr_generator+epr_pool+quantum_link
entanglement_assisted_remote_cx,entanglement_assisted_remote_cx__share_epr_management_stack,dense_periodic,7,48,0.0,0.0,0.0,0.0,0.0,0.0,0.0,0.0,0.0,0,0,0.0,0.0,0.0,0.875,1.0,1.0,0.0,protocol_stack,epr_generator+epr_pool+quantum_link
entanglement_assisted_remote_cx,entanglement_assisted_remote_cx__share_epr_management_stack,dense_periodic,8,48,0.0,0.0,0.0,0.0,0.0,0.0,0.0,0.0,0.0,0,0,0.0,0.0,0.0,0.875,1.0,1.0,0.0,protocol_stack,epr_generator+epr_pool+quantum_link
entanglement_assisted_remote_cx,entanglement_assisted_remote_cx__share_epr_management_stack,dense_periodic,9,48,0.0,0.0,0.0,0.0,0.0,0.0,0.0,0.0,0.0,0,0,0.0,0.0,0.0,0.875,1.0,1.0,0.0,protocol_stack,epr_generator+epr_pool+quantum_link
entanglement_assisted_remote_cx,entanglement_assisted_remote_cx__share_epr_management_stack,synchronization_bursty,0,48,0.5,0.0,0.0,68.96614696557815,68.96614696557815,3310.375054347751,272.3623882866923,220.0,84.99539383280276,2,12,-0.1388638439248933,0.4583333333333333,0.3125,0.625,1.0,1.0,0.0,protocol_stack,epr_generator+epr_pool+quantum_link
entanglement_assisted_remote_cx,entanglement_assisted_remote_cx__share_epr_management_stack,synchronization_bursty,1,48,0.4791666666666667,0.0,0.0,68.71751213124465,68.71751213124465,3298.4405822997433,278.07914632943175,220.0,87.10201050884011,2,12,-0.135863714872561,0.4375,0.2916666666666667,0.6458333333333334,1.0,1.0,0.0,protocol_stack,epr_generator+epr_pool+quantum_link
entanglement_assisted_remote_cx,entanglement_assisted_remote_cx__share_epr_management_stack,synchronization_bursty,2,48,0.5,0.0,0.0,73.21256593886343,73.21256593886343,3514.203165065445,282.94219115311535,222.01933178707026,90.98757592296953,2,12,-0.15150674700580916,0.4583333333333333,0.2708333333333333,0.6041666666666666,1.0,1.0,0.0,protocol_stack,epr_generator+epr_pool+quantum_link
entanglement_assisted_remote_cx,entanglement_assisted_remote_cx__share_epr_management_stack,synchronization_bursty,3,48,0.4791666666666667,0.0,0.0,68.04267177313,68.04267177313,3266.04824511024,274.1483023624678,220.0,86.49590120741946,2,12,-0.13642267113884612,0.4375,0.2916666666666667,0.6458333333333334,1.0,1.0,0.0,protocol_stack,epr_generator+epr_pool+quantum_link
entanglement_assisted_remote_cx,entanglement_assisted_remote_cx__share_epr_management_stack,synchronization_bursty,4,48,0.5,0.0,0.0,65.53387917275579,65.53387917275579,3145.6262002922776,220.0,220.0,82.9371437754453,2,12,-0.16966062060299789,0.4375,0.2916666666666667,0.6041666666666666,1.0,1.0,0.0,protocol_stack,epr_generator+epr_pool+quantum_link
entanglement_assisted_remote_cx,entanglement_assisted_remote_cx__share_epr_management_stack,synchronization_bursty,5,48,0.4791666666666667,0.0,0.0,67.39491517785974,67.39491517785974,3234.9559285372675,247.84255062136276,220.0,86.07566093531663,2,12,-0.16830058902094616,0.4375,0.2708333333333333,0.6041666666666666,1.0,1.0,0.0,protocol_stack,epr_generator+epr_pool+quantum_link
entanglement_assisted_remote_cx,entanglement_assisted_remote_cx__share_epr_management_stack,synchronization_bursty,6,48,0.5,0.0,0.0,67.79952750843456,67.79952750843456,3254.3773204048593,265.62152388137474,220.0,84.31794469978723,2,12,-0.13738567722138423,0.4583333333333333,0.3125,0.625,1.0,1.0,0.0,protocol_stack,epr_generator+epr_pool+quantum_link
entanglement_assisted_remote_cx,entanglement_assisted_remote_cx__share_epr_management_stack,synchronization_bursty,7,48,0.5,0.0,0.0,72.30711106023413,72.30711106023413,3470.7413308912387,280.81529512282214,220.00035465069126,90.27907665604785,2,12,-0.1533181901493405,0.4583333333333333,0.2708333333333333,0.6041666666666666,1.0,1.0,0.0,protocol_stack,epr_generator+epr_pool+quantum_link
entanglement_assisted_remote_cx,entanglement_assisted_remote_cx__share_epr_management_stack,synchronization_bursty,8,48,0.5,0.0,0.0,67.5498375285187,67.5498375285187,3242.392201368897,280.9908582447497,220.0,85.95182369862898,2,12,-0.14220994850538232,0.4375,0.2916666666666667,0.625,1.0,1.0,0.0,protocol_stack,epr_generator+epr_pool+quantum_link
entanglement_assisted_remote_cx,entanglement_assisted_remote_cx__share_epr_management_stack,synchronization_bursty,9,48,0.5,0.0,0.0,68.38421151908615,68.38421151908615,3282.442152916135,262.4571839677742,220.0,87.48585678815141,2,12,-0.15793730228700936,0.4583333333333333,0.2708333333333333,0.5833333333333334,1.0,1.0,0.0,protocol_stack,epr_generator+epr_pool+quantum_link
entanglement_assisted_remote_cx,entanglement_assisted_remote_cx__share_measurement_stack,sparse_periodic,0,48,0.0625,0.0,0.0,2.413805625757201,2.413805625757201,115.86267003634566,40.10851440595434,23.27365196482019,9.361880708152565,1,3,-0.06798865919934573,0.0,0.0,0.25,1.0372218208805402,1.0,5.583273132081044,protocol_stack,feedforward+readout
entanglement_assisted_remote_cx,entanglement_assisted_remote_cx__share_measurement_stack,sparse_periodic,1,48,0.0625,0.0,0.0,3.0760605491282433,3.0760605491282433,147.65090635815568,50.547617477101085,31.37462397128286,11.91599330506349,1,3,-0.0681536062804236,0.0,0.0,0.2708333333333333,1.028974290951278,1.0,4.346143642691728,protocol_stack,feedforward+readout
entanglement_assisted_remote_cx,entanglement_assisted_remote_cx__share_measurement_stack,sparse_periodic,2,48,0.0625,0.0,0.0,2.2759415107656955,2.2759415107656955,109.24519251675338,37.99931050742089,22.458920330335737,8.821839399203743,1,3,-0.06807109494103131,0.0,0.0,0.25,1.0402105613930521,1.0,6.031584208957809,protocol_stack,feedforward+readout
entanglement_assisted_remote_cx,entanglement_assisted_remote_cx__share_measurement_stack,sparse_periodic,3,48,0.0625,0.0,0.0,2.0698566329569794,2.0698566329569794,99.35311838193502,35.44705130349121,20.5494141766098,8.027386291373773,1,3,-0.06799709738983757,0.0,0.0,0.25,1.0425012185433205,1.0,6.3751827814980775,protocol_stack,feedforward+readout
entanglement_assisted_remote_cx,entanglement_assisted_remote_cx__share_measurement_stack,sparse_periodic,4,48,0.0625,0.0,0.0,0.8325286155733428,0.8325286155733428,39.96137354752045,15.081079815568955,7.643050437513722,3.242342477864095,1,3,-0.06742696083802392,0.0,0.0,0.2708333333333333,1.0684304810637248,1.0,10.264572159558735,protocol_stack,feedforward+readout
entanglement_assisted_remote_cx,entanglement_assisted_remote_cx__share_measurement_stack,sparse_periodic,5,48,0.0625,0.0,0.0,2.1897015865731553,2.1897015865731553,105.10567615551145,36.67996789620884,21.904531809584064,8.486307932733022,1,3,-0.068091250829284,0.0,0.0,0.25,1.036960790524931,1.0,5.54411857873967,protocol_stack,feedforward+readout
entanglement_assisted_remote_cx,entanglement_assisted_remote_cx__share_measurement_stack,sparse_periodic,6,48,0.0625,0.0,0.0,0.9188758978847318,0.9188758978847318,44.106043098467126,16.9043579664758,8.412979044916646,3.5825403330491277,1,3,-0.06727957335230914,0.0,0.0,0.2708333333333333,1.0596838897019192,1.0,8.952583455287906,protocol_stack,feedforward+readout
entanglement_assisted_remote_cx,entanglement_assisted_remote_cx__share_measurement_stack,sparse_periodic,7,48,0.0625,0.0,0.0,0.7434402649658599,0.7434402649658599,35.685132718361274,14.293092048590552,6.537916858850062,2.91328031916018,1,3,-0.06659983478915632,0.0,0.0,0.25,1.0648096744482063,1.0,9.721451167230953,protocol_stack,feedforward+readout
entanglement_assisted_remote_cx,entanglement_assisted_remote_cx__share_measurement_stack,sparse_periodic,8,48,0.0625,0.0,0.0,3.1439136167858948,3.1439136167858948,150.90785360572295,50.94035176669672,32.33371508590092,12.176945160771188,1,3,-0.06817486451278003,0.0,0.0,0.2708333333333333,1.0285296296944366,1.0,4.279444454165472,protocol_stack,feedforward+readout
entanglement_assisted_remote_cx,entanglement_assisted_remote_cx__share_measurement_stack,sparse_periodic,9,48,0.0625,0.0,0.0,3.45347520913856,3.45347520913856,165.76681003865087,57.61733492523126,34.15363956736512,13.385413501266656,1,3,-0.06807819032478256,0.0,0.0,0.2708333333333333,1.0231606058082632,1.0,3.4740908712394893,protocol_stack,feedforward+readout
entanglement_assisted_remote_cx,entanglement_assisted_remote_cx__share_measurement_stack,dense_periodic,0,48,0.16666666666666666,0.0,0.0,6.072099522779486,6.072099522779486,291.46077709341535,68.78600394066962,48.79409321191818,16.28296460512408,2,5,0.05501854073375862,0.0,0.0,0.5208333333333334,1.0368006795858518,1.0010369055889097,5.5201019378777305,protocol_stack,feedforward+readout
entanglement_assisted_remote_cx,entanglement_assisted_remote_cx__share_measurement_stack,dense_periodic,1,48,0.14583333333333334,0.0,0.0,4.804385129001858,4.804385129001858,230.61048619208918,63.67449186314957,38.90441606667159,14.071102977753178,2,5,-0.023063562913057147,0.0,0.0,0.5,1.0412144962567507,1.0,6.182174438512577,protocol_stack,feedforward+readout
entanglement_assisted_remote_cx,entanglement_assisted_remote_cx__share_measurement_stack,dense_periodic,2,48,0.14583333333333334,0.0,0.0,4.487396133701736,4.487396133701736,215.39501441768334,59.03121425698737,35.666974265359464,13.172947450398155,2,5,-0.03041117471832742,0.0,0.0,0.5,1.0409928269217552,1.0,6.148924038263261,protocol_stack,feedforward+readout
entanglement_assisted_remote_cx,entanglement_assisted_remote_cx__share_measurement_stack,dense_periodic,3,48,0.14583333333333334,0.0,0.0,5.8151408574984655,5.8151408574984655,279.12676115992633,67.1246575821242,46.6654290818671,15.868424896659775,2,5,0.02785895576766589,0.0,0.0,0.5208333333333334,1.0336289377889547,1.0,5.044340668343195,protocol_stack,feedforward+readout
entanglement_assisted_remote_cx,entanglement_assisted_remote_cx__share_measurement_stack,dense_periodic,4,48,0.16666666666666666,0.0,0.0,6.076963150817828,6.076963150817828,291.6942312392557,68.59092885997597,47.36119119307401,16.30528261692987,2,5,0.03681551100672578,0.0,0.0,0.5,1.0318709461342832,1.0,4.780641920142475,protocol_stack,feedforward+readout
entanglement_assisted_remote_cx,entanglement_assisted_remote_cx__share_measurement_stack,dense_periodic,5,48,0.14583333333333334,0.0,0.0,5.058386732644768,5.058386732644768,242.80256316694886,66.52710712440785,41.12205908114664,14.679843600938792,2,5,-0.022361654526107482,0.0,0.0,0.5,1.039483766563213,1.0,5.922564984481956,protocol_stack,feedforward+readout
entanglement_assisted_remote_cx,entanglement_assisted_remote_cx__share_measurement_stack,dense_periodic,6,48,0.14583333333333334,0.0,0.0,5.097457083452919,5.097457083452919,244.67794000574008,64.85350204819406,41.31314931359454,14.552503469627627,2,5,-0.006051029322081828,0.0,0.0,0.5,1.0389097354983399,1.0,5.836460324750982,protocol_stack,feedforward+readout
entanglement_assisted_remote_cx,entanglement_assisted_remote_cx__share_measurement_stack,dense_periodic,7,48,0.14583333333333334,0.0,0.0,4.892012210449953,4.892012210449953,234.81658610159775,65.4692718595943,40.73653465572014,14.211088759401648,2,5,-0.0310987277992566,0.0,0.0,0.5,1.0392160818065597,1.0,5.882412270983942,protocol_stack,feedforward+readout
entanglement_assisted_remote_cx,entanglement_assisted_remote_cx__share_measurement_stack,dense_periodic,8,48,0.16666666666666666,0.0,0.0,5.548376140071649,5.548376140071649,266.3220547234391,68.8858739900661,44.48299987365855,15.547009175594328,2,5,-0.0034293318166009764,0.0,0.0,0.5,1.036076640434373,1.0,5.411496065155954,protocol_stack,feedforward+readout
entanglement_assisted_remote_cx,entanglement_assisted_remote_cx__share_measurement_stack,dense_periodic,9,48,0.14583333333333334,0.0,0.0,4.625482607674617,4.625482607674617,222.02316516838164,61.353981170298994,37.80593785177538,13.355035250031154,2,5,-0.012677312236605322,0.0,0.0,0.5,1.040807725942606,1.0,6.121158891390921,protocol_stack,feedforward+readout
entanglement_assisted_remote_cx,entanglement_assisted_remote_cx__share_measurement_stack,synchronization_bursty,0,48,0.125,0.0,0.0,4.715812434266705,4.715812434266705,226.35899684480182,55.2135912367894,41.15779715751003,13.63246445295575,1,6,-0.12252221013546008,0.0,0.0,0.375,1.0375653003307286,1.0,12.249399050475597,protocol_stack,feedforward+readout
entanglement_assisted_remote_cx,entanglement_assisted_remote_cx__share_measurement_stack,synchronization_bursty,1,48,0.10416666666666667,0.0,0.0,3.7830677586934294,3.7830677586934294,181.58725241728462,63.21484047924787,28.421498296157914,13.470815789767837,1,5,-0.08068135828163134,0.0,0.0,0.3958333333333333,1.0344271190548209,1.0,11.43617136750152,protocol_stack,feedforward+readout
entanglement_assisted_remote_cx,entanglement_assisted_remote_cx__share_measurement_stack,synchronization_bursty,2,48,0.16666666666666666,0.0,0.0,6.216057455975341,6.216057455975341,298.37075788681636,65.24045563066466,52.93570772990711,17.0573010085485,1,8,-0.1360133929565567,0.0,0.0,0.375,1.0281115391822016,1.0,8.730153040317468,protocol_stack,feedforward+readout
entanglement_assisted_remote_cx,entanglement_assisted_remote_cx__share_measurement_stack,synchronization_bursty,3,48,0.08333333333333333,0.0,0.0,3.543596244200254,3.543596244200254,170.0926197216122,58.46968435812232,27.356389450794353,12.628061097516694,1,4,-0.08055392773238312,0.0,0.0,0.3958333333333333,1.0372702089877477,1.0,12.32611392289144,protocol_stack,feedforward+readout
entanglement_assisted_remote_cx,entanglement_assisted_remote_cx__share_measurement_stack,synchronization_bursty,4,48,0.14583333333333334,0.0,0.0,5.313930830368567,5.313930830368567,255.06867985769122,61.78559751918874,51.14186553983933,15.827428076360624,1,7,-0.11539774413850744,0.0,0.0,0.3541666666666667,1.0343001682846504,1.0,11.321302004927468,protocol_stack,feedforward+readout
entanglement_assisted_remote_cx,entanglement_assisted_remote_cx__share_measurement_stack,synchronization_bursty,5,48,0.08333333333333333,0.0,0.0,3.4404767208044595,3.4404767208044595,165.14288259861405,55.58272940361621,27.959284060884237,12.04439542874985,1,4,-0.08347669391709085,0.0,0.0,0.3541666666666667,1.0391007506031364,1.0028951045771495,13.090226971404327,protocol_stack,feedforward+readout
entanglement_assisted_remote_cx,entanglement_assisted_remote_cx__share_measurement_stack,synchronization_bursty,6,48,0.125,0.0,0.0,3.6863344086486856,3.6863344086486856,176.9440516151369,45.513616575739434,34.15668849072613,11.14940576864102,1,6,-0.11190273267414322,0.0,0.0,0.3958333333333333,1.0380327266120983,1.0,11.624296373620604,protocol_stack,feedforward+readout
entanglement_assisted_remote_cx,entanglement_assisted_remote_cx__share_measurement_stack,synchronization_bursty,7,48,0.14583333333333334,0.0,0.0,5.745915425574846,5.745915425574846,275.8039404275926,63.46209030398313,49.15119048885368,16.095859403871117,1,7,-0.13050063955031202,0.0,0.0,0.375,1.029430054829191,1.0,9.230984150651592,protocol_stack,feedforward+readout
entanglement_assisted_remote_cx,entanglement_assisted_remote_cx__share_measurement_stack,synchronization_bursty,8,48,0.14583333333333334,0.0,0.0,5.666559109523358,5.666559109523358,271.99483725712116,60.72622372219848,49.361251192649945,15.801432279359641,1,7,-0.13169802546749795,0.0,0.0,0.375,1.0321950918095357,1.0,10.42169577902889,protocol_stack,feedforward+readout
entanglement_assisted_remote_cx,entanglement_assisted_remote_cx__share_measurement_stack,synchronization_bursty,9,48,0.125,0.0,0.0,3.3964084049707473,3.3964084049707473,163.02760343859586,42.700836196037926,30.970532480274834,10.243061012449528,1,6,-0.11254878246289414,0.0,0.0,0.3541666666666667,1.0516241118907506,1.000406812039716,15.998606690738647,protocol_stack,feedforward+readout
entanglement_assisted_remote_cx,entanglement_assisted_remote_cx__all_used_shared,sparse_periodic,0,48,0.0625,0.0,0.0,2.413805625757201,2.413805625757201,115.86267003634566,40.10851440595434,23.27365196482019,9.361880708152565,1,3,-0.06798865919934573,0.0,0.0,0.4583333333333333,1.0372218208805402,1.0,5.583273132081044,all_used_shared,endpoint+epr_generator+epr_pool+feedforward+quantum_link+readout+reset
entanglement_assisted_remote_cx,entanglement_assisted_remote_cx__all_used_shared,sparse_periodic,1,48,0.0625,0.0,0.0,3.0760605491282433,3.0760605491282433,147.65090635815568,50.547617477101085,31.37462397128286,11.91599330506349,1,3,-0.0681536062804236,0.0,0.0,0.4583333333333333,1.028974290951278,1.0,4.346143642691728,all_used_shared,endpoint+epr_generator+epr_pool+feedforward+quantum_link+readout+reset
entanglement_assisted_remote_cx,entanglement_assisted_remote_cx__all_used_shared,sparse_periodic,2,48,0.0625,0.0,0.0,2.2759415107656955,2.2759415107656955,109.24519251675338,37.99931050742089,22.458920330335737,8.821839399203743,1,3,-0.06807109494103131,0.0,0.0,0.4583333333333333,1.0402105613930521,1.0,6.031584208957809,all_used_shared,endpoint+epr_generator+epr_pool+feedforward+quantum_link+readout+reset
entanglement_assisted_remote_cx,entanglement_assisted_remote_cx__all_used_shared,sparse_periodic,3,48,0.0625,0.0,0.0,2.0698566329569794,2.0698566329569794,99.35311838193502,35.44705130349121,20.5494141766098,8.027386291373773,1,3,-0.06799709738983757,0.0,0.0,0.4583333333333333,1.0425012185433205,1.0,6.3751827814980775,all_used_shared,endpoint+epr_generator+epr_pool+feedforward+quantum_link+readout+reset
entanglement_assisted_remote_cx,entanglement_assisted_remote_cx__all_used_shared,sparse_periodic,4,48,0.0625,0.0,0.0,0.8325286155733428,0.8325286155733428,39.96137354752045,15.081079815568955,7.643050437513722,3.242342477864095,1,3,-0.06742696083802392,0.0,0.0,0.4583333333333333,1.0684304810637248,1.0,10.264572159558735,all_used_shared,endpoint+epr_generator+epr_pool+feedforward+quantum_link+readout+reset
entanglement_assisted_remote_cx,entanglement_assisted_remote_cx__all_used_shared,sparse_periodic,5,48,0.0625,0.0,0.0,2.1897015865731553,2.1897015865731553,105.10567615551145,36.67996789620884,21.904531809584064,8.486307932733022,1,3,-0.068091250829284,0.0,0.0,0.4583333333333333,1.036960790524931,1.0,5.54411857873967,all_used_shared,endpoint+epr_generator+epr_pool+feedforward+quantum_link+readout+reset
entanglement_assisted_remote_cx,entanglement_assisted_remote_cx__all_used_shared,sparse_periodic,6,48,0.0625,0.0,0.0,0.9188758978847318,0.9188758978847318,44.106043098467126,16.9043579664758,8.412979044916646,3.5825403330491277,1,3,-0.06727957335230914,0.0,0.0,0.4583333333333333,1.0596838897019192,1.0,8.952583455287906,all_used_shared,endpoint+epr_generator+epr_pool+feedforward+quantum_link+readout+reset
entanglement_assisted_remote_cx,entanglement_assisted_remote_cx__all_used_shared,sparse_periodic,7,48,0.0625,0.0,0.0,0.7434402649658599,0.7434402649658599,35.685132718361274,14.293092048590552,6.537916858850062,2.91328031916018,1,3,-0.06659983478915632,0.0,0.0,0.4583333333333333,1.0648096744482063,1.0,9.721451167230953,all_used_shared,endpoint+epr_generator+epr_pool+feedforward+quantum_link+readout+reset
entanglement_assisted_remote_cx,entanglement_assisted_remote_cx__all_used_shared,sparse_periodic,8,48,0.0625,0.0,0.0,3.1439136167858948,3.1439136167858948,150.90785360572295,50.94035176669672,32.33371508590092,12.176945160771188,1,3,-0.06817486451278003,0.0,0.0,0.4583333333333333,1.0285296296944366,1.0,4.279444454165472,all_used_shared,endpoint+epr_generator+epr_pool+feedforward+quantum_link+readout+reset
entanglement_assisted_remote_cx,entanglement_assisted_remote_cx__all_used_shared,sparse_periodic,9,48,0.0625,0.0,0.0,3.45347520913856,3.45347520913856,165.76681003865087,57.61733492523126,34.15363956736512,13.385413501266656,1,3,-0.06807819032478256,0.0,0.0,0.4583333333333333,1.0231606058082632,1.0,3.4740908712394893,all_used_shared,endpoint+epr_generator+epr_pool+feedforward+quantum_link+readout+reset
entanglement_assisted_remote_cx,entanglement_assisted_remote_cx__all_used_shared,dense_periodic,0,48,0.16666666666666666,0.0,0.0,6.072099522779486,6.072099522779486,291.46077709341535,68.78600394066962,48.79409321191818,16.28296460512408,2,5,0.05501854073375862,0.0,0.0,0.875,1.0368006795858518,1.0010369055889097,5.5201019378777305,all_used_shared,endpoint+epr_generator+epr_pool+feedforward+quantum_link+readout+reset
entanglement_assisted_remote_cx,entanglement_assisted_remote_cx__all_used_shared,dense_periodic,1,48,0.14583333333333334,0.0,0.0,4.804385129001858,4.804385129001858,230.61048619208918,63.67449186314957,38.90441606667159,14.071102977753178,2,5,-0.023063562913057147,0.0,0.0,0.875,1.0412144962567507,1.0,6.182174438512577,all_used_shared,endpoint+epr_generator+epr_pool+feedforward+quantum_link+readout+reset
entanglement_assisted_remote_cx,entanglement_assisted_remote_cx__all_used_shared,dense_periodic,2,48,0.14583333333333334,0.0,0.0,4.487396133701736,4.487396133701736,215.39501441768334,59.03121425698737,35.666974265359464,13.172947450398155,2,5,-0.03041117471832742,0.0,0.0,0.875,1.0409928269217552,1.0,6.148924038263261,all_used_shared,endpoint+epr_generator+epr_pool+feedforward+quantum_link+readout+reset
entanglement_assisted_remote_cx,entanglement_assisted_remote_cx__all_used_shared,dense_periodic,3,48,0.14583333333333334,0.0,0.0,5.8151408574984655,5.8151408574984655,279.12676115992633,67.1246575821242,46.6654290818671,15.868424896659775,2,5,0.02785895576766589,0.0,0.0,0.875,1.0336289377889547,1.0,5.044340668343195,all_used_shared,endpoint+epr_generator+epr_pool+feedforward+quantum_link+readout+reset
entanglement_assisted_remote_cx,entanglement_assisted_remote_cx__all_used_shared,dense_periodic,4,48,0.16666666666666666,0.0,0.0,6.076963150817828,6.076963150817828,291.6942312392557,68.59092885997597,47.36119119307401,16.30528261692987,2,5,0.03681551100672578,0.0,0.0,0.875,1.0318709461342832,1.0,4.780641920142475,all_used_shared,endpoint+epr_generator+epr_pool+feedforward+quantum_link+readout+reset
entanglement_assisted_remote_cx,entanglement_assisted_remote_cx__all_used_shared,dense_periodic,5,48,0.14583333333333334,0.0,0.0,5.058386732644768,5.058386732644768,242.80256316694886,66.52710712440785,41.12205908114664,14.679843600938792,2,5,-0.022361654526107482,0.0,0.0,0.875,1.039483766563213,1.0,5.922564984481956,all_used_shared,endpoint+epr_generator+epr_pool+feedforward+quantum_link+readout+reset
entanglement_assisted_remote_cx,entanglement_assisted_remote_cx__all_used_shared,dense_periodic,6,48,0.14583333333333334,0.0,0.0,5.097457083452919,5.097457083452919,244.67794000574008,64.85350204819406,41.31314931359454,14.552503469627627,2,5,-0.006051029322081828,0.0,0.0,0.875,1.0389097354983399,1.0,5.836460324750982,all_used_shared,endpoint+epr_generator+epr_pool+feedforward+quantum_link+readout+reset
entanglement_assisted_remote_cx,entanglement_assisted_remote_cx__all_used_shared,dense_periodic,7,48,0.14583333333333334,0.0,0.0,4.892012210449953,4.892012210449953,234.81658610159775,65.4692718595943,40.73653465572014,14.211088759401648,2,5,-0.0310987277992566,0.0,0.0,0.875,1.0392160818065597,1.0,5.882412270983942,all_used_shared,endpoint+epr_generator+epr_pool+feedforward+quantum_link+readout+reset
entanglement_assisted_remote_cx,entanglement_assisted_remote_cx__all_used_shared,dense_periodic,8,48,0.16666666666666666,0.0,0.0,5.548376140071649,5.548376140071649,266.3220547234391,68.8858739900661,44.48299987365855,15.547009175594328,2,5,-0.0034293318166009764,0.0,0.0,0.875,1.036076640434373,1.0,5.411496065155954,all_used_shared,endpoint+epr_generator+epr_pool+feedforward+quantum_link+readout+reset
entanglement_assisted_remote_cx,entanglement_assisted_remote_cx__all_used_shared,dense_periodic,9,48,0.14583333333333334,0.0,0.0,4.625482607674617,4.625482607674617,222.02316516838164,61.353981170298994,37.80593785177538,13.355035250031154,2,5,-0.012677312236605322,0.0,0.0,0.875,1.040807725942606,1.0,6.121158891390921,all_used_shared,endpoint+epr_generator+epr_pool+feedforward+quantum_link+readout+reset
entanglement_assisted_remote_cx,entanglement_assisted_remote_cx__all_used_shared,synchronization_bursty,0,48,0.6041666666666666,0.0,0.0,79.54583735906112,79.54583735906112,3818.200193234934,272.3623882866923,220.0,84.9229869546581,3,12,-0.11967665889583828,0.4583333333333333,0.3125,0.625,1.081871578562176,1.0,32.70876105913498,all_used_shared,endpoint+epr_generator+epr_pool+feedforward+quantum_link+readout+reset
entanglement_assisted_remote_cx,entanglement_assisted_remote_cx__all_used_shared,synchronization_bursty,1,48,0.5833333333333334,0.0,0.0,77.06236788709577,77.06236788709577,3698.993658580597,278.07914632943175,220.0,86.19886797829267,3,12,-0.12129936111948285,0.4375,0.2916666666666667,0.6458333333333334,1.0617287799303183,1.0,23.935667775066218,all_used_shared,endpoint+epr_generator+epr_pool+feedforward+quantum_link+readout+reset
entanglement_assisted_remote_cx,entanglement_assisted_remote_cx__all_used_shared,synchronization_bursty,2,48,0.5625,0.0,0.0,78.46289889177848,78.46289889177848,3766.219146805367,282.94219115311535,222.01933178707026,89.79448915176242,3,12,-0.1453539521883739,0.4583333333333333,0.2708333333333333,0.6041666666666666,1.0582101308702478,1.0,23.127044786903298,all_used_shared,endpoint+epr_generator+epr_pool+feedforward+quantum_link+readout+reset
entanglement_assisted_remote_cx,entanglement_assisted_remote_cx__all_used_shared,synchronization_bursty,3,48,0.5833333333333334,0.0,0.0,76.11028112135996,76.11028112135996,3653.2934938252783,274.1483023624678,220.0,85.65774954870284,3,12,-0.12305766835545957,0.4375,0.2916666666666667,0.6458333333333334,1.0641495519690898,1.0,24.683697109112078,all_used_shared,endpoint+epr_generator+epr_pool+feedforward+quantum_link+readout+reset
entanglement_assisted_remote_cx,entanglement_assisted_remote_cx__all_used_shared,synchronization_bursty,4,48,0.6041666666666666,0.0,0.0,74.134152092467,74.134152092467,3558.4393004384165,220.0,220.0,82.27015851472764,3,12,-0.1419275052973796,0.4375,0.2916666666666667,0.6041666666666666,1.068841024672618,1.0047767335789273,27.492345081411106,all_used_shared,endpoint+epr_generator+epr_pool+feedforward+quantum_link+readout+reset
entanglement_assisted_remote_cx,entanglement_assisted_remote_cx__all_used_shared,synchronization_bursty,5,48,0.5625,0.0,0.0,73.06641272505512,73.06641272505512,3507.1878108026453,247.84255062136276,220.0,85.20781467107255,3,12,-0.14873457963225706,0.4375,0.2708333333333333,0.6041666666666666,1.0653028244039966,1.004777673468676,25.397707600924985,all_used_shared,endpoint+epr_generator+epr_pool+feedforward+quantum_link+readout+reset
entanglement_assisted_remote_cx,entanglement_assisted_remote_cx__all_used_shared,synchronization_bursty,6,48,0.6041666666666666,0.0,0.0,77.64456147571457,77.64456147571457,3726.9389508342992,265.62152388137474,220.0,84.18620578299542,3,12,-0.1268826378178197,0.4583333333333333,0.3125,0.625,1.089865192172828,1.0,35.214771674934354,all_used_shared,endpoint+epr_generator+epr_pool+feedforward+quantum_link+readout+reset
entanglement_assisted_remote_cx,entanglement_assisted_remote_cx__all_used_shared,synchronization_bursty,7,48,0.5625,0.0,0.0,77.31817957871313,77.31817957871313,3711.2726197782304,280.81529512282214,220.00035465069126,89.11332212743051,3,12,-0.14907064342801515,0.4583333333333333,0.2708333333333333,0.6041666666666666,1.0590786437042599,1.0,23.471372755384284,all_used_shared,endpoint+epr_generator+epr_pool+feedforward+quantum_link+readout+reset
entanglement_assisted_remote_cx,entanglement_assisted_remote_cx__all_used_shared,synchronization_bursty,8,48,0.6041666666666666,0.0,0.0,75.88744674601242,75.88744674601242,3642.597443808596,280.9908582447497,220.0,85.09953869706986,3,12,-0.12505146800591166,0.4375,0.2916666666666667,0.625,1.0684733693899702,1.0,27.218607248637934,all_used_shared,endpoint+epr_generator+epr_pool+feedforward+quantum_link+readout+reset
entanglement_assisted_remote_cx,entanglement_assisted_remote_cx__all_used_shared,synchronization_bursty,9,48,0.5625,0.0,0.0,72.18996785581089,72.18996785581089,3465.118457078923,262.4571839677742,220.0,86.5233238003965,3,12,-0.1623798751098217,0.4583333333333333,0.2708333333333333,0.5833333333333334,1.081146189827235,1.0,30.265183859577366,all_used_shared,endpoint+epr_generator+epr_pool+feedforward+quantum_link+readout+reset
