subexperiment,configuration_id,allocation_policy,communication_qubits_per_module,tenants_sharing_module,reservation_duration_ns,reset_time_ns,epr_prefetch_enabled,allocation_coordination,allocation_granularity,trial_count,successful_victim_trial_count,victim_failure_rate,mean_positive_delay_detection_probability,mean_negative_speedup_detection_probability,mean_signed_timing_change_probability,mean_failure_only_detection_probability,mean_delay_or_failure_detection_probability,mean_signed_timing_or_failure_detection_probability,mean_full_observable_change_probability,mean_signed_turnaround_change_ns,mean_absolute_turnaround_change_ns,mean_total_absolute_turnaround_change_ns,mean_signed_cq_queue_change_ns,mean_absolute_cq_queue_change_ns,mean_successful_victim_slowdown_ratio,max_successful_victim_slowdown_ratio,mean_request_failure_rate,mean_cq_service_utilization,mean_cq_reset_occupancy_fraction,mean_cq_reservation_occupancy_fraction,mean_cq_allocation_hold_fraction,mean_aggregate_resource_demand_nonphysical,fraction_aggregate_resource_demand_exceeds_one,mean_epr_unused_fraction,total_epr_prefetched_pairs,total_epr_used_pairs,total_epr_unused_pairs,mean_grant_fairness,mean_inverse_wait_fairness,successful_victim_trial_fraction,aggregate_epr_unused_fraction
core_policy_capacity_tenancy,core_policy_capacity_tenancy__coherence_aware__cq1__ten2__res500__reset50__noepr__global__per_operation,coherence_aware,1,2,500,50,False,global,per_operation,15,0,1.0,0.0,0.0,0.0,0.0,0.0,0.0,0.0,0.0,0.0,0.0,0.0,0.0,,,0.27701265358518246,0.1531684554363042,0.06962202519832004,0.473560429304713,0.0,0.6963509099393372,0.0,,0,0,0,0.8677455078443082,0.5013972960058183,0.0,
core_policy_capacity_tenancy,core_policy_capacity_tenancy__coherence_aware__cq1__ten3__res500__reset50__noepr__global__per_operation,coherence_aware,1,3,500,50,False,global,per_operation,15,0,1.0,0.0,0.0,0.0,0.0,0.0,0.0,0.0,0.0,0.0,0.0,0.0,0.0,,,0.31459516203026905,0.1590167445714482,0.07228033844156735,0.4671396008094152,0.0,0.6984366838224307,0.0,,0,0,0,0.7286333916263108,0.3405727294119867,0.0,
core_policy_capacity_tenancy,core_policy_capacity_tenancy__coherence_aware__cq1__ten4__res500__reset50__noepr__global__per_operation,coherence_aware,1,4,500,50,False,global,per_operation,15,0,1.0,0.0,0.0,0.0,0.0,0.0,0.0,0.0,0.0,0.0,0.0,0.0,0.0,,,0.3500621921300289,0.16235736015583963,0.07379880007083618,0.46175343668711155,0.0,0.6979095969137873,0.0,,0,0,0,0.6550421395485686,0.26293158012264145,0.0,
core_policy_capacity_tenancy,core_policy_capacity_tenancy__coherence_aware__cq1__ten8__res500__reset50__noepr__global__per_operation,coherence_aware,1,8,500,50,False,global,per_operation,15,0,1.0,0.0,0.023611111111111114,0.023611111111111114,0.0,0.0,0.023611111111111114,0.023611111111111114,-20.41111111111111,20.41111111111111,979.7333333333333,-20.41111111111111,20.41111111111111,,,0.4883984980774541,0.1651263476733256,0.07505743076060252,0.45149497718772785,0.0,0.6916787556216559,0.0,,0,0,0,0.4774702420662243,0.14118562272454868,0.0,
core_policy_capacity_tenancy,core_policy_capacity_tenancy__coherence_aware__cq2__ten2__res500__reset50__noepr__global__per_operation,coherence_aware,2,2,500,50,False,global,per_operation,15,15,0.0,0.0,0.0,0.0,0.0,0.0,0.0,0.0,0.0,0.0,0.0,0.0,0.0,1.0992059005155985,1.2503008423586042,0.0,0.11128324778348107,0.0505832944470368,0.30480634624358377,0.0,0.4666728884741016,0.0,,0,0,0,0.9011615494493965,0.5012184224087022,1.0,
core_policy_capacity_tenancy,core_policy_capacity_tenancy__coherence_aware__cq2__ten3__res500__reset50__noepr__global__per_operation,coherence_aware,2,3,500,50,False,global,per_operation,15,15,0.0,0.0,0.0,0.0,0.0,0.0,0.0,0.043055555555555555,0.0,0.0,0.0,0.0,0.0,1.1159697360057392,1.3394332939787486,0.0,0.12390690101289309,0.056321318642224116,0.3613325324979779,0.0,0.5415607521530952,0.0,,0,0,0,0.804958020709733,0.34843557475850595,1.0,
core_policy_capacity_tenancy,core_policy_capacity_tenancy__coherence_aware__cq2__ten4__res500__reset50__noepr__global__per_operation,coherence_aware,2,4,500,50,False,global,per_operation,15,15,0.0,0.0,0.0,0.0,0.0,0.0,0.0,0.10555555555555556,0.0,0.0,0.0,0.0,0.0,1.2055289570945213,2.1379310344827585,0.00531862745098038,0.14028552125724172,0.06376614602601896,0.4105905137073234,0.0,0.6146421809905841,0.0,,0,0,0,0.7625299952274943,0.2518539709200986,1.0,
core_policy_capacity_tenancy,core_policy_capacity_tenancy__coherence_aware__cq2__ten8__res500__reset50__noepr__global__per_operation,coherence_aware,2,8,500,50,False,global,per_operation,15,15,0.0,0.0,0.0,0.0,0.0,0.0,0.0,0.0,0.0,0.0,0.0,0.0,0.0,1.2866660212212297,2.107389162561576,0.07958127093379783,0.17292373609211245,0.07860169822368744,0.4311466609055448,0.0,0.6826720952213446,0.0,,0,0,0,0.6837718517924822,0.13159778721608578,1.0,
core_policy_capacity_tenancy,core_policy_capacity_tenancy__coherence_aware__cq4__ten2__res500__reset50__noepr__global__per_operation,coherence_aware,4,2,500,50,False,global,per_operation,15,15,0.0,0.0,0.0,0.0,0.0,0.0,0.0,0.0,0.0,0.0,0.0,0.0,0.0,1.0040462427745664,1.0202312138728324,0.0,0.05564162389174052,0.02529164722351838,0.1696966868875408,0.0,0.2506299580027997,0.0,,0,0,0,0.9011615494493965,0.5061773510579961,1.0,
core_policy_capacity_tenancy,core_policy_capacity_tenancy__coherence_aware__cq4__ten3__res500__reset50__noepr__global__per_operation,coherence_aware,4,3,500,50,False,global,per_operation,15,15,0.0,0.0,0.0,0.0,0.0,0.0,0.0,0.0,0.0,0.0,0.0,0.0,0.0,1.005656883552859,1.033467974610502,0.0,0.06267610702373692,0.028489139556244027,0.2105928631741313,0.0,0.30175810975411227,0.0,,0,0,0,0.804958020709733,0.46642207222538157,1.0,
core_policy_capacity_tenancy,core_policy_capacity_tenancy__coherence_aware__cq4__ten4__res500__reset50__noepr__global__per_operation,coherence_aware,4,4,500,50,False,global,per_operation,15,15,0.0,0.0,0.0,0.0,0.0,0.0,0.0,0.047222222222222214,0.0,0.0,0.0,0.0,0.0,1.0088690065930626,1.0526912181303116,0.0,0.07170456550296073,0.03259298431952757,0.2553014262618482,0.0,0.3595989760843365,0.0,,0,0,0,0.7677149113724713,0.38972681336551057,1.0,
core_policy_capacity_tenancy,core_policy_capacity_tenancy__coherence_aware__cq4__ten8__res500__reset50__noepr__global__per_operation,coherence_aware,4,8,500,50,False,global,per_operation,15,15,0.0,0.0,0.0,0.0,0.0,0.0,0.0,0.043055555555555555,0.0,0.0,0.0,0.0,0.0,1.058277895613727,1.3904109589041096,0.0,0.10713434085236487,0.04869742766016582,0.38917498777875253,0.0,0.5450067562912833,0.0,,0,0,0,0.7482382334044941,0.13059638787218075,1.0,
core_policy_capacity_tenancy,core_policy_capacity_tenancy__coherence_aware__cq8__ten2__res500__reset50__noepr__global__per_operation,coherence_aware,8,2,500,50,False,global,per_operation,15,15,0.0,0.0,0.0,0.0,0.0,0.0,0.0,0.0,0.0,0.0,0.0,0.0,0.0,1.0003569303985722,1.0017846519928615,0.0,0.02782081194587026,0.01264582361175918,0.09677788147456833,0.0,0.13724451703219775,0.0,,0,0,0,0.9011615494493965,0.708500568221984,1.0,
core_policy_capacity_tenancy,core_policy_capacity_tenancy__coherence_aware__cq8__ten3__res500__reset50__noepr__global__per_operation,coherence_aware,8,3,500,50,False,global,per_operation,15,15,0.0,0.0,0.0,0.0,0.0,0.0,0.0,0.008333333333333333,0.0,0.0,0.0,0.0,0.0,1.0003567184446538,1.0017846519928615,0.0,0.03097431142904143,0.01407923246774608,0.11613574704417665,0.0,0.16118929094096415,0.0,,0,0,0,0.804958020709733,0.7313298487003626,1.0,
core_policy_capacity_tenancy,core_policy_capacity_tenancy__coherence_aware__cq8__ten4__res500__reset50__noepr__global__per_operation,coherence_aware,8,4,500,50,False,global,per_operation,15,15,0.0,0.0,0.0,0.0,0.0,0.0,0.0,0.0,0.0,0.0,0.0,0.0,0.0,1.0003567184446538,1.0017846519928615,0.0,0.03507881738745477,0.015944916994297585,0.138993378059536,0.0,0.19001711244128835,0.0,,0,0,0,0.7677149113724713,0.6511775229382365,1.0,
core_policy_capacity_tenancy,core_policy_capacity_tenancy__coherence_aware__cq8__ten8__res500__reset50__noepr__global__per_operation,coherence_aware,8,8,500,50,False,global,per_operation,15,15,0.0,0.0,0.0,0.0,0.0,0.0,0.0,0.10555555555555556,0.0,0.0,0.0,0.0,0.0,1.0017888893310796,1.0120141342756184,0.0,0.0536618559197111,0.024391752690777754,0.23497299573042235,0.0,0.3130266043409112,0.0,,0,0,0,0.7482382334044941,0.49203713811306654,1.0,
core_policy_capacity_tenancy,core_policy_capacity_tenancy__fair_share__cq1__ten2__res500__reset50__noepr__global__per_operation,fair_share,1,2,500,50,False,global,per_operation,15,0,1.0,0.0,0.0,0.0,0.0,0.0,0.0,0.0,0.0,0.0,0.0,0.0,0.0,,,0.27701265358518246,0.1531684554363042,0.06962202519832004,0.473560429304713,0.0,0.6963509099393372,0.0,,0,0,0,0.8677455078443082,0.5013972960058183,0.0,
core_policy_capacity_tenancy,core_policy_capacity_tenancy__fair_share__cq1__ten3__res500__reset50__noepr__global__per_operation,fair_share,1,3,500,50,False,global,per_operation,15,0,1.0,0.0,0.0,0.0,0.0,0.0,0.0,0.0,0.0,0.0,0.0,0.0,0.0,,,0.31288576824430164,0.15908252101673748,0.07231023682578974,0.46675420980251386,0.0,0.6981469676450411,0.0,,0,0,0,0.7331190401266079,0.3397537802199882,0.0,
core_policy_capacity_tenancy,core_policy_capacity_tenancy__fair_share__cq1__ten4__res500__reset50__noepr__global__per_operation,fair_share,1,4,500,50,False,global,per_operation,15,0,1.0,0.0,0.008333333333333333,0.008333333333333333,0.0,0.0,0.008333333333333333,0.008333333333333333,-5.104166666666667,5.104166666666667,245.0,-5.104166666666667,5.104166666666667,,,0.35041307353831075,0.1622136139978336,0.07373346090810616,0.46175368092670827,0.0,0.6977007558326479,0.0,,0,0,0,0.6549250712620982,0.2526489307471025,0.0,
core_policy_capacity_tenancy,core_policy_capacity_tenancy__fair_share__cq1__ten8__res500__reset50__noepr__global__per_operation,fair_share,1,8,500,50,False,global,per_operation,15,0,1.0,0.0,0.0,0.0,0.0,0.0,0.0,0.0,0.0,0.0,0.0,0.0,0.0,,,0.49027311598769757,0.16481276759235358,0.07491489436016069,0.45104601671892314,0.0,0.6907736786714374,0.0,,0,0,0,0.4748191357084556,0.14566588698141597,0.0,
core_policy_capacity_tenancy,core_policy_capacity_tenancy__fair_share__cq2__ten2__res500__reset50__noepr__global__per_operation,fair_share,2,2,500,50,False,global,per_operation,15,15,0.0,0.0,0.0,0.0,0.0,0.0,0.0,0.30833333333333335,0.0,0.0,0.0,0.0,0.0,1.0992059005155985,1.2503008423586042,0.0,0.11128324778348107,0.0505832944470368,0.3955949603359776,0.0,0.5574615025664954,0.0,,0,0,0,0.9011615494493965,0.5011969625105086,1.0,
core_policy_capacity_tenancy,core_policy_capacity_tenancy__fair_share__cq2__ten3__res500__reset50__noepr__global__per_operation,fair_share,2,3,500,50,False,global,per_operation,15,15,0.0,0.0,0.0,0.0,0.0,0.0,0.0,0.3541666666666667,0.0,0.0,0.0,0.0,0.0,1.127601947098453,1.411087190527449,0.0010869565217391268,0.12511980072459275,0.05687263669299667,0.4498471490436968,0.0,0.6318395864612862,0.0,,0,0,0,0.8037733865411387,0.33952063353280043,1.0,
core_policy_capacity_tenancy,core_policy_capacity_tenancy__fair_share__cq2__ten4__res500__reset50__noepr__global__per_operation,fair_share,2,4,500,50,False,global,per_operation,15,15,0.0,0.0,0.0,0.0,0.0,0.0,0.0,0.5513888888888889,0.0,0.0,0.0,0.0,0.0,1.1273862264885974,1.3923885828743114,0.004754901960784307,0.14096131767711076,0.0640733262168685,0.4991434057612552,0.0,0.7041780496552345,0.0,,0,0,0,0.7631032629339234,0.2518507691295185,1.0,
core_policy_capacity_tenancy,core_policy_capacity_tenancy__fair_share__cq2__ten8__res500__reset50__noepr__global__per_operation,fair_share,2,8,500,50,False,global,per_operation,15,5,0.6666666666666666,0.0,0.0,0.0,0.0,0.0,0.0,0.24166666666666667,0.0,0.0,0.0,0.0,0.0,1.1987955503883825,1.4942450914014895,0.12394089440278333,0.16569101247687,0.07531409658039541,0.5305537993025483,0.0,0.7715589083598137,0.0,,0,0,0,0.7589957055640777,0.12947993770822105,0.3333333333333333,
core_policy_capacity_tenancy,core_policy_capacity_tenancy__fair_share__cq4__ten2__res500__reset50__noepr__global__per_operation,fair_share,4,2,500,50,False,global,per_operation,15,15,0.0,0.0,0.0,0.0,0.0,0.0,0.0,0.6416666666666667,0.0,0.0,0.0,0.0,0.0,1.0040462427745664,1.0202312138728324,0.0,0.05564162389174052,0.02529164722351838,0.22539664022398503,0.0,0.3063299113392439,0.0,,0,0,0,0.9011615494493965,0.5060692370906346,1.0,
core_policy_capacity_tenancy,core_policy_capacity_tenancy__fair_share__cq4__ten3__res500__reset50__noepr__global__per_operation,fair_share,4,3,500,50,False,global,per_operation,15,15,0.0,0.0,0.0,0.0,0.0,0.0,0.0,0.5666666666666667,0.0,0.0,0.0,0.0,0.0,1.0559708471369709,1.7652173913043478,0.0,0.06294617434002608,0.028611897427284545,0.26805262607771085,0.0,0.35961069784502153,0.0,,0,0,0,0.804958020709733,0.43714619885142236,1.0,
core_policy_capacity_tenancy,core_policy_capacity_tenancy__fair_share__cq4__ten4__res500__reset50__noepr__global__per_operation,fair_share,4,4,500,50,False,global,per_operation,15,15,0.0,0.0,0.0,0.0,0.0,0.0,0.0,0.5958333333333333,0.0,0.0,0.0,0.0,0.0,1.007940019879719,1.0324855491329479,0.0,0.07066537310709697,0.0321206241395895,0.3089345571521304,0.0,0.4117205543988169,0.0,,0,0,0,0.7677149113724713,0.3094252359826025,1.0,
core_policy_capacity_tenancy,core_policy_capacity_tenancy__fair_share__cq4__ten8__res500__reset50__noepr__global__per_operation,fair_share,4,8,500,50,False,global,per_operation,15,15,0.0,0.0,0.0,0.0,0.0,0.0,0.0,0.8069444444444444,0.0,0.0,0.0,0.0,0.0,1.0732271638788509,1.34020156774916,0.0,0.10703082452510153,0.04865037478413703,0.45446246366818915,0.0,0.6101436629774277,0.0,,0,0,0,0.7482382334044941,0.13151399045110382,1.0,
core_policy_capacity_tenancy,core_policy_capacity_tenancy__fair_share__cq8__ten2__res500__reset50__noepr__global__per_operation,fair_share,8,2,500,50,False,global,per_operation,15,15,0.0,0.0,0.0,0.0,0.0,0.0,0.0,0.7125,0.0,0.0,0.0,0.0,0.0,1.0003569303985722,1.0017846519928615,0.0,0.02782081194587026,0.01264582361175918,0.13215818945403635,0.0,0.1726248250116658,0.0,,0,0,0,0.9011615494493965,0.705209388973585,1.0,
core_policy_capacity_tenancy,core_policy_capacity_tenancy__fair_share__cq8__ten3__res500__reset50__noepr__global__per_operation,fair_share,8,3,500,50,False,global,per_operation,15,15,0.0,0.0,0.0,0.0,0.0,0.0,0.0,0.6763888888888889,0.0,0.0,0.0,0.0,0.0,1.0003567184446538,1.0017846519928615,0.0,0.03171850320901531,0.014417501458643274,0.1561552123445535,0.0,0.2022912170122121,0.0,,0,0,0,0.804958020709733,0.6662696892715229,1.0,
core_policy_capacity_tenancy,core_policy_capacity_tenancy__fair_share__cq8__ten4__res500__reset50__noepr__global__per_operation,fair_share,8,4,500,50,False,global,per_operation,15,15,0.0,0.0,0.0,0.0,0.0,0.0,0.0,0.7083333333333334,0.0,0.0,0.0,0.0,0.0,1.000673212745684,1.0065320665083135,0.0,0.035428151019708726,0.016103705008958486,0.17735411822468,0.0,0.22888597425334722,0.0,,0,0,0,0.7677149113724713,0.5589557919314238,1.0,
core_policy_capacity_tenancy,core_policy_capacity_tenancy__fair_share__cq8__ten8__res500__reset50__noepr__global__per_operation,fair_share,8,8,500,50,False,global,per_operation,15,15,0.0,0.0,0.0,0.0,0.0,0.0,0.0,0.7513888888888889,0.0,0.0,0.0,0.0,0.0,1.00160996162712,1.0152851263962375,0.0,0.053940258620287306,0.024518299372857846,0.2780978769524232,0.0,0.3565564349455684,0.0,,0,0,0,0.7482382334044941,0.36937441592437564,1.0,
core_policy_capacity_tenancy,core_policy_capacity_tenancy__first_available__cq1__ten2__res500__reset50__noepr__global__per_operation,first_available,1,2,500,50,False,global,per_operation,15,0,1.0,0.0,0.0,0.0,0.0,0.0,0.0,0.0,0.0,0.0,0.0,0.0,0.0,,,0.27701265358518246,0.1531684554363042,0.06962202519832004,0.473560429304713,0.0,0.6963509099393372,0.0,,0,0,0,0.8677455078443082,0.5013972960058183,0.0,
core_policy_capacity_tenancy,core_policy_capacity_tenancy__first_available__cq1__ten3__res500__reset50__noepr__global__per_operation,first_available,1,3,500,50,False,global,per_operation,15,0,1.0,0.0,0.0,0.0,0.0,0.0,0.0,0.0,0.0,0.0,0.0,0.0,0.0,,,0.32731410434687525,0.1575919172258079,0.07163268964809448,0.46758562747637206,0.0,0.6968102343502743,0.0,,0,0,0,0.7112342241560454,0.33892442402177647,0.0,
core_policy_capacity_tenancy,core_policy_capacity_tenancy__first_available__cq1__ten4__res500__reset50__noepr__global__per_operation,first_available,1,4,500,50,False,global,per_operation,15,0,1.0,0.0,0.004166666666666667,0.004166666666666667,0.0,0.0,0.004166666666666667,0.004166666666666667,-1.65,1.65,79.2,-1.65,1.65,,,0.3521409418117198,0.16217286514153204,0.07371493870069633,0.46183358273306313,0.0,0.6977213865752916,0.0,,0,0,0,0.653183479839982,0.25172009584549276,0.0,
core_policy_capacity_tenancy,core_policy_capacity_tenancy__first_available__cq1__ten8__res500__reset50__noepr__global__per_operation,first_available,1,8,500,50,False,global,per_operation,15,0,1.0,0.0,0.0,0.0,0.0,0.0,0.0,0.0,0.0,0.0,0.0,0.0,0.0,,,0.48565352986024074,0.16613791638147166,0.07551723471885072,0.4516620728702395,0.0,0.693317223970562,0.0,,0,0,0,0.4802239614472456,0.14766028014290614,0.0,
core_policy_capacity_tenancy,core_policy_capacity_tenancy__first_available__cq2__ten2__res500__reset50__noepr__global__per_operation,first_available,2,2,500,50,False,global,per_operation,15,15,0.0,0.0,0.0,0.0,0.0,0.0,0.0,0.5208333333333334,0.0,0.0,0.0,0.0,0.0,1.0992059005155985,1.2503008423586042,0.0,0.11128324778348107,0.0505832944470368,0.41239384041063926,0.0,0.5742603826411571,0.0,,0,0,0,0.9011615494493965,0.5011969625105086,1.0,
core_policy_capacity_tenancy,core_policy_capacity_tenancy__first_available__cq2__ten3__res500__reset50__noepr__global__per_operation,first_available,2,3,500,50,False,global,per_operation,15,15,0.0,0.0,0.0,0.0,0.0,0.0,0.0,0.6652777777777777,0.0,0.0,0.0,0.0,0.0,1.1198262478752954,1.2711314053779807,0.0010869565217391268,0.12565819397198894,0.05711736089635859,0.46274703135580075,0.0,0.6455225862241483,0.0,,0,0,0,0.8037733865411387,0.33631700393291486,1.0,
core_policy_capacity_tenancy,core_policy_capacity_tenancy__first_available__cq2__ten4__res500__reset50__noepr__global__per_operation,first_available,2,4,500,50,False,global,per_operation,15,15,0.0,0.0,0.0,0.0,0.0,0.0,0.0,0.42916666666666664,0.0,0.0,0.0,0.0,0.0,1.164027603615652,1.4198580141985802,0.00196078431372548,0.1404594892392375,0.06384522238147158,0.5050187836865576,0.0,0.7093234953072667,0.0,,0,0,0,0.7658368234907094,0.25186721133269285,1.0,
core_policy_capacity_tenancy,core_policy_capacity_tenancy__first_available__cq2__ten8__res500__reset50__noepr__global__per_operation,first_available,2,8,500,50,False,global,per_operation,15,12,0.2,0.004166666666666667,0.0,0.004166666666666667,0.0,0.004166666666666667,0.004166666666666667,0.5069444444444444,0.3236111111111111,0.3236111111111111,15.533333333333333,0.3236111111111111,0.3236111111111111,1.110055859624447,1.5645320197044335,0.08721373658407622,0.17222851510115153,0.07828568868234158,0.5418468849317272,0.0,0.7923610887152202,0.0,,0,0,0,0.7133846225749534,0.12737441333632063,0.8,
core_policy_capacity_tenancy,core_policy_capacity_tenancy__first_available__cq4__ten2__res500__reset50__noepr__global__per_operation,first_available,4,2,500,50,False,global,per_operation,15,15,0.0,0.0,0.0,0.0,0.0,0.0,0.0,0.775,0.0,0.0,0.0,0.0,0.0,1.0040462427745664,1.0202312138728324,0.0,0.05564162389174052,0.02529164722351838,0.22752449836677555,0.0,0.3084577694820344,0.0,,0,0,0,0.9011615494493965,0.5060692370906346,1.0,
core_policy_capacity_tenancy,core_policy_capacity_tenancy__first_available__cq4__ten3__res500__reset50__noepr__global__per_operation,first_available,4,3,500,50,False,global,per_operation,15,15,0.0,0.0,0.0,0.0,0.0,0.0,0.0,0.6930555555555556,0.0,0.0,0.0,0.0,0.0,1.0074133459135333,1.0361486870524041,0.0,0.062006661571381474,0.02818484616880974,0.2684848361312618,0.0,0.35867634387145303,0.0,,0,0,0,0.804958020709733,0.4061790026018098,1.0,
core_policy_capacity_tenancy,core_policy_capacity_tenancy__first_available__cq4__ten4__res500__reset50__noepr__global__per_operation,first_available,4,4,500,50,False,global,per_operation,15,15,0.0,0.0,0.0,0.0,0.0,0.0,0.0,0.7680555555555556,0.0,0.0,0.0,0.0,0.0,1.0095130423390235,1.0657223796033994,0.0,0.0708028970688719,0.03218313503130536,0.31712173993681864,0.0,0.4201077720369959,0.0,,0,0,0,0.7677149113724713,0.3103034078566586,1.0,
core_policy_capacity_tenancy,core_policy_capacity_tenancy__first_available__cq4__ten8__res500__reset50__noepr__global__per_operation,first_available,4,8,500,50,False,global,per_operation,15,15,0.0,0.0,0.0,0.0,0.0,0.0,0.0,0.8972222222222223,0.0,0.0,0.0,0.0,0.0,1.090754217412852,1.7652173913043478,0.0,0.1070106103739644,0.04864118653362016,0.4659204280362454,0.0,0.6215722249438299,0.0,,0,0,0,0.7482382334044941,0.13003442385440447,1.0,
core_policy_capacity_tenancy,core_policy_capacity_tenancy__first_available__cq8__ten2__res500__reset50__noepr__global__per_operation,first_available,8,2,500,50,False,global,per_operation,15,15,0.0,0.0,0.0,0.0,0.0,0.0,0.0,0.7625,0.0,0.0,0.0,0.0,0.0,1.0003569303985722,1.0017846519928615,0.0,0.02782081194587026,0.01264582361175918,0.13241950536630887,0.0,0.1728861409239383,0.0,,0,0,0,0.9011615494493965,0.705209388973585,1.0,
core_policy_capacity_tenancy,core_policy_capacity_tenancy__first_available__cq8__ten3__res500__reset50__noepr__global__per_operation,first_available,8,3,500,50,False,global,per_operation,15,15,0.0,0.0,0.0,0.0,0.0,0.0,0.0,0.7819444444444444,0.0,0.0,0.0,0.0,0.0,1.0003569303985722,1.0017846519928615,0.0,0.03144589531904253,0.014293588781382939,0.15497460983603847,0.0,0.20071409393646397,0.0,,0,0,0,0.804958020709733,0.6044925956418005,1.0,
core_policy_capacity_tenancy,core_policy_capacity_tenancy__first_available__cq8__ten4__res500__reset50__noepr__global__per_operation,first_available,8,4,500,50,False,global,per_operation,15,15,0.0,0.0,0.0,0.0,0.0,0.0,0.0,0.7763888888888889,0.0,0.0,0.0,0.0,0.0,1.0004038004750595,1.0042755344418053,0.0,0.03570625131063454,0.01623011423210658,0.1800081884930938,0.0,0.23194455403583492,0.0,,0,0,0,0.7677149113724713,0.5126655202568028,1.0,
core_policy_capacity_tenancy,core_policy_capacity_tenancy__first_available__cq8__ten8__res500__reset50__noepr__global__per_operation,first_available,8,8,500,50,False,global,per_operation,15,15,0.0,0.0,0.0,0.0,0.0,0.0,0.0,0.8541666666666666,0.0,0.0,0.0,0.0,0.0,1.0009953805192053,1.0082169268693508,0.0,0.05383404164575211,0.024470018929887295,0.2828105147399854,0.0,0.36111457531562485,0.0,,0,0,0,0.7482382334044941,0.3513485165810604,1.0,
core_policy_capacity_tenancy,core_policy_capacity_tenancy__per_tenant_reserved__cq1__ten2__res500__reset50__noepr__global__per_operation,per_tenant_reserved,1,2,500,50,False,global,per_operation,15,12,0.2,0.0,0.0,0.0,1.0,1.0,1.0,1.0,,,0.0,,,1.0,1.0,0.5433742893819916,0.11185363505055364,0.050842561386615276,0.2414829080404429,0.0,0.4041791044776118,0.0,,0,0,0,0.5,0.5005404361301273,0.8,
core_policy_capacity_tenancy,core_policy_capacity_tenancy__per_tenant_reserved__cq1__ten3__res500__reset50__noepr__global__per_operation,per_tenant_reserved,1,3,500,50,False,global,per_operation,15,12,0.2,0.0,0.0,0.0,1.0,1.0,1.0,1.0,,,0.0,,,1.0,1.0,0.6146220165298686,0.10620561742300443,0.04827528064682017,0.2289545175705299,0.0,0.3834354156403545,0.0,,0,0,0,0.3333333333333333,0.6670268858076166,0.8,
core_policy_capacity_tenancy,core_policy_capacity_tenancy__per_tenant_reserved__cq1__ten4__res500__reset50__noepr__global__per_operation,per_tenant_reserved,1,4,500,50,False,global,per_operation,15,12,0.2,0.0,0.0,0.0,1.0,1.0,1.0,1.0,,,0.0,,,1.0,1.0,0.6657506099213879,0.10347247135791991,0.0470329415263272,0.2233495066325964,0.0,0.3738549195168435,0.0,,0,0,0,0.25,0.7502701464525823,0.8,
core_policy_capacity_tenancy,core_policy_capacity_tenancy__per_tenant_reserved__cq1__ten8__res500__reset50__noepr__global__per_operation,per_tenant_reserved,1,8,500,50,False,global,per_operation,15,12,0.2,0.0,0.0,0.0,1.0,1.0,1.0,1.0,,,0.0,,,1.0,1.0,0.7800327151445626,0.10281198598289917,0.046732720901317776,0.22200943853830735,0.0,0.3715541454225243,0.0,,0,0,0,0.125,0.875135062995927,0.8,
core_policy_capacity_tenancy,core_policy_capacity_tenancy__per_tenant_reserved__cq2__ten2__res500__reset50__noepr__global__per_operation,per_tenant_reserved,2,2,500,50,False,global,per_operation,15,12,0.2,0.0,0.0,0.0,0.0,0.0,0.0,1.0,0.0,0.0,0.0,0.0,0.0,1.0,1.0,0.04634146341463414,0.10348110125991598,0.04703686420905268,0.3074101726551563,0.0,0.457928138124125,0.0,,0,0,0,0.9197720372383336,0.5005404361301273,0.8,
core_policy_capacity_tenancy,core_policy_capacity_tenancy__per_tenant_reserved__cq2__ten3__res500__reset50__noepr__global__per_operation,per_tenant_reserved,2,3,500,50,False,global,per_operation,15,12,0.2,0.0,0.0,0.0,0.0,0.0,0.0,1.0,0.0,0.0,0.0,0.0,0.0,1.0,1.0,0.2099271915624933,0.09981516356478397,0.04537052889308361,0.2964803360112201,0.0,0.4416660284690876,0.0,,0,0,0,0.6131813581588891,0.6670268858076166,0.8,
core_policy_capacity_tenancy,core_policy_capacity_tenancy__per_tenant_reserved__cq2__ten4__res500__reset50__noepr__global__per_operation,per_tenant_reserved,2,4,500,50,False,global,per_operation,15,12,0.2,0.0,0.0,0.0,0.0,0.0,0.0,1.0,0.0,0.0,0.0,0.0,0.0,1.0,1.0,0.3229347692156041,0.09894660329862774,0.04497572877210351,0.2940360677571199,0.0,0.43795839982785106,0.0,,0,0,0,0.4598860186191668,0.7502701464525823,0.8,
core_policy_capacity_tenancy,core_policy_capacity_tenancy__per_tenant_reserved__cq2__ten8__res500__reset50__noepr__global__per_operation,per_tenant_reserved,2,8,500,50,False,global,per_operation,15,12,0.2,0.0,0.0,0.0,0.0,0.0,0.0,1.0,0.0,0.0,0.0,0.0,0.0,1.0,1.0,0.5648121003547681,0.09730031078096729,0.04422741399134875,0.2890918869358001,0.0,0.43061961170811613,0.0,,0,0,0,0.2299430093095834,0.875135062995927,0.8,
core_policy_capacity_tenancy,core_policy_capacity_tenancy__per_tenant_reserved__cq4__ten2__res500__reset50__noepr__global__per_operation,per_tenant_reserved,4,2,500,50,False,global,per_operation,15,12,0.2,0.0,0.0,0.0,0.0,0.0,0.0,1.0,0.0,0.0,0.0,0.0,0.0,1.0,1.0,0.04634146341463414,0.051740550629957985,0.02351843210452632,0.15370508632757812,0.0,0.22896406906206243,0.0,,0,0,0,0.9197720372383336,0.5005404361301273,0.8,
core_policy_capacity_tenancy,core_policy_capacity_tenancy__per_tenant_reserved__cq4__ten3__res500__reset50__noepr__global__per_operation,per_tenant_reserved,4,3,500,50,False,global,per_operation,15,12,0.2,0.0,0.0,0.0,0.0,0.0,0.0,1.0,0.0,0.0,0.0,0.0,0.0,1.0,1.0,0.04130434782608694,0.05920217449143138,0.026910079314286954,0.19121997943203148,0.0,0.2773322332377498,0.0,,0,0,0,0.8269934095012292,0.4245392039540474,0.8,
core_policy_capacity_tenancy,core_policy_capacity_tenancy__per_tenant_reserved__cq4__ten4__res500__reset50__noepr__global__per_operation,per_tenant_reserved,4,4,500,50,False,global,per_operation,15,12,0.2,0.0,0.0,0.0,0.0,0.0,0.0,1.0,0.0,0.0,0.0,0.0,0.0,1.0,1.0,0.0372549019607843,0.06753552985145109,0.030697968114295916,0.23254823594227123,0.0,0.33078173390801824,0.0,,0,0,0,0.792019202413716,0.3346408669318065,0.8,
core_policy_capacity_tenancy,core_policy_capacity_tenancy__per_tenant_reserved__cq4__ten8__res500__reset50__noepr__global__per_operation,per_tenant_reserved,4,8,500,50,False,global,per_operation,15,12,0.2,0.0,0.0,0.0,0.0,0.0,0.0,1.0,0.0,0.0,0.0,0.0,0.0,1.0,1.0,0.3854615880299393,0.06669738355583081,0.030316992525377607,0.23027253678277818,0.0,0.32728691286398665,0.0,,0,0,0,0.396009601206858,0.6775585617157174,0.8,
core_policy_capacity_tenancy,core_policy_capacity_tenancy__per_tenant_reserved__cq8__ten2__res500__reset50__noepr__global__per_operation,per_tenant_reserved,8,2,500,50,False,global,per_operation,15,12,0.2,0.0,0.0,0.0,0.0,0.0,0.0,1.0,0.0,0.0,0.0,0.0,0.0,1.0,1.0,0.04634146341463414,0.02587027531497898,0.01175921605226314,0.07685254316378903,0.0,0.11448203453103115,0.0,,0,0,0,0.9197720372383336,0.5005404361301273,0.8,
core_policy_capacity_tenancy,core_policy_capacity_tenancy__per_tenant_reserved__cq8__ten3__res500__reset50__noepr__global__per_operation,per_tenant_reserved,8,3,500,50,False,global,per_operation,15,12,0.2,0.0,0.0,0.0,0.0,0.0,0.0,1.0,0.0,0.0,0.0,0.0,0.0,1.0,1.0,0.04130434782608694,0.029327476107392548,0.013330670957905667,0.09567865726163585,0.0,0.13833680432693407,0.0,,0,0,0,0.8269934095012292,0.41287569268620783,0.8,
core_policy_capacity_tenancy,core_policy_capacity_tenancy__per_tenant_reserved__cq8__ten4__res500__reset50__noepr__global__per_operation,per_tenant_reserved,8,4,500,50,False,global,per_operation,15,12,0.2,0.0,0.0,0.0,0.0,0.0,0.0,1.0,0.0,0.0,0.0,0.0,0.0,1.0,1.0,0.0372549019607843,0.033307976202652564,0.015139989183023879,0.11464555202378074,0.0,0.16309351740945718,0.0,,0,0,0,0.792019202413716,0.34496473910999037,0.8,
core_policy_capacity_tenancy,core_policy_capacity_tenancy__per_tenant_reserved__cq8__ten8__res500__reset50__noepr__global__per_operation,per_tenant_reserved,8,8,500,50,False,global,per_operation,15,12,0.2,0.0,0.0,0.0,0.0,0.0,0.0,1.0,0.0,0.0,0.0,0.0,0.0,1.0,1.0,0.026760563380281686,0.05186369111845169,0.02357440505384165,0.2007513532228758,0.0,0.27618944939516915,0.0,,0,0,0,0.7774421457299855,0.31841456267555696,0.8,
core_policy_capacity_tenancy,core_policy_capacity_tenancy__predicted_demand__cq1__ten2__res500__reset50__noepr__global__per_operation,predicted_demand,1,2,500,50,False,global,per_operation,15,0,1.0,0.0,0.0,0.0,0.0,0.0,0.0,0.0,0.0,0.0,0.0,0.0,0.0,,,0.27701265358518246,0.1531684554363042,0.06962202519832004,0.473560429304713,0.0,0.6963509099393372,0.0,,0,0,0,0.8677455078443082,0.5013972960058183,0.0,
core_policy_capacity_tenancy,core_policy_capacity_tenancy__predicted_demand__cq1__ten3__res500__reset50__noepr__global__per_operation,predicted_demand,1,3,500,50,False,global,per_operation,15,0,1.0,0.0,0.0,0.0,0.0,0.0,0.0,0.0,0.0,0.0,0.0,0.0,0.0,,,0.31446280898422363,0.1583720593977963,0.07198729972627102,0.46627297742296664,0.0,0.696632336547034,0.0,,0,0,0,0.7308325053404883,0.33442334365766635,0.0,
core_policy_capacity_tenancy,core_policy_capacity_tenancy__predicted_demand__cq1__ten4__res500__reset50__noepr__global__per_operation,predicted_demand,1,4,500,50,False,global,per_operation,15,0,1.0,0.0,0.0,0.0,0.0,0.0,0.0,0.0,0.0,0.0,0.0,0.0,0.0,,,0.3540714210415349,0.16196554252471992,0.07362070114759994,0.46184205676391077,0.0,0.6974283004362306,0.0,,0,0,0,0.6493201275454319,0.25268215544477624,0.0,
core_policy_capacity_tenancy,core_policy_capacity_tenancy__predicted_demand__cq1__ten8__res500__reset50__noepr__global__per_operation,predicted_demand,1,8,500,50,False,global,per_operation,15,0,1.0,0.04583333333333333,0.01111111111111111,0.05694444444444444,0.0,0.04583333333333333,0.05694444444444444,0.05694444444444444,169.93055555555557,187.96944444444443,9022.533333333333,169.93055555555557,187.96944444444443,,,0.48611174251812195,0.1672643837725549,0.07602926535116132,0.45145612184568595,0.0,0.6947497709694022,0.0,,0,0,0,0.4647480913456387,0.17945863589019545,0.0,
core_policy_capacity_tenancy,core_policy_capacity_tenancy__predicted_demand__cq2__ten2__res500__reset50__noepr__global__per_operation,predicted_demand,2,2,500,50,False,global,per_operation,15,15,0.0,0.0,0.0,0.0,0.0,0.0,0.0,0.0,0.0,0.0,0.0,0.0,0.0,1.0992059005155985,1.2503008423586042,0.0,0.11128324778348107,0.0505832944470368,0.32063462435837603,0.0,0.4825011665888939,0.0,,0,0,0,0.9011615494493965,0.5012184224087022,1.0,
core_policy_capacity_tenancy,core_policy_capacity_tenancy__predicted_demand__cq2__ten3__res500__reset50__noepr__global__per_operation,predicted_demand,2,3,500,50,False,global,per_operation,15,15,0.0,0.0,0.0,0.0,0.0,0.0,0.0,0.0,0.0,0.0,0.0,0.0,0.0,1.129046242663638,1.3780271707028944,0.0007246376811594201,0.12527597563489223,0.05694362528858736,0.38274527386245416,0.0,0.5649648747859338,0.0,,0,0,0,0.8041666528388001,0.3378815530340813,1.0,
core_policy_capacity_tenancy,core_policy_capacity_tenancy__predicted_demand__cq2__ten4__res500__reset50__noepr__global__per_operation,predicted_demand,2,4,500,50,False,global,per_operation,15,15,0.0,0.0,0.0,0.0,0.0,0.0,0.0,0.0,0.0,0.0,0.0,0.0,0.0,1.1412170036513063,1.493739183548814,0.005972222222222213,0.14172093611106945,0.06441860732321336,0.4232507897453637,0.0,0.6293903331796464,0.0,,0,0,0,0.7619051437254032,0.2519281249613827,1.0,
core_policy_capacity_tenancy,core_policy_capacity_tenancy__predicted_demand__cq2__ten8__res500__reset50__noepr__global__per_operation,predicted_demand,2,8,500,50,False,global,per_operation,15,13,0.13333333333333333,0.0,0.0,0.0,0.0,0.0,0.0,0.06666666666666667,0.0,0.0,0.0,0.0,0.0,1.144102886580512,1.6761904761904762,0.10091070724666414,0.17002300844110482,0.07728318565504762,0.44349942461721353,0.0,0.690805618713366,0.0,,0,0,0,0.6700806118553853,0.12639114443246757,0.8666666666666667,
core_policy_capacity_tenancy,core_policy_capacity_tenancy__predicted_demand__cq4__ten2__res500__reset50__noepr__global__per_operation,predicted_demand,4,2,500,50,False,global,per_operation,15,15,0.0,0.0,0.0,0.0,0.0,0.0,0.0,0.0,0.0,0.0,0.0,0.0,0.0,1.0040462427745664,1.0202312138728324,0.0,0.05564162389174052,0.02529164722351838,0.1762809146056929,0.0,0.25721418572095184,0.0,,0,0,0,0.9011615494493965,0.5061773510579961,1.0,
core_policy_capacity_tenancy,core_policy_capacity_tenancy__predicted_demand__cq4__ten3__res500__reset50__noepr__global__per_operation,predicted_demand,4,3,500,50,False,global,per_operation,15,15,0.0,0.0,0.0,0.0,0.0,0.0,0.0,0.0,0.0,0.0,0.0,0.0,0.0,1.0105322813275202,1.0526912181303116,0.0,0.0616938559138427,0.02804266177901938,0.21611855010499073,0.0,0.3058550677978528,0.0,,0,0,0,0.804958020709733,0.47317816397685264,1.0,
core_policy_capacity_tenancy,core_policy_capacity_tenancy__predicted_demand__cq4__ten4__res500__reset50__noepr__global__per_operation,predicted_demand,4,4,500,50,False,global,per_operation,15,15,0.0,0.0,0.0,0.0,0.0,0.0,0.0,0.0,0.0,0.0,0.0,0.0,0.0,1.00504816955684,1.0352601156069363,0.0,0.07090884284507067,0.032231292202304834,0.2587800258504008,0.0,0.3619201608977763,0.0,,0,0,0,0.7677149113724713,0.3820857806006561,1.0,
core_policy_capacity_tenancy,core_policy_capacity_tenancy__predicted_demand__cq4__ten8__res500__reset50__noepr__global__per_operation,predicted_demand,4,8,500,50,False,global,per_operation,15,15,0.0,0.0,0.0,0.0,0.0,0.0,0.0,0.0,0.0,0.0,0.0,0.0,0.0,1.0705779233637613,1.4869565217391305,0.0,0.10675370746400971,0.04852441248364074,0.4064582154958018,0.0,0.5617363354434524,0.0,,0,0,0,0.7482382334044941,0.12992274494223902,1.0,
core_policy_capacity_tenancy,core_policy_capacity_tenancy__predicted_demand__cq8__ten2__res500__reset50__noepr__global__per_operation,predicted_demand,8,2,500,50,False,global,per_operation,15,15,0.0,0.0,0.0,0.0,0.0,0.0,0.0,0.0,0.0,0.0,0.0,0.0,0.0,1.0003569303985722,1.0017846519928615,0.0,0.02782081194587026,0.01264582361175918,0.10349626691553891,0.0,0.14396290247316837,0.0,,0,0,0,0.9011615494493965,0.708500568221984,1.0,
core_policy_capacity_tenancy,core_policy_capacity_tenancy__predicted_demand__cq8__ten3__res500__reset50__noepr__global__per_operation,predicted_demand,8,3,500,50,False,global,per_operation,15,15,0.0,0.0,0.0,0.0,0.0,0.0,0.0,0.0,0.0,0.0,0.0,0.0,0.0,1.0002377416451298,1.0017846519928615,0.0,0.03090387743393376,0.0140472170154244,0.12271835783315638,0.0,0.16766945228251456,0.0,,0,0,0,0.804958020709733,0.7391515403210462,1.0,
core_policy_capacity_tenancy,core_policy_capacity_tenancy__predicted_demand__cq8__ten4__res500__reset50__noepr__global__per_operation,predicted_demand,8,4,500,50,False,global,per_operation,15,15,0.0,0.0,0.0,0.0,0.0,0.0,0.0,0.0,0.0,0.0,0.0,0.0,0.0,1.0003565064907354,1.0017846519928615,0.0,0.03557533220433138,0.016170605547423327,0.14720025672174528,0.0,0.19894619447349995,0.0,,0,0,0,0.7677149113724713,0.6162799018765992,1.0,
core_policy_capacity_tenancy,core_policy_capacity_tenancy__predicted_demand__cq8__ten8__res500__reset50__noepr__global__per_operation,predicted_demand,8,8,500,50,False,global,per_operation,15,15,0.0,0.0,0.0,0.0,0.0,0.0,0.0,0.0,0.0,0.0,0.0,0.0,0.0,1.0016085627229514,1.0170487948265725,0.0,0.053690606112856684,0.024404820960389373,0.24123556699509205,0.0,0.3193309940683381,0.0,,0,0,0,0.7482382334044941,0.4543620228560044,1.0,
core_policy_capacity_tenancy,core_policy_capacity_tenancy__priority_allocation__cq1__ten2__res500__reset50__noepr__global__per_operation,priority_allocation,1,2,500,50,False,global,per_operation,15,0,1.0,0.0,0.0,0.0,0.0,0.0,0.0,0.0,0.0,0.0,0.0,0.0,0.0,,,0.27701265358518246,0.1531684554363042,0.06962202519832004,0.473560429304713,0.0,0.6963509099393372,0.0,,0,0,0,0.8677455078443082,0.5013972960058183,0.0,
core_policy_capacity_tenancy,core_policy_capacity_tenancy__priority_allocation__cq1__ten3__res500__reset50__noepr__global__per_operation,priority_allocation,1,3,500,50,False,global,per_operation,15,0,1.0,0.0,0.0,0.0,0.0,0.0,0.0,0.0,0.0,0.0,0.0,0.0,0.0,,,0.31678974929461623,0.15856783753303566,0.07207628978774346,0.46711514155907874,0.0,0.6977592688798578,0.0,,0,0,0,0.7260757622265225,0.3422707981766947,0.0,
core_policy_capacity_tenancy,core_policy_capacity_tenancy__priority_allocation__cq1__ten4__res500__reset50__noepr__global__per_operation,priority_allocation,1,4,500,50,False,global,per_operation,15,1,0.9333333333333333,0.020833333333333332,0.0,0.020833333333333332,0.0,0.020833333333333332,0.020833333333333332,0.020833333333333332,25.63888888888889,25.63888888888889,1230.6666666666667,25.63888888888889,25.63888888888889,1.0,1.0,0.3404787540627199,0.16418284767999597,0.07462856712727087,0.4619715127845689,0.0,0.7007829275918358,0.0,,0,0,0,0.666933996456612,0.276876620201293,0.06666666666666667,
core_policy_capacity_tenancy,core_policy_capacity_tenancy__priority_allocation__cq1__ten8__res500__reset50__noepr__global__per_operation,priority_allocation,1,8,500,50,False,global,per_operation,15,1,0.9333333333333333,0.03333333333333333,0.005555555555555555,0.03888888888888888,0.0,0.03333333333333333,0.03888888888888888,0.03888888888888888,41.28611111111112,46.708333333333336,2242.0,41.28611111111112,46.708333333333336,1.0,1.0,0.48949220713926594,0.1656457615544083,0.07529352797927645,0.4515399276100579,0.0,0.6924792171437427,0.0,,0,0,0,0.47382789465773906,0.15609340942157762,0.06666666666666667,
core_policy_capacity_tenancy,core_policy_capacity_tenancy__priority_allocation__cq2__ten2__res500__reset50__noepr__global__per_operation,priority_allocation,2,2,500,50,False,global,per_operation,15,15,0.0,0.0,0.0,0.0,0.0,0.0,0.0,0.5208333333333334,0.0,0.0,0.0,0.0,0.0,1.0992059005155985,1.2503008423586042,0.0,0.11128324778348107,0.0505832944470368,0.41239384041063926,0.0,0.5742603826411571,0.0,,0,0,0,0.9011615494493965,0.5011969625105086,1.0,
core_policy_capacity_tenancy,core_policy_capacity_tenancy__priority_allocation__cq2__ten3__res500__reset50__noepr__global__per_operation,priority_allocation,2,3,500,50,False,global,per_operation,15,15,0.0,0.0,0.0,0.0,0.0,0.0,0.0,0.3611111111111111,0.0,0.0,0.0,0.0,0.0,1.1120308964976322,1.3267148014440433,0.00108695652173912,0.12519182376914065,0.05690537444051844,0.4575935500947104,0.0,0.6396907483043696,0.0,,0,0,0,0.803778221816749,0.3361214965885676,1.0,
core_policy_capacity_tenancy,core_policy_capacity_tenancy__priority_allocation__cq2__ten4__res500__reset50__noepr__global__per_operation,priority_allocation,2,4,500,50,False,global,per_operation,15,15,0.0,0.0,0.0,0.0,0.0,0.0,0.0,0.548611111111111,0.0,0.0,0.0,0.0,0.0,1.1885521257327605,1.7684729064039408,0.004934640522875807,0.14045699415398738,0.06384408825181241,0.5070261542894315,0.0,0.7113272366952313,0.0,,0,0,0,0.7629578948706492,0.25200312060815827,1.0,
core_policy_capacity_tenancy,core_policy_capacity_tenancy__priority_allocation__cq2__ten8__res500__reset50__noepr__global__per_operation,priority_allocation,2,8,500,50,False,global,per_operation,15,15,0.0,0.03888888888888889,0.0,0.03888888888888889,0.0,0.03888888888888889,0.03888888888888889,0.4555555555555556,187.6638888888889,187.6638888888889,9007.866666666667,187.6638888888889,187.6638888888889,1.2271397603331742,1.6816608996539792,0.07428141751464032,0.17343558219730634,0.07883435554423013,0.5359904237700955,0.0,0.7882603615116319,0.0,,0,0,0,0.6876213097230165,0.18144699793665314,1.0,
core_policy_capacity_tenancy,core_policy_capacity_tenancy__priority_allocation__cq4__ten2__res500__reset50__noepr__global__per_operation,priority_allocation,4,2,500,50,False,global,per_operation,15,15,0.0,0.0,0.0,0.0,0.0,0.0,0.0,0.775,0.0,0.0,0.0,0.0,0.0,1.0040462427745664,1.0202312138728324,0.0,0.05564162389174052,0.02529164722351838,0.22752449836677555,0.0,0.3084577694820344,0.0,,0,0,0,0.9011615494493965,0.5060692370906346,1.0,
core_policy_capacity_tenancy,core_policy_capacity_tenancy__priority_allocation__cq4__ten3__res500__reset50__noepr__global__per_operation,priority_allocation,4,3,500,50,False,global,per_operation,15,15,0.0,0.0,0.0,0.0,0.0,0.0,0.0,0.7875,0.0,0.0,0.0,0.0,0.0,1.0062654445856143,1.0345609065155807,0.0,0.06269836581095459,0.028499257186797525,0.272114956525753,0.0,0.36331257952350515,0.0,,0,0,0,0.804958020709733,0.4424061911512123,1.0,
core_policy_capacity_tenancy,core_policy_capacity_tenancy__priority_allocation__cq4__ten4__res500__reset50__noepr__global__per_operation,priority_allocation,4,4,500,50,False,global,per_operation,15,15,0.0,0.0,0.0,0.0,0.0,0.0,0.0,0.673611111111111,0.0,0.0,0.0,0.0,0.0,1.004300578034682,1.0240462427745665,0.0,0.07074804619663931,0.0321582028166542,0.31385183005647355,0.0,0.41675807906976703,0.0,,0,0,0,0.7677149113724713,0.30454988714431497,1.0,
core_policy_capacity_tenancy,core_policy_capacity_tenancy__priority_allocation__cq4__ten8__res500__reset50__noepr__global__per_operation,priority_allocation,4,8,500,50,False,global,per_operation,15,15,0.0,0.0,0.0,0.0,0.0,0.0,0.0,0.8416666666666667,0.0,0.0,0.0,0.0,0.0,1.0582135869566869,1.3936039360393604,0.0,0.10725941777638877,0.04875428080744939,0.46553230055227807,0.0,0.6215459991361162,0.0,,0,0,0,0.7482382334044941,0.1302561230805625,1.0,
core_policy_capacity_tenancy,core_policy_capacity_tenancy__priority_allocation__cq8__ten2__res500__reset50__noepr__global__per_operation,priority_allocation,8,2,500,50,False,global,per_operation,15,15,0.0,0.0,0.0,0.0,0.0,0.0,0.0,0.7625,0.0,0.0,0.0,0.0,0.0,1.0003569303985722,1.0017846519928615,0.0,0.02782081194587026,0.01264582361175918,0.13241950536630887,0.0,0.1728861409239383,0.0,,0,0,0,0.9011615494493965,0.705209388973585,1.0,
core_policy_capacity_tenancy,core_policy_capacity_tenancy__priority_allocation__cq8__ten3__res500__reset50__noepr__global__per_operation,priority_allocation,8,3,500,50,False,global,per_operation,15,15,0.0,0.0,0.0,0.0,0.0,0.0,0.0,0.7069444444444444,0.0,0.0,0.0,0.0,0.0,1.0003567184446538,1.0017846519928615,0.0,0.030872507357754278,0.01403295788988828,0.1522569383267492,0.0,0.19716240357439177,0.0,,0,0,0,0.804958020709733,0.6582292254626628,1.0,
core_policy_capacity_tenancy,core_policy_capacity_tenancy__priority_allocation__cq8__ten4__res500__reset50__noepr__global__per_operation,priority_allocation,8,4,500,50,False,global,per_operation,15,15,0.0,0.0,0.0,0.0,0.0,0.0,0.0,0.8708333333333333,0.0,0.0,0.0,0.0,0.0,1.0002379535990482,1.0017846519928615,0.0,0.035531759168732836,0.016150799622151258,0.17856237667418604,0.0,0.23024493546507013,0.0,,0,0,0,0.7677149113724713,0.47569808079120407,1.0,
core_policy_capacity_tenancy,core_policy_capacity_tenancy__priority_allocation__cq8__ten8__res500__reset50__noepr__global__per_operation,priority_allocation,8,8,500,50,False,global,per_operation,15,15,0.0,0.0,0.0,0.0,0.0,0.0,0.0,0.8291666666666667,0.0,0.0,0.0,0.0,0.0,1.0010678760201415,1.007701421800948,0.0,0.05380309900220805,0.02445595409191272,0.2813894101155603,0.0,0.3596484632096811,0.0,,0,0,0,0.7482382334044941,0.3403349293416962,1.0,
core_policy_capacity_tenancy,core_policy_capacity_tenancy__random_allocation__cq1__ten2__res500__reset50__noepr__global__per_operation,random_allocation,1,2,500,50,False,global,per_operation,15,0,1.0,0.0,0.0,0.0,0.0,0.0,0.0,0.0,0.0,0.0,0.0,0.0,0.0,,,0.27701265358518246,0.1531684554363042,0.06962202519832004,0.473560429304713,0.0,0.6963509099393372,0.0,,0,0,0,0.8677455078443082,0.5013972960058183,0.0,
core_policy_capacity_tenancy,core_policy_capacity_tenancy__random_allocation__cq1__ten3__res500__reset50__noepr__global__per_operation,random_allocation,1,3,500,50,False,global,per_operation,15,0,1.0,0.0,0.0,0.0,0.0,0.0,0.0,0.0,0.0,0.0,0.0,0.0,0.0,,,0.31714255407149633,0.15885679517316867,0.07220763416962211,0.46747293108857085,0.0,0.6985373604313616,0.0,,0,0,0,0.7261834891889433,0.34958979007997,0.0,
core_policy_capacity_tenancy,core_policy_capacity_tenancy__random_allocation__cq1__ten4__res500__reset50__noepr__global__per_operation,random_allocation,1,4,500,50,False,global,per_operation,15,0,1.0,0.0,0.0,0.0,0.0,0.0,0.0,0.0,0.0,0.0,0.0,0.0,0.0,,,0.36119253801227236,0.16166608660776394,0.07348458482171087,0.46265452071568763,0.0,0.6978051921451625,0.0,,0,0,0,0.6408041005629258,0.26810151554705003,0.0,
core_policy_capacity_tenancy,core_policy_capacity_tenancy__random_allocation__cq1__ten8__res500__reset50__noepr__global__per_operation,random_allocation,1,8,500,50,False,global,per_operation,15,0,1.0,0.0,0.008333333333333333,0.008333333333333333,0.0,0.0,0.008333333333333333,0.008333333333333333,-6.404166666666667,6.404166666666667,307.4,-6.404166666666667,6.404166666666667,,,0.4881496292991736,0.16545683559080213,0.07520765254127366,0.4514042351597362,0.0,0.6920687232918119,0.0,,0,0,0,0.4775075447943052,0.13397442288127498,0.0,
core_policy_capacity_tenancy,core_policy_capacity_tenancy__random_allocation__cq2__ten2__res500__reset50__noepr__global__per_operation,random_allocation,2,2,500,50,False,global,per_operation,15,15,0.0,0.0,0.0,0.0,0.0,0.0,0.0,0.13888888888888887,0.0,0.0,0.0,0.0,0.0,1.0992059005155985,1.2503008423586042,0.0,0.11128324778348107,0.0505832944470368,0.3627904806346243,0.0,0.5246570228651423,0.0,,0,0,0,0.9011615494493965,0.5012112691093044,1.0,
core_policy_capacity_tenancy,core_policy_capacity_tenancy__random_allocation__cq2__ten3__res500__reset50__noepr__global__per_operation,random_allocation,2,3,500,50,False,global,per_operation,15,15,0.0,0.0,0.0,0.0,0.0,0.0,0.0,0.1902777777777778,0.0,0.0,0.0,0.0,0.0,1.1334337778643457,1.363963963963964,0.0003623188405797067,0.12538156323100905,0.056991619650458625,0.4197458217138639,0.0,0.6021190045953316,0.0,,0,0,0,0.8045647544120715,0.3365376512725444,1.0,
core_policy_capacity_tenancy,core_policy_capacity_tenancy__random_allocation__cq2__ten4__res500__reset50__noepr__global__per_operation,random_allocation,2,4,500,50,False,global,per_operation,15,15,0.0,0.0,0.0,0.0,0.0,0.0,0.0,0.3125,0.0,0.0,0.0,0.0,0.0,1.2300136652639375,2.9211822660098523,0.0024673202614379003,0.14213437444235894,0.06460653383743585,0.46766045329094247,0.0,0.6744013615707373,0.0,,0,0,0,0.7653430683449105,0.2518019617690447,1.0,
core_policy_capacity_tenancy,core_policy_capacity_tenancy__random_allocation__cq2__ten8__res500__reset50__noepr__global__per_operation,random_allocation,2,8,500,50,False,global,per_operation,15,11,0.26666666666666666,0.0,0.009722222222222222,0.009722222222222222,0.0,0.0,0.009722222222222222,0.175,-2.8777777777777778,2.8777777777777778,138.13333333333333,-2.8777777777777778,2.8777777777777778,1.3782549678439382,2.9458128078817736,0.0835730142544558,0.17153016052581327,0.07796825478446054,0.5038349425403458,0.0,0.7533333578506196,0.0,,0,0,0,0.7016621108472311,0.128578952651792,0.7333333333333333,
core_policy_capacity_tenancy,core_policy_capacity_tenancy__random_allocation__cq4__ten2__res500__reset50__noepr__global__per_operation,random_allocation,4,2,500,50,False,global,per_operation,15,15,0.0,0.0,0.0,0.0,0.0,0.0,0.0,0.10694444444444445,0.0,0.0,0.0,0.0,0.0,1.0040462427745664,1.0202312138728324,0.0,0.05564162389174052,0.02529164722351838,0.21375097215741168,0.0,0.29468424327267057,0.0,,0,0,0,0.9011615494493965,0.5061413130688757,1.0,
core_policy_capacity_tenancy,core_policy_capacity_tenancy__random_allocation__cq4__ten3__res500__reset50__noepr__global__per_operation,random_allocation,4,3,500,50,False,global,per_operation,15,15,0.0,0.0,0.0,0.0,0.0,0.0,0.0,0.13194444444444445,0.0,0.0,0.0,0.0,0.0,1.0380834375892989,1.4747826086956521,0.0,0.06241527643834334,0.028370580199246945,0.2519539523662936,0.0,0.3427398090038839,0.0,,0,0,0,0.804958020709733,0.40835859462091234,1.0,
core_policy_capacity_tenancy,core_policy_capacity_tenancy__random_allocation__cq4__ten4__res500__reset50__noepr__global__per_operation,random_allocation,4,4,500,50,False,global,per_operation,15,15,0.0,0.0,0.0,0.0,0.0,0.0,0.0,0.15,0.0,0.0,0.0,0.0,0.0,1.0062268244070487,1.0346620450606585,0.0,0.0707758888443589,0.032170858565617654,0.2961474700956502,0.0,0.3990942175056268,0.0,,0,0,0,0.7677149113724713,0.32148105237879515,1.0,
core_policy_capacity_tenancy,core_policy_capacity_tenancy__random_allocation__cq4__ten8__res500__reset50__noepr__global__per_operation,random_allocation,4,8,500,50,False,global,per_operation,15,15,0.0,0.0,0.0,0.0,0.0,0.0,0.0,0.5055555555555556,0.0,0.0,0.0,0.0,0.0,1.0336990929191925,1.171811490717346,0.0,0.10717677246287152,0.04871671475585067,0.4413051319489728,0.0,0.597198619167695,0.0,,0,0,0,0.7482382334044941,0.13065532354177026,1.0,
core_policy_capacity_tenancy,core_policy_capacity_tenancy__random_allocation__cq8__ten2__res500__reset50__noepr__global__per_operation,random_allocation,8,2,500,50,False,global,per_operation,15,15,0.0,0.0,0.0,0.0,0.0,0.0,0.0,0.1,0.0,0.0,0.0,0.0,0.0,1.0003569303985722,1.0017846519928615,0.0,0.02782081194587026,0.01264582361175918,0.12545302535386524,0.0,0.16591966091149465,0.0,,0,0,0,0.9011615494493965,0.7063064487230513,1.0,
core_policy_capacity_tenancy,core_policy_capacity_tenancy__random_allocation__cq8__ten3__res500__reset50__noepr__global__per_operation,random_allocation,8,3,500,50,False,global,per_operation,15,15,0.0,0.0,0.0,0.0,0.0,0.0,0.0,0.10416666666666667,0.0,0.0,0.0,0.0,0.0,1.0003569303985722,1.0017846519928615,0.0,0.031072573328688048,0.014123896967585448,0.14686565442281216,0.0,0.19206212471908565,0.0,,0,0,0,0.804958020709733,0.5986002377181109,1.0,
core_policy_capacity_tenancy,core_policy_capacity_tenancy__random_allocation__cq8__ten4__res500__reset50__noepr__global__per_operation,random_allocation,8,4,500,50,False,global,per_operation,15,15,0.0,0.0,0.0,0.0,0.0,0.0,0.0,0.12777777777777777,0.0,0.0,0.0,0.0,0.0,1.0006896415294029,1.0067816775728733,0.0,0.03545433438488977,0.01611560653858624,0.171586557276934,0.0,0.22315649820041,0.0,,0,0,0,0.7677149113724713,0.5727818973248989,1.0,
core_policy_capacity_tenancy,core_policy_capacity_tenancy__random_allocation__cq8__ten8__res500__reset50__noepr__global__per_operation,random_allocation,8,8,500,50,False,global,per_operation,15,15,0.0,0.0,0.0,0.0,0.0,0.0,0.0,0.18194444444444444,0.0,0.0,0.0,0.0,0.0,1.0016435664723835,1.0168361978253244,0.0,0.05360680380146799,0.024366729000667227,0.27008991176424796,0.0,0.3480634445663832,0.0,,0,0,0,0.7482382334044941,0.4385817663187711,1.0,
core_policy_capacity_tenancy,core_policy_capacity_tenancy__round_robin__cq1__ten2__res500__reset50__noepr__global__per_operation,round_robin,1,2,500,50,False,global,per_operation,15,0,1.0,0.0,0.0,0.0,0.0,0.0,0.0,0.0,0.0,0.0,0.0,0.0,0.0,,,0.27701265358518246,0.1531684554363042,0.06962202519832004,0.473560429304713,0.0,0.6963509099393372,0.0,,0,0,0,0.8677455078443082,0.5013972960058183,0.0,
core_policy_capacity_tenancy,core_policy_capacity_tenancy__round_robin__cq1__ten3__res500__reset50__noepr__global__per_operation,round_robin,1,3,500,50,False,global,per_operation,15,0,1.0,0.0,0.0,0.0,0.0,0.0,0.0,0.0,0.0,0.0,0.0,0.0,0.0,,,0.31623883092896715,0.15849309807551018,0.07204231730705007,0.46694551567065984,0.0,0.6974809310532202,0.0,,0,0,0,0.7262470497649532,0.33440052111908525,0.0,
core_policy_capacity_tenancy,core_policy_capacity_tenancy__round_robin__cq1__ten4__res500__reset50__noepr__global__per_operation,round_robin,1,4,500,50,False,global,per_operation,15,0,1.0,0.0,0.0,0.0,0.0,0.0,0.0,0.0,0.0,0.0,0.0,0.0,0.0,,,0.35240664437818137,0.1620813940244394,0.0736733609201997,0.4619343623153024,0.0,0.6976891172599414,0.0,,0,0,0,0.6510894719962536,0.2544692541244344,0.0,
core_policy_capacity_tenancy,core_policy_capacity_tenancy__round_robin__cq1__ten8__res500__reset50__noepr__global__per_operation,round_robin,1,8,500,50,False,global,per_operation,15,0,1.0,0.0,0.006944444444444445,0.006944444444444445,0.0,0.0,0.006944444444444445,0.006944444444444445,-5.222222222222222,5.222222222222222,250.66666666666666,-5.222222222222222,5.222222222222222,,,0.4876391514833934,0.16512449872089482,0.07505659032767943,0.4512152172650568,0.0,0.691396306313631,0.0,,0,0,0,0.4766501619778546,0.13502497168503733,0.0,
core_policy_capacity_tenancy,core_policy_capacity_tenancy__round_robin__cq2__ten2__res500__reset50__noepr__global__per_operation,round_robin,2,2,500,50,False,global,per_operation,15,15,0.0,0.0,0.0,0.0,0.0,0.0,0.0,0.24583333333333332,0.0,0.0,0.0,0.0,0.0,1.0992059005155985,1.2503008423586042,0.0,0.11128324778348107,0.0505832944470368,0.40965002333177786,0.0,0.5715165655622958,0.0,,0,0,0,0.9011615494493965,0.5011969625105086,1.0,
core_policy_capacity_tenancy,core_policy_capacity_tenancy__round_robin__cq2__ten3__res500__reset50__noepr__global__per_operation,round_robin,2,3,500,50,False,global,per_operation,15,15,0.0,0.0,0.0,0.0,0.0,0.0,0.0,0.25833333333333336,0.0,0.0,0.0,0.0,0.0,1.1981239531604941,1.5625615763546798,0.0014492753623188402,0.1261578989945405,0.057344499542972924,0.4582836675444486,0.0,0.641786066081962,0.0,,0,0,0,0.8033752849678673,0.3397151076225418,1.0,
core_policy_capacity_tenancy,core_policy_capacity_tenancy__round_robin__cq2__ten4__res500__reset50__noepr__global__per_operation,round_robin,2,4,500,50,False,global,per_operation,15,15,0.0,0.0,0.0,0.0,0.0,0.0,0.0,0.2777777777777778,0.0,0.0,0.0,0.0,0.0,1.1413596525801024,1.3177,0.004991830065359473,0.14044353063332166,0.06383796846969163,0.5027887561293054,0.0,0.7070702552323187,0.0,,0,0,0,0.7629147610195768,0.25182839392717976,1.0,
core_policy_capacity_tenancy,core_policy_capacity_tenancy__round_robin__cq2__ten8__res500__reset50__noepr__global__per_operation,round_robin,2,8,500,50,False,global,per_operation,15,13,0.13333333333333333,0.0,0.0,0.0,0.0,0.0,0.0,0.39305555555555555,0.0,0.0,0.0,0.0,0.0,1.2665896140380295,1.7015717092337916,0.08140629683918826,0.17090948128754588,0.07768612785797539,0.540602032223688,0.0,0.7891976413692092,0.0,,0,0,0,0.6883768998939251,0.12914309115725467,0.8666666666666667,
core_policy_capacity_tenancy,core_policy_capacity_tenancy__round_robin__cq4__ten2__res500__reset50__noepr__global__per_operation,round_robin,4,2,500,50,False,global,per_operation,15,15,0.0,0.0,0.0,0.0,0.0,0.0,0.0,0.65,0.0,0.0,0.0,0.0,0.0,1.0040462427745664,1.0202312138728324,0.0,0.05564162389174052,0.02529164722351838,0.22545030331311242,0.0,0.3063835744283713,0.0,,0,0,0,0.9011615494493965,0.5060692370906346,1.0,
core_policy_capacity_tenancy,core_policy_capacity_tenancy__round_robin__cq4__ten3__res500__reset50__noepr__global__per_operation,round_robin,4,3,500,50,False,global,per_operation,15,15,0.0,0.0,0.0,0.0,0.0,0.0,0.0,0.6166666666666667,0.0,0.0,0.0,0.0,0.0,1.004963934447778,1.0339965889710063,0.0,0.06268238016322787,0.028491990983285368,0.2635072134914226,0.0,0.35468158463793575,0.0,,0,0,0,0.804958020709733,0.41790860424543,1.0,
core_policy_capacity_tenancy,core_policy_capacity_tenancy__round_robin__cq4__ten4__res500__reset50__noepr__global__per_operation,round_robin,4,4,500,50,False,global,per_operation,15,15,0.0,0.0,0.0,0.0,0.0,0.0,0.0,0.7291666666666666,0.0,0.0,0.0,0.0,0.0,1.0079367752396575,1.0534896705750978,0.0,0.07121611688314453,0.03237096221961112,0.30868433050143623,0.0,0.4122714096041919,0.0,,0,0,0,0.7677149113724713,0.3078794677039219,1.0,
core_policy_capacity_tenancy,core_policy_capacity_tenancy__round_robin__cq4__ten8__res500__reset50__noepr__global__per_operation,round_robin,4,8,500,50,False,global,per_operation,15,15,0.0,0.0,0.0,0.0,0.0,0.0,0.0,0.7333333333333333,0.0,0.0,0.0,0.0,0.0,1.0270918061676677,1.1507024265644956,0.0,0.10683454283582754,0.04856115583446704,0.45273934526122644,0.0,0.6081350439315211,0.0,,0,0,0,0.7482382334044941,0.12988261274460555,1.0,
core_policy_capacity_tenancy,core_policy_capacity_tenancy__round_robin__cq8__ten2__res500__reset50__noepr__global__per_operation,round_robin,8,2,500,50,False,global,per_operation,15,15,0.0,0.0,0.0,0.0,0.0,0.0,0.0,0.6458333333333334,0.0,0.0,0.0,0.0,0.0,1.0003569303985722,1.0017846519928615,0.0,0.02782081194587026,0.01264582361175918,0.12954036397573493,0.0,0.17000699953336434,0.0,,0,0,0,0.9011615494493965,0.705209388973585,1.0,
core_policy_capacity_tenancy,core_policy_capacity_tenancy__round_robin__cq8__ten3__res500__reset50__noepr__global__per_operation,round_robin,8,3,500,50,False,global,per_operation,15,15,0.0,0.0,0.0,0.0,0.0,0.0,0.0,0.7430555555555556,0.0,0.0,0.0,0.0,0.0,1.0003569303985722,1.0017846519928615,0.0,0.03124934525115305,0.014204247841433173,0.1502998809086434,0.0,0.19575347400122964,0.0,,0,0,0,0.804958020709733,0.6295818833672573,1.0,
core_policy_capacity_tenancy,core_policy_capacity_tenancy__round_robin__cq8__ten4__res500__reset50__noepr__global__per_operation,round_robin,8,4,500,50,False,global,per_operation,15,15,0.0,0.0,0.0,0.0,0.0,0.0,0.0,0.836111111111111,0.0,0.0,0.0,0.0,0.0,1.000673212745684,1.0065320665083135,0.0,0.035257576935595725,0.016026171334361662,0.1732750207992335,0.0,0.2245587690691909,0.0,,0,0,0,0.7677149113724713,0.5754808812604957,1.0,
core_policy_capacity_tenancy,core_policy_capacity_tenancy__round_robin__cq8__ten8__res500__reset50__noepr__global__per_operation,round_robin,8,8,500,50,False,global,per_operation,15,15,0.0,0.0,0.0,0.0,0.0,0.0,0.0,0.8555555555555556,0.0,0.0,0.0,0.0,0.0,1.0030910996195996,1.0177782942133395,0.0,0.05354484033672303,0.02433856378941954,0.2719302254194512,0.0,0.34981362954559375,0.0,,0,0,0,0.7482382334044941,0.42243353149801993,1.0,
core_policy_capacity_tenancy,core_policy_capacity_tenancy__shared_global_pool__cq1__ten2__res500__reset50__noepr__global__per_operation,shared_global_pool,1,2,500,50,False,global,per_operation,15,12,0.2,0.07083333333333333,0.0,0.07083333333333333,0.0,0.07083333333333333,0.07083333333333333,0.7916666666666666,213.0,213.0,10224.0,213.0,213.0,1.553275268197024,1.9982638888888888,0.04634146341463414,0.20696220251983197,0.09407372841810542,0.735996266915539,0.0,1.0370321978534764,0.6,,0,0,0,0.9197720372383336,0.5992521940150387,0.8,
core_policy_capacity_tenancy,core_policy_capacity_tenancy__shared_global_pool__cq1__ten3__res500__reset50__noepr__global__per_operation,shared_global_pool,1,3,500,50,False,global,per_operation,15,12,0.2,0.059722222222222225,0.0,0.059722222222222225,0.0,0.059722222222222225,0.059722222222222225,0.8944444444444444,151.3375,151.3375,7264.2,151.3375,151.3375,1.5583167986603772,1.9982638888888888,0.05018633540372668,0.23091790101039217,0.10496268227745095,0.7988604217171495,0.0,1.1347410050049926,0.8,,0,0,0,0.8184668548210896,0.4102100881054031,0.8,
core_policy_capacity_tenancy,core_policy_capacity_tenancy__shared_global_pool__cq1__ten4__res500__reset50__noepr__global__per_operation,shared_global_pool,1,4,500,50,False,global,per_operation,15,12,0.2,0.08472222222222223,0.0,0.08472222222222223,0.0,0.08472222222222223,0.08472222222222223,0.8805555555555556,248.1347222222222,248.1347222222222,11910.466666666667,248.1347222222222,248.1347222222222,1.5621881250187026,2.5868020304568526,0.0532516339869281,0.2620486137979336,0.11911300627178797,0.8662952006614302,0.0,1.2474568207311516,1.0,,0,0,0,0.7769934826766316,0.3963112484932804,0.8,
core_policy_capacity_tenancy,core_policy_capacity_tenancy__shared_global_pool__cq1__ten8__res500__reset50__noepr__global__per_operation,shared_global_pool,1,8,500,50,False,global,per_operation,15,12,0.2,0.044444444444444446,0.0,0.044444444444444446,0.0,0.044444444444444446,0.044444444444444446,0.826388888888889,101.11388888888888,101.11388888888888,4853.466666666666,101.11388888888888,101.11388888888888,1.6728422995669086,2.815947242206235,0.13488007397493723,0.32109827095943694,0.14595375952701675,0.9338459129164735,0.0,1.4008979434029272,1.0,,0,0,0,0.6847425159990266,0.1673319370403698,0.8,
core_policy_capacity_tenancy,core_policy_capacity_tenancy__shared_global_pool__cq2__ten2__res500__reset50__noepr__global__per_operation,shared_global_pool,2,2,500,50,False,global,per_operation,15,15,0.0,0.0,0.0,0.0,0.0,0.0,0.0,0.9583333333333334,0.0,0.0,0.0,0.0,0.0,1.0920885201894304,1.227450980392157,0.0,0.11128324778348107,0.0505832944470368,0.414447036864209,0.0,0.5763135790947269,0.0,,0,0,0,0.9011615494493965,0.506291448221923,1.0,
core_policy_capacity_tenancy,core_policy_capacity_tenancy__shared_global_pool__cq2__ten3__res500__reset50__noepr__global__per_operation,shared_global_pool,2,3,500,50,False,global,per_operation,15,15,0.0,0.0,0.0,0.0,0.0,0.0,0.0,0.9291666666666667,0.0,0.0,0.0,0.0,0.0,1.1068931353287552,1.2695652173913043,0.0,0.12381587199822322,0.05627994181737416,0.4972887958120104,0.0,0.6773846096276078,0.0,,0,0,0,0.804958020709733,0.3823588496202576,1.0,
core_policy_capacity_tenancy,core_policy_capacity_tenancy__shared_global_pool__cq2__ten4__res500__reset50__noepr__global__per_operation,shared_global_pool,2,4,500,50,False,global,per_operation,15,15,0.0,0.0,0.0,0.0,0.0,0.0,0.0,0.8375,0.0,0.0,0.0,0.0,0.0,1.1040741249579846,1.2441591784338897,0.0,0.14228990296468835,0.06467722862031285,0.5949736485880723,0.0,0.8019407801730735,0.0,,0,0,0,0.7677149113724713,0.2966912635859445,1.0,
core_policy_capacity_tenancy,core_policy_capacity_tenancy__shared_global_pool__cq2__ten8__res500__reset50__noepr__global__per_operation,shared_global_pool,2,8,500,50,False,global,per_operation,15,15,0.0,0.0,0.0,0.0,0.0,0.0,0.0,0.8180555555555556,0.0,0.0,0.0,0.0,0.0,1.144125305979809,1.326943556975506,0.0,0.2154154831594211,0.09791612870882775,0.8463398449911999,0.0,1.1596714568594488,1.0,,0,0,0,0.7482382334044941,0.13423725845375734,1.0,
core_policy_capacity_tenancy,core_policy_capacity_tenancy__shared_global_pool__cq4__ten2__res500__reset50__noepr__global__per_operation,shared_global_pool,4,2,500,50,False,global,per_operation,15,15,0.0,0.0,0.0,0.0,0.0,0.0,0.0,0.9708333333333333,0.0,0.0,0.0,0.0,0.0,1.0274901960784313,1.0933333333333333,0.0,0.05564162389174052,0.02529164722351838,0.24963602426504897,0.0,0.3305692953803078,0.0,,0,0,0,0.9011615494493965,0.736187503131074,1.0,
core_policy_capacity_tenancy,core_policy_capacity_tenancy__shared_global_pool__cq4__ten3__res500__reset50__noepr__global__per_operation,shared_global_pool,4,3,500,50,False,global,per_operation,15,15,0.0,0.0,0.0,0.0,0.0,0.0,0.0,0.9375,0.0,0.0,0.0,0.0,0.0,1.0221603943349107,1.0933333333333333,0.0,0.06270319743681756,0.028501453380371574,0.2929574288819808,0.0,0.38416207969916993,0.0,,0,0,0,0.804958020709733,0.6064842547849306,1.0,
core_policy_capacity_tenancy,core_policy_capacity_tenancy__shared_global_pool__cq4__ten4__res500__reset50__noepr__global__per_operation,shared_global_pool,4,4,500,50,False,global,per_operation,15,15,0.0,0.0,0.0,0.0,0.0,0.0,0.0,0.9541666666666667,0.0,0.0,0.0,0.0,0.0,1.0291160834534665,1.147887323943662,0.0,0.07064538056440428,0.03211153662018374,0.3378505478540413,0.0,0.4406074650386293,0.0,,0,0,0,0.7677149113724713,0.4664376579764155,1.0,
core_policy_capacity_tenancy,core_policy_capacity_tenancy__shared_global_pool__cq4__ten8__res500__reset50__noepr__global__per_operation,shared_global_pool,4,8,500,50,False,global,per_operation,15,15,0.0,0.0,0.0,0.0,0.0,0.0,0.0,0.9375,0.0,0.0,0.0,0.0,0.0,1.0493224344397847,1.2588235294117647,0.0,0.10746714786240227,0.04884870357381919,0.5398424523770908,0.0,0.6961583038133123,0.0,,0,0,0,0.7482382334044941,0.3671749178943175,1.0,
core_policy_capacity_tenancy,core_policy_capacity_tenancy__shared_global_pool__cq8__ten2__res500__reset50__noepr__global__per_operation,shared_global_pool,8,2,500,50,False,global,per_operation,15,15,0.0,0.0,0.0,0.0,0.0,0.0,0.0,0.9791666666666666,0.0,0.0,0.0,0.0,0.0,1.0,1.0,0.0,0.02782081194587026,0.01264582361175918,0.14942370508632752,0.0,0.18989034064395696,0.0,,0,0,0,0.9011615494493965,1.0,1.0,
core_policy_capacity_tenancy,core_policy_capacity_tenancy__shared_global_pool__cq8__ten3__res500__reset50__noepr__global__per_operation,shared_global_pool,8,3,500,50,False,global,per_operation,15,15,0.0,0.0,0.0,0.0,0.0,0.0,0.0,0.975,0.0,0.0,0.0,0.0,0.0,1.0,1.0,0.0,0.03156152149078282,0.014346146132173995,0.17156884647110252,0.0,0.21747651409405933,0.0,,0,0,0,0.804958020709733,0.9178515252038117,1.0,
core_policy_capacity_tenancy,core_policy_capacity_tenancy__shared_global_pool__cq8__ten4__res500__reset50__noepr__global__per_operation,shared_global_pool,8,4,500,50,False,global,per_operation,15,15,0.0,0.0,0.0,0.0,0.0,0.0,0.0,0.9680555555555554,0.0,0.0,0.0,0.0,0.0,1.0,1.0,0.0,0.035288148328954064,0.016040067422251815,0.19449659110318576,0.0,0.24582480685439162,0.0,,0,0,0,0.7677149113724713,0.8024183789671935,1.0,
core_policy_capacity_tenancy,core_policy_capacity_tenancy__shared_global_pool__cq8__ten8__res500__reset50__noepr__global__per_operation,shared_global_pool,8,8,500,50,False,global,per_operation,15,15,0.0,0.0,0.0,0.0,0.0,0.0,0.0,0.9694444444444444,0.0,0.0,0.0,0.0,0.0,1.0,1.0,0.0,0.053853996719857536,0.02447908941811702,0.30249217200696443,0.0,0.380825258144939,0.0,,0,0,0,0.7482382334044941,0.7216911614069736,1.0,
core_policy_capacity_tenancy,core_policy_capacity_tenancy__static_assignment__cq1__ten2__res500__reset50__noepr__global__per_operation,static_assignment,1,2,500,50,False,global,per_operation,15,0,1.0,0.0,0.0,0.0,0.0,0.0,0.0,0.0,0.0,0.0,0.0,0.0,0.0,,,0.27701265358518246,0.1531684554363042,0.06962202519832004,0.473560429304713,0.0,0.6963509099393372,0.0,,0,0,0,0.8677455078443082,0.5013972960058183,0.0,
core_policy_capacity_tenancy,core_policy_capacity_tenancy__static_assignment__cq1__ten3__res500__reset50__noepr__global__per_operation,static_assignment,1,3,500,50,False,global,per_operation,15,0,1.0,0.0,0.0,0.0,0.0,0.0,0.0,0.0,0.0,0.0,0.0,0.0,0.0,,,0.31970422612213656,0.15815504544445982,0.071888657020209,0.4674332459706162,0.0,0.6974769484352851,0.0,,0,0,0,0.7196206905760263,0.3352091503906909,0.0,
core_policy_capacity_tenancy,core_policy_capacity_tenancy__static_assignment__cq1__ten4__res500__reset50__noepr__global__per_operation,static_assignment,1,4,500,50,False,global,per_operation,15,0,1.0,0.0,0.0,0.0,0.0,0.0,0.0,0.0,0.0,0.0,0.0,0.0,0.0,,,0.3429760159195643,0.16288684526868574,0.07403947512212986,0.4610528195894798,0.0,0.6979791399802955,0.0,,0,0,0,0.666870706698698,0.2508774406523813,0.0,
core_policy_capacity_tenancy,core_policy_capacity_tenancy__static_assignment__cq1__ten8__res500__reset50__noepr__global__per_operation,static_assignment,1,8,500,50,False,global,per_operation,15,0,1.0,0.0,0.006944444444444445,0.006944444444444445,0.0,0.0,0.006944444444444445,0.006944444444444445,-3.5972222222222223,3.5972222222222223,172.66666666666666,-3.5972222222222223,3.5972222222222223,,,0.4911944745395449,0.1651170541767496,0.07505320644397705,0.45164821118179277,0.0,0.6918184718025194,0.0,,0,0,0,0.4723078550269342,0.14273095427190732,0.0,
core_policy_capacity_tenancy,core_policy_capacity_tenancy__static_assignment__cq2__ten2__res500__reset50__noepr__global__per_operation,static_assignment,2,2,500,50,False,global,per_operation,15,12,0.2,0.0,0.0,0.0,0.0,0.0,0.0,0.0,0.0,0.0,0.0,0.0,0.0,1.0,1.0,0.04634146341463414,0.10348110125991598,0.04703686420905268,0.3074101726551563,0.0,0.457928138124125,0.0,,0,0,0,0.9197720372383336,0.5005404361301273,0.8,
core_policy_capacity_tenancy,core_policy_capacity_tenancy__static_assignment__cq2__ten3__res500__reset50__noepr__global__per_operation,static_assignment,2,3,500,50,False,global,per_operation,15,12,0.2,0.0,0.0,0.0,0.0,0.0,0.0,0.0,0.0,0.0,0.0,0.0,0.0,1.0,1.0,0.04202898550724637,0.11958078106642765,0.05435490048473983,0.36609602907622624,0.0,0.5400317106273937,0.0,,0,0,0,0.8259956961530934,0.3405340755474209,0.8,
core_policy_capacity_tenancy,core_policy_capacity_tenancy__static_assignment__cq2__ten4__res500__reset50__noepr__global__per_operation,static_assignment,2,4,500,50,False,global,per_operation,15,12,0.2,0.0,0.0,0.0,0.0,0.0,0.0,0.0,0.0,0.0,0.0,0.0,0.0,1.0,1.0,0.04701712503183089,0.12982267284954216,0.05901030584070097,0.38926631442614945,0.0,0.5780992931163926,0.0,,0,0,0,0.7809229726553629,0.2513123922015409,0.8,
core_policy_capacity_tenancy,core_policy_capacity_tenancy__static_assignment__cq2__ten8__res500__reset50__noepr__global__per_operation,static_assignment,2,8,500,50,False,global,per_operation,15,10,0.3333333333333333,0.0,0.0,0.0,0.0,0.0,0.0,0.0,0.0,0.0,0.0,0.0,0.0,1.0,1.0,0.14873125547317756,0.13957899696041337,0.06344499861836966,0.3582785392622136,0.0,0.5613025348409966,0.0,,0,0,0,0.6886097637295837,0.12541832423122062,0.6666666666666666,
core_policy_capacity_tenancy,core_policy_capacity_tenancy__static_assignment__cq4__ten2__res500__reset50__noepr__global__per_operation,static_assignment,4,2,500,50,False,global,per_operation,15,12,0.2,0.0,0.0,0.0,0.0,0.0,0.0,0.0,0.0,0.0,0.0,0.0,0.0,1.0,1.0,0.04634146341463414,0.051740550629957985,0.02351843210452632,0.15370508632757812,0.0,0.22896406906206243,0.0,,0,0,0,0.9197720372383336,0.5005404361301273,0.8,
core_policy_capacity_tenancy,core_policy_capacity_tenancy__static_assignment__cq4__ten3__res500__reset50__noepr__global__per_operation,static_assignment,4,3,500,50,False,global,per_operation,15,12,0.2,0.0,0.0,0.0,0.0,0.0,0.0,0.0,0.0,0.0,0.0,0.0,0.0,1.0,1.0,0.04275362318840579,0.05824369313373658,0.02647440596988025,0.17624782819929224,0.0,0.2609659273029091,0.0,,0,0,0,0.824963658681431,0.33937323360969956,0.8,
core_policy_capacity_tenancy,core_policy_capacity_tenancy__static_assignment__cq4__ten4__res500__reset50__noepr__global__per_operation,static_assignment,4,4,500,50,False,global,per_operation,15,12,0.2,0.0,0.0,0.0,0.0,0.0,0.0,0.0,0.0,0.0,0.0,0.0,0.0,1.0,1.0,0.046927255750785137,0.06641284786552651,0.03018765812069383,0.1963549557310938,0.0,0.2929554617173141,0.0,,0,0,0,0.7809664128044372,0.25124930461422595,0.8,
core_policy_capacity_tenancy,core_policy_capacity_tenancy__static_assignment__cq4__ten8__res500__reset50__noepr__global__per_operation,static_assignment,4,8,500,50,False,global,per_operation,15,9,0.4,0.0,0.0,0.0,0.0,0.0,0.0,0.0,0.0,0.0,0.0,0.0,0.0,1.0,1.0,0.13706838314957617,0.07094923587221572,0.03224965266918895,0.18010383781416603,0.0,0.2833027263555707,0.0,,0,0,0,0.7160471029644506,0.1253983814888752,0.6,
core_policy_capacity_tenancy,core_policy_capacity_tenancy__static_assignment__cq8__ten2__res500__reset50__noepr__global__per_operation,static_assignment,8,2,500,50,False,global,per_operation,15,12,0.2,0.0,0.0,0.0,0.0,0.0,0.0,0.0,0.0,0.0,0.0,0.0,0.0,1.0,1.0,0.04634146341463414,0.02587027531497898,0.01175921605226314,0.07685254316378903,0.0,0.11448203453103115,0.0,,0,0,0,0.9197720372383336,0.5005404361301273,0.8,
core_policy_capacity_tenancy,core_policy_capacity_tenancy__static_assignment__cq8__ten3__res500__reset50__noepr__global__per_operation,static_assignment,8,3,500,50,False,global,per_operation,15,12,0.2,0.0,0.0,0.0,0.0,0.0,0.0,0.0,0.0,0.0,0.0,0.0,0.0,1.0,1.0,0.042526497945057314,0.029350830815373173,0.01334128673426052,0.08925764248952399,0.0,0.13194976003915768,0.0,,0,0,0,0.8254645605702292,0.3389036559470228,0.8,
core_policy_capacity_tenancy,core_policy_capacity_tenancy__static_assignment__cq8__ten4__res500__reset50__noepr__global__per_operation,static_assignment,8,4,500,50,False,global,per_operation,15,12,0.2,0.0,0.0,0.0,0.0,0.0,0.0,0.0,0.0,0.0,0.0,0.0,0.0,1.0,1.0,0.038994991936168386,0.03342872205275233,0.015194873660341933,0.11067326959601627,0.0,0.15929686530911052,0.0,,0,0,0,0.7900380756162056,0.32142223585905627,0.8,
core_policy_capacity_tenancy,core_policy_capacity_tenancy__static_assignment__cq8__ten8__res500__reset50__noepr__global__per_operation,static_assignment,8,8,500,50,False,global,per_operation,15,9,0.4,0.0,0.0,0.0,0.0,0.0,0.0,0.0,0.0,0.0,0.0,0.0,0.0,1.0,1.0,0.04393663978171018,0.047595096231249384,0.021634134650567866,0.1418426449831146,0.0,0.21107187586493187,0.0,,0,0,0,0.772799111708226,0.12650820784257646,0.6,
epr_coordination_granularity,epr_coordination_granularity__coherence_aware__cq2__ten4__res500__reset50__epr__global__per_job,coherence_aware,2,4,500,50,True,global,per_job,15,1,0.9333333333333333,0.0,0.0,0.0,0.0,0.0,0.0,0.0,0.0,0.0,0.0,0.0,0.0,1.0,1.0,0.22201744813272326,0.08329804488282769,0.04903768180831845,0.47135446704145423,0.0,0.6036901937326004,0.0,0.17828820556375374,3544,1698,625,0.761124128846562,0.27598923367355843,0.06666666666666667,0.1763544018058691
epr_coordination_granularity,epr_coordination_granularity__coherence_aware__cq2__ten4__res500__reset50__epr__global__per_layer,coherence_aware,2,4,500,50,True,global,per_layer,15,15,0.0,0.0,0.0,0.0,0.0,0.0,0.0,0.3611111111111111,0.0,0.0,0.0,0.0,0.0,1.2266143180784135,1.6006944444444444,0.0,0.11508844144395027,0.06396765881119262,0.37657964844446246,0.0,0.5556357486996054,0.0,0.21139571974333296,4602,1786,984,0.7677149113724713,0.2529382811382302,1.0,0.2138200782268579
epr_coordination_granularity,epr_coordination_granularity__coherence_aware__cq2__ten4__res500__reset50__epr__global__per_operation,coherence_aware,2,4,500,50,True,global,per_operation,15,15,0.0,0.0,0.0,0.0,0.0,0.0,0.0,0.36944444444444446,0.0,0.0,0.0,0.0,0.0,1.3019001872611817,2.0492610837438425,0.0016339869281045668,0.11520052885765303,0.06373465388223327,0.4232784089265084,0.0,0.6022135916663948,0.0,0.21361197824058156,4592,1742,965,0.7661524211335099,0.2520939706564296,1.0,0.2101480836236934
epr_coordination_granularity,epr_coordination_granularity__coherence_aware__cq2__ten4__res500__reset50__epr__local__per_job,coherence_aware,2,4,500,50,True,local,per_job,15,3,0.8,0.0,0.0,0.0,0.0,0.0,0.0,0.0,0.0,0.0,0.0,0.0,0.0,1.0185185185185184,1.0555555555555556,0.21593205297759377,0.08214830918419751,0.0492154430490662,0.45595161869363743,0.1814097877929087,0.7687251587198098,0.0,0.21270569503357187,3540,1802,754,0.7380615928050375,0.2783375677662531,0.2,0.21299435028248587
epr_coordination_granularity,epr_coordination_granularity__coherence_aware__cq2__ten4__res500__reset50__epr__local__per_layer,coherence_aware,2,4,500,50,True,local,per_layer,15,15,0.0,0.0,0.0,0.0,0.0,0.0,0.0,0.49166666666666664,0.0,0.0,0.0,0.0,0.0,1.206258469567685,1.4700854700854702,0.0,0.11644105239022812,0.06482879900205472,0.3848786024787094,0.06905802285662035,0.6352064767276125,0.0,0.25724110427650765,4602,1798,1196,0.7677149113724713,0.2527834443272936,1.0,0.2598870056497175
epr_coordination_granularity,epr_coordination_granularity__coherence_aware__cq2__ten4__res500__reset50__epr__local__per_operation,coherence_aware,2,4,500,50,True,local,per_operation,15,15,0.0,0.0,0.0,0.0,0.0,0.0,0.0,0.4263888888888889,0.0,0.0,0.0,0.0,0.0,1.214841512802207,1.4833094409174687,0.0058251633986928,0.1146474646325863,0.06369692373257821,0.44214149179453466,0.07263619393630538,0.6931220740960046,0.0,0.2557799995643806,4568,1766,1162,0.762005938512588,0.25168539694912007,1.0,0.2543782837127846
epr_coordination_granularity,epr_coordination_granularity__coherence_aware__cq2__ten4__res500__reset50__noepr__global__per_job,coherence_aware,2,4,500,50,False,global,per_job,15,2,0.8666666666666667,0.0,0.0,0.0,0.0,0.0,0.0,0.0,0.0,0.0,0.0,0.0,0.0,1.0,1.0,0.2068962811908732,0.1114545720691489,0.050661169122340394,0.44945268428014096,0.0,0.6115684254716303,0.0,,0,0,0,0.7255269629066793,0.28813978114832106,0.13333333333333333,
epr_coordination_granularity,epr_coordination_granularity__coherence_aware__cq2__ten4__res500__reset50__noepr__global__per_layer,coherence_aware,2,4,500,50,False,global,per_layer,15,15,0.0,0.0,0.0,0.0,0.0,0.0,0.0,0.1375,0.0,0.0,0.0,0.0,0.0,1.1967033418608872,1.5369458128078817,0.0,0.1417710121427552,0.0644413691557978,0.3746140568704393,0.0,0.5808264381689924,0.0,,0,0,0,0.7677149113724713,0.252667950408365,1.0,
epr_coordination_granularity,epr_coordination_granularity__coherence_aware__cq2__ten4__res500__reset50__noepr__global__per_operation,coherence_aware,2,4,500,50,False,global,per_operation,15,15,0.0,0.0,0.0,0.0,0.0,0.0,0.0,0.1638888888888889,0.0,0.0,0.0,0.0,0.0,1.2371865134670825,1.6704533611255863,0.004575163398692807,0.1405762288701377,0.06389828585006257,0.4073627123426931,0.0,0.6118372270628935,0.0,,0,0,0,0.7633060480139543,0.2538564257593883,1.0,
epr_coordination_granularity,epr_coordination_granularity__coherence_aware__cq2__ten4__res500__reset50__noepr__local__per_job,coherence_aware,2,4,500,50,False,local,per_job,15,1,0.9333333333333333,0.0,0.0,0.0,0.0,0.0,0.0,0.01388888888888889,0.0,0.0,0.0,0.0,0.0,1.0,1.0,0.23470143697752804,0.10534942474231766,0.0478861021555989,0.46123350880769876,0.203627399883694,0.8180964355893093,0.0,,0,0,0,0.7406355103791146,0.2865818382146655,0.06666666666666667,
epr_coordination_granularity,epr_coordination_granularity__coherence_aware__cq2__ten4__res500__reset50__noepr__local__per_layer,coherence_aware,2,4,500,50,False,local,per_layer,15,15,0.0,0.0,0.0,0.0,0.0,0.0,0.0,0.06944444444444445,0.0,0.0,0.0,0.0,0.0,1.2158898265479867,1.5369458128078817,0.0,0.14205531509033373,0.06457059776833347,0.3821000879595305,0.06503731461816607,0.6537633154363637,0.0,,0,0,0,0.7677149113724713,0.25334059219545985,1.0,
epr_coordination_granularity,epr_coordination_granularity__coherence_aware__cq2__ten4__res500__reset50__noepr__local__per_operation,coherence_aware,2,4,500,50,False,local,per_operation,15,15,0.0,0.0027777777777777775,0.0,0.0027777777777777775,0.0,0.0027777777777777775,0.0027777777777777775,0.0027777777777777775,0.26666666666666666,0.26666666666666666,12.8,0.26666666666666666,0.26666666666666666,1.1482976594465897,1.372856996201622,0.00321078431372548,0.1404448388370498,0.0638385631077499,0.4410813859661464,0.06734887535305548,0.7127136632640015,0.0,,0,0,0,0.7646113746935684,0.25387247601540824,1.0,
epr_coordination_granularity,epr_coordination_granularity__fair_share__cq2__ten4__res500__reset50__epr__global__per_job,fair_share,2,4,500,50,True,global,per_job,15,1,0.9333333333333333,0.0,0.0,0.0,0.0,0.0,0.0,0.13333333333333333,0.0,0.0,0.0,0.0,0.0,1.0,1.0,0.2004555346087604,0.08730932957119573,0.05021973568611926,0.5814196476110058,0.0,0.7189487128683207,0.0,0.26570392634157697,3638,1610,955,0.7434525887727637,0.26333764032263396,0.06666666666666667,0.26250687190764155
epr_coordination_granularity,epr_coordination_granularity__fair_share__cq2__ten4__res500__reset50__epr__global__per_layer,fair_share,2,4,500,50,True,global,per_layer,15,12,0.2,0.0,0.00972222222222222,0.00972222222222222,0.0,0.0,0.00972222222222222,0.523611111111111,-0.4861111111111111,0.4861111111111111,23.333333333333332,0.0,0.0,1.7002929365293855,2.9074074074074074,0.013398692810457514,0.11396370148801908,0.06273146362594666,0.4342104561191718,0.0,0.6109056212331375,0.0,0.31562595910011093,4520,1674,1404,0.7754925688118447,0.25444133904048705,0.8,0.3106194690265487
epr_coordination_granularity,epr_coordination_granularity__fair_share__cq2__ten4__res500__reset50__epr__global__per_operation,fair_share,2,4,500,50,True,global,per_operation,15,15,0.0,0.0,0.013888888888888888,0.013888888888888888,0.0,0.0,0.013888888888888888,0.6611111111111111,-0.6944444444444445,0.6944444444444445,33.333333333333336,0.0,0.0,1.2050297879735188,1.776948051948052,0.00490196078431372,0.11674385262030773,0.06382583195437487,0.48999293071535266,0.0,0.6705626152900354,0.0,0.312027960778306,4572,1642,1406,0.7629874183348438,0.2518652179985553,1.0,0.30752405949256345
epr_coordination_granularity,epr_coordination_granularity__fair_share__cq2__ten4__res500__reset50__epr__local__per_job,fair_share,2,4,500,50,True,local,per_job,15,0,1.0,0.0,0.0,0.0,0.0,0.0,0.0,0.13333333333333333,0.0,0.0,0.0,0.0,0.0,,,0.3004485530282494,0.0730202272382143,0.04339841493702461,0.5883241874231159,0.21466133484684963,0.9194041644452045,0.2,0.2874973133495564,3172,1564,909,0.702676830142869,0.2835164015008434,0.0,0.2865699873896595
epr_coordination_granularity,epr_coordination_granularity__fair_share__cq2__ten4__res500__reset50__epr__local__per_layer,fair_share,2,4,500,50,True,local,per_layer,15,11,0.26666666666666666,0.0,0.015277777777777777,0.015277777777777777,0.0,0.0,0.015277777777777777,0.4597222222222222,-0.763888888888889,0.763888888888889,36.666666666666664,0.0,0.0,1.4603390630662303,2.3004484304932737,0.01840675664205074,0.11427091802683291,0.06310272650973699,0.43494424894885875,0.08539425664257602,0.6977121501280047,0.0,0.3192129429069113,4490,1690,1410,0.7786838002953164,0.2541883624053564,0.7333333333333333,0.31403118040089084
epr_coordination_granularity,epr_coordination_granularity__fair_share__cq2__ten4__res500__reset50__epr__local__per_operation,fair_share,2,4,500,50,True,local,per_operation,15,15,0.0,0.0013888888888888887,0.02222222222222222,0.023611111111111107,0.0,0.0013888888888888887,0.023611111111111107,0.5083333333333333,-1.0416666666666667,1.1805555555555558,56.666666666666664,0.0,0.0,1.1828205071974929,1.4490828589500315,0.00223039215686274,0.11810843137933826,0.06430481417255973,0.4966440383965349,0.0679665923309308,0.7470238762793637,0.0,0.323742103985185,4590,1612,1462,0.7655598134780063,0.2516741626725912,1.0,0.31851851851851853
epr_coordination_granularity,epr_coordination_granularity__fair_share__cq2__ten4__res500__reset50__noepr__global__per_job,fair_share,2,4,500,50,False,global,per_job,15,0,1.0,0.0,0.0,0.0,0.0,0.0,0.0,0.16666666666666666,0.0,0.0,0.0,0.0,0.0,,,0.20844477507523043,0.10978294549792121,0.04990133886269143,0.6000669187507875,0.0,0.7597512031114003,0.0,,0,0,0,0.7354955853474888,0.2676297468053015,0.0,
epr_coordination_granularity,epr_coordination_granularity__fair_share__cq2__ten4__res500__reset50__noepr__global__per_layer,fair_share,2,4,500,50,False,global,per_layer,15,12,0.2,0.0,0.0,0.0,0.0,0.0,0.0,0.43333333333333335,0.0,0.0,0.0,0.0,0.0,1.761738540125709,3.0,0.013398692810457505,0.13983737946643487,0.06356244521201583,0.4375764755364747,0.0,0.6409763002149254,0.0,,0,0,0,0.7754844553599481,0.2543731741553908,0.8,
epr_coordination_granularity,epr_coordination_granularity__fair_share__cq2__ten4__res500__reset50__noepr__global__per_operation,fair_share,2,4,500,50,False,global,per_operation,15,15,0.0,0.0,0.0,0.0,0.0,0.0,0.0,0.5416666666666666,0.0,0.0,0.0,0.0,0.0,1.2201046794688797,1.8125177809388335,0.00321078431372548,0.14169011805541348,0.06440459911609701,0.5061686785068719,0.0,0.7122633956783823,0.0,,0,0,0,0.7646237171277908,0.2530865193908769,1.0,
epr_coordination_granularity,epr_coordination_granularity__fair_share__cq2__ten4__res500__reset50__noepr__local__per_job,fair_share,2,4,500,50,False,local,per_job,15,0,1.0,0.0,0.0,0.0,0.0,0.0,0.0,0.16666666666666666,0.0,0.0,0.0,0.0,0.0,,,0.29837304051630426,0.09607069367922179,0.043668497126918976,0.5813118203276486,0.20288661954439519,0.9239376306781846,0.13333333333333333,,0,0,0,0.7105949317670093,0.30187465582760387,0.0,
epr_coordination_granularity,epr_coordination_granularity__fair_share__cq2__ten4__res500__reset50__noepr__local__per_layer,fair_share,2,4,500,50,False,local,per_layer,15,12,0.2,0.0,0.0,0.0,0.0,0.0,0.0,0.4569444444444445,0.0,0.0,0.0,0.0,0.0,1.485893883136975,1.8658718330849478,0.01601307189542483,0.13886611610771837,0.06312096186714469,0.43081776636507846,0.08122347570373817,0.7140283200436797,0.0,,0,0,0,0.7771918511298395,0.2540934798090143,0.8,
epr_coordination_granularity,epr_coordination_granularity__fair_share__cq2__ten4__res500__reset50__noepr__local__per_operation,fair_share,2,4,500,50,False,local,per_operation,15,14,0.06666666666666667,0.0,0.0,0.0,0.0,0.0,0.0,0.525,0.0,0.0,0.0,0.0,0.0,1.1468132249733767,1.4680555555555554,0.0058251633986928,0.14078265687608096,0.06399211676185496,0.5104539855258716,0.06804296633624686,0.7832717255000543,0.0,,0,0,0,0.7640068583892543,0.25172134694562515,0.9333333333333333,
epr_coordination_granularity,epr_coordination_granularity__first_available__cq2__ten4__res500__reset50__epr__global__per_job,first_available,2,4,500,50,True,global,per_job,15,2,0.8666666666666667,0.0,0.0,0.0,0.0,0.0,0.0,0.2,0.0,0.0,0.0,0.0,0.0,1.0,1.0,0.2029742450254784,0.08795088714676587,0.04987880298642136,0.5958105646018333,0.0,0.7336402547350205,0.0,0.29016716823949007,3632,1518,1030,0.7558923876923238,0.28534244696694777,0.13333333333333333,0.28359030837004406
epr_coordination_granularity,epr_coordination_granularity__first_available__cq2__ten4__res500__reset50__epr__global__per_layer,first_available,2,4,500,50,True,global,per_layer,15,15,0.0,0.0,0.0,0.0,0.0,0.0,0.0,0.5430555555555556,0.0,0.0,0.0,0.0,0.0,1.158519818726094,1.3428401663695781,0.0,0.11863249578023291,0.06448504206276827,0.4325975907539145,0.0,0.6157151285969157,0.0,0.31599230768025943,4602,1604,1432,0.7677149113724713,0.2528251793854974,1.0,0.3111690569317688
epr_coordination_granularity,epr_coordination_granularity__first_available__cq2__ten4__res500__reset50__epr__global__per_operation,first_available,2,4,500,50,True,global,per_operation,15,15,0.0,0.0,0.0,0.0,0.0,0.0,0.0,0.2708333333333333,0.0,0.0,0.0,0.0,0.0,1.249040239998887,2.050246305418719,0.0013970588235294068,0.11734111646760882,0.0642131540055777,0.4947768815097438,0.0,0.6763311519829303,0.0,0.3146599701316816,4594,1656,1425,0.7663786314505407,0.2517119351680532,1.0,0.31018720069656075
epr_coordination_granularity,epr_coordination_granularity__first_available__cq2__ten4__res500__reset50__epr__local__per_job,first_available,2,4,500,50,True,local,per_job,15,3,0.8,0.0,0.0,0.0,0.0,0.0,0.0,0.2,0.0,0.0,0.0,0.0,0.0,1.0,1.0,0.24007263677709598,0.08063192090226504,0.046998636468908034,0.5831040868215734,0.1758992341253324,0.8866338783180789,0.13333333333333333,0.2789072140280919,3426,1586,954,0.7502856546010619,0.27267495650100726,0.2,0.27845884413309985
epr_coordination_granularity,epr_coordination_granularity__first_available__cq2__ten4__res500__reset50__epr__local__per_layer,first_available,2,4,500,50,True,local,per_layer,15,15,0.0,0.0,0.0,0.0,0.0,0.0,0.0,0.49166666666666664,0.0,0.0,0.0,0.0,0.0,1.1208741335500436,1.372443487621098,0.0,0.11933090208596711,0.06471563027653107,0.4301813281303902,0.06679649775211473,0.6810243582450031,0.0,0.32200851497819233,4602,1584,1473,0.7677149113724713,0.25251546201090347,1.0,0.3200782268578879
epr_coordination_granularity,epr_coordination_granularity__first_available__cq2__ten4__res500__reset50__epr__local__per_operation,first_available,2,4,500,50,True,local,per_operation,15,15,0.0,0.0,0.0,0.0,0.0,0.0,0.0,0.42916666666666664,0.0,0.0,0.0,0.0,0.0,1.1673141392949054,1.4646694214876033,0.0020506535947712335,0.11727546625778788,0.06408645126972477,0.5011734203471304,0.06772757295165029,0.7502629108262934,0.0,0.32072993628969215,4590,1642,1453,0.765737449390636,0.2528421013826723,1.0,0.31655773420479305
epr_coordination_granularity,epr_coordination_granularity__first_available__cq2__ten4__res500__reset50__noepr__global__per_job,first_available,2,4,500,50,False,global,per_job,15,0,1.0,0.0,0.0,0.0,0.0,0.0,0.0,0.1,0.0,0.0,0.0,0.0,0.0,,,0.21279938925716912,0.10866269577312705,0.04939213444233045,0.6014274268255678,0.0,0.7594822570410253,0.0,,0,0,0,0.7367344350305233,0.279565805722113,0.0,
epr_coordination_granularity,epr_coordination_granularity__first_available__cq2__ten4__res500__reset50__noepr__global__per_layer,first_available,2,4,500,50,False,global,per_layer,15,15,0.0,0.0,0.0,0.0,0.0,0.0,0.0,0.4083333333333333,0.0,0.0,0.0,0.0,0.0,1.1645618969864933,1.3394332939787486,0.0,0.14076991725532048,0.06398632602514565,0.4318167480002619,0.0,0.636572991280728,0.0,,0,0,0,0.7677149113724713,0.25305277025951317,1.0,
epr_coordination_granularity,epr_coordination_granularity__first_available__cq2__ten4__res500__reset50__noepr__global__per_operation,first_available,2,4,500,50,False,global,per_operation,15,15,0.0,0.0,0.0,0.0,0.0,0.0,0.0,0.39166666666666666,0.0,0.0,0.0,0.0,0.0,1.1475372455455193,1.53993399339934,0.004665032679738553,0.1393809782319892,0.06335499010544961,0.5005253486166811,0.0,0.7032613169541198,0.0,,0,0,0,0.7631776997718323,0.2561683789657208,1.0,
epr_coordination_granularity,epr_coordination_granularity__first_available__cq2__ten4__res500__reset50__noepr__local__per_job,first_available,2,4,500,50,False,local,per_job,15,3,0.8,0.0,0.0,0.0,0.0,0.0,0.0,0.23333333333333334,0.0,0.0,0.0,0.0,0.0,1.0185185185185184,1.0555555555555556,0.21968206393016637,0.10861544239633518,0.04937065563469777,0.605893766133325,0.1903441092606631,0.954223973425021,0.4,,0,0,0,0.7399822052675795,0.2818456126693453,0.2,
epr_coordination_granularity,epr_coordination_granularity__first_available__cq2__ten4__res500__reset50__noepr__local__per_layer,first_available,2,4,500,50,False,local,per_layer,15,15,0.0,0.0027777777777777775,0.0,0.0027777777777777775,0.0,0.0027777777777777775,0.0027777777777777775,0.46111111111111114,0.3611111111111111,0.3611111111111111,17.333333333333332,0.3611111111111111,0.3611111111111111,1.1596499624400323,1.3974358974358974,0.0,0.14222036965678175,0.0646456225712644,0.43374178111709055,0.07045747703896275,0.7110652503840994,0.0,,0,0,0,0.7677149113724713,0.2648060064783998,1.0,
epr_coordination_granularity,epr_coordination_granularity__first_available__cq2__ten4__res500__reset50__noepr__local__per_operation,first_available,2,4,500,50,False,local,per_operation,15,15,0.0,0.0,0.0,0.0,0.0,0.0,0.0,0.4513888888888889,0.0,0.0,0.0,0.0,0.0,1.1500299961426148,1.342969518190757,0.003921568627450973,0.1417325006346663,0.0644238639248483,0.5125868843477834,0.07186337047684793,0.790606619384146,0.0,,0,0,0,0.7639204277096866,0.2517741969246916,1.0,
epr_coordination_granularity,epr_coordination_granularity__per_tenant_reserved__cq2__ten4__res500__reset50__epr__global__per_job,per_tenant_reserved,2,4,500,50,True,global,per_job,15,12,0.2,0.0,0.0,0.0,0.0,0.0,0.0,1.0,0.0,0.0,0.0,0.0,0.0,1.0,1.0,0.3229347692156041,0.0771920721799206,0.044871826840346456,0.2701177404058744,0.0,0.3921816394261414,0.0,0.16786765146378674,3174,1452,534,0.4598860186191668,0.7502706363235847,0.8,0.16824196597353497
epr_coordination_granularity,epr_coordination_granularity__per_tenant_reserved__cq2__ten4__res500__reset50__epr__global__per_layer,per_tenant_reserved,2,4,500,50,True,global,per_layer,15,12,0.2,0.0,0.0,0.0,0.0,0.0,0.0,1.0,0.0,0.0,0.0,0.0,0.0,1.0,1.0,0.3229347692156041,0.07741287400109152,0.045009559103262015,0.25994517141294754,0.0,0.3823676045173011,0.0,0.16786765146378674,3174,1452,534,0.4598860186191668,0.7502706363235847,0.8,0.16824196597353497
epr_coordination_granularity,epr_coordination_granularity__per_tenant_reserved__cq2__ten4__res500__reset50__epr__global__per_operation,per_tenant_reserved,2,4,500,50,True,global,per_operation,15,12,0.2,0.0,0.0,0.0,0.0,0.0,0.0,1.0,0.0,0.0,0.0,0.0,0.0,1.0,1.0,0.3229347692156041,0.07810616552781086,0.045420907057387654,0.29618088517842905,0.0,0.41970795776362757,0.0,0.16786765146378674,3174,1452,534,0.4598860186191668,0.7502706363235847,0.8,0.16824196597353497
epr_coordination_granularity,epr_coordination_granularity__per_tenant_reserved__cq2__ten4__res500__reset50__epr__local__per_job,per_tenant_reserved,2,4,500,50,True,local,per_job,15,12,0.2,0.0,0.0,0.0,0.0,0.0,0.0,1.0,0.0,0.0,0.0,0.0,0.0,1.0,1.0,0.3229347692156041,0.07749451866110808,0.045063144647591646,0.27143218934414093,0.018088635055907066,0.41207848770874766,0.0,0.1695079875982405,3174,1452,540,0.4598860186191668,0.7502706363235847,0.8,0.17013232514177692
epr_coordination_granularity,epr_coordination_granularity__per_tenant_reserved__cq2__ten4__res500__reset50__epr__local__per_layer,per_tenant_reserved,2,4,500,50,True,local,per_layer,15,12,0.2,0.0,0.0,0.0,0.0,0.0,0.0,1.0,0.0,0.0,0.0,0.0,0.0,1.0,1.0,0.3229347692156041,0.07715199161692457,0.04485143365361242,0.25895968185613183,0.018033650139254235,0.39899675726592304,0.0,0.1695079875982405,3174,1452,540,0.4598860186191668,0.7502706363235847,0.8,0.17013232514177692
epr_coordination_granularity,epr_coordination_granularity__per_tenant_reserved__cq2__ten4__res500__reset50__epr__local__per_operation,per_tenant_reserved,2,4,500,50,True,local,per_operation,15,12,0.2,0.0,0.0,0.0,0.0,0.0,0.0,1.0,0.0,0.0,0.0,0.0,0.0,1.0,1.0,0.3229347692156041,0.07758257335655713,0.04511496076060464,0.294459946258872,0.018118132370307752,0.4352756127463415,0.0,0.1695079875982405,3174,1452,540,0.4598860186191668,0.7502706363235847,0.8,0.17013232514177692
epr_coordination_granularity,epr_coordination_granularity__per_tenant_reserved__cq2__ten4__res500__reset50__noepr__global__per_job,per_tenant_reserved,2,4,500,50,False,global,per_job,15,12,0.2,0.0,0.0,0.0,0.0,0.0,0.0,1.0,0.0,0.0,0.0,0.0,0.0,1.0,1.0,0.3229347692156041,0.09916844674452567,0.0450765667020571,0.2715391164099229,0.0,0.4157841298565056,0.0,,0,0,0,0.4598860186191668,0.7502701464525823,0.8,
epr_coordination_granularity,epr_coordination_granularity__per_tenant_reserved__cq2__ten4__res500__reset50__noepr__global__per_layer,per_tenant_reserved,2,4,500,50,False,global,per_layer,15,12,0.2,0.0,0.0,0.0,0.0,0.0,0.0,1.0,0.0,0.0,0.0,0.0,0.0,1.0,1.0,0.3229347692156041,0.09816463248124312,0.04462028749147411,0.2578398105055027,0.0,0.4006247304782199,0.0,,0,0,0,0.4598860186191668,0.7502701464525823,0.8,
epr_coordination_granularity,epr_coordination_granularity__per_tenant_reserved__cq2__ten4__res500__reset50__noepr__global__per_operation,per_tenant_reserved,2,4,500,50,False,global,per_operation,15,12,0.2,0.0,0.0,0.0,0.0,0.0,0.0,1.0,0.0,0.0,0.0,0.0,0.0,1.0,1.0,0.3229347692156041,0.09911896485225652,0.04505407493284384,0.2943966083550886,0.0,0.4385696481401889,0.0,,0,0,0,0.4598860186191668,0.7502701464525823,0.8,
epr_coordination_granularity,epr_coordination_granularity__per_tenant_reserved__cq2__ten4__res500__reset50__noepr__local__per_job,per_tenant_reserved,2,4,500,50,False,local,per_job,15,12,0.2,0.0,0.0,0.0,0.0,0.0,0.0,1.0,0.0,0.0,0.0,0.0,0.0,1.0,1.0,0.3229347692156041,0.09961556035509288,0.04527980016140584,0.2726672625634715,0.018076147939879335,0.43563877101984955,0.0,,0,0,0,0.4598860186191668,0.7502701464525823,0.8,
epr_coordination_granularity,epr_coordination_granularity__per_tenant_reserved__cq2__ten4__res500__reset50__noepr__local__per_layer,per_tenant_reserved,2,4,500,50,False,local,per_layer,15,12,0.2,0.0,0.0,0.0,0.0,0.0,0.0,1.0,0.0,0.0,0.0,0.0,0.0,1.0,1.0,0.3229347692156041,0.09896621658177791,0.04498464390080812,0.2599474271580812,0.017937648035069895,0.4218359356757372,0.0,,0,0,0,0.4598860186191668,0.7502701464525823,0.8,
epr_coordination_granularity,epr_coordination_granularity__per_tenant_reserved__cq2__ten4__res500__reset50__noepr__local__per_operation,per_tenant_reserved,2,4,500,50,False,local,per_operation,15,12,0.2,0.0,0.0,0.0,0.0,0.0,0.0,1.0,0.0,0.0,0.0,0.0,0.0,1.0,1.0,0.3229347692156041,0.09913322276333526,0.045060555801516,0.2946145714568974,0.017976014716032267,0.45678436473778095,0.0,,0,0,0,0.4598860186191668,0.7502701464525823,0.8,
epr_coordination_granularity,epr_coordination_granularity__predicted_demand__cq2__ten4__res500__reset50__epr__global__per_job,predicted_demand,2,4,500,50,True,global,per_job,15,1,0.9333333333333333,0.0,0.0,0.0,0.0,0.0,0.0,0.0,0.0,0.0,0.0,0.0,0.0,1.0,1.0,0.19460717982207543,0.0860601814895192,0.050773356053410296,0.44579815988520316,0.0,0.5826316974281327,0.0,0.17997237096992585,3672,1776,663,0.7454831099894101,0.2697626408685688,0.06666666666666667,0.18055555555555555
epr_coordination_granularity,epr_coordination_granularity__predicted_demand__cq2__ten4__res500__reset50__epr__global__per_layer,predicted_demand,2,4,500,50,True,global,per_layer,15,12,0.2,0.0,0.0,0.0,0.0,0.0,0.0,0.0,0.0,0.0,0.0,0.0,0.0,1.5971911012173134,2.8771929824561404,0.026470588235294114,0.11055632004848029,0.06226694730985235,0.3754396887874986,0.0,0.5482629561458313,0.0,0.20526613185189632,4440,1822,902,0.7842236954428154,0.2534487886963421,0.8,0.20315315315315316
epr_coordination_granularity,epr_coordination_granularity__predicted_demand__cq2__ten4__res500__reset50__epr__global__per_operation,predicted_demand,2,4,500,50,True,global,per_operation,15,15,0.0,0.025,0.0,0.025,0.0,0.025,0.025,0.06666666666666667,73.69722222222222,73.69722222222222,3537.4666666666667,72.65555555555555,72.65555555555555,1.174911645694111,1.5694581280788178,0.004248366013071886,0.11512039488413596,0.0637659787327006,0.4187433450453669,0.0,0.5976297186622035,0.0,0.2062915471028606,4576,1748,933,0.763611080494859,0.2904202341994895,1.0,0.20388986013986013
epr_coordination_granularity,epr_coordination_granularity__predicted_demand__cq2__ten4__res500__reset50__epr__local__per_job,predicted_demand,2,4,500,50,True,local,per_job,15,1,0.9333333333333333,0.0,0.0,0.0,0.0,0.0,0.0,0.0,0.0,0.0,0.0,0.0,0.0,1.0,1.0,0.2786258922924008,0.07322293441778058,0.04489005226820964,0.4520550479825007,0.19442097270043232,0.7645890073689233,0.0,0.2108217408244855,3228,1748,681,0.735865457403515,0.2737810812770054,0.06666666666666667,0.21096654275092938
epr_coordination_granularity,epr_coordination_granularity__predicted_demand__cq2__ten4__res500__reset50__epr__local__per_layer,predicted_demand,2,4,500,50,True,local,per_layer,15,12,0.2,0.0,0.0,0.0,0.0,0.0,0.0,0.0,0.0,0.0,0.0,0.0,0.0,1.6364401532831956,2.9340974212034383,0.04640522875816992,0.1059064041848354,0.06019283004125075,0.3774712975741629,0.09164808798771983,0.6352186197879689,0.0,0.26343843788724547,4318,1836,1134,0.7990099320319567,0.2537781489129189,0.8,0.26262158406669756
epr_coordination_granularity,epr_coordination_granularity__predicted_demand__cq2__ten4__res500__reset50__epr__local__per_operation,predicted_demand,2,4,500,50,True,local,per_operation,15,15,0.0,0.0,0.0,0.0,0.0,0.0,0.0,0.0,0.0,0.0,0.0,0.0,0.0,1.190940536116958,1.8567991631799163,0.0035947712418300535,0.11588087200767425,0.06376776823415813,0.4409702474510718,0.06978534705160035,0.6904042347445044,0.0,0.2701193741500606,4580,1692,1235,0.7642276063424623,0.25202212466245066,1.0,0.26965065502183405
epr_coordination_granularity,epr_coordination_granularity__predicted_demand__cq2__ten4__res500__reset50__noepr__global__per_job,predicted_demand,2,4,500,50,False,global,per_job,15,0,1.0,0.0,0.0,0.0,0.0,0.0,0.0,0.0,0.0,0.0,0.0,0.0,0.0,,,0.22186520805780766,0.10784718718106548,0.04902144871866611,0.4328004848881254,0.0,0.5896691207878569,0.0,,0,0,0,0.7399408983689554,0.28473126579927427,0.0,
epr_coordination_granularity,epr_coordination_granularity__predicted_demand__cq2__ten4__res500__reset50__noepr__global__per_layer,predicted_demand,2,4,500,50,False,global,per_layer,15,12,0.2,0.005555555555555555,0.0,0.005555555555555555,0.0,0.005555555555555555,0.005555555555555555,0.005555555555555555,2.361111111111111,2.361111111111111,113.33333333333333,2.361111111111111,2.361111111111111,1.513720671200322,2.057565789473684,0.02058823529411764,0.1378331016599121,0.06265140984541456,0.378753583271067,0.0,0.5792380947763937,0.0,,0,0,0,0.7801418813816559,0.26335693019466794,0.8,
epr_coordination_granularity,epr_coordination_granularity__predicted_demand__cq2__ten4__res500__reset50__noepr__global__per_operation,predicted_demand,2,4,500,50,False,global,per_operation,15,15,0.0,0.0,0.0,0.0,0.0,0.0,0.0,0.0,0.0,0.0,0.0,0.0,0.0,1.2157780101323092,2.0807881773399015,0.0039215686274509665,0.14099499423290807,0.0640886337422309,0.42333887932014747,0.0,0.6284225072952865,0.0,,0,0,0,0.7638925755088987,0.25184547778936023,1.0,
epr_coordination_granularity,epr_coordination_granularity__predicted_demand__cq2__ten4__res500__reset50__noepr__local__per_job,predicted_demand,2,4,500,50,False,local,per_job,15,1,0.9333333333333333,0.0,0.0,0.0,0.0,0.0,0.0,0.0,0.0,0.0,0.0,0.0,0.0,1.0,1.0,0.271024336616367,0.09930980606446099,0.04514082093839134,0.4522955095298836,0.18910815997988084,0.7858542965126168,0.0,,0,0,0,0.7344505080671138,0.29170515192985463,0.06666666666666667,
epr_coordination_granularity,epr_coordination_granularity__predicted_demand__cq2__ten4__res500__reset50__noepr__local__per_layer,predicted_demand,2,4,500,50,False,local,per_layer,15,11,0.26666666666666666,0.0,0.0,0.0,0.0,0.0,0.0,0.0,0.0,0.0,0.0,0.0,0.0,1.5049714815299835,2.1441241685144123,0.046168300653594764,0.13220244023052136,0.060092018286600574,0.37378691008924647,0.09321928788062282,0.6593006564869912,0.0,,0,0,0,0.7986589933056567,0.2666549783525605,0.7333333333333333,
epr_coordination_granularity,epr_coordination_granularity__predicted_demand__cq2__ten4__res500__reset50__noepr__local__per_operation,predicted_demand,2,4,500,50,False,local,per_operation,15,15,0.0,0.0,0.0,0.0,0.0,0.0,0.0,0.0,0.0,0.0,0.0,0.0,0.0,1.2282608402326445,1.8675126903553299,0.00359477124183006,0.14194831647284864,0.06452196203311301,0.4500855230847039,0.07232284114381643,0.728878642734482,0.0,,0,0,0,0.7642509850507329,0.25169362733457706,1.0,
epr_coordination_granularity,epr_coordination_granularity__priority_allocation__cq2__ten4__res500__reset50__epr__global__per_job,priority_allocation,2,4,500,50,True,global,per_job,15,7,0.5333333333333333,0.0,0.0,0.0,0.0,0.0,0.0,0.2,0.0,0.0,0.0,0.0,0.0,1.4090785567958528,1.8156277436347674,0.1998951647130015,0.09343128225568226,0.05145142743715243,0.5783258989610579,0.0,0.7232086086538927,0.0,0.3161305521056789,3754,1380,1138,0.7270085533226724,0.2813611131148967,0.4666666666666667,0.3031433137986148
epr_coordination_granularity,epr_coordination_granularity__priority_allocation__cq2__ten4__res500__reset50__epr__global__per_layer,priority_allocation,2,4,500,50,True,global,per_layer,15,15,0.0,0.0,0.0,0.0,0.0,0.0,0.0,0.5319444444444444,0.0,0.0,0.0,0.0,0.0,1.1827667777084558,1.6527777777777777,0.00130718954248366,0.11792722329190185,0.06433883921845814,0.4378754211972282,0.0,0.6201414837075881,0.0,0.32399864953529856,4594,1634,1470,0.7664614401071289,0.25307744846025876,1.0,0.3199825859817153
epr_coordination_granularity,epr_coordination_granularity__priority_allocation__cq2__ten4__res500__reset50__epr__global__per_operation,priority_allocation,2,4,500,50,True,global,per_operation,15,15,0.0,0.0,0.0,0.0,0.0,0.0,0.0,0.5402777777777777,0.0,0.0,0.0,0.0,0.0,1.210518786070943,2.0945812807881774,0.00451797385620914,0.11791056249941839,0.0642287787760096,0.49314825158450176,0.0,0.6752875928599298,0.0,0.31832550169256096,4576,1610,1430,0.7633214299869325,0.2518065869545848,1.0,0.3125
epr_coordination_granularity,epr_coordination_granularity__priority_allocation__cq2__ten4__res500__reset50__epr__local__per_job,priority_allocation,2,4,500,50,True,local,per_job,15,7,0.5333333333333333,0.0,0.0,0.0,0.0,0.0,0.0,0.13333333333333333,0.0,0.0,0.0,0.0,0.0,0.955659115889303,1.092485549132948,0.1833896815813324,0.0945713257705337,0.05336759023297062,0.6019432496866405,0.18862853137771662,0.9385106970678615,0.26666666666666666,0.2867492156674067,3802,1570,1081,0.6875129327477593,0.30471565265388756,0.4666666666666667,0.28432403997895844
epr_coordination_granularity,epr_coordination_granularity__priority_allocation__cq2__ten4__res500__reset50__epr__local__per_layer,priority_allocation,2,4,500,50,True,local,per_layer,15,15,0.0,0.0,0.0,0.0,0.0,0.0,0.0,0.4472222222222222,0.0,0.0,0.0,0.0,0.0,1.1525292207219937,1.5263157894736843,0.0006535947712418267,0.11961843899756341,0.06503481455448297,0.43805815408541043,0.06239799035101114,0.685109397988468,0.0,0.3173548184986431,4598,1604,1432,0.7670914799733474,0.2525884123949985,1.0,0.311439756415833
epr_coordination_granularity,epr_coordination_granularity__priority_allocation__cq2__ten4__res500__reset50__epr__local__per_operation,priority_allocation,2,4,500,50,True,local,per_operation,15,15,0.0,0.0,0.0,0.0,0.0,0.0,0.0,0.3861111111111111,0.0,0.0,0.0,0.0,0.0,1.1642837888829483,1.6706446457112414,0.005972222222222213,0.11685716627555423,0.06372600609519766,0.4976199781418804,0.06242406093280391,0.7406272114454361,0.0,0.31868027344250177,4566,1616,1433,0.7619243198102398,0.25170528667708814,1.0,0.3138414367060885
epr_coordination_granularity,epr_coordination_granularity__priority_allocation__cq2__ten4__res500__reset50__noepr__global__per_job,priority_allocation,2,4,500,50,False,global,per_job,15,7,0.5333333333333333,0.0,0.0,0.0,0.0,0.0,0.0,0.1,0.0,0.0,0.0,0.0,0.0,1.289886545285468,1.8085291557876415,0.17360658975222537,0.1159844430755539,0.05272020139797903,0.6068059289614012,0.0,0.775510573434934,0.0,,0,0,0,0.7262965643865243,0.2712591551836213,0.4666666666666667,
epr_coordination_granularity,epr_coordination_granularity__priority_allocation__cq2__ten4__res500__reset50__noepr__global__per_layer,priority_allocation,2,4,500,50,False,global,per_layer,15,15,0.0,0.0,0.0,0.0,0.0,0.0,0.0,0.6069444444444444,0.0,0.0,0.0,0.0,0.0,1.1279610510822924,1.3267148014440433,0.00032679738562091333,0.14202385674286871,0.06455629851948573,0.43791654103591154,0.0,0.6444966962982659,0.0,,0,0,0,0.7674031956729093,0.2527845269620931,1.0,
epr_coordination_granularity,epr_coordination_granularity__priority_allocation__cq2__ten4__res500__reset50__noepr__global__per_operation,priority_allocation,2,4,500,50,False,global,per_operation,15,15,0.0,0.0,0.0,0.0,0.0,0.0,0.0,0.4347222222222222,0.0,0.0,0.0,0.0,0.0,1.1742680435233501,1.5902777777777777,0.006241830065359467,0.14041792070523976,0.06382632759329078,0.5054123311263284,0.0,0.7096565794248589,0.0,,0,0,0,0.7615818801980402,0.26260731207209326,1.0,
epr_coordination_granularity,epr_coordination_granularity__priority_allocation__cq2__ten4__res500__reset50__noepr__local__per_job,priority_allocation,2,4,500,50,False,local,per_job,15,7,0.5333333333333333,0.0,0.0,0.0,0.0,0.0,0.0,0.1,0.0,0.0,0.0,0.0,0.0,0.979473428195632,1.0916030534351144,0.20830429874784712,0.11105767849319456,0.05048076295145205,0.5925743240474652,0.18391662397329986,0.9380293894654117,0.2,,0,0,0,0.7089331294979674,0.25994309644771085,0.4666666666666667,
epr_coordination_granularity,epr_coordination_granularity__priority_allocation__cq2__ten4__res500__reset50__noepr__local__per_layer,priority_allocation,2,4,500,50,False,local,per_layer,15,15,0.0,0.0,0.0,0.0,0.0,0.0,0.0,0.4305555555555555,0.0,0.0,0.0,0.0,0.0,1.1481312592609103,1.5369458128078817,0.00098039215686274,0.14198352941412068,0.06453796791550936,0.4347944549730015,0.06266753318578402,0.7039834854884155,0.0,,0,0,0,0.7667753052987564,0.2524701489894858,1.0,
epr_coordination_granularity,epr_coordination_granularity__priority_allocation__cq2__ten4__res500__reset50__noepr__local__per_operation,priority_allocation,2,4,500,50,False,local,per_operation,15,15,0.0,0.0,0.0,0.0,0.0,0.0,0.0,0.5319444444444444,0.0,0.0,0.0,0.0,0.0,1.147838358924987,1.420486879544736,0.005441176470588227,0.14078485306210106,0.06399311502822774,0.5139957548140263,0.06881098936566096,0.7875847122700159,0.0,,0,0,0,0.762426952460734,0.2520691967174748,1.0,
epr_coordination_granularity,epr_coordination_granularity__random_allocation__cq2__ten4__res500__reset50__epr__global__per_job,random_allocation,2,4,500,50,True,global,per_job,15,3,0.8,0.0,0.07222222222222223,0.07222222222222223,0.0,0.0,0.07222222222222223,0.18611111111111114,-3.611111111111111,3.611111111111111,173.33333333333334,0.0,0.0,1.0,1.0,0.1999261680234166,0.09354377983642068,0.050238515703931806,0.5729878975389052,0.0,0.7167701930792577,0.0,0.32978240754861493,3658,1184,1167,0.7304538499982198,0.2614307458483339,0.2,0.31902679059595407
epr_coordination_granularity,epr_coordination_granularity__random_allocation__cq2__ten4__res500__reset50__epr__global__per_layer,random_allocation,2,4,500,50,True,global,per_layer,15,15,0.0,0.0,0.01111111111111111,0.01111111111111111,0.0,0.0,0.01111111111111111,0.1513888888888889,-0.5555555555555556,0.5555555555555556,26.666666666666668,0.0,0.0,1.2131636143381344,1.4876847290640394,0.0,0.12382169298197293,0.06494147088865945,0.40514394523511404,0.0,0.5939071091057464,0.0,0.3265534979763289,4602,1306,1457,0.7677149113724713,0.25281231617902405,1.0,0.3166014776184268
epr_coordination_granularity,epr_coordination_granularity__random_allocation__cq2__ten4__res500__reset50__epr__global__per_operation,random_allocation,2,4,500,50,True,global,per_operation,15,15,0.0,0.0013888888888888887,0.008333333333333333,0.00972222222222222,0.0,0.0013888888888888887,0.00972222222222222,0.3277777777777778,-0.34722222222222227,0.4861111111111111,23.333333333333332,0.0,0.0,1.0974932575796015,1.304923535994032,0.0022875816993463997,0.12196709586619876,0.06411917032971594,0.4599571495101005,0.0,0.6460434157060153,0.0,0.3167604350469607,4588,1324,1401,0.7655268402423202,0.2518517744488929,1.0,0.30536181342632956
epr_coordination_granularity,epr_coordination_granularity__random_allocation__cq2__ten4__res500__reset50__epr__local__per_job,random_allocation,2,4,500,50,True,local,per_job,15,2,0.8666666666666667,0.0125,0.03472222222222222,0.047222222222222214,0.0,0.0125,0.047222222222222214,0.15972222222222224,-1.1111111111111112,2.3611111111111116,113.33333333333333,0.0,0.0,1.0,1.0,0.23840592698467458,0.08623180326109822,0.047537727140864676,0.5775051382110739,0.2042742794245534,0.9155489480375902,0.4,0.36108560953154556,3430,1266,1224,0.7379019127150667,0.27089007186523745,0.13333333333333333,0.3568513119533528
epr_coordination_granularity,epr_coordination_granularity__random_allocation__cq2__ten4__res500__reset50__epr__local__per_layer,random_allocation,2,4,500,50,True,local,per_layer,15,15,0.0,0.0027777777777777775,0.013888888888888888,0.016666666666666666,0.0,0.0027777777777777775,0.016666666666666666,0.19861111111111113,-0.5555555555555556,0.8333333333333334,40.0,0.0,0.0,1.1778750360725345,1.4011299435028248,0.0,0.1259356381491236,0.0659753709329085,0.41414536515239503,0.06875388179243412,0.6748102560268613,0.0,0.3812230371159726,4602,1298,1727,0.7677149113724713,0.25272417632778177,1.0,0.3752716210343329
epr_coordination_granularity,epr_coordination_granularity__random_allocation__cq2__ten4__res500__reset50__epr__local__per_operation,random_allocation,2,4,500,50,True,local,per_operation,15,15,0.0,0.004166666666666667,0.01111111111111111,0.015277777777777777,0.0,0.004166666666666667,0.015277777777777777,0.2875,-1.2666666666666664,1.7944444444444445,86.13333333333334,-0.9194444444444444,1.1694444444444443,1.1438395761996083,1.3497166409067491,0.0032679738562091465,0.12269705592479778,0.06421915354795148,0.47551044445203666,0.06655992518204096,0.7289865791068268,0.0,0.37890781873662255,4582,1284,1700,0.7645473049656953,0.2562465768405341,1.0,0.37101702313400264
epr_coordination_granularity,epr_coordination_granularity__random_allocation__cq2__ten4__res500__reset50__noepr__global__per_job,random_allocation,2,4,500,50,False,global,per_job,15,3,0.8,0.0,0.0,0.0,0.0,0.0,0.0,0.030555555555555555,0.0,0.0,0.0,0.0,0.0,1.0,1.0,0.19215134744024684,0.11194141167373474,0.05088245985169758,0.602751853959028,0.0,0.7655757254844603,0.0,,0,0,0,0.7514959320276919,0.28013555910175,0.2,
epr_coordination_granularity,epr_coordination_granularity__random_allocation__cq2__ten4__res500__reset50__noepr__global__per_layer,random_allocation,2,4,500,50,False,global,per_layer,15,15,0.0,0.0,0.0,0.0,0.0,0.0,0.0,0.27638888888888885,0.0,0.0,0.0,0.0,0.0,1.2105084159211377,1.5369458128078817,0.0,0.14336651727479172,0.06516659876126893,0.40729478178219874,0.0,0.6158278978182594,0.0,,0,0,0,0.7677149113724713,0.25285588750232524,1.0,
epr_coordination_granularity,epr_coordination_granularity__random_allocation__cq2__ten4__res500__reset50__noepr__global__per_operation,random_allocation,2,4,500,50,False,global,per_operation,15,15,0.0,0.0,0.0,0.0,0.0,0.0,0.0,0.24305555555555555,0.0,0.0,0.0,0.0,0.0,1.1459370180802182,1.5423658155289213,0.007549019607843133,0.14130440517547535,0.06422927507976149,0.4658695304855487,0.0,0.6714032107407856,0.0,,0,0,0,0.7603609851155765,0.2519392253504346,1.0,
epr_coordination_granularity,epr_coordination_granularity__random_allocation__cq2__ten4__res500__reset50__noepr__local__per_job,random_allocation,2,4,500,50,False,local,per_job,15,2,0.8666666666666667,0.0,0.0,0.0,0.0,0.0,0.0,0.10972222222222222,0.0,0.0,0.0,0.0,0.0,1.0,1.0,0.2647581240707427,0.09909942949019476,0.04504519522281578,0.5671643183966393,0.21526611675718438,0.9265750598668343,0.26666666666666666,,0,0,0,0.7308386040075767,0.2682483456752012,0.13333333333333333,
epr_coordination_granularity,epr_coordination_granularity__random_allocation__cq2__ten4__res500__reset50__noepr__local__per_layer,random_allocation,2,4,500,50,False,local,per_layer,15,15,0.0,0.0,0.0,0.0,0.0,0.0,0.0,0.15,0.0,0.0,0.0,0.0,0.0,1.1928070594541504,1.5369458128078817,0.0,0.1420956632763046,0.06458893785286572,0.4079385620184194,0.0637841242911482,0.6784072874387379,0.0,,0,0,0,0.7677149113724713,0.2531621073313236,1.0,
epr_coordination_granularity,epr_coordination_granularity__random_allocation__cq2__ten4__res500__reset50__noepr__local__per_operation,random_allocation,2,4,500,50,False,local,per_operation,15,15,0.0,0.0,0.0,0.0,0.0,0.0,0.0,0.3458333333333333,0.0,0.0,0.0,0.0,0.0,1.1418665008893851,1.2693492300049678,0.0028839869281045666,0.1412709446909396,0.06421406576860887,0.4817821817819557,0.06959906059268664,0.7568662528341908,0.0,,0,0,0,0.7649128816586762,0.25204831414241047,1.0,
epr_coordination_granularity,epr_coordination_granularity__round_robin__cq2__ten4__res500__reset50__epr__global__per_job,round_robin,2,4,500,50,True,global,per_job,15,2,0.8666666666666667,0.0,0.0,0.0,0.0,0.0,0.0,0.23333333333333334,0.0,0.0,0.0,0.0,0.0,1.0,1.0,0.20274952493216247,0.08849194752403292,0.050583071376036015,0.5876197056007716,0.0,0.7266947245008406,0.0,0.25756380771184145,3644,1572,918,0.7336429976169195,0.2712564092815926,0.13333333333333333,0.2519209659714599
epr_coordination_granularity,epr_coordination_granularity__round_robin__cq2__ten4__res500__reset50__epr__global__per_layer,round_robin,2,4,500,50,True,global,per_layer,15,15,0.0,0.0027777777777777775,0.004166666666666667,0.006944444444444444,0.0,0.0027777777777777775,0.006944444444444444,0.24444444444444446,-0.06944444444444445,0.34722222222222227,16.666666666666668,0.0,0.0,1.1799867009680451,1.341202922990444,0.0,0.1190025731435755,0.06442928203845215,0.4311681767533033,0.0,0.614600031935331,0.0,0.30936723381978687,4602,1570,1384,0.7677149113724713,0.2528966003677671,1.0,0.30073880921338547
epr_coordination_granularity,epr_coordination_granularity__round_robin__cq2__ten4__res500__reset50__epr__global__per_operation,round_robin,2,4,500,50,True,global,per_operation,15,15,0.0,0.0013888888888888887,0.01111111111111111,0.0125,0.0,0.0013888888888888887,0.0125,0.40138888888888885,-0.4861111111111111,0.625,30.0,0.0,0.0,1.1796327874903207,1.698173153296267,0.002614379084967313,0.11842881874682551,0.06447325474287555,0.49433113107430265,0.0,0.6772332045640037,0.0,0.30171219622567075,4586,1612,1349,0.7651780153106285,0.2547646667364499,1.0,0.2941561273440907
epr_coordination_granularity,epr_coordination_granularity__round_robin__cq2__ten4__res500__reset50__epr__local__per_job,round_robin,2,4,500,50,True,local,per_job,15,4,0.7333333333333333,0.0,0.0,0.0,0.0,0.0,0.0,0.23333333333333334,0.0,0.0,0.0,0.0,0.0,1.0138888888888888,1.0555555555555556,0.2246248326309996,0.08345212386478251,0.0484152032766655,0.5908781833370206,0.17681832594757652,0.8995638364260452,0.4,0.2892908427276741,3510,1600,1011,0.7424964500670961,0.2641763722686614,0.26666666666666666,0.288034188034188
epr_coordination_granularity,epr_coordination_granularity__round_robin__cq2__ten4__res500__reset50__epr__local__per_layer,round_robin,2,4,500,50,True,local,per_layer,15,15,0.0,0.0,0.01111111111111111,0.01111111111111111,0.0,0.0,0.01111111111111111,0.20972222222222223,-0.5555555555555556,0.5555555555555556,26.666666666666668,0.0,0.0,1.170060217855962,1.4025289778714436,0.0,0.11881617527687144,0.06462695084435154,0.4360574553793789,0.0670019946219523,0.6865025761225542,0.0,0.3270819502250647,4602,1608,1486,0.7677149113724713,0.25277095416884604,1.0,0.32290308561495
epr_coordination_granularity,epr_coordination_granularity__round_robin__cq2__ten4__res500__reset50__epr__local__per_operation,round_robin,2,4,500,50,True,local,per_operation,15,15,0.0,0.005555555555555555,0.0125,0.018055555555555554,0.0,0.005555555555555555,0.018055555555555554,0.3111111111111111,-0.04722222222222225,1.202777777777778,57.733333333333334,0.43888888888888894,0.43888888888888894,1.1692712522847857,1.4108374384236453,0.002704248366013067,0.118960280342175,0.06467446777900003,0.5036381067778343,0.07125621946713648,0.7585290743661458,0.0,0.3249172202748891,4586,1602,1462,0.7651257074190757,0.25350263419752483,1.0,0.31879633667684254
epr_coordination_granularity,epr_coordination_granularity__round_robin__cq2__ten4__res500__reset50__noepr__global__per_job,round_robin,2,4,500,50,False,global,per_job,15,1,0.9333333333333333,0.0,0.0,0.0,0.0,0.0,0.0,0.13333333333333333,0.0,0.0,0.0,0.0,0.0,1.0,1.0,0.2279140120368773,0.10692286424419357,0.04860130192917887,0.6026760146312865,0.0,0.7582001808046589,0.0,,0,0,0,0.7229610613410367,0.2859952363096655,0.06666666666666667,
epr_coordination_granularity,epr_coordination_granularity__round_robin__cq2__ten4__res500__reset50__noepr__global__per_layer,round_robin,2,4,500,50,False,global,per_layer,15,15,0.0,0.0,0.0,0.0,0.0,0.0,0.0,0.35833333333333334,0.0,0.0,0.0,0.0,0.0,1.2027166834292595,1.5369458128078817,0.0,0.14201213500890492,0.06455097045859312,0.43061999498464926,0.0,0.6371831004521474,0.0,,0,0,0,0.7677149113724713,0.25247578105218393,1.0,
epr_coordination_granularity,epr_coordination_granularity__round_robin__cq2__ten4__res500__reset50__noepr__global__per_operation,round_robin,2,4,500,50,False,global,per_operation,15,15,0.0,0.0,0.0,0.0,0.0,0.0,0.0,0.20694444444444443,0.0,0.0,0.0,0.0,0.0,1.2093382982052858,2.4423645320197043,0.004665032679738553,0.13994987662775585,0.06361358028534353,0.49852354371263463,0.0,0.7020870006257341,0.0,,0,0,0,0.7632199046480052,0.2515365241954524,1.0,
epr_coordination_granularity,epr_coordination_granularity__round_robin__cq2__ten4__res500__reset50__noepr__local__per_job,round_robin,2,4,500,50,False,local,per_job,15,2,0.8666666666666667,0.0,0.0,0.0,0.0,0.0,0.0,0.1,0.0,0.0,0.0,0.0,0.0,1.0,1.0,0.2984102607807541,0.09505301938596263,0.04320591790271026,0.5868702818287554,0.19242826613423938,0.9175574852516678,0.3333333333333333,,0,0,0,0.7403642917298452,0.28964943448641856,0.13333333333333333,
epr_coordination_granularity,epr_coordination_granularity__round_robin__cq2__ten4__res500__reset50__noepr__local__per_layer,round_robin,2,4,500,50,False,local,per_layer,15,15,0.0,0.004166666666666667,0.0,0.004166666666666667,0.0,0.004166666666666667,0.004166666666666667,0.20138888888888887,1.1666666666666667,1.1666666666666667,56.0,1.1666666666666667,1.1666666666666667,1.2111527155925357,1.5369458128078817,0.0,0.1432214008715517,0.0651006367597962,0.4366681822814122,0.06722298455847085,0.7122132044712309,0.0,,0,0,0,0.7677149113724713,0.2541527697053513,1.0,
epr_coordination_granularity,epr_coordination_granularity__round_robin__cq2__ten4__res500__reset50__noepr__local__per_operation,round_robin,2,4,500,50,False,local,per_operation,15,15,0.0,0.0,0.0,0.0,0.0,0.0,0.0,0.34444444444444444,0.0,0.0,0.0,0.0,0.0,1.1962889320391803,1.6021052631578947,0.004517973856209148,0.14094664177395566,0.06406665535179798,0.510230947349052,0.07874828036921186,0.7939925248440176,0.0,,0,0,0,0.7633398342359039,0.2538100703742234,1.0,
epr_coordination_granularity,epr_coordination_granularity__shared_global_pool__cq2__ten4__res500__reset50__epr__global__per_job,shared_global_pool,2,4,500,50,True,global,per_job,15,15,0.0,0.0,0.5555555555555555,0.5555555555555555,0.0,0.0,0.5555555555555555,0.8680555555555556,-27.77777777777778,27.77777777777778,1333.3333333333333,0.0,0.0,1.1770624054432615,1.4919093851132685,0.00856277056277056,0.11544303701356201,0.06365730615921789,0.9152678607649046,0.0,1.0943682039376845,1.0,0.288071366718036,4570,1704,1218,0.7599934788505208,0.3085760958166376,1.0,0.26652078774617066
epr_coordination_granularity,epr_coordination_granularity__shared_global_pool__cq2__ten4__res500__reset50__epr__global__per_layer,shared_global_pool,2,4,500,50,True,global,per_layer,15,15,0.0,0.0013888888888888887,0.14583333333333334,0.14722222222222223,0.0,0.0013888888888888887,0.14722222222222223,0.8,-7.222222222222222,7.361111111111112,353.3333333333333,0.0,0.0,1.1470090354870972,1.2695652173913043,0.0,0.11759896845663359,0.06427929257570165,0.5419660709454377,0.0,0.7238443319777729,0.0,0.3224785460133373,4602,1646,1388,0.7677149113724713,0.3915568498764228,1.0,0.30160799652325077
epr_coordination_granularity,epr_coordination_granularity__shared_global_pool__cq2__ten4__res500__reset50__epr__global__per_operation,shared_global_pool,2,4,500,50,True,global,per_operation,15,15,0.0,0.0,0.16805555555555557,0.16805555555555557,0.0,0.0,0.16805555555555557,0.8555555555555556,-8.402777777777779,8.402777777777779,403.3333333333333,0.0,0.0,1.1179913243401345,1.249836494440811,0.0,0.11617505201881412,0.06439474848516132,0.571573258177256,0.0,0.7521430586812314,0.0,0.31318409843801864,4602,1764,1332,0.7677149113724713,0.3285852584256513,1.0,0.2894393741851369
epr_coordination_granularity,epr_coordination_granularity__shared_global_pool__cq2__ten4__res500__reset50__epr__local__per_job,shared_global_pool,2,4,500,50,True,local,per_job,15,13,0.13333333333333333,0.0,0.6625,0.6625,0.0,0.0,0.6625,0.8958333333333334,-33.125,33.125,1590.0,0.0,0.0,1.1003078488508098,1.4131455399061033,0.04882125606840975,0.11008372975586539,0.061286519309899604,0.92559922529283,0.0,1.096969474358595,1.0,0.2979496048891404,4376,1704,1136,0.7538455975151321,0.30326546116292735,0.8666666666666667,0.2595978062157221
epr_coordination_granularity,epr_coordination_granularity__shared_global_pool__cq2__ten4__res500__reset50__epr__local__per_layer,shared_global_pool,2,4,500,50,True,local,per_layer,15,15,0.0,0.0,0.16666666666666666,0.16666666666666666,0.0,0.0,0.16666666666666666,0.8555555555555556,-8.333333333333334,8.333333333333334,400.0,0.0,0.0,1.1017060143506814,1.24609375,0.0,0.11840210215252005,0.064845217025411,0.5474246997069678,0.0,0.730672018884899,0.0,0.3296327566159672,4602,1664,1400,0.7677149113724713,0.3366254075534384,1.0,0.3042155584528466
epr_coordination_granularity,epr_coordination_granularity__shared_global_pool__cq2__ten4__res500__reset50__epr__local__per_operation,shared_global_pool,2,4,500,50,True,local,per_operation,15,15,0.0,0.0,0.15555555555555556,0.15555555555555556,0.0,0.0,0.15555555555555556,0.8930555555555556,-7.777777777777778,7.777777777777778,373.3333333333333,0.0,0.0,1.1053805586404197,1.2437086092715233,0.0,0.11554171091345453,0.06382218714379724,0.568680094687257,0.0,0.7480439927445087,0.0,0.3272083515662186,4602,1734,1380,0.7677149113724713,0.31809395780267935,1.0,0.29986962190352023
epr_coordination_granularity,epr_coordination_granularity__shared_global_pool__cq2__ten4__res500__reset50__noepr__global__per_job,shared_global_pool,2,4,500,50,False,global,per_job,15,13,0.13333333333333333,0.0,0.0,0.0,0.0,0.0,0.0,0.6902777777777778,0.0,0.0,0.0,0.0,0.0,1.0887500271697275,1.3264604810996563,0.02201307189542483,0.13806696491057824,0.06275771132299009,0.9232435590763791,0.0,1.1240682353099476,1.0,,0,0,0,0.7689091129550019,0.3376852992966662,0.8666666666666667,
epr_coordination_granularity,epr_coordination_granularity__shared_global_pool__cq2__ten4__res500__reset50__noepr__global__per_layer,shared_global_pool,2,4,500,50,False,global,per_layer,15,15,0.0,0.0,0.0,0.0,0.0,0.0,0.0,0.7458333333333333,0.0,0.0,0.0,0.0,0.0,1.0954446804943887,1.2457737321196358,0.0,0.14311737480939932,0.06505335218609057,0.5543941729110589,0.0,0.7625648999065487,0.0,,0,0,0,0.7677149113724713,0.33071978301957045,1.0,
epr_coordination_granularity,epr_coordination_granularity__shared_global_pool__cq2__ten4__res500__reset50__noepr__global__per_operation,shared_global_pool,2,4,500,50,False,global,per_operation,15,15,0.0,0.0,0.0,0.0,0.0,0.0,0.0,0.8166666666666667,0.0,0.0,0.0,0.0,0.0,1.1010728685733404,1.227450980392157,0.0,0.1421495368315772,0.06461342583253506,0.5873357645742857,0.0,0.7940987272383979,0.0,,0,0,0,0.7677149113724713,0.33651332413848306,1.0,
epr_coordination_granularity,epr_coordination_granularity__shared_global_pool__cq2__ten4__res500__reset50__noepr__local__per_job,shared_global_pool,2,4,500,50,False,local,per_job,15,12,0.2,0.0,0.0,0.0,0.0,0.0,0.0,0.773611111111111,0.0,0.0,0.0,0.0,0.0,1.1502744129026319,1.4857685009487667,0.030872697563874025,0.13804125773736997,0.06274602624425904,0.9287061753335186,0.0,1.1294934593151476,1.0,,0,0,0,0.7820112740026555,0.3570314138803968,0.8,
epr_coordination_granularity,epr_coordination_granularity__shared_global_pool__cq2__ten4__res500__reset50__noepr__local__per_layer,shared_global_pool,2,4,500,50,False,local,per_layer,15,15,0.0,0.0,0.0,0.0,0.0,0.0,0.0,0.8458333333333333,0.0,0.0,0.0,0.0,0.0,1.1030978781218186,1.2577065351418002,0.0,0.14239180891675496,0.06472354950761586,0.5500029172479678,0.0,0.7571182756723386,0.0,,0,0,0,0.7677149113724713,0.3470175311875849,1.0,
epr_coordination_granularity,epr_coordination_granularity__shared_global_pool__cq2__ten4__res500__reset50__noepr__local__per_operation,shared_global_pool,2,4,500,50,False,local,per_operation,15,15,0.0,0.0,0.0,0.0,0.0,0.0,0.0,0.8083333333333333,0.0,0.0,0.0,0.0,0.0,1.1154286038930408,1.2591304347826087,0.0,0.1433675351420174,0.06516706142818969,0.5944231258373964,0.0,0.8029577224076035,0.0,,0,0,0,0.7677149113724713,0.3388038050588535,1.0,
epr_coordination_granularity,epr_coordination_granularity__static_assignment__cq2__ten4__res500__reset50__epr__global__per_job,static_assignment,2,4,500,50,True,global,per_job,15,0,1.0,0.0,0.0,0.0,0.0,0.0,0.0,0.0,0.0,0.0,0.0,0.0,0.0,,,0.24096914318024373,0.07583797735269202,0.045330721182656165,0.39803291964189313,0.0,0.5192016181772413,0.0,0.13930094959457306,3454,1740,474,0.7333286347060847,0.30242818118611664,0.0,0.1372321945570353
epr_coordination_granularity,epr_coordination_granularity__static_assignment__cq2__ten4__res500__reset50__epr__global__per_layer,static_assignment,2,4,500,50,True,global,per_layer,15,12,0.2,0.0,0.0,0.0,0.0,0.0,0.0,0.0,0.0,0.0,0.0,0.0,0.0,1.0,1.0,0.04052287581699345,0.10809572057738956,0.060942915965219197,0.3642269987988092,0.0,0.5332656353414179,0.0,0.16772626426476017,4354,1792,712,0.7919217932211762,0.2535429658511967,0.8,0.16352779053743685
epr_coordination_granularity,epr_coordination_granularity__static_assignment__cq2__ten4__res500__reset50__epr__global__per_operation,static_assignment,2,4,500,50,True,global,per_operation,15,12,0.2,0.0,0.0,0.0,0.0,0.0,0.0,0.0,0.0,0.0,0.0,0.0,0.0,1.0,1.0,0.045293268822680574,0.1074426945327613,0.05985139806001287,0.38857174963633,0.0,0.5558658422291043,0.0,0.17767536195289788,4330,1692,755,0.7830063820051942,0.2510658458406655,0.8,0.17436489607390301
epr_coordination_granularity,epr_coordination_granularity__static_assignment__cq2__ten4__res500__reset50__epr__local__per_job,static_assignment,2,4,500,50,True,local,per_job,15,2,0.8666666666666667,0.0,0.0,0.0,0.0,0.0,0.0,0.0,0.0,0.0,0.0,0.0,0.0,1.0,1.0,0.30154679692013653,0.06589828701679445,0.040799900425241606,0.3864301267008877,0.09507117273946622,0.58819948688239,0.0,0.16883149344836396,3146,1750,531,0.7177083131423007,0.32685316997213815,0.13333333333333333,0.1687857596948506
epr_coordination_granularity,epr_coordination_granularity__static_assignment__cq2__ten4__res500__reset50__epr__local__per_layer,static_assignment,2,4,500,50,True,local,per_layer,15,11,0.26666666666666666,0.0,0.0,0.0,0.0,0.0,0.0,0.0,0.0,0.0,0.0,0.0,0.0,1.0,1.0,0.05957473898650368,0.10351962173006475,0.059472533008379264,0.36078240551424157,0.038676057808279214,0.5624506180609647,0.0,0.18055872462691272,4240,1882,742,0.8050995818643097,0.25316057263296093,0.7333333333333333,0.175
epr_coordination_granularity,epr_coordination_granularity__static_assignment__cq2__ten4__res500__reset50__epr__local__per_operation,static_assignment,2,4,500,50,True,local,per_operation,15,12,0.2,0.0,0.0,0.0,0.0,0.0,0.0,0.0,0.0,0.0,0.0,0.0,0.0,1.0,1.0,0.0467150496562261,0.10666396179248876,0.05927089550923526,0.3880036733390912,0.035192559512556655,0.5891310901533718,0.0,0.19236307412358405,4320,1666,812,0.7809676868249719,0.25089787813211767,0.8,0.18796296296296297
epr_coordination_granularity,epr_coordination_granularity__static_assignment__cq2__ten4__res500__reset50__noepr__global__per_job,static_assignment,2,4,500,50,False,global,per_job,15,0,1.0,0.0,0.0,0.0,0.0,0.0,0.0,0.0,0.0,0.0,0.0,0.0,0.0,,,0.2523864882218772,0.0986242839787354,0.04482921999033425,0.39776146516442157,0.0,0.5412149691334913,0.0,,0,0,0,0.7331681270812711,0.2737096314595754,0.0,
epr_coordination_granularity,epr_coordination_granularity__static_assignment__cq2__ten4__res500__reset50__noepr__global__per_layer,static_assignment,2,4,500,50,False,global,per_layer,15,12,0.2,0.0,0.0,0.0,0.0,0.0,0.0,0.0,0.0,0.0,0.0,0.0,0.0,1.0,1.0,0.04019607843137254,0.13311932643386076,0.06050878474266394,0.357117619788931,0.0,0.5507457309654558,0.0,,0,0,0,0.7916482905141947,0.25282085774114305,0.8,
epr_coordination_granularity,epr_coordination_granularity__static_assignment__cq2__ten4__res500__reset50__noepr__global__per_operation,static_assignment,2,4,500,50,False,global,per_operation,15,12,0.2,0.0,0.0,0.0,0.0,0.0,0.0,0.0,0.0,0.0,0.0,0.0,0.0,1.0,1.0,0.05017825311942957,0.13089245593872825,0.059496570881240086,0.39257121952141516,0.0,0.5829602463413834,0.0,,0,0,0,0.7775236324575459,0.25119958342781473,0.8,
epr_coordination_granularity,epr_coordination_granularity__static_assignment__cq2__ten4__res500__reset50__noepr__local__per_job,static_assignment,2,4,500,50,False,local,per_job,15,0,1.0,0.0,0.0,0.0,0.0,0.0,0.0,0.0,0.0,0.0,0.0,0.0,0.0,,,0.3593411644227583,0.08296829787309612,0.0377128626695891,0.38490481057826365,0.10727255888744355,0.6128585300083924,0.0,,0,0,0,0.6621888400693412,0.3340368478234895,0.0,
epr_coordination_granularity,epr_coordination_granularity__static_assignment__cq2__ten4__res500__reset50__noepr__local__per_layer,static_assignment,2,4,500,50,False,local,per_layer,15,11,0.26666666666666666,0.0,0.0,0.0,0.0,0.0,0.0,0.0,0.0,0.0,0.0,0.0,0.0,1.0,1.0,0.057278669043374926,0.1311178738416838,0.05959903356440171,0.3582621000207913,0.03754626360154439,0.5865252710284212,0.0,,0,0,0,0.7998812808486625,0.25308945995584914,0.7333333333333333,
epr_coordination_granularity,epr_coordination_granularity__static_assignment__cq2__ten4__res500__reset50__noepr__local__per_operation,static_assignment,2,4,500,50,False,local,per_operation,15,12,0.2,0.0,0.0,0.0,0.0,0.0,0.0,0.0,0.0,0.0,0.0,0.0,0.0,1.0,1.0,0.05322574484339189,0.12929341560220797,0.05876973436463997,0.38920626287103055,0.03361966083765852,0.610889073675537,0.0,,0,0,0,0.7757764294452094,0.25114856179264217,0.8,
reservation_reset,reservation_reset__coherence_aware__cq2__ten4__res0__reset0__noepr__global__per_operation,coherence_aware,2,4,0,0,False,global,per_operation,15,15,0.0,0.08611111111111111,0.0013888888888888887,0.0875,0.0,0.08611111111111111,0.0875,0.13194444444444445,13.629166666666666,13.640277777777778,654.7333333333333,13.629166666666666,13.640277777777778,1.0006759368020255,1.0106861642294713,0.0,0.14431464555788384,0.0,0.14431464555788384,0.0,0.2886292911157677,0.0,,0,0,0,0.7677149113724713,0.573776867580894,1.0,
reservation_reset,reservation_reset__coherence_aware__cq2__ten4__res0__reset200__noepr__global__per_operation,coherence_aware,2,4,0,200,False,global,per_operation,15,12,0.2,0.5958333333333333,0.005555555555555555,0.601388888888889,0.0,0.5958333333333333,0.601388888888889,0.6416666666666667,1313.5736111111112,1315.0847222222221,63124.066666666666,1313.5736111111112,1315.0847222222221,1.0401634344328288,1.1682322078361682,0.025163398692810444,0.13948916738017372,0.2536166679639522,0.39310583534412596,0.0,0.7862116706882518,0.0,,0,0,0,0.7820522222025511,0.7799375154083019,0.8,
reservation_reset,reservation_reset__coherence_aware__cq2__ten4__res0__reset50__noepr__global__per_operation,coherence_aware,2,4,0,50,False,global,per_operation,15,15,0.0,0.1611111111111111,0.0,0.1611111111111111,0.0,0.1611111111111111,0.1611111111111111,0.20972222222222223,51.0125,51.0125,2448.6,51.0125,51.0125,1.0023143055830017,1.0156081808396125,0.0,0.14696763724182946,0.0668034714735588,0.21377110871538826,0.0,0.4275422174307765,0.0,,0,0,0,0.7677149113724713,0.5700776649558595,1.0,
reservation_reset,reservation_reset__coherence_aware__cq2__ten4__res2000__reset0__noepr__global__per_operation,coherence_aware,2,4,2000,0,False,global,per_operation,15,13,0.13333333333333333,0.0,0.0,0.0,0.0,0.0,0.0,0.0,0.0,0.0,0.0,0.0,0.0,1.356017521757684,3.66797385620915,0.025055552817412376,0.12595402783203383,0.0,0.44673938395883855,0.0,0.5726934117908724,0.0,,0,0,0,0.7457868927787205,0.2787993295805101,0.8666666666666667,
reservation_reset,reservation_reset__coherence_aware__cq2__ten4__res2000__reset200__noepr__global__per_operation,coherence_aware,2,4,2000,200,False,global,per_operation,15,7,0.5333333333333333,0.0,0.0,0.0,0.0,0.0,0.0,0.0,0.0,0.0,0.0,0.0,0.0,1.1025346102082616,1.623286419301773,0.15555656456130837,0.09947986503822355,0.18087248188767918,0.47273483418744255,0.0,0.7530871811133454,0.0,,0,0,0,0.745975261015729,0.250882815150808,0.4666666666666667,
reservation_reset,reservation_reset__coherence_aware__cq2__ten4__res2000__reset50__noepr__global__per_operation,coherence_aware,2,4,2000,50,False,global,per_operation,15,13,0.13333333333333333,0.0,0.0,0.0,0.0,0.0,0.0,0.0,0.0,0.0,0.0,0.0,0.0,1.6588300300702061,5.625615763546798,0.04816096174540195,0.12021772379984297,0.05464441990901951,0.4551202367634625,0.0,0.6299823804723251,0.0,,0,0,0,0.7270013856946136,0.25074104907708505,0.8666666666666667,
reservation_reset,reservation_reset__coherence_aware__cq2__ten4__res500__reset0__noepr__global__per_operation,coherence_aware,2,4,500,0,False,global,per_operation,15,15,0.0,0.0,0.0,0.0,0.0,0.0,0.0,0.0013888888888888887,0.0,0.0,0.0,0.0,0.0,1.1419767714038338,1.6862745098039216,0.0,0.14038625157478551,0.0,0.3831194603398837,0.0,0.5235057119146692,0.0,,0,0,0,0.7677149113724713,0.25280563664502387,1.0,
reservation_reset,reservation_reset__coherence_aware__cq2__ten4__res500__reset200__noepr__global__per_operation,coherence_aware,2,4,500,200,False,global,per_operation,15,11,0.26666666666666666,0.0,0.0,0.0,0.0,0.0,0.0,0.11111111111111112,0.0,0.0,0.0,0.0,0.0,1.2169801868750907,1.9688385269121813,0.07022621169679992,0.12528372569402965,0.22778859217096298,0.4544671155335537,0.0,0.8075394333985463,0.0,,0,0,0,0.7563406901779028,0.25075670163152347,0.7333333333333333,
reservation_reset,reservation_reset__coherence_aware__cq2__ten4__res500__reset50__noepr__global__per_operation,coherence_aware,2,4,500,50,False,global,per_operation,15,15,0.0,0.0,0.0,0.0,0.0,0.0,0.0,0.18194444444444446,0.0,0.0,0.0,0.0,0.0,1.0953650750917432,1.3016528925619835,0.004575163398692807,0.14072897975151832,0.06396771806887194,0.40867186733147254,0.0,0.6133685651518628,0.0,,0,0,0,0.7632842735753546,0.25176815934250757,1.0,
reservation_reset,reservation_reset__fair_share__cq2__ten4__res0__reset0__noepr__global__per_operation,fair_share,2,4,0,0,False,global,per_operation,15,15,0.0,0.0875,0.0,0.0875,0.0,0.0875,0.0875,0.2236111111111111,14.23472222222222,14.23472222222222,683.2666666666667,14.23472222222222,14.23472222222222,1.005101788216746,1.0230596175478066,0.0,0.14520575899854948,0.0,0.14520575899854948,0.0,0.29041151799709897,0.0,,0,0,0,0.7677149113724713,0.5482574734780752,1.0,
reservation_reset,reservation_reset__fair_share__cq2__ten4__res0__reset200__noepr__global__per_operation,fair_share,2,4,0,200,False,global,per_operation,15,6,0.6,0.5930555555555556,0.008333333333333333,0.601388888888889,0.0,0.5930555555555556,0.601388888888889,0.673611111111111,906.8527777777779,910.3,43694.4,906.8527777777779,910.3,1.2445431736281183,1.4650602409638553,0.0444103853662677,0.13564922041943397,0.2466349462171527,0.38228416663658665,0.0,0.7645683332731733,0.0,,0,0,0,0.7953582577736575,0.776324818421945,0.4,
reservation_reset,reservation_reset__fair_share__cq2__ten4__res0__reset50__noepr__global__per_operation,fair_share,2,4,0,50,False,global,per_operation,15,15,0.0,0.17083333333333334,0.0027777777777777775,0.17361111111111113,0.0,0.17083333333333334,0.17361111111111113,0.30694444444444446,64.69166666666666,65.09722222222221,3124.6666666666665,64.69166666666666,65.09722222222221,1.0126670708972574,1.0818833162743091,0.0,0.1459174287954495,0.06632610399793157,0.21224353279338112,0.0,0.4244870655867622,0.0,,0,0,0,0.7677149113724713,0.5719015760442268,1.0,
reservation_reset,reservation_reset__fair_share__cq2__ten4__res2000__reset0__noepr__global__per_operation,fair_share,2,4,2000,0,False,global,per_operation,15,11,0.26666666666666666,0.0,0.0,0.0,0.0,0.0,0.0,0.16666666666666666,0.0,0.0,0.0,0.0,0.0,1.8106680679678258,7.086619718309859,0.07083984600682891,0.1188875097185645,0.0,0.5888912340018398,0.0,0.7077787437204043,0.0,,0,0,0,0.7682511556636501,0.26857522269388223,0.7333333333333333,
reservation_reset,reservation_reset__fair_share__cq2__ten4__res2000__reset200__noepr__global__per_operation,fair_share,2,4,2000,200,False,global,per_operation,15,5,0.6666666666666666,0.0,0.0,0.0,0.0,0.0,0.0,0.1,0.0,0.0,0.0,0.0,0.0,1.0377823408624232,1.0944558521560575,0.19085047479402314,0.09501635127436128,0.17275700231702057,0.6011119281211047,0.0,0.8688852817124866,0.13333333333333333,,0,0,0,0.7341046311579764,0.25080770447801626,0.3333333333333333,
reservation_reset,reservation_reset__fair_share__cq2__ten4__res2000__reset50__noepr__global__per_operation,fair_share,2,4,2000,50,False,global,per_operation,15,12,0.2,0.0,0.0,0.0,0.0,0.0,0.0,0.3,0.0,0.0,0.0,0.0,0.0,1.1179545435864213,1.479876160990712,0.08549945784765516,0.11397579271105235,0.05180717850502376,0.5885555197248674,0.0,0.7543384909409435,0.0,,0,0,0,0.736539336617872,0.25121535923342536,0.8,
reservation_reset,reservation_reset__fair_share__cq2__ten4__res500__reset0__noepr__global__per_operation,fair_share,2,4,500,0,False,global,per_operation,15,15,0.0,0.0,0.0,0.0,0.0,0.0,0.0,0.4986111111111111,0.0,0.0,0.0,0.0,0.0,1.2119018821669685,2.2549019607843137,0.00032679738562091333,0.14291293461118965,0.0,0.46376051646403993,0.0,0.6066734510752295,0.0,,0,0,0,0.7674031956729093,0.2526590347539384,1.0,
reservation_reset,reservation_reset__fair_share__cq2__ten4__res500__reset200__noepr__global__per_operation,fair_share,2,4,500,200,False,global,per_operation,15,9,0.4,0.0,0.0,0.0,0.0,0.0,0.0,0.3541666666666667,0.0,0.0,0.0,0.0,0.0,1.1513166745114012,1.3425414364640884,0.07283437177412508,0.12441508962109542,0.22620925385653715,0.5919618581892501,0.0,0.9425862016668826,0.3333333333333333,,0,0,0,0.7535857983410735,0.25070090083143776,0.6,
reservation_reset,reservation_reset__fair_share__cq2__ten4__res500__reset50__noepr__global__per_operation,fair_share,2,4,500,50,False,global,per_operation,15,15,0.0,0.0,0.0,0.0,0.0,0.0,0.0,0.42916666666666664,0.0,0.0,0.0,0.0,0.0,1.2368633671641889,1.604703247480403,0.004901960784313713,0.13970902667644775,0.06350410303474895,0.5014673162125453,0.0,0.704680445923742,0.0,,0,0,0,0.762964093905351,0.2516991835173441,1.0,
reservation_reset,reservation_reset__first_available__cq2__ten4__res0__reset0__noepr__global__per_operation,first_available,2,4,0,0,False,global,per_operation,15,15,0.0,0.08472222222222223,0.0,0.08472222222222223,0.0,0.08472222222222223,0.08472222222222223,0.23055555555555557,13.136111111111111,13.136111111111111,630.5333333333333,13.136111111111111,13.136111111111111,1.0018631796444868,1.0106861642294713,0.0,0.14566559404582896,0.0,0.14566559404582896,0.0,0.2913311880916579,0.0,,0,0,0,0.7677149113724713,0.59290325818425,1.0,
reservation_reset,reservation_reset__first_available__cq2__ten4__res0__reset200__noepr__global__per_operation,first_available,2,4,0,200,False,global,per_operation,15,12,0.2,0.5916666666666667,0.008333333333333333,0.6,0.0,0.5916666666666667,0.6,0.6138888888888889,1189.6013888888888,1191.740277777778,57203.53333333333,1189.6013888888888,1191.740277777778,1.046843520025612,1.1789963324089812,0.026470588235294114,0.13859504327194547,0.2519909877671736,0.39058603103911904,0.0,0.7811720620782381,0.0,,0,0,0,0.7823523553209762,0.779876642577756,0.8,
reservation_reset,reservation_reset__first_available__cq2__ten4__res0__reset50__noepr__global__per_operation,first_available,2,4,0,50,False,global,per_operation,15,15,0.0,0.17222222222222222,0.004166666666666667,0.1763888888888889,0.0,0.17222222222222222,0.1763888888888889,0.3194444444444445,55.272222222222226,55.45,2661.6,55.272222222222226,55.45,1.003316057802805,1.0344827586206897,0.0,0.14465114930683895,0.06575052241219949,0.21040167171903848,0.0,0.42080334343807685,0.0,,0,0,0,0.7677149113724713,0.5503976408262719,1.0,
reservation_reset,reservation_reset__first_available__cq2__ten4__res2000__reset0__noepr__global__per_operation,first_available,2,4,2000,0,False,global,per_operation,15,14,0.06666666666666667,0.0,0.0,0.0,0.0,0.0,0.0,0.2,0.0,0.0,0.0,0.0,0.0,1.040536308527734,1.2482638888888888,0.04887870984170792,0.12213749876992742,0.0,0.585183586230666,0.0,0.7073210850005934,0.0,,0,0,0,0.7405063699872567,0.2516812230013618,0.9333333333333333,
reservation_reset,reservation_reset__first_available__cq2__ten4__res2000__reset200__noepr__global__per_operation,first_available,2,4,2000,200,False,global,per_operation,15,7,0.5333333333333333,0.0,0.0,0.0,0.0,0.0,0.0,0.22222222222222224,0.0,0.0,0.0,0.0,0.0,1.264115235707513,2.5654390934844193,0.19395432229587825,0.09324230138028528,0.16953145705506417,0.5905261269490294,0.0,0.8532998853843788,0.06666666666666667,,0,0,0,0.7179716555810562,0.2507453148409469,0.4666666666666667,
reservation_reset,reservation_reset__first_available__cq2__ten4__res2000__reset50__noepr__global__per_operation,first_available,2,4,2000,50,False,global,per_operation,15,11,0.26666666666666666,0.0,0.0,0.0,0.0,0.0,0.0,0.2625,0.0,0.0,0.0,0.0,0.0,1.0984443019981378,1.2503008423586042,0.09524676146118269,0.11326585621350288,0.05148448009704673,0.5863992999323491,0.0,0.7511496362428987,0.0,,0,0,0,0.7433839963695441,0.2512133827996974,0.7333333333333333,
reservation_reset,reservation_reset__first_available__cq2__ten4__res500__reset0__noepr__global__per_operation,first_available,2,4,500,0,False,global,per_operation,15,15,0.0,0.0,0.0,0.0,0.0,0.0,0.0,0.4625,0.0,0.0,0.0,0.0,0.0,1.1101079384500994,1.307943187795897,0.0,0.14264544490698652,0.0,0.4738926558205639,0.0,0.6165381007275504,0.0,,0,0,0,0.7677149113724713,0.2528839151560968,1.0,
reservation_reset,reservation_reset__first_available__cq2__ten4__res500__reset200__noepr__global__per_operation,first_available,2,4,500,200,False,global,per_operation,15,10,0.3333333333333333,0.0,0.0,0.0,0.0,0.0,0.0,0.30694444444444446,0.0,0.0,0.0,0.0,0.0,1.231041597364128,1.9211786372007367,0.0721715049656226,0.12429519580123846,0.22599126509316092,0.594185045189416,0.0,0.9444715060838152,0.4,,0,0,0,0.7541213487847606,0.25077101518522565,0.6666666666666666,
reservation_reset,reservation_reset__first_available__cq2__ten4__res500__reset50__noepr__global__per_operation,first_available,2,4,500,50,False,global,per_operation,15,15,0.0,0.0,0.0,0.0,0.0,0.0,0.0,0.4805555555555555,0.0,0.0,0.0,0.0,0.0,1.1111044148536726,1.3266331658291457,0.0029411764705882266,0.14073671392759463,0.06397123360345207,0.5040798828037361,0.0,0.7087878303347828,0.0,,0,0,0,0.7648653104676875,0.2518965987264549,1.0,
reservation_reset,reservation_reset__per_tenant_reserved__cq2__ten4__res0__reset0__noepr__global__per_operation,per_tenant_reserved,2,4,0,0,False,global,per_operation,15,12,0.2,0.0,0.0,0.0,0.0,0.0,0.0,1.0,0.0,0.0,0.0,0.0,0.0,1.0,1.0,0.28862104372540803,0.10549764534842739,0.0,0.10549764534842739,0.0,0.21099529069685477,0.0,,0,0,0,0.4512356991011929,0.7504892593680154,0.8,
reservation_reset,reservation_reset__per_tenant_reserved__cq2__ten4__res0__reset200__noepr__global__per_operation,per_tenant_reserved,2,4,0,200,False,global,per_operation,15,3,0.8,0.0,0.0,0.0,0.0,0.0,0.0,1.0,0.0,0.0,0.0,0.0,0.0,1.0,1.0,0.4082369061994299,0.08407988288628818,0.15287251433870583,0.2369523972249941,0.0,0.47390479444998806,0.0,,0,0,0,0.468642882321619,0.7501345578645195,0.2,
reservation_reset,reservation_reset__per_tenant_reserved__cq2__ten4__res0__reset50__noepr__global__per_operation,per_tenant_reserved,2,4,0,50,False,global,per_operation,15,12,0.2,0.0,0.0,0.0,0.0,0.0,0.0,1.0,0.0,0.0,0.0,0.0,0.0,1.0,1.0,0.3229347692156041,0.09948044755168767,0.04521838525076709,0.1446988328024548,0.0,0.2893976656049095,0.0,,0,0,0,0.4598860186191668,0.7502701464525823,0.8,
reservation_reset,reservation_reset__per_tenant_reserved__cq2__ten4__res2000__reset0__noepr__global__per_operation,per_tenant_reserved,2,4,2000,0,False,global,per_operation,15,12,0.2,0.0,0.0,0.0,0.0,0.0,0.0,1.0,0.0,0.0,0.0,0.0,0.0,1.0,1.0,0.28862104372540803,0.10365048560002683,0.0,0.30506020610378404,0.0,0.40871069170381086,0.0,,0,0,0,0.4512356991011929,0.7504892593680154,0.8,
reservation_reset,reservation_reset__per_tenant_reserved__cq2__ten4__res2000__reset200__noepr__global__per_operation,per_tenant_reserved,2,4,2000,200,False,global,per_operation,15,3,0.8,0.0,0.0,0.0,0.0,0.0,0.0,1.0,0.0,0.0,0.0,0.0,0.0,1.0,1.0,0.4082369061994299,0.08178509532062388,0.14870017331022525,0.35980935875216635,0.0,0.5902946273830155,0.0,,0,0,0,0.468642882321619,0.7501345578645195,0.2,
reservation_reset,reservation_reset__per_tenant_reserved__cq2__ten4__res2000__reset50__noepr__global__per_operation,per_tenant_reserved,2,4,2000,50,False,global,per_operation,15,12,0.2,0.0,0.0,0.0,0.0,0.0,0.0,1.0,0.0,0.0,0.0,0.0,0.0,1.0,1.0,0.3229347692156041,0.09671173135630175,0.04395987788922804,0.3243436546009594,0.0,0.46501526384648917,0.0,,0,0,0,0.4598860186191668,0.7502701464525823,0.8,
reservation_reset,reservation_reset__per_tenant_reserved__cq2__ten4__res500__reset0__noepr__global__per_operation,per_tenant_reserved,2,4,500,0,False,global,per_operation,15,12,0.2,0.0,0.0,0.0,0.0,0.0,0.0,1.0,0.0,0.0,0.0,0.0,0.0,1.0,1.0,0.28862104372540803,0.10600196575876215,0.0,0.27393429091011506,0.0,0.37993625666887715,0.0,,0,0,0,0.4512356991011929,0.7504892593680154,0.8,
reservation_reset,reservation_reset__per_tenant_reserved__cq2__ten4__res500__reset200__noepr__global__per_operation,per_tenant_reserved,2,4,500,200,False,global,per_operation,15,3,0.8,0.0,0.0,0.0,0.0,0.0,0.0,1.0,0.0,0.0,0.0,0.0,0.0,1.0,1.0,0.4082369061994299,0.08369574721628514,0.1521740858477912,0.32175854760224,0.0,0.5576283806663163,0.0,,0,0,0,0.468642882321619,0.7501345578645195,0.2,
reservation_reset,reservation_reset__per_tenant_reserved__cq2__ten4__res500__reset50__noepr__global__per_operation,per_tenant_reserved,2,4,500,50,False,global,per_operation,15,12,0.2,0.0,0.0,0.0,0.0,0.0,0.0,1.0,0.0,0.0,0.0,0.0,0.0,1.0,1.0,0.3229347692156041,0.09935084987275,0.04515947721488634,0.2950811229370767,0.0,0.439591450024713,0.0,,0,0,0,0.4598860186191668,0.7502701464525823,0.8,
reservation_reset,reservation_reset__predicted_demand__cq2__ten4__res0__reset0__noepr__global__per_operation,predicted_demand,2,4,0,0,False,global,per_operation,15,15,0.0,0.08472222222222221,0.0,0.08472222222222221,0.0,0.08472222222222221,0.08472222222222221,0.5013888888888889,7.7138888888888895,7.7138888888888895,370.26666666666665,7.7138888888888895,7.7138888888888895,1.0077943674899248,1.0457516339869282,0.0,0.14410476810555992,0.0,0.14410476810555992,0.0,0.28820953621111983,0.0,,0,0,0,0.7677149113724713,0.5984033684706715,1.0,
reservation_reset,reservation_reset__predicted_demand__cq2__ten4__res0__reset200__noepr__global__per_operation,predicted_demand,2,4,0,200,False,global,per_operation,15,7,0.5333333333333333,0.46944444444444444,0.03194444444444444,0.5013888888888889,0.0,0.46944444444444444,0.5013888888888889,0.8861111111111111,213.09722222222223,219.3638888888889,10529.466666666667,213.09722222222223,219.3638888888889,1.375207371775415,1.9874698795180723,0.0514291019438078,0.13423209226884436,0.24405834957971706,0.3782904418485614,0.0,0.7565808836971228,0.0,,0,0,0,0.800482342688097,0.5983894899686135,0.4666666666666667,
reservation_reset,reservation_reset__predicted_demand__cq2__ten4__res0__reset50__noepr__global__per_operation,predicted_demand,2,4,0,50,False,global,per_operation,15,15,0.0,0.1638888888888889,0.0013888888888888887,0.1652777777777778,0.0,0.1638888888888889,0.1652777777777778,0.6597222222222222,31.261111111111113,31.30277777777778,1502.5333333333333,31.261111111111113,31.30277777777778,1.0110642151771436,1.0541296314790771,0.0,0.14467537205011155,0.06576153275005069,0.2104369048001623,0.0,0.42087380960032456,0.0,,0,0,0,0.7677149113724713,0.535176312714081,1.0,
reservation_reset,reservation_reset__predicted_demand__cq2__ten4__res2000__reset0__noepr__global__per_operation,predicted_demand,2,4,2000,0,False,global,per_operation,15,12,0.2,0.0,0.0,0.0,0.0,0.0,0.0,0.0,0.0,0.0,0.0,0.0,0.0,1.1147601980252808,1.954225352112676,0.054220352070446926,0.12054070944902305,0.0,0.44615904958774866,0.0,0.5666997590367716,0.0,,0,0,0,0.7587778017421563,0.28277713685711253,0.8,
reservation_reset,reservation_reset__predicted_demand__cq2__ten4__res2000__reset200__noepr__global__per_operation,predicted_demand,2,4,2000,200,False,global,per_operation,15,10,0.3333333333333333,0.0,0.0,0.0,0.0,0.0,0.0,0.0,0.0,0.0,0.0,0.0,0.0,1.114224299189799,1.4699063753901025,0.12082007250603073,0.1027460923125638,0.18681107693193422,0.49241698121379723,0.0,0.7819741504582952,0.0,,0,0,0,0.7310647277300575,0.2506229841155292,0.6666666666666666,
reservation_reset,reservation_reset__predicted_demand__cq2__ten4__res2000__reset50__noepr__global__per_operation,predicted_demand,2,4,2000,50,False,global,per_operation,15,12,0.2,0.0,0.0,0.0,0.0,0.0,0.0,0.0,0.0,0.0,0.0,0.0,0.0,1.0919254014781565,1.4178272980501392,0.073584251980362,0.11578358127254407,0.0526289005784291,0.45414865959432155,0.0,0.6225611414452946,0.0,,0,0,0,0.7501123715970024,0.2516687415357351,0.8,
reservation_reset,reservation_reset__predicted_demand__cq2__ten4__res500__reset0__noepr__global__per_operation,predicted_demand,2,4,500,0,False,global,per_operation,15,15,0.0,0.0,0.0,0.0,0.0,0.0,0.0,0.0,0.0,0.0,0.0,0.0,0.0,1.2016072605535677,1.9477124183006536,0.0,0.140520730802925,0.0,0.39445554609715017,0.0,0.5349762769000751,0.0,,0,0,0,0.7677149113724713,0.25349776457794154,1.0,
reservation_reset,reservation_reset__predicted_demand__cq2__ten4__res500__reset200__noepr__global__per_operation,predicted_demand,2,4,500,200,False,global,per_operation,15,11,0.26666666666666666,0.0,0.0,0.0,0.0,0.0,0.0,0.0,0.0,0.0,0.0,0.0,0.0,1.347022309367345,2.2448979591836733,0.07309465281713855,0.12427987338994241,0.22596340616353175,0.4799019625168718,0.0,0.8301452420703459,0.0,,0,0,0,0.7536878525026066,0.2522294000523713,0.7333333333333333,
reservation_reset,reservation_reset__predicted_demand__cq2__ten4__res500__reset50__noepr__global__per_operation,predicted_demand,2,4,500,50,False,global,per_operation,15,15,0.0,0.0,0.0,0.0,0.0,0.0,0.0,0.0,0.0,0.0,0.0,0.0,0.0,1.3613389141359695,4.009395184967704,0.003267973856209147,0.1414415749714558,0.06429162498702533,0.42716455814959237,0.0,0.6328977581080735,0.0,,0,0,0,0.7645603322655604,0.2518441628164971,1.0,
reservation_reset,reservation_reset__priority_allocation__cq2__ten4__res0__reset0__noepr__global__per_operation,priority_allocation,2,4,0,0,False,global,per_operation,15,15,0.0,0.09861111111111112,0.0,0.09861111111111112,0.0,0.09861111111111112,0.09861111111111112,0.2694444444444445,16.629166666666666,16.629166666666666,798.2,16.629166666666666,16.629166666666666,1.0007834520100876,1.0104166666666667,0.0,0.14539897877068855,0.0,0.14539897877068855,0.0,0.2907979575413771,0.0,,0,0,0,0.7677149113724713,0.5354237919397937,1.0,
reservation_reset,reservation_reset__priority_allocation__cq2__ten4__res0__reset200__noepr__global__per_operation,priority_allocation,2,4,0,200,False,global,per_operation,15,12,0.2,0.5208333333333334,0.03333333333333333,0.5541666666666667,0.0,0.5208333333333334,0.5541666666666667,0.6041666666666666,584.588888888889,588.9611111111111,28270.133333333335,584.588888888889,588.9611111111111,0.9966248732760598,1.0441988950276244,0.030367647058823517,0.1367504637376845,0.24863720679579013,0.38538767053347467,0.0,0.7707753410669493,0.0,,0,0,0,0.7748121189630663,0.5502880482222966,0.8,
reservation_reset,reservation_reset__priority_allocation__cq2__ten4__res0__reset50__noepr__global__per_operation,priority_allocation,2,4,0,50,False,global,per_operation,15,15,0.0,0.175,0.0013888888888888887,0.1763888888888889,0.0,0.175,0.1763888888888889,0.41388888888888886,52.91805555555556,53.143055555555556,2550.866666666667,52.91805555555556,53.143055555555556,1.0,1.0,0.0,0.1462744542512988,0.06648838829604488,0.21276284254734373,0.0,0.4255256850946874,0.0,,0,0,0,0.7677149113724713,0.5643593921534323,1.0,
reservation_reset,reservation_reset__priority_allocation__cq2__ten4__res2000__reset0__noepr__global__per_operation,priority_allocation,2,4,2000,0,False,global,per_operation,15,13,0.13333333333333333,0.0,0.0,0.0,0.0,0.0,0.0,0.21666666666666667,0.0,0.0,0.0,0.0,0.0,1.156003163320504,1.7902621722846441,0.08444005657003757,0.11598665801280394,0.0,0.5693419714795209,0.0,0.685328629492325,0.0,,0,0,0,0.7297203215827776,0.2517789955270223,0.8666666666666667,
reservation_reset,reservation_reset__priority_allocation__cq2__ten4__res2000__reset200__noepr__global__per_operation,priority_allocation,2,4,2000,200,False,global,per_operation,15,7,0.5333333333333333,0.0,0.0,0.0,0.0,0.0,0.0,0.2,0.0,0.0,0.0,0.0,0.0,1.0269873863303023,1.0944558521560575,0.16492950171270854,0.09836181205616074,0.17883965828392867,0.6041243368101965,0.0,0.881325807150286,0.2,,0,0,0,0.7153815429674014,0.2507742254413542,0.4666666666666667,
reservation_reset,reservation_reset__priority_allocation__cq2__ten4__res2000__reset50__noepr__global__per_operation,priority_allocation,2,4,2000,50,False,global,per_operation,15,13,0.13333333333333333,0.0,0.0,0.0,0.0,0.0,0.0,0.0763888888888889,0.0,0.0,0.0,0.0,0.0,1.4793801768941028,4.047208121827411,0.06641371015659438,0.11670657490511788,0.05304844313868993,0.594547962189787,0.0,0.7643029802335948,0.0,,0,0,0,0.7353564685999174,0.25105086544284344,0.8666666666666667,
reservation_reset,reservation_reset__priority_allocation__cq2__ten4__res500__reset0__noepr__global__per_operation,priority_allocation,2,4,500,0,False,global,per_operation,15,15,0.0,0.0,0.0,0.0,0.0,0.0,0.0,0.3680555555555555,0.0,0.0,0.0,0.0,0.0,1.1321168378790996,1.6718954248366014,0.0,0.1407489339081741,0.0,0.4645193838745084,0.0,0.6052683177826825,0.0,,0,0,0,0.7677149113724713,0.2527749574034893,1.0,
reservation_reset,reservation_reset__priority_allocation__cq2__ten4__res500__reset200__noepr__global__per_operation,priority_allocation,2,4,500,200,False,global,per_operation,15,12,0.2,0.0,0.0,0.0,0.0,0.0,0.0,0.38055555555555554,0.0,0.0,0.0,0.0,0.0,1.255104800298405,1.5856353591160222,0.07289799253034546,0.12338143851324182,0.22432988820589425,0.5907024394006163,0.0,0.9384137661197525,0.3333333333333333,,0,0,0,0.7491462258704933,0.25077384079051,0.8,
reservation_reset,reservation_reset__priority_allocation__cq2__ten4__res500__reset50__noepr__global__per_operation,priority_allocation,2,4,500,50,False,global,per_operation,15,15,0.0,0.0,0.0,0.0,0.0,0.0,0.0,0.5069444444444444,0.0,0.0,0.0,0.0,0.0,1.1563006197755965,1.4866995073891625,0.007549019607843133,0.14145274349508055,0.06429670158867294,0.50949285987409,0.0,0.7152423049578435,0.0,,0,0,0,0.760315943268542,0.2516229689723317,1.0,
reservation_reset,reservation_reset__random_allocation__cq2__ten4__res0__reset0__noepr__global__per_operation,random_allocation,2,4,0,0,False,global,per_operation,15,15,0.0,0.08055555555555555,0.0013888888888888887,0.08194444444444444,0.0,0.08055555555555555,0.08194444444444444,0.12222222222222222,12.20277777777778,12.386111111111113,594.5333333333333,12.20277777777778,12.386111111111113,1.0015750245681336,1.0186170212765957,0.0,0.14461658130446953,0.0,0.14461658130446953,0.0,0.28923316260893905,0.0,,0,0,0,0.7677149113724713,0.5334985137548128,1.0,
reservation_reset,reservation_reset__random_allocation__cq2__ten4__res0__reset200__noepr__global__per_operation,random_allocation,2,4,0,200,False,global,per_operation,15,12,0.2,0.6305555555555556,0.008333333333333333,0.638888888888889,0.0,0.6305555555555556,0.638888888888889,0.6569444444444444,1289.3875,1292.6986111111112,62049.53333333333,1289.3875,1292.6986111111112,1.053263868344467,1.1987759675890008,0.025816993464052276,0.13816584725261588,0.2512106313683925,0.38937647862100844,0.0,0.7787529572420168,0.0,,0,0,0,0.7819122020867388,0.8148481250751567,0.8,
reservation_reset,reservation_reset__random_allocation__cq2__ten4__res0__reset50__noepr__global__per_operation,random_allocation,2,4,0,50,False,global,per_operation,15,15,0.0,0.14722222222222223,0.0027777777777777775,0.15,0.0,0.14722222222222223,0.15,0.19722222222222224,53.70694444444444,53.856944444444444,2585.133333333333,53.70694444444444,53.856944444444444,1.0005685915902633,1.0037593984962405,0.0,0.14436828375617836,0.06562194716189923,0.2099902309180776,0.0,0.4199804618361552,0.0,,0,0,0,0.7677149113724713,0.5992580476245262,1.0,
reservation_reset,reservation_reset__random_allocation__cq2__ten4__res2000__reset0__noepr__global__per_operation,random_allocation,2,4,2000,0,False,global,per_operation,15,13,0.13333333333333333,0.0,0.0,0.0,0.0,0.0,0.0,0.16527777777777777,0.0,0.0,0.0,0.0,0.0,1.0151550399961258,1.2838709677419355,0.04459001645624035,0.12244977117682734,0.0,0.5736888691478003,0.0,0.6961386403246277,0.0,,0,0,0,0.754675872506721,0.25141146006261467,0.8666666666666667,
reservation_reset,reservation_reset__random_allocation__cq2__ten4__res2000__reset200__noepr__global__per_operation,random_allocation,2,4,2000,200,False,global,per_operation,15,6,0.6,0.0,0.0,0.0,0.0,0.0,0.0,0.07777777777777777,0.0,0.0,0.0,0.0,0.0,1.053425343534975,1.1316403568977351,0.15094019963801744,0.09937766025155588,0.18068665500282893,0.5950718919822885,0.0,0.8751362072366733,0.06666666666666667,,0,0,0,0.7353243144786283,0.25088644898878676,0.4,
reservation_reset,reservation_reset__random_allocation__cq2__ten4__res2000__reset50__noepr__global__per_operation,random_allocation,2,4,2000,50,False,global,per_operation,15,11,0.26666666666666666,0.0,0.0,0.0,0.0,0.0,0.0,0.11944444444444444,0.0,0.0,0.0,0.0,0.0,1.5405849979275923,3.3054187192118225,0.0743579156980485,0.11668476076673613,0.05303852762124369,0.5855165922337652,0.0,0.7552398806217451,0.0,,0,0,0,0.772588055071486,0.2659234909620356,0.7333333333333333,
reservation_reset,reservation_reset__random_allocation__cq2__ten4__res500__reset0__noepr__global__per_operation,random_allocation,2,4,500,0,False,global,per_operation,15,15,0.0,0.0,0.0,0.0,0.0,0.0,0.0,0.1875,0.0,0.0,0.0,0.0,0.0,1.16662522692035,1.6149532710280374,0.0,0.14164157731292004,0.0,0.4353492484868559,0.0,0.576990825799776,0.0,,0,0,0,0.7677149113724713,0.2528822063290245,1.0,
reservation_reset,reservation_reset__random_allocation__cq2__ten4__res500__reset200__noepr__global__per_operation,random_allocation,2,4,500,200,False,global,per_operation,15,9,0.4,0.0,0.0,0.0,0.0,0.0,0.0,0.4083333333333333,0.0,0.0,0.0,0.0,0.0,1.2641561028532298,1.9144475920679886,0.07118241235888292,0.1251669955611996,0.22757635556581743,0.5357782692038652,0.0,0.8885216203308822,0.2,,0,0,0,0.761407679045724,0.25072354945242836,0.6,
reservation_reset,reservation_reset__random_allocation__cq2__ten4__res500__reset50__noepr__global__per_operation,random_allocation,2,4,500,50,False,global,per_operation,15,15,0.0,0.0,0.0,0.0,0.0,0.0,0.0,0.2902777777777778,0.0,0.0,0.0,0.0,0.0,1.1468115631749236,1.4033846448035185,0.004101307189542474,0.14160457296821014,0.06436571498555003,0.4695157282568009,0.0,0.675486016210561,0.0,,0,0,0,0.7637466104642605,0.2520143668424434,1.0,
reservation_reset,reservation_reset__round_robin__cq2__ten4__res0__reset0__noepr__global__per_operation,round_robin,2,4,0,0,False,global,per_operation,15,15,0.0,0.0763888888888889,0.0027777777777777775,0.07916666666666666,0.0,0.0763888888888889,0.07916666666666666,0.4986111111111111,12.02638888888889,12.12361111111111,581.9333333333333,12.02638888888889,12.12361111111111,1.0012634113844974,1.0106861642294713,0.0,0.1457475368171993,0.0,0.1457475368171993,0.0,0.2914950736343986,0.0,,0,0,0,0.7677149113724713,0.5603214528378611,1.0,
reservation_reset,reservation_reset__round_robin__cq2__ten4__res0__reset200__noepr__global__per_operation,round_robin,2,4,0,200,False,global,per_operation,15,12,0.2,0.5944444444444444,0.0027777777777777775,0.5972222222222222,0.0,0.5944444444444444,0.5972222222222222,0.7347222222222223,1162.6166666666666,1162.7444444444443,55811.73333333333,1162.6166666666666,1162.7444444444443,1.0471097122628967,1.1920120173190776,0.02450980392156862,0.13813188704212498,0.25114888553113635,0.3892807725732614,0.0,0.7785615451465228,0.0,,0,0,0,0.7827804967911078,0.7618400929071052,0.8,
reservation_reset,reservation_reset__round_robin__cq2__ten4__res0__reset50__noepr__global__per_operation,round_robin,2,4,0,50,False,global,per_operation,15,15,0.0,0.16805555555555557,0.0013888888888888887,0.16944444444444443,0.0,0.16805555555555557,0.16944444444444443,0.4375,47.45694444444444,47.72083333333333,2290.6,47.45694444444444,47.72083333333333,1.002418560601379,1.0156081808396125,0.0,0.1441022540967168,0.06550102458941669,0.20960327868613354,0.0,0.41920655737226703,0.0,,0,0,0,0.7677149113724713,0.5866088023897588,1.0,
reservation_reset,reservation_reset__round_robin__cq2__ten4__res2000__reset0__noepr__global__per_operation,round_robin,2,4,2000,0,False,global,per_operation,15,11,0.26666666666666666,0.0,0.0,0.0,0.0,0.0,0.0,0.16666666666666666,0.0,0.0,0.0,0.0,0.0,2.2705640860118987,13.34248366013072,0.10002549964267231,0.1147685155953057,0.0,0.5800764507279389,0.0,0.6948449663232447,0.0,,0,0,0,0.744146233817586,0.2520448369736792,0.7333333333333333,
reservation_reset,reservation_reset__round_robin__cq2__ten4__res2000__reset200__noepr__global__per_operation,round_robin,2,4,2000,200,False,global,per_operation,15,9,0.4,0.0,0.0,0.0,0.0,0.0,0.0,0.2,0.0,0.0,0.0,0.0,0.0,1.2944053941337972,2.969971671388102,0.11450887500650307,0.10380772672103714,0.18874132131097668,0.6279507692050935,0.0,0.9204998172371073,0.13333333333333333,,0,0,0,0.7476056471544555,0.2505062981586091,0.6,
reservation_reset,reservation_reset__round_robin__cq2__ten4__res2000__reset50__noepr__global__per_operation,round_robin,2,4,2000,50,False,global,per_operation,15,11,0.26666666666666666,0.0,0.0,0.0,0.0,0.0,0.0,0.2638888888888889,0.0,0.0,0.0,0.0,0.0,1.1365010323271731,1.6335360556038228,0.11520462896791167,0.11086698171847358,0.05039408259930615,0.576917731552739,0.0,0.7381787958705188,0.0,,0,0,0,0.7413964770564928,0.2516759299428039,0.7333333333333333,
reservation_reset,reservation_reset__round_robin__cq2__ten4__res500__reset0__noepr__global__per_operation,round_robin,2,4,500,0,False,global,per_operation,15,15,0.0,0.0,0.0,0.0,0.0,0.0,0.0,0.3027777777777778,0.0,0.0,0.0,0.0,0.0,1.195027683222291,2.060130718954248,0.0,0.14023772856737807,0.0,0.46214247891512594,0.0,0.602380207482504,0.0,,0,0,0,0.7677149113724713,0.2527188283113396,1.0,
reservation_reset,reservation_reset__round_robin__cq2__ten4__res500__reset200__noepr__global__per_operation,round_robin,2,4,500,200,False,global,per_operation,15,11,0.26666666666666666,0.0,0.0,0.0,0.0,0.0,0.0,0.4152777777777778,0.0,0.0,0.0,0.0,0.0,1.1630968102158177,1.4699063753901025,0.06968447007346436,0.12487308908299713,0.22704198015090388,0.5912037702763672,0.0,0.9431188395102681,0.3333333333333333,,0,0,0,0.7535547351675647,0.25079712049049185,0.7333333333333333,
reservation_reset,reservation_reset__round_robin__cq2__ten4__res500__reset50__noepr__global__per_operation,round_robin,2,4,500,50,False,global,per_operation,15,15,0.0,0.0,0.0,0.0,0.0,0.0,0.0,0.2527777777777778,0.0,0.0,0.0,0.0,0.0,1.166693469498733,1.6514285714285715,0.003267973856209147,0.14054243832144736,0.06388292650974876,0.5023528403180066,0.0,0.7067782051492026,0.0,,0,0,0,0.7645474282105326,0.2516329775648749,1.0,
reservation_reset,reservation_reset__shared_global_pool__cq2__ten4__res0__reset0__noepr__global__per_operation,shared_global_pool,2,4,0,0,False,global,per_operation,15,15,0.0,0.047222222222222214,0.0,0.047222222222222214,0.0,0.047222222222222214,0.047222222222222214,0.9638888888888888,7.026388888888889,7.026388888888889,337.26666666666665,7.026388888888889,7.026388888888889,1.0087281367790806,1.050909090909091,0.0,0.14407142265848835,0.0,0.14407142265848835,0.0,0.2881428453169767,0.0,,0,0,0,0.7677149113724713,0.5844817084751438,1.0,
reservation_reset,reservation_reset__shared_global_pool__cq2__ten4__res0__reset200__noepr__global__per_operation,shared_global_pool,2,4,0,200,False,global,per_operation,15,15,0.0,0.22916666666666666,0.0,0.22916666666666666,0.0,0.22916666666666666,0.22916666666666666,0.9736111111111111,346.9638888888889,346.9638888888889,16654.266666666666,346.9638888888889,346.9638888888889,1.0412520180063025,1.1364653243847875,0.0,0.14405803984811955,0.2619237088147629,0.40598174866288245,0.0,0.8119634973257649,0.2,,0,0,0,0.7677149113724713,0.6874986129093709,1.0,
reservation_reset,reservation_reset__shared_global_pool__cq2__ten4__res0__reset50__noepr__global__per_operation,shared_global_pool,2,4,0,50,False,global,per_operation,15,15,0.0,0.09027777777777778,0.0,0.09027777777777778,0.0,0.09027777777777778,0.09027777777777778,0.9680555555555554,41.99166666666667,41.99166666666667,2015.6,41.99166666666667,41.99166666666667,1.009149227448511,1.0454545454545454,0.0,0.14524289457471645,0.066019497533962,0.21126239210867848,0.0,0.4225247842173569,0.0,,0,0,0,0.7677149113724713,0.6089338309262657,1.0,
reservation_reset,reservation_reset__shared_global_pool__cq2__ten4__res2000__reset0__noepr__global__per_operation,shared_global_pool,2,4,2000,0,False,global,per_operation,15,15,0.0,0.0,0.0,0.0,0.0,0.0,0.0,0.7444444444444444,0.0,0.0,0.0,0.0,0.0,1.098278918346156,1.2210526315789474,0.0,0.13374729056844276,0.0,0.9090580790485829,0.0,1.0428053696170256,0.8666666666666667,,0,0,0,0.7677149113724713,0.26021299720104374,1.0,
reservation_reset,reservation_reset__shared_global_pool__cq2__ten4__res2000__reset200__noepr__global__per_operation,shared_global_pool,2,4,2000,200,False,global,per_operation,15,15,0.0,0.0,0.0,0.0,0.0,0.0,0.0,0.7152777777777778,0.0,0.0,0.0,0.0,0.0,1.1873799294968244,1.4957627118644068,0.0030637254901960736,0.13017771766708083,0.23668675939469247,0.9183896040141004,0.0,1.2852540810758737,1.0,,0,0,0,0.7647335001774337,0.2517924560550901,1.0,
reservation_reset,reservation_reset__shared_global_pool__cq2__ten4__res2000__reset50__noepr__global__per_operation,shared_global_pool,2,4,2000,50,False,global,per_operation,15,15,0.0,0.0,0.0,0.0,0.0,0.0,0.0,0.75,0.0,0.0,0.0,0.0,0.0,1.1366014568565441,1.44235807860262,0.00125,0.13134616896234147,0.05970280407379155,0.9130436956697434,0.0,1.1040926687058765,1.0,,0,0,0,0.7664999604266994,0.25651203395622374,1.0,
reservation_reset,reservation_reset__shared_global_pool__cq2__ten4__res500__reset0__noepr__global__per_operation,shared_global_pool,2,4,500,0,False,global,per_operation,15,15,0.0,0.0,0.0,0.0,0.0,0.0,0.0,0.8638888888888889,0.0,0.0,0.0,0.0,0.0,1.121494453122001,1.268637532133676,0.0,0.1422606164184388,0.0,0.544363738793289,0.0,0.6866243552117279,0.0,,0,0,0,0.7677149113724713,0.36714630630439665,1.0,
reservation_reset,reservation_reset__shared_global_pool__cq2__ten4__res500__reset200__noepr__global__per_operation,shared_global_pool,2,4,500,200,False,global,per_operation,15,15,0.0,0.0,0.0,0.0,0.0,0.0,0.0,0.8430555555555556,0.0,0.0,0.0,0.0,0.0,1.1443801264910494,1.2265060240963856,0.0,0.14019877975202444,0.2549068722764081,0.7123399637353172,0.0,1.1074456157637498,0.6,,0,0,0,0.7677149113724713,0.29231540798303407,1.0,
reservation_reset,reservation_reset__shared_global_pool__cq2__ten4__res500__reset50__noepr__global__per_operation,shared_global_pool,2,4,500,50,False,global,per_operation,15,15,0.0,0.0,0.0,0.0,0.0,0.0,0.0,0.7444444444444444,0.0,0.0,0.0,0.0,0.0,1.1380300697307988,1.2695652173913043,0.0,0.141679183415179,0.06439962882508134,0.5920986381692483,0.0,0.7981774504095086,0.0,,0,0,0,0.7677149113724713,0.3364593929919294,1.0,
reservation_reset,reservation_reset__static_assignment__cq2__ten4__res0__reset0__noepr__global__per_operation,static_assignment,2,4,0,0,False,global,per_operation,15,12,0.2,0.0,0.0,0.0,0.0,0.0,0.0,0.0,0.0,0.0,0.0,0.0,0.0,1.0,1.0,0.005555555555555547,0.1432785734278143,0.0,0.1432785734278143,0.0,0.2865571468556286,0.0,,0,0,0,0.7702922028948337,0.27077324927084445,0.8,
reservation_reset,reservation_reset__static_assignment__cq2__ten4__res0__reset200__noepr__global__per_operation,static_assignment,2,4,0,200,False,global,per_operation,15,3,0.8,0.0,0.0,0.0,0.0,0.0,0.0,0.0,0.0,0.0,0.0,0.0,0.0,1.0,1.0,0.141539849566415,0.11491254439760223,0.20893189890473138,0.3238444433023337,0.0,0.6476888866046673,0.0,,0,0,0,0.8409749024852585,0.2515070362852378,0.2,
reservation_reset,reservation_reset__static_assignment__cq2__ten4__res0__reset50__noepr__global__per_operation,static_assignment,2,4,0,50,False,global,per_operation,15,12,0.2,0.0,0.0,0.0,0.0,0.0,0.0,0.0,0.0,0.0,0.0,0.0,0.0,1.0,1.0,0.0395424836601307,0.13651976027644627,0.062054436489293735,0.19857419676574004,0.0,0.39714839353148007,0.0,,0,0,0,0.7918207649009699,0.25848986568940036,0.8,
reservation_reset,reservation_reset__static_assignment__cq2__ten4__res2000__reset0__noepr__global__per_operation,static_assignment,2,4,2000,0,False,global,per_operation,15,9,0.4,0.0,0.0,0.0,0.0,0.0,0.0,0.0,0.0,0.0,0.0,0.0,0.0,1.0,1.0,0.08319074658211277,0.11091152893222868,0.0,0.39501575772310166,0.0,0.5059272866553303,0.0,,0,0,0,0.756654307185227,0.25062049497152716,0.6,
reservation_reset,reservation_reset__static_assignment__cq2__ten4__res2000__reset200__noepr__global__per_operation,static_assignment,2,4,2000,200,False,global,per_operation,15,3,0.8,0.0,0.0,0.0,0.0,0.0,0.0,0.0,0.0,0.0,0.0,0.0,0.0,1.0,1.0,0.21468752310308284,0.08447349813733254,0.15358817843151376,0.3977840724923762,0.0,0.6358457490612224,0.0,,0,0,0,0.7615535192701138,0.25043217861386446,0.2,
reservation_reset,reservation_reset__static_assignment__cq2__ten4__res2000__reset50__noepr__global__per_operation,static_assignment,2,4,2000,50,False,global,per_operation,15,11,0.26666666666666666,0.0,0.0,0.0,0.0,0.0,0.0,0.0,0.0,0.0,0.0,0.0,0.0,1.0,1.0,0.08726194241137314,0.10943573583518831,0.04974351628872194,0.3962918669119066,0.0,0.5554711190358168,0.0,,0,0,0,0.7426133615240236,0.2505141087192899,0.7333333333333333,
reservation_reset,reservation_reset__static_assignment__cq2__ten4__res500__reset0__noepr__global__per_operation,static_assignment,2,4,500,0,False,global,per_operation,15,12,0.2,0.0,0.0,0.0,0.0,0.0,0.0,0.0,0.0,0.0,0.0,0.0,0.0,1.0,1.0,0.009803921568627446,0.13790859547259607,0.0,0.3717170472373645,0.0,0.5096256427099605,0.0,,0,0,0,0.7655235620417736,0.2518877792102303,0.8,
reservation_reset,reservation_reset__static_assignment__cq2__ten4__res500__reset200__noepr__global__per_operation,static_assignment,2,4,500,200,False,global,per_operation,15,3,0.8,0.0,0.0,0.0,0.0,0.0,0.0,0.0,0.0,0.0,0.0,0.0,0.0,1.0,1.0,0.15543801049256453,0.1090467661443629,0.19826684753520535,0.4095430110784337,0.0,0.7168566247580019,0.0,,0,0,0,0.8147883992917051,0.25063723753929124,0.2,
reservation_reset,reservation_reset__static_assignment__cq2__ten4__res500__reset50__noepr__global__per_operation,static_assignment,2,4,500,50,False,global,per_operation,15,12,0.2,0.0,0.0,0.0,0.0,0.0,0.0,0.0,0.0,0.0,0.0,0.0,0.0,1.0,1.0,0.050905483405483384,0.12925877164793767,0.058753987112698886,0.3907915295498376,0.0,0.5788042883104741,0.0,,0,0,0,0.7799694954513119,0.25119888522992834,0.8,
