protocol_context,model_name,model_variant,trace_id,victim_instance_id,repeat_id,boundary_mode,true_boundary_index,true_boundary_ns,true_from_label,true_to_label,predicted_boundary_ns,predicted_from_label,predicted_to_label,matched,signed_error_ns,absolute_error_ns
direct_coherent_all_shared,hist_gradient_boosting,debounced_offline,037992cac1ae1a38156a,victim_0020,0,phase_exact,0,3945.197190413731,dense_remote,local_compute,4020.0,dense_remote,local_compute,True,74.80280958626918,74.80280958626918
direct_coherent_all_shared,hist_gradient_boosting,debounced_offline,037992cac1ae1a38156a,victim_0020,0,phase_exact,1,8519.38861505275,local_compute,synchronization_bursty,8640.0,local_compute,synchronization_bursty,True,120.61138494724946,120.61138494724946
direct_coherent_all_shared,hist_gradient_boosting,debounced_offline,037992cac1ae1a38156a,victim_0020,0,phase_exact,2,13972.618573212338,synchronization_bursty,local_compute,14520.0,synchronization_bursty,local_compute,True,547.3814267876623,547.3814267876623
direct_coherent_all_shared,hist_gradient_boosting,debounced_offline,037992cac1ae1a38156a,victim_0020,0,phase_exact,3,17384.940617006945,local_compute,sparse_remote,,,,False,,
direct_coherent_all_shared,hist_gradient_boosting,debounced_offline,037992cac1ae1a38156a,victim_0020,0,phase_any,0,3945.197190413731,dense_remote,local_compute,4020.0,dense_remote,local_compute,True,74.80280958626918,74.80280958626918
direct_coherent_all_shared,hist_gradient_boosting,debounced_offline,037992cac1ae1a38156a,victim_0020,0,phase_any,1,8519.38861505275,local_compute,synchronization_bursty,8640.0,local_compute,synchronization_bursty,True,120.61138494724946,120.61138494724946
direct_coherent_all_shared,hist_gradient_boosting,debounced_offline,037992cac1ae1a38156a,victim_0020,0,phase_any,2,13972.618573212338,synchronization_bursty,local_compute,14520.0,synchronization_bursty,local_compute,True,547.3814267876623,547.3814267876623
direct_coherent_all_shared,hist_gradient_boosting,debounced_offline,037992cac1ae1a38156a,victim_0020,0,phase_any,3,17384.940617006945,local_compute,sparse_remote,17460.0,local_compute,dense_remote,True,75.0593829930549,75.0593829930549
direct_coherent_all_shared,hist_gradient_boosting,debounced_offline,037992cac1ae1a38156a,victim_0020,0,remote_on_off,0,3945.197190413731,dense_remote,local_compute,4020.0,dense_remote,local_compute,True,74.80280958626918,74.80280958626918
direct_coherent_all_shared,hist_gradient_boosting,debounced_offline,037992cac1ae1a38156a,victim_0020,0,remote_on_off,1,8519.38861505275,local_compute,synchronization_bursty,8640.0,local_compute,synchronization_bursty,True,120.61138494724946,120.61138494724946
direct_coherent_all_shared,hist_gradient_boosting,debounced_offline,037992cac1ae1a38156a,victim_0020,0,remote_on_off,2,13972.618573212338,synchronization_bursty,local_compute,14520.0,synchronization_bursty,local_compute,True,547.3814267876623,547.3814267876623
direct_coherent_all_shared,hist_gradient_boosting,debounced_offline,037992cac1ae1a38156a,victim_0020,0,remote_on_off,3,17384.940617006945,local_compute,sparse_remote,17460.0,local_compute,dense_remote,True,75.0593829930549,75.0593829930549
direct_coherent_all_shared,hist_gradient_boosting,debounced_offline,0dc93c37bd6c52638ff9,victim_0003,0,phase_exact,0,3184.1511702802213,local_compute,sparse_remote,,,,False,,
direct_coherent_all_shared,hist_gradient_boosting,debounced_offline,0dc93c37bd6c52638ff9,victim_0003,0,phase_exact,1,8137.308551850549,sparse_remote,dense_remote,8640.0,sparse_remote,dense_remote,True,502.6914481494514,502.6914481494514
direct_coherent_all_shared,hist_gradient_boosting,debounced_offline,0dc93c37bd6c52638ff9,victim_0003,0,phase_exact,2,11766.900719130488,dense_remote,sparse_remote,12000.0,dense_remote,sparse_remote,True,233.09928086951186,233.09928086951186
direct_coherent_all_shared,hist_gradient_boosting,debounced_offline,0dc93c37bd6c52638ff9,victim_0003,0,phase_exact,3,16533.76894948869,sparse_remote,synchronization_bursty,,,,False,,
direct_coherent_all_shared,hist_gradient_boosting,debounced_offline,0dc93c37bd6c52638ff9,victim_0003,0,phase_any,0,3184.1511702802213,local_compute,sparse_remote,3600.0,local_compute,dense_remote,True,415.8488297197787,415.8488297197787
direct_coherent_all_shared,hist_gradient_boosting,debounced_offline,0dc93c37bd6c52638ff9,victim_0003,0,phase_any,1,8137.308551850549,sparse_remote,dense_remote,8640.0,sparse_remote,dense_remote,True,502.6914481494514,502.6914481494514
direct_coherent_all_shared,hist_gradient_boosting,debounced_offline,0dc93c37bd6c52638ff9,victim_0003,0,phase_any,2,11766.900719130488,dense_remote,sparse_remote,12000.0,dense_remote,sparse_remote,True,233.09928086951186,233.09928086951186
direct_coherent_all_shared,hist_gradient_boosting,debounced_offline,0dc93c37bd6c52638ff9,victim_0003,0,phase_any,3,16533.76894948869,sparse_remote,synchronization_bursty,16620.0,sparse_remote,dense_remote,True,86.23105051130915,86.23105051130915
direct_coherent_all_shared,hist_gradient_boosting,debounced_offline,0dc93c37bd6c52638ff9,victim_0003,0,remote_on_off,0,3184.1511702802213,local_compute,sparse_remote,3600.0,local_compute,dense_remote,True,415.8488297197787,415.8488297197787
direct_coherent_all_shared,hist_gradient_boosting,debounced_offline,1d612afddb5a14c10508,victim_0022,1,phase_exact,0,3282.393742262545,synchronization_bursty,sparse_remote,,,,False,,
direct_coherent_all_shared,hist_gradient_boosting,debounced_offline,1d612afddb5a14c10508,victim_0022,1,phase_exact,1,6879.426857186192,sparse_remote,dense_remote,6960.0,sparse_remote,dense_remote,True,80.57314281380786,80.57314281380786
direct_coherent_all_shared,hist_gradient_boosting,debounced_offline,1d612afddb5a14c10508,victim_0022,1,phase_exact,2,9968.001637570029,dense_remote,local_compute,,,,False,,
direct_coherent_all_shared,hist_gradient_boosting,debounced_offline,1d612afddb5a14c10508,victim_0022,1,phase_exact,3,14339.419944693838,local_compute,dense_remote,,,,False,,
direct_coherent_all_shared,hist_gradient_boosting,debounced_offline,1d612afddb5a14c10508,victim_0022,1,phase_exact,4,16767.069757922298,dense_remote,synchronization_bursty,17040.0,dense_remote,synchronization_bursty,True,272.93024207770213,272.93024207770213
direct_coherent_all_shared,hist_gradient_boosting,debounced_offline,1d612afddb5a14c10508,victim_0022,1,phase_any,0,3282.393742262545,synchronization_bursty,sparse_remote,,,,False,,
direct_coherent_all_shared,hist_gradient_boosting,debounced_offline,1d612afddb5a14c10508,victim_0022,1,phase_any,1,6879.426857186192,sparse_remote,dense_remote,6960.0,sparse_remote,dense_remote,True,80.57314281380786,80.57314281380786
direct_coherent_all_shared,hist_gradient_boosting,debounced_offline,1d612afddb5a14c10508,victim_0022,1,phase_any,2,9968.001637570029,dense_remote,local_compute,10320.0,dense_remote,sparse_remote,True,351.99836242997117,351.99836242997117
direct_coherent_all_shared,hist_gradient_boosting,debounced_offline,1d612afddb5a14c10508,victim_0022,1,phase_any,3,14339.419944693838,local_compute,dense_remote,14520.0,local_compute,sparse_remote,True,180.58005530616174,180.58005530616174
direct_coherent_all_shared,hist_gradient_boosting,debounced_offline,1d612afddb5a14c10508,victim_0022,1,phase_any,4,16767.069757922298,dense_remote,synchronization_bursty,17040.0,dense_remote,synchronization_bursty,True,272.93024207770213,272.93024207770213
direct_coherent_all_shared,hist_gradient_boosting,debounced_offline,1d612afddb5a14c10508,victim_0022,1,remote_on_off,2,9968.001637570029,dense_remote,local_compute,10740.0,sparse_remote,local_compute,True,771.9983624299712,771.9983624299712
direct_coherent_all_shared,hist_gradient_boosting,debounced_offline,1d612afddb5a14c10508,victim_0022,1,remote_on_off,3,14339.419944693838,local_compute,dense_remote,14520.0,local_compute,sparse_remote,True,180.58005530616174,180.58005530616174
direct_coherent_all_shared,hist_gradient_boosting,debounced_offline,3a4b2d0ca7b922922f3c,victim_0010,0,phase_exact,0,3799.0914558502673,local_compute,dense_remote,4020.0,local_compute,dense_remote,True,220.90854414973273,220.90854414973273
direct_coherent_all_shared,hist_gradient_boosting,debounced_offline,3a4b2d0ca7b922922f3c,victim_0010,0,phase_exact,1,7177.584870190105,dense_remote,sparse_remote,,,,False,,
direct_coherent_all_shared,hist_gradient_boosting,debounced_offline,3a4b2d0ca7b922922f3c,victim_0010,0,phase_exact,2,9864.380078273627,sparse_remote,synchronization_bursty,9900.0,sparse_remote,synchronization_bursty,True,35.61992172637292,35.61992172637292
direct_coherent_all_shared,hist_gradient_boosting,debounced_offline,3a4b2d0ca7b922922f3c,victim_0010,0,phase_exact,3,12803.703036780968,synchronization_bursty,dense_remote,,,,False,,
direct_coherent_all_shared,hist_gradient_boosting,debounced_offline,3a4b2d0ca7b922922f3c,victim_0010,0,phase_exact,4,15204.780045932635,dense_remote,synchronization_bursty,15360.0,dense_remote,synchronization_bursty,True,155.2199540673646,155.2199540673646
direct_coherent_all_shared,hist_gradient_boosting,debounced_offline,3a4b2d0ca7b922922f3c,victim_0010,0,phase_any,0,3799.0914558502673,local_compute,dense_remote,4020.0,local_compute,dense_remote,True,220.90854414973273,220.90854414973273
direct_coherent_all_shared,hist_gradient_boosting,debounced_offline,3a4b2d0ca7b922922f3c,victim_0010,0,phase_any,1,7177.584870190105,dense_remote,sparse_remote,,,,False,,
direct_coherent_all_shared,hist_gradient_boosting,debounced_offline,3a4b2d0ca7b922922f3c,victim_0010,0,phase_any,2,9864.380078273627,sparse_remote,synchronization_bursty,9900.0,sparse_remote,synchronization_bursty,True,35.61992172637292,35.61992172637292
direct_coherent_all_shared,hist_gradient_boosting,debounced_offline,3a4b2d0ca7b922922f3c,victim_0010,0,phase_any,3,12803.703036780968,synchronization_bursty,dense_remote,,,,False,,
direct_coherent_all_shared,hist_gradient_boosting,debounced_offline,3a4b2d0ca7b922922f3c,victim_0010,0,phase_any,4,15204.780045932635,dense_remote,synchronization_bursty,15360.0,dense_remote,synchronization_bursty,True,155.2199540673646,155.2199540673646
direct_coherent_all_shared,hist_gradient_boosting,debounced_offline,3a4b2d0ca7b922922f3c,victim_0010,0,remote_on_off,0,3799.0914558502673,local_compute,dense_remote,4020.0,local_compute,dense_remote,True,220.90854414973273,220.90854414973273
direct_coherent_all_shared,hist_gradient_boosting,debounced_offline,42dd7cbc0b848c1a2d76,victim_0008,1,phase_exact,0,2978.015688481845,synchronization_bursty,dense_remote,3600.0,synchronization_bursty,dense_remote,True,621.9843115181552,621.9843115181552
direct_coherent_all_shared,hist_gradient_boosting,debounced_offline,42dd7cbc0b848c1a2d76,victim_0008,1,phase_exact,1,6468.965710581726,dense_remote,sparse_remote,,,,False,,
direct_coherent_all_shared,hist_gradient_boosting,debounced_offline,42dd7cbc0b848c1a2d76,victim_0008,1,phase_exact,2,11679.055663519011,sparse_remote,local_compute,12000.0,sparse_remote,local_compute,True,320.94433648098857,320.94433648098857
direct_coherent_all_shared,hist_gradient_boosting,debounced_offline,42dd7cbc0b848c1a2d76,victim_0008,1,phase_exact,3,16457.887331498667,local_compute,dense_remote,,,,False,,
direct_coherent_all_shared,hist_gradient_boosting,debounced_offline,42dd7cbc0b848c1a2d76,victim_0008,1,phase_any,0,2978.015688481845,synchronization_bursty,dense_remote,3600.0,synchronization_bursty,dense_remote,True,621.9843115181552,621.9843115181552
direct_coherent_all_shared,hist_gradient_boosting,debounced_offline,42dd7cbc0b848c1a2d76,victim_0008,1,phase_any,1,6468.965710581726,dense_remote,sparse_remote,,,,False,,
direct_coherent_all_shared,hist_gradient_boosting,debounced_offline,42dd7cbc0b848c1a2d76,victim_0008,1,phase_any,2,11679.055663519011,sparse_remote,local_compute,12000.0,sparse_remote,local_compute,True,320.94433648098857,320.94433648098857
direct_coherent_all_shared,hist_gradient_boosting,debounced_offline,42dd7cbc0b848c1a2d76,victim_0008,1,phase_any,3,16457.887331498667,local_compute,dense_remote,16620.0,local_compute,sparse_remote,True,162.11266850133325,162.11266850133325
direct_coherent_all_shared,hist_gradient_boosting,debounced_offline,42dd7cbc0b848c1a2d76,victim_0008,1,remote_on_off,2,11679.055663519011,sparse_remote,local_compute,12000.0,sparse_remote,local_compute,True,320.94433648098857,320.94433648098857
direct_coherent_all_shared,hist_gradient_boosting,debounced_offline,42dd7cbc0b848c1a2d76,victim_0008,1,remote_on_off,3,16457.887331498667,local_compute,dense_remote,16620.0,local_compute,sparse_remote,True,162.11266850133325,162.11266850133325
direct_coherent_all_shared,hist_gradient_boosting,debounced_offline,4945b517489a52128b60,victim_0002,1,phase_exact,0,4128.836103055568,sparse_remote,synchronization_bursty,4440.0,sparse_remote,synchronization_bursty,True,311.16389694443205,311.16389694443205
direct_coherent_all_shared,hist_gradient_boosting,debounced_offline,4945b517489a52128b60,victim_0002,1,phase_exact,1,8090.9366784642525,synchronization_bursty,local_compute,8640.0,synchronization_bursty,local_compute,True,549.0633215357475,549.0633215357475
direct_coherent_all_shared,hist_gradient_boosting,debounced_offline,4945b517489a52128b60,victim_0002,1,phase_exact,2,11252.308935390323,local_compute,dense_remote,11580.0,local_compute,dense_remote,True,327.6910646096767,327.6910646096767
direct_coherent_all_shared,hist_gradient_boosting,debounced_offline,4945b517489a52128b60,victim_0002,1,phase_exact,3,14243.601544682242,dense_remote,sparse_remote,,,,False,,
direct_coherent_all_shared,hist_gradient_boosting,debounced_offline,4945b517489a52128b60,victim_0002,1,phase_any,0,4128.836103055568,sparse_remote,synchronization_bursty,4440.0,sparse_remote,synchronization_bursty,True,311.16389694443205,311.16389694443205
direct_coherent_all_shared,hist_gradient_boosting,debounced_offline,4945b517489a52128b60,victim_0002,1,phase_any,1,8090.9366784642525,synchronization_bursty,local_compute,8640.0,synchronization_bursty,local_compute,True,549.0633215357475,549.0633215357475
direct_coherent_all_shared,hist_gradient_boosting,debounced_offline,4945b517489a52128b60,victim_0002,1,phase_any,2,11252.308935390323,local_compute,dense_remote,11580.0,local_compute,dense_remote,True,327.6910646096767,327.6910646096767
direct_coherent_all_shared,hist_gradient_boosting,debounced_offline,4945b517489a52128b60,victim_0002,1,phase_any,3,14243.601544682242,dense_remote,sparse_remote,,,,False,,
direct_coherent_all_shared,hist_gradient_boosting,debounced_offline,4945b517489a52128b60,victim_0002,1,remote_on_off,1,8090.9366784642525,synchronization_bursty,local_compute,8640.0,synchronization_bursty,local_compute,True,549.0633215357475,549.0633215357475
direct_coherent_all_shared,hist_gradient_boosting,debounced_offline,4945b517489a52128b60,victim_0002,1,remote_on_off,2,11252.308935390323,local_compute,dense_remote,11580.0,local_compute,dense_remote,True,327.6910646096767,327.6910646096767
direct_coherent_all_shared,hist_gradient_boosting,debounced_offline,52f65cc1f2f1d6036b0d,victim_0018,0,phase_exact,0,4823.51995045369,dense_remote,sparse_remote,,,,False,,
direct_coherent_all_shared,hist_gradient_boosting,debounced_offline,52f65cc1f2f1d6036b0d,victim_0018,0,phase_exact,1,9594.047520701628,sparse_remote,synchronization_bursty,9900.0,sparse_remote,synchronization_bursty,True,305.95247929837205,305.95247929837205
direct_coherent_all_shared,hist_gradient_boosting,debounced_offline,52f65cc1f2f1d6036b0d,victim_0018,0,phase_exact,2,12361.950228432477,synchronization_bursty,dense_remote,,,,False,,
direct_coherent_all_shared,hist_gradient_boosting,debounced_offline,52f65cc1f2f1d6036b0d,victim_0018,0,phase_exact,3,16100.566304239506,dense_remote,local_compute,,,,False,,
direct_coherent_all_shared,hist_gradient_boosting,debounced_offline,52f65cc1f2f1d6036b0d,victim_0018,0,phase_any,0,4823.51995045369,dense_remote,sparse_remote,,,,False,,
direct_coherent_all_shared,hist_gradient_boosting,debounced_offline,52f65cc1f2f1d6036b0d,victim_0018,0,phase_any,1,9594.047520701628,sparse_remote,synchronization_bursty,9900.0,sparse_remote,synchronization_bursty,True,305.95247929837205,305.95247929837205
direct_coherent_all_shared,hist_gradient_boosting,debounced_offline,52f65cc1f2f1d6036b0d,victim_0018,0,phase_any,2,12361.950228432477,synchronization_bursty,dense_remote,,,,False,,
direct_coherent_all_shared,hist_gradient_boosting,debounced_offline,52f65cc1f2f1d6036b0d,victim_0018,0,phase_any,3,16100.566304239506,dense_remote,local_compute,16620.0,dense_remote,sparse_remote,True,519.4336957604937,519.4336957604937
direct_coherent_all_shared,hist_gradient_boosting,debounced_offline,52f65cc1f2f1d6036b0d,victim_0018,0,remote_on_off,3,16100.566304239506,dense_remote,local_compute,,,,False,,
direct_coherent_all_shared,hist_gradient_boosting,debounced_offline,5f77ec93e99815ad8f64,victim_0035,0,phase_exact,0,5666.796589479767,sparse_remote,synchronization_bursty,,,,False,,
direct_coherent_all_shared,hist_gradient_boosting,debounced_offline,5f77ec93e99815ad8f64,victim_0035,0,phase_exact,1,11193.313605806132,synchronization_bursty,dense_remote,,,,False,,
direct_coherent_all_shared,hist_gradient_boosting,debounced_offline,5f77ec93e99815ad8f64,victim_0035,0,phase_exact,2,13748.01001582324,dense_remote,sparse_remote,,,,False,,
direct_coherent_all_shared,hist_gradient_boosting,debounced_offline,5f77ec93e99815ad8f64,victim_0035,0,phase_exact,3,16408.670686815945,sparse_remote,local_compute,,,,False,,
direct_coherent_all_shared,hist_gradient_boosting,debounced_offline,5f77ec93e99815ad8f64,victim_0035,0,phase_any,0,5666.796589479767,sparse_remote,synchronization_bursty,5700.0,sparse_remote,dense_remote,True,33.203410520232865,33.203410520232865
direct_coherent_all_shared,hist_gradient_boosting,debounced_offline,5f77ec93e99815ad8f64,victim_0035,0,phase_any,1,11193.313605806132,synchronization_bursty,dense_remote,,,,False,,
direct_coherent_all_shared,hist_gradient_boosting,debounced_offline,5f77ec93e99815ad8f64,victim_0035,0,phase_any,2,13748.01001582324,dense_remote,sparse_remote,,,,False,,
direct_coherent_all_shared,hist_gradient_boosting,debounced_offline,5f77ec93e99815ad8f64,victim_0035,0,phase_any,3,16408.670686815945,sparse_remote,local_compute,,,,False,,
direct_coherent_all_shared,hist_gradient_boosting,debounced_offline,5f77ec93e99815ad8f64,victim_0035,0,remote_on_off,3,16408.670686815945,sparse_remote,local_compute,,,,False,,
direct_coherent_all_shared,hist_gradient_boosting,debounced_offline,61f531cec831135c10e3,victim_0018,1,phase_exact,0,4823.51995045369,dense_remote,sparse_remote,,,,False,,
direct_coherent_all_shared,hist_gradient_boosting,debounced_offline,61f531cec831135c10e3,victim_0018,1,phase_exact,1,9594.047520701628,sparse_remote,synchronization_bursty,9900.0,sparse_remote,synchronization_bursty,True,305.95247929837205,305.95247929837205
direct_coherent_all_shared,hist_gradient_boosting,debounced_offline,61f531cec831135c10e3,victim_0018,1,phase_exact,2,12361.950228432477,synchronization_bursty,dense_remote,,,,False,,
direct_coherent_all_shared,hist_gradient_boosting,debounced_offline,61f531cec831135c10e3,victim_0018,1,phase_exact,3,16100.566304239506,dense_remote,local_compute,,,,False,,
direct_coherent_all_shared,hist_gradient_boosting,debounced_offline,61f531cec831135c10e3,victim_0018,1,phase_any,0,4823.51995045369,dense_remote,sparse_remote,5280.0,dense_remote,local_compute,True,456.4800495463096,456.4800495463096
direct_coherent_all_shared,hist_gradient_boosting,debounced_offline,61f531cec831135c10e3,victim_0018,1,phase_any,1,9594.047520701628,sparse_remote,synchronization_bursty,9900.0,sparse_remote,synchronization_bursty,True,305.95247929837205,305.95247929837205
direct_coherent_all_shared,hist_gradient_boosting,debounced_offline,61f531cec831135c10e3,victim_0018,1,phase_any,2,12361.950228432477,synchronization_bursty,dense_remote,12840.0,synchronization_bursty,sparse_remote,True,478.04977156752284,478.04977156752284
direct_coherent_all_shared,hist_gradient_boosting,debounced_offline,61f531cec831135c10e3,victim_0018,1,phase_any,3,16100.566304239506,dense_remote,local_compute,16200.0,dense_remote,sparse_remote,True,99.43369576049372,99.43369576049372
direct_coherent_all_shared,hist_gradient_boosting,debounced_offline,61f531cec831135c10e3,victim_0018,1,remote_on_off,3,16100.566304239506,dense_remote,local_compute,,,,False,,
direct_coherent_all_shared,hist_gradient_boosting,debounced_offline,67f3bc4ab2c1ed28c867,victim_0006,1,phase_exact,0,3868.292651126604,sparse_remote,local_compute,,,,False,,
direct_coherent_all_shared,hist_gradient_boosting,debounced_offline,67f3bc4ab2c1ed28c867,victim_0006,1,phase_exact,1,8142.9548099510275,local_compute,sparse_remote,,,,False,,
direct_coherent_all_shared,hist_gradient_boosting,debounced_offline,67f3bc4ab2c1ed28c867,victim_0006,1,phase_exact,2,10850.749623475784,sparse_remote,synchronization_bursty,11160.0,sparse_remote,synchronization_bursty,True,309.25037652421634,309.25037652421634
direct_coherent_all_shared,hist_gradient_boosting,debounced_offline,67f3bc4ab2c1ed28c867,victim_0006,1,phase_exact,3,13905.834588475289,synchronization_bursty,dense_remote,14100.0,synchronization_bursty,dense_remote,True,194.1654115247111,194.1654115247111
direct_coherent_all_shared,hist_gradient_boosting,debounced_offline,67f3bc4ab2c1ed28c867,victim_0006,1,phase_any,0,3868.292651126604,sparse_remote,local_compute,3600.0,local_compute,sparse_remote,True,-268.29265112660414,268.29265112660414
direct_coherent_all_shared,hist_gradient_boosting,debounced_offline,67f3bc4ab2c1ed28c867,victim_0006,1,phase_any,1,8142.9548099510275,local_compute,sparse_remote,8220.0,local_compute,dense_remote,True,77.04519004897247,77.04519004897247
direct_coherent_all_shared,hist_gradient_boosting,debounced_offline,67f3bc4ab2c1ed28c867,victim_0006,1,phase_any,2,10850.749623475784,sparse_remote,synchronization_bursty,11160.0,sparse_remote,synchronization_bursty,True,309.25037652421634,309.25037652421634
direct_coherent_all_shared,hist_gradient_boosting,debounced_offline,67f3bc4ab2c1ed28c867,victim_0006,1,phase_any,3,13905.834588475289,synchronization_bursty,dense_remote,14100.0,synchronization_bursty,dense_remote,True,194.1654115247111,194.1654115247111
direct_coherent_all_shared,hist_gradient_boosting,debounced_offline,67f3bc4ab2c1ed28c867,victim_0006,1,remote_on_off,0,3868.292651126604,sparse_remote,local_compute,3180.0,dense_remote,local_compute,True,-688.2926511266041,688.2926511266041
direct_coherent_all_shared,hist_gradient_boosting,debounced_offline,67f3bc4ab2c1ed28c867,victim_0006,1,remote_on_off,1,8142.9548099510275,local_compute,sparse_remote,8220.0,local_compute,dense_remote,True,77.04519004897247,77.04519004897247
direct_coherent_all_shared,hist_gradient_boosting,debounced_offline,779fa314c5204e93b08a,victim_0034,0,phase_exact,0,2584.983901882975,dense_remote,local_compute,2760.0,dense_remote,local_compute,True,175.0160981170252,175.0160981170252
direct_coherent_all_shared,hist_gradient_boosting,debounced_offline,779fa314c5204e93b08a,victim_0034,0,phase_exact,1,5207.092213312335,local_compute,sparse_remote,,,,False,,
direct_coherent_all_shared,hist_gradient_boosting,debounced_offline,779fa314c5204e93b08a,victim_0034,0,phase_exact,2,8644.94250269917,sparse_remote,synchronization_bursty,9060.0,sparse_remote,synchronization_bursty,True,415.0574973008297,415.0574973008297
direct_coherent_all_shared,hist_gradient_boosting,debounced_offline,779fa314c5204e93b08a,victim_0034,0,phase_exact,3,11529.039859917659,synchronization_bursty,local_compute,12000.0,synchronization_bursty,local_compute,True,470.96014008234124,470.96014008234124
direct_coherent_all_shared,hist_gradient_boosting,debounced_offline,779fa314c5204e93b08a,victim_0034,0,phase_exact,4,16958.909792595652,local_compute,dense_remote,,,,False,,
direct_coherent_all_shared,hist_gradient_boosting,debounced_offline,779fa314c5204e93b08a,victim_0034,0,phase_any,0,2584.983901882975,dense_remote,local_compute,2760.0,dense_remote,local_compute,True,175.0160981170252,175.0160981170252
direct_coherent_all_shared,hist_gradient_boosting,debounced_offline,779fa314c5204e93b08a,victim_0034,0,phase_any,1,5207.092213312335,local_compute,sparse_remote,5280.0,local_compute,synchronization_bursty,True,72.90778668766507,72.90778668766507
direct_coherent_all_shared,hist_gradient_boosting,debounced_offline,779fa314c5204e93b08a,victim_0034,0,phase_any,2,8644.94250269917,sparse_remote,synchronization_bursty,9060.0,sparse_remote,synchronization_bursty,True,415.0574973008297,415.0574973008297
direct_coherent_all_shared,hist_gradient_boosting,debounced_offline,779fa314c5204e93b08a,victim_0034,0,phase_any,3,11529.039859917659,synchronization_bursty,local_compute,12000.0,synchronization_bursty,local_compute,True,470.96014008234124,470.96014008234124
direct_coherent_all_shared,hist_gradient_boosting,debounced_offline,779fa314c5204e93b08a,victim_0034,0,phase_any,4,16958.909792595652,local_compute,dense_remote,17040.0,local_compute,sparse_remote,True,81.0902074043479,81.0902074043479
direct_coherent_all_shared,hist_gradient_boosting,debounced_offline,779fa314c5204e93b08a,victim_0034,0,remote_on_off,0,2584.983901882975,dense_remote,local_compute,2760.0,dense_remote,local_compute,True,175.0160981170252,175.0160981170252
direct_coherent_all_shared,hist_gradient_boosting,debounced_offline,779fa314c5204e93b08a,victim_0034,0,remote_on_off,1,5207.092213312335,local_compute,sparse_remote,5280.0,local_compute,synchronization_bursty,True,72.90778668766507,72.90778668766507
direct_coherent_all_shared,hist_gradient_boosting,debounced_offline,779fa314c5204e93b08a,victim_0034,0,remote_on_off,3,11529.039859917659,synchronization_bursty,local_compute,12000.0,synchronization_bursty,local_compute,True,470.96014008234124,470.96014008234124
direct_coherent_all_shared,hist_gradient_boosting,debounced_offline,779fa314c5204e93b08a,victim_0034,0,remote_on_off,4,16958.909792595652,local_compute,dense_remote,17040.0,local_compute,sparse_remote,True,81.0902074043479,81.0902074043479
direct_coherent_all_shared,hist_gradient_boosting,debounced_offline,78c3115c2a709cd8c555,victim_0034,1,phase_exact,0,2584.983901882975,dense_remote,local_compute,3180.0,dense_remote,local_compute,True,595.0160981170252,595.0160981170252
direct_coherent_all_shared,hist_gradient_boosting,debounced_offline,78c3115c2a709cd8c555,victim_0034,1,phase_exact,1,5207.092213312335,local_compute,sparse_remote,,,,False,,
direct_coherent_all_shared,hist_gradient_boosting,debounced_offline,78c3115c2a709cd8c555,victim_0034,1,phase_exact,2,8644.94250269917,sparse_remote,synchronization_bursty,9060.0,sparse_remote,synchronization_bursty,True,415.0574973008297,415.0574973008297
direct_coherent_all_shared,hist_gradient_boosting,debounced_offline,78c3115c2a709cd8c555,victim_0034,1,phase_exact,3,11529.039859917659,synchronization_bursty,local_compute,12000.0,synchronization_bursty,local_compute,True,470.96014008234124,470.96014008234124
direct_coherent_all_shared,hist_gradient_boosting,debounced_offline,78c3115c2a709cd8c555,victim_0034,1,phase_exact,4,16958.909792595652,local_compute,dense_remote,,,,False,,
direct_coherent_all_shared,hist_gradient_boosting,debounced_offline,78c3115c2a709cd8c555,victim_0034,1,phase_any,0,2584.983901882975,dense_remote,local_compute,3180.0,dense_remote,local_compute,True,595.0160981170252,595.0160981170252
direct_coherent_all_shared,hist_gradient_boosting,debounced_offline,78c3115c2a709cd8c555,victim_0034,1,phase_any,1,5207.092213312335,local_compute,sparse_remote,5280.0,local_compute,dense_remote,True,72.90778668766507,72.90778668766507
direct_coherent_all_shared,hist_gradient_boosting,debounced_offline,78c3115c2a709cd8c555,victim_0034,1,phase_any,2,8644.94250269917,sparse_remote,synchronization_bursty,9060.0,sparse_remote,synchronization_bursty,True,415.0574973008297,415.0574973008297
direct_coherent_all_shared,hist_gradient_boosting,debounced_offline,78c3115c2a709cd8c555,victim_0034,1,phase_any,3,11529.039859917659,synchronization_bursty,local_compute,12000.0,synchronization_bursty,local_compute,True,470.96014008234124,470.96014008234124
direct_coherent_all_shared,hist_gradient_boosting,debounced_offline,78c3115c2a709cd8c555,victim_0034,1,phase_any,4,16958.909792595652,local_compute,dense_remote,17040.0,local_compute,sparse_remote,True,81.0902074043479,81.0902074043479
direct_coherent_all_shared,hist_gradient_boosting,debounced_offline,78c3115c2a709cd8c555,victim_0034,1,remote_on_off,0,2584.983901882975,dense_remote,local_compute,3180.0,dense_remote,local_compute,True,595.0160981170252,595.0160981170252
direct_coherent_all_shared,hist_gradient_boosting,debounced_offline,78c3115c2a709cd8c555,victim_0034,1,remote_on_off,1,5207.092213312335,local_compute,sparse_remote,5280.0,local_compute,dense_remote,True,72.90778668766507,72.90778668766507
direct_coherent_all_shared,hist_gradient_boosting,debounced_offline,78c3115c2a709cd8c555,victim_0034,1,remote_on_off,3,11529.039859917659,synchronization_bursty,local_compute,12000.0,synchronization_bursty,local_compute,True,470.96014008234124,470.96014008234124
direct_coherent_all_shared,hist_gradient_boosting,debounced_offline,78c3115c2a709cd8c555,victim_0034,1,remote_on_off,4,16958.909792595652,local_compute,dense_remote,17040.0,local_compute,sparse_remote,True,81.0902074043479,81.0902074043479
direct_coherent_all_shared,hist_gradient_boosting,debounced_offline,7cb6f3fc675a160eca58,victim_0022,0,phase_exact,0,3282.393742262545,synchronization_bursty,sparse_remote,,,,False,,
direct_coherent_all_shared,hist_gradient_boosting,debounced_offline,7cb6f3fc675a160eca58,victim_0022,0,phase_exact,1,6879.426857186192,sparse_remote,dense_remote,,,,False,,
direct_coherent_all_shared,hist_gradient_boosting,debounced_offline,7cb6f3fc675a160eca58,victim_0022,0,phase_exact,2,9968.001637570029,dense_remote,local_compute,,,,False,,
direct_coherent_all_shared,hist_gradient_boosting,debounced_offline,7cb6f3fc675a160eca58,victim_0022,0,phase_exact,3,14339.419944693838,local_compute,dense_remote,,,,False,,
direct_coherent_all_shared,hist_gradient_boosting,debounced_offline,7cb6f3fc675a160eca58,victim_0022,0,phase_exact,4,16767.069757922298,dense_remote,synchronization_bursty,,,,False,,
direct_coherent_all_shared,hist_gradient_boosting,debounced_offline,7cb6f3fc675a160eca58,victim_0022,0,phase_any,0,3282.393742262545,synchronization_bursty,sparse_remote,3600.0,synchronization_bursty,dense_remote,True,317.60625773745505,317.60625773745505
direct_coherent_all_shared,hist_gradient_boosting,debounced_offline,7cb6f3fc675a160eca58,victim_0022,0,phase_any,1,6879.426857186192,sparse_remote,dense_remote,6960.0,sparse_remote,synchronization_bursty,True,80.57314281380786,80.57314281380786
direct_coherent_all_shared,hist_gradient_boosting,debounced_offline,7cb6f3fc675a160eca58,victim_0022,0,phase_any,2,9968.001637570029,dense_remote,local_compute,10740.0,dense_remote,sparse_remote,True,771.9983624299712,771.9983624299712
direct_coherent_all_shared,hist_gradient_boosting,debounced_offline,7cb6f3fc675a160eca58,victim_0022,0,phase_any,3,14339.419944693838,local_compute,dense_remote,14520.0,local_compute,sparse_remote,True,180.58005530616174,180.58005530616174
direct_coherent_all_shared,hist_gradient_boosting,debounced_offline,7cb6f3fc675a160eca58,victim_0022,0,phase_any,4,16767.069757922298,dense_remote,synchronization_bursty,16620.0,dense_remote,sparse_remote,True,-147.06975792229787,147.06975792229787
direct_coherent_all_shared,hist_gradient_boosting,debounced_offline,7cb6f3fc675a160eca58,victim_0022,0,remote_on_off,2,9968.001637570029,dense_remote,local_compute,,,,False,,
direct_coherent_all_shared,hist_gradient_boosting,debounced_offline,7cb6f3fc675a160eca58,victim_0022,0,remote_on_off,3,14339.419944693838,local_compute,dense_remote,14520.0,local_compute,sparse_remote,True,180.58005530616174,180.58005530616174
direct_coherent_all_shared,hist_gradient_boosting,debounced_offline,7e996bcfa8694dc00cb1,victim_0020,1,phase_exact,0,3945.197190413731,dense_remote,local_compute,,,,False,,
direct_coherent_all_shared,hist_gradient_boosting,debounced_offline,7e996bcfa8694dc00cb1,victim_0020,1,phase_exact,1,8519.38861505275,local_compute,synchronization_bursty,8640.0,local_compute,synchronization_bursty,True,120.61138494724946,120.61138494724946
direct_coherent_all_shared,hist_gradient_boosting,debounced_offline,7e996bcfa8694dc00cb1,victim_0020,1,phase_exact,2,13972.618573212338,synchronization_bursty,local_compute,14520.0,synchronization_bursty,local_compute,True,547.3814267876623,547.3814267876623
direct_coherent_all_shared,hist_gradient_boosting,debounced_offline,7e996bcfa8694dc00cb1,victim_0020,1,phase_exact,3,17384.940617006945,local_compute,sparse_remote,,,,False,,
direct_coherent_all_shared,hist_gradient_boosting,debounced_offline,7e996bcfa8694dc00cb1,victim_0020,1,phase_any,0,3945.197190413731,dense_remote,local_compute,3600.0,dense_remote,sparse_remote,True,-345.1971904137308,345.1971904137308
direct_coherent_all_shared,hist_gradient_boosting,debounced_offline,7e996bcfa8694dc00cb1,victim_0020,1,phase_any,1,8519.38861505275,local_compute,synchronization_bursty,8640.0,local_compute,synchronization_bursty,True,120.61138494724946,120.61138494724946
direct_coherent_all_shared,hist_gradient_boosting,debounced_offline,7e996bcfa8694dc00cb1,victim_0020,1,phase_any,2,13972.618573212338,synchronization_bursty,local_compute,14520.0,synchronization_bursty,local_compute,True,547.3814267876623,547.3814267876623
direct_coherent_all_shared,hist_gradient_boosting,debounced_offline,7e996bcfa8694dc00cb1,victim_0020,1,phase_any,3,17384.940617006945,local_compute,sparse_remote,17460.0,synchronization_bursty,sparse_remote,True,75.0593829930549,75.0593829930549
direct_coherent_all_shared,hist_gradient_boosting,debounced_offline,7e996bcfa8694dc00cb1,victim_0020,1,remote_on_off,0,3945.197190413731,dense_remote,local_compute,,,,False,,
direct_coherent_all_shared,hist_gradient_boosting,debounced_offline,7e996bcfa8694dc00cb1,victim_0020,1,remote_on_off,1,8519.38861505275,local_compute,synchronization_bursty,8640.0,local_compute,synchronization_bursty,True,120.61138494724946,120.61138494724946
direct_coherent_all_shared,hist_gradient_boosting,debounced_offline,7e996bcfa8694dc00cb1,victim_0020,1,remote_on_off,2,13972.618573212338,synchronization_bursty,local_compute,14520.0,synchronization_bursty,local_compute,True,547.3814267876623,547.3814267876623
direct_coherent_all_shared,hist_gradient_boosting,debounced_offline,7e996bcfa8694dc00cb1,victim_0020,1,remote_on_off,3,17384.940617006945,local_compute,sparse_remote,17040.0,local_compute,synchronization_bursty,True,-344.9406170069451,344.9406170069451
direct_coherent_all_shared,hist_gradient_boosting,debounced_offline,8b7dc1f95258bba97d4d,victim_0010,1,phase_exact,0,3799.0914558502673,local_compute,dense_remote,4020.0,local_compute,dense_remote,True,220.90854414973273,220.90854414973273
direct_coherent_all_shared,hist_gradient_boosting,debounced_offline,8b7dc1f95258bba97d4d,victim_0010,1,phase_exact,1,7177.584870190105,dense_remote,sparse_remote,,,,False,,
direct_coherent_all_shared,hist_gradient_boosting,debounced_offline,8b7dc1f95258bba97d4d,victim_0010,1,phase_exact,2,9864.380078273627,sparse_remote,synchronization_bursty,9900.0,sparse_remote,synchronization_bursty,True,35.61992172637292,35.61992172637292
direct_coherent_all_shared,hist_gradient_boosting,debounced_offline,8b7dc1f95258bba97d4d,victim_0010,1,phase_exact,3,12803.703036780968,synchronization_bursty,dense_remote,13260.0,synchronization_bursty,dense_remote,True,456.2969632190325,456.2969632190325
direct_coherent_all_shared,hist_gradient_boosting,debounced_offline,8b7dc1f95258bba97d4d,victim_0010,1,phase_exact,4,15204.780045932635,dense_remote,synchronization_bursty,15360.0,dense_remote,synchronization_bursty,True,155.2199540673646,155.2199540673646
direct_coherent_all_shared,hist_gradient_boosting,debounced_offline,8b7dc1f95258bba97d4d,victim_0010,1,phase_any,0,3799.0914558502673,local_compute,dense_remote,4020.0,local_compute,dense_remote,True,220.90854414973273,220.90854414973273
direct_coherent_all_shared,hist_gradient_boosting,debounced_offline,8b7dc1f95258bba97d4d,victim_0010,1,phase_any,1,7177.584870190105,dense_remote,sparse_remote,,,,False,,
direct_coherent_all_shared,hist_gradient_boosting,debounced_offline,8b7dc1f95258bba97d4d,victim_0010,1,phase_any,2,9864.380078273627,sparse_remote,synchronization_bursty,9900.0,sparse_remote,synchronization_bursty,True,35.61992172637292,35.61992172637292
direct_coherent_all_shared,hist_gradient_boosting,debounced_offline,8b7dc1f95258bba97d4d,victim_0010,1,phase_any,3,12803.703036780968,synchronization_bursty,dense_remote,13260.0,synchronization_bursty,dense_remote,True,456.2969632190325,456.2969632190325
direct_coherent_all_shared,hist_gradient_boosting,debounced_offline,8b7dc1f95258bba97d4d,victim_0010,1,phase_any,4,15204.780045932635,dense_remote,synchronization_bursty,15360.0,dense_remote,synchronization_bursty,True,155.2199540673646,155.2199540673646
direct_coherent_all_shared,hist_gradient_boosting,debounced_offline,8b7dc1f95258bba97d4d,victim_0010,1,remote_on_off,0,3799.0914558502673,local_compute,dense_remote,4020.0,local_compute,dense_remote,True,220.90854414973273,220.90854414973273
direct_coherent_all_shared,hist_gradient_boosting,debounced_offline,a52580e2d76ee68258b2,victim_0002,0,phase_exact,0,4128.836103055568,sparse_remote,synchronization_bursty,4440.0,sparse_remote,synchronization_bursty,True,311.16389694443205,311.16389694443205
direct_coherent_all_shared,hist_gradient_boosting,debounced_offline,a52580e2d76ee68258b2,victim_0002,0,phase_exact,1,8090.9366784642525,synchronization_bursty,local_compute,7800.0,synchronization_bursty,local_compute,True,-290.9366784642525,290.9366784642525
direct_coherent_all_shared,hist_gradient_boosting,debounced_offline,a52580e2d76ee68258b2,victim_0002,0,phase_exact,2,11252.308935390323,local_compute,dense_remote,11580.0,local_compute,dense_remote,True,327.6910646096767,327.6910646096767
direct_coherent_all_shared,hist_gradient_boosting,debounced_offline,a52580e2d76ee68258b2,victim_0002,0,phase_exact,3,14243.601544682242,dense_remote,sparse_remote,,,,False,,
direct_coherent_all_shared,hist_gradient_boosting,debounced_offline,a52580e2d76ee68258b2,victim_0002,0,phase_any,0,4128.836103055568,sparse_remote,synchronization_bursty,4440.0,sparse_remote,synchronization_bursty,True,311.16389694443205,311.16389694443205
direct_coherent_all_shared,hist_gradient_boosting,debounced_offline,a52580e2d76ee68258b2,victim_0002,0,phase_any,1,8090.9366784642525,synchronization_bursty,local_compute,7800.0,synchronization_bursty,local_compute,True,-290.9366784642525,290.9366784642525
direct_coherent_all_shared,hist_gradient_boosting,debounced_offline,a52580e2d76ee68258b2,victim_0002,0,phase_any,2,11252.308935390323,local_compute,dense_remote,11580.0,local_compute,dense_remote,True,327.6910646096767,327.6910646096767
direct_coherent_all_shared,hist_gradient_boosting,debounced_offline,a52580e2d76ee68258b2,victim_0002,0,phase_any,3,14243.601544682242,dense_remote,sparse_remote,,,,False,,
direct_coherent_all_shared,hist_gradient_boosting,debounced_offline,a52580e2d76ee68258b2,victim_0002,0,remote_on_off,1,8090.9366784642525,synchronization_bursty,local_compute,7800.0,synchronization_bursty,local_compute,True,-290.9366784642525,290.9366784642525
direct_coherent_all_shared,hist_gradient_boosting,debounced_offline,a52580e2d76ee68258b2,victim_0002,0,remote_on_off,2,11252.308935390323,local_compute,dense_remote,11580.0,local_compute,dense_remote,True,327.6910646096767,327.6910646096767
direct_coherent_all_shared,hist_gradient_boosting,debounced_offline,bc79906fd50c83274bf5,victim_0035,1,phase_exact,0,5666.796589479767,sparse_remote,synchronization_bursty,6120.0,sparse_remote,synchronization_bursty,True,453.20341052023286,453.20341052023286
direct_coherent_all_shared,hist_gradient_boosting,debounced_offline,bc79906fd50c83274bf5,victim_0035,1,phase_exact,1,11193.313605806132,synchronization_bursty,dense_remote,11580.0,synchronization_bursty,dense_remote,True,386.6863941938682,386.6863941938682
direct_coherent_all_shared,hist_gradient_boosting,debounced_offline,bc79906fd50c83274bf5,victim_0035,1,phase_exact,2,13748.01001582324,dense_remote,sparse_remote,13260.0,dense_remote,sparse_remote,True,-488.0100158232399,488.0100158232399
direct_coherent_all_shared,hist_gradient_boosting,debounced_offline,bc79906fd50c83274bf5,victim_0035,1,phase_exact,3,16408.670686815945,sparse_remote,local_compute,,,,False,,
direct_coherent_all_shared,hist_gradient_boosting,debounced_offline,bc79906fd50c83274bf5,victim_0035,1,phase_any,0,5666.796589479767,sparse_remote,synchronization_bursty,6120.0,sparse_remote,synchronization_bursty,True,453.20341052023286,453.20341052023286
direct_coherent_all_shared,hist_gradient_boosting,debounced_offline,bc79906fd50c83274bf5,victim_0035,1,phase_any,1,11193.313605806132,synchronization_bursty,dense_remote,11580.0,synchronization_bursty,dense_remote,True,386.6863941938682,386.6863941938682
direct_coherent_all_shared,hist_gradient_boosting,debounced_offline,bc79906fd50c83274bf5,victim_0035,1,phase_any,2,13748.01001582324,dense_remote,sparse_remote,13260.0,dense_remote,sparse_remote,True,-488.0100158232399,488.0100158232399
direct_coherent_all_shared,hist_gradient_boosting,debounced_offline,bc79906fd50c83274bf5,victim_0035,1,phase_any,3,16408.670686815945,sparse_remote,local_compute,,,,False,,
direct_coherent_all_shared,hist_gradient_boosting,debounced_offline,bc79906fd50c83274bf5,victim_0035,1,remote_on_off,3,16408.670686815945,sparse_remote,local_compute,,,,False,,
direct_coherent_all_shared,hist_gradient_boosting,debounced_offline,d9d26f0c3415d24edf4b,victim_0003,1,phase_exact,0,3184.1511702802213,local_compute,sparse_remote,,,,False,,
direct_coherent_all_shared,hist_gradient_boosting,debounced_offline,d9d26f0c3415d24edf4b,victim_0003,1,phase_exact,1,8137.308551850549,sparse_remote,dense_remote,8640.0,sparse_remote,dense_remote,True,502.6914481494514,502.6914481494514
direct_coherent_all_shared,hist_gradient_boosting,debounced_offline,d9d26f0c3415d24edf4b,victim_0003,1,phase_exact,2,11766.900719130488,dense_remote,sparse_remote,,,,False,,
direct_coherent_all_shared,hist_gradient_boosting,debounced_offline,d9d26f0c3415d24edf4b,victim_0003,1,phase_exact,3,16533.76894948869,sparse_remote,synchronization_bursty,16620.0,sparse_remote,synchronization_bursty,True,86.23105051130915,86.23105051130915
direct_coherent_all_shared,hist_gradient_boosting,debounced_offline,d9d26f0c3415d24edf4b,victim_0003,1,phase_any,0,3184.1511702802213,local_compute,sparse_remote,3180.0,local_compute,synchronization_bursty,True,-4.151170280221322,4.151170280221322
direct_coherent_all_shared,hist_gradient_boosting,debounced_offline,d9d26f0c3415d24edf4b,victim_0003,1,phase_any,1,8137.308551850549,sparse_remote,dense_remote,8640.0,sparse_remote,dense_remote,True,502.6914481494514,502.6914481494514
direct_coherent_all_shared,hist_gradient_boosting,debounced_offline,d9d26f0c3415d24edf4b,victim_0003,1,phase_any,2,11766.900719130488,dense_remote,sparse_remote,,,,False,,
direct_coherent_all_shared,hist_gradient_boosting,debounced_offline,d9d26f0c3415d24edf4b,victim_0003,1,phase_any,3,16533.76894948869,sparse_remote,synchronization_bursty,16620.0,sparse_remote,synchronization_bursty,True,86.23105051130915,86.23105051130915
direct_coherent_all_shared,hist_gradient_boosting,debounced_offline,d9d26f0c3415d24edf4b,victim_0003,1,remote_on_off,0,3184.1511702802213,local_compute,sparse_remote,3180.0,local_compute,synchronization_bursty,True,-4.151170280221322,4.151170280221322
direct_coherent_all_shared,hist_gradient_boosting,debounced_offline,dd445dce99cbf4e9fc71,victim_0031,0,phase_exact,0,4159.949493759739,local_compute,dense_remote,4440.0,local_compute,dense_remote,True,280.0505062402608,280.0505062402608
direct_coherent_all_shared,hist_gradient_boosting,debounced_offline,dd445dce99cbf4e9fc71,victim_0031,0,phase_exact,1,8524.953030037665,dense_remote,sparse_remote,7800.0,dense_remote,sparse_remote,True,-724.9530300376646,724.9530300376646
direct_coherent_all_shared,hist_gradient_boosting,debounced_offline,dd445dce99cbf4e9fc71,victim_0031,0,phase_exact,2,11172.11201804374,sparse_remote,synchronization_bursty,11580.0,sparse_remote,synchronization_bursty,True,407.8879819562608,407.8879819562608
direct_coherent_all_shared,hist_gradient_boosting,debounced_offline,dd445dce99cbf4e9fc71,victim_0031,0,phase_exact,3,14427.950477163511,synchronization_bursty,dense_remote,,,,False,,
direct_coherent_all_shared,hist_gradient_boosting,debounced_offline,dd445dce99cbf4e9fc71,victim_0031,0,phase_exact,4,17846.27700177856,dense_remote,local_compute,,,,False,,
direct_coherent_all_shared,hist_gradient_boosting,debounced_offline,dd445dce99cbf4e9fc71,victim_0031,0,phase_any,0,4159.949493759739,local_compute,dense_remote,4440.0,local_compute,dense_remote,True,280.0505062402608,280.0505062402608
direct_coherent_all_shared,hist_gradient_boosting,debounced_offline,dd445dce99cbf4e9fc71,victim_0031,0,phase_any,1,8524.953030037665,dense_remote,sparse_remote,7800.0,dense_remote,sparse_remote,True,-724.9530300376646,724.9530300376646
direct_coherent_all_shared,hist_gradient_boosting,debounced_offline,dd445dce99cbf4e9fc71,victim_0031,0,phase_any,2,11172.11201804374,sparse_remote,synchronization_bursty,11580.0,sparse_remote,synchronization_bursty,True,407.8879819562608,407.8879819562608
direct_coherent_all_shared,hist_gradient_boosting,debounced_offline,dd445dce99cbf4e9fc71,victim_0031,0,phase_any,3,14427.950477163511,synchronization_bursty,dense_remote,,,,False,,
direct_coherent_all_shared,hist_gradient_boosting,debounced_offline,dd445dce99cbf4e9fc71,victim_0031,0,phase_any,4,17846.27700177856,dense_remote,local_compute,,,,False,,
direct_coherent_all_shared,hist_gradient_boosting,debounced_offline,dd445dce99cbf4e9fc71,victim_0031,0,remote_on_off,0,4159.949493759739,local_compute,dense_remote,4440.0,local_compute,dense_remote,True,280.0505062402608,280.0505062402608
direct_coherent_all_shared,hist_gradient_boosting,debounced_offline,dd445dce99cbf4e9fc71,victim_0031,0,remote_on_off,4,17846.27700177856,dense_remote,local_compute,,,,False,,
direct_coherent_all_shared,hist_gradient_boosting,debounced_offline,e6c7d63e8d95dda1f2c2,victim_0031,1,phase_exact,0,4159.949493759739,local_compute,dense_remote,4440.0,local_compute,dense_remote,True,280.0505062402608,280.0505062402608
direct_coherent_all_shared,hist_gradient_boosting,debounced_offline,e6c7d63e8d95dda1f2c2,victim_0031,1,phase_exact,1,8524.953030037665,dense_remote,sparse_remote,7800.0,dense_remote,sparse_remote,True,-724.9530300376646,724.9530300376646
direct_coherent_all_shared,hist_gradient_boosting,debounced_offline,e6c7d63e8d95dda1f2c2,victim_0031,1,phase_exact,2,11172.11201804374,sparse_remote,synchronization_bursty,,,,False,,
direct_coherent_all_shared,hist_gradient_boosting,debounced_offline,e6c7d63e8d95dda1f2c2,victim_0031,1,phase_exact,3,14427.950477163511,synchronization_bursty,dense_remote,,,,False,,
direct_coherent_all_shared,hist_gradient_boosting,debounced_offline,e6c7d63e8d95dda1f2c2,victim_0031,1,phase_exact,4,17846.27700177856,dense_remote,local_compute,,,,False,,
direct_coherent_all_shared,hist_gradient_boosting,debounced_offline,e6c7d63e8d95dda1f2c2,victim_0031,1,phase_any,0,4159.949493759739,local_compute,dense_remote,4440.0,local_compute,dense_remote,True,280.0505062402608,280.0505062402608
direct_coherent_all_shared,hist_gradient_boosting,debounced_offline,e6c7d63e8d95dda1f2c2,victim_0031,1,phase_any,1,8524.953030037665,dense_remote,sparse_remote,7800.0,dense_remote,sparse_remote,True,-724.9530300376646,724.9530300376646
direct_coherent_all_shared,hist_gradient_boosting,debounced_offline,e6c7d63e8d95dda1f2c2,victim_0031,1,phase_any,2,11172.11201804374,sparse_remote,synchronization_bursty,11160.0,local_compute,synchronization_bursty,True,-12.112018043739226,12.112018043739226
direct_coherent_all_shared,hist_gradient_boosting,debounced_offline,e6c7d63e8d95dda1f2c2,victim_0031,1,phase_any,3,14427.950477163511,synchronization_bursty,dense_remote,,,,False,,
direct_coherent_all_shared,hist_gradient_boosting,debounced_offline,e6c7d63e8d95dda1f2c2,victim_0031,1,phase_any,4,17846.27700177856,dense_remote,local_compute,18300.0,dense_remote,sparse_remote,True,453.72299822144123,453.72299822144123
direct_coherent_all_shared,hist_gradient_boosting,debounced_offline,e6c7d63e8d95dda1f2c2,victim_0031,1,remote_on_off,0,4159.949493759739,local_compute,dense_remote,4440.0,local_compute,dense_remote,True,280.0505062402608,280.0505062402608
direct_coherent_all_shared,hist_gradient_boosting,debounced_offline,e6c7d63e8d95dda1f2c2,victim_0031,1,remote_on_off,4,17846.27700177856,dense_remote,local_compute,,,,False,,
direct_coherent_all_shared,hist_gradient_boosting,debounced_offline,e7639a00c9ac6ae3c669,victim_0008,0,phase_exact,0,2978.015688481845,synchronization_bursty,dense_remote,,,,False,,
direct_coherent_all_shared,hist_gradient_boosting,debounced_offline,e7639a00c9ac6ae3c669,victim_0008,0,phase_exact,1,6468.965710581726,dense_remote,sparse_remote,,,,False,,
direct_coherent_all_shared,hist_gradient_boosting,debounced_offline,e7639a00c9ac6ae3c669,victim_0008,0,phase_exact,2,11679.055663519011,sparse_remote,local_compute,,,,False,,
direct_coherent_all_shared,hist_gradient_boosting,debounced_offline,e7639a00c9ac6ae3c669,victim_0008,0,phase_exact,3,16457.887331498667,local_compute,dense_remote,16620.0,local_compute,dense_remote,True,162.11266850133325,162.11266850133325
direct_coherent_all_shared,hist_gradient_boosting,debounced_offline,e7639a00c9ac6ae3c669,victim_0008,0,phase_any,0,2978.015688481845,synchronization_bursty,dense_remote,,,,False,,
direct_coherent_all_shared,hist_gradient_boosting,debounced_offline,e7639a00c9ac6ae3c669,victim_0008,0,phase_any,1,6468.965710581726,dense_remote,sparse_remote,,,,False,,
direct_coherent_all_shared,hist_gradient_boosting,debounced_offline,e7639a00c9ac6ae3c669,victim_0008,0,phase_any,2,11679.055663519011,sparse_remote,local_compute,,,,False,,
direct_coherent_all_shared,hist_gradient_boosting,debounced_offline,e7639a00c9ac6ae3c669,victim_0008,0,phase_any,3,16457.887331498667,local_compute,dense_remote,16620.0,local_compute,dense_remote,True,162.11266850133325,162.11266850133325
direct_coherent_all_shared,hist_gradient_boosting,debounced_offline,e7639a00c9ac6ae3c669,victim_0008,0,remote_on_off,2,11679.055663519011,sparse_remote,local_compute,,,,False,,
direct_coherent_all_shared,hist_gradient_boosting,debounced_offline,e7639a00c9ac6ae3c669,victim_0008,0,remote_on_off,3,16457.887331498667,local_compute,dense_remote,16620.0,local_compute,dense_remote,True,162.11266850133325,162.11266850133325
direct_coherent_all_shared,hist_gradient_boosting,debounced_offline,f9abaf95dce2b8c722c4,victim_0006,0,phase_exact,0,3868.292651126604,sparse_remote,local_compute,,,,False,,
direct_coherent_all_shared,hist_gradient_boosting,debounced_offline,f9abaf95dce2b8c722c4,victim_0006,0,phase_exact,1,8142.9548099510275,local_compute,sparse_remote,,,,False,,
direct_coherent_all_shared,hist_gradient_boosting,debounced_offline,f9abaf95dce2b8c722c4,victim_0006,0,phase_exact,2,10850.749623475784,sparse_remote,synchronization_bursty,11160.0,sparse_remote,synchronization_bursty,True,309.25037652421634,309.25037652421634
direct_coherent_all_shared,hist_gradient_boosting,debounced_offline,f9abaf95dce2b8c722c4,victim_0006,0,phase_exact,3,13905.834588475289,synchronization_bursty,dense_remote,,,,False,,
direct_coherent_all_shared,hist_gradient_boosting,debounced_offline,f9abaf95dce2b8c722c4,victim_0006,0,phase_any,0,3868.292651126604,sparse_remote,local_compute,4020.0,dense_remote,local_compute,True,151.70734887339586,151.70734887339586
direct_coherent_all_shared,hist_gradient_boosting,debounced_offline,f9abaf95dce2b8c722c4,victim_0006,0,phase_any,1,8142.9548099510275,local_compute,sparse_remote,8220.0,local_compute,dense_remote,True,77.04519004897247,77.04519004897247
direct_coherent_all_shared,hist_gradient_boosting,debounced_offline,f9abaf95dce2b8c722c4,victim_0006,0,phase_any,2,10850.749623475784,sparse_remote,synchronization_bursty,11160.0,sparse_remote,synchronization_bursty,True,309.25037652421634,309.25037652421634
direct_coherent_all_shared,hist_gradient_boosting,debounced_offline,f9abaf95dce2b8c722c4,victim_0006,0,phase_any,3,13905.834588475289,synchronization_bursty,dense_remote,,,,False,,
direct_coherent_all_shared,hist_gradient_boosting,debounced_offline,f9abaf95dce2b8c722c4,victim_0006,0,remote_on_off,0,3868.292651126604,sparse_remote,local_compute,4020.0,dense_remote,local_compute,True,151.70734887339586,151.70734887339586
direct_coherent_all_shared,hist_gradient_boosting,debounced_offline,f9abaf95dce2b8c722c4,victim_0006,0,remote_on_off,1,8142.9548099510275,local_compute,sparse_remote,8220.0,local_compute,dense_remote,True,77.04519004897247,77.04519004897247
direct_coherent_all_shared,hist_gradient_boosting,raw_online,037992cac1ae1a38156a,victim_0020,0,phase_exact,0,3945.197190413731,dense_remote,local_compute,4020.0,dense_remote,local_compute,True,74.80280958626918,74.80280958626918
direct_coherent_all_shared,hist_gradient_boosting,raw_online,037992cac1ae1a38156a,victim_0020,0,phase_exact,1,8519.38861505275,local_compute,synchronization_bursty,8640.0,local_compute,synchronization_bursty,True,120.61138494724946,120.61138494724946
direct_coherent_all_shared,hist_gradient_boosting,raw_online,037992cac1ae1a38156a,victim_0020,0,phase_exact,2,13972.618573212338,synchronization_bursty,local_compute,14520.0,synchronization_bursty,local_compute,True,547.3814267876623,547.3814267876623
direct_coherent_all_shared,hist_gradient_boosting,raw_online,037992cac1ae1a38156a,victim_0020,0,phase_exact,3,17384.940617006945,local_compute,sparse_remote,,,,False,,
direct_coherent_all_shared,hist_gradient_boosting,raw_online,037992cac1ae1a38156a,victim_0020,0,phase_any,0,3945.197190413731,dense_remote,local_compute,4020.0,dense_remote,local_compute,True,74.80280958626918,74.80280958626918
direct_coherent_all_shared,hist_gradient_boosting,raw_online,037992cac1ae1a38156a,victim_0020,0,phase_any,1,8519.38861505275,local_compute,synchronization_bursty,8640.0,local_compute,synchronization_bursty,True,120.61138494724946,120.61138494724946
direct_coherent_all_shared,hist_gradient_boosting,raw_online,037992cac1ae1a38156a,victim_0020,0,phase_any,2,13972.618573212338,synchronization_bursty,local_compute,14520.0,synchronization_bursty,local_compute,True,547.3814267876623,547.3814267876623
direct_coherent_all_shared,hist_gradient_boosting,raw_online,037992cac1ae1a38156a,victim_0020,0,phase_any,3,17384.940617006945,local_compute,sparse_remote,17460.0,local_compute,dense_remote,True,75.0593829930549,75.0593829930549
direct_coherent_all_shared,hist_gradient_boosting,raw_online,037992cac1ae1a38156a,victim_0020,0,remote_on_off,0,3945.197190413731,dense_remote,local_compute,4020.0,dense_remote,local_compute,True,74.80280958626918,74.80280958626918
direct_coherent_all_shared,hist_gradient_boosting,raw_online,037992cac1ae1a38156a,victim_0020,0,remote_on_off,1,8519.38861505275,local_compute,synchronization_bursty,8640.0,local_compute,synchronization_bursty,True,120.61138494724946,120.61138494724946
direct_coherent_all_shared,hist_gradient_boosting,raw_online,037992cac1ae1a38156a,victim_0020,0,remote_on_off,2,13972.618573212338,synchronization_bursty,local_compute,14520.0,synchronization_bursty,local_compute,True,547.3814267876623,547.3814267876623
direct_coherent_all_shared,hist_gradient_boosting,raw_online,037992cac1ae1a38156a,victim_0020,0,remote_on_off,3,17384.940617006945,local_compute,sparse_remote,17460.0,local_compute,dense_remote,True,75.0593829930549,75.0593829930549
direct_coherent_all_shared,hist_gradient_boosting,raw_online,0dc93c37bd6c52638ff9,victim_0003,0,phase_exact,0,3184.1511702802213,local_compute,sparse_remote,,,,False,,
direct_coherent_all_shared,hist_gradient_boosting,raw_online,0dc93c37bd6c52638ff9,victim_0003,0,phase_exact,1,8137.308551850549,sparse_remote,dense_remote,8640.0,sparse_remote,dense_remote,True,502.6914481494514,502.6914481494514
direct_coherent_all_shared,hist_gradient_boosting,raw_online,0dc93c37bd6c52638ff9,victim_0003,0,phase_exact,2,11766.900719130488,dense_remote,sparse_remote,12000.0,dense_remote,sparse_remote,True,233.09928086951186,233.09928086951186
direct_coherent_all_shared,hist_gradient_boosting,raw_online,0dc93c37bd6c52638ff9,victim_0003,0,phase_exact,3,16533.76894948869,sparse_remote,synchronization_bursty,15780.0,sparse_remote,synchronization_bursty,True,-753.7689494886909,753.7689494886909
direct_coherent_all_shared,hist_gradient_boosting,raw_online,0dc93c37bd6c52638ff9,victim_0003,0,phase_any,0,3184.1511702802213,local_compute,sparse_remote,3600.0,local_compute,dense_remote,True,415.8488297197787,415.8488297197787
direct_coherent_all_shared,hist_gradient_boosting,raw_online,0dc93c37bd6c52638ff9,victim_0003,0,phase_any,1,8137.308551850549,sparse_remote,dense_remote,8640.0,sparse_remote,dense_remote,True,502.6914481494514,502.6914481494514
direct_coherent_all_shared,hist_gradient_boosting,raw_online,0dc93c37bd6c52638ff9,victim_0003,0,phase_any,2,11766.900719130488,dense_remote,sparse_remote,12000.0,dense_remote,sparse_remote,True,233.09928086951186,233.09928086951186
direct_coherent_all_shared,hist_gradient_boosting,raw_online,0dc93c37bd6c52638ff9,victim_0003,0,phase_any,3,16533.76894948869,sparse_remote,synchronization_bursty,16620.0,sparse_remote,dense_remote,True,86.23105051130915,86.23105051130915
direct_coherent_all_shared,hist_gradient_boosting,raw_online,0dc93c37bd6c52638ff9,victim_0003,0,remote_on_off,0,3184.1511702802213,local_compute,sparse_remote,3600.0,local_compute,dense_remote,True,415.8488297197787,415.8488297197787
direct_coherent_all_shared,hist_gradient_boosting,raw_online,1d612afddb5a14c10508,victim_0022,1,phase_exact,0,3282.393742262545,synchronization_bursty,sparse_remote,,,,False,,
direct_coherent_all_shared,hist_gradient_boosting,raw_online,1d612afddb5a14c10508,victim_0022,1,phase_exact,1,6879.426857186192,sparse_remote,dense_remote,6960.0,sparse_remote,dense_remote,True,80.57314281380786,80.57314281380786
direct_coherent_all_shared,hist_gradient_boosting,raw_online,1d612afddb5a14c10508,victim_0022,1,phase_exact,2,9968.001637570029,dense_remote,local_compute,,,,False,,
direct_coherent_all_shared,hist_gradient_boosting,raw_online,1d612afddb5a14c10508,victim_0022,1,phase_exact,3,14339.419944693838,local_compute,dense_remote,,,,False,,
direct_coherent_all_shared,hist_gradient_boosting,raw_online,1d612afddb5a14c10508,victim_0022,1,phase_exact,4,16767.069757922298,dense_remote,synchronization_bursty,17040.0,dense_remote,synchronization_bursty,True,272.93024207770213,272.93024207770213
direct_coherent_all_shared,hist_gradient_boosting,raw_online,1d612afddb5a14c10508,victim_0022,1,phase_any,0,3282.393742262545,synchronization_bursty,sparse_remote,,,,False,,
direct_coherent_all_shared,hist_gradient_boosting,raw_online,1d612afddb5a14c10508,victim_0022,1,phase_any,1,6879.426857186192,sparse_remote,dense_remote,6960.0,sparse_remote,dense_remote,True,80.57314281380786,80.57314281380786
direct_coherent_all_shared,hist_gradient_boosting,raw_online,1d612afddb5a14c10508,victim_0022,1,phase_any,2,9968.001637570029,dense_remote,local_compute,10320.0,dense_remote,sparse_remote,True,351.99836242997117,351.99836242997117
direct_coherent_all_shared,hist_gradient_boosting,raw_online,1d612afddb5a14c10508,victim_0022,1,phase_any,3,14339.419944693838,local_compute,dense_remote,14520.0,local_compute,sparse_remote,True,180.58005530616174,180.58005530616174
direct_coherent_all_shared,hist_gradient_boosting,raw_online,1d612afddb5a14c10508,victim_0022,1,phase_any,4,16767.069757922298,dense_remote,synchronization_bursty,17040.0,dense_remote,synchronization_bursty,True,272.93024207770213,272.93024207770213
direct_coherent_all_shared,hist_gradient_boosting,raw_online,1d612afddb5a14c10508,victim_0022,1,remote_on_off,2,9968.001637570029,dense_remote,local_compute,10740.0,sparse_remote,local_compute,True,771.9983624299712,771.9983624299712
direct_coherent_all_shared,hist_gradient_boosting,raw_online,1d612afddb5a14c10508,victim_0022,1,remote_on_off,3,14339.419944693838,local_compute,dense_remote,14520.0,local_compute,sparse_remote,True,180.58005530616174,180.58005530616174
direct_coherent_all_shared,hist_gradient_boosting,raw_online,3a4b2d0ca7b922922f3c,victim_0010,0,phase_exact,0,3799.0914558502673,local_compute,dense_remote,4020.0,local_compute,dense_remote,True,220.90854414973273,220.90854414973273
direct_coherent_all_shared,hist_gradient_boosting,raw_online,3a4b2d0ca7b922922f3c,victim_0010,0,phase_exact,1,7177.584870190105,dense_remote,sparse_remote,7380.0,dense_remote,sparse_remote,True,202.415129809895,202.415129809895
direct_coherent_all_shared,hist_gradient_boosting,raw_online,3a4b2d0ca7b922922f3c,victim_0010,0,phase_exact,2,9864.380078273627,sparse_remote,synchronization_bursty,9900.0,sparse_remote,synchronization_bursty,True,35.61992172637292,35.61992172637292
direct_coherent_all_shared,hist_gradient_boosting,raw_online,3a4b2d0ca7b922922f3c,victim_0010,0,phase_exact,3,12803.703036780968,synchronization_bursty,dense_remote,,,,False,,
direct_coherent_all_shared,hist_gradient_boosting,raw_online,3a4b2d0ca7b922922f3c,victim_0010,0,phase_exact,4,15204.780045932635,dense_remote,synchronization_bursty,15360.0,dense_remote,synchronization_bursty,True,155.2199540673646,155.2199540673646
direct_coherent_all_shared,hist_gradient_boosting,raw_online,3a4b2d0ca7b922922f3c,victim_0010,0,phase_any,0,3799.0914558502673,local_compute,dense_remote,4020.0,local_compute,dense_remote,True,220.90854414973273,220.90854414973273
direct_coherent_all_shared,hist_gradient_boosting,raw_online,3a4b2d0ca7b922922f3c,victim_0010,0,phase_any,1,7177.584870190105,dense_remote,sparse_remote,7380.0,dense_remote,sparse_remote,True,202.415129809895,202.415129809895
direct_coherent_all_shared,hist_gradient_boosting,raw_online,3a4b2d0ca7b922922f3c,victim_0010,0,phase_any,2,9864.380078273627,sparse_remote,synchronization_bursty,9900.0,sparse_remote,synchronization_bursty,True,35.61992172637292,35.61992172637292
direct_coherent_all_shared,hist_gradient_boosting,raw_online,3a4b2d0ca7b922922f3c,victim_0010,0,phase_any,3,12803.703036780968,synchronization_bursty,dense_remote,,,,False,,
direct_coherent_all_shared,hist_gradient_boosting,raw_online,3a4b2d0ca7b922922f3c,victim_0010,0,phase_any,4,15204.780045932635,dense_remote,synchronization_bursty,15360.0,dense_remote,synchronization_bursty,True,155.2199540673646,155.2199540673646
direct_coherent_all_shared,hist_gradient_boosting,raw_online,3a4b2d0ca7b922922f3c,victim_0010,0,remote_on_off,0,3799.0914558502673,local_compute,dense_remote,4020.0,local_compute,dense_remote,True,220.90854414973273,220.90854414973273
direct_coherent_all_shared,hist_gradient_boosting,raw_online,42dd7cbc0b848c1a2d76,victim_0008,1,phase_exact,0,2978.015688481845,synchronization_bursty,dense_remote,3600.0,synchronization_bursty,dense_remote,True,621.9843115181552,621.9843115181552
direct_coherent_all_shared,hist_gradient_boosting,raw_online,42dd7cbc0b848c1a2d76,victim_0008,1,phase_exact,1,6468.965710581726,dense_remote,sparse_remote,,,,False,,
direct_coherent_all_shared,hist_gradient_boosting,raw_online,42dd7cbc0b848c1a2d76,victim_0008,1,phase_exact,2,11679.055663519011,sparse_remote,local_compute,12000.0,sparse_remote,local_compute,True,320.94433648098857,320.94433648098857
direct_coherent_all_shared,hist_gradient_boosting,raw_online,42dd7cbc0b848c1a2d76,victim_0008,1,phase_exact,3,16457.887331498667,local_compute,dense_remote,,,,False,,
direct_coherent_all_shared,hist_gradient_boosting,raw_online,42dd7cbc0b848c1a2d76,victim_0008,1,phase_any,0,2978.015688481845,synchronization_bursty,dense_remote,3180.0,local_compute,synchronization_bursty,True,201.9843115181552,201.9843115181552
direct_coherent_all_shared,hist_gradient_boosting,raw_online,42dd7cbc0b848c1a2d76,victim_0008,1,phase_any,1,6468.965710581726,dense_remote,sparse_remote,,,,False,,
direct_coherent_all_shared,hist_gradient_boosting,raw_online,42dd7cbc0b848c1a2d76,victim_0008,1,phase_any,2,11679.055663519011,sparse_remote,local_compute,12000.0,sparse_remote,local_compute,True,320.94433648098857,320.94433648098857
direct_coherent_all_shared,hist_gradient_boosting,raw_online,42dd7cbc0b848c1a2d76,victim_0008,1,phase_any,3,16457.887331498667,local_compute,dense_remote,16620.0,local_compute,sparse_remote,True,162.11266850133325,162.11266850133325
direct_coherent_all_shared,hist_gradient_boosting,raw_online,42dd7cbc0b848c1a2d76,victim_0008,1,remote_on_off,2,11679.055663519011,sparse_remote,local_compute,12000.0,sparse_remote,local_compute,True,320.94433648098857,320.94433648098857
direct_coherent_all_shared,hist_gradient_boosting,raw_online,42dd7cbc0b848c1a2d76,victim_0008,1,remote_on_off,3,16457.887331498667,local_compute,dense_remote,16620.0,local_compute,sparse_remote,True,162.11266850133325,162.11266850133325
direct_coherent_all_shared,hist_gradient_boosting,raw_online,4945b517489a52128b60,victim_0002,1,phase_exact,0,4128.836103055568,sparse_remote,synchronization_bursty,4440.0,sparse_remote,synchronization_bursty,True,311.16389694443205,311.16389694443205
direct_coherent_all_shared,hist_gradient_boosting,raw_online,4945b517489a52128b60,victim_0002,1,phase_exact,1,8090.9366784642525,synchronization_bursty,local_compute,8640.0,synchronization_bursty,local_compute,True,549.0633215357475,549.0633215357475
direct_coherent_all_shared,hist_gradient_boosting,raw_online,4945b517489a52128b60,victim_0002,1,phase_exact,2,11252.308935390323,local_compute,dense_remote,11580.0,local_compute,dense_remote,True,327.6910646096767,327.6910646096767
direct_coherent_all_shared,hist_gradient_boosting,raw_online,4945b517489a52128b60,victim_0002,1,phase_exact,3,14243.601544682242,dense_remote,sparse_remote,,,,False,,
direct_coherent_all_shared,hist_gradient_boosting,raw_online,4945b517489a52128b60,victim_0002,1,phase_any,0,4128.836103055568,sparse_remote,synchronization_bursty,4440.0,sparse_remote,synchronization_bursty,True,311.16389694443205,311.16389694443205
direct_coherent_all_shared,hist_gradient_boosting,raw_online,4945b517489a52128b60,victim_0002,1,phase_any,1,8090.9366784642525,synchronization_bursty,local_compute,8220.0,sparse_remote,synchronization_bursty,True,129.0633215357475,129.0633215357475
direct_coherent_all_shared,hist_gradient_boosting,raw_online,4945b517489a52128b60,victim_0002,1,phase_any,2,11252.308935390323,local_compute,dense_remote,11580.0,local_compute,dense_remote,True,327.6910646096767,327.6910646096767
direct_coherent_all_shared,hist_gradient_boosting,raw_online,4945b517489a52128b60,victim_0002,1,phase_any,3,14243.601544682242,dense_remote,sparse_remote,14940.0,dense_remote,local_compute,True,696.3984553177579,696.3984553177579
direct_coherent_all_shared,hist_gradient_boosting,raw_online,4945b517489a52128b60,victim_0002,1,remote_on_off,1,8090.9366784642525,synchronization_bursty,local_compute,8640.0,synchronization_bursty,local_compute,True,549.0633215357475,549.0633215357475
direct_coherent_all_shared,hist_gradient_boosting,raw_online,4945b517489a52128b60,victim_0002,1,remote_on_off,2,11252.308935390323,local_compute,dense_remote,11580.0,local_compute,dense_remote,True,327.6910646096767,327.6910646096767
direct_coherent_all_shared,hist_gradient_boosting,raw_online,52f65cc1f2f1d6036b0d,victim_0018,0,phase_exact,0,4823.51995045369,dense_remote,sparse_remote,5280.0,dense_remote,sparse_remote,True,456.4800495463096,456.4800495463096
direct_coherent_all_shared,hist_gradient_boosting,raw_online,52f65cc1f2f1d6036b0d,victim_0018,0,phase_exact,1,9594.047520701628,sparse_remote,synchronization_bursty,9900.0,sparse_remote,synchronization_bursty,True,305.95247929837205,305.95247929837205
direct_coherent_all_shared,hist_gradient_boosting,raw_online,52f65cc1f2f1d6036b0d,victim_0018,0,phase_exact,2,12361.950228432477,synchronization_bursty,dense_remote,,,,False,,
direct_coherent_all_shared,hist_gradient_boosting,raw_online,52f65cc1f2f1d6036b0d,victim_0018,0,phase_exact,3,16100.566304239506,dense_remote,local_compute,,,,False,,
direct_coherent_all_shared,hist_gradient_boosting,raw_online,52f65cc1f2f1d6036b0d,victim_0018,0,phase_any,0,4823.51995045369,dense_remote,sparse_remote,4860.0,sparse_remote,dense_remote,True,36.4800495463096,36.4800495463096
direct_coherent_all_shared,hist_gradient_boosting,raw_online,52f65cc1f2f1d6036b0d,victim_0018,0,phase_any,1,9594.047520701628,sparse_remote,synchronization_bursty,9900.0,sparse_remote,synchronization_bursty,True,305.95247929837205,305.95247929837205
direct_coherent_all_shared,hist_gradient_boosting,raw_online,52f65cc1f2f1d6036b0d,victim_0018,0,phase_any,2,12361.950228432477,synchronization_bursty,dense_remote,,,,False,,
direct_coherent_all_shared,hist_gradient_boosting,raw_online,52f65cc1f2f1d6036b0d,victim_0018,0,phase_any,3,16100.566304239506,dense_remote,local_compute,16620.0,dense_remote,sparse_remote,True,519.4336957604937,519.4336957604937
direct_coherent_all_shared,hist_gradient_boosting,raw_online,52f65cc1f2f1d6036b0d,victim_0018,0,remote_on_off,3,16100.566304239506,dense_remote,local_compute,,,,False,,
direct_coherent_all_shared,hist_gradient_boosting,raw_online,5f77ec93e99815ad8f64,victim_0035,0,phase_exact,0,5666.796589479767,sparse_remote,synchronization_bursty,,,,False,,
direct_coherent_all_shared,hist_gradient_boosting,raw_online,5f77ec93e99815ad8f64,victim_0035,0,phase_exact,1,11193.313605806132,synchronization_bursty,dense_remote,,,,False,,
direct_coherent_all_shared,hist_gradient_boosting,raw_online,5f77ec93e99815ad8f64,victim_0035,0,phase_exact,2,13748.01001582324,dense_remote,sparse_remote,,,,False,,
direct_coherent_all_shared,hist_gradient_boosting,raw_online,5f77ec93e99815ad8f64,victim_0035,0,phase_exact,3,16408.670686815945,sparse_remote,local_compute,,,,False,,
direct_coherent_all_shared,hist_gradient_boosting,raw_online,5f77ec93e99815ad8f64,victim_0035,0,phase_any,0,5666.796589479767,sparse_remote,synchronization_bursty,5700.0,sparse_remote,dense_remote,True,33.203410520232865,33.203410520232865
direct_coherent_all_shared,hist_gradient_boosting,raw_online,5f77ec93e99815ad8f64,victim_0035,0,phase_any,1,11193.313605806132,synchronization_bursty,dense_remote,,,,False,,
direct_coherent_all_shared,hist_gradient_boosting,raw_online,5f77ec93e99815ad8f64,victim_0035,0,phase_any,2,13748.01001582324,dense_remote,sparse_remote,,,,False,,
direct_coherent_all_shared,hist_gradient_boosting,raw_online,5f77ec93e99815ad8f64,victim_0035,0,phase_any,3,16408.670686815945,sparse_remote,local_compute,,,,False,,
direct_coherent_all_shared,hist_gradient_boosting,raw_online,5f77ec93e99815ad8f64,victim_0035,0,remote_on_off,3,16408.670686815945,sparse_remote,local_compute,,,,False,,
direct_coherent_all_shared,hist_gradient_boosting,raw_online,61f531cec831135c10e3,victim_0018,1,phase_exact,0,4823.51995045369,dense_remote,sparse_remote,4020.0,dense_remote,sparse_remote,True,-803.5199504536904,803.5199504536904
direct_coherent_all_shared,hist_gradient_boosting,raw_online,61f531cec831135c10e3,victim_0018,1,phase_exact,1,9594.047520701628,sparse_remote,synchronization_bursty,9900.0,sparse_remote,synchronization_bursty,True,305.95247929837205,305.95247929837205
direct_coherent_all_shared,hist_gradient_boosting,raw_online,61f531cec831135c10e3,victim_0018,1,phase_exact,2,12361.950228432477,synchronization_bursty,dense_remote,,,,False,,
direct_coherent_all_shared,hist_gradient_boosting,raw_online,61f531cec831135c10e3,victim_0018,1,phase_exact,3,16100.566304239506,dense_remote,local_compute,,,,False,,
direct_coherent_all_shared,hist_gradient_boosting,raw_online,61f531cec831135c10e3,victim_0018,1,phase_any,0,4823.51995045369,dense_remote,sparse_remote,4440.0,sparse_remote,dense_remote,True,-383.5199504536904,383.5199504536904
direct_coherent_all_shared,hist_gradient_boosting,raw_online,61f531cec831135c10e3,victim_0018,1,phase_any,1,9594.047520701628,sparse_remote,synchronization_bursty,9900.0,sparse_remote,synchronization_bursty,True,305.95247929837205,305.95247929837205
direct_coherent_all_shared,hist_gradient_boosting,raw_online,61f531cec831135c10e3,victim_0018,1,phase_any,2,12361.950228432477,synchronization_bursty,dense_remote,12840.0,synchronization_bursty,sparse_remote,True,478.04977156752284,478.04977156752284
direct_coherent_all_shared,hist_gradient_boosting,raw_online,61f531cec831135c10e3,victim_0018,1,phase_any,3,16100.566304239506,dense_remote,local_compute,16200.0,dense_remote,sparse_remote,True,99.43369576049372,99.43369576049372
direct_coherent_all_shared,hist_gradient_boosting,raw_online,61f531cec831135c10e3,victim_0018,1,remote_on_off,3,16100.566304239506,dense_remote,local_compute,,,,False,,
direct_coherent_all_shared,hist_gradient_boosting,raw_online,67f3bc4ab2c1ed28c867,victim_0006,1,phase_exact,0,3868.292651126604,sparse_remote,local_compute,,,,False,,
direct_coherent_all_shared,hist_gradient_boosting,raw_online,67f3bc4ab2c1ed28c867,victim_0006,1,phase_exact,1,8142.9548099510275,local_compute,sparse_remote,,,,False,,
direct_coherent_all_shared,hist_gradient_boosting,raw_online,67f3bc4ab2c1ed28c867,victim_0006,1,phase_exact,2,10850.749623475784,sparse_remote,synchronization_bursty,11160.0,sparse_remote,synchronization_bursty,True,309.25037652421634,309.25037652421634
direct_coherent_all_shared,hist_gradient_boosting,raw_online,67f3bc4ab2c1ed28c867,victim_0006,1,phase_exact,3,13905.834588475289,synchronization_bursty,dense_remote,14100.0,synchronization_bursty,dense_remote,True,194.1654115247111,194.1654115247111
direct_coherent_all_shared,hist_gradient_boosting,raw_online,67f3bc4ab2c1ed28c867,victim_0006,1,phase_any,0,3868.292651126604,sparse_remote,local_compute,3600.0,local_compute,sparse_remote,True,-268.29265112660414,268.29265112660414
direct_coherent_all_shared,hist_gradient_boosting,raw_online,67f3bc4ab2c1ed28c867,victim_0006,1,phase_any,1,8142.9548099510275,local_compute,sparse_remote,8220.0,local_compute,dense_remote,True,77.04519004897247,77.04519004897247
direct_coherent_all_shared,hist_gradient_boosting,raw_online,67f3bc4ab2c1ed28c867,victim_0006,1,phase_any,2,10850.749623475784,sparse_remote,synchronization_bursty,11160.0,sparse_remote,synchronization_bursty,True,309.25037652421634,309.25037652421634
direct_coherent_all_shared,hist_gradient_boosting,raw_online,67f3bc4ab2c1ed28c867,victim_0006,1,phase_any,3,13905.834588475289,synchronization_bursty,dense_remote,14100.0,synchronization_bursty,dense_remote,True,194.1654115247111,194.1654115247111
direct_coherent_all_shared,hist_gradient_boosting,raw_online,67f3bc4ab2c1ed28c867,victim_0006,1,remote_on_off,0,3868.292651126604,sparse_remote,local_compute,3180.0,dense_remote,local_compute,True,-688.2926511266041,688.2926511266041
direct_coherent_all_shared,hist_gradient_boosting,raw_online,67f3bc4ab2c1ed28c867,victim_0006,1,remote_on_off,1,8142.9548099510275,local_compute,sparse_remote,8220.0,local_compute,dense_remote,True,77.04519004897247,77.04519004897247
direct_coherent_all_shared,hist_gradient_boosting,raw_online,779fa314c5204e93b08a,victim_0034,0,phase_exact,0,2584.983901882975,dense_remote,local_compute,2760.0,dense_remote,local_compute,True,175.0160981170252,175.0160981170252
direct_coherent_all_shared,hist_gradient_boosting,raw_online,779fa314c5204e93b08a,victim_0034,0,phase_exact,1,5207.092213312335,local_compute,sparse_remote,,,,False,,
direct_coherent_all_shared,hist_gradient_boosting,raw_online,779fa314c5204e93b08a,victim_0034,0,phase_exact,2,8644.94250269917,sparse_remote,synchronization_bursty,9060.0,sparse_remote,synchronization_bursty,True,415.0574973008297,415.0574973008297
direct_coherent_all_shared,hist_gradient_boosting,raw_online,779fa314c5204e93b08a,victim_0034,0,phase_exact,3,11529.039859917659,synchronization_bursty,local_compute,12000.0,synchronization_bursty,local_compute,True,470.96014008234124,470.96014008234124
direct_coherent_all_shared,hist_gradient_boosting,raw_online,779fa314c5204e93b08a,victim_0034,0,phase_exact,4,16958.909792595652,local_compute,dense_remote,,,,False,,
direct_coherent_all_shared,hist_gradient_boosting,raw_online,779fa314c5204e93b08a,victim_0034,0,phase_any,0,2584.983901882975,dense_remote,local_compute,2760.0,dense_remote,local_compute,True,175.0160981170252,175.0160981170252
direct_coherent_all_shared,hist_gradient_boosting,raw_online,779fa314c5204e93b08a,victim_0034,0,phase_any,1,5207.092213312335,local_compute,sparse_remote,5280.0,local_compute,synchronization_bursty,True,72.90778668766507,72.90778668766507
direct_coherent_all_shared,hist_gradient_boosting,raw_online,779fa314c5204e93b08a,victim_0034,0,phase_any,2,8644.94250269917,sparse_remote,synchronization_bursty,9060.0,sparse_remote,synchronization_bursty,True,415.0574973008297,415.0574973008297
direct_coherent_all_shared,hist_gradient_boosting,raw_online,779fa314c5204e93b08a,victim_0034,0,phase_any,3,11529.039859917659,synchronization_bursty,local_compute,12000.0,synchronization_bursty,local_compute,True,470.96014008234124,470.96014008234124
direct_coherent_all_shared,hist_gradient_boosting,raw_online,779fa314c5204e93b08a,victim_0034,0,phase_any,4,16958.909792595652,local_compute,dense_remote,17040.0,local_compute,sparse_remote,True,81.0902074043479,81.0902074043479
direct_coherent_all_shared,hist_gradient_boosting,raw_online,779fa314c5204e93b08a,victim_0034,0,remote_on_off,0,2584.983901882975,dense_remote,local_compute,2760.0,dense_remote,local_compute,True,175.0160981170252,175.0160981170252
direct_coherent_all_shared,hist_gradient_boosting,raw_online,779fa314c5204e93b08a,victim_0034,0,remote_on_off,1,5207.092213312335,local_compute,sparse_remote,5280.0,local_compute,synchronization_bursty,True,72.90778668766507,72.90778668766507
direct_coherent_all_shared,hist_gradient_boosting,raw_online,779fa314c5204e93b08a,victim_0034,0,remote_on_off,3,11529.039859917659,synchronization_bursty,local_compute,12000.0,synchronization_bursty,local_compute,True,470.96014008234124,470.96014008234124
direct_coherent_all_shared,hist_gradient_boosting,raw_online,779fa314c5204e93b08a,victim_0034,0,remote_on_off,4,16958.909792595652,local_compute,dense_remote,17040.0,local_compute,sparse_remote,True,81.0902074043479,81.0902074043479
direct_coherent_all_shared,hist_gradient_boosting,raw_online,78c3115c2a709cd8c555,victim_0034,1,phase_exact,0,2584.983901882975,dense_remote,local_compute,3180.0,dense_remote,local_compute,True,595.0160981170252,595.0160981170252
direct_coherent_all_shared,hist_gradient_boosting,raw_online,78c3115c2a709cd8c555,victim_0034,1,phase_exact,1,5207.092213312335,local_compute,sparse_remote,,,,False,,
direct_coherent_all_shared,hist_gradient_boosting,raw_online,78c3115c2a709cd8c555,victim_0034,1,phase_exact,2,8644.94250269917,sparse_remote,synchronization_bursty,9060.0,sparse_remote,synchronization_bursty,True,415.0574973008297,415.0574973008297
direct_coherent_all_shared,hist_gradient_boosting,raw_online,78c3115c2a709cd8c555,victim_0034,1,phase_exact,3,11529.039859917659,synchronization_bursty,local_compute,12000.0,synchronization_bursty,local_compute,True,470.96014008234124,470.96014008234124
direct_coherent_all_shared,hist_gradient_boosting,raw_online,78c3115c2a709cd8c555,victim_0034,1,phase_exact,4,16958.909792595652,local_compute,dense_remote,,,,False,,
direct_coherent_all_shared,hist_gradient_boosting,raw_online,78c3115c2a709cd8c555,victim_0034,1,phase_any,0,2584.983901882975,dense_remote,local_compute,3180.0,dense_remote,local_compute,True,595.0160981170252,595.0160981170252
direct_coherent_all_shared,hist_gradient_boosting,raw_online,78c3115c2a709cd8c555,victim_0034,1,phase_any,1,5207.092213312335,local_compute,sparse_remote,5280.0,local_compute,dense_remote,True,72.90778668766507,72.90778668766507
direct_coherent_all_shared,hist_gradient_boosting,raw_online,78c3115c2a709cd8c555,victim_0034,1,phase_any,2,8644.94250269917,sparse_remote,synchronization_bursty,9060.0,sparse_remote,synchronization_bursty,True,415.0574973008297,415.0574973008297
direct_coherent_all_shared,hist_gradient_boosting,raw_online,78c3115c2a709cd8c555,victim_0034,1,phase_any,3,11529.039859917659,synchronization_bursty,local_compute,12000.0,synchronization_bursty,local_compute,True,470.96014008234124,470.96014008234124
direct_coherent_all_shared,hist_gradient_boosting,raw_online,78c3115c2a709cd8c555,victim_0034,1,phase_any,4,16958.909792595652,local_compute,dense_remote,17040.0,local_compute,sparse_remote,True,81.0902074043479,81.0902074043479
direct_coherent_all_shared,hist_gradient_boosting,raw_online,78c3115c2a709cd8c555,victim_0034,1,remote_on_off,0,2584.983901882975,dense_remote,local_compute,3180.0,dense_remote,local_compute,True,595.0160981170252,595.0160981170252
direct_coherent_all_shared,hist_gradient_boosting,raw_online,78c3115c2a709cd8c555,victim_0034,1,remote_on_off,1,5207.092213312335,local_compute,sparse_remote,5280.0,local_compute,dense_remote,True,72.90778668766507,72.90778668766507
direct_coherent_all_shared,hist_gradient_boosting,raw_online,78c3115c2a709cd8c555,victim_0034,1,remote_on_off,3,11529.039859917659,synchronization_bursty,local_compute,12000.0,synchronization_bursty,local_compute,True,470.96014008234124,470.96014008234124
direct_coherent_all_shared,hist_gradient_boosting,raw_online,78c3115c2a709cd8c555,victim_0034,1,remote_on_off,4,16958.909792595652,local_compute,dense_remote,17040.0,local_compute,sparse_remote,True,81.0902074043479,81.0902074043479
direct_coherent_all_shared,hist_gradient_boosting,raw_online,7cb6f3fc675a160eca58,victim_0022,0,phase_exact,0,3282.393742262545,synchronization_bursty,sparse_remote,,,,False,,
direct_coherent_all_shared,hist_gradient_boosting,raw_online,7cb6f3fc675a160eca58,victim_0022,0,phase_exact,1,6879.426857186192,sparse_remote,dense_remote,,,,False,,
direct_coherent_all_shared,hist_gradient_boosting,raw_online,7cb6f3fc675a160eca58,victim_0022,0,phase_exact,2,9968.001637570029,dense_remote,local_compute,,,,False,,
direct_coherent_all_shared,hist_gradient_boosting,raw_online,7cb6f3fc675a160eca58,victim_0022,0,phase_exact,3,14339.419944693838,local_compute,dense_remote,,,,False,,
direct_coherent_all_shared,hist_gradient_boosting,raw_online,7cb6f3fc675a160eca58,victim_0022,0,phase_exact,4,16767.069757922298,dense_remote,synchronization_bursty,,,,False,,
direct_coherent_all_shared,hist_gradient_boosting,raw_online,7cb6f3fc675a160eca58,victim_0022,0,phase_any,0,3282.393742262545,synchronization_bursty,sparse_remote,3600.0,synchronization_bursty,dense_remote,True,317.60625773745505,317.60625773745505
direct_coherent_all_shared,hist_gradient_boosting,raw_online,7cb6f3fc675a160eca58,victim_0022,0,phase_any,1,6879.426857186192,sparse_remote,dense_remote,6960.0,sparse_remote,synchronization_bursty,True,80.57314281380786,80.57314281380786
direct_coherent_all_shared,hist_gradient_boosting,raw_online,7cb6f3fc675a160eca58,victim_0022,0,phase_any,2,9968.001637570029,dense_remote,local_compute,10740.0,dense_remote,sparse_remote,True,771.9983624299712,771.9983624299712
direct_coherent_all_shared,hist_gradient_boosting,raw_online,7cb6f3fc675a160eca58,victim_0022,0,phase_any,3,14339.419944693838,local_compute,dense_remote,14520.0,local_compute,sparse_remote,True,180.58005530616174,180.58005530616174
direct_coherent_all_shared,hist_gradient_boosting,raw_online,7cb6f3fc675a160eca58,victim_0022,0,phase_any,4,16767.069757922298,dense_remote,synchronization_bursty,16620.0,dense_remote,sparse_remote,True,-147.06975792229787,147.06975792229787
direct_coherent_all_shared,hist_gradient_boosting,raw_online,7cb6f3fc675a160eca58,victim_0022,0,remote_on_off,2,9968.001637570029,dense_remote,local_compute,,,,False,,
direct_coherent_all_shared,hist_gradient_boosting,raw_online,7cb6f3fc675a160eca58,victim_0022,0,remote_on_off,3,14339.419944693838,local_compute,dense_remote,14520.0,local_compute,sparse_remote,True,180.58005530616174,180.58005530616174
direct_coherent_all_shared,hist_gradient_boosting,raw_online,7e996bcfa8694dc00cb1,victim_0020,1,phase_exact,0,3945.197190413731,dense_remote,local_compute,,,,False,,
direct_coherent_all_shared,hist_gradient_boosting,raw_online,7e996bcfa8694dc00cb1,victim_0020,1,phase_exact,1,8519.38861505275,local_compute,synchronization_bursty,8640.0,local_compute,synchronization_bursty,True,120.61138494724946,120.61138494724946
direct_coherent_all_shared,hist_gradient_boosting,raw_online,7e996bcfa8694dc00cb1,victim_0020,1,phase_exact,2,13972.618573212338,synchronization_bursty,local_compute,14520.0,synchronization_bursty,local_compute,True,547.3814267876623,547.3814267876623
direct_coherent_all_shared,hist_gradient_boosting,raw_online,7e996bcfa8694dc00cb1,victim_0020,1,phase_exact,3,17384.940617006945,local_compute,sparse_remote,,,,False,,
direct_coherent_all_shared,hist_gradient_boosting,raw_online,7e996bcfa8694dc00cb1,victim_0020,1,phase_any,0,3945.197190413731,dense_remote,local_compute,3600.0,dense_remote,sparse_remote,True,-345.1971904137308,345.1971904137308
direct_coherent_all_shared,hist_gradient_boosting,raw_online,7e996bcfa8694dc00cb1,victim_0020,1,phase_any,1,8519.38861505275,local_compute,synchronization_bursty,8640.0,local_compute,synchronization_bursty,True,120.61138494724946,120.61138494724946
direct_coherent_all_shared,hist_gradient_boosting,raw_online,7e996bcfa8694dc00cb1,victim_0020,1,phase_any,2,13972.618573212338,synchronization_bursty,local_compute,14520.0,synchronization_bursty,local_compute,True,547.3814267876623,547.3814267876623
direct_coherent_all_shared,hist_gradient_boosting,raw_online,7e996bcfa8694dc00cb1,victim_0020,1,phase_any,3,17384.940617006945,local_compute,sparse_remote,17460.0,synchronization_bursty,sparse_remote,True,75.0593829930549,75.0593829930549
direct_coherent_all_shared,hist_gradient_boosting,raw_online,7e996bcfa8694dc00cb1,victim_0020,1,remote_on_off,0,3945.197190413731,dense_remote,local_compute,,,,False,,
direct_coherent_all_shared,hist_gradient_boosting,raw_online,7e996bcfa8694dc00cb1,victim_0020,1,remote_on_off,1,8519.38861505275,local_compute,synchronization_bursty,8640.0,local_compute,synchronization_bursty,True,120.61138494724946,120.61138494724946
direct_coherent_all_shared,hist_gradient_boosting,raw_online,7e996bcfa8694dc00cb1,victim_0020,1,remote_on_off,2,13972.618573212338,synchronization_bursty,local_compute,14520.0,synchronization_bursty,local_compute,True,547.3814267876623,547.3814267876623
direct_coherent_all_shared,hist_gradient_boosting,raw_online,7e996bcfa8694dc00cb1,victim_0020,1,remote_on_off,3,17384.940617006945,local_compute,sparse_remote,17040.0,local_compute,synchronization_bursty,True,-344.9406170069451,344.9406170069451
direct_coherent_all_shared,hist_gradient_boosting,raw_online,8b7dc1f95258bba97d4d,victim_0010,1,phase_exact,0,3799.0914558502673,local_compute,dense_remote,4020.0,local_compute,dense_remote,True,220.90854414973273,220.90854414973273
direct_coherent_all_shared,hist_gradient_boosting,raw_online,8b7dc1f95258bba97d4d,victim_0010,1,phase_exact,1,7177.584870190105,dense_remote,sparse_remote,7380.0,dense_remote,sparse_remote,True,202.415129809895,202.415129809895
direct_coherent_all_shared,hist_gradient_boosting,raw_online,8b7dc1f95258bba97d4d,victim_0010,1,phase_exact,2,9864.380078273627,sparse_remote,synchronization_bursty,9900.0,sparse_remote,synchronization_bursty,True,35.61992172637292,35.61992172637292
direct_coherent_all_shared,hist_gradient_boosting,raw_online,8b7dc1f95258bba97d4d,victim_0010,1,phase_exact,3,12803.703036780968,synchronization_bursty,dense_remote,13260.0,synchronization_bursty,dense_remote,True,456.2969632190325,456.2969632190325
direct_coherent_all_shared,hist_gradient_boosting,raw_online,8b7dc1f95258bba97d4d,victim_0010,1,phase_exact,4,15204.780045932635,dense_remote,synchronization_bursty,15360.0,dense_remote,synchronization_bursty,True,155.2199540673646,155.2199540673646
direct_coherent_all_shared,hist_gradient_boosting,raw_online,8b7dc1f95258bba97d4d,victim_0010,1,phase_any,0,3799.0914558502673,local_compute,dense_remote,4020.0,local_compute,dense_remote,True,220.90854414973273,220.90854414973273
direct_coherent_all_shared,hist_gradient_boosting,raw_online,8b7dc1f95258bba97d4d,victim_0010,1,phase_any,1,7177.584870190105,dense_remote,sparse_remote,7380.0,dense_remote,sparse_remote,True,202.415129809895,202.415129809895
direct_coherent_all_shared,hist_gradient_boosting,raw_online,8b7dc1f95258bba97d4d,victim_0010,1,phase_any,2,9864.380078273627,sparse_remote,synchronization_bursty,9900.0,sparse_remote,synchronization_bursty,True,35.61992172637292,35.61992172637292
direct_coherent_all_shared,hist_gradient_boosting,raw_online,8b7dc1f95258bba97d4d,victim_0010,1,phase_any,3,12803.703036780968,synchronization_bursty,dense_remote,13260.0,synchronization_bursty,dense_remote,True,456.2969632190325,456.2969632190325
direct_coherent_all_shared,hist_gradient_boosting,raw_online,8b7dc1f95258bba97d4d,victim_0010,1,phase_any,4,15204.780045932635,dense_remote,synchronization_bursty,15360.0,dense_remote,synchronization_bursty,True,155.2199540673646,155.2199540673646
direct_coherent_all_shared,hist_gradient_boosting,raw_online,8b7dc1f95258bba97d4d,victim_0010,1,remote_on_off,0,3799.0914558502673,local_compute,dense_remote,4020.0,local_compute,dense_remote,True,220.90854414973273,220.90854414973273
direct_coherent_all_shared,hist_gradient_boosting,raw_online,a52580e2d76ee68258b2,victim_0002,0,phase_exact,0,4128.836103055568,sparse_remote,synchronization_bursty,4440.0,sparse_remote,synchronization_bursty,True,311.16389694443205,311.16389694443205
direct_coherent_all_shared,hist_gradient_boosting,raw_online,a52580e2d76ee68258b2,victim_0002,0,phase_exact,1,8090.9366784642525,synchronization_bursty,local_compute,8220.0,synchronization_bursty,local_compute,True,129.0633215357475,129.0633215357475
direct_coherent_all_shared,hist_gradient_boosting,raw_online,a52580e2d76ee68258b2,victim_0002,0,phase_exact,2,11252.308935390323,local_compute,dense_remote,11580.0,local_compute,dense_remote,True,327.6910646096767,327.6910646096767
direct_coherent_all_shared,hist_gradient_boosting,raw_online,a52580e2d76ee68258b2,victim_0002,0,phase_exact,3,14243.601544682242,dense_remote,sparse_remote,,,,False,,
direct_coherent_all_shared,hist_gradient_boosting,raw_online,a52580e2d76ee68258b2,victim_0002,0,phase_any,0,4128.836103055568,sparse_remote,synchronization_bursty,4440.0,sparse_remote,synchronization_bursty,True,311.16389694443205,311.16389694443205
direct_coherent_all_shared,hist_gradient_boosting,raw_online,a52580e2d76ee68258b2,victim_0002,0,phase_any,1,8090.9366784642525,synchronization_bursty,local_compute,8220.0,synchronization_bursty,local_compute,True,129.0633215357475,129.0633215357475
direct_coherent_all_shared,hist_gradient_boosting,raw_online,a52580e2d76ee68258b2,victim_0002,0,phase_any,2,11252.308935390323,local_compute,dense_remote,11580.0,local_compute,dense_remote,True,327.6910646096767,327.6910646096767
direct_coherent_all_shared,hist_gradient_boosting,raw_online,a52580e2d76ee68258b2,victim_0002,0,phase_any,3,14243.601544682242,dense_remote,sparse_remote,14940.0,dense_remote,local_compute,True,696.3984553177579,696.3984553177579
direct_coherent_all_shared,hist_gradient_boosting,raw_online,a52580e2d76ee68258b2,victim_0002,0,remote_on_off,1,8090.9366784642525,synchronization_bursty,local_compute,8220.0,synchronization_bursty,local_compute,True,129.0633215357475,129.0633215357475
direct_coherent_all_shared,hist_gradient_boosting,raw_online,a52580e2d76ee68258b2,victim_0002,0,remote_on_off,2,11252.308935390323,local_compute,dense_remote,11580.0,local_compute,dense_remote,True,327.6910646096767,327.6910646096767
direct_coherent_all_shared,hist_gradient_boosting,raw_online,bc79906fd50c83274bf5,victim_0035,1,phase_exact,0,5666.796589479767,sparse_remote,synchronization_bursty,6120.0,sparse_remote,synchronization_bursty,True,453.20341052023286,453.20341052023286
direct_coherent_all_shared,hist_gradient_boosting,raw_online,bc79906fd50c83274bf5,victim_0035,1,phase_exact,1,11193.313605806132,synchronization_bursty,dense_remote,11580.0,synchronization_bursty,dense_remote,True,386.6863941938682,386.6863941938682
direct_coherent_all_shared,hist_gradient_boosting,raw_online,bc79906fd50c83274bf5,victim_0035,1,phase_exact,2,13748.01001582324,dense_remote,sparse_remote,13260.0,dense_remote,sparse_remote,True,-488.0100158232399,488.0100158232399
direct_coherent_all_shared,hist_gradient_boosting,raw_online,bc79906fd50c83274bf5,victim_0035,1,phase_exact,3,16408.670686815945,sparse_remote,local_compute,,,,False,,
direct_coherent_all_shared,hist_gradient_boosting,raw_online,bc79906fd50c83274bf5,victim_0035,1,phase_any,0,5666.796589479767,sparse_remote,synchronization_bursty,5700.0,local_compute,sparse_remote,True,33.203410520232865,33.203410520232865
direct_coherent_all_shared,hist_gradient_boosting,raw_online,bc79906fd50c83274bf5,victim_0035,1,phase_any,1,11193.313605806132,synchronization_bursty,dense_remote,11580.0,synchronization_bursty,dense_remote,True,386.6863941938682,386.6863941938682
direct_coherent_all_shared,hist_gradient_boosting,raw_online,bc79906fd50c83274bf5,victim_0035,1,phase_any,2,13748.01001582324,dense_remote,sparse_remote,13260.0,dense_remote,sparse_remote,True,-488.0100158232399,488.0100158232399
direct_coherent_all_shared,hist_gradient_boosting,raw_online,bc79906fd50c83274bf5,victim_0035,1,phase_any,3,16408.670686815945,sparse_remote,local_compute,,,,False,,
direct_coherent_all_shared,hist_gradient_boosting,raw_online,bc79906fd50c83274bf5,victim_0035,1,remote_on_off,3,16408.670686815945,sparse_remote,local_compute,,,,False,,
direct_coherent_all_shared,hist_gradient_boosting,raw_online,d9d26f0c3415d24edf4b,victim_0003,1,phase_exact,0,3184.1511702802213,local_compute,sparse_remote,,,,False,,
direct_coherent_all_shared,hist_gradient_boosting,raw_online,d9d26f0c3415d24edf4b,victim_0003,1,phase_exact,1,8137.308551850549,sparse_remote,dense_remote,8640.0,sparse_remote,dense_remote,True,502.6914481494514,502.6914481494514
direct_coherent_all_shared,hist_gradient_boosting,raw_online,d9d26f0c3415d24edf4b,victim_0003,1,phase_exact,2,11766.900719130488,dense_remote,sparse_remote,,,,False,,
direct_coherent_all_shared,hist_gradient_boosting,raw_online,d9d26f0c3415d24edf4b,victim_0003,1,phase_exact,3,16533.76894948869,sparse_remote,synchronization_bursty,16620.0,sparse_remote,synchronization_bursty,True,86.23105051130915,86.23105051130915
direct_coherent_all_shared,hist_gradient_boosting,raw_online,d9d26f0c3415d24edf4b,victim_0003,1,phase_any,0,3184.1511702802213,local_compute,sparse_remote,3180.0,local_compute,synchronization_bursty,True,-4.151170280221322,4.151170280221322
direct_coherent_all_shared,hist_gradient_boosting,raw_online,d9d26f0c3415d24edf4b,victim_0003,1,phase_any,1,8137.308551850549,sparse_remote,dense_remote,8640.0,sparse_remote,dense_remote,True,502.6914481494514,502.6914481494514
direct_coherent_all_shared,hist_gradient_boosting,raw_online,d9d26f0c3415d24edf4b,victim_0003,1,phase_any,2,11766.900719130488,dense_remote,sparse_remote,11160.0,sparse_remote,dense_remote,True,-606.9007191304881,606.9007191304881
direct_coherent_all_shared,hist_gradient_boosting,raw_online,d9d26f0c3415d24edf4b,victim_0003,1,phase_any,3,16533.76894948869,sparse_remote,synchronization_bursty,16620.0,sparse_remote,synchronization_bursty,True,86.23105051130915,86.23105051130915
direct_coherent_all_shared,hist_gradient_boosting,raw_online,d9d26f0c3415d24edf4b,victim_0003,1,remote_on_off,0,3184.1511702802213,local_compute,sparse_remote,3180.0,local_compute,synchronization_bursty,True,-4.151170280221322,4.151170280221322
direct_coherent_all_shared,hist_gradient_boosting,raw_online,dd445dce99cbf4e9fc71,victim_0031,0,phase_exact,0,4159.949493759739,local_compute,dense_remote,4440.0,local_compute,dense_remote,True,280.0505062402608,280.0505062402608
direct_coherent_all_shared,hist_gradient_boosting,raw_online,dd445dce99cbf4e9fc71,victim_0031,0,phase_exact,1,8524.953030037665,dense_remote,sparse_remote,7800.0,dense_remote,sparse_remote,True,-724.9530300376646,724.9530300376646
direct_coherent_all_shared,hist_gradient_boosting,raw_online,dd445dce99cbf4e9fc71,victim_0031,0,phase_exact,2,11172.11201804374,sparse_remote,synchronization_bursty,11580.0,sparse_remote,synchronization_bursty,True,407.8879819562608,407.8879819562608
direct_coherent_all_shared,hist_gradient_boosting,raw_online,dd445dce99cbf4e9fc71,victim_0031,0,phase_exact,3,14427.950477163511,synchronization_bursty,dense_remote,,,,False,,
direct_coherent_all_shared,hist_gradient_boosting,raw_online,dd445dce99cbf4e9fc71,victim_0031,0,phase_exact,4,17846.27700177856,dense_remote,local_compute,,,,False,,
direct_coherent_all_shared,hist_gradient_boosting,raw_online,dd445dce99cbf4e9fc71,victim_0031,0,phase_any,0,4159.949493759739,local_compute,dense_remote,4440.0,local_compute,dense_remote,True,280.0505062402608,280.0505062402608
direct_coherent_all_shared,hist_gradient_boosting,raw_online,dd445dce99cbf4e9fc71,victim_0031,0,phase_any,1,8524.953030037665,dense_remote,sparse_remote,7800.0,dense_remote,sparse_remote,True,-724.9530300376646,724.9530300376646
direct_coherent_all_shared,hist_gradient_boosting,raw_online,dd445dce99cbf4e9fc71,victim_0031,0,phase_any,2,11172.11201804374,sparse_remote,synchronization_bursty,11580.0,sparse_remote,synchronization_bursty,True,407.8879819562608,407.8879819562608
direct_coherent_all_shared,hist_gradient_boosting,raw_online,dd445dce99cbf4e9fc71,victim_0031,0,phase_any,3,14427.950477163511,synchronization_bursty,dense_remote,,,,False,,
direct_coherent_all_shared,hist_gradient_boosting,raw_online,dd445dce99cbf4e9fc71,victim_0031,0,phase_any,4,17846.27700177856,dense_remote,local_compute,,,,False,,
direct_coherent_all_shared,hist_gradient_boosting,raw_online,dd445dce99cbf4e9fc71,victim_0031,0,remote_on_off,0,4159.949493759739,local_compute,dense_remote,4440.0,local_compute,dense_remote,True,280.0505062402608,280.0505062402608
direct_coherent_all_shared,hist_gradient_boosting,raw_online,dd445dce99cbf4e9fc71,victim_0031,0,remote_on_off,4,17846.27700177856,dense_remote,local_compute,,,,False,,
direct_coherent_all_shared,hist_gradient_boosting,raw_online,e6c7d63e8d95dda1f2c2,victim_0031,1,phase_exact,0,4159.949493759739,local_compute,dense_remote,4440.0,local_compute,dense_remote,True,280.0505062402608,280.0505062402608
direct_coherent_all_shared,hist_gradient_boosting,raw_online,e6c7d63e8d95dda1f2c2,victim_0031,1,phase_exact,1,8524.953030037665,dense_remote,sparse_remote,7800.0,dense_remote,sparse_remote,True,-724.9530300376646,724.9530300376646
direct_coherent_all_shared,hist_gradient_boosting,raw_online,e6c7d63e8d95dda1f2c2,victim_0031,1,phase_exact,2,11172.11201804374,sparse_remote,synchronization_bursty,,,,False,,
direct_coherent_all_shared,hist_gradient_boosting,raw_online,e6c7d63e8d95dda1f2c2,victim_0031,1,phase_exact,3,14427.950477163511,synchronization_bursty,dense_remote,,,,False,,
direct_coherent_all_shared,hist_gradient_boosting,raw_online,e6c7d63e8d95dda1f2c2,victim_0031,1,phase_exact,4,17846.27700177856,dense_remote,local_compute,,,,False,,
direct_coherent_all_shared,hist_gradient_boosting,raw_online,e6c7d63e8d95dda1f2c2,victim_0031,1,phase_any,0,4159.949493759739,local_compute,dense_remote,4440.0,local_compute,dense_remote,True,280.0505062402608,280.0505062402608
direct_coherent_all_shared,hist_gradient_boosting,raw_online,e6c7d63e8d95dda1f2c2,victim_0031,1,phase_any,1,8524.953030037665,dense_remote,sparse_remote,8640.0,sparse_remote,synchronization_bursty,True,115.04696996233542,115.04696996233542
direct_coherent_all_shared,hist_gradient_boosting,raw_online,e6c7d63e8d95dda1f2c2,victim_0031,1,phase_any,2,11172.11201804374,sparse_remote,synchronization_bursty,11160.0,local_compute,synchronization_bursty,True,-12.112018043739226,12.112018043739226
direct_coherent_all_shared,hist_gradient_boosting,raw_online,e6c7d63e8d95dda1f2c2,victim_0031,1,phase_any,3,14427.950477163511,synchronization_bursty,dense_remote,,,,False,,
direct_coherent_all_shared,hist_gradient_boosting,raw_online,e6c7d63e8d95dda1f2c2,victim_0031,1,phase_any,4,17846.27700177856,dense_remote,local_compute,18300.0,dense_remote,sparse_remote,True,453.72299822144123,453.72299822144123
direct_coherent_all_shared,hist_gradient_boosting,raw_online,e6c7d63e8d95dda1f2c2,victim_0031,1,remote_on_off,0,4159.949493759739,local_compute,dense_remote,4440.0,local_compute,dense_remote,True,280.0505062402608,280.0505062402608
direct_coherent_all_shared,hist_gradient_boosting,raw_online,e6c7d63e8d95dda1f2c2,victim_0031,1,remote_on_off,4,17846.27700177856,dense_remote,local_compute,,,,False,,
direct_coherent_all_shared,hist_gradient_boosting,raw_online,e7639a00c9ac6ae3c669,victim_0008,0,phase_exact,0,2978.015688481845,synchronization_bursty,dense_remote,,,,False,,
direct_coherent_all_shared,hist_gradient_boosting,raw_online,e7639a00c9ac6ae3c669,victim_0008,0,phase_exact,1,6468.965710581726,dense_remote,sparse_remote,,,,False,,
direct_coherent_all_shared,hist_gradient_boosting,raw_online,e7639a00c9ac6ae3c669,victim_0008,0,phase_exact,2,11679.055663519011,sparse_remote,local_compute,,,,False,,
direct_coherent_all_shared,hist_gradient_boosting,raw_online,e7639a00c9ac6ae3c669,victim_0008,0,phase_exact,3,16457.887331498667,local_compute,dense_remote,16620.0,local_compute,dense_remote,True,162.11266850133325,162.11266850133325
direct_coherent_all_shared,hist_gradient_boosting,raw_online,e7639a00c9ac6ae3c669,victim_0008,0,phase_any,0,2978.015688481845,synchronization_bursty,dense_remote,3180.0,synchronization_bursty,sparse_remote,True,201.9843115181552,201.9843115181552
direct_coherent_all_shared,hist_gradient_boosting,raw_online,e7639a00c9ac6ae3c669,victim_0008,0,phase_any,1,6468.965710581726,dense_remote,sparse_remote,,,,False,,
direct_coherent_all_shared,hist_gradient_boosting,raw_online,e7639a00c9ac6ae3c669,victim_0008,0,phase_any,2,11679.055663519011,sparse_remote,local_compute,,,,False,,
direct_coherent_all_shared,hist_gradient_boosting,raw_online,e7639a00c9ac6ae3c669,victim_0008,0,phase_any,3,16457.887331498667,local_compute,dense_remote,16620.0,local_compute,dense_remote,True,162.11266850133325,162.11266850133325
direct_coherent_all_shared,hist_gradient_boosting,raw_online,e7639a00c9ac6ae3c669,victim_0008,0,remote_on_off,2,11679.055663519011,sparse_remote,local_compute,,,,False,,
direct_coherent_all_shared,hist_gradient_boosting,raw_online,e7639a00c9ac6ae3c669,victim_0008,0,remote_on_off,3,16457.887331498667,local_compute,dense_remote,16620.0,local_compute,dense_remote,True,162.11266850133325,162.11266850133325
direct_coherent_all_shared,hist_gradient_boosting,raw_online,f9abaf95dce2b8c722c4,victim_0006,0,phase_exact,0,3868.292651126604,sparse_remote,local_compute,,,,False,,
direct_coherent_all_shared,hist_gradient_boosting,raw_online,f9abaf95dce2b8c722c4,victim_0006,0,phase_exact,1,8142.9548099510275,local_compute,sparse_remote,,,,False,,
direct_coherent_all_shared,hist_gradient_boosting,raw_online,f9abaf95dce2b8c722c4,victim_0006,0,phase_exact,2,10850.749623475784,sparse_remote,synchronization_bursty,11160.0,sparse_remote,synchronization_bursty,True,309.25037652421634,309.25037652421634
direct_coherent_all_shared,hist_gradient_boosting,raw_online,f9abaf95dce2b8c722c4,victim_0006,0,phase_exact,3,13905.834588475289,synchronization_bursty,dense_remote,,,,False,,
direct_coherent_all_shared,hist_gradient_boosting,raw_online,f9abaf95dce2b8c722c4,victim_0006,0,phase_any,0,3868.292651126604,sparse_remote,local_compute,4020.0,dense_remote,local_compute,True,151.70734887339586,151.70734887339586
direct_coherent_all_shared,hist_gradient_boosting,raw_online,f9abaf95dce2b8c722c4,victim_0006,0,phase_any,1,8142.9548099510275,local_compute,sparse_remote,8220.0,local_compute,dense_remote,True,77.04519004897247,77.04519004897247
direct_coherent_all_shared,hist_gradient_boosting,raw_online,f9abaf95dce2b8c722c4,victim_0006,0,phase_any,2,10850.749623475784,sparse_remote,synchronization_bursty,11160.0,sparse_remote,synchronization_bursty,True,309.25037652421634,309.25037652421634
direct_coherent_all_shared,hist_gradient_boosting,raw_online,f9abaf95dce2b8c722c4,victim_0006,0,phase_any,3,13905.834588475289,synchronization_bursty,dense_remote,,,,False,,
direct_coherent_all_shared,hist_gradient_boosting,raw_online,f9abaf95dce2b8c722c4,victim_0006,0,remote_on_off,0,3868.292651126604,sparse_remote,local_compute,4020.0,dense_remote,local_compute,True,151.70734887339586,151.70734887339586
direct_coherent_all_shared,hist_gradient_boosting,raw_online,f9abaf95dce2b8c722c4,victim_0006,0,remote_on_off,1,8142.9548099510275,local_compute,sparse_remote,8220.0,local_compute,dense_remote,True,77.04519004897247,77.04519004897247
direct_coherent_all_shared,logistic_regression,debounced_offline,037992cac1ae1a38156a,victim_0020,0,phase_exact,0,3945.197190413731,dense_remote,local_compute,,,,False,,
direct_coherent_all_shared,logistic_regression,debounced_offline,037992cac1ae1a38156a,victim_0020,0,phase_exact,1,8519.38861505275,local_compute,synchronization_bursty,8640.0,local_compute,synchronization_bursty,True,120.61138494724946,120.61138494724946
direct_coherent_all_shared,logistic_regression,debounced_offline,037992cac1ae1a38156a,victim_0020,0,phase_exact,2,13972.618573212338,synchronization_bursty,local_compute,,,,False,,
direct_coherent_all_shared,logistic_regression,debounced_offline,037992cac1ae1a38156a,victim_0020,0,phase_exact,3,17384.940617006945,local_compute,sparse_remote,17460.0,local_compute,sparse_remote,True,75.0593829930549,75.0593829930549
direct_coherent_all_shared,logistic_regression,debounced_offline,037992cac1ae1a38156a,victim_0020,0,phase_any,0,3945.197190413731,dense_remote,local_compute,4440.0,dense_remote,sparse_remote,True,494.8028095862692,494.8028095862692
direct_coherent_all_shared,logistic_regression,debounced_offline,037992cac1ae1a38156a,victim_0020,0,phase_any,1,8519.38861505275,local_compute,synchronization_bursty,8640.0,local_compute,synchronization_bursty,True,120.61138494724946,120.61138494724946
direct_coherent_all_shared,logistic_regression,debounced_offline,037992cac1ae1a38156a,victim_0020,0,phase_any,2,13972.618573212338,synchronization_bursty,local_compute,,,,False,,
direct_coherent_all_shared,logistic_regression,debounced_offline,037992cac1ae1a38156a,victim_0020,0,phase_any,3,17384.940617006945,local_compute,sparse_remote,17460.0,local_compute,sparse_remote,True,75.0593829930549,75.0593829930549
direct_coherent_all_shared,logistic_regression,debounced_offline,037992cac1ae1a38156a,victim_0020,0,remote_on_off,0,3945.197190413731,dense_remote,local_compute,,,,False,,
direct_coherent_all_shared,logistic_regression,debounced_offline,037992cac1ae1a38156a,victim_0020,0,remote_on_off,1,8519.38861505275,local_compute,synchronization_bursty,8640.0,local_compute,synchronization_bursty,True,120.61138494724946,120.61138494724946
direct_coherent_all_shared,logistic_regression,debounced_offline,037992cac1ae1a38156a,victim_0020,0,remote_on_off,2,13972.618573212338,synchronization_bursty,local_compute,,,,False,,
direct_coherent_all_shared,logistic_regression,debounced_offline,037992cac1ae1a38156a,victim_0020,0,remote_on_off,3,17384.940617006945,local_compute,sparse_remote,17460.0,local_compute,sparse_remote,True,75.0593829930549,75.0593829930549
direct_coherent_all_shared,logistic_regression,debounced_offline,0dc93c37bd6c52638ff9,victim_0003,0,phase_exact,0,3184.1511702802213,local_compute,sparse_remote,3600.0,local_compute,sparse_remote,True,415.8488297197787,415.8488297197787
direct_coherent_all_shared,logistic_regression,debounced_offline,0dc93c37bd6c52638ff9,victim_0003,0,phase_exact,1,8137.308551850549,sparse_remote,dense_remote,8640.0,sparse_remote,dense_remote,True,502.6914481494514,502.6914481494514
direct_coherent_all_shared,logistic_regression,debounced_offline,0dc93c37bd6c52638ff9,victim_0003,0,phase_exact,2,11766.900719130488,dense_remote,sparse_remote,,,,False,,
direct_coherent_all_shared,logistic_regression,debounced_offline,0dc93c37bd6c52638ff9,victim_0003,0,phase_exact,3,16533.76894948869,sparse_remote,synchronization_bursty,17040.0,sparse_remote,synchronization_bursty,True,506.23105051130915,506.23105051130915
direct_coherent_all_shared,logistic_regression,debounced_offline,0dc93c37bd6c52638ff9,victim_0003,0,phase_any,0,3184.1511702802213,local_compute,sparse_remote,3600.0,local_compute,sparse_remote,True,415.8488297197787,415.8488297197787
direct_coherent_all_shared,logistic_regression,debounced_offline,0dc93c37bd6c52638ff9,victim_0003,0,phase_any,1,8137.308551850549,sparse_remote,dense_remote,8640.0,sparse_remote,dense_remote,True,502.6914481494514,502.6914481494514
direct_coherent_all_shared,logistic_regression,debounced_offline,0dc93c37bd6c52638ff9,victim_0003,0,phase_any,2,11766.900719130488,dense_remote,sparse_remote,,,,False,,
direct_coherent_all_shared,logistic_regression,debounced_offline,0dc93c37bd6c52638ff9,victim_0003,0,phase_any,3,16533.76894948869,sparse_remote,synchronization_bursty,17040.0,sparse_remote,synchronization_bursty,True,506.23105051130915,506.23105051130915
direct_coherent_all_shared,logistic_regression,debounced_offline,0dc93c37bd6c52638ff9,victim_0003,0,remote_on_off,0,3184.1511702802213,local_compute,sparse_remote,3600.0,local_compute,sparse_remote,True,415.8488297197787,415.8488297197787
direct_coherent_all_shared,logistic_regression,debounced_offline,1d612afddb5a14c10508,victim_0022,1,phase_exact,0,3282.393742262545,synchronization_bursty,sparse_remote,,,,False,,
direct_coherent_all_shared,logistic_regression,debounced_offline,1d612afddb5a14c10508,victim_0022,1,phase_exact,1,6879.426857186192,sparse_remote,dense_remote,6540.0,sparse_remote,dense_remote,True,-339.42685718619214,339.42685718619214
direct_coherent_all_shared,logistic_regression,debounced_offline,1d612afddb5a14c10508,victim_0022,1,phase_exact,2,9968.001637570029,dense_remote,local_compute,,,,False,,
direct_coherent_all_shared,logistic_regression,debounced_offline,1d612afddb5a14c10508,victim_0022,1,phase_exact,3,14339.419944693838,local_compute,dense_remote,,,,False,,
direct_coherent_all_shared,logistic_regression,debounced_offline,1d612afddb5a14c10508,victim_0022,1,phase_exact,4,16767.069757922298,dense_remote,synchronization_bursty,17040.0,dense_remote,synchronization_bursty,True,272.93024207770213,272.93024207770213
direct_coherent_all_shared,logistic_regression,debounced_offline,1d612afddb5a14c10508,victim_0022,1,phase_any,0,3282.393742262545,synchronization_bursty,sparse_remote,4020.0,synchronization_bursty,local_compute,True,737.606257737455,737.606257737455
direct_coherent_all_shared,logistic_regression,debounced_offline,1d612afddb5a14c10508,victim_0022,1,phase_any,1,6879.426857186192,sparse_remote,dense_remote,6540.0,sparse_remote,dense_remote,True,-339.42685718619214,339.42685718619214
direct_coherent_all_shared,logistic_regression,debounced_offline,1d612afddb5a14c10508,victim_0022,1,phase_any,2,9968.001637570029,dense_remote,local_compute,10320.0,dense_remote,sparse_remote,True,351.99836242997117,351.99836242997117
direct_coherent_all_shared,logistic_regression,debounced_offline,1d612afddb5a14c10508,victim_0022,1,phase_any,3,14339.419944693838,local_compute,dense_remote,14520.0,local_compute,sparse_remote,True,180.58005530616174,180.58005530616174
direct_coherent_all_shared,logistic_regression,debounced_offline,1d612afddb5a14c10508,victim_0022,1,phase_any,4,16767.069757922298,dense_remote,synchronization_bursty,17040.0,dense_remote,synchronization_bursty,True,272.93024207770213,272.93024207770213
direct_coherent_all_shared,logistic_regression,debounced_offline,1d612afddb5a14c10508,victim_0022,1,remote_on_off,2,9968.001637570029,dense_remote,local_compute,10740.0,sparse_remote,local_compute,True,771.9983624299712,771.9983624299712
direct_coherent_all_shared,logistic_regression,debounced_offline,1d612afddb5a14c10508,victim_0022,1,remote_on_off,3,14339.419944693838,local_compute,dense_remote,14520.0,local_compute,sparse_remote,True,180.58005530616174,180.58005530616174
direct_coherent_all_shared,logistic_regression,debounced_offline,3a4b2d0ca7b922922f3c,victim_0010,0,phase_exact,0,3799.0914558502673,local_compute,dense_remote,,,,False,,
direct_coherent_all_shared,logistic_regression,debounced_offline,3a4b2d0ca7b922922f3c,victim_0010,0,phase_exact,1,7177.584870190105,dense_remote,sparse_remote,,,,False,,
direct_coherent_all_shared,logistic_regression,debounced_offline,3a4b2d0ca7b922922f3c,victim_0010,0,phase_exact,2,9864.380078273627,sparse_remote,synchronization_bursty,9900.0,sparse_remote,synchronization_bursty,True,35.61992172637292,35.61992172637292
direct_coherent_all_shared,logistic_regression,debounced_offline,3a4b2d0ca7b922922f3c,victim_0010,0,phase_exact,3,12803.703036780968,synchronization_bursty,dense_remote,,,,False,,
direct_coherent_all_shared,logistic_regression,debounced_offline,3a4b2d0ca7b922922f3c,victim_0010,0,phase_exact,4,15204.780045932635,dense_remote,synchronization_bursty,15360.0,dense_remote,synchronization_bursty,True,155.2199540673646,155.2199540673646
direct_coherent_all_shared,logistic_regression,debounced_offline,3a4b2d0ca7b922922f3c,victim_0010,0,phase_any,0,3799.0914558502673,local_compute,dense_remote,4020.0,local_compute,sparse_remote,True,220.90854414973273,220.90854414973273
direct_coherent_all_shared,logistic_regression,debounced_offline,3a4b2d0ca7b922922f3c,victim_0010,0,phase_any,1,7177.584870190105,dense_remote,sparse_remote,,,,False,,
direct_coherent_all_shared,logistic_regression,debounced_offline,3a4b2d0ca7b922922f3c,victim_0010,0,phase_any,2,9864.380078273627,sparse_remote,synchronization_bursty,9900.0,sparse_remote,synchronization_bursty,True,35.61992172637292,35.61992172637292
direct_coherent_all_shared,logistic_regression,debounced_offline,3a4b2d0ca7b922922f3c,victim_0010,0,phase_any,3,12803.703036780968,synchronization_bursty,dense_remote,,,,False,,
direct_coherent_all_shared,logistic_regression,debounced_offline,3a4b2d0ca7b922922f3c,victim_0010,0,phase_any,4,15204.780045932635,dense_remote,synchronization_bursty,15360.0,dense_remote,synchronization_bursty,True,155.2199540673646,155.2199540673646
direct_coherent_all_shared,logistic_regression,debounced_offline,3a4b2d0ca7b922922f3c,victim_0010,0,remote_on_off,0,3799.0914558502673,local_compute,dense_remote,4020.0,local_compute,sparse_remote,True,220.90854414973273,220.90854414973273
direct_coherent_all_shared,logistic_regression,debounced_offline,42dd7cbc0b848c1a2d76,victim_0008,1,phase_exact,0,2978.015688481845,synchronization_bursty,dense_remote,,,,False,,
direct_coherent_all_shared,logistic_regression,debounced_offline,42dd7cbc0b848c1a2d76,victim_0008,1,phase_exact,1,6468.965710581726,dense_remote,sparse_remote,,,,False,,
direct_coherent_all_shared,logistic_regression,debounced_offline,42dd7cbc0b848c1a2d76,victim_0008,1,phase_exact,2,11679.055663519011,sparse_remote,local_compute,12000.0,sparse_remote,local_compute,True,320.94433648098857,320.94433648098857
direct_coherent_all_shared,logistic_regression,debounced_offline,42dd7cbc0b848c1a2d76,victim_0008,1,phase_exact,3,16457.887331498667,local_compute,dense_remote,,,,False,,
direct_coherent_all_shared,logistic_regression,debounced_offline,42dd7cbc0b848c1a2d76,victim_0008,1,phase_any,0,2978.015688481845,synchronization_bursty,dense_remote,3600.0,synchronization_bursty,sparse_remote,True,621.9843115181552,621.9843115181552
direct_coherent_all_shared,logistic_regression,debounced_offline,42dd7cbc0b848c1a2d76,victim_0008,1,phase_any,1,6468.965710581726,dense_remote,sparse_remote,,,,False,,
direct_coherent_all_shared,logistic_regression,debounced_offline,42dd7cbc0b848c1a2d76,victim_0008,1,phase_any,2,11679.055663519011,sparse_remote,local_compute,12000.0,sparse_remote,local_compute,True,320.94433648098857,320.94433648098857
direct_coherent_all_shared,logistic_regression,debounced_offline,42dd7cbc0b848c1a2d76,victim_0008,1,phase_any,3,16457.887331498667,local_compute,dense_remote,16620.0,local_compute,sparse_remote,True,162.11266850133325,162.11266850133325
direct_coherent_all_shared,logistic_regression,debounced_offline,42dd7cbc0b848c1a2d76,victim_0008,1,remote_on_off,2,11679.055663519011,sparse_remote,local_compute,12000.0,sparse_remote,local_compute,True,320.94433648098857,320.94433648098857
direct_coherent_all_shared,logistic_regression,debounced_offline,42dd7cbc0b848c1a2d76,victim_0008,1,remote_on_off,3,16457.887331498667,local_compute,dense_remote,16620.0,local_compute,sparse_remote,True,162.11266850133325,162.11266850133325
direct_coherent_all_shared,logistic_regression,debounced_offline,4945b517489a52128b60,victim_0002,1,phase_exact,0,4128.836103055568,sparse_remote,synchronization_bursty,4440.0,sparse_remote,synchronization_bursty,True,311.16389694443205,311.16389694443205
direct_coherent_all_shared,logistic_regression,debounced_offline,4945b517489a52128b60,victim_0002,1,phase_exact,1,8090.9366784642525,synchronization_bursty,local_compute,,,,False,,
direct_coherent_all_shared,logistic_regression,debounced_offline,4945b517489a52128b60,victim_0002,1,phase_exact,2,11252.308935390323,local_compute,dense_remote,,,,False,,
direct_coherent_all_shared,logistic_regression,debounced_offline,4945b517489a52128b60,victim_0002,1,phase_exact,3,14243.601544682242,dense_remote,sparse_remote,,,,False,,
direct_coherent_all_shared,logistic_regression,debounced_offline,4945b517489a52128b60,victim_0002,1,phase_any,0,4128.836103055568,sparse_remote,synchronization_bursty,4440.0,sparse_remote,synchronization_bursty,True,311.16389694443205,311.16389694443205
direct_coherent_all_shared,logistic_regression,debounced_offline,4945b517489a52128b60,victim_0002,1,phase_any,1,8090.9366784642525,synchronization_bursty,local_compute,8220.0,dense_remote,sparse_remote,True,129.0633215357475,129.0633215357475
direct_coherent_all_shared,logistic_regression,debounced_offline,4945b517489a52128b60,victim_0002,1,phase_any,2,11252.308935390323,local_compute,dense_remote,11580.0,local_compute,sparse_remote,True,327.6910646096767,327.6910646096767
direct_coherent_all_shared,logistic_regression,debounced_offline,4945b517489a52128b60,victim_0002,1,phase_any,3,14243.601544682242,dense_remote,sparse_remote,,,,False,,
direct_coherent_all_shared,logistic_regression,debounced_offline,4945b517489a52128b60,victim_0002,1,remote_on_off,1,8090.9366784642525,synchronization_bursty,local_compute,8640.0,sparse_remote,local_compute,True,549.0633215357475,549.0633215357475
direct_coherent_all_shared,logistic_regression,debounced_offline,4945b517489a52128b60,victim_0002,1,remote_on_off,2,11252.308935390323,local_compute,dense_remote,11580.0,local_compute,sparse_remote,True,327.6910646096767,327.6910646096767
direct_coherent_all_shared,logistic_regression,debounced_offline,52f65cc1f2f1d6036b0d,victim_0018,0,phase_exact,0,4823.51995045369,dense_remote,sparse_remote,,,,False,,
direct_coherent_all_shared,logistic_regression,debounced_offline,52f65cc1f2f1d6036b0d,victim_0018,0,phase_exact,1,9594.047520701628,sparse_remote,synchronization_bursty,9900.0,sparse_remote,synchronization_bursty,True,305.95247929837205,305.95247929837205
direct_coherent_all_shared,logistic_regression,debounced_offline,52f65cc1f2f1d6036b0d,victim_0018,0,phase_exact,2,12361.950228432477,synchronization_bursty,dense_remote,,,,False,,
direct_coherent_all_shared,logistic_regression,debounced_offline,52f65cc1f2f1d6036b0d,victim_0018,0,phase_exact,3,16100.566304239506,dense_remote,local_compute,,,,False,,
direct_coherent_all_shared,logistic_regression,debounced_offline,52f65cc1f2f1d6036b0d,victim_0018,0,phase_any,0,4823.51995045369,dense_remote,sparse_remote,,,,False,,
direct_coherent_all_shared,logistic_regression,debounced_offline,52f65cc1f2f1d6036b0d,victim_0018,0,phase_any,1,9594.047520701628,sparse_remote,synchronization_bursty,9900.0,sparse_remote,synchronization_bursty,True,305.95247929837205,305.95247929837205
direct_coherent_all_shared,logistic_regression,debounced_offline,52f65cc1f2f1d6036b0d,victim_0018,0,phase_any,2,12361.950228432477,synchronization_bursty,dense_remote,12840.0,synchronization_bursty,sparse_remote,True,478.04977156752284,478.04977156752284
direct_coherent_all_shared,logistic_regression,debounced_offline,52f65cc1f2f1d6036b0d,victim_0018,0,phase_any,3,16100.566304239506,dense_remote,local_compute,16620.0,dense_remote,sparse_remote,True,519.4336957604937,519.4336957604937
direct_coherent_all_shared,logistic_regression,debounced_offline,52f65cc1f2f1d6036b0d,victim_0018,0,remote_on_off,3,16100.566304239506,dense_remote,local_compute,,,,False,,
direct_coherent_all_shared,logistic_regression,debounced_offline,5f77ec93e99815ad8f64,victim_0035,0,phase_exact,0,5666.796589479767,sparse_remote,synchronization_bursty,,,,False,,
direct_coherent_all_shared,logistic_regression,debounced_offline,5f77ec93e99815ad8f64,victim_0035,0,phase_exact,1,11193.313605806132,synchronization_bursty,dense_remote,,,,False,,
direct_coherent_all_shared,logistic_regression,debounced_offline,5f77ec93e99815ad8f64,victim_0035,0,phase_exact,2,13748.01001582324,dense_remote,sparse_remote,,,,False,,
direct_coherent_all_shared,logistic_regression,debounced_offline,5f77ec93e99815ad8f64,victim_0035,0,phase_exact,3,16408.670686815945,sparse_remote,local_compute,,,,False,,
direct_coherent_all_shared,logistic_regression,debounced_offline,5f77ec93e99815ad8f64,victim_0035,0,phase_any,0,5666.796589479767,sparse_remote,synchronization_bursty,5700.0,sparse_remote,dense_remote,True,33.203410520232865,33.203410520232865
direct_coherent_all_shared,logistic_regression,debounced_offline,5f77ec93e99815ad8f64,victim_0035,0,phase_any,1,11193.313605806132,synchronization_bursty,dense_remote,,,,False,,
direct_coherent_all_shared,logistic_regression,debounced_offline,5f77ec93e99815ad8f64,victim_0035,0,phase_any,2,13748.01001582324,dense_remote,sparse_remote,,,,False,,
direct_coherent_all_shared,logistic_regression,debounced_offline,5f77ec93e99815ad8f64,victim_0035,0,phase_any,3,16408.670686815945,sparse_remote,local_compute,,,,False,,
direct_coherent_all_shared,logistic_regression,debounced_offline,5f77ec93e99815ad8f64,victim_0035,0,remote_on_off,3,16408.670686815945,sparse_remote,local_compute,,,,False,,
direct_coherent_all_shared,logistic_regression,debounced_offline,61f531cec831135c10e3,victim_0018,1,phase_exact,0,4823.51995045369,dense_remote,sparse_remote,,,,False,,
direct_coherent_all_shared,logistic_regression,debounced_offline,61f531cec831135c10e3,victim_0018,1,phase_exact,1,9594.047520701628,sparse_remote,synchronization_bursty,9900.0,sparse_remote,synchronization_bursty,True,305.95247929837205,305.95247929837205
direct_coherent_all_shared,logistic_regression,debounced_offline,61f531cec831135c10e3,victim_0018,1,phase_exact,2,12361.950228432477,synchronization_bursty,dense_remote,,,,False,,
direct_coherent_all_shared,logistic_regression,debounced_offline,61f531cec831135c10e3,victim_0018,1,phase_exact,3,16100.566304239506,dense_remote,local_compute,,,,False,,
direct_coherent_all_shared,logistic_regression,debounced_offline,61f531cec831135c10e3,victim_0018,1,phase_any,0,4823.51995045369,dense_remote,sparse_remote,,,,False,,
direct_coherent_all_shared,logistic_regression,debounced_offline,61f531cec831135c10e3,victim_0018,1,phase_any,1,9594.047520701628,sparse_remote,synchronization_bursty,9900.0,sparse_remote,synchronization_bursty,True,305.95247929837205,305.95247929837205
direct_coherent_all_shared,logistic_regression,debounced_offline,61f531cec831135c10e3,victim_0018,1,phase_any,2,12361.950228432477,synchronization_bursty,dense_remote,12840.0,synchronization_bursty,sparse_remote,True,478.04977156752284,478.04977156752284
direct_coherent_all_shared,logistic_regression,debounced_offline,61f531cec831135c10e3,victim_0018,1,phase_any,3,16100.566304239506,dense_remote,local_compute,16200.0,dense_remote,sparse_remote,True,99.43369576049372,99.43369576049372
direct_coherent_all_shared,logistic_regression,debounced_offline,61f531cec831135c10e3,victim_0018,1,remote_on_off,3,16100.566304239506,dense_remote,local_compute,,,,False,,
direct_coherent_all_shared,logistic_regression,debounced_offline,67f3bc4ab2c1ed28c867,victim_0006,1,phase_exact,0,3868.292651126604,sparse_remote,local_compute,,,,False,,
direct_coherent_all_shared,logistic_regression,debounced_offline,67f3bc4ab2c1ed28c867,victim_0006,1,phase_exact,1,8142.9548099510275,local_compute,sparse_remote,8220.0,local_compute,sparse_remote,True,77.04519004897247,77.04519004897247
direct_coherent_all_shared,logistic_regression,debounced_offline,67f3bc4ab2c1ed28c867,victim_0006,1,phase_exact,2,10850.749623475784,sparse_remote,synchronization_bursty,11160.0,sparse_remote,synchronization_bursty,True,309.25037652421634,309.25037652421634
direct_coherent_all_shared,logistic_regression,debounced_offline,67f3bc4ab2c1ed28c867,victim_0006,1,phase_exact,3,13905.834588475289,synchronization_bursty,dense_remote,14100.0,synchronization_bursty,dense_remote,True,194.1654115247111,194.1654115247111
direct_coherent_all_shared,logistic_regression,debounced_offline,67f3bc4ab2c1ed28c867,victim_0006,1,phase_any,0,3868.292651126604,sparse_remote,local_compute,3180.0,dense_remote,sparse_remote,True,-688.2926511266041,688.2926511266041
direct_coherent_all_shared,logistic_regression,debounced_offline,67f3bc4ab2c1ed28c867,victim_0006,1,phase_any,1,8142.9548099510275,local_compute,sparse_remote,8220.0,local_compute,sparse_remote,True,77.04519004897247,77.04519004897247
direct_coherent_all_shared,logistic_regression,debounced_offline,67f3bc4ab2c1ed28c867,victim_0006,1,phase_any,2,10850.749623475784,sparse_remote,synchronization_bursty,11160.0,sparse_remote,synchronization_bursty,True,309.25037652421634,309.25037652421634
direct_coherent_all_shared,logistic_regression,debounced_offline,67f3bc4ab2c1ed28c867,victim_0006,1,phase_any,3,13905.834588475289,synchronization_bursty,dense_remote,14100.0,synchronization_bursty,dense_remote,True,194.1654115247111,194.1654115247111
direct_coherent_all_shared,logistic_regression,debounced_offline,67f3bc4ab2c1ed28c867,victim_0006,1,remote_on_off,0,3868.292651126604,sparse_remote,local_compute,,,,False,,
direct_coherent_all_shared,logistic_regression,debounced_offline,67f3bc4ab2c1ed28c867,victim_0006,1,remote_on_off,1,8142.9548099510275,local_compute,sparse_remote,8220.0,local_compute,sparse_remote,True,77.04519004897247,77.04519004897247
direct_coherent_all_shared,logistic_regression,debounced_offline,779fa314c5204e93b08a,victim_0034,0,phase_exact,0,2584.983901882975,dense_remote,local_compute,,,,False,,
direct_coherent_all_shared,logistic_regression,debounced_offline,779fa314c5204e93b08a,victim_0034,0,phase_exact,1,5207.092213312335,local_compute,sparse_remote,5280.0,local_compute,sparse_remote,True,72.90778668766507,72.90778668766507
direct_coherent_all_shared,logistic_regression,debounced_offline,779fa314c5204e93b08a,victim_0034,0,phase_exact,2,8644.94250269917,sparse_remote,synchronization_bursty,,,,False,,
direct_coherent_all_shared,logistic_regression,debounced_offline,779fa314c5204e93b08a,victim_0034,0,phase_exact,3,11529.039859917659,synchronization_bursty,local_compute,11580.0,synchronization_bursty,local_compute,True,50.96014008234124,50.96014008234124
direct_coherent_all_shared,logistic_regression,debounced_offline,779fa314c5204e93b08a,victim_0034,0,phase_exact,4,16958.909792595652,local_compute,dense_remote,,,,False,,
direct_coherent_all_shared,logistic_regression,debounced_offline,779fa314c5204e93b08a,victim_0034,0,phase_any,0,2584.983901882975,dense_remote,local_compute,2760.0,dense_remote,sparse_remote,True,175.0160981170252,175.0160981170252
direct_coherent_all_shared,logistic_regression,debounced_offline,779fa314c5204e93b08a,victim_0034,0,phase_any,1,5207.092213312335,local_compute,sparse_remote,5280.0,local_compute,sparse_remote,True,72.90778668766507,72.90778668766507
direct_coherent_all_shared,logistic_regression,debounced_offline,779fa314c5204e93b08a,victim_0034,0,phase_any,2,8644.94250269917,sparse_remote,synchronization_bursty,8640.0,sparse_remote,dense_remote,True,-4.942502699170291,4.942502699170291
direct_coherent_all_shared,logistic_regression,debounced_offline,779fa314c5204e93b08a,victim_0034,0,phase_any,3,11529.039859917659,synchronization_bursty,local_compute,11580.0,synchronization_bursty,local_compute,True,50.96014008234124,50.96014008234124
direct_coherent_all_shared,logistic_regression,debounced_offline,779fa314c5204e93b08a,victim_0034,0,phase_any,4,16958.909792595652,local_compute,dense_remote,17040.0,local_compute,sparse_remote,True,81.0902074043479,81.0902074043479
direct_coherent_all_shared,logistic_regression,debounced_offline,779fa314c5204e93b08a,victim_0034,0,remote_on_off,0,2584.983901882975,dense_remote,local_compute,3180.0,sparse_remote,local_compute,True,595.0160981170252,595.0160981170252
direct_coherent_all_shared,logistic_regression,debounced_offline,779fa314c5204e93b08a,victim_0034,0,remote_on_off,1,5207.092213312335,local_compute,sparse_remote,5280.0,local_compute,sparse_remote,True,72.90778668766507,72.90778668766507
direct_coherent_all_shared,logistic_regression,debounced_offline,779fa314c5204e93b08a,victim_0034,0,remote_on_off,3,11529.039859917659,synchronization_bursty,local_compute,11580.0,synchronization_bursty,local_compute,True,50.96014008234124,50.96014008234124
direct_coherent_all_shared,logistic_regression,debounced_offline,779fa314c5204e93b08a,victim_0034,0,remote_on_off,4,16958.909792595652,local_compute,dense_remote,17040.0,local_compute,sparse_remote,True,81.0902074043479,81.0902074043479
direct_coherent_all_shared,logistic_regression,debounced_offline,78c3115c2a709cd8c555,victim_0034,1,phase_exact,0,2584.983901882975,dense_remote,local_compute,,,,False,,
direct_coherent_all_shared,logistic_regression,debounced_offline,78c3115c2a709cd8c555,victim_0034,1,phase_exact,1,5207.092213312335,local_compute,sparse_remote,5280.0,local_compute,sparse_remote,True,72.90778668766507,72.90778668766507
direct_coherent_all_shared,logistic_regression,debounced_offline,78c3115c2a709cd8c555,victim_0034,1,phase_exact,2,8644.94250269917,sparse_remote,synchronization_bursty,9060.0,sparse_remote,synchronization_bursty,True,415.0574973008297,415.0574973008297
direct_coherent_all_shared,logistic_regression,debounced_offline,78c3115c2a709cd8c555,victim_0034,1,phase_exact,3,11529.039859917659,synchronization_bursty,local_compute,11580.0,synchronization_bursty,local_compute,True,50.96014008234124,50.96014008234124
direct_coherent_all_shared,logistic_regression,debounced_offline,78c3115c2a709cd8c555,victim_0034,1,phase_exact,4,16958.909792595652,local_compute,dense_remote,,,,False,,
direct_coherent_all_shared,logistic_regression,debounced_offline,78c3115c2a709cd8c555,victim_0034,1,phase_any,0,2584.983901882975,dense_remote,local_compute,3180.0,dense_remote,sparse_remote,True,595.0160981170252,595.0160981170252
direct_coherent_all_shared,logistic_regression,debounced_offline,78c3115c2a709cd8c555,victim_0034,1,phase_any,1,5207.092213312335,local_compute,sparse_remote,5280.0,local_compute,sparse_remote,True,72.90778668766507,72.90778668766507
direct_coherent_all_shared,logistic_regression,debounced_offline,78c3115c2a709cd8c555,victim_0034,1,phase_any,2,8644.94250269917,sparse_remote,synchronization_bursty,9060.0,sparse_remote,synchronization_bursty,True,415.0574973008297,415.0574973008297
direct_coherent_all_shared,logistic_regression,debounced_offline,78c3115c2a709cd8c555,victim_0034,1,phase_any,3,11529.039859917659,synchronization_bursty,local_compute,11580.0,synchronization_bursty,local_compute,True,50.96014008234124,50.96014008234124
direct_coherent_all_shared,logistic_regression,debounced_offline,78c3115c2a709cd8c555,victim_0034,1,phase_any,4,16958.909792595652,local_compute,dense_remote,17040.0,local_compute,sparse_remote,True,81.0902074043479,81.0902074043479
direct_coherent_all_shared,logistic_regression,debounced_offline,78c3115c2a709cd8c555,victim_0034,1,remote_on_off,0,2584.983901882975,dense_remote,local_compute,,,,False,,
direct_coherent_all_shared,logistic_regression,debounced_offline,78c3115c2a709cd8c555,victim_0034,1,remote_on_off,1,5207.092213312335,local_compute,sparse_remote,5280.0,local_compute,sparse_remote,True,72.90778668766507,72.90778668766507
direct_coherent_all_shared,logistic_regression,debounced_offline,78c3115c2a709cd8c555,victim_0034,1,remote_on_off,3,11529.039859917659,synchronization_bursty,local_compute,11580.0,synchronization_bursty,local_compute,True,50.96014008234124,50.96014008234124
direct_coherent_all_shared,logistic_regression,debounced_offline,78c3115c2a709cd8c555,victim_0034,1,remote_on_off,4,16958.909792595652,local_compute,dense_remote,17040.0,local_compute,sparse_remote,True,81.0902074043479,81.0902074043479
direct_coherent_all_shared,logistic_regression,debounced_offline,7cb6f3fc675a160eca58,victim_0022,0,phase_exact,0,3282.393742262545,synchronization_bursty,sparse_remote,3600.0,synchronization_bursty,sparse_remote,True,317.60625773745505,317.60625773745505
direct_coherent_all_shared,logistic_regression,debounced_offline,7cb6f3fc675a160eca58,victim_0022,0,phase_exact,1,6879.426857186192,sparse_remote,dense_remote,6960.0,sparse_remote,dense_remote,True,80.57314281380786,80.57314281380786
direct_coherent_all_shared,logistic_regression,debounced_offline,7cb6f3fc675a160eca58,victim_0022,0,phase_exact,2,9968.001637570029,dense_remote,local_compute,,,,False,,
direct_coherent_all_shared,logistic_regression,debounced_offline,7cb6f3fc675a160eca58,victim_0022,0,phase_exact,3,14339.419944693838,local_compute,dense_remote,,,,False,,
direct_coherent_all_shared,logistic_regression,debounced_offline,7cb6f3fc675a160eca58,victim_0022,0,phase_exact,4,16767.069757922298,dense_remote,synchronization_bursty,17040.0,dense_remote,synchronization_bursty,True,272.93024207770213,272.93024207770213
direct_coherent_all_shared,logistic_regression,debounced_offline,7cb6f3fc675a160eca58,victim_0022,0,phase_any,0,3282.393742262545,synchronization_bursty,sparse_remote,3600.0,synchronization_bursty,sparse_remote,True,317.60625773745505,317.60625773745505
direct_coherent_all_shared,logistic_regression,debounced_offline,7cb6f3fc675a160eca58,victim_0022,0,phase_any,1,6879.426857186192,sparse_remote,dense_remote,6960.0,sparse_remote,dense_remote,True,80.57314281380786,80.57314281380786
direct_coherent_all_shared,logistic_regression,debounced_offline,7cb6f3fc675a160eca58,victim_0022,0,phase_any,2,9968.001637570029,dense_remote,local_compute,10740.0,dense_remote,sparse_remote,True,771.9983624299712,771.9983624299712
direct_coherent_all_shared,logistic_regression,debounced_offline,7cb6f3fc675a160eca58,victim_0022,0,phase_any,3,14339.419944693838,local_compute,dense_remote,14520.0,local_compute,sparse_remote,True,180.58005530616174,180.58005530616174
direct_coherent_all_shared,logistic_regression,debounced_offline,7cb6f3fc675a160eca58,victim_0022,0,phase_any,4,16767.069757922298,dense_remote,synchronization_bursty,17040.0,dense_remote,synchronization_bursty,True,272.93024207770213,272.93024207770213
direct_coherent_all_shared,logistic_regression,debounced_offline,7cb6f3fc675a160eca58,victim_0022,0,remote_on_off,2,9968.001637570029,dense_remote,local_compute,,,,False,,
direct_coherent_all_shared,logistic_regression,debounced_offline,7cb6f3fc675a160eca58,victim_0022,0,remote_on_off,3,14339.419944693838,local_compute,dense_remote,14520.0,local_compute,sparse_remote,True,180.58005530616174,180.58005530616174
direct_coherent_all_shared,logistic_regression,debounced_offline,7e996bcfa8694dc00cb1,victim_0020,1,phase_exact,0,3945.197190413731,dense_remote,local_compute,,,,False,,
direct_coherent_all_shared,logistic_regression,debounced_offline,7e996bcfa8694dc00cb1,victim_0020,1,phase_exact,1,8519.38861505275,local_compute,synchronization_bursty,8640.0,local_compute,synchronization_bursty,True,120.61138494724946,120.61138494724946
direct_coherent_all_shared,logistic_regression,debounced_offline,7e996bcfa8694dc00cb1,victim_0020,1,phase_exact,2,13972.618573212338,synchronization_bursty,local_compute,14520.0,synchronization_bursty,local_compute,True,547.3814267876623,547.3814267876623
direct_coherent_all_shared,logistic_regression,debounced_offline,7e996bcfa8694dc00cb1,victim_0020,1,phase_exact,3,17384.940617006945,local_compute,sparse_remote,17460.0,local_compute,sparse_remote,True,75.0593829930549,75.0593829930549
direct_coherent_all_shared,logistic_regression,debounced_offline,7e996bcfa8694dc00cb1,victim_0020,1,phase_any,0,3945.197190413731,dense_remote,local_compute,,,,False,,
direct_coherent_all_shared,logistic_regression,debounced_offline,7e996bcfa8694dc00cb1,victim_0020,1,phase_any,1,8519.38861505275,local_compute,synchronization_bursty,8640.0,local_compute,synchronization_bursty,True,120.61138494724946,120.61138494724946
direct_coherent_all_shared,logistic_regression,debounced_offline,7e996bcfa8694dc00cb1,victim_0020,1,phase_any,2,13972.618573212338,synchronization_bursty,local_compute,14520.0,synchronization_bursty,local_compute,True,547.3814267876623,547.3814267876623
direct_coherent_all_shared,logistic_regression,debounced_offline,7e996bcfa8694dc00cb1,victim_0020,1,phase_any,3,17384.940617006945,local_compute,sparse_remote,17460.0,local_compute,sparse_remote,True,75.0593829930549,75.0593829930549
direct_coherent_all_shared,logistic_regression,debounced_offline,7e996bcfa8694dc00cb1,victim_0020,1,remote_on_off,0,3945.197190413731,dense_remote,local_compute,,,,False,,
direct_coherent_all_shared,logistic_regression,debounced_offline,7e996bcfa8694dc00cb1,victim_0020,1,remote_on_off,1,8519.38861505275,local_compute,synchronization_bursty,8640.0,local_compute,synchronization_bursty,True,120.61138494724946,120.61138494724946
direct_coherent_all_shared,logistic_regression,debounced_offline,7e996bcfa8694dc00cb1,victim_0020,1,remote_on_off,2,13972.618573212338,synchronization_bursty,local_compute,14520.0,synchronization_bursty,local_compute,True,547.3814267876623,547.3814267876623
direct_coherent_all_shared,logistic_regression,debounced_offline,7e996bcfa8694dc00cb1,victim_0020,1,remote_on_off,3,17384.940617006945,local_compute,sparse_remote,17460.0,local_compute,sparse_remote,True,75.0593829930549,75.0593829930549
direct_coherent_all_shared,logistic_regression,debounced_offline,8b7dc1f95258bba97d4d,victim_0010,1,phase_exact,0,3799.0914558502673,local_compute,dense_remote,,,,False,,
direct_coherent_all_shared,logistic_regression,debounced_offline,8b7dc1f95258bba97d4d,victim_0010,1,phase_exact,1,7177.584870190105,dense_remote,sparse_remote,,,,False,,
direct_coherent_all_shared,logistic_regression,debounced_offline,8b7dc1f95258bba97d4d,victim_0010,1,phase_exact,2,9864.380078273627,sparse_remote,synchronization_bursty,9900.0,sparse_remote,synchronization_bursty,True,35.61992172637292,35.61992172637292
direct_coherent_all_shared,logistic_regression,debounced_offline,8b7dc1f95258bba97d4d,victim_0010,1,phase_exact,3,12803.703036780968,synchronization_bursty,dense_remote,,,,False,,
direct_coherent_all_shared,logistic_regression,debounced_offline,8b7dc1f95258bba97d4d,victim_0010,1,phase_exact,4,15204.780045932635,dense_remote,synchronization_bursty,15360.0,dense_remote,synchronization_bursty,True,155.2199540673646,155.2199540673646
direct_coherent_all_shared,logistic_regression,debounced_offline,8b7dc1f95258bba97d4d,victim_0010,1,phase_any,0,3799.0914558502673,local_compute,dense_remote,4020.0,local_compute,sparse_remote,True,220.90854414973273,220.90854414973273
direct_coherent_all_shared,logistic_regression,debounced_offline,8b7dc1f95258bba97d4d,victim_0010,1,phase_any,1,7177.584870190105,dense_remote,sparse_remote,,,,False,,
direct_coherent_all_shared,logistic_regression,debounced_offline,8b7dc1f95258bba97d4d,victim_0010,1,phase_any,2,9864.380078273627,sparse_remote,synchronization_bursty,9900.0,sparse_remote,synchronization_bursty,True,35.61992172637292,35.61992172637292
direct_coherent_all_shared,logistic_regression,debounced_offline,8b7dc1f95258bba97d4d,victim_0010,1,phase_any,3,12803.703036780968,synchronization_bursty,dense_remote,12840.0,synchronization_bursty,sparse_remote,True,36.29696321903248,36.29696321903248
direct_coherent_all_shared,logistic_regression,debounced_offline,8b7dc1f95258bba97d4d,victim_0010,1,phase_any,4,15204.780045932635,dense_remote,synchronization_bursty,15360.0,dense_remote,synchronization_bursty,True,155.2199540673646,155.2199540673646
direct_coherent_all_shared,logistic_regression,debounced_offline,8b7dc1f95258bba97d4d,victim_0010,1,remote_on_off,0,3799.0914558502673,local_compute,dense_remote,4020.0,local_compute,sparse_remote,True,220.90854414973273,220.90854414973273
direct_coherent_all_shared,logistic_regression,debounced_offline,a52580e2d76ee68258b2,victim_0002,0,phase_exact,0,4128.836103055568,sparse_remote,synchronization_bursty,4440.0,sparse_remote,synchronization_bursty,True,311.16389694443205,311.16389694443205
direct_coherent_all_shared,logistic_regression,debounced_offline,a52580e2d76ee68258b2,victim_0002,0,phase_exact,1,8090.9366784642525,synchronization_bursty,local_compute,,,,False,,
direct_coherent_all_shared,logistic_regression,debounced_offline,a52580e2d76ee68258b2,victim_0002,0,phase_exact,2,11252.308935390323,local_compute,dense_remote,,,,False,,
direct_coherent_all_shared,logistic_regression,debounced_offline,a52580e2d76ee68258b2,victim_0002,0,phase_exact,3,14243.601544682242,dense_remote,sparse_remote,,,,False,,
direct_coherent_all_shared,logistic_regression,debounced_offline,a52580e2d76ee68258b2,victim_0002,0,phase_any,0,4128.836103055568,sparse_remote,synchronization_bursty,4440.0,sparse_remote,synchronization_bursty,True,311.16389694443205,311.16389694443205
direct_coherent_all_shared,logistic_regression,debounced_offline,a52580e2d76ee68258b2,victim_0002,0,phase_any,1,8090.9366784642525,synchronization_bursty,local_compute,8220.0,dense_remote,sparse_remote,True,129.0633215357475,129.0633215357475
direct_coherent_all_shared,logistic_regression,debounced_offline,a52580e2d76ee68258b2,victim_0002,0,phase_any,2,11252.308935390323,local_compute,dense_remote,11580.0,local_compute,sparse_remote,True,327.6910646096767,327.6910646096767
direct_coherent_all_shared,logistic_regression,debounced_offline,a52580e2d76ee68258b2,victim_0002,0,phase_any,3,14243.601544682242,dense_remote,sparse_remote,,,,False,,
direct_coherent_all_shared,logistic_regression,debounced_offline,a52580e2d76ee68258b2,victim_0002,0,remote_on_off,1,8090.9366784642525,synchronization_bursty,local_compute,8640.0,sparse_remote,local_compute,True,549.0633215357475,549.0633215357475
direct_coherent_all_shared,logistic_regression,debounced_offline,a52580e2d76ee68258b2,victim_0002,0,remote_on_off,2,11252.308935390323,local_compute,dense_remote,11580.0,local_compute,sparse_remote,True,327.6910646096767,327.6910646096767
direct_coherent_all_shared,logistic_regression,debounced_offline,bc79906fd50c83274bf5,victim_0035,1,phase_exact,0,5666.796589479767,sparse_remote,synchronization_bursty,,,,False,,
direct_coherent_all_shared,logistic_regression,debounced_offline,bc79906fd50c83274bf5,victim_0035,1,phase_exact,1,11193.313605806132,synchronization_bursty,dense_remote,,,,False,,
direct_coherent_all_shared,logistic_regression,debounced_offline,bc79906fd50c83274bf5,victim_0035,1,phase_exact,2,13748.01001582324,dense_remote,sparse_remote,14520.0,dense_remote,sparse_remote,True,771.9899841767601,771.9899841767601
direct_coherent_all_shared,logistic_regression,debounced_offline,bc79906fd50c83274bf5,victim_0035,1,phase_exact,3,16408.670686815945,sparse_remote,local_compute,,,,False,,
direct_coherent_all_shared,logistic_regression,debounced_offline,bc79906fd50c83274bf5,victim_0035,1,phase_any,0,5666.796589479767,sparse_remote,synchronization_bursty,5280.0,sparse_remote,dense_remote,True,-386.79658947976714,386.79658947976714
direct_coherent_all_shared,logistic_regression,debounced_offline,bc79906fd50c83274bf5,victim_0035,1,phase_any,1,11193.313605806132,synchronization_bursty,dense_remote,12000.0,synchronization_bursty,sparse_remote,True,806.6863941938682,806.6863941938682
direct_coherent_all_shared,logistic_regression,debounced_offline,bc79906fd50c83274bf5,victim_0035,1,phase_any,2,13748.01001582324,dense_remote,sparse_remote,14520.0,dense_remote,sparse_remote,True,771.9899841767601,771.9899841767601
direct_coherent_all_shared,logistic_regression,debounced_offline,bc79906fd50c83274bf5,victim_0035,1,phase_any,3,16408.670686815945,sparse_remote,local_compute,,,,False,,
direct_coherent_all_shared,logistic_regression,debounced_offline,bc79906fd50c83274bf5,victim_0035,1,remote_on_off,3,16408.670686815945,sparse_remote,local_compute,,,,False,,
direct_coherent_all_shared,logistic_regression,debounced_offline,d9d26f0c3415d24edf4b,victim_0003,1,phase_exact,0,3184.1511702802213,local_compute,sparse_remote,3180.0,local_compute,sparse_remote,True,-4.151170280221322,4.151170280221322
direct_coherent_all_shared,logistic_regression,debounced_offline,d9d26f0c3415d24edf4b,victim_0003,1,phase_exact,1,8137.308551850549,sparse_remote,dense_remote,8640.0,sparse_remote,dense_remote,True,502.6914481494514,502.6914481494514
direct_coherent_all_shared,logistic_regression,debounced_offline,d9d26f0c3415d24edf4b,victim_0003,1,phase_exact,2,11766.900719130488,dense_remote,sparse_remote,,,,False,,
direct_coherent_all_shared,logistic_regression,debounced_offline,d9d26f0c3415d24edf4b,victim_0003,1,phase_exact,3,16533.76894948869,sparse_remote,synchronization_bursty,,,,False,,
direct_coherent_all_shared,logistic_regression,debounced_offline,d9d26f0c3415d24edf4b,victim_0003,1,phase_any,0,3184.1511702802213,local_compute,sparse_remote,3180.0,local_compute,sparse_remote,True,-4.151170280221322,4.151170280221322
direct_coherent_all_shared,logistic_regression,debounced_offline,d9d26f0c3415d24edf4b,victim_0003,1,phase_any,1,8137.308551850549,sparse_remote,dense_remote,8640.0,sparse_remote,dense_remote,True,502.6914481494514,502.6914481494514
direct_coherent_all_shared,logistic_regression,debounced_offline,d9d26f0c3415d24edf4b,victim_0003,1,phase_any,2,11766.900719130488,dense_remote,sparse_remote,,,,False,,
direct_coherent_all_shared,logistic_regression,debounced_offline,d9d26f0c3415d24edf4b,victim_0003,1,phase_any,3,16533.76894948869,sparse_remote,synchronization_bursty,16620.0,sparse_remote,dense_remote,True,86.23105051130915,86.23105051130915
direct_coherent_all_shared,logistic_regression,debounced_offline,d9d26f0c3415d24edf4b,victim_0003,1,remote_on_off,0,3184.1511702802213,local_compute,sparse_remote,3180.0,local_compute,sparse_remote,True,-4.151170280221322,4.151170280221322
direct_coherent_all_shared,logistic_regression,debounced_offline,dd445dce99cbf4e9fc71,victim_0031,0,phase_exact,0,4159.949493759739,local_compute,dense_remote,,,,False,,
direct_coherent_all_shared,logistic_regression,debounced_offline,dd445dce99cbf4e9fc71,victim_0031,0,phase_exact,1,8524.953030037665,dense_remote,sparse_remote,,,,False,,
direct_coherent_all_shared,logistic_regression,debounced_offline,dd445dce99cbf4e9fc71,victim_0031,0,phase_exact,2,11172.11201804374,sparse_remote,synchronization_bursty,11580.0,sparse_remote,synchronization_bursty,True,407.8879819562608,407.8879819562608
direct_coherent_all_shared,logistic_regression,debounced_offline,dd445dce99cbf4e9fc71,victim_0031,0,phase_exact,3,14427.950477163511,synchronization_bursty,dense_remote,,,,False,,
direct_coherent_all_shared,logistic_regression,debounced_offline,dd445dce99cbf4e9fc71,victim_0031,0,phase_exact,4,17846.27700177856,dense_remote,local_compute,,,,False,,
direct_coherent_all_shared,logistic_regression,debounced_offline,dd445dce99cbf4e9fc71,victim_0031,0,phase_any,0,4159.949493759739,local_compute,dense_remote,4440.0,local_compute,sparse_remote,True,280.0505062402608,280.0505062402608
direct_coherent_all_shared,logistic_regression,debounced_offline,dd445dce99cbf4e9fc71,victim_0031,0,phase_any,1,8524.953030037665,dense_remote,sparse_remote,,,,False,,
direct_coherent_all_shared,logistic_regression,debounced_offline,dd445dce99cbf4e9fc71,victim_0031,0,phase_any,2,11172.11201804374,sparse_remote,synchronization_bursty,11580.0,sparse_remote,synchronization_bursty,True,407.8879819562608,407.8879819562608
direct_coherent_all_shared,logistic_regression,debounced_offline,dd445dce99cbf4e9fc71,victim_0031,0,phase_any,3,14427.950477163511,synchronization_bursty,dense_remote,14520.0,local_compute,dense_remote,True,92.0495228364889,92.0495228364889
direct_coherent_all_shared,logistic_regression,debounced_offline,dd445dce99cbf4e9fc71,victim_0031,0,phase_any,4,17846.27700177856,dense_remote,local_compute,,,,False,,
direct_coherent_all_shared,logistic_regression,debounced_offline,dd445dce99cbf4e9fc71,victim_0031,0,remote_on_off,0,4159.949493759739,local_compute,dense_remote,4440.0,local_compute,sparse_remote,True,280.0505062402608,280.0505062402608
direct_coherent_all_shared,logistic_regression,debounced_offline,dd445dce99cbf4e9fc71,victim_0031,0,remote_on_off,4,17846.27700177856,dense_remote,local_compute,,,,False,,
direct_coherent_all_shared,logistic_regression,debounced_offline,e6c7d63e8d95dda1f2c2,victim_0031,1,phase_exact,0,4159.949493759739,local_compute,dense_remote,,,,False,,
direct_coherent_all_shared,logistic_regression,debounced_offline,e6c7d63e8d95dda1f2c2,victim_0031,1,phase_exact,1,8524.953030037665,dense_remote,sparse_remote,,,,False,,
direct_coherent_all_shared,logistic_regression,debounced_offline,e6c7d63e8d95dda1f2c2,victim_0031,1,phase_exact,2,11172.11201804374,sparse_remote,synchronization_bursty,,,,False,,
direct_coherent_all_shared,logistic_regression,debounced_offline,e6c7d63e8d95dda1f2c2,victim_0031,1,phase_exact,3,14427.950477163511,synchronization_bursty,dense_remote,,,,False,,
direct_coherent_all_shared,logistic_regression,debounced_offline,e6c7d63e8d95dda1f2c2,victim_0031,1,phase_exact,4,17846.27700177856,dense_remote,local_compute,,,,False,,
direct_coherent_all_shared,logistic_regression,debounced_offline,e6c7d63e8d95dda1f2c2,victim_0031,1,phase_any,0,4159.949493759739,local_compute,dense_remote,4440.0,local_compute,sparse_remote,True,280.0505062402608,280.0505062402608
direct_coherent_all_shared,logistic_regression,debounced_offline,e6c7d63e8d95dda1f2c2,victim_0031,1,phase_any,1,8524.953030037665,dense_remote,sparse_remote,,,,False,,
direct_coherent_all_shared,logistic_regression,debounced_offline,e6c7d63e8d95dda1f2c2,victim_0031,1,phase_any,2,11172.11201804374,sparse_remote,synchronization_bursty,11160.0,sparse_remote,dense_remote,True,-12.112018043739226,12.112018043739226
direct_coherent_all_shared,logistic_regression,debounced_offline,e6c7d63e8d95dda1f2c2,victim_0031,1,phase_any,3,14427.950477163511,synchronization_bursty,dense_remote,,,,False,,
direct_coherent_all_shared,logistic_regression,debounced_offline,e6c7d63e8d95dda1f2c2,victim_0031,1,phase_any,4,17846.27700177856,dense_remote,local_compute,18300.0,dense_remote,sparse_remote,True,453.72299822144123,453.72299822144123
direct_coherent_all_shared,logistic_regression,debounced_offline,e6c7d63e8d95dda1f2c2,victim_0031,1,remote_on_off,0,4159.949493759739,local_compute,dense_remote,4440.0,local_compute,sparse_remote,True,280.0505062402608,280.0505062402608
direct_coherent_all_shared,logistic_regression,debounced_offline,e6c7d63e8d95dda1f2c2,victim_0031,1,remote_on_off,4,17846.27700177856,dense_remote,local_compute,,,,False,,
direct_coherent_all_shared,logistic_regression,debounced_offline,e7639a00c9ac6ae3c669,victim_0008,0,phase_exact,0,2978.015688481845,synchronization_bursty,dense_remote,,,,False,,
direct_coherent_all_shared,logistic_regression,debounced_offline,e7639a00c9ac6ae3c669,victim_0008,0,phase_exact,1,6468.965710581726,dense_remote,sparse_remote,,,,False,,
direct_coherent_all_shared,logistic_regression,debounced_offline,e7639a00c9ac6ae3c669,victim_0008,0,phase_exact,2,11679.055663519011,sparse_remote,local_compute,,,,False,,
direct_coherent_all_shared,logistic_regression,debounced_offline,e7639a00c9ac6ae3c669,victim_0008,0,phase_exact,3,16457.887331498667,local_compute,dense_remote,,,,False,,
direct_coherent_all_shared,logistic_regression,debounced_offline,e7639a00c9ac6ae3c669,victim_0008,0,phase_any,0,2978.015688481845,synchronization_bursty,dense_remote,,,,False,,
direct_coherent_all_shared,logistic_regression,debounced_offline,e7639a00c9ac6ae3c669,victim_0008,0,phase_any,1,6468.965710581726,dense_remote,sparse_remote,,,,False,,
direct_coherent_all_shared,logistic_regression,debounced_offline,e7639a00c9ac6ae3c669,victim_0008,0,phase_any,2,11679.055663519011,sparse_remote,local_compute,,,,False,,
direct_coherent_all_shared,logistic_regression,debounced_offline,e7639a00c9ac6ae3c669,victim_0008,0,phase_any,3,16457.887331498667,local_compute,dense_remote,16620.0,local_compute,sparse_remote,True,162.11266850133325,162.11266850133325
direct_coherent_all_shared,logistic_regression,debounced_offline,e7639a00c9ac6ae3c669,victim_0008,0,remote_on_off,2,11679.055663519011,sparse_remote,local_compute,,,,False,,
direct_coherent_all_shared,logistic_regression,debounced_offline,e7639a00c9ac6ae3c669,victim_0008,0,remote_on_off,3,16457.887331498667,local_compute,dense_remote,16620.0,local_compute,sparse_remote,True,162.11266850133325,162.11266850133325
direct_coherent_all_shared,logistic_regression,debounced_offline,f9abaf95dce2b8c722c4,victim_0006,0,phase_exact,0,3868.292651126604,sparse_remote,local_compute,,,,False,,
direct_coherent_all_shared,logistic_regression,debounced_offline,f9abaf95dce2b8c722c4,victim_0006,0,phase_exact,1,8142.9548099510275,local_compute,sparse_remote,8220.0,local_compute,sparse_remote,True,77.04519004897247,77.04519004897247
direct_coherent_all_shared,logistic_regression,debounced_offline,f9abaf95dce2b8c722c4,victim_0006,0,phase_exact,2,10850.749623475784,sparse_remote,synchronization_bursty,11160.0,sparse_remote,synchronization_bursty,True,309.25037652421634,309.25037652421634
direct_coherent_all_shared,logistic_regression,debounced_offline,f9abaf95dce2b8c722c4,victim_0006,0,phase_exact,3,13905.834588475289,synchronization_bursty,dense_remote,,,,False,,
direct_coherent_all_shared,logistic_regression,debounced_offline,f9abaf95dce2b8c722c4,victim_0006,0,phase_any,0,3868.292651126604,sparse_remote,local_compute,,,,False,,
direct_coherent_all_shared,logistic_regression,debounced_offline,f9abaf95dce2b8c722c4,victim_0006,0,phase_any,1,8142.9548099510275,local_compute,sparse_remote,8220.0,local_compute,sparse_remote,True,77.04519004897247,77.04519004897247
direct_coherent_all_shared,logistic_regression,debounced_offline,f9abaf95dce2b8c722c4,victim_0006,0,phase_any,2,10850.749623475784,sparse_remote,synchronization_bursty,11160.0,sparse_remote,synchronization_bursty,True,309.25037652421634,309.25037652421634
direct_coherent_all_shared,logistic_regression,debounced_offline,f9abaf95dce2b8c722c4,victim_0006,0,phase_any,3,13905.834588475289,synchronization_bursty,dense_remote,,,,False,,
direct_coherent_all_shared,logistic_regression,debounced_offline,f9abaf95dce2b8c722c4,victim_0006,0,remote_on_off,0,3868.292651126604,sparse_remote,local_compute,,,,False,,
direct_coherent_all_shared,logistic_regression,debounced_offline,f9abaf95dce2b8c722c4,victim_0006,0,remote_on_off,1,8142.9548099510275,local_compute,sparse_remote,8220.0,local_compute,sparse_remote,True,77.04519004897247,77.04519004897247
direct_coherent_all_shared,logistic_regression,raw_online,037992cac1ae1a38156a,victim_0020,0,phase_exact,0,3945.197190413731,dense_remote,local_compute,,,,False,,
direct_coherent_all_shared,logistic_regression,raw_online,037992cac1ae1a38156a,victim_0020,0,phase_exact,1,8519.38861505275,local_compute,synchronization_bursty,8640.0,local_compute,synchronization_bursty,True,120.61138494724946,120.61138494724946
direct_coherent_all_shared,logistic_regression,raw_online,037992cac1ae1a38156a,victim_0020,0,phase_exact,2,13972.618573212338,synchronization_bursty,local_compute,,,,False,,
direct_coherent_all_shared,logistic_regression,raw_online,037992cac1ae1a38156a,victim_0020,0,phase_exact,3,17384.940617006945,local_compute,sparse_remote,17460.0,local_compute,sparse_remote,True,75.0593829930549,75.0593829930549
direct_coherent_all_shared,logistic_regression,raw_online,037992cac1ae1a38156a,victim_0020,0,phase_any,0,3945.197190413731,dense_remote,local_compute,4440.0,dense_remote,sparse_remote,True,494.8028095862692,494.8028095862692
direct_coherent_all_shared,logistic_regression,raw_online,037992cac1ae1a38156a,victim_0020,0,phase_any,1,8519.38861505275,local_compute,synchronization_bursty,8640.0,local_compute,synchronization_bursty,True,120.61138494724946,120.61138494724946
direct_coherent_all_shared,logistic_regression,raw_online,037992cac1ae1a38156a,victim_0020,0,phase_any,2,13972.618573212338,synchronization_bursty,local_compute,,,,False,,
direct_coherent_all_shared,logistic_regression,raw_online,037992cac1ae1a38156a,victim_0020,0,phase_any,3,17384.940617006945,local_compute,sparse_remote,17460.0,local_compute,sparse_remote,True,75.0593829930549,75.0593829930549
direct_coherent_all_shared,logistic_regression,raw_online,037992cac1ae1a38156a,victim_0020,0,remote_on_off,0,3945.197190413731,dense_remote,local_compute,,,,False,,
direct_coherent_all_shared,logistic_regression,raw_online,037992cac1ae1a38156a,victim_0020,0,remote_on_off,1,8519.38861505275,local_compute,synchronization_bursty,8640.0,local_compute,synchronization_bursty,True,120.61138494724946,120.61138494724946
direct_coherent_all_shared,logistic_regression,raw_online,037992cac1ae1a38156a,victim_0020,0,remote_on_off,2,13972.618573212338,synchronization_bursty,local_compute,,,,False,,
direct_coherent_all_shared,logistic_regression,raw_online,037992cac1ae1a38156a,victim_0020,0,remote_on_off,3,17384.940617006945,local_compute,sparse_remote,17460.0,local_compute,sparse_remote,True,75.0593829930549,75.0593829930549
direct_coherent_all_shared,logistic_regression,raw_online,0dc93c37bd6c52638ff9,victim_0003,0,phase_exact,0,3184.1511702802213,local_compute,sparse_remote,3600.0,local_compute,sparse_remote,True,415.8488297197787,415.8488297197787
direct_coherent_all_shared,logistic_regression,raw_online,0dc93c37bd6c52638ff9,victim_0003,0,phase_exact,1,8137.308551850549,sparse_remote,dense_remote,8640.0,sparse_remote,dense_remote,True,502.6914481494514,502.6914481494514
direct_coherent_all_shared,logistic_regression,raw_online,0dc93c37bd6c52638ff9,victim_0003,0,phase_exact,2,11766.900719130488,dense_remote,sparse_remote,,,,False,,
direct_coherent_all_shared,logistic_regression,raw_online,0dc93c37bd6c52638ff9,victim_0003,0,phase_exact,3,16533.76894948869,sparse_remote,synchronization_bursty,17040.0,sparse_remote,synchronization_bursty,True,506.23105051130915,506.23105051130915
direct_coherent_all_shared,logistic_regression,raw_online,0dc93c37bd6c52638ff9,victim_0003,0,phase_any,0,3184.1511702802213,local_compute,sparse_remote,3600.0,local_compute,sparse_remote,True,415.8488297197787,415.8488297197787
direct_coherent_all_shared,logistic_regression,raw_online,0dc93c37bd6c52638ff9,victim_0003,0,phase_any,1,8137.308551850549,sparse_remote,dense_remote,8640.0,sparse_remote,dense_remote,True,502.6914481494514,502.6914481494514
direct_coherent_all_shared,logistic_regression,raw_online,0dc93c37bd6c52638ff9,victim_0003,0,phase_any,2,11766.900719130488,dense_remote,sparse_remote,,,,False,,
direct_coherent_all_shared,logistic_regression,raw_online,0dc93c37bd6c52638ff9,victim_0003,0,phase_any,3,16533.76894948869,sparse_remote,synchronization_bursty,17040.0,sparse_remote,synchronization_bursty,True,506.23105051130915,506.23105051130915
direct_coherent_all_shared,logistic_regression,raw_online,0dc93c37bd6c52638ff9,victim_0003,0,remote_on_off,0,3184.1511702802213,local_compute,sparse_remote,3600.0,local_compute,sparse_remote,True,415.8488297197787,415.8488297197787
direct_coherent_all_shared,logistic_regression,raw_online,1d612afddb5a14c10508,victim_0022,1,phase_exact,0,3282.393742262545,synchronization_bursty,sparse_remote,,,,False,,
direct_coherent_all_shared,logistic_regression,raw_online,1d612afddb5a14c10508,victim_0022,1,phase_exact,1,6879.426857186192,sparse_remote,dense_remote,6540.0,sparse_remote,dense_remote,True,-339.42685718619214,339.42685718619214
direct_coherent_all_shared,logistic_regression,raw_online,1d612afddb5a14c10508,victim_0022,1,phase_exact,2,9968.001637570029,dense_remote,local_compute,,,,False,,
direct_coherent_all_shared,logistic_regression,raw_online,1d612afddb5a14c10508,victim_0022,1,phase_exact,3,14339.419944693838,local_compute,dense_remote,,,,False,,
direct_coherent_all_shared,logistic_regression,raw_online,1d612afddb5a14c10508,victim_0022,1,phase_exact,4,16767.069757922298,dense_remote,synchronization_bursty,17040.0,dense_remote,synchronization_bursty,True,272.93024207770213,272.93024207770213
direct_coherent_all_shared,logistic_regression,raw_online,1d612afddb5a14c10508,victim_0022,1,phase_any,0,3282.393742262545,synchronization_bursty,sparse_remote,4020.0,synchronization_bursty,local_compute,True,737.606257737455,737.606257737455
direct_coherent_all_shared,logistic_regression,raw_online,1d612afddb5a14c10508,victim_0022,1,phase_any,1,6879.426857186192,sparse_remote,dense_remote,6540.0,sparse_remote,dense_remote,True,-339.42685718619214,339.42685718619214
direct_coherent_all_shared,logistic_regression,raw_online,1d612afddb5a14c10508,victim_0022,1,phase_any,2,9968.001637570029,dense_remote,local_compute,10320.0,dense_remote,sparse_remote,True,351.99836242997117,351.99836242997117
direct_coherent_all_shared,logistic_regression,raw_online,1d612afddb5a14c10508,victim_0022,1,phase_any,3,14339.419944693838,local_compute,dense_remote,14520.0,local_compute,sparse_remote,True,180.58005530616174,180.58005530616174
direct_coherent_all_shared,logistic_regression,raw_online,1d612afddb5a14c10508,victim_0022,1,phase_any,4,16767.069757922298,dense_remote,synchronization_bursty,17040.0,dense_remote,synchronization_bursty,True,272.93024207770213,272.93024207770213
direct_coherent_all_shared,logistic_regression,raw_online,1d612afddb5a14c10508,victim_0022,1,remote_on_off,2,9968.001637570029,dense_remote,local_compute,10740.0,sparse_remote,local_compute,True,771.9983624299712,771.9983624299712
direct_coherent_all_shared,logistic_regression,raw_online,1d612afddb5a14c10508,victim_0022,1,remote_on_off,3,14339.419944693838,local_compute,dense_remote,14520.0,local_compute,sparse_remote,True,180.58005530616174,180.58005530616174
direct_coherent_all_shared,logistic_regression,raw_online,3a4b2d0ca7b922922f3c,victim_0010,0,phase_exact,0,3799.0914558502673,local_compute,dense_remote,,,,False,,
direct_coherent_all_shared,logistic_regression,raw_online,3a4b2d0ca7b922922f3c,victim_0010,0,phase_exact,1,7177.584870190105,dense_remote,sparse_remote,,,,False,,
direct_coherent_all_shared,logistic_regression,raw_online,3a4b2d0ca7b922922f3c,victim_0010,0,phase_exact,2,9864.380078273627,sparse_remote,synchronization_bursty,9900.0,sparse_remote,synchronization_bursty,True,35.61992172637292,35.61992172637292
direct_coherent_all_shared,logistic_regression,raw_online,3a4b2d0ca7b922922f3c,victim_0010,0,phase_exact,3,12803.703036780968,synchronization_bursty,dense_remote,,,,False,,
direct_coherent_all_shared,logistic_regression,raw_online,3a4b2d0ca7b922922f3c,victim_0010,0,phase_exact,4,15204.780045932635,dense_remote,synchronization_bursty,15360.0,dense_remote,synchronization_bursty,True,155.2199540673646,155.2199540673646
direct_coherent_all_shared,logistic_regression,raw_online,3a4b2d0ca7b922922f3c,victim_0010,0,phase_any,0,3799.0914558502673,local_compute,dense_remote,4020.0,local_compute,sparse_remote,True,220.90854414973273,220.90854414973273
direct_coherent_all_shared,logistic_regression,raw_online,3a4b2d0ca7b922922f3c,victim_0010,0,phase_any,1,7177.584870190105,dense_remote,sparse_remote,,,,False,,
direct_coherent_all_shared,logistic_regression,raw_online,3a4b2d0ca7b922922f3c,victim_0010,0,phase_any,2,9864.380078273627,sparse_remote,synchronization_bursty,9900.0,sparse_remote,synchronization_bursty,True,35.61992172637292,35.61992172637292
direct_coherent_all_shared,logistic_regression,raw_online,3a4b2d0ca7b922922f3c,victim_0010,0,phase_any,3,12803.703036780968,synchronization_bursty,dense_remote,,,,False,,
direct_coherent_all_shared,logistic_regression,raw_online,3a4b2d0ca7b922922f3c,victim_0010,0,phase_any,4,15204.780045932635,dense_remote,synchronization_bursty,15360.0,dense_remote,synchronization_bursty,True,155.2199540673646,155.2199540673646
direct_coherent_all_shared,logistic_regression,raw_online,3a4b2d0ca7b922922f3c,victim_0010,0,remote_on_off,0,3799.0914558502673,local_compute,dense_remote,4020.0,local_compute,sparse_remote,True,220.90854414973273,220.90854414973273
direct_coherent_all_shared,logistic_regression,raw_online,42dd7cbc0b848c1a2d76,victim_0008,1,phase_exact,0,2978.015688481845,synchronization_bursty,dense_remote,,,,False,,
direct_coherent_all_shared,logistic_regression,raw_online,42dd7cbc0b848c1a2d76,victim_0008,1,phase_exact,1,6468.965710581726,dense_remote,sparse_remote,,,,False,,
direct_coherent_all_shared,logistic_regression,raw_online,42dd7cbc0b848c1a2d76,victim_0008,1,phase_exact,2,11679.055663519011,sparse_remote,local_compute,12000.0,sparse_remote,local_compute,True,320.94433648098857,320.94433648098857
direct_coherent_all_shared,logistic_regression,raw_online,42dd7cbc0b848c1a2d76,victim_0008,1,phase_exact,3,16457.887331498667,local_compute,dense_remote,,,,False,,
direct_coherent_all_shared,logistic_regression,raw_online,42dd7cbc0b848c1a2d76,victim_0008,1,phase_any,0,2978.015688481845,synchronization_bursty,dense_remote,3600.0,synchronization_bursty,sparse_remote,True,621.9843115181552,621.9843115181552
direct_coherent_all_shared,logistic_regression,raw_online,42dd7cbc0b848c1a2d76,victim_0008,1,phase_any,1,6468.965710581726,dense_remote,sparse_remote,,,,False,,
direct_coherent_all_shared,logistic_regression,raw_online,42dd7cbc0b848c1a2d76,victim_0008,1,phase_any,2,11679.055663519011,sparse_remote,local_compute,12000.0,sparse_remote,local_compute,True,320.94433648098857,320.94433648098857
direct_coherent_all_shared,logistic_regression,raw_online,42dd7cbc0b848c1a2d76,victim_0008,1,phase_any,3,16457.887331498667,local_compute,dense_remote,16620.0,local_compute,sparse_remote,True,162.11266850133325,162.11266850133325
direct_coherent_all_shared,logistic_regression,raw_online,42dd7cbc0b848c1a2d76,victim_0008,1,remote_on_off,2,11679.055663519011,sparse_remote,local_compute,12000.0,sparse_remote,local_compute,True,320.94433648098857,320.94433648098857
direct_coherent_all_shared,logistic_regression,raw_online,42dd7cbc0b848c1a2d76,victim_0008,1,remote_on_off,3,16457.887331498667,local_compute,dense_remote,16620.0,local_compute,sparse_remote,True,162.11266850133325,162.11266850133325
direct_coherent_all_shared,logistic_regression,raw_online,4945b517489a52128b60,victim_0002,1,phase_exact,0,4128.836103055568,sparse_remote,synchronization_bursty,4440.0,sparse_remote,synchronization_bursty,True,311.16389694443205,311.16389694443205
direct_coherent_all_shared,logistic_regression,raw_online,4945b517489a52128b60,victim_0002,1,phase_exact,1,8090.9366784642525,synchronization_bursty,local_compute,,,,False,,
direct_coherent_all_shared,logistic_regression,raw_online,4945b517489a52128b60,victim_0002,1,phase_exact,2,11252.308935390323,local_compute,dense_remote,,,,False,,
direct_coherent_all_shared,logistic_regression,raw_online,4945b517489a52128b60,victim_0002,1,phase_exact,3,14243.601544682242,dense_remote,sparse_remote,,,,False,,
direct_coherent_all_shared,logistic_regression,raw_online,4945b517489a52128b60,victim_0002,1,phase_any,0,4128.836103055568,sparse_remote,synchronization_bursty,4440.0,sparse_remote,synchronization_bursty,True,311.16389694443205,311.16389694443205
direct_coherent_all_shared,logistic_regression,raw_online,4945b517489a52128b60,victim_0002,1,phase_any,1,8090.9366784642525,synchronization_bursty,local_compute,8220.0,dense_remote,sparse_remote,True,129.0633215357475,129.0633215357475
direct_coherent_all_shared,logistic_regression,raw_online,4945b517489a52128b60,victim_0002,1,phase_any,2,11252.308935390323,local_compute,dense_remote,11580.0,local_compute,sparse_remote,True,327.6910646096767,327.6910646096767
direct_coherent_all_shared,logistic_regression,raw_online,4945b517489a52128b60,victim_0002,1,phase_any,3,14243.601544682242,dense_remote,sparse_remote,,,,False,,
direct_coherent_all_shared,logistic_regression,raw_online,4945b517489a52128b60,victim_0002,1,remote_on_off,1,8090.9366784642525,synchronization_bursty,local_compute,8640.0,sparse_remote,local_compute,True,549.0633215357475,549.0633215357475
direct_coherent_all_shared,logistic_regression,raw_online,4945b517489a52128b60,victim_0002,1,remote_on_off,2,11252.308935390323,local_compute,dense_remote,11580.0,local_compute,sparse_remote,True,327.6910646096767,327.6910646096767
direct_coherent_all_shared,logistic_regression,raw_online,52f65cc1f2f1d6036b0d,victim_0018,0,phase_exact,0,4823.51995045369,dense_remote,sparse_remote,,,,False,,
direct_coherent_all_shared,logistic_regression,raw_online,52f65cc1f2f1d6036b0d,victim_0018,0,phase_exact,1,9594.047520701628,sparse_remote,synchronization_bursty,9900.0,sparse_remote,synchronization_bursty,True,305.95247929837205,305.95247929837205
direct_coherent_all_shared,logistic_regression,raw_online,52f65cc1f2f1d6036b0d,victim_0018,0,phase_exact,2,12361.950228432477,synchronization_bursty,dense_remote,,,,False,,
direct_coherent_all_shared,logistic_regression,raw_online,52f65cc1f2f1d6036b0d,victim_0018,0,phase_exact,3,16100.566304239506,dense_remote,local_compute,,,,False,,
direct_coherent_all_shared,logistic_regression,raw_online,52f65cc1f2f1d6036b0d,victim_0018,0,phase_any,0,4823.51995045369,dense_remote,sparse_remote,,,,False,,
direct_coherent_all_shared,logistic_regression,raw_online,52f65cc1f2f1d6036b0d,victim_0018,0,phase_any,1,9594.047520701628,sparse_remote,synchronization_bursty,9900.0,sparse_remote,synchronization_bursty,True,305.95247929837205,305.95247929837205
direct_coherent_all_shared,logistic_regression,raw_online,52f65cc1f2f1d6036b0d,victim_0018,0,phase_any,2,12361.950228432477,synchronization_bursty,dense_remote,12840.0,synchronization_bursty,sparse_remote,True,478.04977156752284,478.04977156752284
direct_coherent_all_shared,logistic_regression,raw_online,52f65cc1f2f1d6036b0d,victim_0018,0,phase_any,3,16100.566304239506,dense_remote,local_compute,16620.0,dense_remote,sparse_remote,True,519.4336957604937,519.4336957604937
direct_coherent_all_shared,logistic_regression,raw_online,52f65cc1f2f1d6036b0d,victim_0018,0,remote_on_off,3,16100.566304239506,dense_remote,local_compute,,,,False,,
direct_coherent_all_shared,logistic_regression,raw_online,5f77ec93e99815ad8f64,victim_0035,0,phase_exact,0,5666.796589479767,sparse_remote,synchronization_bursty,,,,False,,
direct_coherent_all_shared,logistic_regression,raw_online,5f77ec93e99815ad8f64,victim_0035,0,phase_exact,1,11193.313605806132,synchronization_bursty,dense_remote,,,,False,,
direct_coherent_all_shared,logistic_regression,raw_online,5f77ec93e99815ad8f64,victim_0035,0,phase_exact,2,13748.01001582324,dense_remote,sparse_remote,,,,False,,
direct_coherent_all_shared,logistic_regression,raw_online,5f77ec93e99815ad8f64,victim_0035,0,phase_exact,3,16408.670686815945,sparse_remote,local_compute,,,,False,,
direct_coherent_all_shared,logistic_regression,raw_online,5f77ec93e99815ad8f64,victim_0035,0,phase_any,0,5666.796589479767,sparse_remote,synchronization_bursty,5700.0,sparse_remote,dense_remote,True,33.203410520232865,33.203410520232865
direct_coherent_all_shared,logistic_regression,raw_online,5f77ec93e99815ad8f64,victim_0035,0,phase_any,1,11193.313605806132,synchronization_bursty,dense_remote,,,,False,,
direct_coherent_all_shared,logistic_regression,raw_online,5f77ec93e99815ad8f64,victim_0035,0,phase_any,2,13748.01001582324,dense_remote,sparse_remote,,,,False,,
direct_coherent_all_shared,logistic_regression,raw_online,5f77ec93e99815ad8f64,victim_0035,0,phase_any,3,16408.670686815945,sparse_remote,local_compute,,,,False,,
direct_coherent_all_shared,logistic_regression,raw_online,5f77ec93e99815ad8f64,victim_0035,0,remote_on_off,3,16408.670686815945,sparse_remote,local_compute,,,,False,,
direct_coherent_all_shared,logistic_regression,raw_online,61f531cec831135c10e3,victim_0018,1,phase_exact,0,4823.51995045369,dense_remote,sparse_remote,,,,False,,
direct_coherent_all_shared,logistic_regression,raw_online,61f531cec831135c10e3,victim_0018,1,phase_exact,1,9594.047520701628,sparse_remote,synchronization_bursty,9900.0,sparse_remote,synchronization_bursty,True,305.95247929837205,305.95247929837205
direct_coherent_all_shared,logistic_regression,raw_online,61f531cec831135c10e3,victim_0018,1,phase_exact,2,12361.950228432477,synchronization_bursty,dense_remote,,,,False,,
direct_coherent_all_shared,logistic_regression,raw_online,61f531cec831135c10e3,victim_0018,1,phase_exact,3,16100.566304239506,dense_remote,local_compute,,,,False,,
direct_coherent_all_shared,logistic_regression,raw_online,61f531cec831135c10e3,victim_0018,1,phase_any,0,4823.51995045369,dense_remote,sparse_remote,,,,False,,
direct_coherent_all_shared,logistic_regression,raw_online,61f531cec831135c10e3,victim_0018,1,phase_any,1,9594.047520701628,sparse_remote,synchronization_bursty,9900.0,sparse_remote,synchronization_bursty,True,305.95247929837205,305.95247929837205
direct_coherent_all_shared,logistic_regression,raw_online,61f531cec831135c10e3,victim_0018,1,phase_any,2,12361.950228432477,synchronization_bursty,dense_remote,12840.0,synchronization_bursty,sparse_remote,True,478.04977156752284,478.04977156752284
direct_coherent_all_shared,logistic_regression,raw_online,61f531cec831135c10e3,victim_0018,1,phase_any,3,16100.566304239506,dense_remote,local_compute,16200.0,dense_remote,sparse_remote,True,99.43369576049372,99.43369576049372
direct_coherent_all_shared,logistic_regression,raw_online,61f531cec831135c10e3,victim_0018,1,remote_on_off,3,16100.566304239506,dense_remote,local_compute,,,,False,,
direct_coherent_all_shared,logistic_regression,raw_online,67f3bc4ab2c1ed28c867,victim_0006,1,phase_exact,0,3868.292651126604,sparse_remote,local_compute,,,,False,,
direct_coherent_all_shared,logistic_regression,raw_online,67f3bc4ab2c1ed28c867,victim_0006,1,phase_exact,1,8142.9548099510275,local_compute,sparse_remote,8220.0,local_compute,sparse_remote,True,77.04519004897247,77.04519004897247
direct_coherent_all_shared,logistic_regression,raw_online,67f3bc4ab2c1ed28c867,victim_0006,1,phase_exact,2,10850.749623475784,sparse_remote,synchronization_bursty,11160.0,sparse_remote,synchronization_bursty,True,309.25037652421634,309.25037652421634
direct_coherent_all_shared,logistic_regression,raw_online,67f3bc4ab2c1ed28c867,victim_0006,1,phase_exact,3,13905.834588475289,synchronization_bursty,dense_remote,14100.0,synchronization_bursty,dense_remote,True,194.1654115247111,194.1654115247111
direct_coherent_all_shared,logistic_regression,raw_online,67f3bc4ab2c1ed28c867,victim_0006,1,phase_any,0,3868.292651126604,sparse_remote,local_compute,3180.0,dense_remote,sparse_remote,True,-688.2926511266041,688.2926511266041
direct_coherent_all_shared,logistic_regression,raw_online,67f3bc4ab2c1ed28c867,victim_0006,1,phase_any,1,8142.9548099510275,local_compute,sparse_remote,8220.0,local_compute,sparse_remote,True,77.04519004897247,77.04519004897247
direct_coherent_all_shared,logistic_regression,raw_online,67f3bc4ab2c1ed28c867,victim_0006,1,phase_any,2,10850.749623475784,sparse_remote,synchronization_bursty,11160.0,sparse_remote,synchronization_bursty,True,309.25037652421634,309.25037652421634
direct_coherent_all_shared,logistic_regression,raw_online,67f3bc4ab2c1ed28c867,victim_0006,1,phase_any,3,13905.834588475289,synchronization_bursty,dense_remote,14100.0,synchronization_bursty,dense_remote,True,194.1654115247111,194.1654115247111
direct_coherent_all_shared,logistic_regression,raw_online,67f3bc4ab2c1ed28c867,victim_0006,1,remote_on_off,0,3868.292651126604,sparse_remote,local_compute,,,,False,,
direct_coherent_all_shared,logistic_regression,raw_online,67f3bc4ab2c1ed28c867,victim_0006,1,remote_on_off,1,8142.9548099510275,local_compute,sparse_remote,8220.0,local_compute,sparse_remote,True,77.04519004897247,77.04519004897247
direct_coherent_all_shared,logistic_regression,raw_online,779fa314c5204e93b08a,victim_0034,0,phase_exact,0,2584.983901882975,dense_remote,local_compute,,,,False,,
direct_coherent_all_shared,logistic_regression,raw_online,779fa314c5204e93b08a,victim_0034,0,phase_exact,1,5207.092213312335,local_compute,sparse_remote,5280.0,local_compute,sparse_remote,True,72.90778668766507,72.90778668766507
direct_coherent_all_shared,logistic_regression,raw_online,779fa314c5204e93b08a,victim_0034,0,phase_exact,2,8644.94250269917,sparse_remote,synchronization_bursty,,,,False,,
direct_coherent_all_shared,logistic_regression,raw_online,779fa314c5204e93b08a,victim_0034,0,phase_exact,3,11529.039859917659,synchronization_bursty,local_compute,11580.0,synchronization_bursty,local_compute,True,50.96014008234124,50.96014008234124
direct_coherent_all_shared,logistic_regression,raw_online,779fa314c5204e93b08a,victim_0034,0,phase_exact,4,16958.909792595652,local_compute,dense_remote,,,,False,,
direct_coherent_all_shared,logistic_regression,raw_online,779fa314c5204e93b08a,victim_0034,0,phase_any,0,2584.983901882975,dense_remote,local_compute,2760.0,dense_remote,sparse_remote,True,175.0160981170252,175.0160981170252
direct_coherent_all_shared,logistic_regression,raw_online,779fa314c5204e93b08a,victim_0034,0,phase_any,1,5207.092213312335,local_compute,sparse_remote,5280.0,local_compute,sparse_remote,True,72.90778668766507,72.90778668766507
direct_coherent_all_shared,logistic_regression,raw_online,779fa314c5204e93b08a,victim_0034,0,phase_any,2,8644.94250269917,sparse_remote,synchronization_bursty,8640.0,sparse_remote,dense_remote,True,-4.942502699170291,4.942502699170291
direct_coherent_all_shared,logistic_regression,raw_online,779fa314c5204e93b08a,victim_0034,0,phase_any,3,11529.039859917659,synchronization_bursty,local_compute,11580.0,synchronization_bursty,local_compute,True,50.96014008234124,50.96014008234124
direct_coherent_all_shared,logistic_regression,raw_online,779fa314c5204e93b08a,victim_0034,0,phase_any,4,16958.909792595652,local_compute,dense_remote,17040.0,local_compute,sparse_remote,True,81.0902074043479,81.0902074043479
direct_coherent_all_shared,logistic_regression,raw_online,779fa314c5204e93b08a,victim_0034,0,remote_on_off,0,2584.983901882975,dense_remote,local_compute,3180.0,sparse_remote,local_compute,True,595.0160981170252,595.0160981170252
direct_coherent_all_shared,logistic_regression,raw_online,779fa314c5204e93b08a,victim_0034,0,remote_on_off,1,5207.092213312335,local_compute,sparse_remote,5280.0,local_compute,sparse_remote,True,72.90778668766507,72.90778668766507
direct_coherent_all_shared,logistic_regression,raw_online,779fa314c5204e93b08a,victim_0034,0,remote_on_off,3,11529.039859917659,synchronization_bursty,local_compute,11580.0,synchronization_bursty,local_compute,True,50.96014008234124,50.96014008234124
direct_coherent_all_shared,logistic_regression,raw_online,779fa314c5204e93b08a,victim_0034,0,remote_on_off,4,16958.909792595652,local_compute,dense_remote,17040.0,local_compute,sparse_remote,True,81.0902074043479,81.0902074043479
direct_coherent_all_shared,logistic_regression,raw_online,78c3115c2a709cd8c555,victim_0034,1,phase_exact,0,2584.983901882975,dense_remote,local_compute,,,,False,,
direct_coherent_all_shared,logistic_regression,raw_online,78c3115c2a709cd8c555,victim_0034,1,phase_exact,1,5207.092213312335,local_compute,sparse_remote,5280.0,local_compute,sparse_remote,True,72.90778668766507,72.90778668766507
direct_coherent_all_shared,logistic_regression,raw_online,78c3115c2a709cd8c555,victim_0034,1,phase_exact,2,8644.94250269917,sparse_remote,synchronization_bursty,9060.0,sparse_remote,synchronization_bursty,True,415.0574973008297,415.0574973008297
direct_coherent_all_shared,logistic_regression,raw_online,78c3115c2a709cd8c555,victim_0034,1,phase_exact,3,11529.039859917659,synchronization_bursty,local_compute,11580.0,synchronization_bursty,local_compute,True,50.96014008234124,50.96014008234124
direct_coherent_all_shared,logistic_regression,raw_online,78c3115c2a709cd8c555,victim_0034,1,phase_exact,4,16958.909792595652,local_compute,dense_remote,,,,False,,
direct_coherent_all_shared,logistic_regression,raw_online,78c3115c2a709cd8c555,victim_0034,1,phase_any,0,2584.983901882975,dense_remote,local_compute,3180.0,dense_remote,sparse_remote,True,595.0160981170252,595.0160981170252
direct_coherent_all_shared,logistic_regression,raw_online,78c3115c2a709cd8c555,victim_0034,1,phase_any,1,5207.092213312335,local_compute,sparse_remote,5280.0,local_compute,sparse_remote,True,72.90778668766507,72.90778668766507
direct_coherent_all_shared,logistic_regression,raw_online,78c3115c2a709cd8c555,victim_0034,1,phase_any,2,8644.94250269917,sparse_remote,synchronization_bursty,9060.0,sparse_remote,synchronization_bursty,True,415.0574973008297,415.0574973008297
direct_coherent_all_shared,logistic_regression,raw_online,78c3115c2a709cd8c555,victim_0034,1,phase_any,3,11529.039859917659,synchronization_bursty,local_compute,11580.0,synchronization_bursty,local_compute,True,50.96014008234124,50.96014008234124
direct_coherent_all_shared,logistic_regression,raw_online,78c3115c2a709cd8c555,victim_0034,1,phase_any,4,16958.909792595652,local_compute,dense_remote,17040.0,local_compute,sparse_remote,True,81.0902074043479,81.0902074043479
direct_coherent_all_shared,logistic_regression,raw_online,78c3115c2a709cd8c555,victim_0034,1,remote_on_off,0,2584.983901882975,dense_remote,local_compute,,,,False,,
direct_coherent_all_shared,logistic_regression,raw_online,78c3115c2a709cd8c555,victim_0034,1,remote_on_off,1,5207.092213312335,local_compute,sparse_remote,5280.0,local_compute,sparse_remote,True,72.90778668766507,72.90778668766507
direct_coherent_all_shared,logistic_regression,raw_online,78c3115c2a709cd8c555,victim_0034,1,remote_on_off,3,11529.039859917659,synchronization_bursty,local_compute,11580.0,synchronization_bursty,local_compute,True,50.96014008234124,50.96014008234124
direct_coherent_all_shared,logistic_regression,raw_online,78c3115c2a709cd8c555,victim_0034,1,remote_on_off,4,16958.909792595652,local_compute,dense_remote,17040.0,local_compute,sparse_remote,True,81.0902074043479,81.0902074043479
direct_coherent_all_shared,logistic_regression,raw_online,7cb6f3fc675a160eca58,victim_0022,0,phase_exact,0,3282.393742262545,synchronization_bursty,sparse_remote,3600.0,synchronization_bursty,sparse_remote,True,317.60625773745505,317.60625773745505
direct_coherent_all_shared,logistic_regression,raw_online,7cb6f3fc675a160eca58,victim_0022,0,phase_exact,1,6879.426857186192,sparse_remote,dense_remote,6960.0,sparse_remote,dense_remote,True,80.57314281380786,80.57314281380786
direct_coherent_all_shared,logistic_regression,raw_online,7cb6f3fc675a160eca58,victim_0022,0,phase_exact,2,9968.001637570029,dense_remote,local_compute,,,,False,,
direct_coherent_all_shared,logistic_regression,raw_online,7cb6f3fc675a160eca58,victim_0022,0,phase_exact,3,14339.419944693838,local_compute,dense_remote,,,,False,,
direct_coherent_all_shared,logistic_regression,raw_online,7cb6f3fc675a160eca58,victim_0022,0,phase_exact,4,16767.069757922298,dense_remote,synchronization_bursty,17040.0,dense_remote,synchronization_bursty,True,272.93024207770213,272.93024207770213
direct_coherent_all_shared,logistic_regression,raw_online,7cb6f3fc675a160eca58,victim_0022,0,phase_any,0,3282.393742262545,synchronization_bursty,sparse_remote,3600.0,synchronization_bursty,sparse_remote,True,317.60625773745505,317.60625773745505
direct_coherent_all_shared,logistic_regression,raw_online,7cb6f3fc675a160eca58,victim_0022,0,phase_any,1,6879.426857186192,sparse_remote,dense_remote,6960.0,sparse_remote,dense_remote,True,80.57314281380786,80.57314281380786
direct_coherent_all_shared,logistic_regression,raw_online,7cb6f3fc675a160eca58,victim_0022,0,phase_any,2,9968.001637570029,dense_remote,local_compute,10740.0,dense_remote,sparse_remote,True,771.9983624299712,771.9983624299712
direct_coherent_all_shared,logistic_regression,raw_online,7cb6f3fc675a160eca58,victim_0022,0,phase_any,3,14339.419944693838,local_compute,dense_remote,14520.0,local_compute,sparse_remote,True,180.58005530616174,180.58005530616174
direct_coherent_all_shared,logistic_regression,raw_online,7cb6f3fc675a160eca58,victim_0022,0,phase_any,4,16767.069757922298,dense_remote,synchronization_bursty,17040.0,dense_remote,synchronization_bursty,True,272.93024207770213,272.93024207770213
direct_coherent_all_shared,logistic_regression,raw_online,7cb6f3fc675a160eca58,victim_0022,0,remote_on_off,2,9968.001637570029,dense_remote,local_compute,,,,False,,
direct_coherent_all_shared,logistic_regression,raw_online,7cb6f3fc675a160eca58,victim_0022,0,remote_on_off,3,14339.419944693838,local_compute,dense_remote,14520.0,local_compute,sparse_remote,True,180.58005530616174,180.58005530616174
direct_coherent_all_shared,logistic_regression,raw_online,7e996bcfa8694dc00cb1,victim_0020,1,phase_exact,0,3945.197190413731,dense_remote,local_compute,,,,False,,
direct_coherent_all_shared,logistic_regression,raw_online,7e996bcfa8694dc00cb1,victim_0020,1,phase_exact,1,8519.38861505275,local_compute,synchronization_bursty,8640.0,local_compute,synchronization_bursty,True,120.61138494724946,120.61138494724946
direct_coherent_all_shared,logistic_regression,raw_online,7e996bcfa8694dc00cb1,victim_0020,1,phase_exact,2,13972.618573212338,synchronization_bursty,local_compute,14520.0,synchronization_bursty,local_compute,True,547.3814267876623,547.3814267876623
direct_coherent_all_shared,logistic_regression,raw_online,7e996bcfa8694dc00cb1,victim_0020,1,phase_exact,3,17384.940617006945,local_compute,sparse_remote,17460.0,local_compute,sparse_remote,True,75.0593829930549,75.0593829930549
direct_coherent_all_shared,logistic_regression,raw_online,7e996bcfa8694dc00cb1,victim_0020,1,phase_any,0,3945.197190413731,dense_remote,local_compute,,,,False,,
direct_coherent_all_shared,logistic_regression,raw_online,7e996bcfa8694dc00cb1,victim_0020,1,phase_any,1,8519.38861505275,local_compute,synchronization_bursty,8640.0,local_compute,synchronization_bursty,True,120.61138494724946,120.61138494724946
direct_coherent_all_shared,logistic_regression,raw_online,7e996bcfa8694dc00cb1,victim_0020,1,phase_any,2,13972.618573212338,synchronization_bursty,local_compute,14520.0,synchronization_bursty,local_compute,True,547.3814267876623,547.3814267876623
direct_coherent_all_shared,logistic_regression,raw_online,7e996bcfa8694dc00cb1,victim_0020,1,phase_any,3,17384.940617006945,local_compute,sparse_remote,17460.0,local_compute,sparse_remote,True,75.0593829930549,75.0593829930549
direct_coherent_all_shared,logistic_regression,raw_online,7e996bcfa8694dc00cb1,victim_0020,1,remote_on_off,0,3945.197190413731,dense_remote,local_compute,,,,False,,
direct_coherent_all_shared,logistic_regression,raw_online,7e996bcfa8694dc00cb1,victim_0020,1,remote_on_off,1,8519.38861505275,local_compute,synchronization_bursty,8640.0,local_compute,synchronization_bursty,True,120.61138494724946,120.61138494724946
direct_coherent_all_shared,logistic_regression,raw_online,7e996bcfa8694dc00cb1,victim_0020,1,remote_on_off,2,13972.618573212338,synchronization_bursty,local_compute,14520.0,synchronization_bursty,local_compute,True,547.3814267876623,547.3814267876623
direct_coherent_all_shared,logistic_regression,raw_online,7e996bcfa8694dc00cb1,victim_0020,1,remote_on_off,3,17384.940617006945,local_compute,sparse_remote,17460.0,local_compute,sparse_remote,True,75.0593829930549,75.0593829930549
direct_coherent_all_shared,logistic_regression,raw_online,8b7dc1f95258bba97d4d,victim_0010,1,phase_exact,0,3799.0914558502673,local_compute,dense_remote,,,,False,,
direct_coherent_all_shared,logistic_regression,raw_online,8b7dc1f95258bba97d4d,victim_0010,1,phase_exact,1,7177.584870190105,dense_remote,sparse_remote,,,,False,,
direct_coherent_all_shared,logistic_regression,raw_online,8b7dc1f95258bba97d4d,victim_0010,1,phase_exact,2,9864.380078273627,sparse_remote,synchronization_bursty,9900.0,sparse_remote,synchronization_bursty,True,35.61992172637292,35.61992172637292
direct_coherent_all_shared,logistic_regression,raw_online,8b7dc1f95258bba97d4d,victim_0010,1,phase_exact,3,12803.703036780968,synchronization_bursty,dense_remote,,,,False,,
direct_coherent_all_shared,logistic_regression,raw_online,8b7dc1f95258bba97d4d,victim_0010,1,phase_exact,4,15204.780045932635,dense_remote,synchronization_bursty,15360.0,dense_remote,synchronization_bursty,True,155.2199540673646,155.2199540673646
direct_coherent_all_shared,logistic_regression,raw_online,8b7dc1f95258bba97d4d,victim_0010,1,phase_any,0,3799.0914558502673,local_compute,dense_remote,4020.0,local_compute,sparse_remote,True,220.90854414973273,220.90854414973273
direct_coherent_all_shared,logistic_regression,raw_online,8b7dc1f95258bba97d4d,victim_0010,1,phase_any,1,7177.584870190105,dense_remote,sparse_remote,,,,False,,
direct_coherent_all_shared,logistic_regression,raw_online,8b7dc1f95258bba97d4d,victim_0010,1,phase_any,2,9864.380078273627,sparse_remote,synchronization_bursty,9900.0,sparse_remote,synchronization_bursty,True,35.61992172637292,35.61992172637292
direct_coherent_all_shared,logistic_regression,raw_online,8b7dc1f95258bba97d4d,victim_0010,1,phase_any,3,12803.703036780968,synchronization_bursty,dense_remote,12840.0,synchronization_bursty,sparse_remote,True,36.29696321903248,36.29696321903248
direct_coherent_all_shared,logistic_regression,raw_online,8b7dc1f95258bba97d4d,victim_0010,1,phase_any,4,15204.780045932635,dense_remote,synchronization_bursty,15360.0,dense_remote,synchronization_bursty,True,155.2199540673646,155.2199540673646
direct_coherent_all_shared,logistic_regression,raw_online,8b7dc1f95258bba97d4d,victim_0010,1,remote_on_off,0,3799.0914558502673,local_compute,dense_remote,4020.0,local_compute,sparse_remote,True,220.90854414973273,220.90854414973273
direct_coherent_all_shared,logistic_regression,raw_online,a52580e2d76ee68258b2,victim_0002,0,phase_exact,0,4128.836103055568,sparse_remote,synchronization_bursty,4440.0,sparse_remote,synchronization_bursty,True,311.16389694443205,311.16389694443205
direct_coherent_all_shared,logistic_regression,raw_online,a52580e2d76ee68258b2,victim_0002,0,phase_exact,1,8090.9366784642525,synchronization_bursty,local_compute,,,,False,,
direct_coherent_all_shared,logistic_regression,raw_online,a52580e2d76ee68258b2,victim_0002,0,phase_exact,2,11252.308935390323,local_compute,dense_remote,,,,False,,
direct_coherent_all_shared,logistic_regression,raw_online,a52580e2d76ee68258b2,victim_0002,0,phase_exact,3,14243.601544682242,dense_remote,sparse_remote,14940.0,dense_remote,sparse_remote,True,696.3984553177579,696.3984553177579
direct_coherent_all_shared,logistic_regression,raw_online,a52580e2d76ee68258b2,victim_0002,0,phase_any,0,4128.836103055568,sparse_remote,synchronization_bursty,4440.0,sparse_remote,synchronization_bursty,True,311.16389694443205,311.16389694443205
direct_coherent_all_shared,logistic_regression,raw_online,a52580e2d76ee68258b2,victim_0002,0,phase_any,1,8090.9366784642525,synchronization_bursty,local_compute,8220.0,dense_remote,sparse_remote,True,129.0633215357475,129.0633215357475
direct_coherent_all_shared,logistic_regression,raw_online,a52580e2d76ee68258b2,victim_0002,0,phase_any,2,11252.308935390323,local_compute,dense_remote,11580.0,local_compute,sparse_remote,True,327.6910646096767,327.6910646096767
direct_coherent_all_shared,logistic_regression,raw_online,a52580e2d76ee68258b2,victim_0002,0,phase_any,3,14243.601544682242,dense_remote,sparse_remote,14940.0,dense_remote,sparse_remote,True,696.3984553177579,696.3984553177579
direct_coherent_all_shared,logistic_regression,raw_online,a52580e2d76ee68258b2,victim_0002,0,remote_on_off,1,8090.9366784642525,synchronization_bursty,local_compute,8640.0,sparse_remote,local_compute,True,549.0633215357475,549.0633215357475
direct_coherent_all_shared,logistic_regression,raw_online,a52580e2d76ee68258b2,victim_0002,0,remote_on_off,2,11252.308935390323,local_compute,dense_remote,11580.0,local_compute,sparse_remote,True,327.6910646096767,327.6910646096767
direct_coherent_all_shared,logistic_regression,raw_online,bc79906fd50c83274bf5,victim_0035,1,phase_exact,0,5666.796589479767,sparse_remote,synchronization_bursty,,,,False,,
direct_coherent_all_shared,logistic_regression,raw_online,bc79906fd50c83274bf5,victim_0035,1,phase_exact,1,11193.313605806132,synchronization_bursty,dense_remote,,,,False,,
direct_coherent_all_shared,logistic_regression,raw_online,bc79906fd50c83274bf5,victim_0035,1,phase_exact,2,13748.01001582324,dense_remote,sparse_remote,14520.0,dense_remote,sparse_remote,True,771.9899841767601,771.9899841767601
direct_coherent_all_shared,logistic_regression,raw_online,bc79906fd50c83274bf5,victim_0035,1,phase_exact,3,16408.670686815945,sparse_remote,local_compute,,,,False,,
direct_coherent_all_shared,logistic_regression,raw_online,bc79906fd50c83274bf5,victim_0035,1,phase_any,0,5666.796589479767,sparse_remote,synchronization_bursty,5280.0,sparse_remote,dense_remote,True,-386.79658947976714,386.79658947976714
direct_coherent_all_shared,logistic_regression,raw_online,bc79906fd50c83274bf5,victim_0035,1,phase_any,1,11193.313605806132,synchronization_bursty,dense_remote,12000.0,synchronization_bursty,sparse_remote,True,806.6863941938682,806.6863941938682
direct_coherent_all_shared,logistic_regression,raw_online,bc79906fd50c83274bf5,victim_0035,1,phase_any,2,13748.01001582324,dense_remote,sparse_remote,14520.0,dense_remote,sparse_remote,True,771.9899841767601,771.9899841767601
direct_coherent_all_shared,logistic_regression,raw_online,bc79906fd50c83274bf5,victim_0035,1,phase_any,3,16408.670686815945,sparse_remote,local_compute,16200.0,sparse_remote,dense_remote,True,-208.67068681594537,208.67068681594537
direct_coherent_all_shared,logistic_regression,raw_online,bc79906fd50c83274bf5,victim_0035,1,remote_on_off,3,16408.670686815945,sparse_remote,local_compute,,,,False,,
direct_coherent_all_shared,logistic_regression,raw_online,d9d26f0c3415d24edf4b,victim_0003,1,phase_exact,0,3184.1511702802213,local_compute,sparse_remote,3180.0,local_compute,sparse_remote,True,-4.151170280221322,4.151170280221322
direct_coherent_all_shared,logistic_regression,raw_online,d9d26f0c3415d24edf4b,victim_0003,1,phase_exact,1,8137.308551850549,sparse_remote,dense_remote,8640.0,sparse_remote,dense_remote,True,502.6914481494514,502.6914481494514
direct_coherent_all_shared,logistic_regression,raw_online,d9d26f0c3415d24edf4b,victim_0003,1,phase_exact,2,11766.900719130488,dense_remote,sparse_remote,,,,False,,
direct_coherent_all_shared,logistic_regression,raw_online,d9d26f0c3415d24edf4b,victim_0003,1,phase_exact,3,16533.76894948869,sparse_remote,synchronization_bursty,,,,False,,
direct_coherent_all_shared,logistic_regression,raw_online,d9d26f0c3415d24edf4b,victim_0003,1,phase_any,0,3184.1511702802213,local_compute,sparse_remote,3180.0,local_compute,sparse_remote,True,-4.151170280221322,4.151170280221322
direct_coherent_all_shared,logistic_regression,raw_online,d9d26f0c3415d24edf4b,victim_0003,1,phase_any,1,8137.308551850549,sparse_remote,dense_remote,8640.0,sparse_remote,dense_remote,True,502.6914481494514,502.6914481494514
direct_coherent_all_shared,logistic_regression,raw_online,d9d26f0c3415d24edf4b,victim_0003,1,phase_any,2,11766.900719130488,dense_remote,sparse_remote,,,,False,,
direct_coherent_all_shared,logistic_regression,raw_online,d9d26f0c3415d24edf4b,victim_0003,1,phase_any,3,16533.76894948869,sparse_remote,synchronization_bursty,16620.0,sparse_remote,dense_remote,True,86.23105051130915,86.23105051130915
direct_coherent_all_shared,logistic_regression,raw_online,d9d26f0c3415d24edf4b,victim_0003,1,remote_on_off,0,3184.1511702802213,local_compute,sparse_remote,3180.0,local_compute,sparse_remote,True,-4.151170280221322,4.151170280221322
direct_coherent_all_shared,logistic_regression,raw_online,dd445dce99cbf4e9fc71,victim_0031,0,phase_exact,0,4159.949493759739,local_compute,dense_remote,,,,False,,
direct_coherent_all_shared,logistic_regression,raw_online,dd445dce99cbf4e9fc71,victim_0031,0,phase_exact,1,8524.953030037665,dense_remote,sparse_remote,,,,False,,
direct_coherent_all_shared,logistic_regression,raw_online,dd445dce99cbf4e9fc71,victim_0031,0,phase_exact,2,11172.11201804374,sparse_remote,synchronization_bursty,11580.0,sparse_remote,synchronization_bursty,True,407.8879819562608,407.8879819562608
direct_coherent_all_shared,logistic_regression,raw_online,dd445dce99cbf4e9fc71,victim_0031,0,phase_exact,3,14427.950477163511,synchronization_bursty,dense_remote,,,,False,,
direct_coherent_all_shared,logistic_regression,raw_online,dd445dce99cbf4e9fc71,victim_0031,0,phase_exact,4,17846.27700177856,dense_remote,local_compute,,,,False,,
direct_coherent_all_shared,logistic_regression,raw_online,dd445dce99cbf4e9fc71,victim_0031,0,phase_any,0,4159.949493759739,local_compute,dense_remote,4440.0,local_compute,sparse_remote,True,280.0505062402608,280.0505062402608
direct_coherent_all_shared,logistic_regression,raw_online,dd445dce99cbf4e9fc71,victim_0031,0,phase_any,1,8524.953030037665,dense_remote,sparse_remote,,,,False,,
direct_coherent_all_shared,logistic_regression,raw_online,dd445dce99cbf4e9fc71,victim_0031,0,phase_any,2,11172.11201804374,sparse_remote,synchronization_bursty,11160.0,dense_remote,sparse_remote,True,-12.112018043739226,12.112018043739226
direct_coherent_all_shared,logistic_regression,raw_online,dd445dce99cbf4e9fc71,victim_0031,0,phase_any,3,14427.950477163511,synchronization_bursty,dense_remote,14520.0,local_compute,dense_remote,True,92.0495228364889,92.0495228364889
direct_coherent_all_shared,logistic_regression,raw_online,dd445dce99cbf4e9fc71,victim_0031,0,phase_any,4,17846.27700177856,dense_remote,local_compute,,,,False,,
direct_coherent_all_shared,logistic_regression,raw_online,dd445dce99cbf4e9fc71,victim_0031,0,remote_on_off,0,4159.949493759739,local_compute,dense_remote,4440.0,local_compute,sparse_remote,True,280.0505062402608,280.0505062402608
direct_coherent_all_shared,logistic_regression,raw_online,dd445dce99cbf4e9fc71,victim_0031,0,remote_on_off,4,17846.27700177856,dense_remote,local_compute,,,,False,,
direct_coherent_all_shared,logistic_regression,raw_online,e6c7d63e8d95dda1f2c2,victim_0031,1,phase_exact,0,4159.949493759739,local_compute,dense_remote,,,,False,,
direct_coherent_all_shared,logistic_regression,raw_online,e6c7d63e8d95dda1f2c2,victim_0031,1,phase_exact,1,8524.953030037665,dense_remote,sparse_remote,,,,False,,
direct_coherent_all_shared,logistic_regression,raw_online,e6c7d63e8d95dda1f2c2,victim_0031,1,phase_exact,2,11172.11201804374,sparse_remote,synchronization_bursty,,,,False,,
direct_coherent_all_shared,logistic_regression,raw_online,e6c7d63e8d95dda1f2c2,victim_0031,1,phase_exact,3,14427.950477163511,synchronization_bursty,dense_remote,,,,False,,
direct_coherent_all_shared,logistic_regression,raw_online,e6c7d63e8d95dda1f2c2,victim_0031,1,phase_exact,4,17846.27700177856,dense_remote,local_compute,,,,False,,
direct_coherent_all_shared,logistic_regression,raw_online,e6c7d63e8d95dda1f2c2,victim_0031,1,phase_any,0,4159.949493759739,local_compute,dense_remote,4440.0,local_compute,sparse_remote,True,280.0505062402608,280.0505062402608
direct_coherent_all_shared,logistic_regression,raw_online,e6c7d63e8d95dda1f2c2,victim_0031,1,phase_any,1,8524.953030037665,dense_remote,sparse_remote,,,,False,,
direct_coherent_all_shared,logistic_regression,raw_online,e6c7d63e8d95dda1f2c2,victim_0031,1,phase_any,2,11172.11201804374,sparse_remote,synchronization_bursty,11160.0,sparse_remote,dense_remote,True,-12.112018043739226,12.112018043739226
direct_coherent_all_shared,logistic_regression,raw_online,e6c7d63e8d95dda1f2c2,victim_0031,1,phase_any,3,14427.950477163511,synchronization_bursty,dense_remote,,,,False,,
direct_coherent_all_shared,logistic_regression,raw_online,e6c7d63e8d95dda1f2c2,victim_0031,1,phase_any,4,17846.27700177856,dense_remote,local_compute,18300.0,dense_remote,sparse_remote,True,453.72299822144123,453.72299822144123
direct_coherent_all_shared,logistic_regression,raw_online,e6c7d63e8d95dda1f2c2,victim_0031,1,remote_on_off,0,4159.949493759739,local_compute,dense_remote,4440.0,local_compute,sparse_remote,True,280.0505062402608,280.0505062402608
direct_coherent_all_shared,logistic_regression,raw_online,e6c7d63e8d95dda1f2c2,victim_0031,1,remote_on_off,4,17846.27700177856,dense_remote,local_compute,,,,False,,
direct_coherent_all_shared,logistic_regression,raw_online,e7639a00c9ac6ae3c669,victim_0008,0,phase_exact,0,2978.015688481845,synchronization_bursty,dense_remote,,,,False,,
direct_coherent_all_shared,logistic_regression,raw_online,e7639a00c9ac6ae3c669,victim_0008,0,phase_exact,1,6468.965710581726,dense_remote,sparse_remote,,,,False,,
direct_coherent_all_shared,logistic_regression,raw_online,e7639a00c9ac6ae3c669,victim_0008,0,phase_exact,2,11679.055663519011,sparse_remote,local_compute,,,,False,,
direct_coherent_all_shared,logistic_regression,raw_online,e7639a00c9ac6ae3c669,victim_0008,0,phase_exact,3,16457.887331498667,local_compute,dense_remote,,,,False,,
direct_coherent_all_shared,logistic_regression,raw_online,e7639a00c9ac6ae3c669,victim_0008,0,phase_any,0,2978.015688481845,synchronization_bursty,dense_remote,,,,False,,
direct_coherent_all_shared,logistic_regression,raw_online,e7639a00c9ac6ae3c669,victim_0008,0,phase_any,1,6468.965710581726,dense_remote,sparse_remote,,,,False,,
direct_coherent_all_shared,logistic_regression,raw_online,e7639a00c9ac6ae3c669,victim_0008,0,phase_any,2,11679.055663519011,sparse_remote,local_compute,,,,False,,
direct_coherent_all_shared,logistic_regression,raw_online,e7639a00c9ac6ae3c669,victim_0008,0,phase_any,3,16457.887331498667,local_compute,dense_remote,16620.0,local_compute,sparse_remote,True,162.11266850133325,162.11266850133325
direct_coherent_all_shared,logistic_regression,raw_online,e7639a00c9ac6ae3c669,victim_0008,0,remote_on_off,2,11679.055663519011,sparse_remote,local_compute,,,,False,,
direct_coherent_all_shared,logistic_regression,raw_online,e7639a00c9ac6ae3c669,victim_0008,0,remote_on_off,3,16457.887331498667,local_compute,dense_remote,16620.0,local_compute,sparse_remote,True,162.11266850133325,162.11266850133325
direct_coherent_all_shared,logistic_regression,raw_online,f9abaf95dce2b8c722c4,victim_0006,0,phase_exact,0,3868.292651126604,sparse_remote,local_compute,,,,False,,
direct_coherent_all_shared,logistic_regression,raw_online,f9abaf95dce2b8c722c4,victim_0006,0,phase_exact,1,8142.9548099510275,local_compute,sparse_remote,8220.0,local_compute,sparse_remote,True,77.04519004897247,77.04519004897247
direct_coherent_all_shared,logistic_regression,raw_online,f9abaf95dce2b8c722c4,victim_0006,0,phase_exact,2,10850.749623475784,sparse_remote,synchronization_bursty,11160.0,sparse_remote,synchronization_bursty,True,309.25037652421634,309.25037652421634
direct_coherent_all_shared,logistic_regression,raw_online,f9abaf95dce2b8c722c4,victim_0006,0,phase_exact,3,13905.834588475289,synchronization_bursty,dense_remote,,,,False,,
direct_coherent_all_shared,logistic_regression,raw_online,f9abaf95dce2b8c722c4,victim_0006,0,phase_any,0,3868.292651126604,sparse_remote,local_compute,4020.0,dense_remote,sparse_remote,True,151.70734887339586,151.70734887339586
direct_coherent_all_shared,logistic_regression,raw_online,f9abaf95dce2b8c722c4,victim_0006,0,phase_any,1,8142.9548099510275,local_compute,sparse_remote,8220.0,local_compute,sparse_remote,True,77.04519004897247,77.04519004897247
direct_coherent_all_shared,logistic_regression,raw_online,f9abaf95dce2b8c722c4,victim_0006,0,phase_any,2,10850.749623475784,sparse_remote,synchronization_bursty,11160.0,sparse_remote,synchronization_bursty,True,309.25037652421634,309.25037652421634
direct_coherent_all_shared,logistic_regression,raw_online,f9abaf95dce2b8c722c4,victim_0006,0,phase_any,3,13905.834588475289,synchronization_bursty,dense_remote,14100.0,sparse_remote,dense_remote,True,194.1654115247111,194.1654115247111
direct_coherent_all_shared,logistic_regression,raw_online,f9abaf95dce2b8c722c4,victim_0006,0,remote_on_off,0,3868.292651126604,sparse_remote,local_compute,,,,False,,
direct_coherent_all_shared,logistic_regression,raw_online,f9abaf95dce2b8c722c4,victim_0006,0,remote_on_off,1,8142.9548099510275,local_compute,sparse_remote,8220.0,local_compute,sparse_remote,True,77.04519004897247,77.04519004897247
direct_coherent_all_shared,random_forest,debounced_offline,037992cac1ae1a38156a,victim_0020,0,phase_exact,0,3945.197190413731,dense_remote,local_compute,4020.0,dense_remote,local_compute,True,74.80280958626918,74.80280958626918
direct_coherent_all_shared,random_forest,debounced_offline,037992cac1ae1a38156a,victim_0020,0,phase_exact,1,8519.38861505275,local_compute,synchronization_bursty,8640.0,local_compute,synchronization_bursty,True,120.61138494724946,120.61138494724946
direct_coherent_all_shared,random_forest,debounced_offline,037992cac1ae1a38156a,victim_0020,0,phase_exact,2,13972.618573212338,synchronization_bursty,local_compute,14100.0,synchronization_bursty,local_compute,True,127.38142678766235,127.38142678766235
direct_coherent_all_shared,random_forest,debounced_offline,037992cac1ae1a38156a,victim_0020,0,phase_exact,3,17384.940617006945,local_compute,sparse_remote,,,,False,,
direct_coherent_all_shared,random_forest,debounced_offline,037992cac1ae1a38156a,victim_0020,0,phase_any,0,3945.197190413731,dense_remote,local_compute,4020.0,dense_remote,local_compute,True,74.80280958626918,74.80280958626918
direct_coherent_all_shared,random_forest,debounced_offline,037992cac1ae1a38156a,victim_0020,0,phase_any,1,8519.38861505275,local_compute,synchronization_bursty,8640.0,local_compute,synchronization_bursty,True,120.61138494724946,120.61138494724946
direct_coherent_all_shared,random_forest,debounced_offline,037992cac1ae1a38156a,victim_0020,0,phase_any,2,13972.618573212338,synchronization_bursty,local_compute,14100.0,synchronization_bursty,local_compute,True,127.38142678766235,127.38142678766235
direct_coherent_all_shared,random_forest,debounced_offline,037992cac1ae1a38156a,victim_0020,0,phase_any,3,17384.940617006945,local_compute,sparse_remote,17460.0,local_compute,dense_remote,True,75.0593829930549,75.0593829930549
direct_coherent_all_shared,random_forest,debounced_offline,037992cac1ae1a38156a,victim_0020,0,remote_on_off,0,3945.197190413731,dense_remote,local_compute,4020.0,dense_remote,local_compute,True,74.80280958626918,74.80280958626918
direct_coherent_all_shared,random_forest,debounced_offline,037992cac1ae1a38156a,victim_0020,0,remote_on_off,1,8519.38861505275,local_compute,synchronization_bursty,8640.0,local_compute,synchronization_bursty,True,120.61138494724946,120.61138494724946
direct_coherent_all_shared,random_forest,debounced_offline,037992cac1ae1a38156a,victim_0020,0,remote_on_off,2,13972.618573212338,synchronization_bursty,local_compute,14100.0,synchronization_bursty,local_compute,True,127.38142678766235,127.38142678766235
direct_coherent_all_shared,random_forest,debounced_offline,037992cac1ae1a38156a,victim_0020,0,remote_on_off,3,17384.940617006945,local_compute,sparse_remote,17460.0,local_compute,dense_remote,True,75.0593829930549,75.0593829930549
direct_coherent_all_shared,random_forest,debounced_offline,0dc93c37bd6c52638ff9,victim_0003,0,phase_exact,0,3184.1511702802213,local_compute,sparse_remote,,,,False,,
direct_coherent_all_shared,random_forest,debounced_offline,0dc93c37bd6c52638ff9,victim_0003,0,phase_exact,1,8137.308551850549,sparse_remote,dense_remote,8640.0,sparse_remote,dense_remote,True,502.6914481494514,502.6914481494514
direct_coherent_all_shared,random_forest,debounced_offline,0dc93c37bd6c52638ff9,victim_0003,0,phase_exact,2,11766.900719130488,dense_remote,sparse_remote,,,,False,,
direct_coherent_all_shared,random_forest,debounced_offline,0dc93c37bd6c52638ff9,victim_0003,0,phase_exact,3,16533.76894948869,sparse_remote,synchronization_bursty,17040.0,sparse_remote,synchronization_bursty,True,506.23105051130915,506.23105051130915
direct_coherent_all_shared,random_forest,debounced_offline,0dc93c37bd6c52638ff9,victim_0003,0,phase_any,0,3184.1511702802213,local_compute,sparse_remote,3600.0,local_compute,dense_remote,True,415.8488297197787,415.8488297197787
direct_coherent_all_shared,random_forest,debounced_offline,0dc93c37bd6c52638ff9,victim_0003,0,phase_any,1,8137.308551850549,sparse_remote,dense_remote,8640.0,sparse_remote,dense_remote,True,502.6914481494514,502.6914481494514
direct_coherent_all_shared,random_forest,debounced_offline,0dc93c37bd6c52638ff9,victim_0003,0,phase_any,2,11766.900719130488,dense_remote,sparse_remote,,,,False,,
direct_coherent_all_shared,random_forest,debounced_offline,0dc93c37bd6c52638ff9,victim_0003,0,phase_any,3,16533.76894948869,sparse_remote,synchronization_bursty,17040.0,sparse_remote,synchronization_bursty,True,506.23105051130915,506.23105051130915
direct_coherent_all_shared,random_forest,debounced_offline,0dc93c37bd6c52638ff9,victim_0003,0,remote_on_off,0,3184.1511702802213,local_compute,sparse_remote,3600.0,local_compute,dense_remote,True,415.8488297197787,415.8488297197787
direct_coherent_all_shared,random_forest,debounced_offline,1d612afddb5a14c10508,victim_0022,1,phase_exact,0,3282.393742262545,synchronization_bursty,sparse_remote,,,,False,,
direct_coherent_all_shared,random_forest,debounced_offline,1d612afddb5a14c10508,victim_0022,1,phase_exact,1,6879.426857186192,sparse_remote,dense_remote,6960.0,sparse_remote,dense_remote,True,80.57314281380786,80.57314281380786
direct_coherent_all_shared,random_forest,debounced_offline,1d612afddb5a14c10508,victim_0022,1,phase_exact,2,9968.001637570029,dense_remote,local_compute,,,,False,,
direct_coherent_all_shared,random_forest,debounced_offline,1d612afddb5a14c10508,victim_0022,1,phase_exact,3,14339.419944693838,local_compute,dense_remote,,,,False,,
direct_coherent_all_shared,random_forest,debounced_offline,1d612afddb5a14c10508,victim_0022,1,phase_exact,4,16767.069757922298,dense_remote,synchronization_bursty,17040.0,dense_remote,synchronization_bursty,True,272.93024207770213,272.93024207770213
direct_coherent_all_shared,random_forest,debounced_offline,1d612afddb5a14c10508,victim_0022,1,phase_any,0,3282.393742262545,synchronization_bursty,sparse_remote,,,,False,,
direct_coherent_all_shared,random_forest,debounced_offline,1d612afddb5a14c10508,victim_0022,1,phase_any,1,6879.426857186192,sparse_remote,dense_remote,6960.0,sparse_remote,dense_remote,True,80.57314281380786,80.57314281380786
direct_coherent_all_shared,random_forest,debounced_offline,1d612afddb5a14c10508,victim_0022,1,phase_any,2,9968.001637570029,dense_remote,local_compute,10320.0,dense_remote,sparse_remote,True,351.99836242997117,351.99836242997117
direct_coherent_all_shared,random_forest,debounced_offline,1d612afddb5a14c10508,victim_0022,1,phase_any,3,14339.419944693838,local_compute,dense_remote,14520.0,local_compute,sparse_remote,True,180.58005530616174,180.58005530616174
direct_coherent_all_shared,random_forest,debounced_offline,1d612afddb5a14c10508,victim_0022,1,phase_any,4,16767.069757922298,dense_remote,synchronization_bursty,17040.0,dense_remote,synchronization_bursty,True,272.93024207770213,272.93024207770213
direct_coherent_all_shared,random_forest,debounced_offline,1d612afddb5a14c10508,victim_0022,1,remote_on_off,2,9968.001637570029,dense_remote,local_compute,10740.0,sparse_remote,local_compute,True,771.9983624299712,771.9983624299712
direct_coherent_all_shared,random_forest,debounced_offline,1d612afddb5a14c10508,victim_0022,1,remote_on_off,3,14339.419944693838,local_compute,dense_remote,14520.0,local_compute,sparse_remote,True,180.58005530616174,180.58005530616174
direct_coherent_all_shared,random_forest,debounced_offline,3a4b2d0ca7b922922f3c,victim_0010,0,phase_exact,0,3799.0914558502673,local_compute,dense_remote,4020.0,local_compute,dense_remote,True,220.90854414973273,220.90854414973273
direct_coherent_all_shared,random_forest,debounced_offline,3a4b2d0ca7b922922f3c,victim_0010,0,phase_exact,1,7177.584870190105,dense_remote,sparse_remote,7380.0,dense_remote,sparse_remote,True,202.415129809895,202.415129809895
direct_coherent_all_shared,random_forest,debounced_offline,3a4b2d0ca7b922922f3c,victim_0010,0,phase_exact,2,9864.380078273627,sparse_remote,synchronization_bursty,9900.0,sparse_remote,synchronization_bursty,True,35.61992172637292,35.61992172637292
direct_coherent_all_shared,random_forest,debounced_offline,3a4b2d0ca7b922922f3c,victim_0010,0,phase_exact,3,12803.703036780968,synchronization_bursty,dense_remote,,,,False,,
direct_coherent_all_shared,random_forest,debounced_offline,3a4b2d0ca7b922922f3c,victim_0010,0,phase_exact,4,15204.780045932635,dense_remote,synchronization_bursty,15360.0,dense_remote,synchronization_bursty,True,155.2199540673646,155.2199540673646
direct_coherent_all_shared,random_forest,debounced_offline,3a4b2d0ca7b922922f3c,victim_0010,0,phase_any,0,3799.0914558502673,local_compute,dense_remote,4020.0,local_compute,dense_remote,True,220.90854414973273,220.90854414973273
direct_coherent_all_shared,random_forest,debounced_offline,3a4b2d0ca7b922922f3c,victim_0010,0,phase_any,1,7177.584870190105,dense_remote,sparse_remote,7380.0,dense_remote,sparse_remote,True,202.415129809895,202.415129809895
direct_coherent_all_shared,random_forest,debounced_offline,3a4b2d0ca7b922922f3c,victim_0010,0,phase_any,2,9864.380078273627,sparse_remote,synchronization_bursty,9900.0,sparse_remote,synchronization_bursty,True,35.61992172637292,35.61992172637292
direct_coherent_all_shared,random_forest,debounced_offline,3a4b2d0ca7b922922f3c,victim_0010,0,phase_any,3,12803.703036780968,synchronization_bursty,dense_remote,,,,False,,
direct_coherent_all_shared,random_forest,debounced_offline,3a4b2d0ca7b922922f3c,victim_0010,0,phase_any,4,15204.780045932635,dense_remote,synchronization_bursty,15360.0,dense_remote,synchronization_bursty,True,155.2199540673646,155.2199540673646
direct_coherent_all_shared,random_forest,debounced_offline,3a4b2d0ca7b922922f3c,victim_0010,0,remote_on_off,0,3799.0914558502673,local_compute,dense_remote,4020.0,local_compute,dense_remote,True,220.90854414973273,220.90854414973273
direct_coherent_all_shared,random_forest,debounced_offline,42dd7cbc0b848c1a2d76,victim_0008,1,phase_exact,0,2978.015688481845,synchronization_bursty,dense_remote,3600.0,synchronization_bursty,dense_remote,True,621.9843115181552,621.9843115181552
direct_coherent_all_shared,random_forest,debounced_offline,42dd7cbc0b848c1a2d76,victim_0008,1,phase_exact,1,6468.965710581726,dense_remote,sparse_remote,,,,False,,
direct_coherent_all_shared,random_forest,debounced_offline,42dd7cbc0b848c1a2d76,victim_0008,1,phase_exact,2,11679.055663519011,sparse_remote,local_compute,12000.0,sparse_remote,local_compute,True,320.94433648098857,320.94433648098857
direct_coherent_all_shared,random_forest,debounced_offline,42dd7cbc0b848c1a2d76,victim_0008,1,phase_exact,3,16457.887331498667,local_compute,dense_remote,,,,False,,
direct_coherent_all_shared,random_forest,debounced_offline,42dd7cbc0b848c1a2d76,victim_0008,1,phase_any,0,2978.015688481845,synchronization_bursty,dense_remote,3600.0,synchronization_bursty,dense_remote,True,621.9843115181552,621.9843115181552
direct_coherent_all_shared,random_forest,debounced_offline,42dd7cbc0b848c1a2d76,victim_0008,1,phase_any,1,6468.965710581726,dense_remote,sparse_remote,,,,False,,
direct_coherent_all_shared,random_forest,debounced_offline,42dd7cbc0b848c1a2d76,victim_0008,1,phase_any,2,11679.055663519011,sparse_remote,local_compute,12000.0,sparse_remote,local_compute,True,320.94433648098857,320.94433648098857
direct_coherent_all_shared,random_forest,debounced_offline,42dd7cbc0b848c1a2d76,victim_0008,1,phase_any,3,16457.887331498667,local_compute,dense_remote,16620.0,local_compute,sparse_remote,True,162.11266850133325,162.11266850133325
direct_coherent_all_shared,random_forest,debounced_offline,42dd7cbc0b848c1a2d76,victim_0008,1,remote_on_off,2,11679.055663519011,sparse_remote,local_compute,12000.0,sparse_remote,local_compute,True,320.94433648098857,320.94433648098857
direct_coherent_all_shared,random_forest,debounced_offline,42dd7cbc0b848c1a2d76,victim_0008,1,remote_on_off,3,16457.887331498667,local_compute,dense_remote,16620.0,local_compute,sparse_remote,True,162.11266850133325,162.11266850133325
direct_coherent_all_shared,random_forest,debounced_offline,4945b517489a52128b60,victim_0002,1,phase_exact,0,4128.836103055568,sparse_remote,synchronization_bursty,4440.0,sparse_remote,synchronization_bursty,True,311.16389694443205,311.16389694443205
direct_coherent_all_shared,random_forest,debounced_offline,4945b517489a52128b60,victim_0002,1,phase_exact,1,8090.9366784642525,synchronization_bursty,local_compute,,,,False,,
direct_coherent_all_shared,random_forest,debounced_offline,4945b517489a52128b60,victim_0002,1,phase_exact,2,11252.308935390323,local_compute,dense_remote,,,,False,,
direct_coherent_all_shared,random_forest,debounced_offline,4945b517489a52128b60,victim_0002,1,phase_exact,3,14243.601544682242,dense_remote,sparse_remote,,,,False,,
direct_coherent_all_shared,random_forest,debounced_offline,4945b517489a52128b60,victim_0002,1,phase_any,0,4128.836103055568,sparse_remote,synchronization_bursty,4440.0,sparse_remote,synchronization_bursty,True,311.16389694443205,311.16389694443205
direct_coherent_all_shared,random_forest,debounced_offline,4945b517489a52128b60,victim_0002,1,phase_any,1,8090.9366784642525,synchronization_bursty,local_compute,8220.0,sparse_remote,local_compute,True,129.0633215357475,129.0633215357475
direct_coherent_all_shared,random_forest,debounced_offline,4945b517489a52128b60,victim_0002,1,phase_any,2,11252.308935390323,local_compute,dense_remote,11580.0,local_compute,sparse_remote,True,327.6910646096767,327.6910646096767
direct_coherent_all_shared,random_forest,debounced_offline,4945b517489a52128b60,victim_0002,1,phase_any,3,14243.601544682242,dense_remote,sparse_remote,,,,False,,
direct_coherent_all_shared,random_forest,debounced_offline,4945b517489a52128b60,victim_0002,1,remote_on_off,1,8090.9366784642525,synchronization_bursty,local_compute,8220.0,sparse_remote,local_compute,True,129.0633215357475,129.0633215357475
direct_coherent_all_shared,random_forest,debounced_offline,4945b517489a52128b60,victim_0002,1,remote_on_off,2,11252.308935390323,local_compute,dense_remote,11580.0,local_compute,sparse_remote,True,327.6910646096767,327.6910646096767
direct_coherent_all_shared,random_forest,debounced_offline,52f65cc1f2f1d6036b0d,victim_0018,0,phase_exact,0,4823.51995045369,dense_remote,sparse_remote,,,,False,,
direct_coherent_all_shared,random_forest,debounced_offline,52f65cc1f2f1d6036b0d,victim_0018,0,phase_exact,1,9594.047520701628,sparse_remote,synchronization_bursty,9900.0,sparse_remote,synchronization_bursty,True,305.95247929837205,305.95247929837205
direct_coherent_all_shared,random_forest,debounced_offline,52f65cc1f2f1d6036b0d,victim_0018,0,phase_exact,2,12361.950228432477,synchronization_bursty,dense_remote,,,,False,,
direct_coherent_all_shared,random_forest,debounced_offline,52f65cc1f2f1d6036b0d,victim_0018,0,phase_exact,3,16100.566304239506,dense_remote,local_compute,,,,False,,
direct_coherent_all_shared,random_forest,debounced_offline,52f65cc1f2f1d6036b0d,victim_0018,0,phase_any,0,4823.51995045369,dense_remote,sparse_remote,4440.0,sparse_remote,dense_remote,True,-383.5199504536904,383.5199504536904
direct_coherent_all_shared,random_forest,debounced_offline,52f65cc1f2f1d6036b0d,victim_0018,0,phase_any,1,9594.047520701628,sparse_remote,synchronization_bursty,9900.0,sparse_remote,synchronization_bursty,True,305.95247929837205,305.95247929837205
direct_coherent_all_shared,random_forest,debounced_offline,52f65cc1f2f1d6036b0d,victim_0018,0,phase_any,2,12361.950228432477,synchronization_bursty,dense_remote,,,,False,,
direct_coherent_all_shared,random_forest,debounced_offline,52f65cc1f2f1d6036b0d,victim_0018,0,phase_any,3,16100.566304239506,dense_remote,local_compute,16620.0,dense_remote,sparse_remote,True,519.4336957604937,519.4336957604937
direct_coherent_all_shared,random_forest,debounced_offline,52f65cc1f2f1d6036b0d,victim_0018,0,remote_on_off,3,16100.566304239506,dense_remote,local_compute,,,,False,,
direct_coherent_all_shared,random_forest,debounced_offline,5f77ec93e99815ad8f64,victim_0035,0,phase_exact,0,5666.796589479767,sparse_remote,synchronization_bursty,,,,False,,
direct_coherent_all_shared,random_forest,debounced_offline,5f77ec93e99815ad8f64,victim_0035,0,phase_exact,1,11193.313605806132,synchronization_bursty,dense_remote,,,,False,,
direct_coherent_all_shared,random_forest,debounced_offline,5f77ec93e99815ad8f64,victim_0035,0,phase_exact,2,13748.01001582324,dense_remote,sparse_remote,,,,False,,
direct_coherent_all_shared,random_forest,debounced_offline,5f77ec93e99815ad8f64,victim_0035,0,phase_exact,3,16408.670686815945,sparse_remote,local_compute,,,,False,,
direct_coherent_all_shared,random_forest,debounced_offline,5f77ec93e99815ad8f64,victim_0035,0,phase_any,0,5666.796589479767,sparse_remote,synchronization_bursty,5700.0,sparse_remote,dense_remote,True,33.203410520232865,33.203410520232865
direct_coherent_all_shared,random_forest,debounced_offline,5f77ec93e99815ad8f64,victim_0035,0,phase_any,1,11193.313605806132,synchronization_bursty,dense_remote,,,,False,,
direct_coherent_all_shared,random_forest,debounced_offline,5f77ec93e99815ad8f64,victim_0035,0,phase_any,2,13748.01001582324,dense_remote,sparse_remote,,,,False,,
direct_coherent_all_shared,random_forest,debounced_offline,5f77ec93e99815ad8f64,victim_0035,0,phase_any,3,16408.670686815945,sparse_remote,local_compute,,,,False,,
direct_coherent_all_shared,random_forest,debounced_offline,5f77ec93e99815ad8f64,victim_0035,0,remote_on_off,3,16408.670686815945,sparse_remote,local_compute,,,,False,,
direct_coherent_all_shared,random_forest,debounced_offline,61f531cec831135c10e3,victim_0018,1,phase_exact,0,4823.51995045369,dense_remote,sparse_remote,,,,False,,
direct_coherent_all_shared,random_forest,debounced_offline,61f531cec831135c10e3,victim_0018,1,phase_exact,1,9594.047520701628,sparse_remote,synchronization_bursty,9900.0,sparse_remote,synchronization_bursty,True,305.95247929837205,305.95247929837205
direct_coherent_all_shared,random_forest,debounced_offline,61f531cec831135c10e3,victim_0018,1,phase_exact,2,12361.950228432477,synchronization_bursty,dense_remote,,,,False,,
direct_coherent_all_shared,random_forest,debounced_offline,61f531cec831135c10e3,victim_0018,1,phase_exact,3,16100.566304239506,dense_remote,local_compute,,,,False,,
direct_coherent_all_shared,random_forest,debounced_offline,61f531cec831135c10e3,victim_0018,1,phase_any,0,4823.51995045369,dense_remote,sparse_remote,5280.0,dense_remote,local_compute,True,456.4800495463096,456.4800495463096
direct_coherent_all_shared,random_forest,debounced_offline,61f531cec831135c10e3,victim_0018,1,phase_any,1,9594.047520701628,sparse_remote,synchronization_bursty,9900.0,sparse_remote,synchronization_bursty,True,305.95247929837205,305.95247929837205
direct_coherent_all_shared,random_forest,debounced_offline,61f531cec831135c10e3,victim_0018,1,phase_any,2,12361.950228432477,synchronization_bursty,dense_remote,12840.0,synchronization_bursty,sparse_remote,True,478.04977156752284,478.04977156752284
direct_coherent_all_shared,random_forest,debounced_offline,61f531cec831135c10e3,victim_0018,1,phase_any,3,16100.566304239506,dense_remote,local_compute,16200.0,dense_remote,sparse_remote,True,99.43369576049372,99.43369576049372
direct_coherent_all_shared,random_forest,debounced_offline,61f531cec831135c10e3,victim_0018,1,remote_on_off,3,16100.566304239506,dense_remote,local_compute,,,,False,,
direct_coherent_all_shared,random_forest,debounced_offline,67f3bc4ab2c1ed28c867,victim_0006,1,phase_exact,0,3868.292651126604,sparse_remote,local_compute,,,,False,,
direct_coherent_all_shared,random_forest,debounced_offline,67f3bc4ab2c1ed28c867,victim_0006,1,phase_exact,1,8142.9548099510275,local_compute,sparse_remote,,,,False,,
direct_coherent_all_shared,random_forest,debounced_offline,67f3bc4ab2c1ed28c867,victim_0006,1,phase_exact,2,10850.749623475784,sparse_remote,synchronization_bursty,11160.0,sparse_remote,synchronization_bursty,True,309.25037652421634,309.25037652421634
direct_coherent_all_shared,random_forest,debounced_offline,67f3bc4ab2c1ed28c867,victim_0006,1,phase_exact,3,13905.834588475289,synchronization_bursty,dense_remote,14100.0,synchronization_bursty,dense_remote,True,194.1654115247111,194.1654115247111
direct_coherent_all_shared,random_forest,debounced_offline,67f3bc4ab2c1ed28c867,victim_0006,1,phase_any,0,3868.292651126604,sparse_remote,local_compute,,,,False,,
direct_coherent_all_shared,random_forest,debounced_offline,67f3bc4ab2c1ed28c867,victim_0006,1,phase_any,1,8142.9548099510275,local_compute,sparse_remote,8220.0,local_compute,dense_remote,True,77.04519004897247,77.04519004897247
direct_coherent_all_shared,random_forest,debounced_offline,67f3bc4ab2c1ed28c867,victim_0006,1,phase_any,2,10850.749623475784,sparse_remote,synchronization_bursty,11160.0,sparse_remote,synchronization_bursty,True,309.25037652421634,309.25037652421634
direct_coherent_all_shared,random_forest,debounced_offline,67f3bc4ab2c1ed28c867,victim_0006,1,phase_any,3,13905.834588475289,synchronization_bursty,dense_remote,14100.0,synchronization_bursty,dense_remote,True,194.1654115247111,194.1654115247111
direct_coherent_all_shared,random_forest,debounced_offline,67f3bc4ab2c1ed28c867,victim_0006,1,remote_on_off,0,3868.292651126604,sparse_remote,local_compute,,,,False,,
direct_coherent_all_shared,random_forest,debounced_offline,67f3bc4ab2c1ed28c867,victim_0006,1,remote_on_off,1,8142.9548099510275,local_compute,sparse_remote,8220.0,local_compute,dense_remote,True,77.04519004897247,77.04519004897247
direct_coherent_all_shared,random_forest,debounced_offline,779fa314c5204e93b08a,victim_0034,0,phase_exact,0,2584.983901882975,dense_remote,local_compute,,,,False,,
direct_coherent_all_shared,random_forest,debounced_offline,779fa314c5204e93b08a,victim_0034,0,phase_exact,1,5207.092213312335,local_compute,sparse_remote,,,,False,,
direct_coherent_all_shared,random_forest,debounced_offline,779fa314c5204e93b08a,victim_0034,0,phase_exact,2,8644.94250269917,sparse_remote,synchronization_bursty,9060.0,sparse_remote,synchronization_bursty,True,415.0574973008297,415.0574973008297
direct_coherent_all_shared,random_forest,debounced_offline,779fa314c5204e93b08a,victim_0034,0,phase_exact,3,11529.039859917659,synchronization_bursty,local_compute,12000.0,synchronization_bursty,local_compute,True,470.96014008234124,470.96014008234124
direct_coherent_all_shared,random_forest,debounced_offline,779fa314c5204e93b08a,victim_0034,0,phase_exact,4,16958.909792595652,local_compute,dense_remote,,,,False,,
direct_coherent_all_shared,random_forest,debounced_offline,779fa314c5204e93b08a,victim_0034,0,phase_any,0,2584.983901882975,dense_remote,local_compute,2760.0,dense_remote,sparse_remote,True,175.0160981170252,175.0160981170252
direct_coherent_all_shared,random_forest,debounced_offline,779fa314c5204e93b08a,victim_0034,0,phase_any,1,5207.092213312335,local_compute,sparse_remote,5280.0,local_compute,synchronization_bursty,True,72.90778668766507,72.90778668766507
direct_coherent_all_shared,random_forest,debounced_offline,779fa314c5204e93b08a,victim_0034,0,phase_any,2,8644.94250269917,sparse_remote,synchronization_bursty,9060.0,sparse_remote,synchronization_bursty,True,415.0574973008297,415.0574973008297
direct_coherent_all_shared,random_forest,debounced_offline,779fa314c5204e93b08a,victim_0034,0,phase_any,3,11529.039859917659,synchronization_bursty,local_compute,12000.0,synchronization_bursty,local_compute,True,470.96014008234124,470.96014008234124
direct_coherent_all_shared,random_forest,debounced_offline,779fa314c5204e93b08a,victim_0034,0,phase_any,4,16958.909792595652,local_compute,dense_remote,17040.0,local_compute,sparse_remote,True,81.0902074043479,81.0902074043479
direct_coherent_all_shared,random_forest,debounced_offline,779fa314c5204e93b08a,victim_0034,0,remote_on_off,0,2584.983901882975,dense_remote,local_compute,3180.0,sparse_remote,local_compute,True,595.0160981170252,595.0160981170252
direct_coherent_all_shared,random_forest,debounced_offline,779fa314c5204e93b08a,victim_0034,0,remote_on_off,1,5207.092213312335,local_compute,sparse_remote,5280.0,local_compute,synchronization_bursty,True,72.90778668766507,72.90778668766507
direct_coherent_all_shared,random_forest,debounced_offline,779fa314c5204e93b08a,victim_0034,0,remote_on_off,3,11529.039859917659,synchronization_bursty,local_compute,12000.0,synchronization_bursty,local_compute,True,470.96014008234124,470.96014008234124
direct_coherent_all_shared,random_forest,debounced_offline,779fa314c5204e93b08a,victim_0034,0,remote_on_off,4,16958.909792595652,local_compute,dense_remote,17040.0,local_compute,sparse_remote,True,81.0902074043479,81.0902074043479
direct_coherent_all_shared,random_forest,debounced_offline,78c3115c2a709cd8c555,victim_0034,1,phase_exact,0,2584.983901882975,dense_remote,local_compute,3180.0,dense_remote,local_compute,True,595.0160981170252,595.0160981170252
direct_coherent_all_shared,random_forest,debounced_offline,78c3115c2a709cd8c555,victim_0034,1,phase_exact,1,5207.092213312335,local_compute,sparse_remote,5280.0,local_compute,sparse_remote,True,72.90778668766507,72.90778668766507
direct_coherent_all_shared,random_forest,debounced_offline,78c3115c2a709cd8c555,victim_0034,1,phase_exact,2,8644.94250269917,sparse_remote,synchronization_bursty,9060.0,sparse_remote,synchronization_bursty,True,415.0574973008297,415.0574973008297
direct_coherent_all_shared,random_forest,debounced_offline,78c3115c2a709cd8c555,victim_0034,1,phase_exact,3,11529.039859917659,synchronization_bursty,local_compute,12000.0,synchronization_bursty,local_compute,True,470.96014008234124,470.96014008234124
direct_coherent_all_shared,random_forest,debounced_offline,78c3115c2a709cd8c555,victim_0034,1,phase_exact,4,16958.909792595652,local_compute,dense_remote,,,,False,,
direct_coherent_all_shared,random_forest,debounced_offline,78c3115c2a709cd8c555,victim_0034,1,phase_any,0,2584.983901882975,dense_remote,local_compute,3180.0,dense_remote,local_compute,True,595.0160981170252,595.0160981170252
direct_coherent_all_shared,random_forest,debounced_offline,78c3115c2a709cd8c555,victim_0034,1,phase_any,1,5207.092213312335,local_compute,sparse_remote,5280.0,local_compute,sparse_remote,True,72.90778668766507,72.90778668766507
direct_coherent_all_shared,random_forest,debounced_offline,78c3115c2a709cd8c555,victim_0034,1,phase_any,2,8644.94250269917,sparse_remote,synchronization_bursty,9060.0,sparse_remote,synchronization_bursty,True,415.0574973008297,415.0574973008297
direct_coherent_all_shared,random_forest,debounced_offline,78c3115c2a709cd8c555,victim_0034,1,phase_any,3,11529.039859917659,synchronization_bursty,local_compute,12000.0,synchronization_bursty,local_compute,True,470.96014008234124,470.96014008234124
direct_coherent_all_shared,random_forest,debounced_offline,78c3115c2a709cd8c555,victim_0034,1,phase_any,4,16958.909792595652,local_compute,dense_remote,17040.0,local_compute,sparse_remote,True,81.0902074043479,81.0902074043479
direct_coherent_all_shared,random_forest,debounced_offline,78c3115c2a709cd8c555,victim_0034,1,remote_on_off,0,2584.983901882975,dense_remote,local_compute,3180.0,dense_remote,local_compute,True,595.0160981170252,595.0160981170252
direct_coherent_all_shared,random_forest,debounced_offline,78c3115c2a709cd8c555,victim_0034,1,remote_on_off,1,5207.092213312335,local_compute,sparse_remote,5280.0,local_compute,sparse_remote,True,72.90778668766507,72.90778668766507
direct_coherent_all_shared,random_forest,debounced_offline,78c3115c2a709cd8c555,victim_0034,1,remote_on_off,3,11529.039859917659,synchronization_bursty,local_compute,12000.0,synchronization_bursty,local_compute,True,470.96014008234124,470.96014008234124
direct_coherent_all_shared,random_forest,debounced_offline,78c3115c2a709cd8c555,victim_0034,1,remote_on_off,4,16958.909792595652,local_compute,dense_remote,17040.0,local_compute,sparse_remote,True,81.0902074043479,81.0902074043479
direct_coherent_all_shared,random_forest,debounced_offline,7cb6f3fc675a160eca58,victim_0022,0,phase_exact,0,3282.393742262545,synchronization_bursty,sparse_remote,,,,False,,
direct_coherent_all_shared,random_forest,debounced_offline,7cb6f3fc675a160eca58,victim_0022,0,phase_exact,1,6879.426857186192,sparse_remote,dense_remote,6960.0,sparse_remote,dense_remote,True,80.57314281380786,80.57314281380786
direct_coherent_all_shared,random_forest,debounced_offline,7cb6f3fc675a160eca58,victim_0022,0,phase_exact,2,9968.001637570029,dense_remote,local_compute,,,,False,,
direct_coherent_all_shared,random_forest,debounced_offline,7cb6f3fc675a160eca58,victim_0022,0,phase_exact,3,14339.419944693838,local_compute,dense_remote,,,,False,,
direct_coherent_all_shared,random_forest,debounced_offline,7cb6f3fc675a160eca58,victim_0022,0,phase_exact,4,16767.069757922298,dense_remote,synchronization_bursty,,,,False,,
direct_coherent_all_shared,random_forest,debounced_offline,7cb6f3fc675a160eca58,victim_0022,0,phase_any,0,3282.393742262545,synchronization_bursty,sparse_remote,3600.0,synchronization_bursty,dense_remote,True,317.60625773745505,317.60625773745505
direct_coherent_all_shared,random_forest,debounced_offline,7cb6f3fc675a160eca58,victim_0022,0,phase_any,1,6879.426857186192,sparse_remote,dense_remote,6960.0,sparse_remote,dense_remote,True,80.57314281380786,80.57314281380786
direct_coherent_all_shared,random_forest,debounced_offline,7cb6f3fc675a160eca58,victim_0022,0,phase_any,2,9968.001637570029,dense_remote,local_compute,10740.0,dense_remote,sparse_remote,True,771.9983624299712,771.9983624299712
direct_coherent_all_shared,random_forest,debounced_offline,7cb6f3fc675a160eca58,victim_0022,0,phase_any,3,14339.419944693838,local_compute,dense_remote,14520.0,local_compute,sparse_remote,True,180.58005530616174,180.58005530616174
direct_coherent_all_shared,random_forest,debounced_offline,7cb6f3fc675a160eca58,victim_0022,0,phase_any,4,16767.069757922298,dense_remote,synchronization_bursty,16620.0,dense_remote,sparse_remote,True,-147.06975792229787,147.06975792229787
direct_coherent_all_shared,random_forest,debounced_offline,7cb6f3fc675a160eca58,victim_0022,0,remote_on_off,2,9968.001637570029,dense_remote,local_compute,,,,False,,
direct_coherent_all_shared,random_forest,debounced_offline,7cb6f3fc675a160eca58,victim_0022,0,remote_on_off,3,14339.419944693838,local_compute,dense_remote,14520.0,local_compute,sparse_remote,True,180.58005530616174,180.58005530616174
direct_coherent_all_shared,random_forest,debounced_offline,7e996bcfa8694dc00cb1,victim_0020,1,phase_exact,0,3945.197190413731,dense_remote,local_compute,,,,False,,
direct_coherent_all_shared,random_forest,debounced_offline,7e996bcfa8694dc00cb1,victim_0020,1,phase_exact,1,8519.38861505275,local_compute,synchronization_bursty,8640.0,local_compute,synchronization_bursty,True,120.61138494724946,120.61138494724946
direct_coherent_all_shared,random_forest,debounced_offline,7e996bcfa8694dc00cb1,victim_0020,1,phase_exact,2,13972.618573212338,synchronization_bursty,local_compute,,,,False,,
direct_coherent_all_shared,random_forest,debounced_offline,7e996bcfa8694dc00cb1,victim_0020,1,phase_exact,3,17384.940617006945,local_compute,sparse_remote,17460.0,local_compute,sparse_remote,True,75.0593829930549,75.0593829930549
direct_coherent_all_shared,random_forest,debounced_offline,7e996bcfa8694dc00cb1,victim_0020,1,phase_any,0,3945.197190413731,dense_remote,local_compute,3600.0,dense_remote,sparse_remote,True,-345.1971904137308,345.1971904137308
direct_coherent_all_shared,random_forest,debounced_offline,7e996bcfa8694dc00cb1,victim_0020,1,phase_any,1,8519.38861505275,local_compute,synchronization_bursty,8640.0,local_compute,synchronization_bursty,True,120.61138494724946,120.61138494724946
direct_coherent_all_shared,random_forest,debounced_offline,7e996bcfa8694dc00cb1,victim_0020,1,phase_any,2,13972.618573212338,synchronization_bursty,local_compute,,,,False,,
direct_coherent_all_shared,random_forest,debounced_offline,7e996bcfa8694dc00cb1,victim_0020,1,phase_any,3,17384.940617006945,local_compute,sparse_remote,17460.0,local_compute,sparse_remote,True,75.0593829930549,75.0593829930549
direct_coherent_all_shared,random_forest,debounced_offline,7e996bcfa8694dc00cb1,victim_0020,1,remote_on_off,0,3945.197190413731,dense_remote,local_compute,,,,False,,
direct_coherent_all_shared,random_forest,debounced_offline,7e996bcfa8694dc00cb1,victim_0020,1,remote_on_off,1,8519.38861505275,local_compute,synchronization_bursty,8640.0,local_compute,synchronization_bursty,True,120.61138494724946,120.61138494724946
direct_coherent_all_shared,random_forest,debounced_offline,7e996bcfa8694dc00cb1,victim_0020,1,remote_on_off,2,13972.618573212338,synchronization_bursty,local_compute,,,,False,,
direct_coherent_all_shared,random_forest,debounced_offline,7e996bcfa8694dc00cb1,victim_0020,1,remote_on_off,3,17384.940617006945,local_compute,sparse_remote,17460.0,local_compute,sparse_remote,True,75.0593829930549,75.0593829930549
direct_coherent_all_shared,random_forest,debounced_offline,8b7dc1f95258bba97d4d,victim_0010,1,phase_exact,0,3799.0914558502673,local_compute,dense_remote,4020.0,local_compute,dense_remote,True,220.90854414973273,220.90854414973273
direct_coherent_all_shared,random_forest,debounced_offline,8b7dc1f95258bba97d4d,victim_0010,1,phase_exact,1,7177.584870190105,dense_remote,sparse_remote,7380.0,dense_remote,sparse_remote,True,202.415129809895,202.415129809895
direct_coherent_all_shared,random_forest,debounced_offline,8b7dc1f95258bba97d4d,victim_0010,1,phase_exact,2,9864.380078273627,sparse_remote,synchronization_bursty,9900.0,sparse_remote,synchronization_bursty,True,35.61992172637292,35.61992172637292
direct_coherent_all_shared,random_forest,debounced_offline,8b7dc1f95258bba97d4d,victim_0010,1,phase_exact,3,12803.703036780968,synchronization_bursty,dense_remote,13260.0,synchronization_bursty,dense_remote,True,456.2969632190325,456.2969632190325
direct_coherent_all_shared,random_forest,debounced_offline,8b7dc1f95258bba97d4d,victim_0010,1,phase_exact,4,15204.780045932635,dense_remote,synchronization_bursty,15360.0,dense_remote,synchronization_bursty,True,155.2199540673646,155.2199540673646
direct_coherent_all_shared,random_forest,debounced_offline,8b7dc1f95258bba97d4d,victim_0010,1,phase_any,0,3799.0914558502673,local_compute,dense_remote,4020.0,local_compute,dense_remote,True,220.90854414973273,220.90854414973273
direct_coherent_all_shared,random_forest,debounced_offline,8b7dc1f95258bba97d4d,victim_0010,1,phase_any,1,7177.584870190105,dense_remote,sparse_remote,7380.0,dense_remote,sparse_remote,True,202.415129809895,202.415129809895
direct_coherent_all_shared,random_forest,debounced_offline,8b7dc1f95258bba97d4d,victim_0010,1,phase_any,2,9864.380078273627,sparse_remote,synchronization_bursty,9900.0,sparse_remote,synchronization_bursty,True,35.61992172637292,35.61992172637292
direct_coherent_all_shared,random_forest,debounced_offline,8b7dc1f95258bba97d4d,victim_0010,1,phase_any,3,12803.703036780968,synchronization_bursty,dense_remote,13260.0,synchronization_bursty,dense_remote,True,456.2969632190325,456.2969632190325
direct_coherent_all_shared,random_forest,debounced_offline,8b7dc1f95258bba97d4d,victim_0010,1,phase_any,4,15204.780045932635,dense_remote,synchronization_bursty,15360.0,dense_remote,synchronization_bursty,True,155.2199540673646,155.2199540673646
direct_coherent_all_shared,random_forest,debounced_offline,8b7dc1f95258bba97d4d,victim_0010,1,remote_on_off,0,3799.0914558502673,local_compute,dense_remote,4020.0,local_compute,dense_remote,True,220.90854414973273,220.90854414973273
direct_coherent_all_shared,random_forest,debounced_offline,a52580e2d76ee68258b2,victim_0002,0,phase_exact,0,4128.836103055568,sparse_remote,synchronization_bursty,4440.0,sparse_remote,synchronization_bursty,True,311.16389694443205,311.16389694443205
direct_coherent_all_shared,random_forest,debounced_offline,a52580e2d76ee68258b2,victim_0002,0,phase_exact,1,8090.9366784642525,synchronization_bursty,local_compute,7800.0,synchronization_bursty,local_compute,True,-290.9366784642525,290.9366784642525
direct_coherent_all_shared,random_forest,debounced_offline,a52580e2d76ee68258b2,victim_0002,0,phase_exact,2,11252.308935390323,local_compute,dense_remote,,,,False,,
direct_coherent_all_shared,random_forest,debounced_offline,a52580e2d76ee68258b2,victim_0002,0,phase_exact,3,14243.601544682242,dense_remote,sparse_remote,,,,False,,
direct_coherent_all_shared,random_forest,debounced_offline,a52580e2d76ee68258b2,victim_0002,0,phase_any,0,4128.836103055568,sparse_remote,synchronization_bursty,4440.0,sparse_remote,synchronization_bursty,True,311.16389694443205,311.16389694443205
direct_coherent_all_shared,random_forest,debounced_offline,a52580e2d76ee68258b2,victim_0002,0,phase_any,1,8090.9366784642525,synchronization_bursty,local_compute,7800.0,synchronization_bursty,local_compute,True,-290.9366784642525,290.9366784642525
direct_coherent_all_shared,random_forest,debounced_offline,a52580e2d76ee68258b2,victim_0002,0,phase_any,2,11252.308935390323,local_compute,dense_remote,11580.0,local_compute,sparse_remote,True,327.6910646096767,327.6910646096767
direct_coherent_all_shared,random_forest,debounced_offline,a52580e2d76ee68258b2,victim_0002,0,phase_any,3,14243.601544682242,dense_remote,sparse_remote,,,,False,,
direct_coherent_all_shared,random_forest,debounced_offline,a52580e2d76ee68258b2,victim_0002,0,remote_on_off,1,8090.9366784642525,synchronization_bursty,local_compute,7800.0,synchronization_bursty,local_compute,True,-290.9366784642525,290.9366784642525
direct_coherent_all_shared,random_forest,debounced_offline,a52580e2d76ee68258b2,victim_0002,0,remote_on_off,2,11252.308935390323,local_compute,dense_remote,11580.0,local_compute,sparse_remote,True,327.6910646096767,327.6910646096767
direct_coherent_all_shared,random_forest,debounced_offline,bc79906fd50c83274bf5,victim_0035,1,phase_exact,0,5666.796589479767,sparse_remote,synchronization_bursty,,,,False,,
direct_coherent_all_shared,random_forest,debounced_offline,bc79906fd50c83274bf5,victim_0035,1,phase_exact,1,11193.313605806132,synchronization_bursty,dense_remote,12000.0,synchronization_bursty,dense_remote,True,806.6863941938682,806.6863941938682
direct_coherent_all_shared,random_forest,debounced_offline,bc79906fd50c83274bf5,victim_0035,1,phase_exact,2,13748.01001582324,dense_remote,sparse_remote,14100.0,dense_remote,sparse_remote,True,351.9899841767601,351.9899841767601
direct_coherent_all_shared,random_forest,debounced_offline,bc79906fd50c83274bf5,victim_0035,1,phase_exact,3,16408.670686815945,sparse_remote,local_compute,,,,False,,
direct_coherent_all_shared,random_forest,debounced_offline,bc79906fd50c83274bf5,victim_0035,1,phase_any,0,5666.796589479767,sparse_remote,synchronization_bursty,5700.0,sparse_remote,dense_remote,True,33.203410520232865,33.203410520232865
direct_coherent_all_shared,random_forest,debounced_offline,bc79906fd50c83274bf5,victim_0035,1,phase_any,1,11193.313605806132,synchronization_bursty,dense_remote,12000.0,synchronization_bursty,dense_remote,True,806.6863941938682,806.6863941938682
direct_coherent_all_shared,random_forest,debounced_offline,bc79906fd50c83274bf5,victim_0035,1,phase_any,2,13748.01001582324,dense_remote,sparse_remote,14100.0,dense_remote,sparse_remote,True,351.9899841767601,351.9899841767601
direct_coherent_all_shared,random_forest,debounced_offline,bc79906fd50c83274bf5,victim_0035,1,phase_any,3,16408.670686815945,sparse_remote,local_compute,,,,False,,
direct_coherent_all_shared,random_forest,debounced_offline,bc79906fd50c83274bf5,victim_0035,1,remote_on_off,3,16408.670686815945,sparse_remote,local_compute,,,,False,,
direct_coherent_all_shared,random_forest,debounced_offline,d9d26f0c3415d24edf4b,victim_0003,1,phase_exact,0,3184.1511702802213,local_compute,sparse_remote,,,,False,,
direct_coherent_all_shared,random_forest,debounced_offline,d9d26f0c3415d24edf4b,victim_0003,1,phase_exact,1,8137.308551850549,sparse_remote,dense_remote,8640.0,sparse_remote,dense_remote,True,502.6914481494514,502.6914481494514
direct_coherent_all_shared,random_forest,debounced_offline,d9d26f0c3415d24edf4b,victim_0003,1,phase_exact,2,11766.900719130488,dense_remote,sparse_remote,12420.0,dense_remote,sparse_remote,True,653.0992808695119,653.0992808695119
direct_coherent_all_shared,random_forest,debounced_offline,d9d26f0c3415d24edf4b,victim_0003,1,phase_exact,3,16533.76894948869,sparse_remote,synchronization_bursty,17040.0,sparse_remote,synchronization_bursty,True,506.23105051130915,506.23105051130915
direct_coherent_all_shared,random_forest,debounced_offline,d9d26f0c3415d24edf4b,victim_0003,1,phase_any,0,3184.1511702802213,local_compute,sparse_remote,3180.0,local_compute,synchronization_bursty,True,-4.151170280221322,4.151170280221322
direct_coherent_all_shared,random_forest,debounced_offline,d9d26f0c3415d24edf4b,victim_0003,1,phase_any,1,8137.308551850549,sparse_remote,dense_remote,8640.0,sparse_remote,dense_remote,True,502.6914481494514,502.6914481494514
direct_coherent_all_shared,random_forest,debounced_offline,d9d26f0c3415d24edf4b,victim_0003,1,phase_any,2,11766.900719130488,dense_remote,sparse_remote,12420.0,dense_remote,sparse_remote,True,653.0992808695119,653.0992808695119
direct_coherent_all_shared,random_forest,debounced_offline,d9d26f0c3415d24edf4b,victim_0003,1,phase_any,3,16533.76894948869,sparse_remote,synchronization_bursty,17040.0,sparse_remote,synchronization_bursty,True,506.23105051130915,506.23105051130915
direct_coherent_all_shared,random_forest,debounced_offline,d9d26f0c3415d24edf4b,victim_0003,1,remote_on_off,0,3184.1511702802213,local_compute,sparse_remote,3180.0,local_compute,synchronization_bursty,True,-4.151170280221322,4.151170280221322
direct_coherent_all_shared,random_forest,debounced_offline,dd445dce99cbf4e9fc71,victim_0031,0,phase_exact,0,4159.949493759739,local_compute,dense_remote,4440.0,local_compute,dense_remote,True,280.0505062402608,280.0505062402608
direct_coherent_all_shared,random_forest,debounced_offline,dd445dce99cbf4e9fc71,victim_0031,0,phase_exact,1,8524.953030037665,dense_remote,sparse_remote,7800.0,dense_remote,sparse_remote,True,-724.9530300376646,724.9530300376646
direct_coherent_all_shared,random_forest,debounced_offline,dd445dce99cbf4e9fc71,victim_0031,0,phase_exact,2,11172.11201804374,sparse_remote,synchronization_bursty,11580.0,sparse_remote,synchronization_bursty,True,407.8879819562608,407.8879819562608
direct_coherent_all_shared,random_forest,debounced_offline,dd445dce99cbf4e9fc71,victim_0031,0,phase_exact,3,14427.950477163511,synchronization_bursty,dense_remote,,,,False,,
direct_coherent_all_shared,random_forest,debounced_offline,dd445dce99cbf4e9fc71,victim_0031,0,phase_exact,4,17846.27700177856,dense_remote,local_compute,,,,False,,
direct_coherent_all_shared,random_forest,debounced_offline,dd445dce99cbf4e9fc71,victim_0031,0,phase_any,0,4159.949493759739,local_compute,dense_remote,4440.0,local_compute,dense_remote,True,280.0505062402608,280.0505062402608
direct_coherent_all_shared,random_forest,debounced_offline,dd445dce99cbf4e9fc71,victim_0031,0,phase_any,1,8524.953030037665,dense_remote,sparse_remote,7800.0,dense_remote,sparse_remote,True,-724.9530300376646,724.9530300376646
direct_coherent_all_shared,random_forest,debounced_offline,dd445dce99cbf4e9fc71,victim_0031,0,phase_any,2,11172.11201804374,sparse_remote,synchronization_bursty,11580.0,sparse_remote,synchronization_bursty,True,407.8879819562608,407.8879819562608
direct_coherent_all_shared,random_forest,debounced_offline,dd445dce99cbf4e9fc71,victim_0031,0,phase_any,3,14427.950477163511,synchronization_bursty,dense_remote,,,,False,,
direct_coherent_all_shared,random_forest,debounced_offline,dd445dce99cbf4e9fc71,victim_0031,0,phase_any,4,17846.27700177856,dense_remote,local_compute,,,,False,,
direct_coherent_all_shared,random_forest,debounced_offline,dd445dce99cbf4e9fc71,victim_0031,0,remote_on_off,0,4159.949493759739,local_compute,dense_remote,4440.0,local_compute,dense_remote,True,280.0505062402608,280.0505062402608
direct_coherent_all_shared,random_forest,debounced_offline,dd445dce99cbf4e9fc71,victim_0031,0,remote_on_off,4,17846.27700177856,dense_remote,local_compute,,,,False,,
direct_coherent_all_shared,random_forest,debounced_offline,e6c7d63e8d95dda1f2c2,victim_0031,1,phase_exact,0,4159.949493759739,local_compute,dense_remote,4440.0,local_compute,dense_remote,True,280.0505062402608,280.0505062402608
direct_coherent_all_shared,random_forest,debounced_offline,e6c7d63e8d95dda1f2c2,victim_0031,1,phase_exact,1,8524.953030037665,dense_remote,sparse_remote,7800.0,dense_remote,sparse_remote,True,-724.9530300376646,724.9530300376646
direct_coherent_all_shared,random_forest,debounced_offline,e6c7d63e8d95dda1f2c2,victim_0031,1,phase_exact,2,11172.11201804374,sparse_remote,synchronization_bursty,,,,False,,
direct_coherent_all_shared,random_forest,debounced_offline,e6c7d63e8d95dda1f2c2,victim_0031,1,phase_exact,3,14427.950477163511,synchronization_bursty,dense_remote,,,,False,,
direct_coherent_all_shared,random_forest,debounced_offline,e6c7d63e8d95dda1f2c2,victim_0031,1,phase_exact,4,17846.27700177856,dense_remote,local_compute,,,,False,,
direct_coherent_all_shared,random_forest,debounced_offline,e6c7d63e8d95dda1f2c2,victim_0031,1,phase_any,0,4159.949493759739,local_compute,dense_remote,4440.0,local_compute,dense_remote,True,280.0505062402608,280.0505062402608
direct_coherent_all_shared,random_forest,debounced_offline,e6c7d63e8d95dda1f2c2,victim_0031,1,phase_any,1,8524.953030037665,dense_remote,sparse_remote,8640.0,sparse_remote,synchronization_bursty,True,115.04696996233542,115.04696996233542
direct_coherent_all_shared,random_forest,debounced_offline,e6c7d63e8d95dda1f2c2,victim_0031,1,phase_any,2,11172.11201804374,sparse_remote,synchronization_bursty,11160.0,sparse_remote,dense_remote,True,-12.112018043739226,12.112018043739226
direct_coherent_all_shared,random_forest,debounced_offline,e6c7d63e8d95dda1f2c2,victim_0031,1,phase_any,3,14427.950477163511,synchronization_bursty,dense_remote,,,,False,,
direct_coherent_all_shared,random_forest,debounced_offline,e6c7d63e8d95dda1f2c2,victim_0031,1,phase_any,4,17846.27700177856,dense_remote,local_compute,18300.0,dense_remote,sparse_remote,True,453.72299822144123,453.72299822144123
direct_coherent_all_shared,random_forest,debounced_offline,e6c7d63e8d95dda1f2c2,victim_0031,1,remote_on_off,0,4159.949493759739,local_compute,dense_remote,4440.0,local_compute,dense_remote,True,280.0505062402608,280.0505062402608
direct_coherent_all_shared,random_forest,debounced_offline,e6c7d63e8d95dda1f2c2,victim_0031,1,remote_on_off,4,17846.27700177856,dense_remote,local_compute,,,,False,,
direct_coherent_all_shared,random_forest,debounced_offline,e7639a00c9ac6ae3c669,victim_0008,0,phase_exact,0,2978.015688481845,synchronization_bursty,dense_remote,,,,False,,
direct_coherent_all_shared,random_forest,debounced_offline,e7639a00c9ac6ae3c669,victim_0008,0,phase_exact,1,6468.965710581726,dense_remote,sparse_remote,,,,False,,
direct_coherent_all_shared,random_forest,debounced_offline,e7639a00c9ac6ae3c669,victim_0008,0,phase_exact,2,11679.055663519011,sparse_remote,local_compute,,,,False,,
direct_coherent_all_shared,random_forest,debounced_offline,e7639a00c9ac6ae3c669,victim_0008,0,phase_exact,3,16457.887331498667,local_compute,dense_remote,,,,False,,
direct_coherent_all_shared,random_forest,debounced_offline,e7639a00c9ac6ae3c669,victim_0008,0,phase_any,0,2978.015688481845,synchronization_bursty,dense_remote,,,,False,,
direct_coherent_all_shared,random_forest,debounced_offline,e7639a00c9ac6ae3c669,victim_0008,0,phase_any,1,6468.965710581726,dense_remote,sparse_remote,,,,False,,
direct_coherent_all_shared,random_forest,debounced_offline,e7639a00c9ac6ae3c669,victim_0008,0,phase_any,2,11679.055663519011,sparse_remote,local_compute,,,,False,,
direct_coherent_all_shared,random_forest,debounced_offline,e7639a00c9ac6ae3c669,victim_0008,0,phase_any,3,16457.887331498667,local_compute,dense_remote,16620.0,local_compute,sparse_remote,True,162.11266850133325,162.11266850133325
direct_coherent_all_shared,random_forest,debounced_offline,e7639a00c9ac6ae3c669,victim_0008,0,remote_on_off,2,11679.055663519011,sparse_remote,local_compute,,,,False,,
direct_coherent_all_shared,random_forest,debounced_offline,e7639a00c9ac6ae3c669,victim_0008,0,remote_on_off,3,16457.887331498667,local_compute,dense_remote,16620.0,local_compute,sparse_remote,True,162.11266850133325,162.11266850133325
direct_coherent_all_shared,random_forest,debounced_offline,f9abaf95dce2b8c722c4,victim_0006,0,phase_exact,0,3868.292651126604,sparse_remote,local_compute,4440.0,sparse_remote,local_compute,True,571.7073488733959,571.7073488733959
direct_coherent_all_shared,random_forest,debounced_offline,f9abaf95dce2b8c722c4,victim_0006,0,phase_exact,1,8142.9548099510275,local_compute,sparse_remote,,,,False,,
direct_coherent_all_shared,random_forest,debounced_offline,f9abaf95dce2b8c722c4,victim_0006,0,phase_exact,2,10850.749623475784,sparse_remote,synchronization_bursty,11160.0,sparse_remote,synchronization_bursty,True,309.25037652421634,309.25037652421634
direct_coherent_all_shared,random_forest,debounced_offline,f9abaf95dce2b8c722c4,victim_0006,0,phase_exact,3,13905.834588475289,synchronization_bursty,dense_remote,,,,False,,
direct_coherent_all_shared,random_forest,debounced_offline,f9abaf95dce2b8c722c4,victim_0006,0,phase_any,0,3868.292651126604,sparse_remote,local_compute,4440.0,sparse_remote,local_compute,True,571.7073488733959,571.7073488733959
direct_coherent_all_shared,random_forest,debounced_offline,f9abaf95dce2b8c722c4,victim_0006,0,phase_any,1,8142.9548099510275,local_compute,sparse_remote,8220.0,local_compute,dense_remote,True,77.04519004897247,77.04519004897247
direct_coherent_all_shared,random_forest,debounced_offline,f9abaf95dce2b8c722c4,victim_0006,0,phase_any,2,10850.749623475784,sparse_remote,synchronization_bursty,11160.0,sparse_remote,synchronization_bursty,True,309.25037652421634,309.25037652421634
direct_coherent_all_shared,random_forest,debounced_offline,f9abaf95dce2b8c722c4,victim_0006,0,phase_any,3,13905.834588475289,synchronization_bursty,dense_remote,,,,False,,
direct_coherent_all_shared,random_forest,debounced_offline,f9abaf95dce2b8c722c4,victim_0006,0,remote_on_off,0,3868.292651126604,sparse_remote,local_compute,4440.0,sparse_remote,local_compute,True,571.7073488733959,571.7073488733959
direct_coherent_all_shared,random_forest,debounced_offline,f9abaf95dce2b8c722c4,victim_0006,0,remote_on_off,1,8142.9548099510275,local_compute,sparse_remote,8220.0,local_compute,dense_remote,True,77.04519004897247,77.04519004897247
direct_coherent_all_shared,random_forest,raw_online,037992cac1ae1a38156a,victim_0020,0,phase_exact,0,3945.197190413731,dense_remote,local_compute,4020.0,dense_remote,local_compute,True,74.80280958626918,74.80280958626918
direct_coherent_all_shared,random_forest,raw_online,037992cac1ae1a38156a,victim_0020,0,phase_exact,1,8519.38861505275,local_compute,synchronization_bursty,8640.0,local_compute,synchronization_bursty,True,120.61138494724946,120.61138494724946
direct_coherent_all_shared,random_forest,raw_online,037992cac1ae1a38156a,victim_0020,0,phase_exact,2,13972.618573212338,synchronization_bursty,local_compute,14100.0,synchronization_bursty,local_compute,True,127.38142678766235,127.38142678766235
direct_coherent_all_shared,random_forest,raw_online,037992cac1ae1a38156a,victim_0020,0,phase_exact,3,17384.940617006945,local_compute,sparse_remote,,,,False,,
direct_coherent_all_shared,random_forest,raw_online,037992cac1ae1a38156a,victim_0020,0,phase_any,0,3945.197190413731,dense_remote,local_compute,4020.0,dense_remote,local_compute,True,74.80280958626918,74.80280958626918
direct_coherent_all_shared,random_forest,raw_online,037992cac1ae1a38156a,victim_0020,0,phase_any,1,8519.38861505275,local_compute,synchronization_bursty,8640.0,local_compute,synchronization_bursty,True,120.61138494724946,120.61138494724946
direct_coherent_all_shared,random_forest,raw_online,037992cac1ae1a38156a,victim_0020,0,phase_any,2,13972.618573212338,synchronization_bursty,local_compute,14100.0,synchronization_bursty,local_compute,True,127.38142678766235,127.38142678766235
direct_coherent_all_shared,random_forest,raw_online,037992cac1ae1a38156a,victim_0020,0,phase_any,3,17384.940617006945,local_compute,sparse_remote,17460.0,local_compute,dense_remote,True,75.0593829930549,75.0593829930549
direct_coherent_all_shared,random_forest,raw_online,037992cac1ae1a38156a,victim_0020,0,remote_on_off,0,3945.197190413731,dense_remote,local_compute,4020.0,dense_remote,local_compute,True,74.80280958626918,74.80280958626918
direct_coherent_all_shared,random_forest,raw_online,037992cac1ae1a38156a,victim_0020,0,remote_on_off,1,8519.38861505275,local_compute,synchronization_bursty,8640.0,local_compute,synchronization_bursty,True,120.61138494724946,120.61138494724946
direct_coherent_all_shared,random_forest,raw_online,037992cac1ae1a38156a,victim_0020,0,remote_on_off,2,13972.618573212338,synchronization_bursty,local_compute,14100.0,synchronization_bursty,local_compute,True,127.38142678766235,127.38142678766235
direct_coherent_all_shared,random_forest,raw_online,037992cac1ae1a38156a,victim_0020,0,remote_on_off,3,17384.940617006945,local_compute,sparse_remote,17460.0,local_compute,dense_remote,True,75.0593829930549,75.0593829930549
direct_coherent_all_shared,random_forest,raw_online,0dc93c37bd6c52638ff9,victim_0003,0,phase_exact,0,3184.1511702802213,local_compute,sparse_remote,,,,False,,
direct_coherent_all_shared,random_forest,raw_online,0dc93c37bd6c52638ff9,victim_0003,0,phase_exact,1,8137.308551850549,sparse_remote,dense_remote,8640.0,sparse_remote,dense_remote,True,502.6914481494514,502.6914481494514
direct_coherent_all_shared,random_forest,raw_online,0dc93c37bd6c52638ff9,victim_0003,0,phase_exact,2,11766.900719130488,dense_remote,sparse_remote,12420.0,dense_remote,sparse_remote,True,653.0992808695119,653.0992808695119
direct_coherent_all_shared,random_forest,raw_online,0dc93c37bd6c52638ff9,victim_0003,0,phase_exact,3,16533.76894948869,sparse_remote,synchronization_bursty,17040.0,sparse_remote,synchronization_bursty,True,506.23105051130915,506.23105051130915
direct_coherent_all_shared,random_forest,raw_online,0dc93c37bd6c52638ff9,victim_0003,0,phase_any,0,3184.1511702802213,local_compute,sparse_remote,3600.0,local_compute,dense_remote,True,415.8488297197787,415.8488297197787
direct_coherent_all_shared,random_forest,raw_online,0dc93c37bd6c52638ff9,victim_0003,0,phase_any,1,8137.308551850549,sparse_remote,dense_remote,8640.0,sparse_remote,dense_remote,True,502.6914481494514,502.6914481494514
direct_coherent_all_shared,random_forest,raw_online,0dc93c37bd6c52638ff9,victim_0003,0,phase_any,2,11766.900719130488,dense_remote,sparse_remote,12420.0,dense_remote,sparse_remote,True,653.0992808695119,653.0992808695119
direct_coherent_all_shared,random_forest,raw_online,0dc93c37bd6c52638ff9,victim_0003,0,phase_any,3,16533.76894948869,sparse_remote,synchronization_bursty,17040.0,sparse_remote,synchronization_bursty,True,506.23105051130915,506.23105051130915
direct_coherent_all_shared,random_forest,raw_online,0dc93c37bd6c52638ff9,victim_0003,0,remote_on_off,0,3184.1511702802213,local_compute,sparse_remote,3600.0,local_compute,dense_remote,True,415.8488297197787,415.8488297197787
direct_coherent_all_shared,random_forest,raw_online,1d612afddb5a14c10508,victim_0022,1,phase_exact,0,3282.393742262545,synchronization_bursty,sparse_remote,,,,False,,
direct_coherent_all_shared,random_forest,raw_online,1d612afddb5a14c10508,victim_0022,1,phase_exact,1,6879.426857186192,sparse_remote,dense_remote,6960.0,sparse_remote,dense_remote,True,80.57314281380786,80.57314281380786
direct_coherent_all_shared,random_forest,raw_online,1d612afddb5a14c10508,victim_0022,1,phase_exact,2,9968.001637570029,dense_remote,local_compute,,,,False,,
direct_coherent_all_shared,random_forest,raw_online,1d612afddb5a14c10508,victim_0022,1,phase_exact,3,14339.419944693838,local_compute,dense_remote,,,,False,,
direct_coherent_all_shared,random_forest,raw_online,1d612afddb5a14c10508,victim_0022,1,phase_exact,4,16767.069757922298,dense_remote,synchronization_bursty,17040.0,dense_remote,synchronization_bursty,True,272.93024207770213,272.93024207770213
direct_coherent_all_shared,random_forest,raw_online,1d612afddb5a14c10508,victim_0022,1,phase_any,0,3282.393742262545,synchronization_bursty,sparse_remote,,,,False,,
direct_coherent_all_shared,random_forest,raw_online,1d612afddb5a14c10508,victim_0022,1,phase_any,1,6879.426857186192,sparse_remote,dense_remote,6960.0,sparse_remote,dense_remote,True,80.57314281380786,80.57314281380786
direct_coherent_all_shared,random_forest,raw_online,1d612afddb5a14c10508,victim_0022,1,phase_any,2,9968.001637570029,dense_remote,local_compute,10320.0,dense_remote,sparse_remote,True,351.99836242997117,351.99836242997117
direct_coherent_all_shared,random_forest,raw_online,1d612afddb5a14c10508,victim_0022,1,phase_any,3,14339.419944693838,local_compute,dense_remote,14520.0,local_compute,sparse_remote,True,180.58005530616174,180.58005530616174
direct_coherent_all_shared,random_forest,raw_online,1d612afddb5a14c10508,victim_0022,1,phase_any,4,16767.069757922298,dense_remote,synchronization_bursty,17040.0,dense_remote,synchronization_bursty,True,272.93024207770213,272.93024207770213
direct_coherent_all_shared,random_forest,raw_online,1d612afddb5a14c10508,victim_0022,1,remote_on_off,2,9968.001637570029,dense_remote,local_compute,10740.0,sparse_remote,local_compute,True,771.9983624299712,771.9983624299712
direct_coherent_all_shared,random_forest,raw_online,1d612afddb5a14c10508,victim_0022,1,remote_on_off,3,14339.419944693838,local_compute,dense_remote,14520.0,local_compute,sparse_remote,True,180.58005530616174,180.58005530616174
direct_coherent_all_shared,random_forest,raw_online,3a4b2d0ca7b922922f3c,victim_0010,0,phase_exact,0,3799.0914558502673,local_compute,dense_remote,4020.0,local_compute,dense_remote,True,220.90854414973273,220.90854414973273
direct_coherent_all_shared,random_forest,raw_online,3a4b2d0ca7b922922f3c,victim_0010,0,phase_exact,1,7177.584870190105,dense_remote,sparse_remote,7380.0,dense_remote,sparse_remote,True,202.415129809895,202.415129809895
direct_coherent_all_shared,random_forest,raw_online,3a4b2d0ca7b922922f3c,victim_0010,0,phase_exact,2,9864.380078273627,sparse_remote,synchronization_bursty,9900.0,sparse_remote,synchronization_bursty,True,35.61992172637292,35.61992172637292
direct_coherent_all_shared,random_forest,raw_online,3a4b2d0ca7b922922f3c,victim_0010,0,phase_exact,3,12803.703036780968,synchronization_bursty,dense_remote,,,,False,,
direct_coherent_all_shared,random_forest,raw_online,3a4b2d0ca7b922922f3c,victim_0010,0,phase_exact,4,15204.780045932635,dense_remote,synchronization_bursty,15360.0,dense_remote,synchronization_bursty,True,155.2199540673646,155.2199540673646
direct_coherent_all_shared,random_forest,raw_online,3a4b2d0ca7b922922f3c,victim_0010,0,phase_any,0,3799.0914558502673,local_compute,dense_remote,4020.0,local_compute,dense_remote,True,220.90854414973273,220.90854414973273
direct_coherent_all_shared,random_forest,raw_online,3a4b2d0ca7b922922f3c,victim_0010,0,phase_any,1,7177.584870190105,dense_remote,sparse_remote,7380.0,dense_remote,sparse_remote,True,202.415129809895,202.415129809895
direct_coherent_all_shared,random_forest,raw_online,3a4b2d0ca7b922922f3c,victim_0010,0,phase_any,2,9864.380078273627,sparse_remote,synchronization_bursty,9900.0,sparse_remote,synchronization_bursty,True,35.61992172637292,35.61992172637292
direct_coherent_all_shared,random_forest,raw_online,3a4b2d0ca7b922922f3c,victim_0010,0,phase_any,3,12803.703036780968,synchronization_bursty,dense_remote,,,,False,,
direct_coherent_all_shared,random_forest,raw_online,3a4b2d0ca7b922922f3c,victim_0010,0,phase_any,4,15204.780045932635,dense_remote,synchronization_bursty,15360.0,dense_remote,synchronization_bursty,True,155.2199540673646,155.2199540673646
direct_coherent_all_shared,random_forest,raw_online,3a4b2d0ca7b922922f3c,victim_0010,0,remote_on_off,0,3799.0914558502673,local_compute,dense_remote,4020.0,local_compute,dense_remote,True,220.90854414973273,220.90854414973273
direct_coherent_all_shared,random_forest,raw_online,42dd7cbc0b848c1a2d76,victim_0008,1,phase_exact,0,2978.015688481845,synchronization_bursty,dense_remote,3600.0,synchronization_bursty,dense_remote,True,621.9843115181552,621.9843115181552
direct_coherent_all_shared,random_forest,raw_online,42dd7cbc0b848c1a2d76,victim_0008,1,phase_exact,1,6468.965710581726,dense_remote,sparse_remote,,,,False,,
direct_coherent_all_shared,random_forest,raw_online,42dd7cbc0b848c1a2d76,victim_0008,1,phase_exact,2,11679.055663519011,sparse_remote,local_compute,12000.0,sparse_remote,local_compute,True,320.94433648098857,320.94433648098857
direct_coherent_all_shared,random_forest,raw_online,42dd7cbc0b848c1a2d76,victim_0008,1,phase_exact,3,16457.887331498667,local_compute,dense_remote,,,,False,,
direct_coherent_all_shared,random_forest,raw_online,42dd7cbc0b848c1a2d76,victim_0008,1,phase_any,0,2978.015688481845,synchronization_bursty,dense_remote,3600.0,synchronization_bursty,dense_remote,True,621.9843115181552,621.9843115181552
direct_coherent_all_shared,random_forest,raw_online,42dd7cbc0b848c1a2d76,victim_0008,1,phase_any,1,6468.965710581726,dense_remote,sparse_remote,,,,False,,
direct_coherent_all_shared,random_forest,raw_online,42dd7cbc0b848c1a2d76,victim_0008,1,phase_any,2,11679.055663519011,sparse_remote,local_compute,12000.0,sparse_remote,local_compute,True,320.94433648098857,320.94433648098857
direct_coherent_all_shared,random_forest,raw_online,42dd7cbc0b848c1a2d76,victim_0008,1,phase_any,3,16457.887331498667,local_compute,dense_remote,16620.0,local_compute,sparse_remote,True,162.11266850133325,162.11266850133325
direct_coherent_all_shared,random_forest,raw_online,42dd7cbc0b848c1a2d76,victim_0008,1,remote_on_off,2,11679.055663519011,sparse_remote,local_compute,12000.0,sparse_remote,local_compute,True,320.94433648098857,320.94433648098857
direct_coherent_all_shared,random_forest,raw_online,42dd7cbc0b848c1a2d76,victim_0008,1,remote_on_off,3,16457.887331498667,local_compute,dense_remote,16620.0,local_compute,sparse_remote,True,162.11266850133325,162.11266850133325
direct_coherent_all_shared,random_forest,raw_online,4945b517489a52128b60,victim_0002,1,phase_exact,0,4128.836103055568,sparse_remote,synchronization_bursty,4440.0,sparse_remote,synchronization_bursty,True,311.16389694443205,311.16389694443205
direct_coherent_all_shared,random_forest,raw_online,4945b517489a52128b60,victim_0002,1,phase_exact,1,8090.9366784642525,synchronization_bursty,local_compute,,,,False,,
direct_coherent_all_shared,random_forest,raw_online,4945b517489a52128b60,victim_0002,1,phase_exact,2,11252.308935390323,local_compute,dense_remote,,,,False,,
direct_coherent_all_shared,random_forest,raw_online,4945b517489a52128b60,victim_0002,1,phase_exact,3,14243.601544682242,dense_remote,sparse_remote,14940.0,dense_remote,sparse_remote,True,696.3984553177579,696.3984553177579
direct_coherent_all_shared,random_forest,raw_online,4945b517489a52128b60,victim_0002,1,phase_any,0,4128.836103055568,sparse_remote,synchronization_bursty,4440.0,sparse_remote,synchronization_bursty,True,311.16389694443205,311.16389694443205
direct_coherent_all_shared,random_forest,raw_online,4945b517489a52128b60,victim_0002,1,phase_any,1,8090.9366784642525,synchronization_bursty,local_compute,8220.0,sparse_remote,local_compute,True,129.0633215357475,129.0633215357475
direct_coherent_all_shared,random_forest,raw_online,4945b517489a52128b60,victim_0002,1,phase_any,2,11252.308935390323,local_compute,dense_remote,11580.0,local_compute,sparse_remote,True,327.6910646096767,327.6910646096767
direct_coherent_all_shared,random_forest,raw_online,4945b517489a52128b60,victim_0002,1,phase_any,3,14243.601544682242,dense_remote,sparse_remote,14940.0,dense_remote,sparse_remote,True,696.3984553177579,696.3984553177579
direct_coherent_all_shared,random_forest,raw_online,4945b517489a52128b60,victim_0002,1,remote_on_off,1,8090.9366784642525,synchronization_bursty,local_compute,8220.0,sparse_remote,local_compute,True,129.0633215357475,129.0633215357475
direct_coherent_all_shared,random_forest,raw_online,4945b517489a52128b60,victim_0002,1,remote_on_off,2,11252.308935390323,local_compute,dense_remote,11580.0,local_compute,sparse_remote,True,327.6910646096767,327.6910646096767
direct_coherent_all_shared,random_forest,raw_online,52f65cc1f2f1d6036b0d,victim_0018,0,phase_exact,0,4823.51995045369,dense_remote,sparse_remote,,,,False,,
direct_coherent_all_shared,random_forest,raw_online,52f65cc1f2f1d6036b0d,victim_0018,0,phase_exact,1,9594.047520701628,sparse_remote,synchronization_bursty,9900.0,sparse_remote,synchronization_bursty,True,305.95247929837205,305.95247929837205
direct_coherent_all_shared,random_forest,raw_online,52f65cc1f2f1d6036b0d,victim_0018,0,phase_exact,2,12361.950228432477,synchronization_bursty,dense_remote,,,,False,,
direct_coherent_all_shared,random_forest,raw_online,52f65cc1f2f1d6036b0d,victim_0018,0,phase_exact,3,16100.566304239506,dense_remote,local_compute,,,,False,,
direct_coherent_all_shared,random_forest,raw_online,52f65cc1f2f1d6036b0d,victim_0018,0,phase_any,0,4823.51995045369,dense_remote,sparse_remote,4440.0,sparse_remote,dense_remote,True,-383.5199504536904,383.5199504536904
direct_coherent_all_shared,random_forest,raw_online,52f65cc1f2f1d6036b0d,victim_0018,0,phase_any,1,9594.047520701628,sparse_remote,synchronization_bursty,9900.0,sparse_remote,synchronization_bursty,True,305.95247929837205,305.95247929837205
direct_coherent_all_shared,random_forest,raw_online,52f65cc1f2f1d6036b0d,victim_0018,0,phase_any,2,12361.950228432477,synchronization_bursty,dense_remote,,,,False,,
direct_coherent_all_shared,random_forest,raw_online,52f65cc1f2f1d6036b0d,victim_0018,0,phase_any,3,16100.566304239506,dense_remote,local_compute,16620.0,dense_remote,sparse_remote,True,519.4336957604937,519.4336957604937
direct_coherent_all_shared,random_forest,raw_online,52f65cc1f2f1d6036b0d,victim_0018,0,remote_on_off,3,16100.566304239506,dense_remote,local_compute,,,,False,,
direct_coherent_all_shared,random_forest,raw_online,5f77ec93e99815ad8f64,victim_0035,0,phase_exact,0,5666.796589479767,sparse_remote,synchronization_bursty,,,,False,,
direct_coherent_all_shared,random_forest,raw_online,5f77ec93e99815ad8f64,victim_0035,0,phase_exact,1,11193.313605806132,synchronization_bursty,dense_remote,,,,False,,
direct_coherent_all_shared,random_forest,raw_online,5f77ec93e99815ad8f64,victim_0035,0,phase_exact,2,13748.01001582324,dense_remote,sparse_remote,,,,False,,
direct_coherent_all_shared,random_forest,raw_online,5f77ec93e99815ad8f64,victim_0035,0,phase_exact,3,16408.670686815945,sparse_remote,local_compute,,,,False,,
direct_coherent_all_shared,random_forest,raw_online,5f77ec93e99815ad8f64,victim_0035,0,phase_any,0,5666.796589479767,sparse_remote,synchronization_bursty,5700.0,sparse_remote,dense_remote,True,33.203410520232865,33.203410520232865
direct_coherent_all_shared,random_forest,raw_online,5f77ec93e99815ad8f64,victim_0035,0,phase_any,1,11193.313605806132,synchronization_bursty,dense_remote,,,,False,,
direct_coherent_all_shared,random_forest,raw_online,5f77ec93e99815ad8f64,victim_0035,0,phase_any,2,13748.01001582324,dense_remote,sparse_remote,,,,False,,
direct_coherent_all_shared,random_forest,raw_online,5f77ec93e99815ad8f64,victim_0035,0,phase_any,3,16408.670686815945,sparse_remote,local_compute,,,,False,,
direct_coherent_all_shared,random_forest,raw_online,5f77ec93e99815ad8f64,victim_0035,0,remote_on_off,3,16408.670686815945,sparse_remote,local_compute,,,,False,,
direct_coherent_all_shared,random_forest,raw_online,61f531cec831135c10e3,victim_0018,1,phase_exact,0,4823.51995045369,dense_remote,sparse_remote,,,,False,,
direct_coherent_all_shared,random_forest,raw_online,61f531cec831135c10e3,victim_0018,1,phase_exact,1,9594.047520701628,sparse_remote,synchronization_bursty,9900.0,sparse_remote,synchronization_bursty,True,305.95247929837205,305.95247929837205
direct_coherent_all_shared,random_forest,raw_online,61f531cec831135c10e3,victim_0018,1,phase_exact,2,12361.950228432477,synchronization_bursty,dense_remote,,,,False,,
direct_coherent_all_shared,random_forest,raw_online,61f531cec831135c10e3,victim_0018,1,phase_exact,3,16100.566304239506,dense_remote,local_compute,,,,False,,
direct_coherent_all_shared,random_forest,raw_online,61f531cec831135c10e3,victim_0018,1,phase_any,0,4823.51995045369,dense_remote,sparse_remote,5280.0,dense_remote,local_compute,True,456.4800495463096,456.4800495463096
direct_coherent_all_shared,random_forest,raw_online,61f531cec831135c10e3,victim_0018,1,phase_any,1,9594.047520701628,sparse_remote,synchronization_bursty,9900.0,sparse_remote,synchronization_bursty,True,305.95247929837205,305.95247929837205
direct_coherent_all_shared,random_forest,raw_online,61f531cec831135c10e3,victim_0018,1,phase_any,2,12361.950228432477,synchronization_bursty,dense_remote,12840.0,synchronization_bursty,sparse_remote,True,478.04977156752284,478.04977156752284
direct_coherent_all_shared,random_forest,raw_online,61f531cec831135c10e3,victim_0018,1,phase_any,3,16100.566304239506,dense_remote,local_compute,16200.0,dense_remote,sparse_remote,True,99.43369576049372,99.43369576049372
direct_coherent_all_shared,random_forest,raw_online,61f531cec831135c10e3,victim_0018,1,remote_on_off,3,16100.566304239506,dense_remote,local_compute,,,,False,,
direct_coherent_all_shared,random_forest,raw_online,67f3bc4ab2c1ed28c867,victim_0006,1,phase_exact,0,3868.292651126604,sparse_remote,local_compute,,,,False,,
direct_coherent_all_shared,random_forest,raw_online,67f3bc4ab2c1ed28c867,victim_0006,1,phase_exact,1,8142.9548099510275,local_compute,sparse_remote,,,,False,,
direct_coherent_all_shared,random_forest,raw_online,67f3bc4ab2c1ed28c867,victim_0006,1,phase_exact,2,10850.749623475784,sparse_remote,synchronization_bursty,11160.0,sparse_remote,synchronization_bursty,True,309.25037652421634,309.25037652421634
direct_coherent_all_shared,random_forest,raw_online,67f3bc4ab2c1ed28c867,victim_0006,1,phase_exact,3,13905.834588475289,synchronization_bursty,dense_remote,14100.0,synchronization_bursty,dense_remote,True,194.1654115247111,194.1654115247111
direct_coherent_all_shared,random_forest,raw_online,67f3bc4ab2c1ed28c867,victim_0006,1,phase_any,0,3868.292651126604,sparse_remote,local_compute,,,,False,,
direct_coherent_all_shared,random_forest,raw_online,67f3bc4ab2c1ed28c867,victim_0006,1,phase_any,1,8142.9548099510275,local_compute,sparse_remote,8220.0,local_compute,dense_remote,True,77.04519004897247,77.04519004897247
direct_coherent_all_shared,random_forest,raw_online,67f3bc4ab2c1ed28c867,victim_0006,1,phase_any,2,10850.749623475784,sparse_remote,synchronization_bursty,11160.0,sparse_remote,synchronization_bursty,True,309.25037652421634,309.25037652421634
direct_coherent_all_shared,random_forest,raw_online,67f3bc4ab2c1ed28c867,victim_0006,1,phase_any,3,13905.834588475289,synchronization_bursty,dense_remote,14100.0,synchronization_bursty,dense_remote,True,194.1654115247111,194.1654115247111
direct_coherent_all_shared,random_forest,raw_online,67f3bc4ab2c1ed28c867,victim_0006,1,remote_on_off,0,3868.292651126604,sparse_remote,local_compute,,,,False,,
direct_coherent_all_shared,random_forest,raw_online,67f3bc4ab2c1ed28c867,victim_0006,1,remote_on_off,1,8142.9548099510275,local_compute,sparse_remote,8220.0,local_compute,dense_remote,True,77.04519004897247,77.04519004897247
direct_coherent_all_shared,random_forest,raw_online,779fa314c5204e93b08a,victim_0034,0,phase_exact,0,2584.983901882975,dense_remote,local_compute,,,,False,,
direct_coherent_all_shared,random_forest,raw_online,779fa314c5204e93b08a,victim_0034,0,phase_exact,1,5207.092213312335,local_compute,sparse_remote,,,,False,,
direct_coherent_all_shared,random_forest,raw_online,779fa314c5204e93b08a,victim_0034,0,phase_exact,2,8644.94250269917,sparse_remote,synchronization_bursty,9060.0,sparse_remote,synchronization_bursty,True,415.0574973008297,415.0574973008297
direct_coherent_all_shared,random_forest,raw_online,779fa314c5204e93b08a,victim_0034,0,phase_exact,3,11529.039859917659,synchronization_bursty,local_compute,12000.0,synchronization_bursty,local_compute,True,470.96014008234124,470.96014008234124
direct_coherent_all_shared,random_forest,raw_online,779fa314c5204e93b08a,victim_0034,0,phase_exact,4,16958.909792595652,local_compute,dense_remote,,,,False,,
direct_coherent_all_shared,random_forest,raw_online,779fa314c5204e93b08a,victim_0034,0,phase_any,0,2584.983901882975,dense_remote,local_compute,2760.0,dense_remote,sparse_remote,True,175.0160981170252,175.0160981170252
direct_coherent_all_shared,random_forest,raw_online,779fa314c5204e93b08a,victim_0034,0,phase_any,1,5207.092213312335,local_compute,sparse_remote,5280.0,local_compute,synchronization_bursty,True,72.90778668766507,72.90778668766507
direct_coherent_all_shared,random_forest,raw_online,779fa314c5204e93b08a,victim_0034,0,phase_any,2,8644.94250269917,sparse_remote,synchronization_bursty,9060.0,sparse_remote,synchronization_bursty,True,415.0574973008297,415.0574973008297
direct_coherent_all_shared,random_forest,raw_online,779fa314c5204e93b08a,victim_0034,0,phase_any,3,11529.039859917659,synchronization_bursty,local_compute,12000.0,synchronization_bursty,local_compute,True,470.96014008234124,470.96014008234124
direct_coherent_all_shared,random_forest,raw_online,779fa314c5204e93b08a,victim_0034,0,phase_any,4,16958.909792595652,local_compute,dense_remote,17040.0,local_compute,sparse_remote,True,81.0902074043479,81.0902074043479
direct_coherent_all_shared,random_forest,raw_online,779fa314c5204e93b08a,victim_0034,0,remote_on_off,0,2584.983901882975,dense_remote,local_compute,3180.0,sparse_remote,local_compute,True,595.0160981170252,595.0160981170252
direct_coherent_all_shared,random_forest,raw_online,779fa314c5204e93b08a,victim_0034,0,remote_on_off,1,5207.092213312335,local_compute,sparse_remote,5280.0,local_compute,synchronization_bursty,True,72.90778668766507,72.90778668766507
direct_coherent_all_shared,random_forest,raw_online,779fa314c5204e93b08a,victim_0034,0,remote_on_off,3,11529.039859917659,synchronization_bursty,local_compute,12000.0,synchronization_bursty,local_compute,True,470.96014008234124,470.96014008234124
direct_coherent_all_shared,random_forest,raw_online,779fa314c5204e93b08a,victim_0034,0,remote_on_off,4,16958.909792595652,local_compute,dense_remote,17040.0,local_compute,sparse_remote,True,81.0902074043479,81.0902074043479
direct_coherent_all_shared,random_forest,raw_online,78c3115c2a709cd8c555,victim_0034,1,phase_exact,0,2584.983901882975,dense_remote,local_compute,3180.0,dense_remote,local_compute,True,595.0160981170252,595.0160981170252
direct_coherent_all_shared,random_forest,raw_online,78c3115c2a709cd8c555,victim_0034,1,phase_exact,1,5207.092213312335,local_compute,sparse_remote,5280.0,local_compute,sparse_remote,True,72.90778668766507,72.90778668766507
direct_coherent_all_shared,random_forest,raw_online,78c3115c2a709cd8c555,victim_0034,1,phase_exact,2,8644.94250269917,sparse_remote,synchronization_bursty,9060.0,sparse_remote,synchronization_bursty,True,415.0574973008297,415.0574973008297
direct_coherent_all_shared,random_forest,raw_online,78c3115c2a709cd8c555,victim_0034,1,phase_exact,3,11529.039859917659,synchronization_bursty,local_compute,12000.0,synchronization_bursty,local_compute,True,470.96014008234124,470.96014008234124
direct_coherent_all_shared,random_forest,raw_online,78c3115c2a709cd8c555,victim_0034,1,phase_exact,4,16958.909792595652,local_compute,dense_remote,,,,False,,
direct_coherent_all_shared,random_forest,raw_online,78c3115c2a709cd8c555,victim_0034,1,phase_any,0,2584.983901882975,dense_remote,local_compute,3180.0,dense_remote,local_compute,True,595.0160981170252,595.0160981170252
direct_coherent_all_shared,random_forest,raw_online,78c3115c2a709cd8c555,victim_0034,1,phase_any,1,5207.092213312335,local_compute,sparse_remote,5280.0,local_compute,sparse_remote,True,72.90778668766507,72.90778668766507
direct_coherent_all_shared,random_forest,raw_online,78c3115c2a709cd8c555,victim_0034,1,phase_any,2,8644.94250269917,sparse_remote,synchronization_bursty,9060.0,sparse_remote,synchronization_bursty,True,415.0574973008297,415.0574973008297
direct_coherent_all_shared,random_forest,raw_online,78c3115c2a709cd8c555,victim_0034,1,phase_any,3,11529.039859917659,synchronization_bursty,local_compute,12000.0,synchronization_bursty,local_compute,True,470.96014008234124,470.96014008234124
direct_coherent_all_shared,random_forest,raw_online,78c3115c2a709cd8c555,victim_0034,1,phase_any,4,16958.909792595652,local_compute,dense_remote,17040.0,local_compute,sparse_remote,True,81.0902074043479,81.0902074043479
direct_coherent_all_shared,random_forest,raw_online,78c3115c2a709cd8c555,victim_0034,1,remote_on_off,0,2584.983901882975,dense_remote,local_compute,3180.0,dense_remote,local_compute,True,595.0160981170252,595.0160981170252
direct_coherent_all_shared,random_forest,raw_online,78c3115c2a709cd8c555,victim_0034,1,remote_on_off,1,5207.092213312335,local_compute,sparse_remote,5280.0,local_compute,sparse_remote,True,72.90778668766507,72.90778668766507
direct_coherent_all_shared,random_forest,raw_online,78c3115c2a709cd8c555,victim_0034,1,remote_on_off,3,11529.039859917659,synchronization_bursty,local_compute,12000.0,synchronization_bursty,local_compute,True,470.96014008234124,470.96014008234124
direct_coherent_all_shared,random_forest,raw_online,78c3115c2a709cd8c555,victim_0034,1,remote_on_off,4,16958.909792595652,local_compute,dense_remote,17040.0,local_compute,sparse_remote,True,81.0902074043479,81.0902074043479
direct_coherent_all_shared,random_forest,raw_online,7cb6f3fc675a160eca58,victim_0022,0,phase_exact,0,3282.393742262545,synchronization_bursty,sparse_remote,,,,False,,
direct_coherent_all_shared,random_forest,raw_online,7cb6f3fc675a160eca58,victim_0022,0,phase_exact,1,6879.426857186192,sparse_remote,dense_remote,6960.0,sparse_remote,dense_remote,True,80.57314281380786,80.57314281380786
direct_coherent_all_shared,random_forest,raw_online,7cb6f3fc675a160eca58,victim_0022,0,phase_exact,2,9968.001637570029,dense_remote,local_compute,,,,False,,
direct_coherent_all_shared,random_forest,raw_online,7cb6f3fc675a160eca58,victim_0022,0,phase_exact,3,14339.419944693838,local_compute,dense_remote,,,,False,,
direct_coherent_all_shared,random_forest,raw_online,7cb6f3fc675a160eca58,victim_0022,0,phase_exact,4,16767.069757922298,dense_remote,synchronization_bursty,,,,False,,
direct_coherent_all_shared,random_forest,raw_online,7cb6f3fc675a160eca58,victim_0022,0,phase_any,0,3282.393742262545,synchronization_bursty,sparse_remote,3600.0,synchronization_bursty,dense_remote,True,317.60625773745505,317.60625773745505
direct_coherent_all_shared,random_forest,raw_online,7cb6f3fc675a160eca58,victim_0022,0,phase_any,1,6879.426857186192,sparse_remote,dense_remote,6960.0,sparse_remote,dense_remote,True,80.57314281380786,80.57314281380786
direct_coherent_all_shared,random_forest,raw_online,7cb6f3fc675a160eca58,victim_0022,0,phase_any,2,9968.001637570029,dense_remote,local_compute,10740.0,dense_remote,sparse_remote,True,771.9983624299712,771.9983624299712
direct_coherent_all_shared,random_forest,raw_online,7cb6f3fc675a160eca58,victim_0022,0,phase_any,3,14339.419944693838,local_compute,dense_remote,14520.0,local_compute,sparse_remote,True,180.58005530616174,180.58005530616174
direct_coherent_all_shared,random_forest,raw_online,7cb6f3fc675a160eca58,victim_0022,0,phase_any,4,16767.069757922298,dense_remote,synchronization_bursty,16620.0,dense_remote,sparse_remote,True,-147.06975792229787,147.06975792229787
direct_coherent_all_shared,random_forest,raw_online,7cb6f3fc675a160eca58,victim_0022,0,remote_on_off,2,9968.001637570029,dense_remote,local_compute,,,,False,,
direct_coherent_all_shared,random_forest,raw_online,7cb6f3fc675a160eca58,victim_0022,0,remote_on_off,3,14339.419944693838,local_compute,dense_remote,14520.0,local_compute,sparse_remote,True,180.58005530616174,180.58005530616174
direct_coherent_all_shared,random_forest,raw_online,7e996bcfa8694dc00cb1,victim_0020,1,phase_exact,0,3945.197190413731,dense_remote,local_compute,,,,False,,
direct_coherent_all_shared,random_forest,raw_online,7e996bcfa8694dc00cb1,victim_0020,1,phase_exact,1,8519.38861505275,local_compute,synchronization_bursty,8640.0,local_compute,synchronization_bursty,True,120.61138494724946,120.61138494724946
direct_coherent_all_shared,random_forest,raw_online,7e996bcfa8694dc00cb1,victim_0020,1,phase_exact,2,13972.618573212338,synchronization_bursty,local_compute,,,,False,,
direct_coherent_all_shared,random_forest,raw_online,7e996bcfa8694dc00cb1,victim_0020,1,phase_exact,3,17384.940617006945,local_compute,sparse_remote,17460.0,local_compute,sparse_remote,True,75.0593829930549,75.0593829930549
direct_coherent_all_shared,random_forest,raw_online,7e996bcfa8694dc00cb1,victim_0020,1,phase_any,0,3945.197190413731,dense_remote,local_compute,3600.0,dense_remote,sparse_remote,True,-345.1971904137308,345.1971904137308
direct_coherent_all_shared,random_forest,raw_online,7e996bcfa8694dc00cb1,victim_0020,1,phase_any,1,8519.38861505275,local_compute,synchronization_bursty,8640.0,local_compute,synchronization_bursty,True,120.61138494724946,120.61138494724946
direct_coherent_all_shared,random_forest,raw_online,7e996bcfa8694dc00cb1,victim_0020,1,phase_any,2,13972.618573212338,synchronization_bursty,local_compute,,,,False,,
direct_coherent_all_shared,random_forest,raw_online,7e996bcfa8694dc00cb1,victim_0020,1,phase_any,3,17384.940617006945,local_compute,sparse_remote,17460.0,local_compute,sparse_remote,True,75.0593829930549,75.0593829930549
direct_coherent_all_shared,random_forest,raw_online,7e996bcfa8694dc00cb1,victim_0020,1,remote_on_off,0,3945.197190413731,dense_remote,local_compute,,,,False,,
direct_coherent_all_shared,random_forest,raw_online,7e996bcfa8694dc00cb1,victim_0020,1,remote_on_off,1,8519.38861505275,local_compute,synchronization_bursty,8640.0,local_compute,synchronization_bursty,True,120.61138494724946,120.61138494724946
direct_coherent_all_shared,random_forest,raw_online,7e996bcfa8694dc00cb1,victim_0020,1,remote_on_off,2,13972.618573212338,synchronization_bursty,local_compute,,,,False,,
direct_coherent_all_shared,random_forest,raw_online,7e996bcfa8694dc00cb1,victim_0020,1,remote_on_off,3,17384.940617006945,local_compute,sparse_remote,17460.0,local_compute,sparse_remote,True,75.0593829930549,75.0593829930549
direct_coherent_all_shared,random_forest,raw_online,8b7dc1f95258bba97d4d,victim_0010,1,phase_exact,0,3799.0914558502673,local_compute,dense_remote,4020.0,local_compute,dense_remote,True,220.90854414973273,220.90854414973273
direct_coherent_all_shared,random_forest,raw_online,8b7dc1f95258bba97d4d,victim_0010,1,phase_exact,1,7177.584870190105,dense_remote,sparse_remote,7380.0,dense_remote,sparse_remote,True,202.415129809895,202.415129809895
direct_coherent_all_shared,random_forest,raw_online,8b7dc1f95258bba97d4d,victim_0010,1,phase_exact,2,9864.380078273627,sparse_remote,synchronization_bursty,9900.0,sparse_remote,synchronization_bursty,True,35.61992172637292,35.61992172637292
direct_coherent_all_shared,random_forest,raw_online,8b7dc1f95258bba97d4d,victim_0010,1,phase_exact,3,12803.703036780968,synchronization_bursty,dense_remote,13260.0,synchronization_bursty,dense_remote,True,456.2969632190325,456.2969632190325
direct_coherent_all_shared,random_forest,raw_online,8b7dc1f95258bba97d4d,victim_0010,1,phase_exact,4,15204.780045932635,dense_remote,synchronization_bursty,15360.0,dense_remote,synchronization_bursty,True,155.2199540673646,155.2199540673646
direct_coherent_all_shared,random_forest,raw_online,8b7dc1f95258bba97d4d,victim_0010,1,phase_any,0,3799.0914558502673,local_compute,dense_remote,4020.0,local_compute,dense_remote,True,220.90854414973273,220.90854414973273
direct_coherent_all_shared,random_forest,raw_online,8b7dc1f95258bba97d4d,victim_0010,1,phase_any,1,7177.584870190105,dense_remote,sparse_remote,7380.0,dense_remote,sparse_remote,True,202.415129809895,202.415129809895
direct_coherent_all_shared,random_forest,raw_online,8b7dc1f95258bba97d4d,victim_0010,1,phase_any,2,9864.380078273627,sparse_remote,synchronization_bursty,9900.0,sparse_remote,synchronization_bursty,True,35.61992172637292,35.61992172637292
direct_coherent_all_shared,random_forest,raw_online,8b7dc1f95258bba97d4d,victim_0010,1,phase_any,3,12803.703036780968,synchronization_bursty,dense_remote,13260.0,synchronization_bursty,dense_remote,True,456.2969632190325,456.2969632190325
direct_coherent_all_shared,random_forest,raw_online,8b7dc1f95258bba97d4d,victim_0010,1,phase_any,4,15204.780045932635,dense_remote,synchronization_bursty,15360.0,dense_remote,synchronization_bursty,True,155.2199540673646,155.2199540673646
direct_coherent_all_shared,random_forest,raw_online,8b7dc1f95258bba97d4d,victim_0010,1,remote_on_off,0,3799.0914558502673,local_compute,dense_remote,4020.0,local_compute,dense_remote,True,220.90854414973273,220.90854414973273
direct_coherent_all_shared,random_forest,raw_online,a52580e2d76ee68258b2,victim_0002,0,phase_exact,0,4128.836103055568,sparse_remote,synchronization_bursty,4440.0,sparse_remote,synchronization_bursty,True,311.16389694443205,311.16389694443205
direct_coherent_all_shared,random_forest,raw_online,a52580e2d76ee68258b2,victim_0002,0,phase_exact,1,8090.9366784642525,synchronization_bursty,local_compute,7800.0,synchronization_bursty,local_compute,True,-290.9366784642525,290.9366784642525
direct_coherent_all_shared,random_forest,raw_online,a52580e2d76ee68258b2,victim_0002,0,phase_exact,2,11252.308935390323,local_compute,dense_remote,,,,False,,
direct_coherent_all_shared,random_forest,raw_online,a52580e2d76ee68258b2,victim_0002,0,phase_exact,3,14243.601544682242,dense_remote,sparse_remote,14940.0,dense_remote,sparse_remote,True,696.3984553177579,696.3984553177579
direct_coherent_all_shared,random_forest,raw_online,a52580e2d76ee68258b2,victim_0002,0,phase_any,0,4128.836103055568,sparse_remote,synchronization_bursty,4440.0,sparse_remote,synchronization_bursty,True,311.16389694443205,311.16389694443205
direct_coherent_all_shared,random_forest,raw_online,a52580e2d76ee68258b2,victim_0002,0,phase_any,1,8090.9366784642525,synchronization_bursty,local_compute,7800.0,synchronization_bursty,local_compute,True,-290.9366784642525,290.9366784642525
direct_coherent_all_shared,random_forest,raw_online,a52580e2d76ee68258b2,victim_0002,0,phase_any,2,11252.308935390323,local_compute,dense_remote,11580.0,local_compute,sparse_remote,True,327.6910646096767,327.6910646096767
direct_coherent_all_shared,random_forest,raw_online,a52580e2d76ee68258b2,victim_0002,0,phase_any,3,14243.601544682242,dense_remote,sparse_remote,14940.0,dense_remote,sparse_remote,True,696.3984553177579,696.3984553177579
direct_coherent_all_shared,random_forest,raw_online,a52580e2d76ee68258b2,victim_0002,0,remote_on_off,1,8090.9366784642525,synchronization_bursty,local_compute,7800.0,synchronization_bursty,local_compute,True,-290.9366784642525,290.9366784642525
direct_coherent_all_shared,random_forest,raw_online,a52580e2d76ee68258b2,victim_0002,0,remote_on_off,2,11252.308935390323,local_compute,dense_remote,11580.0,local_compute,sparse_remote,True,327.6910646096767,327.6910646096767
direct_coherent_all_shared,random_forest,raw_online,bc79906fd50c83274bf5,victim_0035,1,phase_exact,0,5666.796589479767,sparse_remote,synchronization_bursty,,,,False,,
direct_coherent_all_shared,random_forest,raw_online,bc79906fd50c83274bf5,victim_0035,1,phase_exact,1,11193.313605806132,synchronization_bursty,dense_remote,12000.0,synchronization_bursty,dense_remote,True,806.6863941938682,806.6863941938682
direct_coherent_all_shared,random_forest,raw_online,bc79906fd50c83274bf5,victim_0035,1,phase_exact,2,13748.01001582324,dense_remote,sparse_remote,13680.0,dense_remote,sparse_remote,True,-68.01001582323988,68.01001582323988
direct_coherent_all_shared,random_forest,raw_online,bc79906fd50c83274bf5,victim_0035,1,phase_exact,3,16408.670686815945,sparse_remote,local_compute,,,,False,,
direct_coherent_all_shared,random_forest,raw_online,bc79906fd50c83274bf5,victim_0035,1,phase_any,0,5666.796589479767,sparse_remote,synchronization_bursty,5700.0,sparse_remote,dense_remote,True,33.203410520232865,33.203410520232865
direct_coherent_all_shared,random_forest,raw_online,bc79906fd50c83274bf5,victim_0035,1,phase_any,1,11193.313605806132,synchronization_bursty,dense_remote,12000.0,synchronization_bursty,dense_remote,True,806.6863941938682,806.6863941938682
direct_coherent_all_shared,random_forest,raw_online,bc79906fd50c83274bf5,victim_0035,1,phase_any,2,13748.01001582324,dense_remote,sparse_remote,13680.0,dense_remote,sparse_remote,True,-68.01001582323988,68.01001582323988
direct_coherent_all_shared,random_forest,raw_online,bc79906fd50c83274bf5,victim_0035,1,phase_any,3,16408.670686815945,sparse_remote,local_compute,,,,False,,
direct_coherent_all_shared,random_forest,raw_online,bc79906fd50c83274bf5,victim_0035,1,remote_on_off,3,16408.670686815945,sparse_remote,local_compute,,,,False,,
direct_coherent_all_shared,random_forest,raw_online,d9d26f0c3415d24edf4b,victim_0003,1,phase_exact,0,3184.1511702802213,local_compute,sparse_remote,,,,False,,
direct_coherent_all_shared,random_forest,raw_online,d9d26f0c3415d24edf4b,victim_0003,1,phase_exact,1,8137.308551850549,sparse_remote,dense_remote,8640.0,sparse_remote,dense_remote,True,502.6914481494514,502.6914481494514
direct_coherent_all_shared,random_forest,raw_online,d9d26f0c3415d24edf4b,victim_0003,1,phase_exact,2,11766.900719130488,dense_remote,sparse_remote,12420.0,dense_remote,sparse_remote,True,653.0992808695119,653.0992808695119
direct_coherent_all_shared,random_forest,raw_online,d9d26f0c3415d24edf4b,victim_0003,1,phase_exact,3,16533.76894948869,sparse_remote,synchronization_bursty,17040.0,sparse_remote,synchronization_bursty,True,506.23105051130915,506.23105051130915
direct_coherent_all_shared,random_forest,raw_online,d9d26f0c3415d24edf4b,victim_0003,1,phase_any,0,3184.1511702802213,local_compute,sparse_remote,3180.0,local_compute,synchronization_bursty,True,-4.151170280221322,4.151170280221322
direct_coherent_all_shared,random_forest,raw_online,d9d26f0c3415d24edf4b,victim_0003,1,phase_any,1,8137.308551850549,sparse_remote,dense_remote,8640.0,sparse_remote,dense_remote,True,502.6914481494514,502.6914481494514
direct_coherent_all_shared,random_forest,raw_online,d9d26f0c3415d24edf4b,victim_0003,1,phase_any,2,11766.900719130488,dense_remote,sparse_remote,12420.0,dense_remote,sparse_remote,True,653.0992808695119,653.0992808695119
direct_coherent_all_shared,random_forest,raw_online,d9d26f0c3415d24edf4b,victim_0003,1,phase_any,3,16533.76894948869,sparse_remote,synchronization_bursty,17040.0,sparse_remote,synchronization_bursty,True,506.23105051130915,506.23105051130915
direct_coherent_all_shared,random_forest,raw_online,d9d26f0c3415d24edf4b,victim_0003,1,remote_on_off,0,3184.1511702802213,local_compute,sparse_remote,3180.0,local_compute,synchronization_bursty,True,-4.151170280221322,4.151170280221322
direct_coherent_all_shared,random_forest,raw_online,dd445dce99cbf4e9fc71,victim_0031,0,phase_exact,0,4159.949493759739,local_compute,dense_remote,4440.0,local_compute,dense_remote,True,280.0505062402608,280.0505062402608
direct_coherent_all_shared,random_forest,raw_online,dd445dce99cbf4e9fc71,victim_0031,0,phase_exact,1,8524.953030037665,dense_remote,sparse_remote,9060.0,dense_remote,sparse_remote,True,535.0469699623354,535.0469699623354
direct_coherent_all_shared,random_forest,raw_online,dd445dce99cbf4e9fc71,victim_0031,0,phase_exact,2,11172.11201804374,sparse_remote,synchronization_bursty,11580.0,sparse_remote,synchronization_bursty,True,407.8879819562608,407.8879819562608
direct_coherent_all_shared,random_forest,raw_online,dd445dce99cbf4e9fc71,victim_0031,0,phase_exact,3,14427.950477163511,synchronization_bursty,dense_remote,14940.0,synchronization_bursty,dense_remote,True,512.0495228364889,512.0495228364889
direct_coherent_all_shared,random_forest,raw_online,dd445dce99cbf4e9fc71,victim_0031,0,phase_exact,4,17846.27700177856,dense_remote,local_compute,,,,False,,
direct_coherent_all_shared,random_forest,raw_online,dd445dce99cbf4e9fc71,victim_0031,0,phase_any,0,4159.949493759739,local_compute,dense_remote,4440.0,local_compute,dense_remote,True,280.0505062402608,280.0505062402608
direct_coherent_all_shared,random_forest,raw_online,dd445dce99cbf4e9fc71,victim_0031,0,phase_any,1,8524.953030037665,dense_remote,sparse_remote,8640.0,sparse_remote,dense_remote,True,115.04696996233542,115.04696996233542
direct_coherent_all_shared,random_forest,raw_online,dd445dce99cbf4e9fc71,victim_0031,0,phase_any,2,11172.11201804374,sparse_remote,synchronization_bursty,11580.0,sparse_remote,synchronization_bursty,True,407.8879819562608,407.8879819562608
direct_coherent_all_shared,random_forest,raw_online,dd445dce99cbf4e9fc71,victim_0031,0,phase_any,3,14427.950477163511,synchronization_bursty,dense_remote,14940.0,synchronization_bursty,dense_remote,True,512.0495228364889,512.0495228364889
direct_coherent_all_shared,random_forest,raw_online,dd445dce99cbf4e9fc71,victim_0031,0,phase_any,4,17846.27700177856,dense_remote,local_compute,,,,False,,
direct_coherent_all_shared,random_forest,raw_online,dd445dce99cbf4e9fc71,victim_0031,0,remote_on_off,0,4159.949493759739,local_compute,dense_remote,4440.0,local_compute,dense_remote,True,280.0505062402608,280.0505062402608
direct_coherent_all_shared,random_forest,raw_online,dd445dce99cbf4e9fc71,victim_0031,0,remote_on_off,4,17846.27700177856,dense_remote,local_compute,,,,False,,
direct_coherent_all_shared,random_forest,raw_online,e6c7d63e8d95dda1f2c2,victim_0031,1,phase_exact,0,4159.949493759739,local_compute,dense_remote,4440.0,local_compute,dense_remote,True,280.0505062402608,280.0505062402608
direct_coherent_all_shared,random_forest,raw_online,e6c7d63e8d95dda1f2c2,victim_0031,1,phase_exact,1,8524.953030037665,dense_remote,sparse_remote,7800.0,dense_remote,sparse_remote,True,-724.9530300376646,724.9530300376646
direct_coherent_all_shared,random_forest,raw_online,e6c7d63e8d95dda1f2c2,victim_0031,1,phase_exact,2,11172.11201804374,sparse_remote,synchronization_bursty,,,,False,,
direct_coherent_all_shared,random_forest,raw_online,e6c7d63e8d95dda1f2c2,victim_0031,1,phase_exact,3,14427.950477163511,synchronization_bursty,dense_remote,,,,False,,
direct_coherent_all_shared,random_forest,raw_online,e6c7d63e8d95dda1f2c2,victim_0031,1,phase_exact,4,17846.27700177856,dense_remote,local_compute,,,,False,,
direct_coherent_all_shared,random_forest,raw_online,e6c7d63e8d95dda1f2c2,victim_0031,1,phase_any,0,4159.949493759739,local_compute,dense_remote,4440.0,local_compute,dense_remote,True,280.0505062402608,280.0505062402608
direct_coherent_all_shared,random_forest,raw_online,e6c7d63e8d95dda1f2c2,victim_0031,1,phase_any,1,8524.953030037665,dense_remote,sparse_remote,8640.0,sparse_remote,synchronization_bursty,True,115.04696996233542,115.04696996233542
direct_coherent_all_shared,random_forest,raw_online,e6c7d63e8d95dda1f2c2,victim_0031,1,phase_any,2,11172.11201804374,sparse_remote,synchronization_bursty,11160.0,sparse_remote,dense_remote,True,-12.112018043739226,12.112018043739226
direct_coherent_all_shared,random_forest,raw_online,e6c7d63e8d95dda1f2c2,victim_0031,1,phase_any,3,14427.950477163511,synchronization_bursty,dense_remote,,,,False,,
direct_coherent_all_shared,random_forest,raw_online,e6c7d63e8d95dda1f2c2,victim_0031,1,phase_any,4,17846.27700177856,dense_remote,local_compute,18300.0,dense_remote,sparse_remote,True,453.72299822144123,453.72299822144123
direct_coherent_all_shared,random_forest,raw_online,e6c7d63e8d95dda1f2c2,victim_0031,1,remote_on_off,0,4159.949493759739,local_compute,dense_remote,4440.0,local_compute,dense_remote,True,280.0505062402608,280.0505062402608
direct_coherent_all_shared,random_forest,raw_online,e6c7d63e8d95dda1f2c2,victim_0031,1,remote_on_off,4,17846.27700177856,dense_remote,local_compute,,,,False,,
direct_coherent_all_shared,random_forest,raw_online,e7639a00c9ac6ae3c669,victim_0008,0,phase_exact,0,2978.015688481845,synchronization_bursty,dense_remote,,,,False,,
direct_coherent_all_shared,random_forest,raw_online,e7639a00c9ac6ae3c669,victim_0008,0,phase_exact,1,6468.965710581726,dense_remote,sparse_remote,,,,False,,
direct_coherent_all_shared,random_forest,raw_online,e7639a00c9ac6ae3c669,victim_0008,0,phase_exact,2,11679.055663519011,sparse_remote,local_compute,,,,False,,
direct_coherent_all_shared,random_forest,raw_online,e7639a00c9ac6ae3c669,victim_0008,0,phase_exact,3,16457.887331498667,local_compute,dense_remote,,,,False,,
direct_coherent_all_shared,random_forest,raw_online,e7639a00c9ac6ae3c669,victim_0008,0,phase_any,0,2978.015688481845,synchronization_bursty,dense_remote,,,,False,,
direct_coherent_all_shared,random_forest,raw_online,e7639a00c9ac6ae3c669,victim_0008,0,phase_any,1,6468.965710581726,dense_remote,sparse_remote,6960.0,dense_remote,local_compute,True,491.03428941827406,491.03428941827406
direct_coherent_all_shared,random_forest,raw_online,e7639a00c9ac6ae3c669,victim_0008,0,phase_any,2,11679.055663519011,sparse_remote,local_compute,,,,False,,
direct_coherent_all_shared,random_forest,raw_online,e7639a00c9ac6ae3c669,victim_0008,0,phase_any,3,16457.887331498667,local_compute,dense_remote,16620.0,local_compute,sparse_remote,True,162.11266850133325,162.11266850133325
direct_coherent_all_shared,random_forest,raw_online,e7639a00c9ac6ae3c669,victim_0008,0,remote_on_off,2,11679.055663519011,sparse_remote,local_compute,,,,False,,
direct_coherent_all_shared,random_forest,raw_online,e7639a00c9ac6ae3c669,victim_0008,0,remote_on_off,3,16457.887331498667,local_compute,dense_remote,16620.0,local_compute,sparse_remote,True,162.11266850133325,162.11266850133325
direct_coherent_all_shared,random_forest,raw_online,f9abaf95dce2b8c722c4,victim_0006,0,phase_exact,0,3868.292651126604,sparse_remote,local_compute,4440.0,sparse_remote,local_compute,True,571.7073488733959,571.7073488733959
direct_coherent_all_shared,random_forest,raw_online,f9abaf95dce2b8c722c4,victim_0006,0,phase_exact,1,8142.9548099510275,local_compute,sparse_remote,,,,False,,
direct_coherent_all_shared,random_forest,raw_online,f9abaf95dce2b8c722c4,victim_0006,0,phase_exact,2,10850.749623475784,sparse_remote,synchronization_bursty,11160.0,sparse_remote,synchronization_bursty,True,309.25037652421634,309.25037652421634
direct_coherent_all_shared,random_forest,raw_online,f9abaf95dce2b8c722c4,victim_0006,0,phase_exact,3,13905.834588475289,synchronization_bursty,dense_remote,,,,False,,
direct_coherent_all_shared,random_forest,raw_online,f9abaf95dce2b8c722c4,victim_0006,0,phase_any,0,3868.292651126604,sparse_remote,local_compute,4440.0,sparse_remote,local_compute,True,571.7073488733959,571.7073488733959
direct_coherent_all_shared,random_forest,raw_online,f9abaf95dce2b8c722c4,victim_0006,0,phase_any,1,8142.9548099510275,local_compute,sparse_remote,8220.0,local_compute,dense_remote,True,77.04519004897247,77.04519004897247
direct_coherent_all_shared,random_forest,raw_online,f9abaf95dce2b8c722c4,victim_0006,0,phase_any,2,10850.749623475784,sparse_remote,synchronization_bursty,11160.0,sparse_remote,synchronization_bursty,True,309.25037652421634,309.25037652421634
direct_coherent_all_shared,random_forest,raw_online,f9abaf95dce2b8c722c4,victim_0006,0,phase_any,3,13905.834588475289,synchronization_bursty,dense_remote,14100.0,synchronization_bursty,sparse_remote,True,194.1654115247111,194.1654115247111
direct_coherent_all_shared,random_forest,raw_online,f9abaf95dce2b8c722c4,victim_0006,0,remote_on_off,0,3868.292651126604,sparse_remote,local_compute,4440.0,sparse_remote,local_compute,True,571.7073488733959,571.7073488733959
direct_coherent_all_shared,random_forest,raw_online,f9abaf95dce2b8c722c4,victim_0006,0,remote_on_off,1,8142.9548099510275,local_compute,sparse_remote,8220.0,local_compute,dense_remote,True,77.04519004897247,77.04519004897247
entanglement_assisted_all_shared,hist_gradient_boosting,debounced_offline,0346e21f42b0f84c755d,victim_0035,0,phase_exact,0,5666.796589479767,sparse_remote,synchronization_bursty,,,,False,,
entanglement_assisted_all_shared,hist_gradient_boosting,debounced_offline,0346e21f42b0f84c755d,victim_0035,0,phase_exact,1,11193.313605806132,synchronization_bursty,dense_remote,,,,False,,
entanglement_assisted_all_shared,hist_gradient_boosting,debounced_offline,0346e21f42b0f84c755d,victim_0035,0,phase_exact,2,13748.01001582324,dense_remote,sparse_remote,,,,False,,
entanglement_assisted_all_shared,hist_gradient_boosting,debounced_offline,0346e21f42b0f84c755d,victim_0035,0,phase_exact,3,16408.670686815945,sparse_remote,local_compute,,,,False,,
entanglement_assisted_all_shared,hist_gradient_boosting,debounced_offline,0346e21f42b0f84c755d,victim_0035,0,phase_any,0,5666.796589479767,sparse_remote,synchronization_bursty,5700.0,local_compute,dense_remote,True,33.203410520232865,33.203410520232865
entanglement_assisted_all_shared,hist_gradient_boosting,debounced_offline,0346e21f42b0f84c755d,victim_0035,0,phase_any,1,11193.313605806132,synchronization_bursty,dense_remote,11580.0,synchronization_bursty,sparse_remote,True,386.6863941938682,386.6863941938682
entanglement_assisted_all_shared,hist_gradient_boosting,debounced_offline,0346e21f42b0f84c755d,victim_0035,0,phase_any,2,13748.01001582324,dense_remote,sparse_remote,,,,False,,
entanglement_assisted_all_shared,hist_gradient_boosting,debounced_offline,0346e21f42b0f84c755d,victim_0035,0,phase_any,3,16408.670686815945,sparse_remote,local_compute,,,,False,,
entanglement_assisted_all_shared,hist_gradient_boosting,debounced_offline,0346e21f42b0f84c755d,victim_0035,0,remote_on_off,3,16408.670686815945,sparse_remote,local_compute,,,,False,,
entanglement_assisted_all_shared,hist_gradient_boosting,debounced_offline,04299cc0d7d664e66d97,victim_0034,0,phase_exact,0,2584.983901882975,dense_remote,local_compute,,,,False,,
entanglement_assisted_all_shared,hist_gradient_boosting,debounced_offline,04299cc0d7d664e66d97,victim_0034,0,phase_exact,1,5207.092213312335,local_compute,sparse_remote,,,,False,,
entanglement_assisted_all_shared,hist_gradient_boosting,debounced_offline,04299cc0d7d664e66d97,victim_0034,0,phase_exact,2,8644.94250269917,sparse_remote,synchronization_bursty,,,,False,,
entanglement_assisted_all_shared,hist_gradient_boosting,debounced_offline,04299cc0d7d664e66d97,victim_0034,0,phase_exact,3,11529.039859917659,synchronization_bursty,local_compute,12000.0,synchronization_bursty,local_compute,True,470.96014008234124,470.96014008234124
entanglement_assisted_all_shared,hist_gradient_boosting,debounced_offline,04299cc0d7d664e66d97,victim_0034,0,phase_exact,4,16958.909792595652,local_compute,dense_remote,17460.0,local_compute,dense_remote,True,501.0902074043479,501.0902074043479
entanglement_assisted_all_shared,hist_gradient_boosting,debounced_offline,04299cc0d7d664e66d97,victim_0034,0,phase_any,0,2584.983901882975,dense_remote,local_compute,1920.0,local_compute,dense_remote,True,-664.9839018829748,664.9839018829748
entanglement_assisted_all_shared,hist_gradient_boosting,debounced_offline,04299cc0d7d664e66d97,victim_0034,0,phase_any,1,5207.092213312335,local_compute,sparse_remote,5280.0,local_compute,dense_remote,True,72.90778668766507,72.90778668766507
entanglement_assisted_all_shared,hist_gradient_boosting,debounced_offline,04299cc0d7d664e66d97,victim_0034,0,phase_any,2,8644.94250269917,sparse_remote,synchronization_bursty,9060.0,dense_remote,synchronization_bursty,True,415.0574973008297,415.0574973008297
entanglement_assisted_all_shared,hist_gradient_boosting,debounced_offline,04299cc0d7d664e66d97,victim_0034,0,phase_any,3,11529.039859917659,synchronization_bursty,local_compute,12000.0,synchronization_bursty,local_compute,True,470.96014008234124,470.96014008234124
entanglement_assisted_all_shared,hist_gradient_boosting,debounced_offline,04299cc0d7d664e66d97,victim_0034,0,phase_any,4,16958.909792595652,local_compute,dense_remote,17460.0,local_compute,dense_remote,True,501.0902074043479,501.0902074043479
entanglement_assisted_all_shared,hist_gradient_boosting,debounced_offline,04299cc0d7d664e66d97,victim_0034,0,remote_on_off,0,2584.983901882975,dense_remote,local_compute,,,,False,,
entanglement_assisted_all_shared,hist_gradient_boosting,debounced_offline,04299cc0d7d664e66d97,victim_0034,0,remote_on_off,1,5207.092213312335,local_compute,sparse_remote,5280.0,local_compute,dense_remote,True,72.90778668766507,72.90778668766507
entanglement_assisted_all_shared,hist_gradient_boosting,debounced_offline,04299cc0d7d664e66d97,victim_0034,0,remote_on_off,3,11529.039859917659,synchronization_bursty,local_compute,12000.0,synchronization_bursty,local_compute,True,470.96014008234124,470.96014008234124
entanglement_assisted_all_shared,hist_gradient_boosting,debounced_offline,04299cc0d7d664e66d97,victim_0034,0,remote_on_off,4,16958.909792595652,local_compute,dense_remote,17460.0,local_compute,dense_remote,True,501.0902074043479,501.0902074043479
entanglement_assisted_all_shared,hist_gradient_boosting,debounced_offline,172f1f0e3d137672431d,victim_0022,1,phase_exact,0,3282.393742262545,synchronization_bursty,sparse_remote,,,,False,,
entanglement_assisted_all_shared,hist_gradient_boosting,debounced_offline,172f1f0e3d137672431d,victim_0022,1,phase_exact,1,6879.426857186192,sparse_remote,dense_remote,,,,False,,
entanglement_assisted_all_shared,hist_gradient_boosting,debounced_offline,172f1f0e3d137672431d,victim_0022,1,phase_exact,2,9968.001637570029,dense_remote,local_compute,,,,False,,
entanglement_assisted_all_shared,hist_gradient_boosting,debounced_offline,172f1f0e3d137672431d,victim_0022,1,phase_exact,3,14339.419944693838,local_compute,dense_remote,,,,False,,
entanglement_assisted_all_shared,hist_gradient_boosting,debounced_offline,172f1f0e3d137672431d,victim_0022,1,phase_exact,4,16767.069757922298,dense_remote,synchronization_bursty,,,,False,,
entanglement_assisted_all_shared,hist_gradient_boosting,debounced_offline,172f1f0e3d137672431d,victim_0022,1,phase_any,0,3282.393742262545,synchronization_bursty,sparse_remote,,,,False,,
entanglement_assisted_all_shared,hist_gradient_boosting,debounced_offline,172f1f0e3d137672431d,victim_0022,1,phase_any,1,6879.426857186192,sparse_remote,dense_remote,6960.0,local_compute,dense_remote,True,80.57314281380786,80.57314281380786
entanglement_assisted_all_shared,hist_gradient_boosting,debounced_offline,172f1f0e3d137672431d,victim_0022,1,phase_any,2,9968.001637570029,dense_remote,local_compute,,,,False,,
entanglement_assisted_all_shared,hist_gradient_boosting,debounced_offline,172f1f0e3d137672431d,victim_0022,1,phase_any,3,14339.419944693838,local_compute,dense_remote,,,,False,,
entanglement_assisted_all_shared,hist_gradient_boosting,debounced_offline,172f1f0e3d137672431d,victim_0022,1,phase_any,4,16767.069757922298,dense_remote,synchronization_bursty,17040.0,sparse_remote,synchronization_bursty,True,272.93024207770213,272.93024207770213
entanglement_assisted_all_shared,hist_gradient_boosting,debounced_offline,172f1f0e3d137672431d,victim_0022,1,remote_on_off,2,9968.001637570029,dense_remote,local_compute,,,,False,,
entanglement_assisted_all_shared,hist_gradient_boosting,debounced_offline,172f1f0e3d137672431d,victim_0022,1,remote_on_off,3,14339.419944693838,local_compute,dense_remote,,,,False,,
entanglement_assisted_all_shared,hist_gradient_boosting,debounced_offline,17ab2950af1e041933b2,victim_0008,1,phase_exact,0,2978.015688481845,synchronization_bursty,dense_remote,,,,False,,
entanglement_assisted_all_shared,hist_gradient_boosting,debounced_offline,17ab2950af1e041933b2,victim_0008,1,phase_exact,1,6468.965710581726,dense_remote,sparse_remote,,,,False,,
entanglement_assisted_all_shared,hist_gradient_boosting,debounced_offline,17ab2950af1e041933b2,victim_0008,1,phase_exact,2,11679.055663519011,sparse_remote,local_compute,11580.0,sparse_remote,local_compute,True,-99.05566351901143,99.05566351901143
entanglement_assisted_all_shared,hist_gradient_boosting,debounced_offline,17ab2950af1e041933b2,victim_0008,1,phase_exact,3,16457.887331498667,local_compute,dense_remote,,,,False,,
entanglement_assisted_all_shared,hist_gradient_boosting,debounced_offline,17ab2950af1e041933b2,victim_0008,1,phase_any,0,2978.015688481845,synchronization_bursty,dense_remote,2760.0,synchronization_bursty,local_compute,True,-218.0156884818448,218.0156884818448
entanglement_assisted_all_shared,hist_gradient_boosting,debounced_offline,17ab2950af1e041933b2,victim_0008,1,phase_any,1,6468.965710581726,dense_remote,sparse_remote,6120.0,dense_remote,local_compute,True,-348.96571058172594,348.96571058172594
entanglement_assisted_all_shared,hist_gradient_boosting,debounced_offline,17ab2950af1e041933b2,victim_0008,1,phase_any,2,11679.055663519011,sparse_remote,local_compute,11580.0,sparse_remote,local_compute,True,-99.05566351901143,99.05566351901143
entanglement_assisted_all_shared,hist_gradient_boosting,debounced_offline,17ab2950af1e041933b2,victim_0008,1,phase_any,3,16457.887331498667,local_compute,dense_remote,,,,False,,
entanglement_assisted_all_shared,hist_gradient_boosting,debounced_offline,17ab2950af1e041933b2,victim_0008,1,remote_on_off,2,11679.055663519011,sparse_remote,local_compute,11580.0,sparse_remote,local_compute,True,-99.05566351901143,99.05566351901143
entanglement_assisted_all_shared,hist_gradient_boosting,debounced_offline,17ab2950af1e041933b2,victim_0008,1,remote_on_off,3,16457.887331498667,local_compute,dense_remote,,,,False,,
entanglement_assisted_all_shared,hist_gradient_boosting,debounced_offline,25c407c4ed50583567ca,victim_0022,0,phase_exact,0,3282.393742262545,synchronization_bursty,sparse_remote,3600.0,synchronization_bursty,sparse_remote,True,317.60625773745505,317.60625773745505
entanglement_assisted_all_shared,hist_gradient_boosting,debounced_offline,25c407c4ed50583567ca,victim_0022,0,phase_exact,1,6879.426857186192,sparse_remote,dense_remote,,,,False,,
entanglement_assisted_all_shared,hist_gradient_boosting,debounced_offline,25c407c4ed50583567ca,victim_0022,0,phase_exact,2,9968.001637570029,dense_remote,local_compute,,,,False,,
entanglement_assisted_all_shared,hist_gradient_boosting,debounced_offline,25c407c4ed50583567ca,victim_0022,0,phase_exact,3,14339.419944693838,local_compute,dense_remote,,,,False,,
entanglement_assisted_all_shared,hist_gradient_boosting,debounced_offline,25c407c4ed50583567ca,victim_0022,0,phase_exact,4,16767.069757922298,dense_remote,synchronization_bursty,,,,False,,
entanglement_assisted_all_shared,hist_gradient_boosting,debounced_offline,25c407c4ed50583567ca,victim_0022,0,phase_any,0,3282.393742262545,synchronization_bursty,sparse_remote,3600.0,synchronization_bursty,sparse_remote,True,317.60625773745505,317.60625773745505
entanglement_assisted_all_shared,hist_gradient_boosting,debounced_offline,25c407c4ed50583567ca,victim_0022,0,phase_any,1,6879.426857186192,sparse_remote,dense_remote,6960.0,local_compute,dense_remote,True,80.57314281380786,80.57314281380786
entanglement_assisted_all_shared,hist_gradient_boosting,debounced_offline,25c407c4ed50583567ca,victim_0022,0,phase_any,2,9968.001637570029,dense_remote,local_compute,9480.0,sparse_remote,local_compute,True,-488.00163757002883,488.00163757002883
entanglement_assisted_all_shared,hist_gradient_boosting,debounced_offline,25c407c4ed50583567ca,victim_0022,0,phase_any,3,14339.419944693838,local_compute,dense_remote,,,,False,,
entanglement_assisted_all_shared,hist_gradient_boosting,debounced_offline,25c407c4ed50583567ca,victim_0022,0,phase_any,4,16767.069757922298,dense_remote,synchronization_bursty,17040.0,sparse_remote,synchronization_bursty,True,272.93024207770213,272.93024207770213
entanglement_assisted_all_shared,hist_gradient_boosting,debounced_offline,25c407c4ed50583567ca,victim_0022,0,remote_on_off,2,9968.001637570029,dense_remote,local_compute,9480.0,sparse_remote,local_compute,True,-488.00163757002883,488.00163757002883
entanglement_assisted_all_shared,hist_gradient_boosting,debounced_offline,25c407c4ed50583567ca,victim_0022,0,remote_on_off,3,14339.419944693838,local_compute,dense_remote,,,,False,,
entanglement_assisted_all_shared,hist_gradient_boosting,debounced_offline,3c3df35fa90238e8bfef,victim_0002,0,phase_exact,0,4128.836103055568,sparse_remote,synchronization_bursty,,,,False,,
entanglement_assisted_all_shared,hist_gradient_boosting,debounced_offline,3c3df35fa90238e8bfef,victim_0002,0,phase_exact,1,8090.9366784642525,synchronization_bursty,local_compute,,,,False,,
entanglement_assisted_all_shared,hist_gradient_boosting,debounced_offline,3c3df35fa90238e8bfef,victim_0002,0,phase_exact,2,11252.308935390323,local_compute,dense_remote,,,,False,,
entanglement_assisted_all_shared,hist_gradient_boosting,debounced_offline,3c3df35fa90238e8bfef,victim_0002,0,phase_exact,3,14243.601544682242,dense_remote,sparse_remote,,,,False,,
entanglement_assisted_all_shared,hist_gradient_boosting,debounced_offline,3c3df35fa90238e8bfef,victim_0002,0,phase_any,0,4128.836103055568,sparse_remote,synchronization_bursty,4440.0,local_compute,synchronization_bursty,True,311.16389694443205,311.16389694443205
entanglement_assisted_all_shared,hist_gradient_boosting,debounced_offline,3c3df35fa90238e8bfef,victim_0002,0,phase_any,1,8090.9366784642525,synchronization_bursty,local_compute,8640.0,synchronization_bursty,dense_remote,True,549.0633215357475,549.0633215357475
entanglement_assisted_all_shared,hist_gradient_boosting,debounced_offline,3c3df35fa90238e8bfef,victim_0002,0,phase_any,2,11252.308935390323,local_compute,dense_remote,,,,False,,
entanglement_assisted_all_shared,hist_gradient_boosting,debounced_offline,3c3df35fa90238e8bfef,victim_0002,0,phase_any,3,14243.601544682242,dense_remote,sparse_remote,13680.0,synchronization_bursty,dense_remote,True,-563.6015446822421,563.6015446822421
entanglement_assisted_all_shared,hist_gradient_boosting,debounced_offline,3c3df35fa90238e8bfef,victim_0002,0,remote_on_off,1,8090.9366784642525,synchronization_bursty,local_compute,,,,False,,
entanglement_assisted_all_shared,hist_gradient_boosting,debounced_offline,3c3df35fa90238e8bfef,victim_0002,0,remote_on_off,2,11252.308935390323,local_compute,dense_remote,,,,False,,
entanglement_assisted_all_shared,hist_gradient_boosting,debounced_offline,3edd548b0c7491d4560f,victim_0031,0,phase_exact,0,4159.949493759739,local_compute,dense_remote,,,,False,,
entanglement_assisted_all_shared,hist_gradient_boosting,debounced_offline,3edd548b0c7491d4560f,victim_0031,0,phase_exact,1,8524.953030037665,dense_remote,sparse_remote,,,,False,,
entanglement_assisted_all_shared,hist_gradient_boosting,debounced_offline,3edd548b0c7491d4560f,victim_0031,0,phase_exact,2,11172.11201804374,sparse_remote,synchronization_bursty,,,,False,,
entanglement_assisted_all_shared,hist_gradient_boosting,debounced_offline,3edd548b0c7491d4560f,victim_0031,0,phase_exact,3,14427.950477163511,synchronization_bursty,dense_remote,,,,False,,
entanglement_assisted_all_shared,hist_gradient_boosting,debounced_offline,3edd548b0c7491d4560f,victim_0031,0,phase_exact,4,17846.27700177856,dense_remote,local_compute,,,,False,,
entanglement_assisted_all_shared,hist_gradient_boosting,debounced_offline,3edd548b0c7491d4560f,victim_0031,0,phase_any,0,4159.949493759739,local_compute,dense_remote,,,,False,,
entanglement_assisted_all_shared,hist_gradient_boosting,debounced_offline,3edd548b0c7491d4560f,victim_0031,0,phase_any,1,8524.953030037665,dense_remote,sparse_remote,,,,False,,
entanglement_assisted_all_shared,hist_gradient_boosting,debounced_offline,3edd548b0c7491d4560f,victim_0031,0,phase_any,2,11172.11201804374,sparse_remote,synchronization_bursty,11580.0,local_compute,synchronization_bursty,True,407.8879819562608,407.8879819562608
entanglement_assisted_all_shared,hist_gradient_boosting,debounced_offline,3edd548b0c7491d4560f,victim_0031,0,phase_any,3,14427.950477163511,synchronization_bursty,dense_remote,14520.0,local_compute,dense_remote,True,92.0495228364889,92.0495228364889
entanglement_assisted_all_shared,hist_gradient_boosting,debounced_offline,3edd548b0c7491d4560f,victim_0031,0,phase_any,4,17846.27700177856,dense_remote,local_compute,17460.0,sparse_remote,local_compute,True,-386.27700177855877,386.27700177855877
entanglement_assisted_all_shared,hist_gradient_boosting,debounced_offline,3edd548b0c7491d4560f,victim_0031,0,remote_on_off,0,4159.949493759739,local_compute,dense_remote,,,,False,,
entanglement_assisted_all_shared,hist_gradient_boosting,debounced_offline,3edd548b0c7491d4560f,victim_0031,0,remote_on_off,4,17846.27700177856,dense_remote,local_compute,17460.0,sparse_remote,local_compute,True,-386.27700177855877,386.27700177855877
entanglement_assisted_all_shared,hist_gradient_boosting,debounced_offline,420d7035a33dcffe3e64,victim_0035,1,phase_exact,0,5666.796589479767,sparse_remote,synchronization_bursty,,,,False,,
entanglement_assisted_all_shared,hist_gradient_boosting,debounced_offline,420d7035a33dcffe3e64,victim_0035,1,phase_exact,1,11193.313605806132,synchronization_bursty,dense_remote,,,,False,,
entanglement_assisted_all_shared,hist_gradient_boosting,debounced_offline,420d7035a33dcffe3e64,victim_0035,1,phase_exact,2,13748.01001582324,dense_remote,sparse_remote,,,,False,,
entanglement_assisted_all_shared,hist_gradient_boosting,debounced_offline,420d7035a33dcffe3e64,victim_0035,1,phase_exact,3,16408.670686815945,sparse_remote,local_compute,,,,False,,
entanglement_assisted_all_shared,hist_gradient_boosting,debounced_offline,420d7035a33dcffe3e64,victim_0035,1,phase_any,0,5666.796589479767,sparse_remote,synchronization_bursty,6120.0,dense_remote,synchronization_bursty,True,453.20341052023286,453.20341052023286
entanglement_assisted_all_shared,hist_gradient_boosting,debounced_offline,420d7035a33dcffe3e64,victim_0035,1,phase_any,1,11193.313605806132,synchronization_bursty,dense_remote,11160.0,synchronization_bursty,local_compute,True,-33.31360580613182,33.31360580613182
entanglement_assisted_all_shared,hist_gradient_boosting,debounced_offline,420d7035a33dcffe3e64,victim_0035,1,phase_any,2,13748.01001582324,dense_remote,sparse_remote,,,,False,,
entanglement_assisted_all_shared,hist_gradient_boosting,debounced_offline,420d7035a33dcffe3e64,victim_0035,1,phase_any,3,16408.670686815945,sparse_remote,local_compute,16200.0,local_compute,synchronization_bursty,True,-208.67068681594537,208.67068681594537
entanglement_assisted_all_shared,hist_gradient_boosting,debounced_offline,420d7035a33dcffe3e64,victim_0035,1,remote_on_off,3,16408.670686815945,sparse_remote,local_compute,,,,False,,
entanglement_assisted_all_shared,hist_gradient_boosting,debounced_offline,4398cbaf9e5947263a10,victim_0031,1,phase_exact,0,4159.949493759739,local_compute,dense_remote,,,,False,,
entanglement_assisted_all_shared,hist_gradient_boosting,debounced_offline,4398cbaf9e5947263a10,victim_0031,1,phase_exact,1,8524.953030037665,dense_remote,sparse_remote,9060.0,dense_remote,sparse_remote,True,535.0469699623354,535.0469699623354
entanglement_assisted_all_shared,hist_gradient_boosting,debounced_offline,4398cbaf9e5947263a10,victim_0031,1,phase_exact,2,11172.11201804374,sparse_remote,synchronization_bursty,11580.0,sparse_remote,synchronization_bursty,True,407.8879819562608,407.8879819562608
entanglement_assisted_all_shared,hist_gradient_boosting,debounced_offline,4398cbaf9e5947263a10,victim_0031,1,phase_exact,3,14427.950477163511,synchronization_bursty,dense_remote,14940.0,synchronization_bursty,dense_remote,True,512.0495228364889,512.0495228364889
entanglement_assisted_all_shared,hist_gradient_boosting,debounced_offline,4398cbaf9e5947263a10,victim_0031,1,phase_exact,4,17846.27700177856,dense_remote,local_compute,,,,False,,
entanglement_assisted_all_shared,hist_gradient_boosting,debounced_offline,4398cbaf9e5947263a10,victim_0031,1,phase_any,0,4159.949493759739,local_compute,dense_remote,,,,False,,
entanglement_assisted_all_shared,hist_gradient_boosting,debounced_offline,4398cbaf9e5947263a10,victim_0031,1,phase_any,1,8524.953030037665,dense_remote,sparse_remote,8640.0,local_compute,dense_remote,True,115.04696996233542,115.04696996233542
entanglement_assisted_all_shared,hist_gradient_boosting,debounced_offline,4398cbaf9e5947263a10,victim_0031,1,phase_any,2,11172.11201804374,sparse_remote,synchronization_bursty,11580.0,sparse_remote,synchronization_bursty,True,407.8879819562608,407.8879819562608
entanglement_assisted_all_shared,hist_gradient_boosting,debounced_offline,4398cbaf9e5947263a10,victim_0031,1,phase_any,3,14427.950477163511,synchronization_bursty,dense_remote,14940.0,synchronization_bursty,dense_remote,True,512.0495228364889,512.0495228364889
entanglement_assisted_all_shared,hist_gradient_boosting,debounced_offline,4398cbaf9e5947263a10,victim_0031,1,phase_any,4,17846.27700177856,dense_remote,local_compute,18300.0,dense_remote,sparse_remote,True,453.72299822144123,453.72299822144123
entanglement_assisted_all_shared,hist_gradient_boosting,debounced_offline,4398cbaf9e5947263a10,victim_0031,1,remote_on_off,0,4159.949493759739,local_compute,dense_remote,,,,False,,
entanglement_assisted_all_shared,hist_gradient_boosting,debounced_offline,4398cbaf9e5947263a10,victim_0031,1,remote_on_off,4,17846.27700177856,dense_remote,local_compute,,,,False,,
entanglement_assisted_all_shared,hist_gradient_boosting,debounced_offline,46bebc294309e0cb8b97,victim_0006,1,phase_exact,0,3868.292651126604,sparse_remote,local_compute,,,,False,,
entanglement_assisted_all_shared,hist_gradient_boosting,debounced_offline,46bebc294309e0cb8b97,victim_0006,1,phase_exact,1,8142.9548099510275,local_compute,sparse_remote,7380.0,local_compute,sparse_remote,True,-762.9548099510275,762.9548099510275
entanglement_assisted_all_shared,hist_gradient_boosting,debounced_offline,46bebc294309e0cb8b97,victim_0006,1,phase_exact,2,10850.749623475784,sparse_remote,synchronization_bursty,,,,False,,
entanglement_assisted_all_shared,hist_gradient_boosting,debounced_offline,46bebc294309e0cb8b97,victim_0006,1,phase_exact,3,13905.834588475289,synchronization_bursty,dense_remote,14100.0,synchronization_bursty,dense_remote,True,194.1654115247111,194.1654115247111
entanglement_assisted_all_shared,hist_gradient_boosting,debounced_offline,46bebc294309e0cb8b97,victim_0006,1,phase_any,0,3868.292651126604,sparse_remote,local_compute,4440.0,dense_remote,local_compute,True,571.7073488733959,571.7073488733959
entanglement_assisted_all_shared,hist_gradient_boosting,debounced_offline,46bebc294309e0cb8b97,victim_0006,1,phase_any,1,8142.9548099510275,local_compute,sparse_remote,7380.0,local_compute,sparse_remote,True,-762.9548099510275,762.9548099510275
entanglement_assisted_all_shared,hist_gradient_boosting,debounced_offline,46bebc294309e0cb8b97,victim_0006,1,phase_any,2,10850.749623475784,sparse_remote,synchronization_bursty,11160.0,local_compute,synchronization_bursty,True,309.25037652421634,309.25037652421634
entanglement_assisted_all_shared,hist_gradient_boosting,debounced_offline,46bebc294309e0cb8b97,victim_0006,1,phase_any,3,13905.834588475289,synchronization_bursty,dense_remote,14100.0,synchronization_bursty,dense_remote,True,194.1654115247111,194.1654115247111
entanglement_assisted_all_shared,hist_gradient_boosting,debounced_offline,46bebc294309e0cb8b97,victim_0006,1,remote_on_off,0,3868.292651126604,sparse_remote,local_compute,4440.0,dense_remote,local_compute,True,571.7073488733959,571.7073488733959
entanglement_assisted_all_shared,hist_gradient_boosting,debounced_offline,46bebc294309e0cb8b97,victim_0006,1,remote_on_off,1,8142.9548099510275,local_compute,sparse_remote,7380.0,local_compute,sparse_remote,True,-762.9548099510275,762.9548099510275
entanglement_assisted_all_shared,hist_gradient_boosting,debounced_offline,5b4123f6cec289ca979c,victim_0020,0,phase_exact,0,3945.197190413731,dense_remote,local_compute,3600.0,dense_remote,local_compute,True,-345.1971904137308,345.1971904137308
entanglement_assisted_all_shared,hist_gradient_boosting,debounced_offline,5b4123f6cec289ca979c,victim_0020,0,phase_exact,1,8519.38861505275,local_compute,synchronization_bursty,,,,False,,
entanglement_assisted_all_shared,hist_gradient_boosting,debounced_offline,5b4123f6cec289ca979c,victim_0020,0,phase_exact,2,13972.618573212338,synchronization_bursty,local_compute,,,,False,,
entanglement_assisted_all_shared,hist_gradient_boosting,debounced_offline,5b4123f6cec289ca979c,victim_0020,0,phase_exact,3,17384.940617006945,local_compute,sparse_remote,,,,False,,
entanglement_assisted_all_shared,hist_gradient_boosting,debounced_offline,5b4123f6cec289ca979c,victim_0020,0,phase_any,0,3945.197190413731,dense_remote,local_compute,3600.0,dense_remote,local_compute,True,-345.1971904137308,345.1971904137308
entanglement_assisted_all_shared,hist_gradient_boosting,debounced_offline,5b4123f6cec289ca979c,victim_0020,0,phase_any,1,8519.38861505275,local_compute,synchronization_bursty,8640.0,sparse_remote,synchronization_bursty,True,120.61138494724946,120.61138494724946
entanglement_assisted_all_shared,hist_gradient_boosting,debounced_offline,5b4123f6cec289ca979c,victim_0020,0,phase_any,2,13972.618573212338,synchronization_bursty,local_compute,,,,False,,
entanglement_assisted_all_shared,hist_gradient_boosting,debounced_offline,5b4123f6cec289ca979c,victim_0020,0,phase_any,3,17384.940617006945,local_compute,sparse_remote,,,,False,,
entanglement_assisted_all_shared,hist_gradient_boosting,debounced_offline,5b4123f6cec289ca979c,victim_0020,0,remote_on_off,0,3945.197190413731,dense_remote,local_compute,3600.0,dense_remote,local_compute,True,-345.1971904137308,345.1971904137308
entanglement_assisted_all_shared,hist_gradient_boosting,debounced_offline,5b4123f6cec289ca979c,victim_0020,0,remote_on_off,1,8519.38861505275,local_compute,synchronization_bursty,,,,False,,
entanglement_assisted_all_shared,hist_gradient_boosting,debounced_offline,5b4123f6cec289ca979c,victim_0020,0,remote_on_off,2,13972.618573212338,synchronization_bursty,local_compute,,,,False,,
entanglement_assisted_all_shared,hist_gradient_boosting,debounced_offline,5b4123f6cec289ca979c,victim_0020,0,remote_on_off,3,17384.940617006945,local_compute,sparse_remote,,,,False,,
entanglement_assisted_all_shared,hist_gradient_boosting,debounced_offline,6cebdb4384d627360615,victim_0003,0,phase_exact,0,3184.1511702802213,local_compute,sparse_remote,,,,False,,
entanglement_assisted_all_shared,hist_gradient_boosting,debounced_offline,6cebdb4384d627360615,victim_0003,0,phase_exact,1,8137.308551850549,sparse_remote,dense_remote,,,,False,,
entanglement_assisted_all_shared,hist_gradient_boosting,debounced_offline,6cebdb4384d627360615,victim_0003,0,phase_exact,2,11766.900719130488,dense_remote,sparse_remote,,,,False,,
entanglement_assisted_all_shared,hist_gradient_boosting,debounced_offline,6cebdb4384d627360615,victim_0003,0,phase_exact,3,16533.76894948869,sparse_remote,synchronization_bursty,,,,False,,
entanglement_assisted_all_shared,hist_gradient_boosting,debounced_offline,6cebdb4384d627360615,victim_0003,0,phase_any,0,3184.1511702802213,local_compute,sparse_remote,,,,False,,
entanglement_assisted_all_shared,hist_gradient_boosting,debounced_offline,6cebdb4384d627360615,victim_0003,0,phase_any,1,8137.308551850549,sparse_remote,dense_remote,,,,False,,
entanglement_assisted_all_shared,hist_gradient_boosting,debounced_offline,6cebdb4384d627360615,victim_0003,0,phase_any,2,11766.900719130488,dense_remote,sparse_remote,11160.0,sparse_remote,local_compute,True,-606.9007191304881,606.9007191304881
entanglement_assisted_all_shared,hist_gradient_boosting,debounced_offline,6cebdb4384d627360615,victim_0003,0,phase_any,3,16533.76894948869,sparse_remote,synchronization_bursty,16620.0,sparse_remote,dense_remote,True,86.23105051130915,86.23105051130915
entanglement_assisted_all_shared,hist_gradient_boosting,debounced_offline,6cebdb4384d627360615,victim_0003,0,remote_on_off,0,3184.1511702802213,local_compute,sparse_remote,,,,False,,
entanglement_assisted_all_shared,hist_gradient_boosting,debounced_offline,7423f67511e48a81d130,victim_0020,1,phase_exact,0,3945.197190413731,dense_remote,local_compute,,,,False,,
entanglement_assisted_all_shared,hist_gradient_boosting,debounced_offline,7423f67511e48a81d130,victim_0020,1,phase_exact,1,8519.38861505275,local_compute,synchronization_bursty,8640.0,local_compute,synchronization_bursty,True,120.61138494724946,120.61138494724946
entanglement_assisted_all_shared,hist_gradient_boosting,debounced_offline,7423f67511e48a81d130,victim_0020,1,phase_exact,2,13972.618573212338,synchronization_bursty,local_compute,,,,False,,
entanglement_assisted_all_shared,hist_gradient_boosting,debounced_offline,7423f67511e48a81d130,victim_0020,1,phase_exact,3,17384.940617006945,local_compute,sparse_remote,,,,False,,
entanglement_assisted_all_shared,hist_gradient_boosting,debounced_offline,7423f67511e48a81d130,victim_0020,1,phase_any,0,3945.197190413731,dense_remote,local_compute,,,,False,,
entanglement_assisted_all_shared,hist_gradient_boosting,debounced_offline,7423f67511e48a81d130,victim_0020,1,phase_any,1,8519.38861505275,local_compute,synchronization_bursty,8640.0,local_compute,synchronization_bursty,True,120.61138494724946,120.61138494724946
entanglement_assisted_all_shared,hist_gradient_boosting,debounced_offline,7423f67511e48a81d130,victim_0020,1,phase_any,2,13972.618573212338,synchronization_bursty,local_compute,,,,False,,
entanglement_assisted_all_shared,hist_gradient_boosting,debounced_offline,7423f67511e48a81d130,victim_0020,1,phase_any,3,17384.940617006945,local_compute,sparse_remote,16620.0,dense_remote,local_compute,True,-764.9406170069451,764.9406170069451
entanglement_assisted_all_shared,hist_gradient_boosting,debounced_offline,7423f67511e48a81d130,victim_0020,1,remote_on_off,0,3945.197190413731,dense_remote,local_compute,,,,False,,
entanglement_assisted_all_shared,hist_gradient_boosting,debounced_offline,7423f67511e48a81d130,victim_0020,1,remote_on_off,1,8519.38861505275,local_compute,synchronization_bursty,8640.0,local_compute,synchronization_bursty,True,120.61138494724946,120.61138494724946
entanglement_assisted_all_shared,hist_gradient_boosting,debounced_offline,7423f67511e48a81d130,victim_0020,1,remote_on_off,2,13972.618573212338,synchronization_bursty,local_compute,,,,False,,
entanglement_assisted_all_shared,hist_gradient_boosting,debounced_offline,7423f67511e48a81d130,victim_0020,1,remote_on_off,3,17384.940617006945,local_compute,sparse_remote,,,,False,,
entanglement_assisted_all_shared,hist_gradient_boosting,debounced_offline,8135629aaff586891586,victim_0018,0,phase_exact,0,4823.51995045369,dense_remote,sparse_remote,,,,False,,
entanglement_assisted_all_shared,hist_gradient_boosting,debounced_offline,8135629aaff586891586,victim_0018,0,phase_exact,1,9594.047520701628,sparse_remote,synchronization_bursty,,,,False,,
entanglement_assisted_all_shared,hist_gradient_boosting,debounced_offline,8135629aaff586891586,victim_0018,0,phase_exact,2,12361.950228432477,synchronization_bursty,dense_remote,,,,False,,
entanglement_assisted_all_shared,hist_gradient_boosting,debounced_offline,8135629aaff586891586,victim_0018,0,phase_exact,3,16100.566304239506,dense_remote,local_compute,,,,False,,
entanglement_assisted_all_shared,hist_gradient_boosting,debounced_offline,8135629aaff586891586,victim_0018,0,phase_any,0,4823.51995045369,dense_remote,sparse_remote,4860.0,local_compute,sparse_remote,True,36.4800495463096,36.4800495463096
entanglement_assisted_all_shared,hist_gradient_boosting,debounced_offline,8135629aaff586891586,victim_0018,0,phase_any,1,9594.047520701628,sparse_remote,synchronization_bursty,9900.0,dense_remote,synchronization_bursty,True,305.95247929837205,305.95247929837205
entanglement_assisted_all_shared,hist_gradient_boosting,debounced_offline,8135629aaff586891586,victim_0018,0,phase_any,2,12361.950228432477,synchronization_bursty,dense_remote,12840.0,synchronization_bursty,local_compute,True,478.04977156752284,478.04977156752284
entanglement_assisted_all_shared,hist_gradient_boosting,debounced_offline,8135629aaff586891586,victim_0018,0,phase_any,3,16100.566304239506,dense_remote,local_compute,,,,False,,
entanglement_assisted_all_shared,hist_gradient_boosting,debounced_offline,8135629aaff586891586,victim_0018,0,remote_on_off,3,16100.566304239506,dense_remote,local_compute,,,,False,,
entanglement_assisted_all_shared,hist_gradient_boosting,debounced_offline,93588e5287f9b3f5c738,victim_0034,1,phase_exact,0,2584.983901882975,dense_remote,local_compute,,,,False,,
entanglement_assisted_all_shared,hist_gradient_boosting,debounced_offline,93588e5287f9b3f5c738,victim_0034,1,phase_exact,1,5207.092213312335,local_compute,sparse_remote,,,,False,,
entanglement_assisted_all_shared,hist_gradient_boosting,debounced_offline,93588e5287f9b3f5c738,victim_0034,1,phase_exact,2,8644.94250269917,sparse_remote,synchronization_bursty,,,,False,,
entanglement_assisted_all_shared,hist_gradient_boosting,debounced_offline,93588e5287f9b3f5c738,victim_0034,1,phase_exact,3,11529.039859917659,synchronization_bursty,local_compute,12000.0,synchronization_bursty,local_compute,True,470.96014008234124,470.96014008234124
entanglement_assisted_all_shared,hist_gradient_boosting,debounced_offline,93588e5287f9b3f5c738,victim_0034,1,phase_exact,4,16958.909792595652,local_compute,dense_remote,,,,False,,
entanglement_assisted_all_shared,hist_gradient_boosting,debounced_offline,93588e5287f9b3f5c738,victim_0034,1,phase_any,0,2584.983901882975,dense_remote,local_compute,,,,False,,
entanglement_assisted_all_shared,hist_gradient_boosting,debounced_offline,93588e5287f9b3f5c738,victim_0034,1,phase_any,1,5207.092213312335,local_compute,sparse_remote,,,,False,,
entanglement_assisted_all_shared,hist_gradient_boosting,debounced_offline,93588e5287f9b3f5c738,victim_0034,1,phase_any,2,8644.94250269917,sparse_remote,synchronization_bursty,9060.0,dense_remote,synchronization_bursty,True,415.0574973008297,415.0574973008297
entanglement_assisted_all_shared,hist_gradient_boosting,debounced_offline,93588e5287f9b3f5c738,victim_0034,1,phase_any,3,11529.039859917659,synchronization_bursty,local_compute,12000.0,synchronization_bursty,local_compute,True,470.96014008234124,470.96014008234124
entanglement_assisted_all_shared,hist_gradient_boosting,debounced_offline,93588e5287f9b3f5c738,victim_0034,1,phase_any,4,16958.909792595652,local_compute,dense_remote,,,,False,,
entanglement_assisted_all_shared,hist_gradient_boosting,debounced_offline,93588e5287f9b3f5c738,victim_0034,1,remote_on_off,0,2584.983901882975,dense_remote,local_compute,,,,False,,
entanglement_assisted_all_shared,hist_gradient_boosting,debounced_offline,93588e5287f9b3f5c738,victim_0034,1,remote_on_off,1,5207.092213312335,local_compute,sparse_remote,,,,False,,
entanglement_assisted_all_shared,hist_gradient_boosting,debounced_offline,93588e5287f9b3f5c738,victim_0034,1,remote_on_off,3,11529.039859917659,synchronization_bursty,local_compute,12000.0,synchronization_bursty,local_compute,True,470.96014008234124,470.96014008234124
entanglement_assisted_all_shared,hist_gradient_boosting,debounced_offline,93588e5287f9b3f5c738,victim_0034,1,remote_on_off,4,16958.909792595652,local_compute,dense_remote,,,,False,,
entanglement_assisted_all_shared,hist_gradient_boosting,debounced_offline,974616a9a6e332063551,victim_0010,0,phase_exact,0,3799.0914558502673,local_compute,dense_remote,,,,False,,
entanglement_assisted_all_shared,hist_gradient_boosting,debounced_offline,974616a9a6e332063551,victim_0010,0,phase_exact,1,7177.584870190105,dense_remote,sparse_remote,,,,False,,
entanglement_assisted_all_shared,hist_gradient_boosting,debounced_offline,974616a9a6e332063551,victim_0010,0,phase_exact,2,9864.380078273627,sparse_remote,synchronization_bursty,9900.0,sparse_remote,synchronization_bursty,True,35.61992172637292,35.61992172637292
entanglement_assisted_all_shared,hist_gradient_boosting,debounced_offline,974616a9a6e332063551,victim_0010,0,phase_exact,3,12803.703036780968,synchronization_bursty,dense_remote,,,,False,,
entanglement_assisted_all_shared,hist_gradient_boosting,debounced_offline,974616a9a6e332063551,victim_0010,0,phase_exact,4,15204.780045932635,dense_remote,synchronization_bursty,15360.0,dense_remote,synchronization_bursty,True,155.2199540673646,155.2199540673646
entanglement_assisted_all_shared,hist_gradient_boosting,debounced_offline,974616a9a6e332063551,victim_0010,0,phase_any,0,3799.0914558502673,local_compute,dense_remote,,,,False,,
entanglement_assisted_all_shared,hist_gradient_boosting,debounced_offline,974616a9a6e332063551,victim_0010,0,phase_any,1,7177.584870190105,dense_remote,sparse_remote,6540.0,local_compute,dense_remote,True,-637.584870190105,637.584870190105
entanglement_assisted_all_shared,hist_gradient_boosting,debounced_offline,974616a9a6e332063551,victim_0010,0,phase_any,2,9864.380078273627,sparse_remote,synchronization_bursty,9900.0,sparse_remote,synchronization_bursty,True,35.61992172637292,35.61992172637292
entanglement_assisted_all_shared,hist_gradient_boosting,debounced_offline,974616a9a6e332063551,victim_0010,0,phase_any,3,12803.703036780968,synchronization_bursty,dense_remote,,,,False,,
entanglement_assisted_all_shared,hist_gradient_boosting,debounced_offline,974616a9a6e332063551,victim_0010,0,phase_any,4,15204.780045932635,dense_remote,synchronization_bursty,15360.0,dense_remote,synchronization_bursty,True,155.2199540673646,155.2199540673646
entanglement_assisted_all_shared,hist_gradient_boosting,debounced_offline,974616a9a6e332063551,victim_0010,0,remote_on_off,0,3799.0914558502673,local_compute,dense_remote,,,,False,,
entanglement_assisted_all_shared,hist_gradient_boosting,debounced_offline,9c8215c31c929d03a222,victim_0010,1,phase_exact,0,3799.0914558502673,local_compute,dense_remote,,,,False,,
entanglement_assisted_all_shared,hist_gradient_boosting,debounced_offline,9c8215c31c929d03a222,victim_0010,1,phase_exact,1,7177.584870190105,dense_remote,sparse_remote,,,,False,,
entanglement_assisted_all_shared,hist_gradient_boosting,debounced_offline,9c8215c31c929d03a222,victim_0010,1,phase_exact,2,9864.380078273627,sparse_remote,synchronization_bursty,,,,False,,
entanglement_assisted_all_shared,hist_gradient_boosting,debounced_offline,9c8215c31c929d03a222,victim_0010,1,phase_exact,3,12803.703036780968,synchronization_bursty,dense_remote,,,,False,,
entanglement_assisted_all_shared,hist_gradient_boosting,debounced_offline,9c8215c31c929d03a222,victim_0010,1,phase_exact,4,15204.780045932635,dense_remote,synchronization_bursty,,,,False,,
entanglement_assisted_all_shared,hist_gradient_boosting,debounced_offline,9c8215c31c929d03a222,victim_0010,1,phase_any,0,3799.0914558502673,local_compute,dense_remote,,,,False,,
entanglement_assisted_all_shared,hist_gradient_boosting,debounced_offline,9c8215c31c929d03a222,victim_0010,1,phase_any,1,7177.584870190105,dense_remote,sparse_remote,,,,False,,
entanglement_assisted_all_shared,hist_gradient_boosting,debounced_offline,9c8215c31c929d03a222,victim_0010,1,phase_any,2,9864.380078273627,sparse_remote,synchronization_bursty,9900.0,local_compute,synchronization_bursty,True,35.61992172637292,35.61992172637292
entanglement_assisted_all_shared,hist_gradient_boosting,debounced_offline,9c8215c31c929d03a222,victim_0010,1,phase_any,3,12803.703036780968,synchronization_bursty,dense_remote,12840.0,synchronization_bursty,local_compute,True,36.29696321903248,36.29696321903248
entanglement_assisted_all_shared,hist_gradient_boosting,debounced_offline,9c8215c31c929d03a222,victim_0010,1,phase_any,4,15204.780045932635,dense_remote,synchronization_bursty,15360.0,local_compute,synchronization_bursty,True,155.2199540673646,155.2199540673646
entanglement_assisted_all_shared,hist_gradient_boosting,debounced_offline,9c8215c31c929d03a222,victim_0010,1,remote_on_off,0,3799.0914558502673,local_compute,dense_remote,,,,False,,
entanglement_assisted_all_shared,hist_gradient_boosting,debounced_offline,a16e4cfb01482c42b2c7,victim_0018,1,phase_exact,0,4823.51995045369,dense_remote,sparse_remote,,,,False,,
entanglement_assisted_all_shared,hist_gradient_boosting,debounced_offline,a16e4cfb01482c42b2c7,victim_0018,1,phase_exact,1,9594.047520701628,sparse_remote,synchronization_bursty,9900.0,sparse_remote,synchronization_bursty,True,305.95247929837205,305.95247929837205
entanglement_assisted_all_shared,hist_gradient_boosting,debounced_offline,a16e4cfb01482c42b2c7,victim_0018,1,phase_exact,2,12361.950228432477,synchronization_bursty,dense_remote,12420.0,synchronization_bursty,dense_remote,True,58.04977156752284,58.04977156752284
entanglement_assisted_all_shared,hist_gradient_boosting,debounced_offline,a16e4cfb01482c42b2c7,victim_0018,1,phase_exact,3,16100.566304239506,dense_remote,local_compute,,,,False,,
entanglement_assisted_all_shared,hist_gradient_boosting,debounced_offline,a16e4cfb01482c42b2c7,victim_0018,1,phase_any,0,4823.51995045369,dense_remote,sparse_remote,,,,False,,
entanglement_assisted_all_shared,hist_gradient_boosting,debounced_offline,a16e4cfb01482c42b2c7,victim_0018,1,phase_any,1,9594.047520701628,sparse_remote,synchronization_bursty,9900.0,sparse_remote,synchronization_bursty,True,305.95247929837205,305.95247929837205
entanglement_assisted_all_shared,hist_gradient_boosting,debounced_offline,a16e4cfb01482c42b2c7,victim_0018,1,phase_any,2,12361.950228432477,synchronization_bursty,dense_remote,12420.0,synchronization_bursty,dense_remote,True,58.04977156752284,58.04977156752284
entanglement_assisted_all_shared,hist_gradient_boosting,debounced_offline,a16e4cfb01482c42b2c7,victim_0018,1,phase_any,3,16100.566304239506,dense_remote,local_compute,15360.0,synchronization_bursty,dense_remote,True,-740.5663042395063,740.5663042395063
entanglement_assisted_all_shared,hist_gradient_boosting,debounced_offline,a16e4cfb01482c42b2c7,victim_0018,1,remote_on_off,3,16100.566304239506,dense_remote,local_compute,,,,False,,
entanglement_assisted_all_shared,hist_gradient_boosting,debounced_offline,a232cf96e89803b66d84,victim_0008,0,phase_exact,0,2978.015688481845,synchronization_bursty,dense_remote,,,,False,,
entanglement_assisted_all_shared,hist_gradient_boosting,debounced_offline,a232cf96e89803b66d84,victim_0008,0,phase_exact,1,6468.965710581726,dense_remote,sparse_remote,,,,False,,
entanglement_assisted_all_shared,hist_gradient_boosting,debounced_offline,a232cf96e89803b66d84,victim_0008,0,phase_exact,2,11679.055663519011,sparse_remote,local_compute,,,,False,,
entanglement_assisted_all_shared,hist_gradient_boosting,debounced_offline,a232cf96e89803b66d84,victim_0008,0,phase_exact,3,16457.887331498667,local_compute,dense_remote,,,,False,,
entanglement_assisted_all_shared,hist_gradient_boosting,debounced_offline,a232cf96e89803b66d84,victim_0008,0,phase_any,0,2978.015688481845,synchronization_bursty,dense_remote,,,,False,,
entanglement_assisted_all_shared,hist_gradient_boosting,debounced_offline,a232cf96e89803b66d84,victim_0008,0,phase_any,1,6468.965710581726,dense_remote,sparse_remote,6960.0,dense_remote,local_compute,True,491.03428941827406,491.03428941827406
entanglement_assisted_all_shared,hist_gradient_boosting,debounced_offline,a232cf96e89803b66d84,victim_0008,0,phase_any,2,11679.055663519011,sparse_remote,local_compute,12420.0,dense_remote,local_compute,True,740.9443364809886,740.9443364809886
entanglement_assisted_all_shared,hist_gradient_boosting,debounced_offline,a232cf96e89803b66d84,victim_0008,0,phase_any,3,16457.887331498667,local_compute,dense_remote,,,,False,,
entanglement_assisted_all_shared,hist_gradient_boosting,debounced_offline,a232cf96e89803b66d84,victim_0008,0,remote_on_off,2,11679.055663519011,sparse_remote,local_compute,12420.0,dense_remote,local_compute,True,740.9443364809886,740.9443364809886
entanglement_assisted_all_shared,hist_gradient_boosting,debounced_offline,a232cf96e89803b66d84,victim_0008,0,remote_on_off,3,16457.887331498667,local_compute,dense_remote,,,,False,,
entanglement_assisted_all_shared,hist_gradient_boosting,debounced_offline,a559bec72a7f705e59d6,victim_0006,0,phase_exact,0,3868.292651126604,sparse_remote,local_compute,,,,False,,
entanglement_assisted_all_shared,hist_gradient_boosting,debounced_offline,a559bec72a7f705e59d6,victim_0006,0,phase_exact,1,8142.9548099510275,local_compute,sparse_remote,8220.0,local_compute,sparse_remote,True,77.04519004897247,77.04519004897247
entanglement_assisted_all_shared,hist_gradient_boosting,debounced_offline,a559bec72a7f705e59d6,victim_0006,0,phase_exact,2,10850.749623475784,sparse_remote,synchronization_bursty,11160.0,sparse_remote,synchronization_bursty,True,309.25037652421634,309.25037652421634
entanglement_assisted_all_shared,hist_gradient_boosting,debounced_offline,a559bec72a7f705e59d6,victim_0006,0,phase_exact,3,13905.834588475289,synchronization_bursty,dense_remote,14100.0,synchronization_bursty,dense_remote,True,194.1654115247111,194.1654115247111
entanglement_assisted_all_shared,hist_gradient_boosting,debounced_offline,a559bec72a7f705e59d6,victim_0006,0,phase_any,0,3868.292651126604,sparse_remote,local_compute,3600.0,dense_remote,sparse_remote,True,-268.29265112660414,268.29265112660414
entanglement_assisted_all_shared,hist_gradient_boosting,debounced_offline,a559bec72a7f705e59d6,victim_0006,0,phase_any,1,8142.9548099510275,local_compute,sparse_remote,8220.0,local_compute,sparse_remote,True,77.04519004897247,77.04519004897247
entanglement_assisted_all_shared,hist_gradient_boosting,debounced_offline,a559bec72a7f705e59d6,victim_0006,0,phase_any,2,10850.749623475784,sparse_remote,synchronization_bursty,11160.0,sparse_remote,synchronization_bursty,True,309.25037652421634,309.25037652421634
entanglement_assisted_all_shared,hist_gradient_boosting,debounced_offline,a559bec72a7f705e59d6,victim_0006,0,phase_any,3,13905.834588475289,synchronization_bursty,dense_remote,14100.0,synchronization_bursty,dense_remote,True,194.1654115247111,194.1654115247111
entanglement_assisted_all_shared,hist_gradient_boosting,debounced_offline,a559bec72a7f705e59d6,victim_0006,0,remote_on_off,0,3868.292651126604,sparse_remote,local_compute,,,,False,,
entanglement_assisted_all_shared,hist_gradient_boosting,debounced_offline,a559bec72a7f705e59d6,victim_0006,0,remote_on_off,1,8142.9548099510275,local_compute,sparse_remote,8220.0,local_compute,sparse_remote,True,77.04519004897247,77.04519004897247
entanglement_assisted_all_shared,hist_gradient_boosting,debounced_offline,ab20f4b8efd1767e1f54,victim_0002,1,phase_exact,0,4128.836103055568,sparse_remote,synchronization_bursty,,,,False,,
entanglement_assisted_all_shared,hist_gradient_boosting,debounced_offline,ab20f4b8efd1767e1f54,victim_0002,1,phase_exact,1,8090.9366784642525,synchronization_bursty,local_compute,8220.0,synchronization_bursty,local_compute,True,129.0633215357475,129.0633215357475
entanglement_assisted_all_shared,hist_gradient_boosting,debounced_offline,ab20f4b8efd1767e1f54,victim_0002,1,phase_exact,2,11252.308935390323,local_compute,dense_remote,,,,False,,
entanglement_assisted_all_shared,hist_gradient_boosting,debounced_offline,ab20f4b8efd1767e1f54,victim_0002,1,phase_exact,3,14243.601544682242,dense_remote,sparse_remote,,,,False,,
entanglement_assisted_all_shared,hist_gradient_boosting,debounced_offline,ab20f4b8efd1767e1f54,victim_0002,1,phase_any,0,4128.836103055568,sparse_remote,synchronization_bursty,4440.0,local_compute,synchronization_bursty,True,311.16389694443205,311.16389694443205
entanglement_assisted_all_shared,hist_gradient_boosting,debounced_offline,ab20f4b8efd1767e1f54,victim_0002,1,phase_any,1,8090.9366784642525,synchronization_bursty,local_compute,8220.0,synchronization_bursty,local_compute,True,129.0633215357475,129.0633215357475
entanglement_assisted_all_shared,hist_gradient_boosting,debounced_offline,ab20f4b8efd1767e1f54,victim_0002,1,phase_any,2,11252.308935390323,local_compute,dense_remote,,,,False,,
entanglement_assisted_all_shared,hist_gradient_boosting,debounced_offline,ab20f4b8efd1767e1f54,victim_0002,1,phase_any,3,14243.601544682242,dense_remote,sparse_remote,,,,False,,
entanglement_assisted_all_shared,hist_gradient_boosting,debounced_offline,ab20f4b8efd1767e1f54,victim_0002,1,remote_on_off,1,8090.9366784642525,synchronization_bursty,local_compute,8220.0,synchronization_bursty,local_compute,True,129.0633215357475,129.0633215357475
entanglement_assisted_all_shared,hist_gradient_boosting,debounced_offline,ab20f4b8efd1767e1f54,victim_0002,1,remote_on_off,2,11252.308935390323,local_compute,dense_remote,,,,False,,
entanglement_assisted_all_shared,hist_gradient_boosting,debounced_offline,cc7233a6ded14cc06325,victim_0003,1,phase_exact,0,3184.1511702802213,local_compute,sparse_remote,,,,False,,
entanglement_assisted_all_shared,hist_gradient_boosting,debounced_offline,cc7233a6ded14cc06325,victim_0003,1,phase_exact,1,8137.308551850549,sparse_remote,dense_remote,,,,False,,
entanglement_assisted_all_shared,hist_gradient_boosting,debounced_offline,cc7233a6ded14cc06325,victim_0003,1,phase_exact,2,11766.900719130488,dense_remote,sparse_remote,,,,False,,
entanglement_assisted_all_shared,hist_gradient_boosting,debounced_offline,cc7233a6ded14cc06325,victim_0003,1,phase_exact,3,16533.76894948869,sparse_remote,synchronization_bursty,,,,False,,
entanglement_assisted_all_shared,hist_gradient_boosting,debounced_offline,cc7233a6ded14cc06325,victim_0003,1,phase_any,0,3184.1511702802213,local_compute,sparse_remote,3180.0,local_compute,dense_remote,True,-4.151170280221322,4.151170280221322
entanglement_assisted_all_shared,hist_gradient_boosting,debounced_offline,cc7233a6ded14cc06325,victim_0003,1,phase_any,1,8137.308551850549,sparse_remote,dense_remote,8220.0,local_compute,sparse_remote,True,82.69144814945139,82.69144814945139
entanglement_assisted_all_shared,hist_gradient_boosting,debounced_offline,cc7233a6ded14cc06325,victim_0003,1,phase_any,2,11766.900719130488,dense_remote,sparse_remote,,,,False,,
entanglement_assisted_all_shared,hist_gradient_boosting,debounced_offline,cc7233a6ded14cc06325,victim_0003,1,phase_any,3,16533.76894948869,sparse_remote,synchronization_bursty,16620.0,local_compute,synchronization_bursty,True,86.23105051130915,86.23105051130915
entanglement_assisted_all_shared,hist_gradient_boosting,debounced_offline,cc7233a6ded14cc06325,victim_0003,1,remote_on_off,0,3184.1511702802213,local_compute,sparse_remote,3180.0,local_compute,dense_remote,True,-4.151170280221322,4.151170280221322
entanglement_assisted_all_shared,hist_gradient_boosting,raw_online,0346e21f42b0f84c755d,victim_0035,0,phase_exact,0,5666.796589479767,sparse_remote,synchronization_bursty,,,,False,,
entanglement_assisted_all_shared,hist_gradient_boosting,raw_online,0346e21f42b0f84c755d,victim_0035,0,phase_exact,1,11193.313605806132,synchronization_bursty,dense_remote,,,,False,,
entanglement_assisted_all_shared,hist_gradient_boosting,raw_online,0346e21f42b0f84c755d,victim_0035,0,phase_exact,2,13748.01001582324,dense_remote,sparse_remote,14520.0,dense_remote,sparse_remote,True,771.9899841767601,771.9899841767601
entanglement_assisted_all_shared,hist_gradient_boosting,raw_online,0346e21f42b0f84c755d,victim_0035,0,phase_exact,3,16408.670686815945,sparse_remote,local_compute,,,,False,,
entanglement_assisted_all_shared,hist_gradient_boosting,raw_online,0346e21f42b0f84c755d,victim_0035,0,phase_any,0,5666.796589479767,sparse_remote,synchronization_bursty,5700.0,local_compute,dense_remote,True,33.203410520232865,33.203410520232865
entanglement_assisted_all_shared,hist_gradient_boosting,raw_online,0346e21f42b0f84c755d,victim_0035,0,phase_any,1,11193.313605806132,synchronization_bursty,dense_remote,11580.0,synchronization_bursty,sparse_remote,True,386.6863941938682,386.6863941938682
entanglement_assisted_all_shared,hist_gradient_boosting,raw_online,0346e21f42b0f84c755d,victim_0035,0,phase_any,2,13748.01001582324,dense_remote,sparse_remote,14520.0,dense_remote,sparse_remote,True,771.9899841767601,771.9899841767601
entanglement_assisted_all_shared,hist_gradient_boosting,raw_online,0346e21f42b0f84c755d,victim_0035,0,phase_any,3,16408.670686815945,sparse_remote,local_compute,,,,False,,
entanglement_assisted_all_shared,hist_gradient_boosting,raw_online,0346e21f42b0f84c755d,victim_0035,0,remote_on_off,3,16408.670686815945,sparse_remote,local_compute,,,,False,,
entanglement_assisted_all_shared,hist_gradient_boosting,raw_online,04299cc0d7d664e66d97,victim_0034,0,phase_exact,0,2584.983901882975,dense_remote,local_compute,,,,False,,
entanglement_assisted_all_shared,hist_gradient_boosting,raw_online,04299cc0d7d664e66d97,victim_0034,0,phase_exact,1,5207.092213312335,local_compute,sparse_remote,,,,False,,
entanglement_assisted_all_shared,hist_gradient_boosting,raw_online,04299cc0d7d664e66d97,victim_0034,0,phase_exact,2,8644.94250269917,sparse_remote,synchronization_bursty,,,,False,,
entanglement_assisted_all_shared,hist_gradient_boosting,raw_online,04299cc0d7d664e66d97,victim_0034,0,phase_exact,3,11529.039859917659,synchronization_bursty,local_compute,12000.0,synchronization_bursty,local_compute,True,470.96014008234124,470.96014008234124
entanglement_assisted_all_shared,hist_gradient_boosting,raw_online,04299cc0d7d664e66d97,victim_0034,0,phase_exact,4,16958.909792595652,local_compute,dense_remote,17460.0,local_compute,dense_remote,True,501.0902074043479,501.0902074043479
entanglement_assisted_all_shared,hist_gradient_boosting,raw_online,04299cc0d7d664e66d97,victim_0034,0,phase_any,0,2584.983901882975,dense_remote,local_compute,2760.0,dense_remote,sparse_remote,True,175.0160981170252,175.0160981170252
entanglement_assisted_all_shared,hist_gradient_boosting,raw_online,04299cc0d7d664e66d97,victim_0034,0,phase_any,1,5207.092213312335,local_compute,sparse_remote,5280.0,local_compute,dense_remote,True,72.90778668766507,72.90778668766507
entanglement_assisted_all_shared,hist_gradient_boosting,raw_online,04299cc0d7d664e66d97,victim_0034,0,phase_any,2,8644.94250269917,sparse_remote,synchronization_bursty,9060.0,dense_remote,synchronization_bursty,True,415.0574973008297,415.0574973008297
entanglement_assisted_all_shared,hist_gradient_boosting,raw_online,04299cc0d7d664e66d97,victim_0034,0,phase_any,3,11529.039859917659,synchronization_bursty,local_compute,12000.0,synchronization_bursty,local_compute,True,470.96014008234124,470.96014008234124
entanglement_assisted_all_shared,hist_gradient_boosting,raw_online,04299cc0d7d664e66d97,victim_0034,0,phase_any,4,16958.909792595652,local_compute,dense_remote,17460.0,local_compute,dense_remote,True,501.0902074043479,501.0902074043479
entanglement_assisted_all_shared,hist_gradient_boosting,raw_online,04299cc0d7d664e66d97,victim_0034,0,remote_on_off,0,2584.983901882975,dense_remote,local_compute,,,,False,,
entanglement_assisted_all_shared,hist_gradient_boosting,raw_online,04299cc0d7d664e66d97,victim_0034,0,remote_on_off,1,5207.092213312335,local_compute,sparse_remote,5280.0,local_compute,dense_remote,True,72.90778668766507,72.90778668766507
entanglement_assisted_all_shared,hist_gradient_boosting,raw_online,04299cc0d7d664e66d97,victim_0034,0,remote_on_off,3,11529.039859917659,synchronization_bursty,local_compute,12000.0,synchronization_bursty,local_compute,True,470.96014008234124,470.96014008234124
entanglement_assisted_all_shared,hist_gradient_boosting,raw_online,04299cc0d7d664e66d97,victim_0034,0,remote_on_off,4,16958.909792595652,local_compute,dense_remote,17460.0,local_compute,dense_remote,True,501.0902074043479,501.0902074043479
entanglement_assisted_all_shared,hist_gradient_boosting,raw_online,172f1f0e3d137672431d,victim_0022,1,phase_exact,0,3282.393742262545,synchronization_bursty,sparse_remote,,,,False,,
entanglement_assisted_all_shared,hist_gradient_boosting,raw_online,172f1f0e3d137672431d,victim_0022,1,phase_exact,1,6879.426857186192,sparse_remote,dense_remote,,,,False,,
entanglement_assisted_all_shared,hist_gradient_boosting,raw_online,172f1f0e3d137672431d,victim_0022,1,phase_exact,2,9968.001637570029,dense_remote,local_compute,,,,False,,
entanglement_assisted_all_shared,hist_gradient_boosting,raw_online,172f1f0e3d137672431d,victim_0022,1,phase_exact,3,14339.419944693838,local_compute,dense_remote,,,,False,,
entanglement_assisted_all_shared,hist_gradient_boosting,raw_online,172f1f0e3d137672431d,victim_0022,1,phase_exact,4,16767.069757922298,dense_remote,synchronization_bursty,,,,False,,
entanglement_assisted_all_shared,hist_gradient_boosting,raw_online,172f1f0e3d137672431d,victim_0022,1,phase_any,0,3282.393742262545,synchronization_bursty,sparse_remote,2760.0,dense_remote,synchronization_bursty,True,-522.393742262545,522.393742262545
entanglement_assisted_all_shared,hist_gradient_boosting,raw_online,172f1f0e3d137672431d,victim_0022,1,phase_any,1,6879.426857186192,sparse_remote,dense_remote,6960.0,local_compute,dense_remote,True,80.57314281380786,80.57314281380786
entanglement_assisted_all_shared,hist_gradient_boosting,raw_online,172f1f0e3d137672431d,victim_0022,1,phase_any,2,9968.001637570029,dense_remote,local_compute,,,,False,,
entanglement_assisted_all_shared,hist_gradient_boosting,raw_online,172f1f0e3d137672431d,victim_0022,1,phase_any,3,14339.419944693838,local_compute,dense_remote,,,,False,,
entanglement_assisted_all_shared,hist_gradient_boosting,raw_online,172f1f0e3d137672431d,victim_0022,1,phase_any,4,16767.069757922298,dense_remote,synchronization_bursty,17040.0,sparse_remote,synchronization_bursty,True,272.93024207770213,272.93024207770213
entanglement_assisted_all_shared,hist_gradient_boosting,raw_online,172f1f0e3d137672431d,victim_0022,1,remote_on_off,2,9968.001637570029,dense_remote,local_compute,,,,False,,
entanglement_assisted_all_shared,hist_gradient_boosting,raw_online,172f1f0e3d137672431d,victim_0022,1,remote_on_off,3,14339.419944693838,local_compute,dense_remote,,,,False,,
entanglement_assisted_all_shared,hist_gradient_boosting,raw_online,17ab2950af1e041933b2,victim_0008,1,phase_exact,0,2978.015688481845,synchronization_bursty,dense_remote,,,,False,,
entanglement_assisted_all_shared,hist_gradient_boosting,raw_online,17ab2950af1e041933b2,victim_0008,1,phase_exact,1,6468.965710581726,dense_remote,sparse_remote,,,,False,,
entanglement_assisted_all_shared,hist_gradient_boosting,raw_online,17ab2950af1e041933b2,victim_0008,1,phase_exact,2,11679.055663519011,sparse_remote,local_compute,11580.0,sparse_remote,local_compute,True,-99.05566351901143,99.05566351901143
entanglement_assisted_all_shared,hist_gradient_boosting,raw_online,17ab2950af1e041933b2,victim_0008,1,phase_exact,3,16457.887331498667,local_compute,dense_remote,,,,False,,
entanglement_assisted_all_shared,hist_gradient_boosting,raw_online,17ab2950af1e041933b2,victim_0008,1,phase_any,0,2978.015688481845,synchronization_bursty,dense_remote,2760.0,synchronization_bursty,local_compute,True,-218.0156884818448,218.0156884818448
entanglement_assisted_all_shared,hist_gradient_boosting,raw_online,17ab2950af1e041933b2,victim_0008,1,phase_any,1,6468.965710581726,dense_remote,sparse_remote,6120.0,dense_remote,local_compute,True,-348.96571058172594,348.96571058172594
entanglement_assisted_all_shared,hist_gradient_boosting,raw_online,17ab2950af1e041933b2,victim_0008,1,phase_any,2,11679.055663519011,sparse_remote,local_compute,11580.0,sparse_remote,local_compute,True,-99.05566351901143,99.05566351901143
entanglement_assisted_all_shared,hist_gradient_boosting,raw_online,17ab2950af1e041933b2,victim_0008,1,phase_any,3,16457.887331498667,local_compute,dense_remote,,,,False,,
entanglement_assisted_all_shared,hist_gradient_boosting,raw_online,17ab2950af1e041933b2,victim_0008,1,remote_on_off,2,11679.055663519011,sparse_remote,local_compute,11580.0,sparse_remote,local_compute,True,-99.05566351901143,99.05566351901143
entanglement_assisted_all_shared,hist_gradient_boosting,raw_online,17ab2950af1e041933b2,victim_0008,1,remote_on_off,3,16457.887331498667,local_compute,dense_remote,,,,False,,
entanglement_assisted_all_shared,hist_gradient_boosting,raw_online,25c407c4ed50583567ca,victim_0022,0,phase_exact,0,3282.393742262545,synchronization_bursty,sparse_remote,3600.0,synchronization_bursty,sparse_remote,True,317.60625773745505,317.60625773745505
entanglement_assisted_all_shared,hist_gradient_boosting,raw_online,25c407c4ed50583567ca,victim_0022,0,phase_exact,1,6879.426857186192,sparse_remote,dense_remote,,,,False,,
entanglement_assisted_all_shared,hist_gradient_boosting,raw_online,25c407c4ed50583567ca,victim_0022,0,phase_exact,2,9968.001637570029,dense_remote,local_compute,,,,False,,
entanglement_assisted_all_shared,hist_gradient_boosting,raw_online,25c407c4ed50583567ca,victim_0022,0,phase_exact,3,14339.419944693838,local_compute,dense_remote,,,,False,,
entanglement_assisted_all_shared,hist_gradient_boosting,raw_online,25c407c4ed50583567ca,victim_0022,0,phase_exact,4,16767.069757922298,dense_remote,synchronization_bursty,,,,False,,
entanglement_assisted_all_shared,hist_gradient_boosting,raw_online,25c407c4ed50583567ca,victim_0022,0,phase_any,0,3282.393742262545,synchronization_bursty,sparse_remote,3600.0,synchronization_bursty,sparse_remote,True,317.60625773745505,317.60625773745505
entanglement_assisted_all_shared,hist_gradient_boosting,raw_online,25c407c4ed50583567ca,victim_0022,0,phase_any,1,6879.426857186192,sparse_remote,dense_remote,6960.0,local_compute,dense_remote,True,80.57314281380786,80.57314281380786
entanglement_assisted_all_shared,hist_gradient_boosting,raw_online,25c407c4ed50583567ca,victim_0022,0,phase_any,2,9968.001637570029,dense_remote,local_compute,9480.0,sparse_remote,local_compute,True,-488.00163757002883,488.00163757002883
entanglement_assisted_all_shared,hist_gradient_boosting,raw_online,25c407c4ed50583567ca,victim_0022,0,phase_any,3,14339.419944693838,local_compute,dense_remote,,,,False,,
entanglement_assisted_all_shared,hist_gradient_boosting,raw_online,25c407c4ed50583567ca,victim_0022,0,phase_any,4,16767.069757922298,dense_remote,synchronization_bursty,16620.0,dense_remote,sparse_remote,True,-147.06975792229787,147.06975792229787
entanglement_assisted_all_shared,hist_gradient_boosting,raw_online,25c407c4ed50583567ca,victim_0022,0,remote_on_off,2,9968.001637570029,dense_remote,local_compute,9480.0,sparse_remote,local_compute,True,-488.00163757002883,488.00163757002883
entanglement_assisted_all_shared,hist_gradient_boosting,raw_online,25c407c4ed50583567ca,victim_0022,0,remote_on_off,3,14339.419944693838,local_compute,dense_remote,,,,False,,
entanglement_assisted_all_shared,hist_gradient_boosting,raw_online,3c3df35fa90238e8bfef,victim_0002,0,phase_exact,0,4128.836103055568,sparse_remote,synchronization_bursty,,,,False,,
entanglement_assisted_all_shared,hist_gradient_boosting,raw_online,3c3df35fa90238e8bfef,victim_0002,0,phase_exact,1,8090.9366784642525,synchronization_bursty,local_compute,,,,False,,
entanglement_assisted_all_shared,hist_gradient_boosting,raw_online,3c3df35fa90238e8bfef,victim_0002,0,phase_exact,2,11252.308935390323,local_compute,dense_remote,,,,False,,
entanglement_assisted_all_shared,hist_gradient_boosting,raw_online,3c3df35fa90238e8bfef,victim_0002,0,phase_exact,3,14243.601544682242,dense_remote,sparse_remote,,,,False,,
entanglement_assisted_all_shared,hist_gradient_boosting,raw_online,3c3df35fa90238e8bfef,victim_0002,0,phase_any,0,4128.836103055568,sparse_remote,synchronization_bursty,4440.0,local_compute,synchronization_bursty,True,311.16389694443205,311.16389694443205
entanglement_assisted_all_shared,hist_gradient_boosting,raw_online,3c3df35fa90238e8bfef,victim_0002,0,phase_any,1,8090.9366784642525,synchronization_bursty,local_compute,8640.0,synchronization_bursty,dense_remote,True,549.0633215357475,549.0633215357475
entanglement_assisted_all_shared,hist_gradient_boosting,raw_online,3c3df35fa90238e8bfef,victim_0002,0,phase_any,2,11252.308935390323,local_compute,dense_remote,,,,False,,
entanglement_assisted_all_shared,hist_gradient_boosting,raw_online,3c3df35fa90238e8bfef,victim_0002,0,phase_any,3,14243.601544682242,dense_remote,sparse_remote,14100.0,dense_remote,local_compute,True,-143.6015446822421,143.6015446822421
entanglement_assisted_all_shared,hist_gradient_boosting,raw_online,3c3df35fa90238e8bfef,victim_0002,0,remote_on_off,1,8090.9366784642525,synchronization_bursty,local_compute,,,,False,,
entanglement_assisted_all_shared,hist_gradient_boosting,raw_online,3c3df35fa90238e8bfef,victim_0002,0,remote_on_off,2,11252.308935390323,local_compute,dense_remote,,,,False,,
entanglement_assisted_all_shared,hist_gradient_boosting,raw_online,3edd548b0c7491d4560f,victim_0031,0,phase_exact,0,4159.949493759739,local_compute,dense_remote,,,,False,,
entanglement_assisted_all_shared,hist_gradient_boosting,raw_online,3edd548b0c7491d4560f,victim_0031,0,phase_exact,1,8524.953030037665,dense_remote,sparse_remote,,,,False,,
entanglement_assisted_all_shared,hist_gradient_boosting,raw_online,3edd548b0c7491d4560f,victim_0031,0,phase_exact,2,11172.11201804374,sparse_remote,synchronization_bursty,,,,False,,
entanglement_assisted_all_shared,hist_gradient_boosting,raw_online,3edd548b0c7491d4560f,victim_0031,0,phase_exact,3,14427.950477163511,synchronization_bursty,dense_remote,,,,False,,
entanglement_assisted_all_shared,hist_gradient_boosting,raw_online,3edd548b0c7491d4560f,victim_0031,0,phase_exact,4,17846.27700177856,dense_remote,local_compute,,,,False,,
entanglement_assisted_all_shared,hist_gradient_boosting,raw_online,3edd548b0c7491d4560f,victim_0031,0,phase_any,0,4159.949493759739,local_compute,dense_remote,,,,False,,
entanglement_assisted_all_shared,hist_gradient_boosting,raw_online,3edd548b0c7491d4560f,victim_0031,0,phase_any,1,8524.953030037665,dense_remote,sparse_remote,,,,False,,
entanglement_assisted_all_shared,hist_gradient_boosting,raw_online,3edd548b0c7491d4560f,victim_0031,0,phase_any,2,11172.11201804374,sparse_remote,synchronization_bursty,11580.0,local_compute,synchronization_bursty,True,407.8879819562608,407.8879819562608
entanglement_assisted_all_shared,hist_gradient_boosting,raw_online,3edd548b0c7491d4560f,victim_0031,0,phase_any,3,14427.950477163511,synchronization_bursty,dense_remote,14520.0,local_compute,dense_remote,True,92.0495228364889,92.0495228364889
entanglement_assisted_all_shared,hist_gradient_boosting,raw_online,3edd548b0c7491d4560f,victim_0031,0,phase_any,4,17846.27700177856,dense_remote,local_compute,17460.0,sparse_remote,local_compute,True,-386.27700177855877,386.27700177855877
entanglement_assisted_all_shared,hist_gradient_boosting,raw_online,3edd548b0c7491d4560f,victim_0031,0,remote_on_off,0,4159.949493759739,local_compute,dense_remote,,,,False,,
entanglement_assisted_all_shared,hist_gradient_boosting,raw_online,3edd548b0c7491d4560f,victim_0031,0,remote_on_off,4,17846.27700177856,dense_remote,local_compute,17460.0,sparse_remote,local_compute,True,-386.27700177855877,386.27700177855877
entanglement_assisted_all_shared,hist_gradient_boosting,raw_online,420d7035a33dcffe3e64,victim_0035,1,phase_exact,0,5666.796589479767,sparse_remote,synchronization_bursty,,,,False,,
entanglement_assisted_all_shared,hist_gradient_boosting,raw_online,420d7035a33dcffe3e64,victim_0035,1,phase_exact,1,11193.313605806132,synchronization_bursty,dense_remote,,,,False,,
entanglement_assisted_all_shared,hist_gradient_boosting,raw_online,420d7035a33dcffe3e64,victim_0035,1,phase_exact,2,13748.01001582324,dense_remote,sparse_remote,,,,False,,
entanglement_assisted_all_shared,hist_gradient_boosting,raw_online,420d7035a33dcffe3e64,victim_0035,1,phase_exact,3,16408.670686815945,sparse_remote,local_compute,,,,False,,
entanglement_assisted_all_shared,hist_gradient_boosting,raw_online,420d7035a33dcffe3e64,victim_0035,1,phase_any,0,5666.796589479767,sparse_remote,synchronization_bursty,6120.0,dense_remote,synchronization_bursty,True,453.20341052023286,453.20341052023286
entanglement_assisted_all_shared,hist_gradient_boosting,raw_online,420d7035a33dcffe3e64,victim_0035,1,phase_any,1,11193.313605806132,synchronization_bursty,dense_remote,11160.0,synchronization_bursty,local_compute,True,-33.31360580613182,33.31360580613182
entanglement_assisted_all_shared,hist_gradient_boosting,raw_online,420d7035a33dcffe3e64,victim_0035,1,phase_any,2,13748.01001582324,dense_remote,sparse_remote,,,,False,,
entanglement_assisted_all_shared,hist_gradient_boosting,raw_online,420d7035a33dcffe3e64,victim_0035,1,phase_any,3,16408.670686815945,sparse_remote,local_compute,16200.0,local_compute,synchronization_bursty,True,-208.67068681594537,208.67068681594537
entanglement_assisted_all_shared,hist_gradient_boosting,raw_online,420d7035a33dcffe3e64,victim_0035,1,remote_on_off,3,16408.670686815945,sparse_remote,local_compute,,,,False,,
entanglement_assisted_all_shared,hist_gradient_boosting,raw_online,4398cbaf9e5947263a10,victim_0031,1,phase_exact,0,4159.949493759739,local_compute,dense_remote,,,,False,,
entanglement_assisted_all_shared,hist_gradient_boosting,raw_online,4398cbaf9e5947263a10,victim_0031,1,phase_exact,1,8524.953030037665,dense_remote,sparse_remote,9060.0,dense_remote,sparse_remote,True,535.0469699623354,535.0469699623354
entanglement_assisted_all_shared,hist_gradient_boosting,raw_online,4398cbaf9e5947263a10,victim_0031,1,phase_exact,2,11172.11201804374,sparse_remote,synchronization_bursty,11580.0,sparse_remote,synchronization_bursty,True,407.8879819562608,407.8879819562608
entanglement_assisted_all_shared,hist_gradient_boosting,raw_online,4398cbaf9e5947263a10,victim_0031,1,phase_exact,3,14427.950477163511,synchronization_bursty,dense_remote,14520.0,synchronization_bursty,dense_remote,True,92.0495228364889,92.0495228364889
entanglement_assisted_all_shared,hist_gradient_boosting,raw_online,4398cbaf9e5947263a10,victim_0031,1,phase_exact,4,17846.27700177856,dense_remote,local_compute,,,,False,,
entanglement_assisted_all_shared,hist_gradient_boosting,raw_online,4398cbaf9e5947263a10,victim_0031,1,phase_any,0,4159.949493759739,local_compute,dense_remote,,,,False,,
entanglement_assisted_all_shared,hist_gradient_boosting,raw_online,4398cbaf9e5947263a10,victim_0031,1,phase_any,1,8524.953030037665,dense_remote,sparse_remote,8640.0,local_compute,dense_remote,True,115.04696996233542,115.04696996233542
entanglement_assisted_all_shared,hist_gradient_boosting,raw_online,4398cbaf9e5947263a10,victim_0031,1,phase_any,2,11172.11201804374,sparse_remote,synchronization_bursty,11160.0,local_compute,sparse_remote,True,-12.112018043739226,12.112018043739226
entanglement_assisted_all_shared,hist_gradient_boosting,raw_online,4398cbaf9e5947263a10,victim_0031,1,phase_any,3,14427.950477163511,synchronization_bursty,dense_remote,14520.0,synchronization_bursty,dense_remote,True,92.0495228364889,92.0495228364889
entanglement_assisted_all_shared,hist_gradient_boosting,raw_online,4398cbaf9e5947263a10,victim_0031,1,phase_any,4,17846.27700177856,dense_remote,local_compute,18300.0,dense_remote,sparse_remote,True,453.72299822144123,453.72299822144123
entanglement_assisted_all_shared,hist_gradient_boosting,raw_online,4398cbaf9e5947263a10,victim_0031,1,remote_on_off,0,4159.949493759739,local_compute,dense_remote,,,,False,,
entanglement_assisted_all_shared,hist_gradient_boosting,raw_online,4398cbaf9e5947263a10,victim_0031,1,remote_on_off,4,17846.27700177856,dense_remote,local_compute,,,,False,,
entanglement_assisted_all_shared,hist_gradient_boosting,raw_online,46bebc294309e0cb8b97,victim_0006,1,phase_exact,0,3868.292651126604,sparse_remote,local_compute,,,,False,,
entanglement_assisted_all_shared,hist_gradient_boosting,raw_online,46bebc294309e0cb8b97,victim_0006,1,phase_exact,1,8142.9548099510275,local_compute,sparse_remote,7380.0,local_compute,sparse_remote,True,-762.9548099510275,762.9548099510275
entanglement_assisted_all_shared,hist_gradient_boosting,raw_online,46bebc294309e0cb8b97,victim_0006,1,phase_exact,2,10850.749623475784,sparse_remote,synchronization_bursty,,,,False,,
entanglement_assisted_all_shared,hist_gradient_boosting,raw_online,46bebc294309e0cb8b97,victim_0006,1,phase_exact,3,13905.834588475289,synchronization_bursty,dense_remote,14100.0,synchronization_bursty,dense_remote,True,194.1654115247111,194.1654115247111
entanglement_assisted_all_shared,hist_gradient_boosting,raw_online,46bebc294309e0cb8b97,victim_0006,1,phase_any,0,3868.292651126604,sparse_remote,local_compute,4440.0,dense_remote,local_compute,True,571.7073488733959,571.7073488733959
entanglement_assisted_all_shared,hist_gradient_boosting,raw_online,46bebc294309e0cb8b97,victim_0006,1,phase_any,1,8142.9548099510275,local_compute,sparse_remote,8220.0,sparse_remote,dense_remote,True,77.04519004897247,77.04519004897247
entanglement_assisted_all_shared,hist_gradient_boosting,raw_online,46bebc294309e0cb8b97,victim_0006,1,phase_any,2,10850.749623475784,sparse_remote,synchronization_bursty,11160.0,local_compute,synchronization_bursty,True,309.25037652421634,309.25037652421634
entanglement_assisted_all_shared,hist_gradient_boosting,raw_online,46bebc294309e0cb8b97,victim_0006,1,phase_any,3,13905.834588475289,synchronization_bursty,dense_remote,14100.0,synchronization_bursty,dense_remote,True,194.1654115247111,194.1654115247111
entanglement_assisted_all_shared,hist_gradient_boosting,raw_online,46bebc294309e0cb8b97,victim_0006,1,remote_on_off,0,3868.292651126604,sparse_remote,local_compute,4440.0,dense_remote,local_compute,True,571.7073488733959,571.7073488733959
entanglement_assisted_all_shared,hist_gradient_boosting,raw_online,46bebc294309e0cb8b97,victim_0006,1,remote_on_off,1,8142.9548099510275,local_compute,sparse_remote,7380.0,local_compute,sparse_remote,True,-762.9548099510275,762.9548099510275
entanglement_assisted_all_shared,hist_gradient_boosting,raw_online,5b4123f6cec289ca979c,victim_0020,0,phase_exact,0,3945.197190413731,dense_remote,local_compute,3600.0,dense_remote,local_compute,True,-345.1971904137308,345.1971904137308
entanglement_assisted_all_shared,hist_gradient_boosting,raw_online,5b4123f6cec289ca979c,victim_0020,0,phase_exact,1,8519.38861505275,local_compute,synchronization_bursty,,,,False,,
entanglement_assisted_all_shared,hist_gradient_boosting,raw_online,5b4123f6cec289ca979c,victim_0020,0,phase_exact,2,13972.618573212338,synchronization_bursty,local_compute,,,,False,,
entanglement_assisted_all_shared,hist_gradient_boosting,raw_online,5b4123f6cec289ca979c,victim_0020,0,phase_exact,3,17384.940617006945,local_compute,sparse_remote,,,,False,,
entanglement_assisted_all_shared,hist_gradient_boosting,raw_online,5b4123f6cec289ca979c,victim_0020,0,phase_any,0,3945.197190413731,dense_remote,local_compute,3600.0,dense_remote,local_compute,True,-345.1971904137308,345.1971904137308
entanglement_assisted_all_shared,hist_gradient_boosting,raw_online,5b4123f6cec289ca979c,victim_0020,0,phase_any,1,8519.38861505275,local_compute,synchronization_bursty,8640.0,sparse_remote,synchronization_bursty,True,120.61138494724946,120.61138494724946
entanglement_assisted_all_shared,hist_gradient_boosting,raw_online,5b4123f6cec289ca979c,victim_0020,0,phase_any,2,13972.618573212338,synchronization_bursty,local_compute,,,,False,,
entanglement_assisted_all_shared,hist_gradient_boosting,raw_online,5b4123f6cec289ca979c,victim_0020,0,phase_any,3,17384.940617006945,local_compute,sparse_remote,,,,False,,
entanglement_assisted_all_shared,hist_gradient_boosting,raw_online,5b4123f6cec289ca979c,victim_0020,0,remote_on_off,0,3945.197190413731,dense_remote,local_compute,3600.0,dense_remote,local_compute,True,-345.1971904137308,345.1971904137308
entanglement_assisted_all_shared,hist_gradient_boosting,raw_online,5b4123f6cec289ca979c,victim_0020,0,remote_on_off,1,8519.38861505275,local_compute,synchronization_bursty,,,,False,,
entanglement_assisted_all_shared,hist_gradient_boosting,raw_online,5b4123f6cec289ca979c,victim_0020,0,remote_on_off,2,13972.618573212338,synchronization_bursty,local_compute,,,,False,,
entanglement_assisted_all_shared,hist_gradient_boosting,raw_online,5b4123f6cec289ca979c,victim_0020,0,remote_on_off,3,17384.940617006945,local_compute,sparse_remote,,,,False,,
entanglement_assisted_all_shared,hist_gradient_boosting,raw_online,6cebdb4384d627360615,victim_0003,0,phase_exact,0,3184.1511702802213,local_compute,sparse_remote,,,,False,,
entanglement_assisted_all_shared,hist_gradient_boosting,raw_online,6cebdb4384d627360615,victim_0003,0,phase_exact,1,8137.308551850549,sparse_remote,dense_remote,,,,False,,
entanglement_assisted_all_shared,hist_gradient_boosting,raw_online,6cebdb4384d627360615,victim_0003,0,phase_exact,2,11766.900719130488,dense_remote,sparse_remote,,,,False,,
entanglement_assisted_all_shared,hist_gradient_boosting,raw_online,6cebdb4384d627360615,victim_0003,0,phase_exact,3,16533.76894948869,sparse_remote,synchronization_bursty,,,,False,,
entanglement_assisted_all_shared,hist_gradient_boosting,raw_online,6cebdb4384d627360615,victim_0003,0,phase_any,0,3184.1511702802213,local_compute,sparse_remote,,,,False,,
entanglement_assisted_all_shared,hist_gradient_boosting,raw_online,6cebdb4384d627360615,victim_0003,0,phase_any,1,8137.308551850549,sparse_remote,dense_remote,,,,False,,
entanglement_assisted_all_shared,hist_gradient_boosting,raw_online,6cebdb4384d627360615,victim_0003,0,phase_any,2,11766.900719130488,dense_remote,sparse_remote,11160.0,sparse_remote,local_compute,True,-606.9007191304881,606.9007191304881
entanglement_assisted_all_shared,hist_gradient_boosting,raw_online,6cebdb4384d627360615,victim_0003,0,phase_any,3,16533.76894948869,sparse_remote,synchronization_bursty,16620.0,sparse_remote,dense_remote,True,86.23105051130915,86.23105051130915
entanglement_assisted_all_shared,hist_gradient_boosting,raw_online,6cebdb4384d627360615,victim_0003,0,remote_on_off,0,3184.1511702802213,local_compute,sparse_remote,,,,False,,
entanglement_assisted_all_shared,hist_gradient_boosting,raw_online,7423f67511e48a81d130,victim_0020,1,phase_exact,0,3945.197190413731,dense_remote,local_compute,,,,False,,
entanglement_assisted_all_shared,hist_gradient_boosting,raw_online,7423f67511e48a81d130,victim_0020,1,phase_exact,1,8519.38861505275,local_compute,synchronization_bursty,8640.0,local_compute,synchronization_bursty,True,120.61138494724946,120.61138494724946
entanglement_assisted_all_shared,hist_gradient_boosting,raw_online,7423f67511e48a81d130,victim_0020,1,phase_exact,2,13972.618573212338,synchronization_bursty,local_compute,,,,False,,
entanglement_assisted_all_shared,hist_gradient_boosting,raw_online,7423f67511e48a81d130,victim_0020,1,phase_exact,3,17384.940617006945,local_compute,sparse_remote,,,,False,,
entanglement_assisted_all_shared,hist_gradient_boosting,raw_online,7423f67511e48a81d130,victim_0020,1,phase_any,0,3945.197190413731,dense_remote,local_compute,,,,False,,
entanglement_assisted_all_shared,hist_gradient_boosting,raw_online,7423f67511e48a81d130,victim_0020,1,phase_any,1,8519.38861505275,local_compute,synchronization_bursty,8640.0,local_compute,synchronization_bursty,True,120.61138494724946,120.61138494724946
entanglement_assisted_all_shared,hist_gradient_boosting,raw_online,7423f67511e48a81d130,victim_0020,1,phase_any,2,13972.618573212338,synchronization_bursty,local_compute,13260.0,local_compute,synchronization_bursty,True,-712.6185732123377,712.6185732123377
entanglement_assisted_all_shared,hist_gradient_boosting,raw_online,7423f67511e48a81d130,victim_0020,1,phase_any,3,17384.940617006945,local_compute,sparse_remote,16620.0,dense_remote,local_compute,True,-764.9406170069451,764.9406170069451
entanglement_assisted_all_shared,hist_gradient_boosting,raw_online,7423f67511e48a81d130,victim_0020,1,remote_on_off,0,3945.197190413731,dense_remote,local_compute,,,,False,,
entanglement_assisted_all_shared,hist_gradient_boosting,raw_online,7423f67511e48a81d130,victim_0020,1,remote_on_off,1,8519.38861505275,local_compute,synchronization_bursty,8640.0,local_compute,synchronization_bursty,True,120.61138494724946,120.61138494724946
entanglement_assisted_all_shared,hist_gradient_boosting,raw_online,7423f67511e48a81d130,victim_0020,1,remote_on_off,2,13972.618573212338,synchronization_bursty,local_compute,,,,False,,
entanglement_assisted_all_shared,hist_gradient_boosting,raw_online,7423f67511e48a81d130,victim_0020,1,remote_on_off,3,17384.940617006945,local_compute,sparse_remote,,,,False,,
entanglement_assisted_all_shared,hist_gradient_boosting,raw_online,8135629aaff586891586,victim_0018,0,phase_exact,0,4823.51995045369,dense_remote,sparse_remote,,,,False,,
entanglement_assisted_all_shared,hist_gradient_boosting,raw_online,8135629aaff586891586,victim_0018,0,phase_exact,1,9594.047520701628,sparse_remote,synchronization_bursty,,,,False,,
entanglement_assisted_all_shared,hist_gradient_boosting,raw_online,8135629aaff586891586,victim_0018,0,phase_exact,2,12361.950228432477,synchronization_bursty,dense_remote,,,,False,,
entanglement_assisted_all_shared,hist_gradient_boosting,raw_online,8135629aaff586891586,victim_0018,0,phase_exact,3,16100.566304239506,dense_remote,local_compute,,,,False,,
entanglement_assisted_all_shared,hist_gradient_boosting,raw_online,8135629aaff586891586,victim_0018,0,phase_any,0,4823.51995045369,dense_remote,sparse_remote,4860.0,local_compute,sparse_remote,True,36.4800495463096,36.4800495463096
entanglement_assisted_all_shared,hist_gradient_boosting,raw_online,8135629aaff586891586,victim_0018,0,phase_any,1,9594.047520701628,sparse_remote,synchronization_bursty,9900.0,dense_remote,synchronization_bursty,True,305.95247929837205,305.95247929837205
entanglement_assisted_all_shared,hist_gradient_boosting,raw_online,8135629aaff586891586,victim_0018,0,phase_any,2,12361.950228432477,synchronization_bursty,dense_remote,12840.0,synchronization_bursty,local_compute,True,478.04977156752284,478.04977156752284
entanglement_assisted_all_shared,hist_gradient_boosting,raw_online,8135629aaff586891586,victim_0018,0,phase_any,3,16100.566304239506,dense_remote,local_compute,16200.0,dense_remote,synchronization_bursty,True,99.43369576049372,99.43369576049372
entanglement_assisted_all_shared,hist_gradient_boosting,raw_online,8135629aaff586891586,victim_0018,0,remote_on_off,3,16100.566304239506,dense_remote,local_compute,,,,False,,
entanglement_assisted_all_shared,hist_gradient_boosting,raw_online,93588e5287f9b3f5c738,victim_0034,1,phase_exact,0,2584.983901882975,dense_remote,local_compute,,,,False,,
entanglement_assisted_all_shared,hist_gradient_boosting,raw_online,93588e5287f9b3f5c738,victim_0034,1,phase_exact,1,5207.092213312335,local_compute,sparse_remote,,,,False,,
entanglement_assisted_all_shared,hist_gradient_boosting,raw_online,93588e5287f9b3f5c738,victim_0034,1,phase_exact,2,8644.94250269917,sparse_remote,synchronization_bursty,,,,False,,
entanglement_assisted_all_shared,hist_gradient_boosting,raw_online,93588e5287f9b3f5c738,victim_0034,1,phase_exact,3,11529.039859917659,synchronization_bursty,local_compute,12000.0,synchronization_bursty,local_compute,True,470.96014008234124,470.96014008234124
entanglement_assisted_all_shared,hist_gradient_boosting,raw_online,93588e5287f9b3f5c738,victim_0034,1,phase_exact,4,16958.909792595652,local_compute,dense_remote,,,,False,,
entanglement_assisted_all_shared,hist_gradient_boosting,raw_online,93588e5287f9b3f5c738,victim_0034,1,phase_any,0,2584.983901882975,dense_remote,local_compute,,,,False,,
entanglement_assisted_all_shared,hist_gradient_boosting,raw_online,93588e5287f9b3f5c738,victim_0034,1,phase_any,1,5207.092213312335,local_compute,sparse_remote,,,,False,,
entanglement_assisted_all_shared,hist_gradient_boosting,raw_online,93588e5287f9b3f5c738,victim_0034,1,phase_any,2,8644.94250269917,sparse_remote,synchronization_bursty,9060.0,dense_remote,synchronization_bursty,True,415.0574973008297,415.0574973008297
entanglement_assisted_all_shared,hist_gradient_boosting,raw_online,93588e5287f9b3f5c738,victim_0034,1,phase_any,3,11529.039859917659,synchronization_bursty,local_compute,12000.0,synchronization_bursty,local_compute,True,470.96014008234124,470.96014008234124
entanglement_assisted_all_shared,hist_gradient_boosting,raw_online,93588e5287f9b3f5c738,victim_0034,1,phase_any,4,16958.909792595652,local_compute,dense_remote,,,,False,,
entanglement_assisted_all_shared,hist_gradient_boosting,raw_online,93588e5287f9b3f5c738,victim_0034,1,remote_on_off,0,2584.983901882975,dense_remote,local_compute,,,,False,,
entanglement_assisted_all_shared,hist_gradient_boosting,raw_online,93588e5287f9b3f5c738,victim_0034,1,remote_on_off,1,5207.092213312335,local_compute,sparse_remote,,,,False,,
entanglement_assisted_all_shared,hist_gradient_boosting,raw_online,93588e5287f9b3f5c738,victim_0034,1,remote_on_off,3,11529.039859917659,synchronization_bursty,local_compute,12000.0,synchronization_bursty,local_compute,True,470.96014008234124,470.96014008234124
entanglement_assisted_all_shared,hist_gradient_boosting,raw_online,93588e5287f9b3f5c738,victim_0034,1,remote_on_off,4,16958.909792595652,local_compute,dense_remote,,,,False,,
entanglement_assisted_all_shared,hist_gradient_boosting,raw_online,974616a9a6e332063551,victim_0010,0,phase_exact,0,3799.0914558502673,local_compute,dense_remote,,,,False,,
entanglement_assisted_all_shared,hist_gradient_boosting,raw_online,974616a9a6e332063551,victim_0010,0,phase_exact,1,7177.584870190105,dense_remote,sparse_remote,,,,False,,
entanglement_assisted_all_shared,hist_gradient_boosting,raw_online,974616a9a6e332063551,victim_0010,0,phase_exact,2,9864.380078273627,sparse_remote,synchronization_bursty,9900.0,sparse_remote,synchronization_bursty,True,35.61992172637292,35.61992172637292
entanglement_assisted_all_shared,hist_gradient_boosting,raw_online,974616a9a6e332063551,victim_0010,0,phase_exact,3,12803.703036780968,synchronization_bursty,dense_remote,,,,False,,
entanglement_assisted_all_shared,hist_gradient_boosting,raw_online,974616a9a6e332063551,victim_0010,0,phase_exact,4,15204.780045932635,dense_remote,synchronization_bursty,15360.0,dense_remote,synchronization_bursty,True,155.2199540673646,155.2199540673646
entanglement_assisted_all_shared,hist_gradient_boosting,raw_online,974616a9a6e332063551,victim_0010,0,phase_any,0,3799.0914558502673,local_compute,dense_remote,,,,False,,
entanglement_assisted_all_shared,hist_gradient_boosting,raw_online,974616a9a6e332063551,victim_0010,0,phase_any,1,7177.584870190105,dense_remote,sparse_remote,7800.0,dense_remote,local_compute,True,622.415129809895,622.415129809895
entanglement_assisted_all_shared,hist_gradient_boosting,raw_online,974616a9a6e332063551,victim_0010,0,phase_any,2,9864.380078273627,sparse_remote,synchronization_bursty,9900.0,sparse_remote,synchronization_bursty,True,35.61992172637292,35.61992172637292
entanglement_assisted_all_shared,hist_gradient_boosting,raw_online,974616a9a6e332063551,victim_0010,0,phase_any,3,12803.703036780968,synchronization_bursty,dense_remote,12000.0,dense_remote,synchronization_bursty,True,-803.7030367809675,803.7030367809675
entanglement_assisted_all_shared,hist_gradient_boosting,raw_online,974616a9a6e332063551,victim_0010,0,phase_any,4,15204.780045932635,dense_remote,synchronization_bursty,15360.0,dense_remote,synchronization_bursty,True,155.2199540673646,155.2199540673646
entanglement_assisted_all_shared,hist_gradient_boosting,raw_online,974616a9a6e332063551,victim_0010,0,remote_on_off,0,3799.0914558502673,local_compute,dense_remote,,,,False,,
entanglement_assisted_all_shared,hist_gradient_boosting,raw_online,9c8215c31c929d03a222,victim_0010,1,phase_exact,0,3799.0914558502673,local_compute,dense_remote,,,,False,,
entanglement_assisted_all_shared,hist_gradient_boosting,raw_online,9c8215c31c929d03a222,victim_0010,1,phase_exact,1,7177.584870190105,dense_remote,sparse_remote,,,,False,,
entanglement_assisted_all_shared,hist_gradient_boosting,raw_online,9c8215c31c929d03a222,victim_0010,1,phase_exact,2,9864.380078273627,sparse_remote,synchronization_bursty,,,,False,,
entanglement_assisted_all_shared,hist_gradient_boosting,raw_online,9c8215c31c929d03a222,victim_0010,1,phase_exact,3,12803.703036780968,synchronization_bursty,dense_remote,,,,False,,
entanglement_assisted_all_shared,hist_gradient_boosting,raw_online,9c8215c31c929d03a222,victim_0010,1,phase_exact,4,15204.780045932635,dense_remote,synchronization_bursty,,,,False,,
entanglement_assisted_all_shared,hist_gradient_boosting,raw_online,9c8215c31c929d03a222,victim_0010,1,phase_any,0,3799.0914558502673,local_compute,dense_remote,,,,False,,
entanglement_assisted_all_shared,hist_gradient_boosting,raw_online,9c8215c31c929d03a222,victim_0010,1,phase_any,1,7177.584870190105,dense_remote,sparse_remote,,,,False,,
entanglement_assisted_all_shared,hist_gradient_boosting,raw_online,9c8215c31c929d03a222,victim_0010,1,phase_any,2,9864.380078273627,sparse_remote,synchronization_bursty,9900.0,local_compute,synchronization_bursty,True,35.61992172637292,35.61992172637292
entanglement_assisted_all_shared,hist_gradient_boosting,raw_online,9c8215c31c929d03a222,victim_0010,1,phase_any,3,12803.703036780968,synchronization_bursty,dense_remote,12840.0,synchronization_bursty,local_compute,True,36.29696321903248,36.29696321903248
entanglement_assisted_all_shared,hist_gradient_boosting,raw_online,9c8215c31c929d03a222,victim_0010,1,phase_any,4,15204.780045932635,dense_remote,synchronization_bursty,15360.0,local_compute,synchronization_bursty,True,155.2199540673646,155.2199540673646
entanglement_assisted_all_shared,hist_gradient_boosting,raw_online,9c8215c31c929d03a222,victim_0010,1,remote_on_off,0,3799.0914558502673,local_compute,dense_remote,,,,False,,
entanglement_assisted_all_shared,hist_gradient_boosting,raw_online,a16e4cfb01482c42b2c7,victim_0018,1,phase_exact,0,4823.51995045369,dense_remote,sparse_remote,,,,False,,
entanglement_assisted_all_shared,hist_gradient_boosting,raw_online,a16e4cfb01482c42b2c7,victim_0018,1,phase_exact,1,9594.047520701628,sparse_remote,synchronization_bursty,9900.0,sparse_remote,synchronization_bursty,True,305.95247929837205,305.95247929837205
entanglement_assisted_all_shared,hist_gradient_boosting,raw_online,a16e4cfb01482c42b2c7,victim_0018,1,phase_exact,2,12361.950228432477,synchronization_bursty,dense_remote,12000.0,synchronization_bursty,dense_remote,True,-361.95022843247716,361.95022843247716
entanglement_assisted_all_shared,hist_gradient_boosting,raw_online,a16e4cfb01482c42b2c7,victim_0018,1,phase_exact,3,16100.566304239506,dense_remote,local_compute,,,,False,,
entanglement_assisted_all_shared,hist_gradient_boosting,raw_online,a16e4cfb01482c42b2c7,victim_0018,1,phase_any,0,4823.51995045369,dense_remote,sparse_remote,,,,False,,
entanglement_assisted_all_shared,hist_gradient_boosting,raw_online,a16e4cfb01482c42b2c7,victim_0018,1,phase_any,1,9594.047520701628,sparse_remote,synchronization_bursty,9900.0,sparse_remote,synchronization_bursty,True,305.95247929837205,305.95247929837205
entanglement_assisted_all_shared,hist_gradient_boosting,raw_online,a16e4cfb01482c42b2c7,victim_0018,1,phase_any,2,12361.950228432477,synchronization_bursty,dense_remote,12420.0,dense_remote,synchronization_bursty,True,58.04977156752284,58.04977156752284
entanglement_assisted_all_shared,hist_gradient_boosting,raw_online,a16e4cfb01482c42b2c7,victim_0018,1,phase_any,3,16100.566304239506,dense_remote,local_compute,15360.0,synchronization_bursty,dense_remote,True,-740.5663042395063,740.5663042395063
entanglement_assisted_all_shared,hist_gradient_boosting,raw_online,a16e4cfb01482c42b2c7,victim_0018,1,remote_on_off,3,16100.566304239506,dense_remote,local_compute,,,,False,,
entanglement_assisted_all_shared,hist_gradient_boosting,raw_online,a232cf96e89803b66d84,victim_0008,0,phase_exact,0,2978.015688481845,synchronization_bursty,dense_remote,,,,False,,
entanglement_assisted_all_shared,hist_gradient_boosting,raw_online,a232cf96e89803b66d84,victim_0008,0,phase_exact,1,6468.965710581726,dense_remote,sparse_remote,,,,False,,
entanglement_assisted_all_shared,hist_gradient_boosting,raw_online,a232cf96e89803b66d84,victim_0008,0,phase_exact,2,11679.055663519011,sparse_remote,local_compute,,,,False,,
entanglement_assisted_all_shared,hist_gradient_boosting,raw_online,a232cf96e89803b66d84,victim_0008,0,phase_exact,3,16457.887331498667,local_compute,dense_remote,,,,False,,
entanglement_assisted_all_shared,hist_gradient_boosting,raw_online,a232cf96e89803b66d84,victim_0008,0,phase_any,0,2978.015688481845,synchronization_bursty,dense_remote,,,,False,,
entanglement_assisted_all_shared,hist_gradient_boosting,raw_online,a232cf96e89803b66d84,victim_0008,0,phase_any,1,6468.965710581726,dense_remote,sparse_remote,6960.0,dense_remote,local_compute,True,491.03428941827406,491.03428941827406
entanglement_assisted_all_shared,hist_gradient_boosting,raw_online,a232cf96e89803b66d84,victim_0008,0,phase_any,2,11679.055663519011,sparse_remote,local_compute,12420.0,dense_remote,local_compute,True,740.9443364809886,740.9443364809886
entanglement_assisted_all_shared,hist_gradient_boosting,raw_online,a232cf96e89803b66d84,victim_0008,0,phase_any,3,16457.887331498667,local_compute,dense_remote,,,,False,,
entanglement_assisted_all_shared,hist_gradient_boosting,raw_online,a232cf96e89803b66d84,victim_0008,0,remote_on_off,2,11679.055663519011,sparse_remote,local_compute,12420.0,dense_remote,local_compute,True,740.9443364809886,740.9443364809886
entanglement_assisted_all_shared,hist_gradient_boosting,raw_online,a232cf96e89803b66d84,victim_0008,0,remote_on_off,3,16457.887331498667,local_compute,dense_remote,,,,False,,
entanglement_assisted_all_shared,hist_gradient_boosting,raw_online,a559bec72a7f705e59d6,victim_0006,0,phase_exact,0,3868.292651126604,sparse_remote,local_compute,,,,False,,
entanglement_assisted_all_shared,hist_gradient_boosting,raw_online,a559bec72a7f705e59d6,victim_0006,0,phase_exact,1,8142.9548099510275,local_compute,sparse_remote,8220.0,local_compute,sparse_remote,True,77.04519004897247,77.04519004897247
entanglement_assisted_all_shared,hist_gradient_boosting,raw_online,a559bec72a7f705e59d6,victim_0006,0,phase_exact,2,10850.749623475784,sparse_remote,synchronization_bursty,11160.0,sparse_remote,synchronization_bursty,True,309.25037652421634,309.25037652421634
entanglement_assisted_all_shared,hist_gradient_boosting,raw_online,a559bec72a7f705e59d6,victim_0006,0,phase_exact,3,13905.834588475289,synchronization_bursty,dense_remote,14100.0,synchronization_bursty,dense_remote,True,194.1654115247111,194.1654115247111
entanglement_assisted_all_shared,hist_gradient_boosting,raw_online,a559bec72a7f705e59d6,victim_0006,0,phase_any,0,3868.292651126604,sparse_remote,local_compute,3600.0,dense_remote,sparse_remote,True,-268.29265112660414,268.29265112660414
entanglement_assisted_all_shared,hist_gradient_boosting,raw_online,a559bec72a7f705e59d6,victim_0006,0,phase_any,1,8142.9548099510275,local_compute,sparse_remote,8220.0,local_compute,sparse_remote,True,77.04519004897247,77.04519004897247
entanglement_assisted_all_shared,hist_gradient_boosting,raw_online,a559bec72a7f705e59d6,victim_0006,0,phase_any,2,10850.749623475784,sparse_remote,synchronization_bursty,11160.0,sparse_remote,synchronization_bursty,True,309.25037652421634,309.25037652421634
entanglement_assisted_all_shared,hist_gradient_boosting,raw_online,a559bec72a7f705e59d6,victim_0006,0,phase_any,3,13905.834588475289,synchronization_bursty,dense_remote,14100.0,synchronization_bursty,dense_remote,True,194.1654115247111,194.1654115247111
entanglement_assisted_all_shared,hist_gradient_boosting,raw_online,a559bec72a7f705e59d6,victim_0006,0,remote_on_off,0,3868.292651126604,sparse_remote,local_compute,,,,False,,
entanglement_assisted_all_shared,hist_gradient_boosting,raw_online,a559bec72a7f705e59d6,victim_0006,0,remote_on_off,1,8142.9548099510275,local_compute,sparse_remote,8220.0,local_compute,sparse_remote,True,77.04519004897247,77.04519004897247
entanglement_assisted_all_shared,hist_gradient_boosting,raw_online,ab20f4b8efd1767e1f54,victim_0002,1,phase_exact,0,4128.836103055568,sparse_remote,synchronization_bursty,,,,False,,
entanglement_assisted_all_shared,hist_gradient_boosting,raw_online,ab20f4b8efd1767e1f54,victim_0002,1,phase_exact,1,8090.9366784642525,synchronization_bursty,local_compute,8220.0,synchronization_bursty,local_compute,True,129.0633215357475,129.0633215357475
entanglement_assisted_all_shared,hist_gradient_boosting,raw_online,ab20f4b8efd1767e1f54,victim_0002,1,phase_exact,2,11252.308935390323,local_compute,dense_remote,,,,False,,
entanglement_assisted_all_shared,hist_gradient_boosting,raw_online,ab20f4b8efd1767e1f54,victim_0002,1,phase_exact,3,14243.601544682242,dense_remote,sparse_remote,,,,False,,
entanglement_assisted_all_shared,hist_gradient_boosting,raw_online,ab20f4b8efd1767e1f54,victim_0002,1,phase_any,0,4128.836103055568,sparse_remote,synchronization_bursty,4440.0,local_compute,synchronization_bursty,True,311.16389694443205,311.16389694443205
entanglement_assisted_all_shared,hist_gradient_boosting,raw_online,ab20f4b8efd1767e1f54,victim_0002,1,phase_any,1,8090.9366784642525,synchronization_bursty,local_compute,8220.0,synchronization_bursty,local_compute,True,129.0633215357475,129.0633215357475
entanglement_assisted_all_shared,hist_gradient_boosting,raw_online,ab20f4b8efd1767e1f54,victim_0002,1,phase_any,2,11252.308935390323,local_compute,dense_remote,,,,False,,
entanglement_assisted_all_shared,hist_gradient_boosting,raw_online,ab20f4b8efd1767e1f54,victim_0002,1,phase_any,3,14243.601544682242,dense_remote,sparse_remote,,,,False,,
entanglement_assisted_all_shared,hist_gradient_boosting,raw_online,ab20f4b8efd1767e1f54,victim_0002,1,remote_on_off,1,8090.9366784642525,synchronization_bursty,local_compute,8220.0,synchronization_bursty,local_compute,True,129.0633215357475,129.0633215357475
entanglement_assisted_all_shared,hist_gradient_boosting,raw_online,ab20f4b8efd1767e1f54,victim_0002,1,remote_on_off,2,11252.308935390323,local_compute,dense_remote,,,,False,,
entanglement_assisted_all_shared,hist_gradient_boosting,raw_online,cc7233a6ded14cc06325,victim_0003,1,phase_exact,0,3184.1511702802213,local_compute,sparse_remote,,,,False,,
entanglement_assisted_all_shared,hist_gradient_boosting,raw_online,cc7233a6ded14cc06325,victim_0003,1,phase_exact,1,8137.308551850549,sparse_remote,dense_remote,,,,False,,
entanglement_assisted_all_shared,hist_gradient_boosting,raw_online,cc7233a6ded14cc06325,victim_0003,1,phase_exact,2,11766.900719130488,dense_remote,sparse_remote,,,,False,,
entanglement_assisted_all_shared,hist_gradient_boosting,raw_online,cc7233a6ded14cc06325,victim_0003,1,phase_exact,3,16533.76894948869,sparse_remote,synchronization_bursty,,,,False,,
entanglement_assisted_all_shared,hist_gradient_boosting,raw_online,cc7233a6ded14cc06325,victim_0003,1,phase_any,0,3184.1511702802213,local_compute,sparse_remote,3180.0,local_compute,dense_remote,True,-4.151170280221322,4.151170280221322
entanglement_assisted_all_shared,hist_gradient_boosting,raw_online,cc7233a6ded14cc06325,victim_0003,1,phase_any,1,8137.308551850549,sparse_remote,dense_remote,8220.0,local_compute,sparse_remote,True,82.69144814945139,82.69144814945139
entanglement_assisted_all_shared,hist_gradient_boosting,raw_online,cc7233a6ded14cc06325,victim_0003,1,phase_any,2,11766.900719130488,dense_remote,sparse_remote,,,,False,,
entanglement_assisted_all_shared,hist_gradient_boosting,raw_online,cc7233a6ded14cc06325,victim_0003,1,phase_any,3,16533.76894948869,sparse_remote,synchronization_bursty,16620.0,local_compute,synchronization_bursty,True,86.23105051130915,86.23105051130915
entanglement_assisted_all_shared,hist_gradient_boosting,raw_online,cc7233a6ded14cc06325,victim_0003,1,remote_on_off,0,3184.1511702802213,local_compute,sparse_remote,3180.0,local_compute,dense_remote,True,-4.151170280221322,4.151170280221322
entanglement_assisted_all_shared,logistic_regression,debounced_offline,0346e21f42b0f84c755d,victim_0035,0,phase_exact,0,5666.796589479767,sparse_remote,synchronization_bursty,,,,False,,
entanglement_assisted_all_shared,logistic_regression,debounced_offline,0346e21f42b0f84c755d,victim_0035,0,phase_exact,1,11193.313605806132,synchronization_bursty,dense_remote,,,,False,,
entanglement_assisted_all_shared,logistic_regression,debounced_offline,0346e21f42b0f84c755d,victim_0035,0,phase_exact,2,13748.01001582324,dense_remote,sparse_remote,,,,False,,
entanglement_assisted_all_shared,logistic_regression,debounced_offline,0346e21f42b0f84c755d,victim_0035,0,phase_exact,3,16408.670686815945,sparse_remote,local_compute,15780.0,sparse_remote,local_compute,True,-628.6706868159454,628.6706868159454
entanglement_assisted_all_shared,logistic_regression,debounced_offline,0346e21f42b0f84c755d,victim_0035,0,phase_any,0,5666.796589479767,sparse_remote,synchronization_bursty,5700.0,local_compute,dense_remote,True,33.203410520232865,33.203410520232865
entanglement_assisted_all_shared,logistic_regression,debounced_offline,0346e21f42b0f84c755d,victim_0035,0,phase_any,1,11193.313605806132,synchronization_bursty,dense_remote,,,,False,,
entanglement_assisted_all_shared,logistic_regression,debounced_offline,0346e21f42b0f84c755d,victim_0035,0,phase_any,2,13748.01001582324,dense_remote,sparse_remote,,,,False,,
entanglement_assisted_all_shared,logistic_regression,debounced_offline,0346e21f42b0f84c755d,victim_0035,0,phase_any,3,16408.670686815945,sparse_remote,local_compute,15780.0,sparse_remote,local_compute,True,-628.6706868159454,628.6706868159454
entanglement_assisted_all_shared,logistic_regression,debounced_offline,0346e21f42b0f84c755d,victim_0035,0,remote_on_off,3,16408.670686815945,sparse_remote,local_compute,15780.0,sparse_remote,local_compute,True,-628.6706868159454,628.6706868159454
entanglement_assisted_all_shared,logistic_regression,debounced_offline,04299cc0d7d664e66d97,victim_0034,0,phase_exact,0,2584.983901882975,dense_remote,local_compute,3180.0,dense_remote,local_compute,True,595.0160981170252,595.0160981170252
entanglement_assisted_all_shared,logistic_regression,debounced_offline,04299cc0d7d664e66d97,victim_0034,0,phase_exact,1,5207.092213312335,local_compute,sparse_remote,,,,False,,
entanglement_assisted_all_shared,logistic_regression,debounced_offline,04299cc0d7d664e66d97,victim_0034,0,phase_exact,2,8644.94250269917,sparse_remote,synchronization_bursty,,,,False,,
entanglement_assisted_all_shared,logistic_regression,debounced_offline,04299cc0d7d664e66d97,victim_0034,0,phase_exact,3,11529.039859917659,synchronization_bursty,local_compute,11580.0,synchronization_bursty,local_compute,True,50.96014008234124,50.96014008234124
entanglement_assisted_all_shared,logistic_regression,debounced_offline,04299cc0d7d664e66d97,victim_0034,0,phase_exact,4,16958.909792595652,local_compute,dense_remote,,,,False,,
entanglement_assisted_all_shared,logistic_regression,debounced_offline,04299cc0d7d664e66d97,victim_0034,0,phase_any,0,2584.983901882975,dense_remote,local_compute,3180.0,dense_remote,local_compute,True,595.0160981170252,595.0160981170252
entanglement_assisted_all_shared,logistic_regression,debounced_offline,04299cc0d7d664e66d97,victim_0034,0,phase_any,1,5207.092213312335,local_compute,sparse_remote,5280.0,local_compute,dense_remote,True,72.90778668766507,72.90778668766507
entanglement_assisted_all_shared,logistic_regression,debounced_offline,04299cc0d7d664e66d97,victim_0034,0,phase_any,2,8644.94250269917,sparse_remote,synchronization_bursty,9060.0,dense_remote,synchronization_bursty,True,415.0574973008297,415.0574973008297
entanglement_assisted_all_shared,logistic_regression,debounced_offline,04299cc0d7d664e66d97,victim_0034,0,phase_any,3,11529.039859917659,synchronization_bursty,local_compute,11580.0,synchronization_bursty,local_compute,True,50.96014008234124,50.96014008234124
entanglement_assisted_all_shared,logistic_regression,debounced_offline,04299cc0d7d664e66d97,victim_0034,0,phase_any,4,16958.909792595652,local_compute,dense_remote,16620.0,local_compute,sparse_remote,True,-338.9097925956521,338.9097925956521
entanglement_assisted_all_shared,logistic_regression,debounced_offline,04299cc0d7d664e66d97,victim_0034,0,remote_on_off,0,2584.983901882975,dense_remote,local_compute,3180.0,dense_remote,local_compute,True,595.0160981170252,595.0160981170252
entanglement_assisted_all_shared,logistic_regression,debounced_offline,04299cc0d7d664e66d97,victim_0034,0,remote_on_off,1,5207.092213312335,local_compute,sparse_remote,5280.0,local_compute,dense_remote,True,72.90778668766507,72.90778668766507
entanglement_assisted_all_shared,logistic_regression,debounced_offline,04299cc0d7d664e66d97,victim_0034,0,remote_on_off,3,11529.039859917659,synchronization_bursty,local_compute,11580.0,synchronization_bursty,local_compute,True,50.96014008234124,50.96014008234124
entanglement_assisted_all_shared,logistic_regression,debounced_offline,04299cc0d7d664e66d97,victim_0034,0,remote_on_off,4,16958.909792595652,local_compute,dense_remote,16620.0,local_compute,sparse_remote,True,-338.9097925956521,338.9097925956521
entanglement_assisted_all_shared,logistic_regression,debounced_offline,172f1f0e3d137672431d,victim_0022,1,phase_exact,0,3282.393742262545,synchronization_bursty,sparse_remote,,,,False,,
entanglement_assisted_all_shared,logistic_regression,debounced_offline,172f1f0e3d137672431d,victim_0022,1,phase_exact,1,6879.426857186192,sparse_remote,dense_remote,,,,False,,
entanglement_assisted_all_shared,logistic_regression,debounced_offline,172f1f0e3d137672431d,victim_0022,1,phase_exact,2,9968.001637570029,dense_remote,local_compute,,,,False,,
entanglement_assisted_all_shared,logistic_regression,debounced_offline,172f1f0e3d137672431d,victim_0022,1,phase_exact,3,14339.419944693838,local_compute,dense_remote,,,,False,,
entanglement_assisted_all_shared,logistic_regression,debounced_offline,172f1f0e3d137672431d,victim_0022,1,phase_exact,4,16767.069757922298,dense_remote,synchronization_bursty,,,,False,,
entanglement_assisted_all_shared,logistic_regression,debounced_offline,172f1f0e3d137672431d,victim_0022,1,phase_any,0,3282.393742262545,synchronization_bursty,sparse_remote,,,,False,,
entanglement_assisted_all_shared,logistic_regression,debounced_offline,172f1f0e3d137672431d,victim_0022,1,phase_any,1,6879.426857186192,sparse_remote,dense_remote,6960.0,local_compute,dense_remote,True,80.57314281380786,80.57314281380786
entanglement_assisted_all_shared,logistic_regression,debounced_offline,172f1f0e3d137672431d,victim_0022,1,phase_any,2,9968.001637570029,dense_remote,local_compute,,,,False,,
entanglement_assisted_all_shared,logistic_regression,debounced_offline,172f1f0e3d137672431d,victim_0022,1,phase_any,3,14339.419944693838,local_compute,dense_remote,,,,False,,
entanglement_assisted_all_shared,logistic_regression,debounced_offline,172f1f0e3d137672431d,victim_0022,1,phase_any,4,16767.069757922298,dense_remote,synchronization_bursty,17040.0,sparse_remote,synchronization_bursty,True,272.93024207770213,272.93024207770213
entanglement_assisted_all_shared,logistic_regression,debounced_offline,172f1f0e3d137672431d,victim_0022,1,remote_on_off,2,9968.001637570029,dense_remote,local_compute,,,,False,,
entanglement_assisted_all_shared,logistic_regression,debounced_offline,172f1f0e3d137672431d,victim_0022,1,remote_on_off,3,14339.419944693838,local_compute,dense_remote,,,,False,,
entanglement_assisted_all_shared,logistic_regression,debounced_offline,17ab2950af1e041933b2,victim_0008,1,phase_exact,0,2978.015688481845,synchronization_bursty,dense_remote,,,,False,,
entanglement_assisted_all_shared,logistic_regression,debounced_offline,17ab2950af1e041933b2,victim_0008,1,phase_exact,1,6468.965710581726,dense_remote,sparse_remote,,,,False,,
entanglement_assisted_all_shared,logistic_regression,debounced_offline,17ab2950af1e041933b2,victim_0008,1,phase_exact,2,11679.055663519011,sparse_remote,local_compute,,,,False,,
entanglement_assisted_all_shared,logistic_regression,debounced_offline,17ab2950af1e041933b2,victim_0008,1,phase_exact,3,16457.887331498667,local_compute,dense_remote,,,,False,,
entanglement_assisted_all_shared,logistic_regression,debounced_offline,17ab2950af1e041933b2,victim_0008,1,phase_any,0,2978.015688481845,synchronization_bursty,dense_remote,3180.0,synchronization_bursty,local_compute,True,201.9843115181552,201.9843115181552
entanglement_assisted_all_shared,logistic_regression,debounced_offline,17ab2950af1e041933b2,victim_0008,1,phase_any,1,6468.965710581726,dense_remote,sparse_remote,,,,False,,
entanglement_assisted_all_shared,logistic_regression,debounced_offline,17ab2950af1e041933b2,victim_0008,1,phase_any,2,11679.055663519011,sparse_remote,local_compute,,,,False,,
entanglement_assisted_all_shared,logistic_regression,debounced_offline,17ab2950af1e041933b2,victim_0008,1,phase_any,3,16457.887331498667,local_compute,dense_remote,,,,False,,
entanglement_assisted_all_shared,logistic_regression,debounced_offline,17ab2950af1e041933b2,victim_0008,1,remote_on_off,2,11679.055663519011,sparse_remote,local_compute,,,,False,,
entanglement_assisted_all_shared,logistic_regression,debounced_offline,17ab2950af1e041933b2,victim_0008,1,remote_on_off,3,16457.887331498667,local_compute,dense_remote,,,,False,,
entanglement_assisted_all_shared,logistic_regression,debounced_offline,25c407c4ed50583567ca,victim_0022,0,phase_exact,0,3282.393742262545,synchronization_bursty,sparse_remote,,,,False,,
entanglement_assisted_all_shared,logistic_regression,debounced_offline,25c407c4ed50583567ca,victim_0022,0,phase_exact,1,6879.426857186192,sparse_remote,dense_remote,,,,False,,
entanglement_assisted_all_shared,logistic_regression,debounced_offline,25c407c4ed50583567ca,victim_0022,0,phase_exact,2,9968.001637570029,dense_remote,local_compute,,,,False,,
entanglement_assisted_all_shared,logistic_regression,debounced_offline,25c407c4ed50583567ca,victim_0022,0,phase_exact,3,14339.419944693838,local_compute,dense_remote,,,,False,,
entanglement_assisted_all_shared,logistic_regression,debounced_offline,25c407c4ed50583567ca,victim_0022,0,phase_exact,4,16767.069757922298,dense_remote,synchronization_bursty,17040.0,dense_remote,synchronization_bursty,True,272.93024207770213,272.93024207770213
entanglement_assisted_all_shared,logistic_regression,debounced_offline,25c407c4ed50583567ca,victim_0022,0,phase_any,0,3282.393742262545,synchronization_bursty,sparse_remote,3180.0,synchronization_bursty,local_compute,True,-102.39374226254495,102.39374226254495
entanglement_assisted_all_shared,logistic_regression,debounced_offline,25c407c4ed50583567ca,victim_0022,0,phase_any,1,6879.426857186192,sparse_remote,dense_remote,6960.0,local_compute,dense_remote,True,80.57314281380786,80.57314281380786
entanglement_assisted_all_shared,logistic_regression,debounced_offline,25c407c4ed50583567ca,victim_0022,0,phase_any,2,9968.001637570029,dense_remote,local_compute,,,,False,,
entanglement_assisted_all_shared,logistic_regression,debounced_offline,25c407c4ed50583567ca,victim_0022,0,phase_any,3,14339.419944693838,local_compute,dense_remote,,,,False,,
entanglement_assisted_all_shared,logistic_regression,debounced_offline,25c407c4ed50583567ca,victim_0022,0,phase_any,4,16767.069757922298,dense_remote,synchronization_bursty,17040.0,dense_remote,synchronization_bursty,True,272.93024207770213,272.93024207770213
entanglement_assisted_all_shared,logistic_regression,debounced_offline,25c407c4ed50583567ca,victim_0022,0,remote_on_off,2,9968.001637570029,dense_remote,local_compute,,,,False,,
entanglement_assisted_all_shared,logistic_regression,debounced_offline,25c407c4ed50583567ca,victim_0022,0,remote_on_off,3,14339.419944693838,local_compute,dense_remote,,,,False,,
entanglement_assisted_all_shared,logistic_regression,debounced_offline,3c3df35fa90238e8bfef,victim_0002,0,phase_exact,0,4128.836103055568,sparse_remote,synchronization_bursty,,,,False,,
entanglement_assisted_all_shared,logistic_regression,debounced_offline,3c3df35fa90238e8bfef,victim_0002,0,phase_exact,1,8090.9366784642525,synchronization_bursty,local_compute,,,,False,,
entanglement_assisted_all_shared,logistic_regression,debounced_offline,3c3df35fa90238e8bfef,victim_0002,0,phase_exact,2,11252.308935390323,local_compute,dense_remote,,,,False,,
entanglement_assisted_all_shared,logistic_regression,debounced_offline,3c3df35fa90238e8bfef,victim_0002,0,phase_exact,3,14243.601544682242,dense_remote,sparse_remote,,,,False,,
entanglement_assisted_all_shared,logistic_regression,debounced_offline,3c3df35fa90238e8bfef,victim_0002,0,phase_any,0,4128.836103055568,sparse_remote,synchronization_bursty,4440.0,local_compute,synchronization_bursty,True,311.16389694443205,311.16389694443205
entanglement_assisted_all_shared,logistic_regression,debounced_offline,3c3df35fa90238e8bfef,victim_0002,0,phase_any,1,8090.9366784642525,synchronization_bursty,local_compute,7800.0,synchronization_bursty,dense_remote,True,-290.9366784642525,290.9366784642525
entanglement_assisted_all_shared,logistic_regression,debounced_offline,3c3df35fa90238e8bfef,victim_0002,0,phase_any,2,11252.308935390323,local_compute,dense_remote,11580.0,local_compute,sparse_remote,True,327.6910646096767,327.6910646096767
entanglement_assisted_all_shared,logistic_regression,debounced_offline,3c3df35fa90238e8bfef,victim_0002,0,phase_any,3,14243.601544682242,dense_remote,sparse_remote,14520.0,dense_remote,local_compute,True,276.3984553177579,276.3984553177579
entanglement_assisted_all_shared,logistic_regression,debounced_offline,3c3df35fa90238e8bfef,victim_0002,0,remote_on_off,1,8090.9366784642525,synchronization_bursty,local_compute,,,,False,,
entanglement_assisted_all_shared,logistic_regression,debounced_offline,3c3df35fa90238e8bfef,victim_0002,0,remote_on_off,2,11252.308935390323,local_compute,dense_remote,11580.0,local_compute,sparse_remote,True,327.6910646096767,327.6910646096767
entanglement_assisted_all_shared,logistic_regression,debounced_offline,3edd548b0c7491d4560f,victim_0031,0,phase_exact,0,4159.949493759739,local_compute,dense_remote,,,,False,,
entanglement_assisted_all_shared,logistic_regression,debounced_offline,3edd548b0c7491d4560f,victim_0031,0,phase_exact,1,8524.953030037665,dense_remote,sparse_remote,,,,False,,
entanglement_assisted_all_shared,logistic_regression,debounced_offline,3edd548b0c7491d4560f,victim_0031,0,phase_exact,2,11172.11201804374,sparse_remote,synchronization_bursty,,,,False,,
entanglement_assisted_all_shared,logistic_regression,debounced_offline,3edd548b0c7491d4560f,victim_0031,0,phase_exact,3,14427.950477163511,synchronization_bursty,dense_remote,,,,False,,
entanglement_assisted_all_shared,logistic_regression,debounced_offline,3edd548b0c7491d4560f,victim_0031,0,phase_exact,4,17846.27700177856,dense_remote,local_compute,17040.0,dense_remote,local_compute,True,-806.2770017785588,806.2770017785588
entanglement_assisted_all_shared,logistic_regression,debounced_offline,3edd548b0c7491d4560f,victim_0031,0,phase_any,0,4159.949493759739,local_compute,dense_remote,,,,False,,
entanglement_assisted_all_shared,logistic_regression,debounced_offline,3edd548b0c7491d4560f,victim_0031,0,phase_any,1,8524.953030037665,dense_remote,sparse_remote,,,,False,,
entanglement_assisted_all_shared,logistic_regression,debounced_offline,3edd548b0c7491d4560f,victim_0031,0,phase_any,2,11172.11201804374,sparse_remote,synchronization_bursty,11580.0,local_compute,synchronization_bursty,True,407.8879819562608,407.8879819562608
entanglement_assisted_all_shared,logistic_regression,debounced_offline,3edd548b0c7491d4560f,victim_0031,0,phase_any,3,14427.950477163511,synchronization_bursty,dense_remote,,,,False,,
entanglement_assisted_all_shared,logistic_regression,debounced_offline,3edd548b0c7491d4560f,victim_0031,0,phase_any,4,17846.27700177856,dense_remote,local_compute,17040.0,dense_remote,local_compute,True,-806.2770017785588,806.2770017785588
entanglement_assisted_all_shared,logistic_regression,debounced_offline,3edd548b0c7491d4560f,victim_0031,0,remote_on_off,0,4159.949493759739,local_compute,dense_remote,,,,False,,
entanglement_assisted_all_shared,logistic_regression,debounced_offline,3edd548b0c7491d4560f,victim_0031,0,remote_on_off,4,17846.27700177856,dense_remote,local_compute,17040.0,dense_remote,local_compute,True,-806.2770017785588,806.2770017785588
entanglement_assisted_all_shared,logistic_regression,debounced_offline,420d7035a33dcffe3e64,victim_0035,1,phase_exact,0,5666.796589479767,sparse_remote,synchronization_bursty,,,,False,,
entanglement_assisted_all_shared,logistic_regression,debounced_offline,420d7035a33dcffe3e64,victim_0035,1,phase_exact,1,11193.313605806132,synchronization_bursty,dense_remote,,,,False,,
entanglement_assisted_all_shared,logistic_regression,debounced_offline,420d7035a33dcffe3e64,victim_0035,1,phase_exact,2,13748.01001582324,dense_remote,sparse_remote,,,,False,,
entanglement_assisted_all_shared,logistic_regression,debounced_offline,420d7035a33dcffe3e64,victim_0035,1,phase_exact,3,16408.670686815945,sparse_remote,local_compute,,,,False,,
entanglement_assisted_all_shared,logistic_regression,debounced_offline,420d7035a33dcffe3e64,victim_0035,1,phase_any,0,5666.796589479767,sparse_remote,synchronization_bursty,6120.0,dense_remote,synchronization_bursty,True,453.20341052023286,453.20341052023286
entanglement_assisted_all_shared,logistic_regression,debounced_offline,420d7035a33dcffe3e64,victim_0035,1,phase_any,1,11193.313605806132,synchronization_bursty,dense_remote,,,,False,,
entanglement_assisted_all_shared,logistic_regression,debounced_offline,420d7035a33dcffe3e64,victim_0035,1,phase_any,2,13748.01001582324,dense_remote,sparse_remote,14520.0,dense_remote,local_compute,True,771.9899841767601,771.9899841767601
entanglement_assisted_all_shared,logistic_regression,debounced_offline,420d7035a33dcffe3e64,victim_0035,1,phase_any,3,16408.670686815945,sparse_remote,local_compute,16200.0,local_compute,dense_remote,True,-208.67068681594537,208.67068681594537
entanglement_assisted_all_shared,logistic_regression,debounced_offline,420d7035a33dcffe3e64,victim_0035,1,remote_on_off,3,16408.670686815945,sparse_remote,local_compute,,,,False,,
entanglement_assisted_all_shared,logistic_regression,debounced_offline,4398cbaf9e5947263a10,victim_0031,1,phase_exact,0,4159.949493759739,local_compute,dense_remote,,,,False,,
entanglement_assisted_all_shared,logistic_regression,debounced_offline,4398cbaf9e5947263a10,victim_0031,1,phase_exact,1,8524.953030037665,dense_remote,sparse_remote,,,,False,,
entanglement_assisted_all_shared,logistic_regression,debounced_offline,4398cbaf9e5947263a10,victim_0031,1,phase_exact,2,11172.11201804374,sparse_remote,synchronization_bursty,,,,False,,
entanglement_assisted_all_shared,logistic_regression,debounced_offline,4398cbaf9e5947263a10,victim_0031,1,phase_exact,3,14427.950477163511,synchronization_bursty,dense_remote,,,,False,,
entanglement_assisted_all_shared,logistic_regression,debounced_offline,4398cbaf9e5947263a10,victim_0031,1,phase_exact,4,17846.27700177856,dense_remote,local_compute,,,,False,,
entanglement_assisted_all_shared,logistic_regression,debounced_offline,4398cbaf9e5947263a10,victim_0031,1,phase_any,0,4159.949493759739,local_compute,dense_remote,,,,False,,
entanglement_assisted_all_shared,logistic_regression,debounced_offline,4398cbaf9e5947263a10,victim_0031,1,phase_any,1,8524.953030037665,dense_remote,sparse_remote,8640.0,local_compute,dense_remote,True,115.04696996233542,115.04696996233542
entanglement_assisted_all_shared,logistic_regression,debounced_offline,4398cbaf9e5947263a10,victim_0031,1,phase_any,2,11172.11201804374,sparse_remote,synchronization_bursty,11160.0,local_compute,dense_remote,True,-12.112018043739226,12.112018043739226
entanglement_assisted_all_shared,logistic_regression,debounced_offline,4398cbaf9e5947263a10,victim_0031,1,phase_any,3,14427.950477163511,synchronization_bursty,dense_remote,,,,False,,
entanglement_assisted_all_shared,logistic_regression,debounced_offline,4398cbaf9e5947263a10,victim_0031,1,phase_any,4,17846.27700177856,dense_remote,local_compute,18300.0,dense_remote,sparse_remote,True,453.72299822144123,453.72299822144123
entanglement_assisted_all_shared,logistic_regression,debounced_offline,4398cbaf9e5947263a10,victim_0031,1,remote_on_off,0,4159.949493759739,local_compute,dense_remote,,,,False,,
entanglement_assisted_all_shared,logistic_regression,debounced_offline,4398cbaf9e5947263a10,victim_0031,1,remote_on_off,4,17846.27700177856,dense_remote,local_compute,,,,False,,
entanglement_assisted_all_shared,logistic_regression,debounced_offline,46bebc294309e0cb8b97,victim_0006,1,phase_exact,0,3868.292651126604,sparse_remote,local_compute,,,,False,,
entanglement_assisted_all_shared,logistic_regression,debounced_offline,46bebc294309e0cb8b97,victim_0006,1,phase_exact,1,8142.9548099510275,local_compute,sparse_remote,,,,False,,
entanglement_assisted_all_shared,logistic_regression,debounced_offline,46bebc294309e0cb8b97,victim_0006,1,phase_exact,2,10850.749623475784,sparse_remote,synchronization_bursty,,,,False,,
entanglement_assisted_all_shared,logistic_regression,debounced_offline,46bebc294309e0cb8b97,victim_0006,1,phase_exact,3,13905.834588475289,synchronization_bursty,dense_remote,14100.0,synchronization_bursty,dense_remote,True,194.1654115247111,194.1654115247111
entanglement_assisted_all_shared,logistic_regression,debounced_offline,46bebc294309e0cb8b97,victim_0006,1,phase_any,0,3868.292651126604,sparse_remote,local_compute,4020.0,dense_remote,local_compute,True,151.70734887339586,151.70734887339586
entanglement_assisted_all_shared,logistic_regression,debounced_offline,46bebc294309e0cb8b97,victim_0006,1,phase_any,1,8142.9548099510275,local_compute,sparse_remote,8220.0,sparse_remote,dense_remote,True,77.04519004897247,77.04519004897247
entanglement_assisted_all_shared,logistic_regression,debounced_offline,46bebc294309e0cb8b97,victim_0006,1,phase_any,2,10850.749623475784,sparse_remote,synchronization_bursty,11160.0,local_compute,synchronization_bursty,True,309.25037652421634,309.25037652421634
entanglement_assisted_all_shared,logistic_regression,debounced_offline,46bebc294309e0cb8b97,victim_0006,1,phase_any,3,13905.834588475289,synchronization_bursty,dense_remote,14100.0,synchronization_bursty,dense_remote,True,194.1654115247111,194.1654115247111
entanglement_assisted_all_shared,logistic_regression,debounced_offline,46bebc294309e0cb8b97,victim_0006,1,remote_on_off,0,3868.292651126604,sparse_remote,local_compute,4020.0,dense_remote,local_compute,True,151.70734887339586,151.70734887339586
entanglement_assisted_all_shared,logistic_regression,debounced_offline,46bebc294309e0cb8b97,victim_0006,1,remote_on_off,1,8142.9548099510275,local_compute,sparse_remote,,,,False,,
entanglement_assisted_all_shared,logistic_regression,debounced_offline,5b4123f6cec289ca979c,victim_0020,0,phase_exact,0,3945.197190413731,dense_remote,local_compute,3180.0,dense_remote,local_compute,True,-765.1971904137308,765.1971904137308
entanglement_assisted_all_shared,logistic_regression,debounced_offline,5b4123f6cec289ca979c,victim_0020,0,phase_exact,1,8519.38861505275,local_compute,synchronization_bursty,,,,False,,
entanglement_assisted_all_shared,logistic_regression,debounced_offline,5b4123f6cec289ca979c,victim_0020,0,phase_exact,2,13972.618573212338,synchronization_bursty,local_compute,,,,False,,
entanglement_assisted_all_shared,logistic_regression,debounced_offline,5b4123f6cec289ca979c,victim_0020,0,phase_exact,3,17384.940617006945,local_compute,sparse_remote,,,,False,,
entanglement_assisted_all_shared,logistic_regression,debounced_offline,5b4123f6cec289ca979c,victim_0020,0,phase_any,0,3945.197190413731,dense_remote,local_compute,3180.0,dense_remote,local_compute,True,-765.1971904137308,765.1971904137308
entanglement_assisted_all_shared,logistic_regression,debounced_offline,5b4123f6cec289ca979c,victim_0020,0,phase_any,1,8519.38861505275,local_compute,synchronization_bursty,8640.0,sparse_remote,synchronization_bursty,True,120.61138494724946,120.61138494724946
entanglement_assisted_all_shared,logistic_regression,debounced_offline,5b4123f6cec289ca979c,victim_0020,0,phase_any,2,13972.618573212338,synchronization_bursty,local_compute,,,,False,,
entanglement_assisted_all_shared,logistic_regression,debounced_offline,5b4123f6cec289ca979c,victim_0020,0,phase_any,3,17384.940617006945,local_compute,sparse_remote,,,,False,,
entanglement_assisted_all_shared,logistic_regression,debounced_offline,5b4123f6cec289ca979c,victim_0020,0,remote_on_off,0,3945.197190413731,dense_remote,local_compute,3180.0,dense_remote,local_compute,True,-765.1971904137308,765.1971904137308
entanglement_assisted_all_shared,logistic_regression,debounced_offline,5b4123f6cec289ca979c,victim_0020,0,remote_on_off,1,8519.38861505275,local_compute,synchronization_bursty,,,,False,,
entanglement_assisted_all_shared,logistic_regression,debounced_offline,5b4123f6cec289ca979c,victim_0020,0,remote_on_off,2,13972.618573212338,synchronization_bursty,local_compute,,,,False,,
entanglement_assisted_all_shared,logistic_regression,debounced_offline,5b4123f6cec289ca979c,victim_0020,0,remote_on_off,3,17384.940617006945,local_compute,sparse_remote,,,,False,,
entanglement_assisted_all_shared,logistic_regression,debounced_offline,6cebdb4384d627360615,victim_0003,0,phase_exact,0,3184.1511702802213,local_compute,sparse_remote,,,,False,,
entanglement_assisted_all_shared,logistic_regression,debounced_offline,6cebdb4384d627360615,victim_0003,0,phase_exact,1,8137.308551850549,sparse_remote,dense_remote,,,,False,,
entanglement_assisted_all_shared,logistic_regression,debounced_offline,6cebdb4384d627360615,victim_0003,0,phase_exact,2,11766.900719130488,dense_remote,sparse_remote,,,,False,,
entanglement_assisted_all_shared,logistic_regression,debounced_offline,6cebdb4384d627360615,victim_0003,0,phase_exact,3,16533.76894948869,sparse_remote,synchronization_bursty,,,,False,,
entanglement_assisted_all_shared,logistic_regression,debounced_offline,6cebdb4384d627360615,victim_0003,0,phase_any,0,3184.1511702802213,local_compute,sparse_remote,,,,False,,
entanglement_assisted_all_shared,logistic_regression,debounced_offline,6cebdb4384d627360615,victim_0003,0,phase_any,1,8137.308551850549,sparse_remote,dense_remote,,,,False,,
entanglement_assisted_all_shared,logistic_regression,debounced_offline,6cebdb4384d627360615,victim_0003,0,phase_any,2,11766.900719130488,dense_remote,sparse_remote,,,,False,,
entanglement_assisted_all_shared,logistic_regression,debounced_offline,6cebdb4384d627360615,victim_0003,0,phase_any,3,16533.76894948869,sparse_remote,synchronization_bursty,16620.0,sparse_remote,dense_remote,True,86.23105051130915,86.23105051130915
entanglement_assisted_all_shared,logistic_regression,debounced_offline,6cebdb4384d627360615,victim_0003,0,remote_on_off,0,3184.1511702802213,local_compute,sparse_remote,,,,False,,
entanglement_assisted_all_shared,logistic_regression,debounced_offline,7423f67511e48a81d130,victim_0020,1,phase_exact,0,3945.197190413731,dense_remote,local_compute,,,,False,,
entanglement_assisted_all_shared,logistic_regression,debounced_offline,7423f67511e48a81d130,victim_0020,1,phase_exact,1,8519.38861505275,local_compute,synchronization_bursty,8640.0,local_compute,synchronization_bursty,True,120.61138494724946,120.61138494724946
entanglement_assisted_all_shared,logistic_regression,debounced_offline,7423f67511e48a81d130,victim_0020,1,phase_exact,2,13972.618573212338,synchronization_bursty,local_compute,,,,False,,
entanglement_assisted_all_shared,logistic_regression,debounced_offline,7423f67511e48a81d130,victim_0020,1,phase_exact,3,17384.940617006945,local_compute,sparse_remote,,,,False,,
entanglement_assisted_all_shared,logistic_regression,debounced_offline,7423f67511e48a81d130,victim_0020,1,phase_any,0,3945.197190413731,dense_remote,local_compute,,,,False,,
entanglement_assisted_all_shared,logistic_regression,debounced_offline,7423f67511e48a81d130,victim_0020,1,phase_any,1,8519.38861505275,local_compute,synchronization_bursty,8640.0,local_compute,synchronization_bursty,True,120.61138494724946,120.61138494724946
entanglement_assisted_all_shared,logistic_regression,debounced_offline,7423f67511e48a81d130,victim_0020,1,phase_any,2,13972.618573212338,synchronization_bursty,local_compute,13680.0,synchronization_bursty,dense_remote,True,-292.61857321233765,292.61857321233765
entanglement_assisted_all_shared,logistic_regression,debounced_offline,7423f67511e48a81d130,victim_0020,1,phase_any,3,17384.940617006945,local_compute,sparse_remote,,,,False,,
entanglement_assisted_all_shared,logistic_regression,debounced_offline,7423f67511e48a81d130,victim_0020,1,remote_on_off,0,3945.197190413731,dense_remote,local_compute,,,,False,,
entanglement_assisted_all_shared,logistic_regression,debounced_offline,7423f67511e48a81d130,victim_0020,1,remote_on_off,1,8519.38861505275,local_compute,synchronization_bursty,8640.0,local_compute,synchronization_bursty,True,120.61138494724946,120.61138494724946
entanglement_assisted_all_shared,logistic_regression,debounced_offline,7423f67511e48a81d130,victim_0020,1,remote_on_off,2,13972.618573212338,synchronization_bursty,local_compute,,,,False,,
entanglement_assisted_all_shared,logistic_regression,debounced_offline,7423f67511e48a81d130,victim_0020,1,remote_on_off,3,17384.940617006945,local_compute,sparse_remote,,,,False,,
entanglement_assisted_all_shared,logistic_regression,debounced_offline,8135629aaff586891586,victim_0018,0,phase_exact,0,4823.51995045369,dense_remote,sparse_remote,,,,False,,
entanglement_assisted_all_shared,logistic_regression,debounced_offline,8135629aaff586891586,victim_0018,0,phase_exact,1,9594.047520701628,sparse_remote,synchronization_bursty,,,,False,,
entanglement_assisted_all_shared,logistic_regression,debounced_offline,8135629aaff586891586,victim_0018,0,phase_exact,2,12361.950228432477,synchronization_bursty,dense_remote,,,,False,,
entanglement_assisted_all_shared,logistic_regression,debounced_offline,8135629aaff586891586,victim_0018,0,phase_exact,3,16100.566304239506,dense_remote,local_compute,16620.0,dense_remote,local_compute,True,519.4336957604937,519.4336957604937
entanglement_assisted_all_shared,logistic_regression,debounced_offline,8135629aaff586891586,victim_0018,0,phase_any,0,4823.51995045369,dense_remote,sparse_remote,4860.0,local_compute,dense_remote,True,36.4800495463096,36.4800495463096
entanglement_assisted_all_shared,logistic_regression,debounced_offline,8135629aaff586891586,victim_0018,0,phase_any,1,9594.047520701628,sparse_remote,synchronization_bursty,9900.0,dense_remote,synchronization_bursty,True,305.95247929837205,305.95247929837205
entanglement_assisted_all_shared,logistic_regression,debounced_offline,8135629aaff586891586,victim_0018,0,phase_any,2,12361.950228432477,synchronization_bursty,dense_remote,12840.0,synchronization_bursty,sparse_remote,True,478.04977156752284,478.04977156752284
entanglement_assisted_all_shared,logistic_regression,debounced_offline,8135629aaff586891586,victim_0018,0,phase_any,3,16100.566304239506,dense_remote,local_compute,16620.0,dense_remote,local_compute,True,519.4336957604937,519.4336957604937
entanglement_assisted_all_shared,logistic_regression,debounced_offline,8135629aaff586891586,victim_0018,0,remote_on_off,3,16100.566304239506,dense_remote,local_compute,16620.0,dense_remote,local_compute,True,519.4336957604937,519.4336957604937
entanglement_assisted_all_shared,logistic_regression,debounced_offline,93588e5287f9b3f5c738,victim_0034,1,phase_exact,0,2584.983901882975,dense_remote,local_compute,,,,False,,
entanglement_assisted_all_shared,logistic_regression,debounced_offline,93588e5287f9b3f5c738,victim_0034,1,phase_exact,1,5207.092213312335,local_compute,sparse_remote,,,,False,,
entanglement_assisted_all_shared,logistic_regression,debounced_offline,93588e5287f9b3f5c738,victim_0034,1,phase_exact,2,8644.94250269917,sparse_remote,synchronization_bursty,,,,False,,
entanglement_assisted_all_shared,logistic_regression,debounced_offline,93588e5287f9b3f5c738,victim_0034,1,phase_exact,3,11529.039859917659,synchronization_bursty,local_compute,11580.0,synchronization_bursty,local_compute,True,50.96014008234124,50.96014008234124
entanglement_assisted_all_shared,logistic_regression,debounced_offline,93588e5287f9b3f5c738,victim_0034,1,phase_exact,4,16958.909792595652,local_compute,dense_remote,,,,False,,
entanglement_assisted_all_shared,logistic_regression,debounced_offline,93588e5287f9b3f5c738,victim_0034,1,phase_any,0,2584.983901882975,dense_remote,local_compute,,,,False,,
entanglement_assisted_all_shared,logistic_regression,debounced_offline,93588e5287f9b3f5c738,victim_0034,1,phase_any,1,5207.092213312335,local_compute,sparse_remote,,,,False,,
entanglement_assisted_all_shared,logistic_regression,debounced_offline,93588e5287f9b3f5c738,victim_0034,1,phase_any,2,8644.94250269917,sparse_remote,synchronization_bursty,9060.0,dense_remote,synchronization_bursty,True,415.0574973008297,415.0574973008297
entanglement_assisted_all_shared,logistic_regression,debounced_offline,93588e5287f9b3f5c738,victim_0034,1,phase_any,3,11529.039859917659,synchronization_bursty,local_compute,11580.0,synchronization_bursty,local_compute,True,50.96014008234124,50.96014008234124
entanglement_assisted_all_shared,logistic_regression,debounced_offline,93588e5287f9b3f5c738,victim_0034,1,phase_any,4,16958.909792595652,local_compute,dense_remote,16620.0,local_compute,sparse_remote,True,-338.9097925956521,338.9097925956521
entanglement_assisted_all_shared,logistic_regression,debounced_offline,93588e5287f9b3f5c738,victim_0034,1,remote_on_off,0,2584.983901882975,dense_remote,local_compute,,,,False,,
entanglement_assisted_all_shared,logistic_regression,debounced_offline,93588e5287f9b3f5c738,victim_0034,1,remote_on_off,1,5207.092213312335,local_compute,sparse_remote,,,,False,,
entanglement_assisted_all_shared,logistic_regression,debounced_offline,93588e5287f9b3f5c738,victim_0034,1,remote_on_off,3,11529.039859917659,synchronization_bursty,local_compute,11580.0,synchronization_bursty,local_compute,True,50.96014008234124,50.96014008234124
entanglement_assisted_all_shared,logistic_regression,debounced_offline,93588e5287f9b3f5c738,victim_0034,1,remote_on_off,4,16958.909792595652,local_compute,dense_remote,16620.0,local_compute,sparse_remote,True,-338.9097925956521,338.9097925956521
entanglement_assisted_all_shared,logistic_regression,debounced_offline,974616a9a6e332063551,victim_0010,0,phase_exact,0,3799.0914558502673,local_compute,dense_remote,,,,False,,
entanglement_assisted_all_shared,logistic_regression,debounced_offline,974616a9a6e332063551,victim_0010,0,phase_exact,1,7177.584870190105,dense_remote,sparse_remote,,,,False,,
entanglement_assisted_all_shared,logistic_regression,debounced_offline,974616a9a6e332063551,victim_0010,0,phase_exact,2,9864.380078273627,sparse_remote,synchronization_bursty,,,,False,,
entanglement_assisted_all_shared,logistic_regression,debounced_offline,974616a9a6e332063551,victim_0010,0,phase_exact,3,12803.703036780968,synchronization_bursty,dense_remote,,,,False,,
entanglement_assisted_all_shared,logistic_regression,debounced_offline,974616a9a6e332063551,victim_0010,0,phase_exact,4,15204.780045932635,dense_remote,synchronization_bursty,15360.0,dense_remote,synchronization_bursty,True,155.2199540673646,155.2199540673646
entanglement_assisted_all_shared,logistic_regression,debounced_offline,974616a9a6e332063551,victim_0010,0,phase_any,0,3799.0914558502673,local_compute,dense_remote,,,,False,,
entanglement_assisted_all_shared,logistic_regression,debounced_offline,974616a9a6e332063551,victim_0010,0,phase_any,1,7177.584870190105,dense_remote,sparse_remote,6540.0,local_compute,dense_remote,True,-637.584870190105,637.584870190105
entanglement_assisted_all_shared,logistic_regression,debounced_offline,974616a9a6e332063551,victim_0010,0,phase_any,2,9864.380078273627,sparse_remote,synchronization_bursty,9900.0,local_compute,synchronization_bursty,True,35.61992172637292,35.61992172637292
entanglement_assisted_all_shared,logistic_regression,debounced_offline,974616a9a6e332063551,victim_0010,0,phase_any,3,12803.703036780968,synchronization_bursty,dense_remote,,,,False,,
entanglement_assisted_all_shared,logistic_regression,debounced_offline,974616a9a6e332063551,victim_0010,0,phase_any,4,15204.780045932635,dense_remote,synchronization_bursty,15360.0,dense_remote,synchronization_bursty,True,155.2199540673646,155.2199540673646
entanglement_assisted_all_shared,logistic_regression,debounced_offline,974616a9a6e332063551,victim_0010,0,remote_on_off,0,3799.0914558502673,local_compute,dense_remote,,,,False,,
entanglement_assisted_all_shared,logistic_regression,debounced_offline,9c8215c31c929d03a222,victim_0010,1,phase_exact,0,3799.0914558502673,local_compute,dense_remote,,,,False,,
entanglement_assisted_all_shared,logistic_regression,debounced_offline,9c8215c31c929d03a222,victim_0010,1,phase_exact,1,7177.584870190105,dense_remote,sparse_remote,,,,False,,
entanglement_assisted_all_shared,logistic_regression,debounced_offline,9c8215c31c929d03a222,victim_0010,1,phase_exact,2,9864.380078273627,sparse_remote,synchronization_bursty,,,,False,,
entanglement_assisted_all_shared,logistic_regression,debounced_offline,9c8215c31c929d03a222,victim_0010,1,phase_exact,3,12803.703036780968,synchronization_bursty,dense_remote,12000.0,synchronization_bursty,dense_remote,True,-803.7030367809675,803.7030367809675
entanglement_assisted_all_shared,logistic_regression,debounced_offline,9c8215c31c929d03a222,victim_0010,1,phase_exact,4,15204.780045932635,dense_remote,synchronization_bursty,,,,False,,
entanglement_assisted_all_shared,logistic_regression,debounced_offline,9c8215c31c929d03a222,victim_0010,1,phase_any,0,3799.0914558502673,local_compute,dense_remote,,,,False,,
entanglement_assisted_all_shared,logistic_regression,debounced_offline,9c8215c31c929d03a222,victim_0010,1,phase_any,1,7177.584870190105,dense_remote,sparse_remote,,,,False,,
entanglement_assisted_all_shared,logistic_regression,debounced_offline,9c8215c31c929d03a222,victim_0010,1,phase_any,2,9864.380078273627,sparse_remote,synchronization_bursty,9900.0,local_compute,synchronization_bursty,True,35.61992172637292,35.61992172637292
entanglement_assisted_all_shared,logistic_regression,debounced_offline,9c8215c31c929d03a222,victim_0010,1,phase_any,3,12803.703036780968,synchronization_bursty,dense_remote,12840.0,dense_remote,local_compute,True,36.29696321903248,36.29696321903248
entanglement_assisted_all_shared,logistic_regression,debounced_offline,9c8215c31c929d03a222,victim_0010,1,phase_any,4,15204.780045932635,dense_remote,synchronization_bursty,15360.0,local_compute,synchronization_bursty,True,155.2199540673646,155.2199540673646
entanglement_assisted_all_shared,logistic_regression,debounced_offline,9c8215c31c929d03a222,victim_0010,1,remote_on_off,0,3799.0914558502673,local_compute,dense_remote,,,,False,,
entanglement_assisted_all_shared,logistic_regression,debounced_offline,a16e4cfb01482c42b2c7,victim_0018,1,phase_exact,0,4823.51995045369,dense_remote,sparse_remote,,,,False,,
entanglement_assisted_all_shared,logistic_regression,debounced_offline,a16e4cfb01482c42b2c7,victim_0018,1,phase_exact,1,9594.047520701628,sparse_remote,synchronization_bursty,9900.0,sparse_remote,synchronization_bursty,True,305.95247929837205,305.95247929837205
entanglement_assisted_all_shared,logistic_regression,debounced_offline,a16e4cfb01482c42b2c7,victim_0018,1,phase_exact,2,12361.950228432477,synchronization_bursty,dense_remote,12840.0,synchronization_bursty,dense_remote,True,478.04977156752284,478.04977156752284
entanglement_assisted_all_shared,logistic_regression,debounced_offline,a16e4cfb01482c42b2c7,victim_0018,1,phase_exact,3,16100.566304239506,dense_remote,local_compute,16200.0,dense_remote,local_compute,True,99.43369576049372,99.43369576049372
entanglement_assisted_all_shared,logistic_regression,debounced_offline,a16e4cfb01482c42b2c7,victim_0018,1,phase_any,0,4823.51995045369,dense_remote,sparse_remote,,,,False,,
entanglement_assisted_all_shared,logistic_regression,debounced_offline,a16e4cfb01482c42b2c7,victim_0018,1,phase_any,1,9594.047520701628,sparse_remote,synchronization_bursty,9900.0,sparse_remote,synchronization_bursty,True,305.95247929837205,305.95247929837205
entanglement_assisted_all_shared,logistic_regression,debounced_offline,a16e4cfb01482c42b2c7,victim_0018,1,phase_any,2,12361.950228432477,synchronization_bursty,dense_remote,12840.0,synchronization_bursty,dense_remote,True,478.04977156752284,478.04977156752284
entanglement_assisted_all_shared,logistic_regression,debounced_offline,a16e4cfb01482c42b2c7,victim_0018,1,phase_any,3,16100.566304239506,dense_remote,local_compute,16200.0,dense_remote,local_compute,True,99.43369576049372,99.43369576049372
entanglement_assisted_all_shared,logistic_regression,debounced_offline,a16e4cfb01482c42b2c7,victim_0018,1,remote_on_off,3,16100.566304239506,dense_remote,local_compute,16200.0,dense_remote,local_compute,True,99.43369576049372,99.43369576049372
entanglement_assisted_all_shared,logistic_regression,debounced_offline,a232cf96e89803b66d84,victim_0008,0,phase_exact,0,2978.015688481845,synchronization_bursty,dense_remote,,,,False,,
entanglement_assisted_all_shared,logistic_regression,debounced_offline,a232cf96e89803b66d84,victim_0008,0,phase_exact,1,6468.965710581726,dense_remote,sparse_remote,,,,False,,
entanglement_assisted_all_shared,logistic_regression,debounced_offline,a232cf96e89803b66d84,victim_0008,0,phase_exact,2,11679.055663519011,sparse_remote,local_compute,,,,False,,
entanglement_assisted_all_shared,logistic_regression,debounced_offline,a232cf96e89803b66d84,victim_0008,0,phase_exact,3,16457.887331498667,local_compute,dense_remote,,,,False,,
entanglement_assisted_all_shared,logistic_regression,debounced_offline,a232cf96e89803b66d84,victim_0008,0,phase_any,0,2978.015688481845,synchronization_bursty,dense_remote,,,,False,,
entanglement_assisted_all_shared,logistic_regression,debounced_offline,a232cf96e89803b66d84,victim_0008,0,phase_any,1,6468.965710581726,dense_remote,sparse_remote,,,,False,,
entanglement_assisted_all_shared,logistic_regression,debounced_offline,a232cf96e89803b66d84,victim_0008,0,phase_any,2,11679.055663519011,sparse_remote,local_compute,11580.0,dense_remote,local_compute,True,-99.05566351901143,99.05566351901143
entanglement_assisted_all_shared,logistic_regression,debounced_offline,a232cf96e89803b66d84,victim_0008,0,phase_any,3,16457.887331498667,local_compute,dense_remote,,,,False,,
entanglement_assisted_all_shared,logistic_regression,debounced_offline,a232cf96e89803b66d84,victim_0008,0,remote_on_off,2,11679.055663519011,sparse_remote,local_compute,11580.0,dense_remote,local_compute,True,-99.05566351901143,99.05566351901143
entanglement_assisted_all_shared,logistic_regression,debounced_offline,a232cf96e89803b66d84,victim_0008,0,remote_on_off,3,16457.887331498667,local_compute,dense_remote,,,,False,,
entanglement_assisted_all_shared,logistic_regression,debounced_offline,a559bec72a7f705e59d6,victim_0006,0,phase_exact,0,3868.292651126604,sparse_remote,local_compute,,,,False,,
entanglement_assisted_all_shared,logistic_regression,debounced_offline,a559bec72a7f705e59d6,victim_0006,0,phase_exact,1,8142.9548099510275,local_compute,sparse_remote,,,,False,,
entanglement_assisted_all_shared,logistic_regression,debounced_offline,a559bec72a7f705e59d6,victim_0006,0,phase_exact,2,10850.749623475784,sparse_remote,synchronization_bursty,11160.0,sparse_remote,synchronization_bursty,True,309.25037652421634,309.25037652421634
entanglement_assisted_all_shared,logistic_regression,debounced_offline,a559bec72a7f705e59d6,victim_0006,0,phase_exact,3,13905.834588475289,synchronization_bursty,dense_remote,13260.0,synchronization_bursty,dense_remote,True,-645.8345884752889,645.8345884752889
entanglement_assisted_all_shared,logistic_regression,debounced_offline,a559bec72a7f705e59d6,victim_0006,0,phase_any,0,3868.292651126604,sparse_remote,local_compute,3180.0,local_compute,dense_remote,True,-688.2926511266041,688.2926511266041
entanglement_assisted_all_shared,logistic_regression,debounced_offline,a559bec72a7f705e59d6,victim_0006,0,phase_any,1,8142.9548099510275,local_compute,sparse_remote,,,,False,,
entanglement_assisted_all_shared,logistic_regression,debounced_offline,a559bec72a7f705e59d6,victim_0006,0,phase_any,2,10850.749623475784,sparse_remote,synchronization_bursty,11160.0,sparse_remote,synchronization_bursty,True,309.25037652421634,309.25037652421634
entanglement_assisted_all_shared,logistic_regression,debounced_offline,a559bec72a7f705e59d6,victim_0006,0,phase_any,3,13905.834588475289,synchronization_bursty,dense_remote,13260.0,synchronization_bursty,dense_remote,True,-645.8345884752889,645.8345884752889
entanglement_assisted_all_shared,logistic_regression,debounced_offline,a559bec72a7f705e59d6,victim_0006,0,remote_on_off,0,3868.292651126604,sparse_remote,local_compute,,,,False,,
entanglement_assisted_all_shared,logistic_regression,debounced_offline,a559bec72a7f705e59d6,victim_0006,0,remote_on_off,1,8142.9548099510275,local_compute,sparse_remote,,,,False,,
entanglement_assisted_all_shared,logistic_regression,debounced_offline,ab20f4b8efd1767e1f54,victim_0002,1,phase_exact,0,4128.836103055568,sparse_remote,synchronization_bursty,,,,False,,
entanglement_assisted_all_shared,logistic_regression,debounced_offline,ab20f4b8efd1767e1f54,victim_0002,1,phase_exact,1,8090.9366784642525,synchronization_bursty,local_compute,,,,False,,
entanglement_assisted_all_shared,logistic_regression,debounced_offline,ab20f4b8efd1767e1f54,victim_0002,1,phase_exact,2,11252.308935390323,local_compute,dense_remote,,,,False,,
entanglement_assisted_all_shared,logistic_regression,debounced_offline,ab20f4b8efd1767e1f54,victim_0002,1,phase_exact,3,14243.601544682242,dense_remote,sparse_remote,,,,False,,
entanglement_assisted_all_shared,logistic_regression,debounced_offline,ab20f4b8efd1767e1f54,victim_0002,1,phase_any,0,4128.836103055568,sparse_remote,synchronization_bursty,4440.0,local_compute,synchronization_bursty,True,311.16389694443205,311.16389694443205
entanglement_assisted_all_shared,logistic_regression,debounced_offline,ab20f4b8efd1767e1f54,victim_0002,1,phase_any,1,8090.9366784642525,synchronization_bursty,local_compute,8220.0,synchronization_bursty,dense_remote,True,129.0633215357475,129.0633215357475
entanglement_assisted_all_shared,logistic_regression,debounced_offline,ab20f4b8efd1767e1f54,victim_0002,1,phase_any,2,11252.308935390323,local_compute,dense_remote,11580.0,local_compute,sparse_remote,True,327.6910646096767,327.6910646096767
entanglement_assisted_all_shared,logistic_regression,debounced_offline,ab20f4b8efd1767e1f54,victim_0002,1,phase_any,3,14243.601544682242,dense_remote,sparse_remote,,,,False,,
entanglement_assisted_all_shared,logistic_regression,debounced_offline,ab20f4b8efd1767e1f54,victim_0002,1,remote_on_off,1,8090.9366784642525,synchronization_bursty,local_compute,8640.0,dense_remote,local_compute,True,549.0633215357475,549.0633215357475
entanglement_assisted_all_shared,logistic_regression,debounced_offline,ab20f4b8efd1767e1f54,victim_0002,1,remote_on_off,2,11252.308935390323,local_compute,dense_remote,11580.0,local_compute,sparse_remote,True,327.6910646096767,327.6910646096767
entanglement_assisted_all_shared,logistic_regression,debounced_offline,cc7233a6ded14cc06325,victim_0003,1,phase_exact,0,3184.1511702802213,local_compute,sparse_remote,,,,False,,
entanglement_assisted_all_shared,logistic_regression,debounced_offline,cc7233a6ded14cc06325,victim_0003,1,phase_exact,1,8137.308551850549,sparse_remote,dense_remote,,,,False,,
entanglement_assisted_all_shared,logistic_regression,debounced_offline,cc7233a6ded14cc06325,victim_0003,1,phase_exact,2,11766.900719130488,dense_remote,sparse_remote,,,,False,,
entanglement_assisted_all_shared,logistic_regression,debounced_offline,cc7233a6ded14cc06325,victim_0003,1,phase_exact,3,16533.76894948869,sparse_remote,synchronization_bursty,,,,False,,
entanglement_assisted_all_shared,logistic_regression,debounced_offline,cc7233a6ded14cc06325,victim_0003,1,phase_any,0,3184.1511702802213,local_compute,sparse_remote,3180.0,local_compute,dense_remote,True,-4.151170280221322,4.151170280221322
entanglement_assisted_all_shared,logistic_regression,debounced_offline,cc7233a6ded14cc06325,victim_0003,1,phase_any,1,8137.308551850549,sparse_remote,dense_remote,,,,False,,
entanglement_assisted_all_shared,logistic_regression,debounced_offline,cc7233a6ded14cc06325,victim_0003,1,phase_any,2,11766.900719130488,dense_remote,sparse_remote,,,,False,,
entanglement_assisted_all_shared,logistic_regression,debounced_offline,cc7233a6ded14cc06325,victim_0003,1,phase_any,3,16533.76894948869,sparse_remote,synchronization_bursty,16620.0,local_compute,synchronization_bursty,True,86.23105051130915,86.23105051130915
entanglement_assisted_all_shared,logistic_regression,debounced_offline,cc7233a6ded14cc06325,victim_0003,1,remote_on_off,0,3184.1511702802213,local_compute,sparse_remote,3180.0,local_compute,dense_remote,True,-4.151170280221322,4.151170280221322
entanglement_assisted_all_shared,logistic_regression,raw_online,0346e21f42b0f84c755d,victim_0035,0,phase_exact,0,5666.796589479767,sparse_remote,synchronization_bursty,,,,False,,
entanglement_assisted_all_shared,logistic_regression,raw_online,0346e21f42b0f84c755d,victim_0035,0,phase_exact,1,11193.313605806132,synchronization_bursty,dense_remote,,,,False,,
entanglement_assisted_all_shared,logistic_regression,raw_online,0346e21f42b0f84c755d,victim_0035,0,phase_exact,2,13748.01001582324,dense_remote,sparse_remote,,,,False,,
entanglement_assisted_all_shared,logistic_regression,raw_online,0346e21f42b0f84c755d,victim_0035,0,phase_exact,3,16408.670686815945,sparse_remote,local_compute,15780.0,sparse_remote,local_compute,True,-628.6706868159454,628.6706868159454
entanglement_assisted_all_shared,logistic_regression,raw_online,0346e21f42b0f84c755d,victim_0035,0,phase_any,0,5666.796589479767,sparse_remote,synchronization_bursty,5700.0,local_compute,dense_remote,True,33.203410520232865,33.203410520232865
entanglement_assisted_all_shared,logistic_regression,raw_online,0346e21f42b0f84c755d,victim_0035,0,phase_any,1,11193.313605806132,synchronization_bursty,dense_remote,,,,False,,
entanglement_assisted_all_shared,logistic_regression,raw_online,0346e21f42b0f84c755d,victim_0035,0,phase_any,2,13748.01001582324,dense_remote,sparse_remote,,,,False,,
entanglement_assisted_all_shared,logistic_regression,raw_online,0346e21f42b0f84c755d,victim_0035,0,phase_any,3,16408.670686815945,sparse_remote,local_compute,15780.0,sparse_remote,local_compute,True,-628.6706868159454,628.6706868159454
entanglement_assisted_all_shared,logistic_regression,raw_online,0346e21f42b0f84c755d,victim_0035,0,remote_on_off,3,16408.670686815945,sparse_remote,local_compute,15780.0,sparse_remote,local_compute,True,-628.6706868159454,628.6706868159454
entanglement_assisted_all_shared,logistic_regression,raw_online,04299cc0d7d664e66d97,victim_0034,0,phase_exact,0,2584.983901882975,dense_remote,local_compute,3180.0,dense_remote,local_compute,True,595.0160981170252,595.0160981170252
entanglement_assisted_all_shared,logistic_regression,raw_online,04299cc0d7d664e66d97,victim_0034,0,phase_exact,1,5207.092213312335,local_compute,sparse_remote,,,,False,,
entanglement_assisted_all_shared,logistic_regression,raw_online,04299cc0d7d664e66d97,victim_0034,0,phase_exact,2,8644.94250269917,sparse_remote,synchronization_bursty,,,,False,,
entanglement_assisted_all_shared,logistic_regression,raw_online,04299cc0d7d664e66d97,victim_0034,0,phase_exact,3,11529.039859917659,synchronization_bursty,local_compute,11580.0,synchronization_bursty,local_compute,True,50.96014008234124,50.96014008234124
entanglement_assisted_all_shared,logistic_regression,raw_online,04299cc0d7d664e66d97,victim_0034,0,phase_exact,4,16958.909792595652,local_compute,dense_remote,,,,False,,
entanglement_assisted_all_shared,logistic_regression,raw_online,04299cc0d7d664e66d97,victim_0034,0,phase_any,0,2584.983901882975,dense_remote,local_compute,3180.0,dense_remote,local_compute,True,595.0160981170252,595.0160981170252
entanglement_assisted_all_shared,logistic_regression,raw_online,04299cc0d7d664e66d97,victim_0034,0,phase_any,1,5207.092213312335,local_compute,sparse_remote,5280.0,local_compute,dense_remote,True,72.90778668766507,72.90778668766507
entanglement_assisted_all_shared,logistic_regression,raw_online,04299cc0d7d664e66d97,victim_0034,0,phase_any,2,8644.94250269917,sparse_remote,synchronization_bursty,9060.0,dense_remote,synchronization_bursty,True,415.0574973008297,415.0574973008297
entanglement_assisted_all_shared,logistic_regression,raw_online,04299cc0d7d664e66d97,victim_0034,0,phase_any,3,11529.039859917659,synchronization_bursty,local_compute,11580.0,synchronization_bursty,local_compute,True,50.96014008234124,50.96014008234124
entanglement_assisted_all_shared,logistic_regression,raw_online,04299cc0d7d664e66d97,victim_0034,0,phase_any,4,16958.909792595652,local_compute,dense_remote,16620.0,local_compute,sparse_remote,True,-338.9097925956521,338.9097925956521
entanglement_assisted_all_shared,logistic_regression,raw_online,04299cc0d7d664e66d97,victim_0034,0,remote_on_off,0,2584.983901882975,dense_remote,local_compute,3180.0,dense_remote,local_compute,True,595.0160981170252,595.0160981170252
entanglement_assisted_all_shared,logistic_regression,raw_online,04299cc0d7d664e66d97,victim_0034,0,remote_on_off,1,5207.092213312335,local_compute,sparse_remote,5280.0,local_compute,dense_remote,True,72.90778668766507,72.90778668766507
entanglement_assisted_all_shared,logistic_regression,raw_online,04299cc0d7d664e66d97,victim_0034,0,remote_on_off,3,11529.039859917659,synchronization_bursty,local_compute,11580.0,synchronization_bursty,local_compute,True,50.96014008234124,50.96014008234124
entanglement_assisted_all_shared,logistic_regression,raw_online,04299cc0d7d664e66d97,victim_0034,0,remote_on_off,4,16958.909792595652,local_compute,dense_remote,16620.0,local_compute,sparse_remote,True,-338.9097925956521,338.9097925956521
entanglement_assisted_all_shared,logistic_regression,raw_online,172f1f0e3d137672431d,victim_0022,1,phase_exact,0,3282.393742262545,synchronization_bursty,sparse_remote,,,,False,,
entanglement_assisted_all_shared,logistic_regression,raw_online,172f1f0e3d137672431d,victim_0022,1,phase_exact,1,6879.426857186192,sparse_remote,dense_remote,,,,False,,
entanglement_assisted_all_shared,logistic_regression,raw_online,172f1f0e3d137672431d,victim_0022,1,phase_exact,2,9968.001637570029,dense_remote,local_compute,,,,False,,
entanglement_assisted_all_shared,logistic_regression,raw_online,172f1f0e3d137672431d,victim_0022,1,phase_exact,3,14339.419944693838,local_compute,dense_remote,,,,False,,
entanglement_assisted_all_shared,logistic_regression,raw_online,172f1f0e3d137672431d,victim_0022,1,phase_exact,4,16767.069757922298,dense_remote,synchronization_bursty,,,,False,,
entanglement_assisted_all_shared,logistic_regression,raw_online,172f1f0e3d137672431d,victim_0022,1,phase_any,0,3282.393742262545,synchronization_bursty,sparse_remote,,,,False,,
entanglement_assisted_all_shared,logistic_regression,raw_online,172f1f0e3d137672431d,victim_0022,1,phase_any,1,6879.426857186192,sparse_remote,dense_remote,6960.0,local_compute,dense_remote,True,80.57314281380786,80.57314281380786
entanglement_assisted_all_shared,logistic_regression,raw_online,172f1f0e3d137672431d,victim_0022,1,phase_any,2,9968.001637570029,dense_remote,local_compute,,,,False,,
entanglement_assisted_all_shared,logistic_regression,raw_online,172f1f0e3d137672431d,victim_0022,1,phase_any,3,14339.419944693838,local_compute,dense_remote,,,,False,,
entanglement_assisted_all_shared,logistic_regression,raw_online,172f1f0e3d137672431d,victim_0022,1,phase_any,4,16767.069757922298,dense_remote,synchronization_bursty,17040.0,sparse_remote,synchronization_bursty,True,272.93024207770213,272.93024207770213
entanglement_assisted_all_shared,logistic_regression,raw_online,172f1f0e3d137672431d,victim_0022,1,remote_on_off,2,9968.001637570029,dense_remote,local_compute,,,,False,,
entanglement_assisted_all_shared,logistic_regression,raw_online,172f1f0e3d137672431d,victim_0022,1,remote_on_off,3,14339.419944693838,local_compute,dense_remote,,,,False,,
entanglement_assisted_all_shared,logistic_regression,raw_online,17ab2950af1e041933b2,victim_0008,1,phase_exact,0,2978.015688481845,synchronization_bursty,dense_remote,,,,False,,
entanglement_assisted_all_shared,logistic_regression,raw_online,17ab2950af1e041933b2,victim_0008,1,phase_exact,1,6468.965710581726,dense_remote,sparse_remote,,,,False,,
entanglement_assisted_all_shared,logistic_regression,raw_online,17ab2950af1e041933b2,victim_0008,1,phase_exact,2,11679.055663519011,sparse_remote,local_compute,,,,False,,
entanglement_assisted_all_shared,logistic_regression,raw_online,17ab2950af1e041933b2,victim_0008,1,phase_exact,3,16457.887331498667,local_compute,dense_remote,,,,False,,
entanglement_assisted_all_shared,logistic_regression,raw_online,17ab2950af1e041933b2,victim_0008,1,phase_any,0,2978.015688481845,synchronization_bursty,dense_remote,3180.0,synchronization_bursty,local_compute,True,201.9843115181552,201.9843115181552
entanglement_assisted_all_shared,logistic_regression,raw_online,17ab2950af1e041933b2,victim_0008,1,phase_any,1,6468.965710581726,dense_remote,sparse_remote,,,,False,,
entanglement_assisted_all_shared,logistic_regression,raw_online,17ab2950af1e041933b2,victim_0008,1,phase_any,2,11679.055663519011,sparse_remote,local_compute,,,,False,,
entanglement_assisted_all_shared,logistic_regression,raw_online,17ab2950af1e041933b2,victim_0008,1,phase_any,3,16457.887331498667,local_compute,dense_remote,,,,False,,
entanglement_assisted_all_shared,logistic_regression,raw_online,17ab2950af1e041933b2,victim_0008,1,remote_on_off,2,11679.055663519011,sparse_remote,local_compute,,,,False,,
entanglement_assisted_all_shared,logistic_regression,raw_online,17ab2950af1e041933b2,victim_0008,1,remote_on_off,3,16457.887331498667,local_compute,dense_remote,,,,False,,
entanglement_assisted_all_shared,logistic_regression,raw_online,25c407c4ed50583567ca,victim_0022,0,phase_exact,0,3282.393742262545,synchronization_bursty,sparse_remote,,,,False,,
entanglement_assisted_all_shared,logistic_regression,raw_online,25c407c4ed50583567ca,victim_0022,0,phase_exact,1,6879.426857186192,sparse_remote,dense_remote,,,,False,,
entanglement_assisted_all_shared,logistic_regression,raw_online,25c407c4ed50583567ca,victim_0022,0,phase_exact,2,9968.001637570029,dense_remote,local_compute,,,,False,,
entanglement_assisted_all_shared,logistic_regression,raw_online,25c407c4ed50583567ca,victim_0022,0,phase_exact,3,14339.419944693838,local_compute,dense_remote,,,,False,,
entanglement_assisted_all_shared,logistic_regression,raw_online,25c407c4ed50583567ca,victim_0022,0,phase_exact,4,16767.069757922298,dense_remote,synchronization_bursty,17040.0,dense_remote,synchronization_bursty,True,272.93024207770213,272.93024207770213
entanglement_assisted_all_shared,logistic_regression,raw_online,25c407c4ed50583567ca,victim_0022,0,phase_any,0,3282.393742262545,synchronization_bursty,sparse_remote,3180.0,synchronization_bursty,local_compute,True,-102.39374226254495,102.39374226254495
entanglement_assisted_all_shared,logistic_regression,raw_online,25c407c4ed50583567ca,victim_0022,0,phase_any,1,6879.426857186192,sparse_remote,dense_remote,6960.0,local_compute,dense_remote,True,80.57314281380786,80.57314281380786
entanglement_assisted_all_shared,logistic_regression,raw_online,25c407c4ed50583567ca,victim_0022,0,phase_any,2,9968.001637570029,dense_remote,local_compute,,,,False,,
entanglement_assisted_all_shared,logistic_regression,raw_online,25c407c4ed50583567ca,victim_0022,0,phase_any,3,14339.419944693838,local_compute,dense_remote,,,,False,,
entanglement_assisted_all_shared,logistic_regression,raw_online,25c407c4ed50583567ca,victim_0022,0,phase_any,4,16767.069757922298,dense_remote,synchronization_bursty,17040.0,dense_remote,synchronization_bursty,True,272.93024207770213,272.93024207770213
entanglement_assisted_all_shared,logistic_regression,raw_online,25c407c4ed50583567ca,victim_0022,0,remote_on_off,2,9968.001637570029,dense_remote,local_compute,,,,False,,
entanglement_assisted_all_shared,logistic_regression,raw_online,25c407c4ed50583567ca,victim_0022,0,remote_on_off,3,14339.419944693838,local_compute,dense_remote,,,,False,,
entanglement_assisted_all_shared,logistic_regression,raw_online,3c3df35fa90238e8bfef,victim_0002,0,phase_exact,0,4128.836103055568,sparse_remote,synchronization_bursty,,,,False,,
entanglement_assisted_all_shared,logistic_regression,raw_online,3c3df35fa90238e8bfef,victim_0002,0,phase_exact,1,8090.9366784642525,synchronization_bursty,local_compute,,,,False,,
entanglement_assisted_all_shared,logistic_regression,raw_online,3c3df35fa90238e8bfef,victim_0002,0,phase_exact,2,11252.308935390323,local_compute,dense_remote,,,,False,,
entanglement_assisted_all_shared,logistic_regression,raw_online,3c3df35fa90238e8bfef,victim_0002,0,phase_exact,3,14243.601544682242,dense_remote,sparse_remote,,,,False,,
entanglement_assisted_all_shared,logistic_regression,raw_online,3c3df35fa90238e8bfef,victim_0002,0,phase_any,0,4128.836103055568,sparse_remote,synchronization_bursty,4440.0,local_compute,synchronization_bursty,True,311.16389694443205,311.16389694443205
entanglement_assisted_all_shared,logistic_regression,raw_online,3c3df35fa90238e8bfef,victim_0002,0,phase_any,1,8090.9366784642525,synchronization_bursty,local_compute,7800.0,synchronization_bursty,dense_remote,True,-290.9366784642525,290.9366784642525
entanglement_assisted_all_shared,logistic_regression,raw_online,3c3df35fa90238e8bfef,victim_0002,0,phase_any,2,11252.308935390323,local_compute,dense_remote,11580.0,local_compute,sparse_remote,True,327.6910646096767,327.6910646096767
entanglement_assisted_all_shared,logistic_regression,raw_online,3c3df35fa90238e8bfef,victim_0002,0,phase_any,3,14243.601544682242,dense_remote,sparse_remote,14520.0,dense_remote,local_compute,True,276.3984553177579,276.3984553177579
entanglement_assisted_all_shared,logistic_regression,raw_online,3c3df35fa90238e8bfef,victim_0002,0,remote_on_off,1,8090.9366784642525,synchronization_bursty,local_compute,,,,False,,
entanglement_assisted_all_shared,logistic_regression,raw_online,3c3df35fa90238e8bfef,victim_0002,0,remote_on_off,2,11252.308935390323,local_compute,dense_remote,11580.0,local_compute,sparse_remote,True,327.6910646096767,327.6910646096767
entanglement_assisted_all_shared,logistic_regression,raw_online,3edd548b0c7491d4560f,victim_0031,0,phase_exact,0,4159.949493759739,local_compute,dense_remote,,,,False,,
entanglement_assisted_all_shared,logistic_regression,raw_online,3edd548b0c7491d4560f,victim_0031,0,phase_exact,1,8524.953030037665,dense_remote,sparse_remote,,,,False,,
entanglement_assisted_all_shared,logistic_regression,raw_online,3edd548b0c7491d4560f,victim_0031,0,phase_exact,2,11172.11201804374,sparse_remote,synchronization_bursty,,,,False,,
entanglement_assisted_all_shared,logistic_regression,raw_online,3edd548b0c7491d4560f,victim_0031,0,phase_exact,3,14427.950477163511,synchronization_bursty,dense_remote,,,,False,,
entanglement_assisted_all_shared,logistic_regression,raw_online,3edd548b0c7491d4560f,victim_0031,0,phase_exact,4,17846.27700177856,dense_remote,local_compute,17040.0,dense_remote,local_compute,True,-806.2770017785588,806.2770017785588
entanglement_assisted_all_shared,logistic_regression,raw_online,3edd548b0c7491d4560f,victim_0031,0,phase_any,0,4159.949493759739,local_compute,dense_remote,,,,False,,
entanglement_assisted_all_shared,logistic_regression,raw_online,3edd548b0c7491d4560f,victim_0031,0,phase_any,1,8524.953030037665,dense_remote,sparse_remote,,,,False,,
entanglement_assisted_all_shared,logistic_regression,raw_online,3edd548b0c7491d4560f,victim_0031,0,phase_any,2,11172.11201804374,sparse_remote,synchronization_bursty,11580.0,local_compute,synchronization_bursty,True,407.8879819562608,407.8879819562608
entanglement_assisted_all_shared,logistic_regression,raw_online,3edd548b0c7491d4560f,victim_0031,0,phase_any,3,14427.950477163511,synchronization_bursty,dense_remote,,,,False,,
entanglement_assisted_all_shared,logistic_regression,raw_online,3edd548b0c7491d4560f,victim_0031,0,phase_any,4,17846.27700177856,dense_remote,local_compute,17040.0,dense_remote,local_compute,True,-806.2770017785588,806.2770017785588
entanglement_assisted_all_shared,logistic_regression,raw_online,3edd548b0c7491d4560f,victim_0031,0,remote_on_off,0,4159.949493759739,local_compute,dense_remote,,,,False,,
entanglement_assisted_all_shared,logistic_regression,raw_online,3edd548b0c7491d4560f,victim_0031,0,remote_on_off,4,17846.27700177856,dense_remote,local_compute,17040.0,dense_remote,local_compute,True,-806.2770017785588,806.2770017785588
entanglement_assisted_all_shared,logistic_regression,raw_online,420d7035a33dcffe3e64,victim_0035,1,phase_exact,0,5666.796589479767,sparse_remote,synchronization_bursty,,,,False,,
entanglement_assisted_all_shared,logistic_regression,raw_online,420d7035a33dcffe3e64,victim_0035,1,phase_exact,1,11193.313605806132,synchronization_bursty,dense_remote,,,,False,,
entanglement_assisted_all_shared,logistic_regression,raw_online,420d7035a33dcffe3e64,victim_0035,1,phase_exact,2,13748.01001582324,dense_remote,sparse_remote,,,,False,,
entanglement_assisted_all_shared,logistic_regression,raw_online,420d7035a33dcffe3e64,victim_0035,1,phase_exact,3,16408.670686815945,sparse_remote,local_compute,,,,False,,
entanglement_assisted_all_shared,logistic_regression,raw_online,420d7035a33dcffe3e64,victim_0035,1,phase_any,0,5666.796589479767,sparse_remote,synchronization_bursty,6120.0,dense_remote,synchronization_bursty,True,453.20341052023286,453.20341052023286
entanglement_assisted_all_shared,logistic_regression,raw_online,420d7035a33dcffe3e64,victim_0035,1,phase_any,1,11193.313605806132,synchronization_bursty,dense_remote,12000.0,synchronization_bursty,sparse_remote,True,806.6863941938682,806.6863941938682
entanglement_assisted_all_shared,logistic_regression,raw_online,420d7035a33dcffe3e64,victim_0035,1,phase_any,2,13748.01001582324,dense_remote,sparse_remote,14520.0,dense_remote,local_compute,True,771.9899841767601,771.9899841767601
entanglement_assisted_all_shared,logistic_regression,raw_online,420d7035a33dcffe3e64,victim_0035,1,phase_any,3,16408.670686815945,sparse_remote,local_compute,16200.0,local_compute,dense_remote,True,-208.67068681594537,208.67068681594537
entanglement_assisted_all_shared,logistic_regression,raw_online,420d7035a33dcffe3e64,victim_0035,1,remote_on_off,3,16408.670686815945,sparse_remote,local_compute,,,,False,,
entanglement_assisted_all_shared,logistic_regression,raw_online,4398cbaf9e5947263a10,victim_0031,1,phase_exact,0,4159.949493759739,local_compute,dense_remote,,,,False,,
entanglement_assisted_all_shared,logistic_regression,raw_online,4398cbaf9e5947263a10,victim_0031,1,phase_exact,1,8524.953030037665,dense_remote,sparse_remote,,,,False,,
entanglement_assisted_all_shared,logistic_regression,raw_online,4398cbaf9e5947263a10,victim_0031,1,phase_exact,2,11172.11201804374,sparse_remote,synchronization_bursty,,,,False,,
entanglement_assisted_all_shared,logistic_regression,raw_online,4398cbaf9e5947263a10,victim_0031,1,phase_exact,3,14427.950477163511,synchronization_bursty,dense_remote,,,,False,,
entanglement_assisted_all_shared,logistic_regression,raw_online,4398cbaf9e5947263a10,victim_0031,1,phase_exact,4,17846.27700177856,dense_remote,local_compute,,,,False,,
entanglement_assisted_all_shared,logistic_regression,raw_online,4398cbaf9e5947263a10,victim_0031,1,phase_any,0,4159.949493759739,local_compute,dense_remote,,,,False,,
entanglement_assisted_all_shared,logistic_regression,raw_online,4398cbaf9e5947263a10,victim_0031,1,phase_any,1,8524.953030037665,dense_remote,sparse_remote,8640.0,local_compute,dense_remote,True,115.04696996233542,115.04696996233542
entanglement_assisted_all_shared,logistic_regression,raw_online,4398cbaf9e5947263a10,victim_0031,1,phase_any,2,11172.11201804374,sparse_remote,synchronization_bursty,11160.0,local_compute,dense_remote,True,-12.112018043739226,12.112018043739226
entanglement_assisted_all_shared,logistic_regression,raw_online,4398cbaf9e5947263a10,victim_0031,1,phase_any,3,14427.950477163511,synchronization_bursty,dense_remote,,,,False,,
entanglement_assisted_all_shared,logistic_regression,raw_online,4398cbaf9e5947263a10,victim_0031,1,phase_any,4,17846.27700177856,dense_remote,local_compute,18300.0,dense_remote,sparse_remote,True,453.72299822144123,453.72299822144123
entanglement_assisted_all_shared,logistic_regression,raw_online,4398cbaf9e5947263a10,victim_0031,1,remote_on_off,0,4159.949493759739,local_compute,dense_remote,,,,False,,
entanglement_assisted_all_shared,logistic_regression,raw_online,4398cbaf9e5947263a10,victim_0031,1,remote_on_off,4,17846.27700177856,dense_remote,local_compute,,,,False,,
entanglement_assisted_all_shared,logistic_regression,raw_online,46bebc294309e0cb8b97,victim_0006,1,phase_exact,0,3868.292651126604,sparse_remote,local_compute,,,,False,,
entanglement_assisted_all_shared,logistic_regression,raw_online,46bebc294309e0cb8b97,victim_0006,1,phase_exact,1,8142.9548099510275,local_compute,sparse_remote,,,,False,,
entanglement_assisted_all_shared,logistic_regression,raw_online,46bebc294309e0cb8b97,victim_0006,1,phase_exact,2,10850.749623475784,sparse_remote,synchronization_bursty,,,,False,,
entanglement_assisted_all_shared,logistic_regression,raw_online,46bebc294309e0cb8b97,victim_0006,1,phase_exact,3,13905.834588475289,synchronization_bursty,dense_remote,14100.0,synchronization_bursty,dense_remote,True,194.1654115247111,194.1654115247111
entanglement_assisted_all_shared,logistic_regression,raw_online,46bebc294309e0cb8b97,victim_0006,1,phase_any,0,3868.292651126604,sparse_remote,local_compute,4020.0,dense_remote,local_compute,True,151.70734887339586,151.70734887339586
entanglement_assisted_all_shared,logistic_regression,raw_online,46bebc294309e0cb8b97,victim_0006,1,phase_any,1,8142.9548099510275,local_compute,sparse_remote,8220.0,sparse_remote,dense_remote,True,77.04519004897247,77.04519004897247
entanglement_assisted_all_shared,logistic_regression,raw_online,46bebc294309e0cb8b97,victim_0006,1,phase_any,2,10850.749623475784,sparse_remote,synchronization_bursty,11160.0,local_compute,synchronization_bursty,True,309.25037652421634,309.25037652421634
entanglement_assisted_all_shared,logistic_regression,raw_online,46bebc294309e0cb8b97,victim_0006,1,phase_any,3,13905.834588475289,synchronization_bursty,dense_remote,14100.0,synchronization_bursty,dense_remote,True,194.1654115247111,194.1654115247111
entanglement_assisted_all_shared,logistic_regression,raw_online,46bebc294309e0cb8b97,victim_0006,1,remote_on_off,0,3868.292651126604,sparse_remote,local_compute,4020.0,dense_remote,local_compute,True,151.70734887339586,151.70734887339586
entanglement_assisted_all_shared,logistic_regression,raw_online,46bebc294309e0cb8b97,victim_0006,1,remote_on_off,1,8142.9548099510275,local_compute,sparse_remote,,,,False,,
entanglement_assisted_all_shared,logistic_regression,raw_online,5b4123f6cec289ca979c,victim_0020,0,phase_exact,0,3945.197190413731,dense_remote,local_compute,3180.0,dense_remote,local_compute,True,-765.1971904137308,765.1971904137308
entanglement_assisted_all_shared,logistic_regression,raw_online,5b4123f6cec289ca979c,victim_0020,0,phase_exact,1,8519.38861505275,local_compute,synchronization_bursty,,,,False,,
entanglement_assisted_all_shared,logistic_regression,raw_online,5b4123f6cec289ca979c,victim_0020,0,phase_exact,2,13972.618573212338,synchronization_bursty,local_compute,,,,False,,
entanglement_assisted_all_shared,logistic_regression,raw_online,5b4123f6cec289ca979c,victim_0020,0,phase_exact,3,17384.940617006945,local_compute,sparse_remote,,,,False,,
entanglement_assisted_all_shared,logistic_regression,raw_online,5b4123f6cec289ca979c,victim_0020,0,phase_any,0,3945.197190413731,dense_remote,local_compute,3180.0,dense_remote,local_compute,True,-765.1971904137308,765.1971904137308
entanglement_assisted_all_shared,logistic_regression,raw_online,5b4123f6cec289ca979c,victim_0020,0,phase_any,1,8519.38861505275,local_compute,synchronization_bursty,8640.0,sparse_remote,synchronization_bursty,True,120.61138494724946,120.61138494724946
entanglement_assisted_all_shared,logistic_regression,raw_online,5b4123f6cec289ca979c,victim_0020,0,phase_any,2,13972.618573212338,synchronization_bursty,local_compute,,,,False,,
entanglement_assisted_all_shared,logistic_regression,raw_online,5b4123f6cec289ca979c,victim_0020,0,phase_any,3,17384.940617006945,local_compute,sparse_remote,,,,False,,
entanglement_assisted_all_shared,logistic_regression,raw_online,5b4123f6cec289ca979c,victim_0020,0,remote_on_off,0,3945.197190413731,dense_remote,local_compute,3180.0,dense_remote,local_compute,True,-765.1971904137308,765.1971904137308
entanglement_assisted_all_shared,logistic_regression,raw_online,5b4123f6cec289ca979c,victim_0020,0,remote_on_off,1,8519.38861505275,local_compute,synchronization_bursty,,,,False,,
entanglement_assisted_all_shared,logistic_regression,raw_online,5b4123f6cec289ca979c,victim_0020,0,remote_on_off,2,13972.618573212338,synchronization_bursty,local_compute,,,,False,,
entanglement_assisted_all_shared,logistic_regression,raw_online,5b4123f6cec289ca979c,victim_0020,0,remote_on_off,3,17384.940617006945,local_compute,sparse_remote,,,,False,,
entanglement_assisted_all_shared,logistic_regression,raw_online,6cebdb4384d627360615,victim_0003,0,phase_exact,0,3184.1511702802213,local_compute,sparse_remote,,,,False,,
entanglement_assisted_all_shared,logistic_regression,raw_online,6cebdb4384d627360615,victim_0003,0,phase_exact,1,8137.308551850549,sparse_remote,dense_remote,,,,False,,
entanglement_assisted_all_shared,logistic_regression,raw_online,6cebdb4384d627360615,victim_0003,0,phase_exact,2,11766.900719130488,dense_remote,sparse_remote,,,,False,,
entanglement_assisted_all_shared,logistic_regression,raw_online,6cebdb4384d627360615,victim_0003,0,phase_exact,3,16533.76894948869,sparse_remote,synchronization_bursty,,,,False,,
entanglement_assisted_all_shared,logistic_regression,raw_online,6cebdb4384d627360615,victim_0003,0,phase_any,0,3184.1511702802213,local_compute,sparse_remote,,,,False,,
entanglement_assisted_all_shared,logistic_regression,raw_online,6cebdb4384d627360615,victim_0003,0,phase_any,1,8137.308551850549,sparse_remote,dense_remote,,,,False,,
entanglement_assisted_all_shared,logistic_regression,raw_online,6cebdb4384d627360615,victim_0003,0,phase_any,2,11766.900719130488,dense_remote,sparse_remote,,,,False,,
entanglement_assisted_all_shared,logistic_regression,raw_online,6cebdb4384d627360615,victim_0003,0,phase_any,3,16533.76894948869,sparse_remote,synchronization_bursty,16620.0,sparse_remote,dense_remote,True,86.23105051130915,86.23105051130915
entanglement_assisted_all_shared,logistic_regression,raw_online,6cebdb4384d627360615,victim_0003,0,remote_on_off,0,3184.1511702802213,local_compute,sparse_remote,,,,False,,
entanglement_assisted_all_shared,logistic_regression,raw_online,7423f67511e48a81d130,victim_0020,1,phase_exact,0,3945.197190413731,dense_remote,local_compute,,,,False,,
entanglement_assisted_all_shared,logistic_regression,raw_online,7423f67511e48a81d130,victim_0020,1,phase_exact,1,8519.38861505275,local_compute,synchronization_bursty,8640.0,local_compute,synchronization_bursty,True,120.61138494724946,120.61138494724946
entanglement_assisted_all_shared,logistic_regression,raw_online,7423f67511e48a81d130,victim_0020,1,phase_exact,2,13972.618573212338,synchronization_bursty,local_compute,,,,False,,
entanglement_assisted_all_shared,logistic_regression,raw_online,7423f67511e48a81d130,victim_0020,1,phase_exact,3,17384.940617006945,local_compute,sparse_remote,,,,False,,
entanglement_assisted_all_shared,logistic_regression,raw_online,7423f67511e48a81d130,victim_0020,1,phase_any,0,3945.197190413731,dense_remote,local_compute,,,,False,,
entanglement_assisted_all_shared,logistic_regression,raw_online,7423f67511e48a81d130,victim_0020,1,phase_any,1,8519.38861505275,local_compute,synchronization_bursty,8640.0,local_compute,synchronization_bursty,True,120.61138494724946,120.61138494724946
entanglement_assisted_all_shared,logistic_regression,raw_online,7423f67511e48a81d130,victim_0020,1,phase_any,2,13972.618573212338,synchronization_bursty,local_compute,13680.0,synchronization_bursty,dense_remote,True,-292.61857321233765,292.61857321233765
entanglement_assisted_all_shared,logistic_regression,raw_online,7423f67511e48a81d130,victim_0020,1,phase_any,3,17384.940617006945,local_compute,sparse_remote,,,,False,,
entanglement_assisted_all_shared,logistic_regression,raw_online,7423f67511e48a81d130,victim_0020,1,remote_on_off,0,3945.197190413731,dense_remote,local_compute,,,,False,,
entanglement_assisted_all_shared,logistic_regression,raw_online,7423f67511e48a81d130,victim_0020,1,remote_on_off,1,8519.38861505275,local_compute,synchronization_bursty,8640.0,local_compute,synchronization_bursty,True,120.61138494724946,120.61138494724946
entanglement_assisted_all_shared,logistic_regression,raw_online,7423f67511e48a81d130,victim_0020,1,remote_on_off,2,13972.618573212338,synchronization_bursty,local_compute,,,,False,,
entanglement_assisted_all_shared,logistic_regression,raw_online,7423f67511e48a81d130,victim_0020,1,remote_on_off,3,17384.940617006945,local_compute,sparse_remote,,,,False,,
entanglement_assisted_all_shared,logistic_regression,raw_online,8135629aaff586891586,victim_0018,0,phase_exact,0,4823.51995045369,dense_remote,sparse_remote,,,,False,,
entanglement_assisted_all_shared,logistic_regression,raw_online,8135629aaff586891586,victim_0018,0,phase_exact,1,9594.047520701628,sparse_remote,synchronization_bursty,,,,False,,
entanglement_assisted_all_shared,logistic_regression,raw_online,8135629aaff586891586,victim_0018,0,phase_exact,2,12361.950228432477,synchronization_bursty,dense_remote,,,,False,,
entanglement_assisted_all_shared,logistic_regression,raw_online,8135629aaff586891586,victim_0018,0,phase_exact,3,16100.566304239506,dense_remote,local_compute,16620.0,dense_remote,local_compute,True,519.4336957604937,519.4336957604937
entanglement_assisted_all_shared,logistic_regression,raw_online,8135629aaff586891586,victim_0018,0,phase_any,0,4823.51995045369,dense_remote,sparse_remote,4860.0,local_compute,dense_remote,True,36.4800495463096,36.4800495463096
entanglement_assisted_all_shared,logistic_regression,raw_online,8135629aaff586891586,victim_0018,0,phase_any,1,9594.047520701628,sparse_remote,synchronization_bursty,9900.0,dense_remote,synchronization_bursty,True,305.95247929837205,305.95247929837205
entanglement_assisted_all_shared,logistic_regression,raw_online,8135629aaff586891586,victim_0018,0,phase_any,2,12361.950228432477,synchronization_bursty,dense_remote,12840.0,synchronization_bursty,sparse_remote,True,478.04977156752284,478.04977156752284
entanglement_assisted_all_shared,logistic_regression,raw_online,8135629aaff586891586,victim_0018,0,phase_any,3,16100.566304239506,dense_remote,local_compute,16620.0,dense_remote,local_compute,True,519.4336957604937,519.4336957604937
entanglement_assisted_all_shared,logistic_regression,raw_online,8135629aaff586891586,victim_0018,0,remote_on_off,3,16100.566304239506,dense_remote,local_compute,16620.0,dense_remote,local_compute,True,519.4336957604937,519.4336957604937
entanglement_assisted_all_shared,logistic_regression,raw_online,93588e5287f9b3f5c738,victim_0034,1,phase_exact,0,2584.983901882975,dense_remote,local_compute,,,,False,,
entanglement_assisted_all_shared,logistic_regression,raw_online,93588e5287f9b3f5c738,victim_0034,1,phase_exact,1,5207.092213312335,local_compute,sparse_remote,,,,False,,
entanglement_assisted_all_shared,logistic_regression,raw_online,93588e5287f9b3f5c738,victim_0034,1,phase_exact,2,8644.94250269917,sparse_remote,synchronization_bursty,,,,False,,
entanglement_assisted_all_shared,logistic_regression,raw_online,93588e5287f9b3f5c738,victim_0034,1,phase_exact,3,11529.039859917659,synchronization_bursty,local_compute,11580.0,synchronization_bursty,local_compute,True,50.96014008234124,50.96014008234124
entanglement_assisted_all_shared,logistic_regression,raw_online,93588e5287f9b3f5c738,victim_0034,1,phase_exact,4,16958.909792595652,local_compute,dense_remote,,,,False,,
entanglement_assisted_all_shared,logistic_regression,raw_online,93588e5287f9b3f5c738,victim_0034,1,phase_any,0,2584.983901882975,dense_remote,local_compute,,,,False,,
entanglement_assisted_all_shared,logistic_regression,raw_online,93588e5287f9b3f5c738,victim_0034,1,phase_any,1,5207.092213312335,local_compute,sparse_remote,,,,False,,
entanglement_assisted_all_shared,logistic_regression,raw_online,93588e5287f9b3f5c738,victim_0034,1,phase_any,2,8644.94250269917,sparse_remote,synchronization_bursty,9060.0,dense_remote,synchronization_bursty,True,415.0574973008297,415.0574973008297
entanglement_assisted_all_shared,logistic_regression,raw_online,93588e5287f9b3f5c738,victim_0034,1,phase_any,3,11529.039859917659,synchronization_bursty,local_compute,11580.0,synchronization_bursty,local_compute,True,50.96014008234124,50.96014008234124
entanglement_assisted_all_shared,logistic_regression,raw_online,93588e5287f9b3f5c738,victim_0034,1,phase_any,4,16958.909792595652,local_compute,dense_remote,16620.0,local_compute,sparse_remote,True,-338.9097925956521,338.9097925956521
entanglement_assisted_all_shared,logistic_regression,raw_online,93588e5287f9b3f5c738,victim_0034,1,remote_on_off,0,2584.983901882975,dense_remote,local_compute,,,,False,,
entanglement_assisted_all_shared,logistic_regression,raw_online,93588e5287f9b3f5c738,victim_0034,1,remote_on_off,1,5207.092213312335,local_compute,sparse_remote,,,,False,,
entanglement_assisted_all_shared,logistic_regression,raw_online,93588e5287f9b3f5c738,victim_0034,1,remote_on_off,3,11529.039859917659,synchronization_bursty,local_compute,11580.0,synchronization_bursty,local_compute,True,50.96014008234124,50.96014008234124
entanglement_assisted_all_shared,logistic_regression,raw_online,93588e5287f9b3f5c738,victim_0034,1,remote_on_off,4,16958.909792595652,local_compute,dense_remote,16620.0,local_compute,sparse_remote,True,-338.9097925956521,338.9097925956521
entanglement_assisted_all_shared,logistic_regression,raw_online,974616a9a6e332063551,victim_0010,0,phase_exact,0,3799.0914558502673,local_compute,dense_remote,,,,False,,
entanglement_assisted_all_shared,logistic_regression,raw_online,974616a9a6e332063551,victim_0010,0,phase_exact,1,7177.584870190105,dense_remote,sparse_remote,,,,False,,
entanglement_assisted_all_shared,logistic_regression,raw_online,974616a9a6e332063551,victim_0010,0,phase_exact,2,9864.380078273627,sparse_remote,synchronization_bursty,,,,False,,
entanglement_assisted_all_shared,logistic_regression,raw_online,974616a9a6e332063551,victim_0010,0,phase_exact,3,12803.703036780968,synchronization_bursty,dense_remote,,,,False,,
entanglement_assisted_all_shared,logistic_regression,raw_online,974616a9a6e332063551,victim_0010,0,phase_exact,4,15204.780045932635,dense_remote,synchronization_bursty,15360.0,dense_remote,synchronization_bursty,True,155.2199540673646,155.2199540673646
entanglement_assisted_all_shared,logistic_regression,raw_online,974616a9a6e332063551,victim_0010,0,phase_any,0,3799.0914558502673,local_compute,dense_remote,,,,False,,
entanglement_assisted_all_shared,logistic_regression,raw_online,974616a9a6e332063551,victim_0010,0,phase_any,1,7177.584870190105,dense_remote,sparse_remote,6540.0,local_compute,dense_remote,True,-637.584870190105,637.584870190105
entanglement_assisted_all_shared,logistic_regression,raw_online,974616a9a6e332063551,victim_0010,0,phase_any,2,9864.380078273627,sparse_remote,synchronization_bursty,9900.0,local_compute,synchronization_bursty,True,35.61992172637292,35.61992172637292
entanglement_assisted_all_shared,logistic_regression,raw_online,974616a9a6e332063551,victim_0010,0,phase_any,3,12803.703036780968,synchronization_bursty,dense_remote,,,,False,,
entanglement_assisted_all_shared,logistic_regression,raw_online,974616a9a6e332063551,victim_0010,0,phase_any,4,15204.780045932635,dense_remote,synchronization_bursty,15360.0,dense_remote,synchronization_bursty,True,155.2199540673646,155.2199540673646
entanglement_assisted_all_shared,logistic_regression,raw_online,974616a9a6e332063551,victim_0010,0,remote_on_off,0,3799.0914558502673,local_compute,dense_remote,,,,False,,
entanglement_assisted_all_shared,logistic_regression,raw_online,9c8215c31c929d03a222,victim_0010,1,phase_exact,0,3799.0914558502673,local_compute,dense_remote,,,,False,,
entanglement_assisted_all_shared,logistic_regression,raw_online,9c8215c31c929d03a222,victim_0010,1,phase_exact,1,7177.584870190105,dense_remote,sparse_remote,,,,False,,
entanglement_assisted_all_shared,logistic_regression,raw_online,9c8215c31c929d03a222,victim_0010,1,phase_exact,2,9864.380078273627,sparse_remote,synchronization_bursty,,,,False,,
entanglement_assisted_all_shared,logistic_regression,raw_online,9c8215c31c929d03a222,victim_0010,1,phase_exact,3,12803.703036780968,synchronization_bursty,dense_remote,12420.0,synchronization_bursty,dense_remote,True,-383.7030367809675,383.7030367809675
entanglement_assisted_all_shared,logistic_regression,raw_online,9c8215c31c929d03a222,victim_0010,1,phase_exact,4,15204.780045932635,dense_remote,synchronization_bursty,,,,False,,
entanglement_assisted_all_shared,logistic_regression,raw_online,9c8215c31c929d03a222,victim_0010,1,phase_any,0,3799.0914558502673,local_compute,dense_remote,,,,False,,
entanglement_assisted_all_shared,logistic_regression,raw_online,9c8215c31c929d03a222,victim_0010,1,phase_any,1,7177.584870190105,dense_remote,sparse_remote,,,,False,,
entanglement_assisted_all_shared,logistic_regression,raw_online,9c8215c31c929d03a222,victim_0010,1,phase_any,2,9864.380078273627,sparse_remote,synchronization_bursty,9900.0,local_compute,synchronization_bursty,True,35.61992172637292,35.61992172637292
entanglement_assisted_all_shared,logistic_regression,raw_online,9c8215c31c929d03a222,victim_0010,1,phase_any,3,12803.703036780968,synchronization_bursty,dense_remote,12840.0,dense_remote,local_compute,True,36.29696321903248,36.29696321903248
entanglement_assisted_all_shared,logistic_regression,raw_online,9c8215c31c929d03a222,victim_0010,1,phase_any,4,15204.780045932635,dense_remote,synchronization_bursty,15360.0,local_compute,synchronization_bursty,True,155.2199540673646,155.2199540673646
entanglement_assisted_all_shared,logistic_regression,raw_online,9c8215c31c929d03a222,victim_0010,1,remote_on_off,0,3799.0914558502673,local_compute,dense_remote,,,,False,,
entanglement_assisted_all_shared,logistic_regression,raw_online,a16e4cfb01482c42b2c7,victim_0018,1,phase_exact,0,4823.51995045369,dense_remote,sparse_remote,,,,False,,
entanglement_assisted_all_shared,logistic_regression,raw_online,a16e4cfb01482c42b2c7,victim_0018,1,phase_exact,1,9594.047520701628,sparse_remote,synchronization_bursty,9900.0,sparse_remote,synchronization_bursty,True,305.95247929837205,305.95247929837205
entanglement_assisted_all_shared,logistic_regression,raw_online,a16e4cfb01482c42b2c7,victim_0018,1,phase_exact,2,12361.950228432477,synchronization_bursty,dense_remote,12840.0,synchronization_bursty,dense_remote,True,478.04977156752284,478.04977156752284
entanglement_assisted_all_shared,logistic_regression,raw_online,a16e4cfb01482c42b2c7,victim_0018,1,phase_exact,3,16100.566304239506,dense_remote,local_compute,16200.0,dense_remote,local_compute,True,99.43369576049372,99.43369576049372
entanglement_assisted_all_shared,logistic_regression,raw_online,a16e4cfb01482c42b2c7,victim_0018,1,phase_any,0,4823.51995045369,dense_remote,sparse_remote,,,,False,,
entanglement_assisted_all_shared,logistic_regression,raw_online,a16e4cfb01482c42b2c7,victim_0018,1,phase_any,1,9594.047520701628,sparse_remote,synchronization_bursty,9900.0,sparse_remote,synchronization_bursty,True,305.95247929837205,305.95247929837205
entanglement_assisted_all_shared,logistic_regression,raw_online,a16e4cfb01482c42b2c7,victim_0018,1,phase_any,2,12361.950228432477,synchronization_bursty,dense_remote,12840.0,synchronization_bursty,dense_remote,True,478.04977156752284,478.04977156752284
entanglement_assisted_all_shared,logistic_regression,raw_online,a16e4cfb01482c42b2c7,victim_0018,1,phase_any,3,16100.566304239506,dense_remote,local_compute,16200.0,dense_remote,local_compute,True,99.43369576049372,99.43369576049372
entanglement_assisted_all_shared,logistic_regression,raw_online,a16e4cfb01482c42b2c7,victim_0018,1,remote_on_off,3,16100.566304239506,dense_remote,local_compute,16200.0,dense_remote,local_compute,True,99.43369576049372,99.43369576049372
entanglement_assisted_all_shared,logistic_regression,raw_online,a232cf96e89803b66d84,victim_0008,0,phase_exact,0,2978.015688481845,synchronization_bursty,dense_remote,,,,False,,
entanglement_assisted_all_shared,logistic_regression,raw_online,a232cf96e89803b66d84,victim_0008,0,phase_exact,1,6468.965710581726,dense_remote,sparse_remote,,,,False,,
entanglement_assisted_all_shared,logistic_regression,raw_online,a232cf96e89803b66d84,victim_0008,0,phase_exact,2,11679.055663519011,sparse_remote,local_compute,,,,False,,
entanglement_assisted_all_shared,logistic_regression,raw_online,a232cf96e89803b66d84,victim_0008,0,phase_exact,3,16457.887331498667,local_compute,dense_remote,,,,False,,
entanglement_assisted_all_shared,logistic_regression,raw_online,a232cf96e89803b66d84,victim_0008,0,phase_any,0,2978.015688481845,synchronization_bursty,dense_remote,,,,False,,
entanglement_assisted_all_shared,logistic_regression,raw_online,a232cf96e89803b66d84,victim_0008,0,phase_any,1,6468.965710581726,dense_remote,sparse_remote,,,,False,,
entanglement_assisted_all_shared,logistic_regression,raw_online,a232cf96e89803b66d84,victim_0008,0,phase_any,2,11679.055663519011,sparse_remote,local_compute,11580.0,dense_remote,local_compute,True,-99.05566351901143,99.05566351901143
entanglement_assisted_all_shared,logistic_regression,raw_online,a232cf96e89803b66d84,victim_0008,0,phase_any,3,16457.887331498667,local_compute,dense_remote,,,,False,,
entanglement_assisted_all_shared,logistic_regression,raw_online,a232cf96e89803b66d84,victim_0008,0,remote_on_off,2,11679.055663519011,sparse_remote,local_compute,11580.0,dense_remote,local_compute,True,-99.05566351901143,99.05566351901143
entanglement_assisted_all_shared,logistic_regression,raw_online,a232cf96e89803b66d84,victim_0008,0,remote_on_off,3,16457.887331498667,local_compute,dense_remote,,,,False,,
entanglement_assisted_all_shared,logistic_regression,raw_online,a559bec72a7f705e59d6,victim_0006,0,phase_exact,0,3868.292651126604,sparse_remote,local_compute,,,,False,,
entanglement_assisted_all_shared,logistic_regression,raw_online,a559bec72a7f705e59d6,victim_0006,0,phase_exact,1,8142.9548099510275,local_compute,sparse_remote,,,,False,,
entanglement_assisted_all_shared,logistic_regression,raw_online,a559bec72a7f705e59d6,victim_0006,0,phase_exact,2,10850.749623475784,sparse_remote,synchronization_bursty,11160.0,sparse_remote,synchronization_bursty,True,309.25037652421634,309.25037652421634
entanglement_assisted_all_shared,logistic_regression,raw_online,a559bec72a7f705e59d6,victim_0006,0,phase_exact,3,13905.834588475289,synchronization_bursty,dense_remote,13260.0,synchronization_bursty,dense_remote,True,-645.8345884752889,645.8345884752889
entanglement_assisted_all_shared,logistic_regression,raw_online,a559bec72a7f705e59d6,victim_0006,0,phase_any,0,3868.292651126604,sparse_remote,local_compute,3180.0,local_compute,dense_remote,True,-688.2926511266041,688.2926511266041
entanglement_assisted_all_shared,logistic_regression,raw_online,a559bec72a7f705e59d6,victim_0006,0,phase_any,1,8142.9548099510275,local_compute,sparse_remote,,,,False,,
entanglement_assisted_all_shared,logistic_regression,raw_online,a559bec72a7f705e59d6,victim_0006,0,phase_any,2,10850.749623475784,sparse_remote,synchronization_bursty,11160.0,sparse_remote,synchronization_bursty,True,309.25037652421634,309.25037652421634
entanglement_assisted_all_shared,logistic_regression,raw_online,a559bec72a7f705e59d6,victim_0006,0,phase_any,3,13905.834588475289,synchronization_bursty,dense_remote,13260.0,synchronization_bursty,dense_remote,True,-645.8345884752889,645.8345884752889
entanglement_assisted_all_shared,logistic_regression,raw_online,a559bec72a7f705e59d6,victim_0006,0,remote_on_off,0,3868.292651126604,sparse_remote,local_compute,,,,False,,
entanglement_assisted_all_shared,logistic_regression,raw_online,a559bec72a7f705e59d6,victim_0006,0,remote_on_off,1,8142.9548099510275,local_compute,sparse_remote,,,,False,,
entanglement_assisted_all_shared,logistic_regression,raw_online,ab20f4b8efd1767e1f54,victim_0002,1,phase_exact,0,4128.836103055568,sparse_remote,synchronization_bursty,,,,False,,
entanglement_assisted_all_shared,logistic_regression,raw_online,ab20f4b8efd1767e1f54,victim_0002,1,phase_exact,1,8090.9366784642525,synchronization_bursty,local_compute,,,,False,,
entanglement_assisted_all_shared,logistic_regression,raw_online,ab20f4b8efd1767e1f54,victim_0002,1,phase_exact,2,11252.308935390323,local_compute,dense_remote,,,,False,,
entanglement_assisted_all_shared,logistic_regression,raw_online,ab20f4b8efd1767e1f54,victim_0002,1,phase_exact,3,14243.601544682242,dense_remote,sparse_remote,,,,False,,
entanglement_assisted_all_shared,logistic_regression,raw_online,ab20f4b8efd1767e1f54,victim_0002,1,phase_any,0,4128.836103055568,sparse_remote,synchronization_bursty,4440.0,local_compute,synchronization_bursty,True,311.16389694443205,311.16389694443205
entanglement_assisted_all_shared,logistic_regression,raw_online,ab20f4b8efd1767e1f54,victim_0002,1,phase_any,1,8090.9366784642525,synchronization_bursty,local_compute,8220.0,synchronization_bursty,dense_remote,True,129.0633215357475,129.0633215357475
entanglement_assisted_all_shared,logistic_regression,raw_online,ab20f4b8efd1767e1f54,victim_0002,1,phase_any,2,11252.308935390323,local_compute,dense_remote,11580.0,local_compute,sparse_remote,True,327.6910646096767,327.6910646096767
entanglement_assisted_all_shared,logistic_regression,raw_online,ab20f4b8efd1767e1f54,victim_0002,1,phase_any,3,14243.601544682242,dense_remote,sparse_remote,,,,False,,
entanglement_assisted_all_shared,logistic_regression,raw_online,ab20f4b8efd1767e1f54,victim_0002,1,remote_on_off,1,8090.9366784642525,synchronization_bursty,local_compute,8640.0,dense_remote,local_compute,True,549.0633215357475,549.0633215357475
entanglement_assisted_all_shared,logistic_regression,raw_online,ab20f4b8efd1767e1f54,victim_0002,1,remote_on_off,2,11252.308935390323,local_compute,dense_remote,11580.0,local_compute,sparse_remote,True,327.6910646096767,327.6910646096767
entanglement_assisted_all_shared,logistic_regression,raw_online,cc7233a6ded14cc06325,victim_0003,1,phase_exact,0,3184.1511702802213,local_compute,sparse_remote,,,,False,,
entanglement_assisted_all_shared,logistic_regression,raw_online,cc7233a6ded14cc06325,victim_0003,1,phase_exact,1,8137.308551850549,sparse_remote,dense_remote,,,,False,,
entanglement_assisted_all_shared,logistic_regression,raw_online,cc7233a6ded14cc06325,victim_0003,1,phase_exact,2,11766.900719130488,dense_remote,sparse_remote,,,,False,,
entanglement_assisted_all_shared,logistic_regression,raw_online,cc7233a6ded14cc06325,victim_0003,1,phase_exact,3,16533.76894948869,sparse_remote,synchronization_bursty,,,,False,,
entanglement_assisted_all_shared,logistic_regression,raw_online,cc7233a6ded14cc06325,victim_0003,1,phase_any,0,3184.1511702802213,local_compute,sparse_remote,3180.0,local_compute,dense_remote,True,-4.151170280221322,4.151170280221322
entanglement_assisted_all_shared,logistic_regression,raw_online,cc7233a6ded14cc06325,victim_0003,1,phase_any,1,8137.308551850549,sparse_remote,dense_remote,,,,False,,
entanglement_assisted_all_shared,logistic_regression,raw_online,cc7233a6ded14cc06325,victim_0003,1,phase_any,2,11766.900719130488,dense_remote,sparse_remote,,,,False,,
entanglement_assisted_all_shared,logistic_regression,raw_online,cc7233a6ded14cc06325,victim_0003,1,phase_any,3,16533.76894948869,sparse_remote,synchronization_bursty,16620.0,local_compute,synchronization_bursty,True,86.23105051130915,86.23105051130915
entanglement_assisted_all_shared,logistic_regression,raw_online,cc7233a6ded14cc06325,victim_0003,1,remote_on_off,0,3184.1511702802213,local_compute,sparse_remote,3180.0,local_compute,dense_remote,True,-4.151170280221322,4.151170280221322
entanglement_assisted_all_shared,random_forest,debounced_offline,0346e21f42b0f84c755d,victim_0035,0,phase_exact,0,5666.796589479767,sparse_remote,synchronization_bursty,,,,False,,
entanglement_assisted_all_shared,random_forest,debounced_offline,0346e21f42b0f84c755d,victim_0035,0,phase_exact,1,11193.313605806132,synchronization_bursty,dense_remote,,,,False,,
entanglement_assisted_all_shared,random_forest,debounced_offline,0346e21f42b0f84c755d,victim_0035,0,phase_exact,2,13748.01001582324,dense_remote,sparse_remote,14520.0,dense_remote,sparse_remote,True,771.9899841767601,771.9899841767601
entanglement_assisted_all_shared,random_forest,debounced_offline,0346e21f42b0f84c755d,victim_0035,0,phase_exact,3,16408.670686815945,sparse_remote,local_compute,,,,False,,
entanglement_assisted_all_shared,random_forest,debounced_offline,0346e21f42b0f84c755d,victim_0035,0,phase_any,0,5666.796589479767,sparse_remote,synchronization_bursty,5700.0,local_compute,dense_remote,True,33.203410520232865,33.203410520232865
entanglement_assisted_all_shared,random_forest,debounced_offline,0346e21f42b0f84c755d,victim_0035,0,phase_any,1,11193.313605806132,synchronization_bursty,dense_remote,,,,False,,
entanglement_assisted_all_shared,random_forest,debounced_offline,0346e21f42b0f84c755d,victim_0035,0,phase_any,2,13748.01001582324,dense_remote,sparse_remote,14520.0,dense_remote,sparse_remote,True,771.9899841767601,771.9899841767601
entanglement_assisted_all_shared,random_forest,debounced_offline,0346e21f42b0f84c755d,victim_0035,0,phase_any,3,16408.670686815945,sparse_remote,local_compute,,,,False,,
entanglement_assisted_all_shared,random_forest,debounced_offline,0346e21f42b0f84c755d,victim_0035,0,remote_on_off,3,16408.670686815945,sparse_remote,local_compute,,,,False,,
entanglement_assisted_all_shared,random_forest,debounced_offline,04299cc0d7d664e66d97,victim_0034,0,phase_exact,0,2584.983901882975,dense_remote,local_compute,,,,False,,
entanglement_assisted_all_shared,random_forest,debounced_offline,04299cc0d7d664e66d97,victim_0034,0,phase_exact,1,5207.092213312335,local_compute,sparse_remote,,,,False,,
entanglement_assisted_all_shared,random_forest,debounced_offline,04299cc0d7d664e66d97,victim_0034,0,phase_exact,2,8644.94250269917,sparse_remote,synchronization_bursty,9060.0,sparse_remote,synchronization_bursty,True,415.0574973008297,415.0574973008297
entanglement_assisted_all_shared,random_forest,debounced_offline,04299cc0d7d664e66d97,victim_0034,0,phase_exact,3,11529.039859917659,synchronization_bursty,local_compute,,,,False,,
entanglement_assisted_all_shared,random_forest,debounced_offline,04299cc0d7d664e66d97,victim_0034,0,phase_exact,4,16958.909792595652,local_compute,dense_remote,17460.0,local_compute,dense_remote,True,501.0902074043479,501.0902074043479
entanglement_assisted_all_shared,random_forest,debounced_offline,04299cc0d7d664e66d97,victim_0034,0,phase_any,0,2584.983901882975,dense_remote,local_compute,2340.0,dense_remote,sparse_remote,True,-244.9839018829748,244.9839018829748
entanglement_assisted_all_shared,random_forest,debounced_offline,04299cc0d7d664e66d97,victim_0034,0,phase_any,1,5207.092213312335,local_compute,sparse_remote,5280.0,local_compute,dense_remote,True,72.90778668766507,72.90778668766507
entanglement_assisted_all_shared,random_forest,debounced_offline,04299cc0d7d664e66d97,victim_0034,0,phase_any,2,8644.94250269917,sparse_remote,synchronization_bursty,8640.0,dense_remote,sparse_remote,True,-4.942502699170291,4.942502699170291
entanglement_assisted_all_shared,random_forest,debounced_offline,04299cc0d7d664e66d97,victim_0034,0,phase_any,3,11529.039859917659,synchronization_bursty,local_compute,12000.0,synchronization_bursty,sparse_remote,True,470.96014008234124,470.96014008234124
entanglement_assisted_all_shared,random_forest,debounced_offline,04299cc0d7d664e66d97,victim_0034,0,phase_any,4,16958.909792595652,local_compute,dense_remote,17460.0,local_compute,dense_remote,True,501.0902074043479,501.0902074043479
entanglement_assisted_all_shared,random_forest,debounced_offline,04299cc0d7d664e66d97,victim_0034,0,remote_on_off,0,2584.983901882975,dense_remote,local_compute,,,,False,,
entanglement_assisted_all_shared,random_forest,debounced_offline,04299cc0d7d664e66d97,victim_0034,0,remote_on_off,1,5207.092213312335,local_compute,sparse_remote,5280.0,local_compute,dense_remote,True,72.90778668766507,72.90778668766507
entanglement_assisted_all_shared,random_forest,debounced_offline,04299cc0d7d664e66d97,victim_0034,0,remote_on_off,3,11529.039859917659,synchronization_bursty,local_compute,,,,False,,
entanglement_assisted_all_shared,random_forest,debounced_offline,04299cc0d7d664e66d97,victim_0034,0,remote_on_off,4,16958.909792595652,local_compute,dense_remote,17460.0,local_compute,dense_remote,True,501.0902074043479,501.0902074043479
entanglement_assisted_all_shared,random_forest,debounced_offline,172f1f0e3d137672431d,victim_0022,1,phase_exact,0,3282.393742262545,synchronization_bursty,sparse_remote,,,,False,,
entanglement_assisted_all_shared,random_forest,debounced_offline,172f1f0e3d137672431d,victim_0022,1,phase_exact,1,6879.426857186192,sparse_remote,dense_remote,,,,False,,
entanglement_assisted_all_shared,random_forest,debounced_offline,172f1f0e3d137672431d,victim_0022,1,phase_exact,2,9968.001637570029,dense_remote,local_compute,,,,False,,
entanglement_assisted_all_shared,random_forest,debounced_offline,172f1f0e3d137672431d,victim_0022,1,phase_exact,3,14339.419944693838,local_compute,dense_remote,,,,False,,
entanglement_assisted_all_shared,random_forest,debounced_offline,172f1f0e3d137672431d,victim_0022,1,phase_exact,4,16767.069757922298,dense_remote,synchronization_bursty,,,,False,,
entanglement_assisted_all_shared,random_forest,debounced_offline,172f1f0e3d137672431d,victim_0022,1,phase_any,0,3282.393742262545,synchronization_bursty,sparse_remote,,,,False,,
entanglement_assisted_all_shared,random_forest,debounced_offline,172f1f0e3d137672431d,victim_0022,1,phase_any,1,6879.426857186192,sparse_remote,dense_remote,6960.0,local_compute,dense_remote,True,80.57314281380786,80.57314281380786
entanglement_assisted_all_shared,random_forest,debounced_offline,172f1f0e3d137672431d,victim_0022,1,phase_any,2,9968.001637570029,dense_remote,local_compute,,,,False,,
entanglement_assisted_all_shared,random_forest,debounced_offline,172f1f0e3d137672431d,victim_0022,1,phase_any,3,14339.419944693838,local_compute,dense_remote,,,,False,,
entanglement_assisted_all_shared,random_forest,debounced_offline,172f1f0e3d137672431d,victim_0022,1,phase_any,4,16767.069757922298,dense_remote,synchronization_bursty,17040.0,sparse_remote,synchronization_bursty,True,272.93024207770213,272.93024207770213
entanglement_assisted_all_shared,random_forest,debounced_offline,172f1f0e3d137672431d,victim_0022,1,remote_on_off,2,9968.001637570029,dense_remote,local_compute,,,,False,,
entanglement_assisted_all_shared,random_forest,debounced_offline,172f1f0e3d137672431d,victim_0022,1,remote_on_off,3,14339.419944693838,local_compute,dense_remote,,,,False,,
entanglement_assisted_all_shared,random_forest,debounced_offline,17ab2950af1e041933b2,victim_0008,1,phase_exact,0,2978.015688481845,synchronization_bursty,dense_remote,,,,False,,
entanglement_assisted_all_shared,random_forest,debounced_offline,17ab2950af1e041933b2,victim_0008,1,phase_exact,1,6468.965710581726,dense_remote,sparse_remote,,,,False,,
entanglement_assisted_all_shared,random_forest,debounced_offline,17ab2950af1e041933b2,victim_0008,1,phase_exact,2,11679.055663519011,sparse_remote,local_compute,11580.0,sparse_remote,local_compute,True,-99.05566351901143,99.05566351901143
entanglement_assisted_all_shared,random_forest,debounced_offline,17ab2950af1e041933b2,victim_0008,1,phase_exact,3,16457.887331498667,local_compute,dense_remote,,,,False,,
entanglement_assisted_all_shared,random_forest,debounced_offline,17ab2950af1e041933b2,victim_0008,1,phase_any,0,2978.015688481845,synchronization_bursty,dense_remote,3180.0,synchronization_bursty,local_compute,True,201.9843115181552,201.9843115181552
entanglement_assisted_all_shared,random_forest,debounced_offline,17ab2950af1e041933b2,victim_0008,1,phase_any,1,6468.965710581726,dense_remote,sparse_remote,5700.0,sparse_remote,local_compute,True,-768.965710581726,768.965710581726
entanglement_assisted_all_shared,random_forest,debounced_offline,17ab2950af1e041933b2,victim_0008,1,phase_any,2,11679.055663519011,sparse_remote,local_compute,11580.0,sparse_remote,local_compute,True,-99.05566351901143,99.05566351901143
entanglement_assisted_all_shared,random_forest,debounced_offline,17ab2950af1e041933b2,victim_0008,1,phase_any,3,16457.887331498667,local_compute,dense_remote,,,,False,,
entanglement_assisted_all_shared,random_forest,debounced_offline,17ab2950af1e041933b2,victim_0008,1,remote_on_off,2,11679.055663519011,sparse_remote,local_compute,11580.0,sparse_remote,local_compute,True,-99.05566351901143,99.05566351901143
entanglement_assisted_all_shared,random_forest,debounced_offline,17ab2950af1e041933b2,victim_0008,1,remote_on_off,3,16457.887331498667,local_compute,dense_remote,,,,False,,
entanglement_assisted_all_shared,random_forest,debounced_offline,25c407c4ed50583567ca,victim_0022,0,phase_exact,0,3282.393742262545,synchronization_bursty,sparse_remote,3600.0,synchronization_bursty,sparse_remote,True,317.60625773745505,317.60625773745505
entanglement_assisted_all_shared,random_forest,debounced_offline,25c407c4ed50583567ca,victim_0022,0,phase_exact,1,6879.426857186192,sparse_remote,dense_remote,,,,False,,
entanglement_assisted_all_shared,random_forest,debounced_offline,25c407c4ed50583567ca,victim_0022,0,phase_exact,2,9968.001637570029,dense_remote,local_compute,,,,False,,
entanglement_assisted_all_shared,random_forest,debounced_offline,25c407c4ed50583567ca,victim_0022,0,phase_exact,3,14339.419944693838,local_compute,dense_remote,,,,False,,
entanglement_assisted_all_shared,random_forest,debounced_offline,25c407c4ed50583567ca,victim_0022,0,phase_exact,4,16767.069757922298,dense_remote,synchronization_bursty,17040.0,dense_remote,synchronization_bursty,True,272.93024207770213,272.93024207770213
entanglement_assisted_all_shared,random_forest,debounced_offline,25c407c4ed50583567ca,victim_0022,0,phase_any,0,3282.393742262545,synchronization_bursty,sparse_remote,3600.0,synchronization_bursty,sparse_remote,True,317.60625773745505,317.60625773745505
entanglement_assisted_all_shared,random_forest,debounced_offline,25c407c4ed50583567ca,victim_0022,0,phase_any,1,6879.426857186192,sparse_remote,dense_remote,6960.0,local_compute,dense_remote,True,80.57314281380786,80.57314281380786
entanglement_assisted_all_shared,random_forest,debounced_offline,25c407c4ed50583567ca,victim_0022,0,phase_any,2,9968.001637570029,dense_remote,local_compute,9480.0,sparse_remote,local_compute,True,-488.00163757002883,488.00163757002883
entanglement_assisted_all_shared,random_forest,debounced_offline,25c407c4ed50583567ca,victim_0022,0,phase_any,3,14339.419944693838,local_compute,dense_remote,,,,False,,
entanglement_assisted_all_shared,random_forest,debounced_offline,25c407c4ed50583567ca,victim_0022,0,phase_any,4,16767.069757922298,dense_remote,synchronization_bursty,17040.0,dense_remote,synchronization_bursty,True,272.93024207770213,272.93024207770213
entanglement_assisted_all_shared,random_forest,debounced_offline,25c407c4ed50583567ca,victim_0022,0,remote_on_off,2,9968.001637570029,dense_remote,local_compute,9480.0,sparse_remote,local_compute,True,-488.00163757002883,488.00163757002883
entanglement_assisted_all_shared,random_forest,debounced_offline,25c407c4ed50583567ca,victim_0022,0,remote_on_off,3,14339.419944693838,local_compute,dense_remote,,,,False,,
entanglement_assisted_all_shared,random_forest,debounced_offline,3c3df35fa90238e8bfef,victim_0002,0,phase_exact,0,4128.836103055568,sparse_remote,synchronization_bursty,,,,False,,
entanglement_assisted_all_shared,random_forest,debounced_offline,3c3df35fa90238e8bfef,victim_0002,0,phase_exact,1,8090.9366784642525,synchronization_bursty,local_compute,,,,False,,
entanglement_assisted_all_shared,random_forest,debounced_offline,3c3df35fa90238e8bfef,victim_0002,0,phase_exact,2,11252.308935390323,local_compute,dense_remote,,,,False,,
entanglement_assisted_all_shared,random_forest,debounced_offline,3c3df35fa90238e8bfef,victim_0002,0,phase_exact,3,14243.601544682242,dense_remote,sparse_remote,,,,False,,
entanglement_assisted_all_shared,random_forest,debounced_offline,3c3df35fa90238e8bfef,victim_0002,0,phase_any,0,4128.836103055568,sparse_remote,synchronization_bursty,4440.0,local_compute,synchronization_bursty,True,311.16389694443205,311.16389694443205
entanglement_assisted_all_shared,random_forest,debounced_offline,3c3df35fa90238e8bfef,victim_0002,0,phase_any,1,8090.9366784642525,synchronization_bursty,local_compute,8640.0,synchronization_bursty,dense_remote,True,549.0633215357475,549.0633215357475
entanglement_assisted_all_shared,random_forest,debounced_offline,3c3df35fa90238e8bfef,victim_0002,0,phase_any,2,11252.308935390323,local_compute,dense_remote,,,,False,,
entanglement_assisted_all_shared,random_forest,debounced_offline,3c3df35fa90238e8bfef,victim_0002,0,phase_any,3,14243.601544682242,dense_remote,sparse_remote,14940.0,dense_remote,local_compute,True,696.3984553177579,696.3984553177579
entanglement_assisted_all_shared,random_forest,debounced_offline,3c3df35fa90238e8bfef,victim_0002,0,remote_on_off,1,8090.9366784642525,synchronization_bursty,local_compute,,,,False,,
entanglement_assisted_all_shared,random_forest,debounced_offline,3c3df35fa90238e8bfef,victim_0002,0,remote_on_off,2,11252.308935390323,local_compute,dense_remote,,,,False,,
entanglement_assisted_all_shared,random_forest,debounced_offline,3edd548b0c7491d4560f,victim_0031,0,phase_exact,0,4159.949493759739,local_compute,dense_remote,,,,False,,
entanglement_assisted_all_shared,random_forest,debounced_offline,3edd548b0c7491d4560f,victim_0031,0,phase_exact,1,8524.953030037665,dense_remote,sparse_remote,,,,False,,
entanglement_assisted_all_shared,random_forest,debounced_offline,3edd548b0c7491d4560f,victim_0031,0,phase_exact,2,11172.11201804374,sparse_remote,synchronization_bursty,,,,False,,
entanglement_assisted_all_shared,random_forest,debounced_offline,3edd548b0c7491d4560f,victim_0031,0,phase_exact,3,14427.950477163511,synchronization_bursty,dense_remote,14940.0,synchronization_bursty,dense_remote,True,512.0495228364889,512.0495228364889
entanglement_assisted_all_shared,random_forest,debounced_offline,3edd548b0c7491d4560f,victim_0031,0,phase_exact,4,17846.27700177856,dense_remote,local_compute,,,,False,,
entanglement_assisted_all_shared,random_forest,debounced_offline,3edd548b0c7491d4560f,victim_0031,0,phase_any,0,4159.949493759739,local_compute,dense_remote,,,,False,,
entanglement_assisted_all_shared,random_forest,debounced_offline,3edd548b0c7491d4560f,victim_0031,0,phase_any,1,8524.953030037665,dense_remote,sparse_remote,,,,False,,
entanglement_assisted_all_shared,random_forest,debounced_offline,3edd548b0c7491d4560f,victim_0031,0,phase_any,2,11172.11201804374,sparse_remote,synchronization_bursty,11580.0,local_compute,synchronization_bursty,True,407.8879819562608,407.8879819562608
entanglement_assisted_all_shared,random_forest,debounced_offline,3edd548b0c7491d4560f,victim_0031,0,phase_any,3,14427.950477163511,synchronization_bursty,dense_remote,14940.0,synchronization_bursty,dense_remote,True,512.0495228364889,512.0495228364889
entanglement_assisted_all_shared,random_forest,debounced_offline,3edd548b0c7491d4560f,victim_0031,0,phase_any,4,17846.27700177856,dense_remote,local_compute,17460.0,sparse_remote,local_compute,True,-386.27700177855877,386.27700177855877
entanglement_assisted_all_shared,random_forest,debounced_offline,3edd548b0c7491d4560f,victim_0031,0,remote_on_off,0,4159.949493759739,local_compute,dense_remote,,,,False,,
entanglement_assisted_all_shared,random_forest,debounced_offline,3edd548b0c7491d4560f,victim_0031,0,remote_on_off,4,17846.27700177856,dense_remote,local_compute,17460.0,sparse_remote,local_compute,True,-386.27700177855877,386.27700177855877
entanglement_assisted_all_shared,random_forest,debounced_offline,420d7035a33dcffe3e64,victim_0035,1,phase_exact,0,5666.796589479767,sparse_remote,synchronization_bursty,,,,False,,
entanglement_assisted_all_shared,random_forest,debounced_offline,420d7035a33dcffe3e64,victim_0035,1,phase_exact,1,11193.313605806132,synchronization_bursty,dense_remote,,,,False,,
entanglement_assisted_all_shared,random_forest,debounced_offline,420d7035a33dcffe3e64,victim_0035,1,phase_exact,2,13748.01001582324,dense_remote,sparse_remote,,,,False,,
entanglement_assisted_all_shared,random_forest,debounced_offline,420d7035a33dcffe3e64,victim_0035,1,phase_exact,3,16408.670686815945,sparse_remote,local_compute,,,,False,,
entanglement_assisted_all_shared,random_forest,debounced_offline,420d7035a33dcffe3e64,victim_0035,1,phase_any,0,5666.796589479767,sparse_remote,synchronization_bursty,6120.0,dense_remote,synchronization_bursty,True,453.20341052023286,453.20341052023286
entanglement_assisted_all_shared,random_forest,debounced_offline,420d7035a33dcffe3e64,victim_0035,1,phase_any,1,11193.313605806132,synchronization_bursty,dense_remote,11580.0,synchronization_bursty,sparse_remote,True,386.6863941938682,386.6863941938682
entanglement_assisted_all_shared,random_forest,debounced_offline,420d7035a33dcffe3e64,victim_0035,1,phase_any,2,13748.01001582324,dense_remote,sparse_remote,,,,False,,
entanglement_assisted_all_shared,random_forest,debounced_offline,420d7035a33dcffe3e64,victim_0035,1,phase_any,3,16408.670686815945,sparse_remote,local_compute,16200.0,local_compute,sparse_remote,True,-208.67068681594537,208.67068681594537
entanglement_assisted_all_shared,random_forest,debounced_offline,420d7035a33dcffe3e64,victim_0035,1,remote_on_off,3,16408.670686815945,sparse_remote,local_compute,,,,False,,
entanglement_assisted_all_shared,random_forest,debounced_offline,4398cbaf9e5947263a10,victim_0031,1,phase_exact,0,4159.949493759739,local_compute,dense_remote,,,,False,,
entanglement_assisted_all_shared,random_forest,debounced_offline,4398cbaf9e5947263a10,victim_0031,1,phase_exact,1,8524.953030037665,dense_remote,sparse_remote,9060.0,dense_remote,sparse_remote,True,535.0469699623354,535.0469699623354
entanglement_assisted_all_shared,random_forest,debounced_offline,4398cbaf9e5947263a10,victim_0031,1,phase_exact,2,11172.11201804374,sparse_remote,synchronization_bursty,11580.0,sparse_remote,synchronization_bursty,True,407.8879819562608,407.8879819562608
entanglement_assisted_all_shared,random_forest,debounced_offline,4398cbaf9e5947263a10,victim_0031,1,phase_exact,3,14427.950477163511,synchronization_bursty,dense_remote,,,,False,,
entanglement_assisted_all_shared,random_forest,debounced_offline,4398cbaf9e5947263a10,victim_0031,1,phase_exact,4,17846.27700177856,dense_remote,local_compute,,,,False,,
entanglement_assisted_all_shared,random_forest,debounced_offline,4398cbaf9e5947263a10,victim_0031,1,phase_any,0,4159.949493759739,local_compute,dense_remote,,,,False,,
entanglement_assisted_all_shared,random_forest,debounced_offline,4398cbaf9e5947263a10,victim_0031,1,phase_any,1,8524.953030037665,dense_remote,sparse_remote,8640.0,local_compute,dense_remote,True,115.04696996233542,115.04696996233542
entanglement_assisted_all_shared,random_forest,debounced_offline,4398cbaf9e5947263a10,victim_0031,1,phase_any,2,11172.11201804374,sparse_remote,synchronization_bursty,11580.0,sparse_remote,synchronization_bursty,True,407.8879819562608,407.8879819562608
entanglement_assisted_all_shared,random_forest,debounced_offline,4398cbaf9e5947263a10,victim_0031,1,phase_any,3,14427.950477163511,synchronization_bursty,dense_remote,,,,False,,
entanglement_assisted_all_shared,random_forest,debounced_offline,4398cbaf9e5947263a10,victim_0031,1,phase_any,4,17846.27700177856,dense_remote,local_compute,18300.0,dense_remote,sparse_remote,True,453.72299822144123,453.72299822144123
entanglement_assisted_all_shared,random_forest,debounced_offline,4398cbaf9e5947263a10,victim_0031,1,remote_on_off,0,4159.949493759739,local_compute,dense_remote,,,,False,,
entanglement_assisted_all_shared,random_forest,debounced_offline,4398cbaf9e5947263a10,victim_0031,1,remote_on_off,4,17846.27700177856,dense_remote,local_compute,,,,False,,
entanglement_assisted_all_shared,random_forest,debounced_offline,46bebc294309e0cb8b97,victim_0006,1,phase_exact,0,3868.292651126604,sparse_remote,local_compute,4440.0,sparse_remote,local_compute,True,571.7073488733959,571.7073488733959
entanglement_assisted_all_shared,random_forest,debounced_offline,46bebc294309e0cb8b97,victim_0006,1,phase_exact,1,8142.9548099510275,local_compute,sparse_remote,7380.0,local_compute,sparse_remote,True,-762.9548099510275,762.9548099510275
entanglement_assisted_all_shared,random_forest,debounced_offline,46bebc294309e0cb8b97,victim_0006,1,phase_exact,2,10850.749623475784,sparse_remote,synchronization_bursty,,,,False,,
entanglement_assisted_all_shared,random_forest,debounced_offline,46bebc294309e0cb8b97,victim_0006,1,phase_exact,3,13905.834588475289,synchronization_bursty,dense_remote,14100.0,synchronization_bursty,dense_remote,True,194.1654115247111,194.1654115247111
entanglement_assisted_all_shared,random_forest,debounced_offline,46bebc294309e0cb8b97,victim_0006,1,phase_any,0,3868.292651126604,sparse_remote,local_compute,4440.0,sparse_remote,local_compute,True,571.7073488733959,571.7073488733959
entanglement_assisted_all_shared,random_forest,debounced_offline,46bebc294309e0cb8b97,victim_0006,1,phase_any,1,8142.9548099510275,local_compute,sparse_remote,8220.0,sparse_remote,dense_remote,True,77.04519004897247,77.04519004897247
entanglement_assisted_all_shared,random_forest,debounced_offline,46bebc294309e0cb8b97,victim_0006,1,phase_any,2,10850.749623475784,sparse_remote,synchronization_bursty,11160.0,local_compute,synchronization_bursty,True,309.25037652421634,309.25037652421634
entanglement_assisted_all_shared,random_forest,debounced_offline,46bebc294309e0cb8b97,victim_0006,1,phase_any,3,13905.834588475289,synchronization_bursty,dense_remote,14100.0,synchronization_bursty,dense_remote,True,194.1654115247111,194.1654115247111
entanglement_assisted_all_shared,random_forest,debounced_offline,46bebc294309e0cb8b97,victim_0006,1,remote_on_off,0,3868.292651126604,sparse_remote,local_compute,4440.0,sparse_remote,local_compute,True,571.7073488733959,571.7073488733959
entanglement_assisted_all_shared,random_forest,debounced_offline,46bebc294309e0cb8b97,victim_0006,1,remote_on_off,1,8142.9548099510275,local_compute,sparse_remote,7380.0,local_compute,sparse_remote,True,-762.9548099510275,762.9548099510275
entanglement_assisted_all_shared,random_forest,debounced_offline,5b4123f6cec289ca979c,victim_0020,0,phase_exact,0,3945.197190413731,dense_remote,local_compute,3600.0,dense_remote,local_compute,True,-345.1971904137308,345.1971904137308
entanglement_assisted_all_shared,random_forest,debounced_offline,5b4123f6cec289ca979c,victim_0020,0,phase_exact,1,8519.38861505275,local_compute,synchronization_bursty,,,,False,,
entanglement_assisted_all_shared,random_forest,debounced_offline,5b4123f6cec289ca979c,victim_0020,0,phase_exact,2,13972.618573212338,synchronization_bursty,local_compute,,,,False,,
entanglement_assisted_all_shared,random_forest,debounced_offline,5b4123f6cec289ca979c,victim_0020,0,phase_exact,3,17384.940617006945,local_compute,sparse_remote,,,,False,,
entanglement_assisted_all_shared,random_forest,debounced_offline,5b4123f6cec289ca979c,victim_0020,0,phase_any,0,3945.197190413731,dense_remote,local_compute,3600.0,dense_remote,local_compute,True,-345.1971904137308,345.1971904137308
entanglement_assisted_all_shared,random_forest,debounced_offline,5b4123f6cec289ca979c,victim_0020,0,phase_any,1,8519.38861505275,local_compute,synchronization_bursty,8640.0,sparse_remote,synchronization_bursty,True,120.61138494724946,120.61138494724946
entanglement_assisted_all_shared,random_forest,debounced_offline,5b4123f6cec289ca979c,victim_0020,0,phase_any,2,13972.618573212338,synchronization_bursty,local_compute,,,,False,,
entanglement_assisted_all_shared,random_forest,debounced_offline,5b4123f6cec289ca979c,victim_0020,0,phase_any,3,17384.940617006945,local_compute,sparse_remote,,,,False,,
entanglement_assisted_all_shared,random_forest,debounced_offline,5b4123f6cec289ca979c,victim_0020,0,remote_on_off,0,3945.197190413731,dense_remote,local_compute,3600.0,dense_remote,local_compute,True,-345.1971904137308,345.1971904137308
entanglement_assisted_all_shared,random_forest,debounced_offline,5b4123f6cec289ca979c,victim_0020,0,remote_on_off,1,8519.38861505275,local_compute,synchronization_bursty,,,,False,,
entanglement_assisted_all_shared,random_forest,debounced_offline,5b4123f6cec289ca979c,victim_0020,0,remote_on_off,2,13972.618573212338,synchronization_bursty,local_compute,,,,False,,
entanglement_assisted_all_shared,random_forest,debounced_offline,5b4123f6cec289ca979c,victim_0020,0,remote_on_off,3,17384.940617006945,local_compute,sparse_remote,,,,False,,
entanglement_assisted_all_shared,random_forest,debounced_offline,6cebdb4384d627360615,victim_0003,0,phase_exact,0,3184.1511702802213,local_compute,sparse_remote,,,,False,,
entanglement_assisted_all_shared,random_forest,debounced_offline,6cebdb4384d627360615,victim_0003,0,phase_exact,1,8137.308551850549,sparse_remote,dense_remote,,,,False,,
entanglement_assisted_all_shared,random_forest,debounced_offline,6cebdb4384d627360615,victim_0003,0,phase_exact,2,11766.900719130488,dense_remote,sparse_remote,,,,False,,
entanglement_assisted_all_shared,random_forest,debounced_offline,6cebdb4384d627360615,victim_0003,0,phase_exact,3,16533.76894948869,sparse_remote,synchronization_bursty,,,,False,,
entanglement_assisted_all_shared,random_forest,debounced_offline,6cebdb4384d627360615,victim_0003,0,phase_any,0,3184.1511702802213,local_compute,sparse_remote,,,,False,,
entanglement_assisted_all_shared,random_forest,debounced_offline,6cebdb4384d627360615,victim_0003,0,phase_any,1,8137.308551850549,sparse_remote,dense_remote,,,,False,,
entanglement_assisted_all_shared,random_forest,debounced_offline,6cebdb4384d627360615,victim_0003,0,phase_any,2,11766.900719130488,dense_remote,sparse_remote,11160.0,sparse_remote,local_compute,True,-606.9007191304881,606.9007191304881
entanglement_assisted_all_shared,random_forest,debounced_offline,6cebdb4384d627360615,victim_0003,0,phase_any,3,16533.76894948869,sparse_remote,synchronization_bursty,16620.0,sparse_remote,dense_remote,True,86.23105051130915,86.23105051130915
entanglement_assisted_all_shared,random_forest,debounced_offline,6cebdb4384d627360615,victim_0003,0,remote_on_off,0,3184.1511702802213,local_compute,sparse_remote,,,,False,,
entanglement_assisted_all_shared,random_forest,debounced_offline,7423f67511e48a81d130,victim_0020,1,phase_exact,0,3945.197190413731,dense_remote,local_compute,,,,False,,
entanglement_assisted_all_shared,random_forest,debounced_offline,7423f67511e48a81d130,victim_0020,1,phase_exact,1,8519.38861505275,local_compute,synchronization_bursty,8640.0,local_compute,synchronization_bursty,True,120.61138494724946,120.61138494724946
entanglement_assisted_all_shared,random_forest,debounced_offline,7423f67511e48a81d130,victim_0020,1,phase_exact,2,13972.618573212338,synchronization_bursty,local_compute,,,,False,,
entanglement_assisted_all_shared,random_forest,debounced_offline,7423f67511e48a81d130,victim_0020,1,phase_exact,3,17384.940617006945,local_compute,sparse_remote,,,,False,,
entanglement_assisted_all_shared,random_forest,debounced_offline,7423f67511e48a81d130,victim_0020,1,phase_any,0,3945.197190413731,dense_remote,local_compute,,,,False,,
entanglement_assisted_all_shared,random_forest,debounced_offline,7423f67511e48a81d130,victim_0020,1,phase_any,1,8519.38861505275,local_compute,synchronization_bursty,8640.0,local_compute,synchronization_bursty,True,120.61138494724946,120.61138494724946
entanglement_assisted_all_shared,random_forest,debounced_offline,7423f67511e48a81d130,victim_0020,1,phase_any,2,13972.618573212338,synchronization_bursty,local_compute,,,,False,,
entanglement_assisted_all_shared,random_forest,debounced_offline,7423f67511e48a81d130,victim_0020,1,phase_any,3,17384.940617006945,local_compute,sparse_remote,16620.0,dense_remote,local_compute,True,-764.9406170069451,764.9406170069451
entanglement_assisted_all_shared,random_forest,debounced_offline,7423f67511e48a81d130,victim_0020,1,remote_on_off,0,3945.197190413731,dense_remote,local_compute,,,,False,,
entanglement_assisted_all_shared,random_forest,debounced_offline,7423f67511e48a81d130,victim_0020,1,remote_on_off,1,8519.38861505275,local_compute,synchronization_bursty,8640.0,local_compute,synchronization_bursty,True,120.61138494724946,120.61138494724946
entanglement_assisted_all_shared,random_forest,debounced_offline,7423f67511e48a81d130,victim_0020,1,remote_on_off,2,13972.618573212338,synchronization_bursty,local_compute,,,,False,,
entanglement_assisted_all_shared,random_forest,debounced_offline,7423f67511e48a81d130,victim_0020,1,remote_on_off,3,17384.940617006945,local_compute,sparse_remote,,,,False,,
entanglement_assisted_all_shared,random_forest,debounced_offline,8135629aaff586891586,victim_0018,0,phase_exact,0,4823.51995045369,dense_remote,sparse_remote,,,,False,,
entanglement_assisted_all_shared,random_forest,debounced_offline,8135629aaff586891586,victim_0018,0,phase_exact,1,9594.047520701628,sparse_remote,synchronization_bursty,9900.0,sparse_remote,synchronization_bursty,True,305.95247929837205,305.95247929837205
entanglement_assisted_all_shared,random_forest,debounced_offline,8135629aaff586891586,victim_0018,0,phase_exact,2,12361.950228432477,synchronization_bursty,dense_remote,,,,False,,
entanglement_assisted_all_shared,random_forest,debounced_offline,8135629aaff586891586,victim_0018,0,phase_exact,3,16100.566304239506,dense_remote,local_compute,16620.0,dense_remote,local_compute,True,519.4336957604937,519.4336957604937
entanglement_assisted_all_shared,random_forest,debounced_offline,8135629aaff586891586,victim_0018,0,phase_any,0,4823.51995045369,dense_remote,sparse_remote,4860.0,local_compute,dense_remote,True,36.4800495463096,36.4800495463096
entanglement_assisted_all_shared,random_forest,debounced_offline,8135629aaff586891586,victim_0018,0,phase_any,1,9594.047520701628,sparse_remote,synchronization_bursty,9900.0,sparse_remote,synchronization_bursty,True,305.95247929837205,305.95247929837205
entanglement_assisted_all_shared,random_forest,debounced_offline,8135629aaff586891586,victim_0018,0,phase_any,2,12361.950228432477,synchronization_bursty,dense_remote,12840.0,synchronization_bursty,local_compute,True,478.04977156752284,478.04977156752284
entanglement_assisted_all_shared,random_forest,debounced_offline,8135629aaff586891586,victim_0018,0,phase_any,3,16100.566304239506,dense_remote,local_compute,16620.0,dense_remote,local_compute,True,519.4336957604937,519.4336957604937
entanglement_assisted_all_shared,random_forest,debounced_offline,8135629aaff586891586,victim_0018,0,remote_on_off,3,16100.566304239506,dense_remote,local_compute,16620.0,dense_remote,local_compute,True,519.4336957604937,519.4336957604937
entanglement_assisted_all_shared,random_forest,debounced_offline,93588e5287f9b3f5c738,victim_0034,1,phase_exact,0,2584.983901882975,dense_remote,local_compute,,,,False,,
entanglement_assisted_all_shared,random_forest,debounced_offline,93588e5287f9b3f5c738,victim_0034,1,phase_exact,1,5207.092213312335,local_compute,sparse_remote,,,,False,,
entanglement_assisted_all_shared,random_forest,debounced_offline,93588e5287f9b3f5c738,victim_0034,1,phase_exact,2,8644.94250269917,sparse_remote,synchronization_bursty,,,,False,,
entanglement_assisted_all_shared,random_forest,debounced_offline,93588e5287f9b3f5c738,victim_0034,1,phase_exact,3,11529.039859917659,synchronization_bursty,local_compute,,,,False,,
entanglement_assisted_all_shared,random_forest,debounced_offline,93588e5287f9b3f5c738,victim_0034,1,phase_exact,4,16958.909792595652,local_compute,dense_remote,,,,False,,
entanglement_assisted_all_shared,random_forest,debounced_offline,93588e5287f9b3f5c738,victim_0034,1,phase_any,0,2584.983901882975,dense_remote,local_compute,,,,False,,
entanglement_assisted_all_shared,random_forest,debounced_offline,93588e5287f9b3f5c738,victim_0034,1,phase_any,1,5207.092213312335,local_compute,sparse_remote,,,,False,,
entanglement_assisted_all_shared,random_forest,debounced_offline,93588e5287f9b3f5c738,victim_0034,1,phase_any,2,8644.94250269917,sparse_remote,synchronization_bursty,9060.0,dense_remote,synchronization_bursty,True,415.0574973008297,415.0574973008297
entanglement_assisted_all_shared,random_forest,debounced_offline,93588e5287f9b3f5c738,victim_0034,1,phase_any,3,11529.039859917659,synchronization_bursty,local_compute,12000.0,synchronization_bursty,sparse_remote,True,470.96014008234124,470.96014008234124
entanglement_assisted_all_shared,random_forest,debounced_offline,93588e5287f9b3f5c738,victim_0034,1,phase_any,4,16958.909792595652,local_compute,dense_remote,,,,False,,
entanglement_assisted_all_shared,random_forest,debounced_offline,93588e5287f9b3f5c738,victim_0034,1,remote_on_off,0,2584.983901882975,dense_remote,local_compute,,,,False,,
entanglement_assisted_all_shared,random_forest,debounced_offline,93588e5287f9b3f5c738,victim_0034,1,remote_on_off,1,5207.092213312335,local_compute,sparse_remote,,,,False,,
entanglement_assisted_all_shared,random_forest,debounced_offline,93588e5287f9b3f5c738,victim_0034,1,remote_on_off,3,11529.039859917659,synchronization_bursty,local_compute,,,,False,,
entanglement_assisted_all_shared,random_forest,debounced_offline,93588e5287f9b3f5c738,victim_0034,1,remote_on_off,4,16958.909792595652,local_compute,dense_remote,,,,False,,
entanglement_assisted_all_shared,random_forest,debounced_offline,974616a9a6e332063551,victim_0010,0,phase_exact,0,3799.0914558502673,local_compute,dense_remote,,,,False,,
entanglement_assisted_all_shared,random_forest,debounced_offline,974616a9a6e332063551,victim_0010,0,phase_exact,1,7177.584870190105,dense_remote,sparse_remote,,,,False,,
entanglement_assisted_all_shared,random_forest,debounced_offline,974616a9a6e332063551,victim_0010,0,phase_exact,2,9864.380078273627,sparse_remote,synchronization_bursty,9900.0,sparse_remote,synchronization_bursty,True,35.61992172637292,35.61992172637292
entanglement_assisted_all_shared,random_forest,debounced_offline,974616a9a6e332063551,victim_0010,0,phase_exact,3,12803.703036780968,synchronization_bursty,dense_remote,,,,False,,
entanglement_assisted_all_shared,random_forest,debounced_offline,974616a9a6e332063551,victim_0010,0,phase_exact,4,15204.780045932635,dense_remote,synchronization_bursty,15360.0,dense_remote,synchronization_bursty,True,155.2199540673646,155.2199540673646
entanglement_assisted_all_shared,random_forest,debounced_offline,974616a9a6e332063551,victim_0010,0,phase_any,0,3799.0914558502673,local_compute,dense_remote,,,,False,,
entanglement_assisted_all_shared,random_forest,debounced_offline,974616a9a6e332063551,victim_0010,0,phase_any,1,7177.584870190105,dense_remote,sparse_remote,6540.0,local_compute,dense_remote,True,-637.584870190105,637.584870190105
entanglement_assisted_all_shared,random_forest,debounced_offline,974616a9a6e332063551,victim_0010,0,phase_any,2,9864.380078273627,sparse_remote,synchronization_bursty,9900.0,sparse_remote,synchronization_bursty,True,35.61992172637292,35.61992172637292
entanglement_assisted_all_shared,random_forest,debounced_offline,974616a9a6e332063551,victim_0010,0,phase_any,3,12803.703036780968,synchronization_bursty,dense_remote,,,,False,,
entanglement_assisted_all_shared,random_forest,debounced_offline,974616a9a6e332063551,victim_0010,0,phase_any,4,15204.780045932635,dense_remote,synchronization_bursty,15360.0,dense_remote,synchronization_bursty,True,155.2199540673646,155.2199540673646
entanglement_assisted_all_shared,random_forest,debounced_offline,974616a9a6e332063551,victim_0010,0,remote_on_off,0,3799.0914558502673,local_compute,dense_remote,,,,False,,
entanglement_assisted_all_shared,random_forest,debounced_offline,9c8215c31c929d03a222,victim_0010,1,phase_exact,0,3799.0914558502673,local_compute,dense_remote,,,,False,,
entanglement_assisted_all_shared,random_forest,debounced_offline,9c8215c31c929d03a222,victim_0010,1,phase_exact,1,7177.584870190105,dense_remote,sparse_remote,,,,False,,
entanglement_assisted_all_shared,random_forest,debounced_offline,9c8215c31c929d03a222,victim_0010,1,phase_exact,2,9864.380078273627,sparse_remote,synchronization_bursty,,,,False,,
entanglement_assisted_all_shared,random_forest,debounced_offline,9c8215c31c929d03a222,victim_0010,1,phase_exact,3,12803.703036780968,synchronization_bursty,dense_remote,,,,False,,
entanglement_assisted_all_shared,random_forest,debounced_offline,9c8215c31c929d03a222,victim_0010,1,phase_exact,4,15204.780045932635,dense_remote,synchronization_bursty,,,,False,,
entanglement_assisted_all_shared,random_forest,debounced_offline,9c8215c31c929d03a222,victim_0010,1,phase_any,0,3799.0914558502673,local_compute,dense_remote,,,,False,,
entanglement_assisted_all_shared,random_forest,debounced_offline,9c8215c31c929d03a222,victim_0010,1,phase_any,1,7177.584870190105,dense_remote,sparse_remote,,,,False,,
entanglement_assisted_all_shared,random_forest,debounced_offline,9c8215c31c929d03a222,victim_0010,1,phase_any,2,9864.380078273627,sparse_remote,synchronization_bursty,9900.0,local_compute,synchronization_bursty,True,35.61992172637292,35.61992172637292
entanglement_assisted_all_shared,random_forest,debounced_offline,9c8215c31c929d03a222,victim_0010,1,phase_any,3,12803.703036780968,synchronization_bursty,dense_remote,12840.0,synchronization_bursty,local_compute,True,36.29696321903248,36.29696321903248
entanglement_assisted_all_shared,random_forest,debounced_offline,9c8215c31c929d03a222,victim_0010,1,phase_any,4,15204.780045932635,dense_remote,synchronization_bursty,15360.0,local_compute,synchronization_bursty,True,155.2199540673646,155.2199540673646
entanglement_assisted_all_shared,random_forest,debounced_offline,9c8215c31c929d03a222,victim_0010,1,remote_on_off,0,3799.0914558502673,local_compute,dense_remote,,,,False,,
entanglement_assisted_all_shared,random_forest,debounced_offline,a16e4cfb01482c42b2c7,victim_0018,1,phase_exact,0,4823.51995045369,dense_remote,sparse_remote,,,,False,,
entanglement_assisted_all_shared,random_forest,debounced_offline,a16e4cfb01482c42b2c7,victim_0018,1,phase_exact,1,9594.047520701628,sparse_remote,synchronization_bursty,9900.0,sparse_remote,synchronization_bursty,True,305.95247929837205,305.95247929837205
entanglement_assisted_all_shared,random_forest,debounced_offline,a16e4cfb01482c42b2c7,victim_0018,1,phase_exact,2,12361.950228432477,synchronization_bursty,dense_remote,12840.0,synchronization_bursty,dense_remote,True,478.04977156752284,478.04977156752284
entanglement_assisted_all_shared,random_forest,debounced_offline,a16e4cfb01482c42b2c7,victim_0018,1,phase_exact,3,16100.566304239506,dense_remote,local_compute,,,,False,,
entanglement_assisted_all_shared,random_forest,debounced_offline,a16e4cfb01482c42b2c7,victim_0018,1,phase_any,0,4823.51995045369,dense_remote,sparse_remote,,,,False,,
entanglement_assisted_all_shared,random_forest,debounced_offline,a16e4cfb01482c42b2c7,victim_0018,1,phase_any,1,9594.047520701628,sparse_remote,synchronization_bursty,9900.0,sparse_remote,synchronization_bursty,True,305.95247929837205,305.95247929837205
entanglement_assisted_all_shared,random_forest,debounced_offline,a16e4cfb01482c42b2c7,victim_0018,1,phase_any,2,12361.950228432477,synchronization_bursty,dense_remote,12840.0,synchronization_bursty,dense_remote,True,478.04977156752284,478.04977156752284
entanglement_assisted_all_shared,random_forest,debounced_offline,a16e4cfb01482c42b2c7,victim_0018,1,phase_any,3,16100.566304239506,dense_remote,local_compute,,,,False,,
entanglement_assisted_all_shared,random_forest,debounced_offline,a16e4cfb01482c42b2c7,victim_0018,1,remote_on_off,3,16100.566304239506,dense_remote,local_compute,,,,False,,
entanglement_assisted_all_shared,random_forest,debounced_offline,a232cf96e89803b66d84,victim_0008,0,phase_exact,0,2978.015688481845,synchronization_bursty,dense_remote,,,,False,,
entanglement_assisted_all_shared,random_forest,debounced_offline,a232cf96e89803b66d84,victim_0008,0,phase_exact,1,6468.965710581726,dense_remote,sparse_remote,,,,False,,
entanglement_assisted_all_shared,random_forest,debounced_offline,a232cf96e89803b66d84,victim_0008,0,phase_exact,2,11679.055663519011,sparse_remote,local_compute,,,,False,,
entanglement_assisted_all_shared,random_forest,debounced_offline,a232cf96e89803b66d84,victim_0008,0,phase_exact,3,16457.887331498667,local_compute,dense_remote,,,,False,,
entanglement_assisted_all_shared,random_forest,debounced_offline,a232cf96e89803b66d84,victim_0008,0,phase_any,0,2978.015688481845,synchronization_bursty,dense_remote,,,,False,,
entanglement_assisted_all_shared,random_forest,debounced_offline,a232cf96e89803b66d84,victim_0008,0,phase_any,1,6468.965710581726,dense_remote,sparse_remote,,,,False,,
entanglement_assisted_all_shared,random_forest,debounced_offline,a232cf96e89803b66d84,victim_0008,0,phase_any,2,11679.055663519011,sparse_remote,local_compute,12420.0,dense_remote,local_compute,True,740.9443364809886,740.9443364809886
entanglement_assisted_all_shared,random_forest,debounced_offline,a232cf96e89803b66d84,victim_0008,0,phase_any,3,16457.887331498667,local_compute,dense_remote,,,,False,,
entanglement_assisted_all_shared,random_forest,debounced_offline,a232cf96e89803b66d84,victim_0008,0,remote_on_off,2,11679.055663519011,sparse_remote,local_compute,12420.0,dense_remote,local_compute,True,740.9443364809886,740.9443364809886
entanglement_assisted_all_shared,random_forest,debounced_offline,a232cf96e89803b66d84,victim_0008,0,remote_on_off,3,16457.887331498667,local_compute,dense_remote,,,,False,,
entanglement_assisted_all_shared,random_forest,debounced_offline,a559bec72a7f705e59d6,victim_0006,0,phase_exact,0,3868.292651126604,sparse_remote,local_compute,,,,False,,
entanglement_assisted_all_shared,random_forest,debounced_offline,a559bec72a7f705e59d6,victim_0006,0,phase_exact,1,8142.9548099510275,local_compute,sparse_remote,8220.0,local_compute,sparse_remote,True,77.04519004897247,77.04519004897247
entanglement_assisted_all_shared,random_forest,debounced_offline,a559bec72a7f705e59d6,victim_0006,0,phase_exact,2,10850.749623475784,sparse_remote,synchronization_bursty,11160.0,sparse_remote,synchronization_bursty,True,309.25037652421634,309.25037652421634
entanglement_assisted_all_shared,random_forest,debounced_offline,a559bec72a7f705e59d6,victim_0006,0,phase_exact,3,13905.834588475289,synchronization_bursty,dense_remote,14520.0,synchronization_bursty,dense_remote,True,614.1654115247111,614.1654115247111
entanglement_assisted_all_shared,random_forest,debounced_offline,a559bec72a7f705e59d6,victim_0006,0,phase_any,0,3868.292651126604,sparse_remote,local_compute,,,,False,,
entanglement_assisted_all_shared,random_forest,debounced_offline,a559bec72a7f705e59d6,victim_0006,0,phase_any,1,8142.9548099510275,local_compute,sparse_remote,8220.0,local_compute,sparse_remote,True,77.04519004897247,77.04519004897247
entanglement_assisted_all_shared,random_forest,debounced_offline,a559bec72a7f705e59d6,victim_0006,0,phase_any,2,10850.749623475784,sparse_remote,synchronization_bursty,11160.0,sparse_remote,synchronization_bursty,True,309.25037652421634,309.25037652421634
entanglement_assisted_all_shared,random_forest,debounced_offline,a559bec72a7f705e59d6,victim_0006,0,phase_any,3,13905.834588475289,synchronization_bursty,dense_remote,14520.0,synchronization_bursty,dense_remote,True,614.1654115247111,614.1654115247111
entanglement_assisted_all_shared,random_forest,debounced_offline,a559bec72a7f705e59d6,victim_0006,0,remote_on_off,0,3868.292651126604,sparse_remote,local_compute,,,,False,,
entanglement_assisted_all_shared,random_forest,debounced_offline,a559bec72a7f705e59d6,victim_0006,0,remote_on_off,1,8142.9548099510275,local_compute,sparse_remote,8220.0,local_compute,sparse_remote,True,77.04519004897247,77.04519004897247
entanglement_assisted_all_shared,random_forest,debounced_offline,ab20f4b8efd1767e1f54,victim_0002,1,phase_exact,0,4128.836103055568,sparse_remote,synchronization_bursty,,,,False,,
entanglement_assisted_all_shared,random_forest,debounced_offline,ab20f4b8efd1767e1f54,victim_0002,1,phase_exact,1,8090.9366784642525,synchronization_bursty,local_compute,8640.0,synchronization_bursty,local_compute,True,549.0633215357475,549.0633215357475
entanglement_assisted_all_shared,random_forest,debounced_offline,ab20f4b8efd1767e1f54,victim_0002,1,phase_exact,2,11252.308935390323,local_compute,dense_remote,,,,False,,
entanglement_assisted_all_shared,random_forest,debounced_offline,ab20f4b8efd1767e1f54,victim_0002,1,phase_exact,3,14243.601544682242,dense_remote,sparse_remote,,,,False,,
entanglement_assisted_all_shared,random_forest,debounced_offline,ab20f4b8efd1767e1f54,victim_0002,1,phase_any,0,4128.836103055568,sparse_remote,synchronization_bursty,4440.0,local_compute,synchronization_bursty,True,311.16389694443205,311.16389694443205
entanglement_assisted_all_shared,random_forest,debounced_offline,ab20f4b8efd1767e1f54,victim_0002,1,phase_any,1,8090.9366784642525,synchronization_bursty,local_compute,8640.0,synchronization_bursty,local_compute,True,549.0633215357475,549.0633215357475
entanglement_assisted_all_shared,random_forest,debounced_offline,ab20f4b8efd1767e1f54,victim_0002,1,phase_any,2,11252.308935390323,local_compute,dense_remote,,,,False,,
entanglement_assisted_all_shared,random_forest,debounced_offline,ab20f4b8efd1767e1f54,victim_0002,1,phase_any,3,14243.601544682242,dense_remote,sparse_remote,,,,False,,
entanglement_assisted_all_shared,random_forest,debounced_offline,ab20f4b8efd1767e1f54,victim_0002,1,remote_on_off,1,8090.9366784642525,synchronization_bursty,local_compute,8640.0,synchronization_bursty,local_compute,True,549.0633215357475,549.0633215357475
entanglement_assisted_all_shared,random_forest,debounced_offline,ab20f4b8efd1767e1f54,victim_0002,1,remote_on_off,2,11252.308935390323,local_compute,dense_remote,,,,False,,
entanglement_assisted_all_shared,random_forest,debounced_offline,cc7233a6ded14cc06325,victim_0003,1,phase_exact,0,3184.1511702802213,local_compute,sparse_remote,,,,False,,
entanglement_assisted_all_shared,random_forest,debounced_offline,cc7233a6ded14cc06325,victim_0003,1,phase_exact,1,8137.308551850549,sparse_remote,dense_remote,,,,False,,
entanglement_assisted_all_shared,random_forest,debounced_offline,cc7233a6ded14cc06325,victim_0003,1,phase_exact,2,11766.900719130488,dense_remote,sparse_remote,,,,False,,
entanglement_assisted_all_shared,random_forest,debounced_offline,cc7233a6ded14cc06325,victim_0003,1,phase_exact,3,16533.76894948869,sparse_remote,synchronization_bursty,,,,False,,
entanglement_assisted_all_shared,random_forest,debounced_offline,cc7233a6ded14cc06325,victim_0003,1,phase_any,0,3184.1511702802213,local_compute,sparse_remote,3180.0,local_compute,dense_remote,True,-4.151170280221322,4.151170280221322
entanglement_assisted_all_shared,random_forest,debounced_offline,cc7233a6ded14cc06325,victim_0003,1,phase_any,1,8137.308551850549,sparse_remote,dense_remote,8220.0,local_compute,sparse_remote,True,82.69144814945139,82.69144814945139
entanglement_assisted_all_shared,random_forest,debounced_offline,cc7233a6ded14cc06325,victim_0003,1,phase_any,2,11766.900719130488,dense_remote,sparse_remote,,,,False,,
entanglement_assisted_all_shared,random_forest,debounced_offline,cc7233a6ded14cc06325,victim_0003,1,phase_any,3,16533.76894948869,sparse_remote,synchronization_bursty,16620.0,local_compute,synchronization_bursty,True,86.23105051130915,86.23105051130915
entanglement_assisted_all_shared,random_forest,debounced_offline,cc7233a6ded14cc06325,victim_0003,1,remote_on_off,0,3184.1511702802213,local_compute,sparse_remote,3180.0,local_compute,dense_remote,True,-4.151170280221322,4.151170280221322
entanglement_assisted_all_shared,random_forest,raw_online,0346e21f42b0f84c755d,victim_0035,0,phase_exact,0,5666.796589479767,sparse_remote,synchronization_bursty,,,,False,,
entanglement_assisted_all_shared,random_forest,raw_online,0346e21f42b0f84c755d,victim_0035,0,phase_exact,1,11193.313605806132,synchronization_bursty,dense_remote,,,,False,,
entanglement_assisted_all_shared,random_forest,raw_online,0346e21f42b0f84c755d,victim_0035,0,phase_exact,2,13748.01001582324,dense_remote,sparse_remote,14520.0,dense_remote,sparse_remote,True,771.9899841767601,771.9899841767601
entanglement_assisted_all_shared,random_forest,raw_online,0346e21f42b0f84c755d,victim_0035,0,phase_exact,3,16408.670686815945,sparse_remote,local_compute,,,,False,,
entanglement_assisted_all_shared,random_forest,raw_online,0346e21f42b0f84c755d,victim_0035,0,phase_any,0,5666.796589479767,sparse_remote,synchronization_bursty,5700.0,local_compute,dense_remote,True,33.203410520232865,33.203410520232865
entanglement_assisted_all_shared,random_forest,raw_online,0346e21f42b0f84c755d,victim_0035,0,phase_any,1,11193.313605806132,synchronization_bursty,dense_remote,,,,False,,
entanglement_assisted_all_shared,random_forest,raw_online,0346e21f42b0f84c755d,victim_0035,0,phase_any,2,13748.01001582324,dense_remote,sparse_remote,14520.0,dense_remote,sparse_remote,True,771.9899841767601,771.9899841767601
entanglement_assisted_all_shared,random_forest,raw_online,0346e21f42b0f84c755d,victim_0035,0,phase_any,3,16408.670686815945,sparse_remote,local_compute,,,,False,,
entanglement_assisted_all_shared,random_forest,raw_online,0346e21f42b0f84c755d,victim_0035,0,remote_on_off,3,16408.670686815945,sparse_remote,local_compute,,,,False,,
entanglement_assisted_all_shared,random_forest,raw_online,04299cc0d7d664e66d97,victim_0034,0,phase_exact,0,2584.983901882975,dense_remote,local_compute,,,,False,,
entanglement_assisted_all_shared,random_forest,raw_online,04299cc0d7d664e66d97,victim_0034,0,phase_exact,1,5207.092213312335,local_compute,sparse_remote,,,,False,,
entanglement_assisted_all_shared,random_forest,raw_online,04299cc0d7d664e66d97,victim_0034,0,phase_exact,2,8644.94250269917,sparse_remote,synchronization_bursty,9060.0,sparse_remote,synchronization_bursty,True,415.0574973008297,415.0574973008297
entanglement_assisted_all_shared,random_forest,raw_online,04299cc0d7d664e66d97,victim_0034,0,phase_exact,3,11529.039859917659,synchronization_bursty,local_compute,,,,False,,
entanglement_assisted_all_shared,random_forest,raw_online,04299cc0d7d664e66d97,victim_0034,0,phase_exact,4,16958.909792595652,local_compute,dense_remote,17460.0,local_compute,dense_remote,True,501.0902074043479,501.0902074043479
entanglement_assisted_all_shared,random_forest,raw_online,04299cc0d7d664e66d97,victim_0034,0,phase_any,0,2584.983901882975,dense_remote,local_compute,2340.0,dense_remote,sparse_remote,True,-244.9839018829748,244.9839018829748
entanglement_assisted_all_shared,random_forest,raw_online,04299cc0d7d664e66d97,victim_0034,0,phase_any,1,5207.092213312335,local_compute,sparse_remote,5280.0,local_compute,dense_remote,True,72.90778668766507,72.90778668766507
entanglement_assisted_all_shared,random_forest,raw_online,04299cc0d7d664e66d97,victim_0034,0,phase_any,2,8644.94250269917,sparse_remote,synchronization_bursty,8640.0,dense_remote,sparse_remote,True,-4.942502699170291,4.942502699170291
entanglement_assisted_all_shared,random_forest,raw_online,04299cc0d7d664e66d97,victim_0034,0,phase_any,3,11529.039859917659,synchronization_bursty,local_compute,12000.0,synchronization_bursty,sparse_remote,True,470.96014008234124,470.96014008234124
entanglement_assisted_all_shared,random_forest,raw_online,04299cc0d7d664e66d97,victim_0034,0,phase_any,4,16958.909792595652,local_compute,dense_remote,17460.0,local_compute,dense_remote,True,501.0902074043479,501.0902074043479
entanglement_assisted_all_shared,random_forest,raw_online,04299cc0d7d664e66d97,victim_0034,0,remote_on_off,0,2584.983901882975,dense_remote,local_compute,,,,False,,
entanglement_assisted_all_shared,random_forest,raw_online,04299cc0d7d664e66d97,victim_0034,0,remote_on_off,1,5207.092213312335,local_compute,sparse_remote,5280.0,local_compute,dense_remote,True,72.90778668766507,72.90778668766507
entanglement_assisted_all_shared,random_forest,raw_online,04299cc0d7d664e66d97,victim_0034,0,remote_on_off,3,11529.039859917659,synchronization_bursty,local_compute,,,,False,,
entanglement_assisted_all_shared,random_forest,raw_online,04299cc0d7d664e66d97,victim_0034,0,remote_on_off,4,16958.909792595652,local_compute,dense_remote,17460.0,local_compute,dense_remote,True,501.0902074043479,501.0902074043479
entanglement_assisted_all_shared,random_forest,raw_online,172f1f0e3d137672431d,victim_0022,1,phase_exact,0,3282.393742262545,synchronization_bursty,sparse_remote,,,,False,,
entanglement_assisted_all_shared,random_forest,raw_online,172f1f0e3d137672431d,victim_0022,1,phase_exact,1,6879.426857186192,sparse_remote,dense_remote,,,,False,,
entanglement_assisted_all_shared,random_forest,raw_online,172f1f0e3d137672431d,victim_0022,1,phase_exact,2,9968.001637570029,dense_remote,local_compute,,,,False,,
entanglement_assisted_all_shared,random_forest,raw_online,172f1f0e3d137672431d,victim_0022,1,phase_exact,3,14339.419944693838,local_compute,dense_remote,,,,False,,
entanglement_assisted_all_shared,random_forest,raw_online,172f1f0e3d137672431d,victim_0022,1,phase_exact,4,16767.069757922298,dense_remote,synchronization_bursty,,,,False,,
entanglement_assisted_all_shared,random_forest,raw_online,172f1f0e3d137672431d,victim_0022,1,phase_any,0,3282.393742262545,synchronization_bursty,sparse_remote,,,,False,,
entanglement_assisted_all_shared,random_forest,raw_online,172f1f0e3d137672431d,victim_0022,1,phase_any,1,6879.426857186192,sparse_remote,dense_remote,6960.0,local_compute,dense_remote,True,80.57314281380786,80.57314281380786
entanglement_assisted_all_shared,random_forest,raw_online,172f1f0e3d137672431d,victim_0022,1,phase_any,2,9968.001637570029,dense_remote,local_compute,,,,False,,
entanglement_assisted_all_shared,random_forest,raw_online,172f1f0e3d137672431d,victim_0022,1,phase_any,3,14339.419944693838,local_compute,dense_remote,,,,False,,
entanglement_assisted_all_shared,random_forest,raw_online,172f1f0e3d137672431d,victim_0022,1,phase_any,4,16767.069757922298,dense_remote,synchronization_bursty,17040.0,sparse_remote,synchronization_bursty,True,272.93024207770213,272.93024207770213
entanglement_assisted_all_shared,random_forest,raw_online,172f1f0e3d137672431d,victim_0022,1,remote_on_off,2,9968.001637570029,dense_remote,local_compute,,,,False,,
entanglement_assisted_all_shared,random_forest,raw_online,172f1f0e3d137672431d,victim_0022,1,remote_on_off,3,14339.419944693838,local_compute,dense_remote,,,,False,,
entanglement_assisted_all_shared,random_forest,raw_online,17ab2950af1e041933b2,victim_0008,1,phase_exact,0,2978.015688481845,synchronization_bursty,dense_remote,,,,False,,
entanglement_assisted_all_shared,random_forest,raw_online,17ab2950af1e041933b2,victim_0008,1,phase_exact,1,6468.965710581726,dense_remote,sparse_remote,,,,False,,
entanglement_assisted_all_shared,random_forest,raw_online,17ab2950af1e041933b2,victim_0008,1,phase_exact,2,11679.055663519011,sparse_remote,local_compute,11580.0,sparse_remote,local_compute,True,-99.05566351901143,99.05566351901143
entanglement_assisted_all_shared,random_forest,raw_online,17ab2950af1e041933b2,victim_0008,1,phase_exact,3,16457.887331498667,local_compute,dense_remote,,,,False,,
entanglement_assisted_all_shared,random_forest,raw_online,17ab2950af1e041933b2,victim_0008,1,phase_any,0,2978.015688481845,synchronization_bursty,dense_remote,3180.0,synchronization_bursty,local_compute,True,201.9843115181552,201.9843115181552
entanglement_assisted_all_shared,random_forest,raw_online,17ab2950af1e041933b2,victim_0008,1,phase_any,1,6468.965710581726,dense_remote,sparse_remote,5700.0,sparse_remote,local_compute,True,-768.965710581726,768.965710581726
entanglement_assisted_all_shared,random_forest,raw_online,17ab2950af1e041933b2,victim_0008,1,phase_any,2,11679.055663519011,sparse_remote,local_compute,11580.0,sparse_remote,local_compute,True,-99.05566351901143,99.05566351901143
entanglement_assisted_all_shared,random_forest,raw_online,17ab2950af1e041933b2,victim_0008,1,phase_any,3,16457.887331498667,local_compute,dense_remote,,,,False,,
entanglement_assisted_all_shared,random_forest,raw_online,17ab2950af1e041933b2,victim_0008,1,remote_on_off,2,11679.055663519011,sparse_remote,local_compute,11580.0,sparse_remote,local_compute,True,-99.05566351901143,99.05566351901143
entanglement_assisted_all_shared,random_forest,raw_online,17ab2950af1e041933b2,victim_0008,1,remote_on_off,3,16457.887331498667,local_compute,dense_remote,,,,False,,
entanglement_assisted_all_shared,random_forest,raw_online,25c407c4ed50583567ca,victim_0022,0,phase_exact,0,3282.393742262545,synchronization_bursty,sparse_remote,3600.0,synchronization_bursty,sparse_remote,True,317.60625773745505,317.60625773745505
entanglement_assisted_all_shared,random_forest,raw_online,25c407c4ed50583567ca,victim_0022,0,phase_exact,1,6879.426857186192,sparse_remote,dense_remote,,,,False,,
entanglement_assisted_all_shared,random_forest,raw_online,25c407c4ed50583567ca,victim_0022,0,phase_exact,2,9968.001637570029,dense_remote,local_compute,,,,False,,
entanglement_assisted_all_shared,random_forest,raw_online,25c407c4ed50583567ca,victim_0022,0,phase_exact,3,14339.419944693838,local_compute,dense_remote,,,,False,,
entanglement_assisted_all_shared,random_forest,raw_online,25c407c4ed50583567ca,victim_0022,0,phase_exact,4,16767.069757922298,dense_remote,synchronization_bursty,17040.0,dense_remote,synchronization_bursty,True,272.93024207770213,272.93024207770213
entanglement_assisted_all_shared,random_forest,raw_online,25c407c4ed50583567ca,victim_0022,0,phase_any,0,3282.393742262545,synchronization_bursty,sparse_remote,3600.0,synchronization_bursty,sparse_remote,True,317.60625773745505,317.60625773745505
entanglement_assisted_all_shared,random_forest,raw_online,25c407c4ed50583567ca,victim_0022,0,phase_any,1,6879.426857186192,sparse_remote,dense_remote,6960.0,local_compute,dense_remote,True,80.57314281380786,80.57314281380786
entanglement_assisted_all_shared,random_forest,raw_online,25c407c4ed50583567ca,victim_0022,0,phase_any,2,9968.001637570029,dense_remote,local_compute,9480.0,sparse_remote,local_compute,True,-488.00163757002883,488.00163757002883
entanglement_assisted_all_shared,random_forest,raw_online,25c407c4ed50583567ca,victim_0022,0,phase_any,3,14339.419944693838,local_compute,dense_remote,,,,False,,
entanglement_assisted_all_shared,random_forest,raw_online,25c407c4ed50583567ca,victim_0022,0,phase_any,4,16767.069757922298,dense_remote,synchronization_bursty,17040.0,dense_remote,synchronization_bursty,True,272.93024207770213,272.93024207770213
entanglement_assisted_all_shared,random_forest,raw_online,25c407c4ed50583567ca,victim_0022,0,remote_on_off,2,9968.001637570029,dense_remote,local_compute,9480.0,sparse_remote,local_compute,True,-488.00163757002883,488.00163757002883
entanglement_assisted_all_shared,random_forest,raw_online,25c407c4ed50583567ca,victim_0022,0,remote_on_off,3,14339.419944693838,local_compute,dense_remote,,,,False,,
entanglement_assisted_all_shared,random_forest,raw_online,3c3df35fa90238e8bfef,victim_0002,0,phase_exact,0,4128.836103055568,sparse_remote,synchronization_bursty,,,,False,,
entanglement_assisted_all_shared,random_forest,raw_online,3c3df35fa90238e8bfef,victim_0002,0,phase_exact,1,8090.9366784642525,synchronization_bursty,local_compute,,,,False,,
entanglement_assisted_all_shared,random_forest,raw_online,3c3df35fa90238e8bfef,victim_0002,0,phase_exact,2,11252.308935390323,local_compute,dense_remote,,,,False,,
entanglement_assisted_all_shared,random_forest,raw_online,3c3df35fa90238e8bfef,victim_0002,0,phase_exact,3,14243.601544682242,dense_remote,sparse_remote,14100.0,dense_remote,sparse_remote,True,-143.6015446822421,143.6015446822421
entanglement_assisted_all_shared,random_forest,raw_online,3c3df35fa90238e8bfef,victim_0002,0,phase_any,0,4128.836103055568,sparse_remote,synchronization_bursty,4440.0,local_compute,synchronization_bursty,True,311.16389694443205,311.16389694443205
entanglement_assisted_all_shared,random_forest,raw_online,3c3df35fa90238e8bfef,victim_0002,0,phase_any,1,8090.9366784642525,synchronization_bursty,local_compute,8640.0,synchronization_bursty,dense_remote,True,549.0633215357475,549.0633215357475
entanglement_assisted_all_shared,random_forest,raw_online,3c3df35fa90238e8bfef,victim_0002,0,phase_any,2,11252.308935390323,local_compute,dense_remote,,,,False,,
entanglement_assisted_all_shared,random_forest,raw_online,3c3df35fa90238e8bfef,victim_0002,0,phase_any,3,14243.601544682242,dense_remote,sparse_remote,14100.0,dense_remote,sparse_remote,True,-143.6015446822421,143.6015446822421
entanglement_assisted_all_shared,random_forest,raw_online,3c3df35fa90238e8bfef,victim_0002,0,remote_on_off,1,8090.9366784642525,synchronization_bursty,local_compute,,,,False,,
entanglement_assisted_all_shared,random_forest,raw_online,3c3df35fa90238e8bfef,victim_0002,0,remote_on_off,2,11252.308935390323,local_compute,dense_remote,,,,False,,
entanglement_assisted_all_shared,random_forest,raw_online,3edd548b0c7491d4560f,victim_0031,0,phase_exact,0,4159.949493759739,local_compute,dense_remote,,,,False,,
entanglement_assisted_all_shared,random_forest,raw_online,3edd548b0c7491d4560f,victim_0031,0,phase_exact,1,8524.953030037665,dense_remote,sparse_remote,,,,False,,
entanglement_assisted_all_shared,random_forest,raw_online,3edd548b0c7491d4560f,victim_0031,0,phase_exact,2,11172.11201804374,sparse_remote,synchronization_bursty,,,,False,,
entanglement_assisted_all_shared,random_forest,raw_online,3edd548b0c7491d4560f,victim_0031,0,phase_exact,3,14427.950477163511,synchronization_bursty,dense_remote,14940.0,synchronization_bursty,dense_remote,True,512.0495228364889,512.0495228364889
entanglement_assisted_all_shared,random_forest,raw_online,3edd548b0c7491d4560f,victim_0031,0,phase_exact,4,17846.27700177856,dense_remote,local_compute,,,,False,,
entanglement_assisted_all_shared,random_forest,raw_online,3edd548b0c7491d4560f,victim_0031,0,phase_any,0,4159.949493759739,local_compute,dense_remote,,,,False,,
entanglement_assisted_all_shared,random_forest,raw_online,3edd548b0c7491d4560f,victim_0031,0,phase_any,1,8524.953030037665,dense_remote,sparse_remote,,,,False,,
entanglement_assisted_all_shared,random_forest,raw_online,3edd548b0c7491d4560f,victim_0031,0,phase_any,2,11172.11201804374,sparse_remote,synchronization_bursty,11580.0,local_compute,synchronization_bursty,True,407.8879819562608,407.8879819562608
entanglement_assisted_all_shared,random_forest,raw_online,3edd548b0c7491d4560f,victim_0031,0,phase_any,3,14427.950477163511,synchronization_bursty,dense_remote,14940.0,synchronization_bursty,dense_remote,True,512.0495228364889,512.0495228364889
entanglement_assisted_all_shared,random_forest,raw_online,3edd548b0c7491d4560f,victim_0031,0,phase_any,4,17846.27700177856,dense_remote,local_compute,17460.0,sparse_remote,local_compute,True,-386.27700177855877,386.27700177855877
entanglement_assisted_all_shared,random_forest,raw_online,3edd548b0c7491d4560f,victim_0031,0,remote_on_off,0,4159.949493759739,local_compute,dense_remote,,,,False,,
entanglement_assisted_all_shared,random_forest,raw_online,3edd548b0c7491d4560f,victim_0031,0,remote_on_off,4,17846.27700177856,dense_remote,local_compute,17460.0,sparse_remote,local_compute,True,-386.27700177855877,386.27700177855877
entanglement_assisted_all_shared,random_forest,raw_online,420d7035a33dcffe3e64,victim_0035,1,phase_exact,0,5666.796589479767,sparse_remote,synchronization_bursty,,,,False,,
entanglement_assisted_all_shared,random_forest,raw_online,420d7035a33dcffe3e64,victim_0035,1,phase_exact,1,11193.313605806132,synchronization_bursty,dense_remote,,,,False,,
entanglement_assisted_all_shared,random_forest,raw_online,420d7035a33dcffe3e64,victim_0035,1,phase_exact,2,13748.01001582324,dense_remote,sparse_remote,,,,False,,
entanglement_assisted_all_shared,random_forest,raw_online,420d7035a33dcffe3e64,victim_0035,1,phase_exact,3,16408.670686815945,sparse_remote,local_compute,,,,False,,
entanglement_assisted_all_shared,random_forest,raw_online,420d7035a33dcffe3e64,victim_0035,1,phase_any,0,5666.796589479767,sparse_remote,synchronization_bursty,6120.0,dense_remote,synchronization_bursty,True,453.20341052023286,453.20341052023286
entanglement_assisted_all_shared,random_forest,raw_online,420d7035a33dcffe3e64,victim_0035,1,phase_any,1,11193.313605806132,synchronization_bursty,dense_remote,11580.0,synchronization_bursty,sparse_remote,True,386.6863941938682,386.6863941938682
entanglement_assisted_all_shared,random_forest,raw_online,420d7035a33dcffe3e64,victim_0035,1,phase_any,2,13748.01001582324,dense_remote,sparse_remote,,,,False,,
entanglement_assisted_all_shared,random_forest,raw_online,420d7035a33dcffe3e64,victim_0035,1,phase_any,3,16408.670686815945,sparse_remote,local_compute,16200.0,local_compute,sparse_remote,True,-208.67068681594537,208.67068681594537
entanglement_assisted_all_shared,random_forest,raw_online,420d7035a33dcffe3e64,victim_0035,1,remote_on_off,3,16408.670686815945,sparse_remote,local_compute,,,,False,,
entanglement_assisted_all_shared,random_forest,raw_online,4398cbaf9e5947263a10,victim_0031,1,phase_exact,0,4159.949493759739,local_compute,dense_remote,,,,False,,
entanglement_assisted_all_shared,random_forest,raw_online,4398cbaf9e5947263a10,victim_0031,1,phase_exact,1,8524.953030037665,dense_remote,sparse_remote,9060.0,dense_remote,sparse_remote,True,535.0469699623354,535.0469699623354
entanglement_assisted_all_shared,random_forest,raw_online,4398cbaf9e5947263a10,victim_0031,1,phase_exact,2,11172.11201804374,sparse_remote,synchronization_bursty,11580.0,sparse_remote,synchronization_bursty,True,407.8879819562608,407.8879819562608
entanglement_assisted_all_shared,random_forest,raw_online,4398cbaf9e5947263a10,victim_0031,1,phase_exact,3,14427.950477163511,synchronization_bursty,dense_remote,,,,False,,
entanglement_assisted_all_shared,random_forest,raw_online,4398cbaf9e5947263a10,victim_0031,1,phase_exact,4,17846.27700177856,dense_remote,local_compute,,,,False,,
entanglement_assisted_all_shared,random_forest,raw_online,4398cbaf9e5947263a10,victim_0031,1,phase_any,0,4159.949493759739,local_compute,dense_remote,,,,False,,
entanglement_assisted_all_shared,random_forest,raw_online,4398cbaf9e5947263a10,victim_0031,1,phase_any,1,8524.953030037665,dense_remote,sparse_remote,8640.0,local_compute,dense_remote,True,115.04696996233542,115.04696996233542
entanglement_assisted_all_shared,random_forest,raw_online,4398cbaf9e5947263a10,victim_0031,1,phase_any,2,11172.11201804374,sparse_remote,synchronization_bursty,11160.0,local_compute,sparse_remote,True,-12.112018043739226,12.112018043739226
entanglement_assisted_all_shared,random_forest,raw_online,4398cbaf9e5947263a10,victim_0031,1,phase_any,3,14427.950477163511,synchronization_bursty,dense_remote,,,,False,,
entanglement_assisted_all_shared,random_forest,raw_online,4398cbaf9e5947263a10,victim_0031,1,phase_any,4,17846.27700177856,dense_remote,local_compute,18300.0,dense_remote,sparse_remote,True,453.72299822144123,453.72299822144123
entanglement_assisted_all_shared,random_forest,raw_online,4398cbaf9e5947263a10,victim_0031,1,remote_on_off,0,4159.949493759739,local_compute,dense_remote,,,,False,,
entanglement_assisted_all_shared,random_forest,raw_online,4398cbaf9e5947263a10,victim_0031,1,remote_on_off,4,17846.27700177856,dense_remote,local_compute,,,,False,,
entanglement_assisted_all_shared,random_forest,raw_online,46bebc294309e0cb8b97,victim_0006,1,phase_exact,0,3868.292651126604,sparse_remote,local_compute,4440.0,sparse_remote,local_compute,True,571.7073488733959,571.7073488733959
entanglement_assisted_all_shared,random_forest,raw_online,46bebc294309e0cb8b97,victim_0006,1,phase_exact,1,8142.9548099510275,local_compute,sparse_remote,7380.0,local_compute,sparse_remote,True,-762.9548099510275,762.9548099510275
entanglement_assisted_all_shared,random_forest,raw_online,46bebc294309e0cb8b97,victim_0006,1,phase_exact,2,10850.749623475784,sparse_remote,synchronization_bursty,,,,False,,
entanglement_assisted_all_shared,random_forest,raw_online,46bebc294309e0cb8b97,victim_0006,1,phase_exact,3,13905.834588475289,synchronization_bursty,dense_remote,14100.0,synchronization_bursty,dense_remote,True,194.1654115247111,194.1654115247111
entanglement_assisted_all_shared,random_forest,raw_online,46bebc294309e0cb8b97,victim_0006,1,phase_any,0,3868.292651126604,sparse_remote,local_compute,4440.0,sparse_remote,local_compute,True,571.7073488733959,571.7073488733959
entanglement_assisted_all_shared,random_forest,raw_online,46bebc294309e0cb8b97,victim_0006,1,phase_any,1,8142.9548099510275,local_compute,sparse_remote,8220.0,sparse_remote,dense_remote,True,77.04519004897247,77.04519004897247
entanglement_assisted_all_shared,random_forest,raw_online,46bebc294309e0cb8b97,victim_0006,1,phase_any,2,10850.749623475784,sparse_remote,synchronization_bursty,11160.0,local_compute,synchronization_bursty,True,309.25037652421634,309.25037652421634
entanglement_assisted_all_shared,random_forest,raw_online,46bebc294309e0cb8b97,victim_0006,1,phase_any,3,13905.834588475289,synchronization_bursty,dense_remote,14100.0,synchronization_bursty,dense_remote,True,194.1654115247111,194.1654115247111
entanglement_assisted_all_shared,random_forest,raw_online,46bebc294309e0cb8b97,victim_0006,1,remote_on_off,0,3868.292651126604,sparse_remote,local_compute,4440.0,sparse_remote,local_compute,True,571.7073488733959,571.7073488733959
entanglement_assisted_all_shared,random_forest,raw_online,46bebc294309e0cb8b97,victim_0006,1,remote_on_off,1,8142.9548099510275,local_compute,sparse_remote,7380.0,local_compute,sparse_remote,True,-762.9548099510275,762.9548099510275
entanglement_assisted_all_shared,random_forest,raw_online,5b4123f6cec289ca979c,victim_0020,0,phase_exact,0,3945.197190413731,dense_remote,local_compute,3600.0,dense_remote,local_compute,True,-345.1971904137308,345.1971904137308
entanglement_assisted_all_shared,random_forest,raw_online,5b4123f6cec289ca979c,victim_0020,0,phase_exact,1,8519.38861505275,local_compute,synchronization_bursty,,,,False,,
entanglement_assisted_all_shared,random_forest,raw_online,5b4123f6cec289ca979c,victim_0020,0,phase_exact,2,13972.618573212338,synchronization_bursty,local_compute,,,,False,,
entanglement_assisted_all_shared,random_forest,raw_online,5b4123f6cec289ca979c,victim_0020,0,phase_exact,3,17384.940617006945,local_compute,sparse_remote,,,,False,,
entanglement_assisted_all_shared,random_forest,raw_online,5b4123f6cec289ca979c,victim_0020,0,phase_any,0,3945.197190413731,dense_remote,local_compute,3600.0,dense_remote,local_compute,True,-345.1971904137308,345.1971904137308
entanglement_assisted_all_shared,random_forest,raw_online,5b4123f6cec289ca979c,victim_0020,0,phase_any,1,8519.38861505275,local_compute,synchronization_bursty,8640.0,sparse_remote,synchronization_bursty,True,120.61138494724946,120.61138494724946
entanglement_assisted_all_shared,random_forest,raw_online,5b4123f6cec289ca979c,victim_0020,0,phase_any,2,13972.618573212338,synchronization_bursty,local_compute,,,,False,,
entanglement_assisted_all_shared,random_forest,raw_online,5b4123f6cec289ca979c,victim_0020,0,phase_any,3,17384.940617006945,local_compute,sparse_remote,,,,False,,
entanglement_assisted_all_shared,random_forest,raw_online,5b4123f6cec289ca979c,victim_0020,0,remote_on_off,0,3945.197190413731,dense_remote,local_compute,3600.0,dense_remote,local_compute,True,-345.1971904137308,345.1971904137308
entanglement_assisted_all_shared,random_forest,raw_online,5b4123f6cec289ca979c,victim_0020,0,remote_on_off,1,8519.38861505275,local_compute,synchronization_bursty,,,,False,,
entanglement_assisted_all_shared,random_forest,raw_online,5b4123f6cec289ca979c,victim_0020,0,remote_on_off,2,13972.618573212338,synchronization_bursty,local_compute,,,,False,,
entanglement_assisted_all_shared,random_forest,raw_online,5b4123f6cec289ca979c,victim_0020,0,remote_on_off,3,17384.940617006945,local_compute,sparse_remote,,,,False,,
entanglement_assisted_all_shared,random_forest,raw_online,6cebdb4384d627360615,victim_0003,0,phase_exact,0,3184.1511702802213,local_compute,sparse_remote,,,,False,,
entanglement_assisted_all_shared,random_forest,raw_online,6cebdb4384d627360615,victim_0003,0,phase_exact,1,8137.308551850549,sparse_remote,dense_remote,,,,False,,
entanglement_assisted_all_shared,random_forest,raw_online,6cebdb4384d627360615,victim_0003,0,phase_exact,2,11766.900719130488,dense_remote,sparse_remote,,,,False,,
entanglement_assisted_all_shared,random_forest,raw_online,6cebdb4384d627360615,victim_0003,0,phase_exact,3,16533.76894948869,sparse_remote,synchronization_bursty,,,,False,,
entanglement_assisted_all_shared,random_forest,raw_online,6cebdb4384d627360615,victim_0003,0,phase_any,0,3184.1511702802213,local_compute,sparse_remote,,,,False,,
entanglement_assisted_all_shared,random_forest,raw_online,6cebdb4384d627360615,victim_0003,0,phase_any,1,8137.308551850549,sparse_remote,dense_remote,,,,False,,
entanglement_assisted_all_shared,random_forest,raw_online,6cebdb4384d627360615,victim_0003,0,phase_any,2,11766.900719130488,dense_remote,sparse_remote,11160.0,sparse_remote,local_compute,True,-606.9007191304881,606.9007191304881
entanglement_assisted_all_shared,random_forest,raw_online,6cebdb4384d627360615,victim_0003,0,phase_any,3,16533.76894948869,sparse_remote,synchronization_bursty,16620.0,sparse_remote,dense_remote,True,86.23105051130915,86.23105051130915
entanglement_assisted_all_shared,random_forest,raw_online,6cebdb4384d627360615,victim_0003,0,remote_on_off,0,3184.1511702802213,local_compute,sparse_remote,,,,False,,
entanglement_assisted_all_shared,random_forest,raw_online,7423f67511e48a81d130,victim_0020,1,phase_exact,0,3945.197190413731,dense_remote,local_compute,,,,False,,
entanglement_assisted_all_shared,random_forest,raw_online,7423f67511e48a81d130,victim_0020,1,phase_exact,1,8519.38861505275,local_compute,synchronization_bursty,8640.0,local_compute,synchronization_bursty,True,120.61138494724946,120.61138494724946
entanglement_assisted_all_shared,random_forest,raw_online,7423f67511e48a81d130,victim_0020,1,phase_exact,2,13972.618573212338,synchronization_bursty,local_compute,,,,False,,
entanglement_assisted_all_shared,random_forest,raw_online,7423f67511e48a81d130,victim_0020,1,phase_exact,3,17384.940617006945,local_compute,sparse_remote,,,,False,,
entanglement_assisted_all_shared,random_forest,raw_online,7423f67511e48a81d130,victim_0020,1,phase_any,0,3945.197190413731,dense_remote,local_compute,,,,False,,
entanglement_assisted_all_shared,random_forest,raw_online,7423f67511e48a81d130,victim_0020,1,phase_any,1,8519.38861505275,local_compute,synchronization_bursty,8640.0,local_compute,synchronization_bursty,True,120.61138494724946,120.61138494724946
entanglement_assisted_all_shared,random_forest,raw_online,7423f67511e48a81d130,victim_0020,1,phase_any,2,13972.618573212338,synchronization_bursty,local_compute,,,,False,,
entanglement_assisted_all_shared,random_forest,raw_online,7423f67511e48a81d130,victim_0020,1,phase_any,3,17384.940617006945,local_compute,sparse_remote,16620.0,dense_remote,local_compute,True,-764.9406170069451,764.9406170069451
entanglement_assisted_all_shared,random_forest,raw_online,7423f67511e48a81d130,victim_0020,1,remote_on_off,0,3945.197190413731,dense_remote,local_compute,,,,False,,
entanglement_assisted_all_shared,random_forest,raw_online,7423f67511e48a81d130,victim_0020,1,remote_on_off,1,8519.38861505275,local_compute,synchronization_bursty,8640.0,local_compute,synchronization_bursty,True,120.61138494724946,120.61138494724946
entanglement_assisted_all_shared,random_forest,raw_online,7423f67511e48a81d130,victim_0020,1,remote_on_off,2,13972.618573212338,synchronization_bursty,local_compute,,,,False,,
entanglement_assisted_all_shared,random_forest,raw_online,7423f67511e48a81d130,victim_0020,1,remote_on_off,3,17384.940617006945,local_compute,sparse_remote,,,,False,,
entanglement_assisted_all_shared,random_forest,raw_online,8135629aaff586891586,victim_0018,0,phase_exact,0,4823.51995045369,dense_remote,sparse_remote,,,,False,,
entanglement_assisted_all_shared,random_forest,raw_online,8135629aaff586891586,victim_0018,0,phase_exact,1,9594.047520701628,sparse_remote,synchronization_bursty,9900.0,sparse_remote,synchronization_bursty,True,305.95247929837205,305.95247929837205
entanglement_assisted_all_shared,random_forest,raw_online,8135629aaff586891586,victim_0018,0,phase_exact,2,12361.950228432477,synchronization_bursty,dense_remote,,,,False,,
entanglement_assisted_all_shared,random_forest,raw_online,8135629aaff586891586,victim_0018,0,phase_exact,3,16100.566304239506,dense_remote,local_compute,16620.0,dense_remote,local_compute,True,519.4336957604937,519.4336957604937
entanglement_assisted_all_shared,random_forest,raw_online,8135629aaff586891586,victim_0018,0,phase_any,0,4823.51995045369,dense_remote,sparse_remote,4860.0,local_compute,dense_remote,True,36.4800495463096,36.4800495463096
entanglement_assisted_all_shared,random_forest,raw_online,8135629aaff586891586,victim_0018,0,phase_any,1,9594.047520701628,sparse_remote,synchronization_bursty,9900.0,sparse_remote,synchronization_bursty,True,305.95247929837205,305.95247929837205
entanglement_assisted_all_shared,random_forest,raw_online,8135629aaff586891586,victim_0018,0,phase_any,2,12361.950228432477,synchronization_bursty,dense_remote,12840.0,synchronization_bursty,local_compute,True,478.04977156752284,478.04977156752284
entanglement_assisted_all_shared,random_forest,raw_online,8135629aaff586891586,victim_0018,0,phase_any,3,16100.566304239506,dense_remote,local_compute,16620.0,dense_remote,local_compute,True,519.4336957604937,519.4336957604937
entanglement_assisted_all_shared,random_forest,raw_online,8135629aaff586891586,victim_0018,0,remote_on_off,3,16100.566304239506,dense_remote,local_compute,16620.0,dense_remote,local_compute,True,519.4336957604937,519.4336957604937
entanglement_assisted_all_shared,random_forest,raw_online,93588e5287f9b3f5c738,victim_0034,1,phase_exact,0,2584.983901882975,dense_remote,local_compute,,,,False,,
entanglement_assisted_all_shared,random_forest,raw_online,93588e5287f9b3f5c738,victim_0034,1,phase_exact,1,5207.092213312335,local_compute,sparse_remote,,,,False,,
entanglement_assisted_all_shared,random_forest,raw_online,93588e5287f9b3f5c738,victim_0034,1,phase_exact,2,8644.94250269917,sparse_remote,synchronization_bursty,,,,False,,
entanglement_assisted_all_shared,random_forest,raw_online,93588e5287f9b3f5c738,victim_0034,1,phase_exact,3,11529.039859917659,synchronization_bursty,local_compute,,,,False,,
entanglement_assisted_all_shared,random_forest,raw_online,93588e5287f9b3f5c738,victim_0034,1,phase_exact,4,16958.909792595652,local_compute,dense_remote,,,,False,,
entanglement_assisted_all_shared,random_forest,raw_online,93588e5287f9b3f5c738,victim_0034,1,phase_any,0,2584.983901882975,dense_remote,local_compute,,,,False,,
entanglement_assisted_all_shared,random_forest,raw_online,93588e5287f9b3f5c738,victim_0034,1,phase_any,1,5207.092213312335,local_compute,sparse_remote,,,,False,,
entanglement_assisted_all_shared,random_forest,raw_online,93588e5287f9b3f5c738,victim_0034,1,phase_any,2,8644.94250269917,sparse_remote,synchronization_bursty,9060.0,dense_remote,synchronization_bursty,True,415.0574973008297,415.0574973008297
entanglement_assisted_all_shared,random_forest,raw_online,93588e5287f9b3f5c738,victim_0034,1,phase_any,3,11529.039859917659,synchronization_bursty,local_compute,12000.0,synchronization_bursty,sparse_remote,True,470.96014008234124,470.96014008234124
entanglement_assisted_all_shared,random_forest,raw_online,93588e5287f9b3f5c738,victim_0034,1,phase_any,4,16958.909792595652,local_compute,dense_remote,,,,False,,
entanglement_assisted_all_shared,random_forest,raw_online,93588e5287f9b3f5c738,victim_0034,1,remote_on_off,0,2584.983901882975,dense_remote,local_compute,,,,False,,
entanglement_assisted_all_shared,random_forest,raw_online,93588e5287f9b3f5c738,victim_0034,1,remote_on_off,1,5207.092213312335,local_compute,sparse_remote,,,,False,,
entanglement_assisted_all_shared,random_forest,raw_online,93588e5287f9b3f5c738,victim_0034,1,remote_on_off,3,11529.039859917659,synchronization_bursty,local_compute,,,,False,,
entanglement_assisted_all_shared,random_forest,raw_online,93588e5287f9b3f5c738,victim_0034,1,remote_on_off,4,16958.909792595652,local_compute,dense_remote,,,,False,,
entanglement_assisted_all_shared,random_forest,raw_online,974616a9a6e332063551,victim_0010,0,phase_exact,0,3799.0914558502673,local_compute,dense_remote,,,,False,,
entanglement_assisted_all_shared,random_forest,raw_online,974616a9a6e332063551,victim_0010,0,phase_exact,1,7177.584870190105,dense_remote,sparse_remote,,,,False,,
entanglement_assisted_all_shared,random_forest,raw_online,974616a9a6e332063551,victim_0010,0,phase_exact,2,9864.380078273627,sparse_remote,synchronization_bursty,9900.0,sparse_remote,synchronization_bursty,True,35.61992172637292,35.61992172637292
entanglement_assisted_all_shared,random_forest,raw_online,974616a9a6e332063551,victim_0010,0,phase_exact,3,12803.703036780968,synchronization_bursty,dense_remote,,,,False,,
entanglement_assisted_all_shared,random_forest,raw_online,974616a9a6e332063551,victim_0010,0,phase_exact,4,15204.780045932635,dense_remote,synchronization_bursty,15360.0,dense_remote,synchronization_bursty,True,155.2199540673646,155.2199540673646
entanglement_assisted_all_shared,random_forest,raw_online,974616a9a6e332063551,victim_0010,0,phase_any,0,3799.0914558502673,local_compute,dense_remote,,,,False,,
entanglement_assisted_all_shared,random_forest,raw_online,974616a9a6e332063551,victim_0010,0,phase_any,1,7177.584870190105,dense_remote,sparse_remote,6540.0,local_compute,dense_remote,True,-637.584870190105,637.584870190105
entanglement_assisted_all_shared,random_forest,raw_online,974616a9a6e332063551,victim_0010,0,phase_any,2,9864.380078273627,sparse_remote,synchronization_bursty,9900.0,sparse_remote,synchronization_bursty,True,35.61992172637292,35.61992172637292
entanglement_assisted_all_shared,random_forest,raw_online,974616a9a6e332063551,victim_0010,0,phase_any,3,12803.703036780968,synchronization_bursty,dense_remote,,,,False,,
entanglement_assisted_all_shared,random_forest,raw_online,974616a9a6e332063551,victim_0010,0,phase_any,4,15204.780045932635,dense_remote,synchronization_bursty,15360.0,dense_remote,synchronization_bursty,True,155.2199540673646,155.2199540673646
entanglement_assisted_all_shared,random_forest,raw_online,974616a9a6e332063551,victim_0010,0,remote_on_off,0,3799.0914558502673,local_compute,dense_remote,,,,False,,
entanglement_assisted_all_shared,random_forest,raw_online,9c8215c31c929d03a222,victim_0010,1,phase_exact,0,3799.0914558502673,local_compute,dense_remote,,,,False,,
entanglement_assisted_all_shared,random_forest,raw_online,9c8215c31c929d03a222,victim_0010,1,phase_exact,1,7177.584870190105,dense_remote,sparse_remote,,,,False,,
entanglement_assisted_all_shared,random_forest,raw_online,9c8215c31c929d03a222,victim_0010,1,phase_exact,2,9864.380078273627,sparse_remote,synchronization_bursty,,,,False,,
entanglement_assisted_all_shared,random_forest,raw_online,9c8215c31c929d03a222,victim_0010,1,phase_exact,3,12803.703036780968,synchronization_bursty,dense_remote,,,,False,,
entanglement_assisted_all_shared,random_forest,raw_online,9c8215c31c929d03a222,victim_0010,1,phase_exact,4,15204.780045932635,dense_remote,synchronization_bursty,,,,False,,
entanglement_assisted_all_shared,random_forest,raw_online,9c8215c31c929d03a222,victim_0010,1,phase_any,0,3799.0914558502673,local_compute,dense_remote,,,,False,,
entanglement_assisted_all_shared,random_forest,raw_online,9c8215c31c929d03a222,victim_0010,1,phase_any,1,7177.584870190105,dense_remote,sparse_remote,,,,False,,
entanglement_assisted_all_shared,random_forest,raw_online,9c8215c31c929d03a222,victim_0010,1,phase_any,2,9864.380078273627,sparse_remote,synchronization_bursty,9900.0,local_compute,synchronization_bursty,True,35.61992172637292,35.61992172637292
entanglement_assisted_all_shared,random_forest,raw_online,9c8215c31c929d03a222,victim_0010,1,phase_any,3,12803.703036780968,synchronization_bursty,dense_remote,12840.0,synchronization_bursty,local_compute,True,36.29696321903248,36.29696321903248
entanglement_assisted_all_shared,random_forest,raw_online,9c8215c31c929d03a222,victim_0010,1,phase_any,4,15204.780045932635,dense_remote,synchronization_bursty,15360.0,local_compute,synchronization_bursty,True,155.2199540673646,155.2199540673646
entanglement_assisted_all_shared,random_forest,raw_online,9c8215c31c929d03a222,victim_0010,1,remote_on_off,0,3799.0914558502673,local_compute,dense_remote,,,,False,,
entanglement_assisted_all_shared,random_forest,raw_online,a16e4cfb01482c42b2c7,victim_0018,1,phase_exact,0,4823.51995045369,dense_remote,sparse_remote,,,,False,,
entanglement_assisted_all_shared,random_forest,raw_online,a16e4cfb01482c42b2c7,victim_0018,1,phase_exact,1,9594.047520701628,sparse_remote,synchronization_bursty,9900.0,sparse_remote,synchronization_bursty,True,305.95247929837205,305.95247929837205
entanglement_assisted_all_shared,random_forest,raw_online,a16e4cfb01482c42b2c7,victim_0018,1,phase_exact,2,12361.950228432477,synchronization_bursty,dense_remote,12840.0,synchronization_bursty,dense_remote,True,478.04977156752284,478.04977156752284
entanglement_assisted_all_shared,random_forest,raw_online,a16e4cfb01482c42b2c7,victim_0018,1,phase_exact,3,16100.566304239506,dense_remote,local_compute,,,,False,,
entanglement_assisted_all_shared,random_forest,raw_online,a16e4cfb01482c42b2c7,victim_0018,1,phase_any,0,4823.51995045369,dense_remote,sparse_remote,,,,False,,
entanglement_assisted_all_shared,random_forest,raw_online,a16e4cfb01482c42b2c7,victim_0018,1,phase_any,1,9594.047520701628,sparse_remote,synchronization_bursty,9900.0,sparse_remote,synchronization_bursty,True,305.95247929837205,305.95247929837205
entanglement_assisted_all_shared,random_forest,raw_online,a16e4cfb01482c42b2c7,victim_0018,1,phase_any,2,12361.950228432477,synchronization_bursty,dense_remote,12840.0,synchronization_bursty,dense_remote,True,478.04977156752284,478.04977156752284
entanglement_assisted_all_shared,random_forest,raw_online,a16e4cfb01482c42b2c7,victim_0018,1,phase_any,3,16100.566304239506,dense_remote,local_compute,,,,False,,
entanglement_assisted_all_shared,random_forest,raw_online,a16e4cfb01482c42b2c7,victim_0018,1,remote_on_off,3,16100.566304239506,dense_remote,local_compute,,,,False,,
entanglement_assisted_all_shared,random_forest,raw_online,a232cf96e89803b66d84,victim_0008,0,phase_exact,0,2978.015688481845,synchronization_bursty,dense_remote,,,,False,,
entanglement_assisted_all_shared,random_forest,raw_online,a232cf96e89803b66d84,victim_0008,0,phase_exact,1,6468.965710581726,dense_remote,sparse_remote,,,,False,,
entanglement_assisted_all_shared,random_forest,raw_online,a232cf96e89803b66d84,victim_0008,0,phase_exact,2,11679.055663519011,sparse_remote,local_compute,,,,False,,
entanglement_assisted_all_shared,random_forest,raw_online,a232cf96e89803b66d84,victim_0008,0,phase_exact,3,16457.887331498667,local_compute,dense_remote,,,,False,,
entanglement_assisted_all_shared,random_forest,raw_online,a232cf96e89803b66d84,victim_0008,0,phase_any,0,2978.015688481845,synchronization_bursty,dense_remote,,,,False,,
entanglement_assisted_all_shared,random_forest,raw_online,a232cf96e89803b66d84,victim_0008,0,phase_any,1,6468.965710581726,dense_remote,sparse_remote,,,,False,,
entanglement_assisted_all_shared,random_forest,raw_online,a232cf96e89803b66d84,victim_0008,0,phase_any,2,11679.055663519011,sparse_remote,local_compute,12420.0,dense_remote,local_compute,True,740.9443364809886,740.9443364809886
entanglement_assisted_all_shared,random_forest,raw_online,a232cf96e89803b66d84,victim_0008,0,phase_any,3,16457.887331498667,local_compute,dense_remote,,,,False,,
entanglement_assisted_all_shared,random_forest,raw_online,a232cf96e89803b66d84,victim_0008,0,remote_on_off,2,11679.055663519011,sparse_remote,local_compute,12420.0,dense_remote,local_compute,True,740.9443364809886,740.9443364809886
entanglement_assisted_all_shared,random_forest,raw_online,a232cf96e89803b66d84,victim_0008,0,remote_on_off,3,16457.887331498667,local_compute,dense_remote,,,,False,,
entanglement_assisted_all_shared,random_forest,raw_online,a559bec72a7f705e59d6,victim_0006,0,phase_exact,0,3868.292651126604,sparse_remote,local_compute,,,,False,,
entanglement_assisted_all_shared,random_forest,raw_online,a559bec72a7f705e59d6,victim_0006,0,phase_exact,1,8142.9548099510275,local_compute,sparse_remote,8220.0,local_compute,sparse_remote,True,77.04519004897247,77.04519004897247
entanglement_assisted_all_shared,random_forest,raw_online,a559bec72a7f705e59d6,victim_0006,0,phase_exact,2,10850.749623475784,sparse_remote,synchronization_bursty,11160.0,sparse_remote,synchronization_bursty,True,309.25037652421634,309.25037652421634
entanglement_assisted_all_shared,random_forest,raw_online,a559bec72a7f705e59d6,victim_0006,0,phase_exact,3,13905.834588475289,synchronization_bursty,dense_remote,14520.0,synchronization_bursty,dense_remote,True,614.1654115247111,614.1654115247111
entanglement_assisted_all_shared,random_forest,raw_online,a559bec72a7f705e59d6,victim_0006,0,phase_any,0,3868.292651126604,sparse_remote,local_compute,3180.0,local_compute,dense_remote,True,-688.2926511266041,688.2926511266041
entanglement_assisted_all_shared,random_forest,raw_online,a559bec72a7f705e59d6,victim_0006,0,phase_any,1,8142.9548099510275,local_compute,sparse_remote,8220.0,local_compute,sparse_remote,True,77.04519004897247,77.04519004897247
entanglement_assisted_all_shared,random_forest,raw_online,a559bec72a7f705e59d6,victim_0006,0,phase_any,2,10850.749623475784,sparse_remote,synchronization_bursty,11160.0,sparse_remote,synchronization_bursty,True,309.25037652421634,309.25037652421634
entanglement_assisted_all_shared,random_forest,raw_online,a559bec72a7f705e59d6,victim_0006,0,phase_any,3,13905.834588475289,synchronization_bursty,dense_remote,14520.0,synchronization_bursty,dense_remote,True,614.1654115247111,614.1654115247111
entanglement_assisted_all_shared,random_forest,raw_online,a559bec72a7f705e59d6,victim_0006,0,remote_on_off,0,3868.292651126604,sparse_remote,local_compute,,,,False,,
entanglement_assisted_all_shared,random_forest,raw_online,a559bec72a7f705e59d6,victim_0006,0,remote_on_off,1,8142.9548099510275,local_compute,sparse_remote,8220.0,local_compute,sparse_remote,True,77.04519004897247,77.04519004897247
entanglement_assisted_all_shared,random_forest,raw_online,ab20f4b8efd1767e1f54,victim_0002,1,phase_exact,0,4128.836103055568,sparse_remote,synchronization_bursty,,,,False,,
entanglement_assisted_all_shared,random_forest,raw_online,ab20f4b8efd1767e1f54,victim_0002,1,phase_exact,1,8090.9366784642525,synchronization_bursty,local_compute,8640.0,synchronization_bursty,local_compute,True,549.0633215357475,549.0633215357475
entanglement_assisted_all_shared,random_forest,raw_online,ab20f4b8efd1767e1f54,victim_0002,1,phase_exact,2,11252.308935390323,local_compute,dense_remote,,,,False,,
entanglement_assisted_all_shared,random_forest,raw_online,ab20f4b8efd1767e1f54,victim_0002,1,phase_exact,3,14243.601544682242,dense_remote,sparse_remote,,,,False,,
entanglement_assisted_all_shared,random_forest,raw_online,ab20f4b8efd1767e1f54,victim_0002,1,phase_any,0,4128.836103055568,sparse_remote,synchronization_bursty,4440.0,local_compute,synchronization_bursty,True,311.16389694443205,311.16389694443205
entanglement_assisted_all_shared,random_forest,raw_online,ab20f4b8efd1767e1f54,victim_0002,1,phase_any,1,8090.9366784642525,synchronization_bursty,local_compute,8640.0,synchronization_bursty,local_compute,True,549.0633215357475,549.0633215357475
entanglement_assisted_all_shared,random_forest,raw_online,ab20f4b8efd1767e1f54,victim_0002,1,phase_any,2,11252.308935390323,local_compute,dense_remote,,,,False,,
entanglement_assisted_all_shared,random_forest,raw_online,ab20f4b8efd1767e1f54,victim_0002,1,phase_any,3,14243.601544682242,dense_remote,sparse_remote,,,,False,,
entanglement_assisted_all_shared,random_forest,raw_online,ab20f4b8efd1767e1f54,victim_0002,1,remote_on_off,1,8090.9366784642525,synchronization_bursty,local_compute,8640.0,synchronization_bursty,local_compute,True,549.0633215357475,549.0633215357475
entanglement_assisted_all_shared,random_forest,raw_online,ab20f4b8efd1767e1f54,victim_0002,1,remote_on_off,2,11252.308935390323,local_compute,dense_remote,,,,False,,
entanglement_assisted_all_shared,random_forest,raw_online,cc7233a6ded14cc06325,victim_0003,1,phase_exact,0,3184.1511702802213,local_compute,sparse_remote,,,,False,,
entanglement_assisted_all_shared,random_forest,raw_online,cc7233a6ded14cc06325,victim_0003,1,phase_exact,1,8137.308551850549,sparse_remote,dense_remote,,,,False,,
entanglement_assisted_all_shared,random_forest,raw_online,cc7233a6ded14cc06325,victim_0003,1,phase_exact,2,11766.900719130488,dense_remote,sparse_remote,,,,False,,
entanglement_assisted_all_shared,random_forest,raw_online,cc7233a6ded14cc06325,victim_0003,1,phase_exact,3,16533.76894948869,sparse_remote,synchronization_bursty,,,,False,,
entanglement_assisted_all_shared,random_forest,raw_online,cc7233a6ded14cc06325,victim_0003,1,phase_any,0,3184.1511702802213,local_compute,sparse_remote,3180.0,local_compute,dense_remote,True,-4.151170280221322,4.151170280221322
entanglement_assisted_all_shared,random_forest,raw_online,cc7233a6ded14cc06325,victim_0003,1,phase_any,1,8137.308551850549,sparse_remote,dense_remote,8220.0,local_compute,sparse_remote,True,82.69144814945139,82.69144814945139
entanglement_assisted_all_shared,random_forest,raw_online,cc7233a6ded14cc06325,victim_0003,1,phase_any,2,11766.900719130488,dense_remote,sparse_remote,,,,False,,
entanglement_assisted_all_shared,random_forest,raw_online,cc7233a6ded14cc06325,victim_0003,1,phase_any,3,16533.76894948869,sparse_remote,synchronization_bursty,16620.0,local_compute,synchronization_bursty,True,86.23105051130915,86.23105051130915
entanglement_assisted_all_shared,random_forest,raw_online,cc7233a6ded14cc06325,victim_0003,1,remote_on_off,0,3184.1511702802213,local_compute,sparse_remote,3180.0,local_compute,dense_remote,True,-4.151170280221322,4.151170280221322
