trace_id,domain_id,task_name,true_label,predicted_label,correct,model_name,schedule_profile,link_success_probability,placement_policy,timing_scale,prefetch_target
0a579c55cba894cb512b,closed_world,distillation_depth_inference,distill_0,distill_0,True,logistic_regression,sparse_periodic,0.65,balanced_round_robin,1.0,2
51fb4019e5e3be8f4dc8,closed_world,distillation_depth_inference,distill_1,distill_1,True,logistic_regression,sparse_periodic,0.65,balanced_round_robin,1.0,2
6690f84317243f9dcde1,closed_world,distillation_depth_inference,distill_2,distill_2,True,logistic_regression,sparse_periodic,0.65,balanced_round_robin,1.0,2
9e0f4623f0d590eea7bb,closed_world,distillation_depth_inference,distill_0,distill_0,True,logistic_regression,sparse_periodic,0.8,balanced_round_robin,1.0,2
7e33c5300aa4c265034d,closed_world,distillation_depth_inference,distill_1,distill_0,False,logistic_regression,sparse_periodic,0.8,balanced_round_robin,1.0,2
13248b04fb40bc30f9da,closed_world,distillation_depth_inference,distill_2,distill_1,False,logistic_regression,sparse_periodic,0.8,balanced_round_robin,1.0,2
2bca222be4c2d516c970,closed_world,distillation_depth_inference,distill_0,distill_0,True,logistic_regression,sparse_periodic,0.95,balanced_round_robin,1.0,2
1365175dccf148c46f68,closed_world,distillation_depth_inference,distill_1,distill_0,False,logistic_regression,sparse_periodic,0.95,balanced_round_robin,1.0,2
24355effc3be105dc1bb,closed_world,distillation_depth_inference,distill_2,distill_0,False,logistic_regression,sparse_periodic,0.95,balanced_round_robin,1.0,2
475320736f848a51a1e7,closed_world,distillation_depth_inference,distill_0,distill_1,False,logistic_regression,dense_periodic,0.65,balanced_round_robin,1.0,2
ea8cb4df1474f15edf65,closed_world,distillation_depth_inference,distill_1,distill_2,False,logistic_regression,dense_periodic,0.65,balanced_round_robin,1.0,2
893cd4a4e01dbe7cdc4e,closed_world,distillation_depth_inference,distill_2,distill_2,True,logistic_regression,dense_periodic,0.65,balanced_round_robin,1.0,2
e820fe2be80ef7656280,closed_world,distillation_depth_inference,distill_0,distill_1,False,logistic_regression,dense_periodic,0.8,balanced_round_robin,1.0,2
005db031f4a1609ba1c7,closed_world,distillation_depth_inference,distill_1,distill_2,False,logistic_regression,dense_periodic,0.8,balanced_round_robin,1.0,2
a0ae0f32c86af15b39c3,closed_world,distillation_depth_inference,distill_2,distill_2,True,logistic_regression,dense_periodic,0.8,balanced_round_robin,1.0,2
3f3cc1d725ea01a816fc,closed_world,distillation_depth_inference,distill_0,distill_1,False,logistic_regression,dense_periodic,0.95,balanced_round_robin,1.0,2
6c8302f5e3c4e9df4a06,closed_world,distillation_depth_inference,distill_1,distill_1,True,logistic_regression,dense_periodic,0.95,balanced_round_robin,1.0,2
4c0d9007edbfb0a2874c,closed_world,distillation_depth_inference,distill_2,distill_2,True,logistic_regression,dense_periodic,0.95,balanced_round_robin,1.0,2
5b30d6905738522e6102,closed_world,distillation_depth_inference,distill_0,distill_1,False,logistic_regression,synchronization_bursty,0.65,balanced_round_robin,1.0,2
e961b86f2c268b20f44d,closed_world,distillation_depth_inference,distill_1,distill_0,False,logistic_regression,synchronization_bursty,0.65,balanced_round_robin,1.0,2
f0e2e85fb25634a6fc8d,closed_world,distillation_depth_inference,distill_2,distill_2,True,logistic_regression,synchronization_bursty,0.65,balanced_round_robin,1.0,2
0a03fff10dec5c098d24,closed_world,distillation_depth_inference,distill_0,distill_0,True,logistic_regression,synchronization_bursty,0.8,balanced_round_robin,1.0,2
f5c012578d95bdaa622f,closed_world,distillation_depth_inference,distill_1,distill_1,True,logistic_regression,synchronization_bursty,0.8,balanced_round_robin,1.0,2
a88edfc3b3916e913c05,closed_world,distillation_depth_inference,distill_2,distill_2,True,logistic_regression,synchronization_bursty,0.8,balanced_round_robin,1.0,2
a4f08c3b53f1c457f979,closed_world,distillation_depth_inference,distill_0,distill_0,True,logistic_regression,synchronization_bursty,0.95,balanced_round_robin,1.0,2
8190cf41da9c02a1d684,closed_world,distillation_depth_inference,distill_1,distill_1,True,logistic_regression,synchronization_bursty,0.95,balanced_round_robin,1.0,2
ed7870a1127750abcbdf,closed_world,distillation_depth_inference,distill_2,distill_2,True,logistic_regression,synchronization_bursty,0.95,balanced_round_robin,1.0,2
489273ed1979a8b98ee3,closed_world,distillation_depth_inference,distill_0,distill_1,False,logistic_regression,dense_periodic,0.65,balanced_round_robin,1.0,2
b3375739b5c05da1a9d7,closed_world,distillation_depth_inference,distill_1,distill_2,False,logistic_regression,dense_periodic,0.65,balanced_round_robin,1.0,2
35ba39dea9f06b65fee8,closed_world,distillation_depth_inference,distill_2,distill_2,True,logistic_regression,dense_periodic,0.65,balanced_round_robin,1.0,2
44411dea2fa28caede22,closed_world,distillation_depth_inference,distill_0,distill_1,False,logistic_regression,dense_periodic,0.8,balanced_round_robin,1.0,2
7dc86d38b5d5d98af968,closed_world,distillation_depth_inference,distill_1,distill_1,True,logistic_regression,dense_periodic,0.8,balanced_round_robin,1.0,2
018632ba6ed6cb888773,closed_world,distillation_depth_inference,distill_2,distill_2,True,logistic_regression,dense_periodic,0.8,balanced_round_robin,1.0,2
dcced7a70be50fadb0b0,closed_world,distillation_depth_inference,distill_0,distill_1,False,logistic_regression,dense_periodic,0.95,balanced_round_robin,1.0,2
92546502ed6d1c0e5276,closed_world,distillation_depth_inference,distill_1,distill_1,True,logistic_regression,dense_periodic,0.95,balanced_round_robin,1.0,2
8c5f03f4c4f5670b7de7,closed_world,distillation_depth_inference,distill_2,distill_2,True,logistic_regression,dense_periodic,0.95,balanced_round_robin,1.0,2
1ee1acf5f0428440b755,closed_world,distillation_depth_inference,distill_0,distill_0,True,logistic_regression,sparse_periodic,0.65,balanced_round_robin,1.0,2
a66992fc9d39542787f1,closed_world,distillation_depth_inference,distill_1,distill_1,True,logistic_regression,sparse_periodic,0.65,balanced_round_robin,1.0,2
2068b23b2d63f6f5eab9,closed_world,distillation_depth_inference,distill_2,distill_2,True,logistic_regression,sparse_periodic,0.65,balanced_round_robin,1.0,2
999c141cdc5f07327732,closed_world,distillation_depth_inference,distill_0,distill_0,True,logistic_regression,sparse_periodic,0.8,balanced_round_robin,1.0,2
ee77c53c1224872504d9,closed_world,distillation_depth_inference,distill_1,distill_0,False,logistic_regression,sparse_periodic,0.8,balanced_round_robin,1.0,2
8289d545568486e78311,closed_world,distillation_depth_inference,distill_2,distill_1,False,logistic_regression,sparse_periodic,0.8,balanced_round_robin,1.0,2
3cf041c0e986a64118ec,closed_world,distillation_depth_inference,distill_0,distill_0,True,logistic_regression,sparse_periodic,0.95,balanced_round_robin,1.0,2
821f282c34fe943953d5,closed_world,distillation_depth_inference,distill_1,distill_0,False,logistic_regression,sparse_periodic,0.95,balanced_round_robin,1.0,2
4ffb2fceb9f41e1efb23,closed_world,distillation_depth_inference,distill_2,distill_1,False,logistic_regression,sparse_periodic,0.95,balanced_round_robin,1.0,2
cc08c3b3efd1444d2d29,closed_world,distillation_depth_inference,distill_0,distill_1,False,logistic_regression,synchronization_bursty,0.65,balanced_round_robin,1.0,2
f351831a8e78862f869d,closed_world,distillation_depth_inference,distill_1,distill_2,False,logistic_regression,synchronization_bursty,0.65,balanced_round_robin,1.0,2
307c7582af04a59303f5,closed_world,distillation_depth_inference,distill_2,distill_1,False,logistic_regression,synchronization_bursty,0.65,balanced_round_robin,1.0,2
570f8f5de9b47bf45e41,closed_world,distillation_depth_inference,distill_0,distill_1,False,logistic_regression,synchronization_bursty,0.8,balanced_round_robin,1.0,2
2e5e8aad6056b2af9046,closed_world,distillation_depth_inference,distill_1,distill_2,False,logistic_regression,synchronization_bursty,0.8,balanced_round_robin,1.0,2
ee5d519c2721bc6da943,closed_world,distillation_depth_inference,distill_2,distill_1,False,logistic_regression,synchronization_bursty,0.8,balanced_round_robin,1.0,2
a9c5588d25d756d19209,closed_world,distillation_depth_inference,distill_0,distill_1,False,logistic_regression,synchronization_bursty,0.95,balanced_round_robin,1.0,2
e537a7adc852df0b8092,closed_world,distillation_depth_inference,distill_1,distill_1,True,logistic_regression,synchronization_bursty,0.95,balanced_round_robin,1.0,2
86e68c23b1a3e3b7d0e9,closed_world,distillation_depth_inference,distill_2,distill_2,True,logistic_regression,synchronization_bursty,0.95,balanced_round_robin,1.0,2
dc1a5b4867459f01ad7d,closed_world,protocol_inference,direct_transfer,on_demand_epr,False,hist_gradient_boosting,sparse_periodic,0.65,balanced_round_robin,1.0,2
02fdd7d27d5bb960b0f1,closed_world,protocol_inference,on_demand_epr,on_demand_epr,True,hist_gradient_boosting,sparse_periodic,0.65,balanced_round_robin,1.0,2
0aba61694789e7a80a6e,closed_world,protocol_inference,prefetched_epr,teledata,False,hist_gradient_boosting,sparse_periodic,0.65,balanced_round_robin,1.0,2
bb719d4f82982a5b424f,closed_world,protocol_inference,telegate,teledata,False,hist_gradient_boosting,sparse_periodic,0.65,balanced_round_robin,1.0,2
ed15279980f3d7870506,closed_world,protocol_inference,teledata,prefetched_epr,False,hist_gradient_boosting,sparse_periodic,0.65,balanced_round_robin,1.0,2
18fcda2bfa4d369d624d,closed_world,protocol_inference,direct_transfer,on_demand_epr,False,hist_gradient_boosting,sparse_periodic,0.8,balanced_round_robin,1.0,2
b6f66d91bfe00f5d0da8,closed_world,protocol_inference,on_demand_epr,on_demand_epr,True,hist_gradient_boosting,sparse_periodic,0.8,balanced_round_robin,1.0,2
fe63f1d055c4fa5fa57e,closed_world,protocol_inference,prefetched_epr,teledata,False,hist_gradient_boosting,sparse_periodic,0.8,balanced_round_robin,1.0,2
39450e70421b85bf7011,closed_world,protocol_inference,telegate,teledata,False,hist_gradient_boosting,sparse_periodic,0.8,balanced_round_robin,1.0,2
e5b9bbaac5c0d4f4f33b,closed_world,protocol_inference,teledata,prefetched_epr,False,hist_gradient_boosting,sparse_periodic,0.8,balanced_round_robin,1.0,2
f2a5b8728cdfa15d23a5,closed_world,protocol_inference,direct_transfer,on_demand_epr,False,hist_gradient_boosting,sparse_periodic,0.95,balanced_round_robin,1.0,2
f9caa5dd38415b84ef1b,closed_world,protocol_inference,on_demand_epr,on_demand_epr,True,hist_gradient_boosting,sparse_periodic,0.95,balanced_round_robin,1.0,2
3627aacbb173b86e5626,closed_world,protocol_inference,prefetched_epr,prefetched_epr,True,hist_gradient_boosting,sparse_periodic,0.95,balanced_round_robin,1.0,2
39c1fde27cbba6254dae,closed_world,protocol_inference,telegate,telegate,True,hist_gradient_boosting,sparse_periodic,0.95,balanced_round_robin,1.0,2
5ee305fcef6e0f4aafc5,closed_world,protocol_inference,teledata,telegate,False,hist_gradient_boosting,sparse_periodic,0.95,balanced_round_robin,1.0,2
2bbb1ba5fe9150865b61,closed_world,protocol_inference,direct_transfer,direct_transfer,True,hist_gradient_boosting,dense_periodic,0.65,balanced_round_robin,1.0,2
d3abfbfc55effbcc3036,closed_world,protocol_inference,on_demand_epr,on_demand_epr,True,hist_gradient_boosting,dense_periodic,0.65,balanced_round_robin,1.0,2
6043f54e6a7a7312fdf1,closed_world,protocol_inference,prefetched_epr,teledata,False,hist_gradient_boosting,dense_periodic,0.65,balanced_round_robin,1.0,2
c72e6e9020881cefb2a7,closed_world,protocol_inference,telegate,teledata,False,hist_gradient_boosting,dense_periodic,0.65,balanced_round_robin,1.0,2
fb91d2683807fb3f1558,closed_world,protocol_inference,teledata,prefetched_epr,False,hist_gradient_boosting,dense_periodic,0.65,balanced_round_robin,1.0,2
bec399b9e56b97db1d16,closed_world,protocol_inference,direct_transfer,direct_transfer,True,hist_gradient_boosting,dense_periodic,0.8,balanced_round_robin,1.0,2
3fd965a54822b7a23754,closed_world,protocol_inference,on_demand_epr,on_demand_epr,True,hist_gradient_boosting,dense_periodic,0.8,balanced_round_robin,1.0,2
6e308c39e4451801d8ef,closed_world,protocol_inference,prefetched_epr,prefetched_epr,True,hist_gradient_boosting,dense_periodic,0.8,balanced_round_robin,1.0,2
85c38804dcc591bb244e,closed_world,protocol_inference,telegate,prefetched_epr,False,hist_gradient_boosting,dense_periodic,0.8,balanced_round_robin,1.0,2
7f830607706fadb37330,closed_world,protocol_inference,teledata,prefetched_epr,False,hist_gradient_boosting,dense_periodic,0.8,balanced_round_robin,1.0,2
24431f567ac931485f7a,closed_world,protocol_inference,direct_transfer,direct_transfer,True,hist_gradient_boosting,dense_periodic,0.95,balanced_round_robin,1.0,2
a29000fb7eb6834b6c26,closed_world,protocol_inference,on_demand_epr,on_demand_epr,True,hist_gradient_boosting,dense_periodic,0.95,balanced_round_robin,1.0,2
35e3178cfe930ea06a46,closed_world,protocol_inference,prefetched_epr,telegate,False,hist_gradient_boosting,dense_periodic,0.95,balanced_round_robin,1.0,2
153d7b79e2d2197637b0,closed_world,protocol_inference,telegate,prefetched_epr,False,hist_gradient_boosting,dense_periodic,0.95,balanced_round_robin,1.0,2
02355323e72f86862289,closed_world,protocol_inference,teledata,telegate,False,hist_gradient_boosting,dense_periodic,0.95,balanced_round_robin,1.0,2
76ceed2012ecf2e8032f,closed_world,protocol_inference,direct_transfer,on_demand_epr,False,hist_gradient_boosting,synchronization_bursty,0.65,balanced_round_robin,1.0,2
bd5bd85c6876ba2ca8e8,closed_world,protocol_inference,on_demand_epr,on_demand_epr,True,hist_gradient_boosting,synchronization_bursty,0.65,balanced_round_robin,1.0,2
c02e5dbcc588b716c42e,closed_world,protocol_inference,prefetched_epr,teledata,False,hist_gradient_boosting,synchronization_bursty,0.65,balanced_round_robin,1.0,2
2c63c1f78587da54d31d,closed_world,protocol_inference,telegate,teledata,False,hist_gradient_boosting,synchronization_bursty,0.65,balanced_round_robin,1.0,2
69ece7c5d7a2f76022ac,closed_world,protocol_inference,teledata,teledata,True,hist_gradient_boosting,synchronization_bursty,0.65,balanced_round_robin,1.0,2
09830dfadee94853cf8d,closed_world,protocol_inference,direct_transfer,on_demand_epr,False,hist_gradient_boosting,synchronization_bursty,0.8,balanced_round_robin,1.0,2
be6b2df5ef53d91ffa08,closed_world,protocol_inference,on_demand_epr,on_demand_epr,True,hist_gradient_boosting,synchronization_bursty,0.8,balanced_round_robin,1.0,2
d7f576676106c8be973e,closed_world,protocol_inference,prefetched_epr,teledata,False,hist_gradient_boosting,synchronization_bursty,0.8,balanced_round_robin,1.0,2
bee80d8a2bf7ed343175,closed_world,protocol_inference,telegate,prefetched_epr,False,hist_gradient_boosting,synchronization_bursty,0.8,balanced_round_robin,1.0,2
8bcc340186d6d703bfc5,closed_world,protocol_inference,teledata,on_demand_epr,False,hist_gradient_boosting,synchronization_bursty,0.8,balanced_round_robin,1.0,2
e4e1e4ba32d4e808da40,closed_world,protocol_inference,direct_transfer,on_demand_epr,False,hist_gradient_boosting,synchronization_bursty,0.95,balanced_round_robin,1.0,2
1941896ae4446071c6f8,closed_world,protocol_inference,on_demand_epr,on_demand_epr,True,hist_gradient_boosting,synchronization_bursty,0.95,balanced_round_robin,1.0,2
bb6f1734daeb598ad0c7,closed_world,protocol_inference,prefetched_epr,teledata,False,hist_gradient_boosting,synchronization_bursty,0.95,balanced_round_robin,1.0,2
ae80c9166c7ddd4c1673,closed_world,protocol_inference,telegate,on_demand_epr,False,hist_gradient_boosting,synchronization_bursty,0.95,balanced_round_robin,1.0,2
83ff6ba2553781870563,closed_world,protocol_inference,teledata,on_demand_epr,False,hist_gradient_boosting,synchronization_bursty,0.95,balanced_round_robin,1.0,2
42bb05df61f85a84daab,closed_world,protocol_inference,direct_transfer,direct_transfer,True,hist_gradient_boosting,dense_periodic,0.65,balanced_round_robin,1.0,2
6435920239891e005d29,closed_world,protocol_inference,on_demand_epr,on_demand_epr,True,hist_gradient_boosting,dense_periodic,0.65,balanced_round_robin,1.0,2
7210da92bad1a3944d38,closed_world,protocol_inference,prefetched_epr,on_demand_epr,False,hist_gradient_boosting,dense_periodic,0.65,balanced_round_robin,1.0,2
12baf60f261b9cf86bd4,closed_world,protocol_inference,telegate,prefetched_epr,False,hist_gradient_boosting,dense_periodic,0.65,balanced_round_robin,1.0,2
c6537211eb3353fd23f4,closed_world,protocol_inference,teledata,telegate,False,hist_gradient_boosting,dense_periodic,0.65,balanced_round_robin,1.0,2
158ab722ace367340132,closed_world,protocol_inference,direct_transfer,direct_transfer,True,hist_gradient_boosting,dense_periodic,0.8,balanced_round_robin,1.0,2
c972b10daa5f0a298b0e,closed_world,protocol_inference,on_demand_epr,on_demand_epr,True,hist_gradient_boosting,dense_periodic,0.8,balanced_round_robin,1.0,2
cb15aef79744e1bfd3bf,closed_world,protocol_inference,prefetched_epr,telegate,False,hist_gradient_boosting,dense_periodic,0.8,balanced_round_robin,1.0,2
d8bdfef65ce8cba2b375,closed_world,protocol_inference,telegate,teledata,False,hist_gradient_boosting,dense_periodic,0.8,balanced_round_robin,1.0,2
66ed50db07109317a976,closed_world,protocol_inference,teledata,telegate,False,hist_gradient_boosting,dense_periodic,0.8,balanced_round_robin,1.0,2
6448560c53fe71533570,closed_world,protocol_inference,direct_transfer,direct_transfer,True,hist_gradient_boosting,dense_periodic,0.95,balanced_round_robin,1.0,2
6c9b3b79aae9f75f4014,closed_world,protocol_inference,on_demand_epr,on_demand_epr,True,hist_gradient_boosting,dense_periodic,0.95,balanced_round_robin,1.0,2
1be2044f3cea7ebbbf11,closed_world,protocol_inference,prefetched_epr,teledata,False,hist_gradient_boosting,dense_periodic,0.95,balanced_round_robin,1.0,2
5dc02e1cff1247bf84c3,closed_world,protocol_inference,telegate,teledata,False,hist_gradient_boosting,dense_periodic,0.95,balanced_round_robin,1.0,2
b24d2a8b1ce6841dfde3,closed_world,protocol_inference,teledata,teledata,True,hist_gradient_boosting,dense_periodic,0.95,balanced_round_robin,1.0,2
ebc5922ba1b1bc5adb61,closed_world,protocol_inference,direct_transfer,on_demand_epr,False,hist_gradient_boosting,sparse_periodic,0.65,balanced_round_robin,1.0,2
f960c14ee4523b7da5dc,closed_world,protocol_inference,on_demand_epr,on_demand_epr,True,hist_gradient_boosting,sparse_periodic,0.65,balanced_round_robin,1.0,2
c344683adc37732ab77a,closed_world,protocol_inference,prefetched_epr,teledata,False,hist_gradient_boosting,sparse_periodic,0.65,balanced_round_robin,1.0,2
1637d246ebb4c2d14b4f,closed_world,protocol_inference,telegate,telegate,True,hist_gradient_boosting,sparse_periodic,0.65,balanced_round_robin,1.0,2
a605c31ea949e28e1927,closed_world,protocol_inference,teledata,prefetched_epr,False,hist_gradient_boosting,sparse_periodic,0.65,balanced_round_robin,1.0,2
54ed45bd37151760859f,closed_world,protocol_inference,direct_transfer,on_demand_epr,False,hist_gradient_boosting,sparse_periodic,0.8,balanced_round_robin,1.0,2
b853a87dfab324638124,closed_world,protocol_inference,on_demand_epr,on_demand_epr,True,hist_gradient_boosting,sparse_periodic,0.8,balanced_round_robin,1.0,2
e10e647f3322773c0ec2,closed_world,protocol_inference,prefetched_epr,prefetched_epr,True,hist_gradient_boosting,sparse_periodic,0.8,balanced_round_robin,1.0,2
f67810d0e89c63567eda,closed_world,protocol_inference,telegate,prefetched_epr,False,hist_gradient_boosting,sparse_periodic,0.8,balanced_round_robin,1.0,2
e7417649a6d8e3c478d6,closed_world,protocol_inference,teledata,prefetched_epr,False,hist_gradient_boosting,sparse_periodic,0.8,balanced_round_robin,1.0,2
ec62245d7a92e8266e3c,closed_world,protocol_inference,direct_transfer,on_demand_epr,False,hist_gradient_boosting,sparse_periodic,0.95,balanced_round_robin,1.0,2
af7ecbf25d5868aa3ebd,closed_world,protocol_inference,on_demand_epr,on_demand_epr,True,hist_gradient_boosting,sparse_periodic,0.95,balanced_round_robin,1.0,2
b9a162b4acb1b0738093,closed_world,protocol_inference,prefetched_epr,teledata,False,hist_gradient_boosting,sparse_periodic,0.95,balanced_round_robin,1.0,2
69c2e01c7cc57ec5ca43,closed_world,protocol_inference,telegate,teledata,False,hist_gradient_boosting,sparse_periodic,0.95,balanced_round_robin,1.0,2
f327ae20af24e5de2f90,closed_world,protocol_inference,teledata,telegate,False,hist_gradient_boosting,sparse_periodic,0.95,balanced_round_robin,1.0,2
8dd6849c37549b2202a2,closed_world,protocol_inference,direct_transfer,prefetched_epr,False,hist_gradient_boosting,synchronization_bursty,0.65,balanced_round_robin,1.0,2
da289fd0558f95771d76,closed_world,protocol_inference,on_demand_epr,teledata,False,hist_gradient_boosting,synchronization_bursty,0.65,balanced_round_robin,1.0,2
03e5c2d2e045be8d9c79,closed_world,protocol_inference,prefetched_epr,prefetched_epr,True,hist_gradient_boosting,synchronization_bursty,0.65,balanced_round_robin,1.0,2
c99ce0d9bb5898d0a8d2,closed_world,protocol_inference,telegate,on_demand_epr,False,hist_gradient_boosting,synchronization_bursty,0.65,balanced_round_robin,1.0,2
58ce6ca96a5deabd32a3,closed_world,protocol_inference,teledata,on_demand_epr,False,hist_gradient_boosting,synchronization_bursty,0.65,balanced_round_robin,1.0,2
f6b5ce4cb2dc80e152e3,closed_world,protocol_inference,direct_transfer,prefetched_epr,False,hist_gradient_boosting,synchronization_bursty,0.8,balanced_round_robin,1.0,2
694271ee4db0cd978b95,closed_world,protocol_inference,on_demand_epr,prefetched_epr,False,hist_gradient_boosting,synchronization_bursty,0.8,balanced_round_robin,1.0,2
74eeef53fbc604df5a37,closed_world,protocol_inference,prefetched_epr,on_demand_epr,False,hist_gradient_boosting,synchronization_bursty,0.8,balanced_round_robin,1.0,2
68c5350beb78452c2466,closed_world,protocol_inference,telegate,on_demand_epr,False,hist_gradient_boosting,synchronization_bursty,0.8,balanced_round_robin,1.0,2
fdbbb10f8d145642df9e,closed_world,protocol_inference,teledata,prefetched_epr,False,hist_gradient_boosting,synchronization_bursty,0.8,balanced_round_robin,1.0,2
a3a69119e65039d91b5d,closed_world,protocol_inference,direct_transfer,prefetched_epr,False,hist_gradient_boosting,synchronization_bursty,0.95,balanced_round_robin,1.0,2
02cf37da0f2d55d24c99,closed_world,protocol_inference,on_demand_epr,on_demand_epr,True,hist_gradient_boosting,synchronization_bursty,0.95,balanced_round_robin,1.0,2
baba833e04e74e20d643,closed_world,protocol_inference,prefetched_epr,on_demand_epr,False,hist_gradient_boosting,synchronization_bursty,0.95,balanced_round_robin,1.0,2
4ff64d55eb07c7a88f2e,closed_world,protocol_inference,telegate,on_demand_epr,False,hist_gradient_boosting,synchronization_bursty,0.95,balanced_round_robin,1.0,2
3c51c4bf1b87375894fc,closed_world,protocol_inference,teledata,on_demand_epr,False,hist_gradient_boosting,synchronization_bursty,0.95,balanced_round_robin,1.0,2
02eebffc651335f48f6d,closed_world,protocol_label_only_control,direct_transfer,telegate,False,random_forest,sparse_periodic,0.65,balanced_round_robin,1.0,2
12d0dba6ff3556e8d07a,closed_world,protocol_label_only_control,on_demand_epr,telegate,False,random_forest,sparse_periodic,0.65,balanced_round_robin,1.0,2
c402744737e3dfac0bf1,closed_world,protocol_label_only_control,prefetched_epr,telegate,False,random_forest,sparse_periodic,0.65,balanced_round_robin,1.0,2
3be4a0a664430f9d6728,closed_world,protocol_label_only_control,telegate,telegate,True,random_forest,sparse_periodic,0.65,balanced_round_robin,1.0,2
b1187e8db13dd4248a49,closed_world,protocol_label_only_control,teledata,telegate,False,random_forest,sparse_periodic,0.65,balanced_round_robin,1.0,2
6481f771ecc2e16572dd,closed_world,protocol_label_only_control,direct_transfer,telegate,False,random_forest,sparse_periodic,0.8,balanced_round_robin,1.0,2
adb763b2809559ec3baa,closed_world,protocol_label_only_control,on_demand_epr,telegate,False,random_forest,sparse_periodic,0.8,balanced_round_robin,1.0,2
8b7dc4161c0b19ba467c,closed_world,protocol_label_only_control,prefetched_epr,telegate,False,random_forest,sparse_periodic,0.8,balanced_round_robin,1.0,2
ca89c8d26a4b99d50497,closed_world,protocol_label_only_control,telegate,telegate,True,random_forest,sparse_periodic,0.8,balanced_round_robin,1.0,2
5eda922f583321d2e89b,closed_world,protocol_label_only_control,teledata,telegate,False,random_forest,sparse_periodic,0.8,balanced_round_robin,1.0,2
edb9bfcdf38e1d9797b6,closed_world,protocol_label_only_control,direct_transfer,direct_transfer,True,random_forest,sparse_periodic,0.95,balanced_round_robin,1.0,2
2fee425af79edfcf9dc3,closed_world,protocol_label_only_control,on_demand_epr,direct_transfer,False,random_forest,sparse_periodic,0.95,balanced_round_robin,1.0,2
7288ccad640753c9c526,closed_world,protocol_label_only_control,prefetched_epr,direct_transfer,False,random_forest,sparse_periodic,0.95,balanced_round_robin,1.0,2
0214970a66b8e72497dc,closed_world,protocol_label_only_control,telegate,direct_transfer,False,random_forest,sparse_periodic,0.95,balanced_round_robin,1.0,2
997db760248f3eb442c5,closed_world,protocol_label_only_control,teledata,direct_transfer,False,random_forest,sparse_periodic,0.95,balanced_round_robin,1.0,2
2e3b024a94fef4a7ea65,closed_world,protocol_label_only_control,direct_transfer,teledata,False,random_forest,dense_periodic,0.65,balanced_round_robin,1.0,2
e5fe69717ab42c37e05b,closed_world,protocol_label_only_control,on_demand_epr,teledata,False,random_forest,dense_periodic,0.65,balanced_round_robin,1.0,2
87288855d4fa79791e94,closed_world,protocol_label_only_control,prefetched_epr,teledata,False,random_forest,dense_periodic,0.65,balanced_round_robin,1.0,2
0e6cf74e84b1e41e8252,closed_world,protocol_label_only_control,telegate,teledata,False,random_forest,dense_periodic,0.65,balanced_round_robin,1.0,2
f242bce13f99e095233d,closed_world,protocol_label_only_control,teledata,teledata,True,random_forest,dense_periodic,0.65,balanced_round_robin,1.0,2
5fd3a1cb71ee19e76a38,closed_world,protocol_label_only_control,direct_transfer,direct_transfer,True,random_forest,dense_periodic,0.8,balanced_round_robin,1.0,2
8af9dda4d2023d8608c9,closed_world,protocol_label_only_control,on_demand_epr,direct_transfer,False,random_forest,dense_periodic,0.8,balanced_round_robin,1.0,2
22e70782e0a1795f569d,closed_world,protocol_label_only_control,prefetched_epr,direct_transfer,False,random_forest,dense_periodic,0.8,balanced_round_robin,1.0,2
e035ffbd589e9b77a097,closed_world,protocol_label_only_control,telegate,direct_transfer,False,random_forest,dense_periodic,0.8,balanced_round_robin,1.0,2
444eca92ee733244673f,closed_world,protocol_label_only_control,teledata,direct_transfer,False,random_forest,dense_periodic,0.8,balanced_round_robin,1.0,2
b4192c8d205290b06e2a,closed_world,protocol_label_only_control,direct_transfer,direct_transfer,True,random_forest,dense_periodic,0.95,balanced_round_robin,1.0,2
ea4562dd25bba4c21be2,closed_world,protocol_label_only_control,on_demand_epr,direct_transfer,False,random_forest,dense_periodic,0.95,balanced_round_robin,1.0,2
8967ed4b3a2b7b10a8b8,closed_world,protocol_label_only_control,prefetched_epr,direct_transfer,False,random_forest,dense_periodic,0.95,balanced_round_robin,1.0,2
5e34d4a615f0a5bbaa61,closed_world,protocol_label_only_control,telegate,direct_transfer,False,random_forest,dense_periodic,0.95,balanced_round_robin,1.0,2
f2204be388d253d4d735,closed_world,protocol_label_only_control,teledata,direct_transfer,False,random_forest,dense_periodic,0.95,balanced_round_robin,1.0,2
4ffd977337c695f1e251,closed_world,protocol_label_only_control,direct_transfer,telegate,False,random_forest,synchronization_bursty,0.65,balanced_round_robin,1.0,2
525a6ca8a8c3e193bbc5,closed_world,protocol_label_only_control,on_demand_epr,telegate,False,random_forest,synchronization_bursty,0.65,balanced_round_robin,1.0,2
4930201473d16e5ae86a,closed_world,protocol_label_only_control,prefetched_epr,telegate,False,random_forest,synchronization_bursty,0.65,balanced_round_robin,1.0,2
66cd49329ce783345a25,closed_world,protocol_label_only_control,telegate,telegate,True,random_forest,synchronization_bursty,0.65,balanced_round_robin,1.0,2
11864a0f090da73cdb52,closed_world,protocol_label_only_control,teledata,telegate,False,random_forest,synchronization_bursty,0.65,balanced_round_robin,1.0,2
692b96c39dcbd75d6713,closed_world,protocol_label_only_control,direct_transfer,on_demand_epr,False,random_forest,synchronization_bursty,0.8,balanced_round_robin,1.0,2
8f8246311e41db6b7b2e,closed_world,protocol_label_only_control,on_demand_epr,on_demand_epr,True,random_forest,synchronization_bursty,0.8,balanced_round_robin,1.0,2
ca8381d656bf49dbab58,closed_world,protocol_label_only_control,prefetched_epr,on_demand_epr,False,random_forest,synchronization_bursty,0.8,balanced_round_robin,1.0,2
ad8e4cac0c461dd18fb4,closed_world,protocol_label_only_control,telegate,on_demand_epr,False,random_forest,synchronization_bursty,0.8,balanced_round_robin,1.0,2
fe7d5469d0dbc72f1584,closed_world,protocol_label_only_control,teledata,on_demand_epr,False,random_forest,synchronization_bursty,0.8,balanced_round_robin,1.0,2
cc4a2fc51a3890046af2,closed_world,protocol_label_only_control,direct_transfer,on_demand_epr,False,random_forest,synchronization_bursty,0.95,balanced_round_robin,1.0,2
a6ad06a5aa5f59dfae67,closed_world,protocol_label_only_control,on_demand_epr,on_demand_epr,True,random_forest,synchronization_bursty,0.95,balanced_round_robin,1.0,2
9aeeecf3b75e7d096620,closed_world,protocol_label_only_control,prefetched_epr,on_demand_epr,False,random_forest,synchronization_bursty,0.95,balanced_round_robin,1.0,2
e67ba52c20597413321c,closed_world,protocol_label_only_control,telegate,on_demand_epr,False,random_forest,synchronization_bursty,0.95,balanced_round_robin,1.0,2
5efd3b193c780458b39c,closed_world,protocol_label_only_control,teledata,on_demand_epr,False,random_forest,synchronization_bursty,0.95,balanced_round_robin,1.0,2
319127603ae72ac2e400,closed_world,protocol_label_only_control,direct_transfer,teledata,False,random_forest,dense_periodic,0.65,balanced_round_robin,1.0,2
cf8da46edc702309953a,closed_world,protocol_label_only_control,on_demand_epr,teledata,False,random_forest,dense_periodic,0.65,balanced_round_robin,1.0,2
7dc5f979c9787dbdc6f3,closed_world,protocol_label_only_control,prefetched_epr,teledata,False,random_forest,dense_periodic,0.65,balanced_round_robin,1.0,2
185db7c766b95eeb35b7,closed_world,protocol_label_only_control,telegate,teledata,False,random_forest,dense_periodic,0.65,balanced_round_robin,1.0,2
65f0493d4e6376cf7050,closed_world,protocol_label_only_control,teledata,teledata,True,random_forest,dense_periodic,0.65,balanced_round_robin,1.0,2
ca962fc501cecc1079e1,closed_world,protocol_label_only_control,direct_transfer,teledata,False,random_forest,dense_periodic,0.8,balanced_round_robin,1.0,2
20b6ef07a199ab3e08ec,closed_world,protocol_label_only_control,on_demand_epr,teledata,False,random_forest,dense_periodic,0.8,balanced_round_robin,1.0,2
8934f71c73bda82b580f,closed_world,protocol_label_only_control,prefetched_epr,teledata,False,random_forest,dense_periodic,0.8,balanced_round_robin,1.0,2
7999e1f7c51f6f67ead3,closed_world,protocol_label_only_control,telegate,teledata,False,random_forest,dense_periodic,0.8,balanced_round_robin,1.0,2
69da1eae62acd65b3a56,closed_world,protocol_label_only_control,teledata,teledata,True,random_forest,dense_periodic,0.8,balanced_round_robin,1.0,2
1ba2e9687d1a2ba784aa,closed_world,protocol_label_only_control,direct_transfer,prefetched_epr,False,random_forest,dense_periodic,0.95,balanced_round_robin,1.0,2
71cfc5c2dea207637ff2,closed_world,protocol_label_only_control,on_demand_epr,prefetched_epr,False,random_forest,dense_periodic,0.95,balanced_round_robin,1.0,2
8727e36787ba3d9b653d,closed_world,protocol_label_only_control,prefetched_epr,prefetched_epr,True,random_forest,dense_periodic,0.95,balanced_round_robin,1.0,2
72d8a67121d96f397d55,closed_world,protocol_label_only_control,telegate,prefetched_epr,False,random_forest,dense_periodic,0.95,balanced_round_robin,1.0,2
90190bcb174480ed621d,closed_world,protocol_label_only_control,teledata,prefetched_epr,False,random_forest,dense_periodic,0.95,balanced_round_robin,1.0,2
4f570678a4f8c6c98c4c,closed_world,protocol_label_only_control,direct_transfer,teledata,False,random_forest,sparse_periodic,0.65,balanced_round_robin,1.0,2
7d85b26b7c83b140d503,closed_world,protocol_label_only_control,on_demand_epr,teledata,False,random_forest,sparse_periodic,0.65,balanced_round_robin,1.0,2
a54c01f7ecb9f0ab5f66,closed_world,protocol_label_only_control,prefetched_epr,teledata,False,random_forest,sparse_periodic,0.65,balanced_round_robin,1.0,2
b8ca1dc7b32851570e3f,closed_world,protocol_label_only_control,telegate,teledata,False,random_forest,sparse_periodic,0.65,balanced_round_robin,1.0,2
1ec477b9d0ad38e189d7,closed_world,protocol_label_only_control,teledata,teledata,True,random_forest,sparse_periodic,0.65,balanced_round_robin,1.0,2
41e54ae23de417f82494,closed_world,protocol_label_only_control,direct_transfer,direct_transfer,True,random_forest,sparse_periodic,0.8,balanced_round_robin,1.0,2
78e2814d6b93435cd479,closed_world,protocol_label_only_control,on_demand_epr,direct_transfer,False,random_forest,sparse_periodic,0.8,balanced_round_robin,1.0,2
120b156c5923924fc2bd,closed_world,protocol_label_only_control,prefetched_epr,direct_transfer,False,random_forest,sparse_periodic,0.8,balanced_round_robin,1.0,2
e325998dd6057bf40790,closed_world,protocol_label_only_control,telegate,direct_transfer,False,random_forest,sparse_periodic,0.8,balanced_round_robin,1.0,2
fed55643a2edb1d24a3e,closed_world,protocol_label_only_control,teledata,direct_transfer,False,random_forest,sparse_periodic,0.8,balanced_round_robin,1.0,2
8e8e6883f7c2e5217bf0,closed_world,protocol_label_only_control,direct_transfer,direct_transfer,True,random_forest,sparse_periodic,0.95,balanced_round_robin,1.0,2
a02785ef16788c9f116d,closed_world,protocol_label_only_control,on_demand_epr,direct_transfer,False,random_forest,sparse_periodic,0.95,balanced_round_robin,1.0,2
e8bbbeadabd084c18ca2,closed_world,protocol_label_only_control,prefetched_epr,direct_transfer,False,random_forest,sparse_periodic,0.95,balanced_round_robin,1.0,2
58b714b75a18455ef8b6,closed_world,protocol_label_only_control,telegate,direct_transfer,False,random_forest,sparse_periodic,0.95,balanced_round_robin,1.0,2
6179a46e7d9a882a2c3f,closed_world,protocol_label_only_control,teledata,direct_transfer,False,random_forest,sparse_periodic,0.95,balanced_round_robin,1.0,2
3bb5a084ad3564a36a2d,closed_world,protocol_label_only_control,direct_transfer,telegate,False,random_forest,synchronization_bursty,0.65,balanced_round_robin,1.0,2
47f2b90ba0af51404cdf,closed_world,protocol_label_only_control,on_demand_epr,telegate,False,random_forest,synchronization_bursty,0.65,balanced_round_robin,1.0,2
79f773a8b44471a02751,closed_world,protocol_label_only_control,prefetched_epr,telegate,False,random_forest,synchronization_bursty,0.65,balanced_round_robin,1.0,2
40de28d030b9a81a3fb0,closed_world,protocol_label_only_control,telegate,telegate,True,random_forest,synchronization_bursty,0.65,balanced_round_robin,1.0,2
d539a9fa44cbf61e993d,closed_world,protocol_label_only_control,teledata,telegate,False,random_forest,synchronization_bursty,0.65,balanced_round_robin,1.0,2
36ac47869ae93ec56991,closed_world,protocol_label_only_control,direct_transfer,prefetched_epr,False,random_forest,synchronization_bursty,0.8,balanced_round_robin,1.0,2
a51db0769655e5512465,closed_world,protocol_label_only_control,on_demand_epr,prefetched_epr,False,random_forest,synchronization_bursty,0.8,balanced_round_robin,1.0,2
35f7d451138d145b14e9,closed_world,protocol_label_only_control,prefetched_epr,prefetched_epr,True,random_forest,synchronization_bursty,0.8,balanced_round_robin,1.0,2
96471d7a2b94ac148a2e,closed_world,protocol_label_only_control,telegate,prefetched_epr,False,random_forest,synchronization_bursty,0.8,balanced_round_robin,1.0,2
eda0efe70dbd2c49dc14,closed_world,protocol_label_only_control,teledata,prefetched_epr,False,random_forest,synchronization_bursty,0.8,balanced_round_robin,1.0,2
31b90fbb998c64abb2b8,closed_world,protocol_label_only_control,direct_transfer,prefetched_epr,False,random_forest,synchronization_bursty,0.95,balanced_round_robin,1.0,2
424cc755ee5f21ae233f,closed_world,protocol_label_only_control,on_demand_epr,prefetched_epr,False,random_forest,synchronization_bursty,0.95,balanced_round_robin,1.0,2
7c979a3de52068fced1b,closed_world,protocol_label_only_control,prefetched_epr,prefetched_epr,True,random_forest,synchronization_bursty,0.95,balanced_round_robin,1.0,2
f6e43f52e89154c4c1fc,closed_world,protocol_label_only_control,telegate,prefetched_epr,False,random_forest,synchronization_bursty,0.95,balanced_round_robin,1.0,2
2a512ad80e172d21b421,closed_world,protocol_label_only_control,teledata,prefetched_epr,False,random_forest,synchronization_bursty,0.95,balanced_round_robin,1.0,2
7517779d8889335819fd,closed_world,retry_policy_inference,retry_1,retry_1,True,logistic_regression,sparse_periodic,0.65,balanced_round_robin,1.0,2
a7aeaff2dd442c5326f9,closed_world,retry_policy_inference,retry_2,retry_1,False,logistic_regression,sparse_periodic,0.65,balanced_round_robin,1.0,2
cf78998e3d46bfdae9e0,closed_world,retry_policy_inference,retry_4,retry_1,False,logistic_regression,sparse_periodic,0.65,balanced_round_robin,1.0,2
6c9bc025c9e2e1bdf81f,closed_world,retry_policy_inference,retry_1,retry_1,True,logistic_regression,sparse_periodic,0.8,balanced_round_robin,1.0,2
2714db7d78285edec28f,closed_world,retry_policy_inference,retry_2,retry_1,False,logistic_regression,sparse_periodic,0.8,balanced_round_robin,1.0,2
9662a4ca1f6860fad7b6,closed_world,retry_policy_inference,retry_4,retry_1,False,logistic_regression,sparse_periodic,0.8,balanced_round_robin,1.0,2
0e92a07fdf5d3f95ff5e,closed_world,retry_policy_inference,retry_1,retry_1,True,logistic_regression,sparse_periodic,0.95,balanced_round_robin,1.0,2
d48414ac5fe13474c91e,closed_world,retry_policy_inference,retry_2,retry_1,False,logistic_regression,sparse_periodic,0.95,balanced_round_robin,1.0,2
9f94e07d166bd467c4fc,closed_world,retry_policy_inference,retry_4,retry_1,False,logistic_regression,sparse_periodic,0.95,balanced_round_robin,1.0,2
86fe5abdbe75897fa5f3,closed_world,retry_policy_inference,retry_1,retry_2,False,logistic_regression,dense_periodic,0.65,balanced_round_robin,1.0,2
7953ac32818035834776,closed_world,retry_policy_inference,retry_2,retry_2,True,logistic_regression,dense_periodic,0.65,balanced_round_robin,1.0,2
d9f6629c1899ab7bb292,closed_world,retry_policy_inference,retry_4,retry_2,False,logistic_regression,dense_periodic,0.65,balanced_round_robin,1.0,2
6c71cc490e661e5f7aed,closed_world,retry_policy_inference,retry_1,retry_2,False,logistic_regression,dense_periodic,0.8,balanced_round_robin,1.0,2
9c4123bfa5a022f5e145,closed_world,retry_policy_inference,retry_2,retry_2,True,logistic_regression,dense_periodic,0.8,balanced_round_robin,1.0,2
b08ae74036ba5faaf88d,closed_world,retry_policy_inference,retry_4,retry_2,False,logistic_regression,dense_periodic,0.8,balanced_round_robin,1.0,2
a0370b3f2d1c82277c93,closed_world,retry_policy_inference,retry_1,retry_2,False,logistic_regression,dense_periodic,0.95,balanced_round_robin,1.0,2
e92276a06d79c63cfdc7,closed_world,retry_policy_inference,retry_2,retry_2,True,logistic_regression,dense_periodic,0.95,balanced_round_robin,1.0,2
f2aaecc32c165fa62c96,closed_world,retry_policy_inference,retry_4,retry_2,False,logistic_regression,dense_periodic,0.95,balanced_round_robin,1.0,2
102280983fb4489a9e15,closed_world,retry_policy_inference,retry_1,retry_1,True,logistic_regression,synchronization_bursty,0.65,balanced_round_robin,1.0,2
4d5857143f267aa5649f,closed_world,retry_policy_inference,retry_2,retry_1,False,logistic_regression,synchronization_bursty,0.65,balanced_round_robin,1.0,2
6df9dbab039214d4b9ed,closed_world,retry_policy_inference,retry_4,retry_1,False,logistic_regression,synchronization_bursty,0.65,balanced_round_robin,1.0,2
64d882ecba88fc2191e9,closed_world,retry_policy_inference,retry_1,retry_1,True,logistic_regression,synchronization_bursty,0.8,balanced_round_robin,1.0,2
b05d6921fe9c36af4104,closed_world,retry_policy_inference,retry_2,retry_1,False,logistic_regression,synchronization_bursty,0.8,balanced_round_robin,1.0,2
cc66a6ad84e2266c7c1e,closed_world,retry_policy_inference,retry_4,retry_1,False,logistic_regression,synchronization_bursty,0.8,balanced_round_robin,1.0,2
9ffa5ae0f4169138fe54,closed_world,retry_policy_inference,retry_1,retry_1,True,logistic_regression,synchronization_bursty,0.95,balanced_round_robin,1.0,2
862f6afe98788ada97f2,closed_world,retry_policy_inference,retry_2,retry_1,False,logistic_regression,synchronization_bursty,0.95,balanced_round_robin,1.0,2
2e97d64d077248a4bb24,closed_world,retry_policy_inference,retry_4,retry_1,False,logistic_regression,synchronization_bursty,0.95,balanced_round_robin,1.0,2
374d420c844656a17900,closed_world,retry_policy_inference,retry_1,retry_2,False,logistic_regression,dense_periodic,0.65,balanced_round_robin,1.0,2
bab20d699bfafbb06b17,closed_world,retry_policy_inference,retry_2,retry_2,True,logistic_regression,dense_periodic,0.65,balanced_round_robin,1.0,2
074b677d9061e64743bc,closed_world,retry_policy_inference,retry_4,retry_2,False,logistic_regression,dense_periodic,0.65,balanced_round_robin,1.0,2
1c789fffd6300276461b,closed_world,retry_policy_inference,retry_1,retry_2,False,logistic_regression,dense_periodic,0.8,balanced_round_robin,1.0,2
3ac8084e246479240a4c,closed_world,retry_policy_inference,retry_2,retry_4,False,logistic_regression,dense_periodic,0.8,balanced_round_robin,1.0,2
8311383e5dd966d0d0ad,closed_world,retry_policy_inference,retry_4,retry_2,False,logistic_regression,dense_periodic,0.8,balanced_round_robin,1.0,2
19e005282dea25a118bf,closed_world,retry_policy_inference,retry_1,retry_2,False,logistic_regression,dense_periodic,0.95,balanced_round_robin,1.0,2
004f628b10e3f36b1608,closed_world,retry_policy_inference,retry_2,retry_4,False,logistic_regression,dense_periodic,0.95,balanced_round_robin,1.0,2
3485d5902bfd7b01480b,closed_world,retry_policy_inference,retry_4,retry_2,False,logistic_regression,dense_periodic,0.95,balanced_round_robin,1.0,2
3eca0aea747bcf2f603b,closed_world,retry_policy_inference,retry_1,retry_1,True,logistic_regression,sparse_periodic,0.65,balanced_round_robin,1.0,2
77291ba9342c6147aee2,closed_world,retry_policy_inference,retry_2,retry_1,False,logistic_regression,sparse_periodic,0.65,balanced_round_robin,1.0,2
bc66422199fe669c05a0,closed_world,retry_policy_inference,retry_4,retry_1,False,logistic_regression,sparse_periodic,0.65,balanced_round_robin,1.0,2
e682008067dd5e36943a,closed_world,retry_policy_inference,retry_1,retry_1,True,logistic_regression,sparse_periodic,0.8,balanced_round_robin,1.0,2
dce0d99e9dcdcc5a5519,closed_world,retry_policy_inference,retry_2,retry_1,False,logistic_regression,sparse_periodic,0.8,balanced_round_robin,1.0,2
8552fb3fda12fb36bc88,closed_world,retry_policy_inference,retry_4,retry_1,False,logistic_regression,sparse_periodic,0.8,balanced_round_robin,1.0,2
b35445e5cecb80b0f2a9,closed_world,retry_policy_inference,retry_1,retry_1,True,logistic_regression,sparse_periodic,0.95,balanced_round_robin,1.0,2
e3fc7e46d2ddc12f762b,closed_world,retry_policy_inference,retry_2,retry_1,False,logistic_regression,sparse_periodic,0.95,balanced_round_robin,1.0,2
76b4e4ee901e50e4acd2,closed_world,retry_policy_inference,retry_4,retry_1,False,logistic_regression,sparse_periodic,0.95,balanced_round_robin,1.0,2
193d5fd660b532bdffbc,closed_world,retry_policy_inference,retry_1,retry_2,False,logistic_regression,synchronization_bursty,0.65,balanced_round_robin,1.0,2
370dece22da1e18516bb,closed_world,retry_policy_inference,retry_2,retry_2,True,logistic_regression,synchronization_bursty,0.65,balanced_round_robin,1.0,2
31294270c100cbb46db9,closed_world,retry_policy_inference,retry_4,retry_2,False,logistic_regression,synchronization_bursty,0.65,balanced_round_robin,1.0,2
26ed1afc016dc72e2414,closed_world,retry_policy_inference,retry_1,retry_2,False,logistic_regression,synchronization_bursty,0.8,balanced_round_robin,1.0,2
fb519b8a82d0f7c29723,closed_world,retry_policy_inference,retry_2,retry_4,False,logistic_regression,synchronization_bursty,0.8,balanced_round_robin,1.0,2
843b318d9bfe934ad3a0,closed_world,retry_policy_inference,retry_4,retry_2,False,logistic_regression,synchronization_bursty,0.8,balanced_round_robin,1.0,2
8490372882d32f4792f5,closed_world,retry_policy_inference,retry_1,retry_2,False,logistic_regression,synchronization_bursty,0.95,balanced_round_robin,1.0,2
0c4b7ecfdadf524b0f38,closed_world,retry_policy_inference,retry_2,retry_2,True,logistic_regression,synchronization_bursty,0.95,balanced_round_robin,1.0,2
45fed054729de089278a,closed_world,retry_policy_inference,retry_4,retry_2,False,logistic_regression,synchronization_bursty,0.95,balanced_round_robin,1.0,2
059bff46d3ea1c3b581f,closed_world,service_class_inference,low_latency,low_latency,True,logistic_regression,sparse_periodic,0.65,balanced_round_robin,1.0,2
0a09d6d0782aca2d9bdf,closed_world,service_class_inference,high_fidelity,high_fidelity,True,logistic_regression,sparse_periodic,0.65,balanced_round_robin,1.0,2
5b9576440d2d9a3deeee,closed_world,service_class_inference,low_latency,low_latency,True,logistic_regression,sparse_periodic,0.8,balanced_round_robin,1.0,2
c485b2ea413db3ba678c,closed_world,service_class_inference,high_fidelity,high_fidelity,True,logistic_regression,sparse_periodic,0.8,balanced_round_robin,1.0,2
0c04d184f2e5c9b9a7d3,closed_world,service_class_inference,low_latency,low_latency,True,logistic_regression,sparse_periodic,0.95,balanced_round_robin,1.0,2
1f8c0d3e73bfe20a30e2,closed_world,service_class_inference,high_fidelity,high_fidelity,True,logistic_regression,sparse_periodic,0.95,balanced_round_robin,1.0,2
d2d363b872a6af5d401a,closed_world,service_class_inference,low_latency,low_latency,True,logistic_regression,dense_periodic,0.65,balanced_round_robin,1.0,2
cef53dcc700fd944a0be,closed_world,service_class_inference,high_fidelity,high_fidelity,True,logistic_regression,dense_periodic,0.65,balanced_round_robin,1.0,2
80289051306d2a060a13,closed_world,service_class_inference,low_latency,low_latency,True,logistic_regression,dense_periodic,0.8,balanced_round_robin,1.0,2
1aeadc9b7bf056daf1a1,closed_world,service_class_inference,high_fidelity,high_fidelity,True,logistic_regression,dense_periodic,0.8,balanced_round_robin,1.0,2
8aded72582e75c999262,closed_world,service_class_inference,low_latency,low_latency,True,logistic_regression,dense_periodic,0.95,balanced_round_robin,1.0,2
1c7dc7f303c100ef8cf9,closed_world,service_class_inference,high_fidelity,high_fidelity,True,logistic_regression,dense_periodic,0.95,balanced_round_robin,1.0,2
7c553a234ae1a9d87485,closed_world,service_class_inference,low_latency,low_latency,True,logistic_regression,synchronization_bursty,0.65,balanced_round_robin,1.0,2
3e57d08f5246c7f670b3,closed_world,service_class_inference,high_fidelity,high_fidelity,True,logistic_regression,synchronization_bursty,0.65,balanced_round_robin,1.0,2
1ab4dc0bc4e37680b4b1,closed_world,service_class_inference,low_latency,low_latency,True,logistic_regression,synchronization_bursty,0.8,balanced_round_robin,1.0,2
5868ca7be2bac0a6b5bc,closed_world,service_class_inference,high_fidelity,high_fidelity,True,logistic_regression,synchronization_bursty,0.8,balanced_round_robin,1.0,2
b16516586690cfe20350,closed_world,service_class_inference,low_latency,low_latency,True,logistic_regression,synchronization_bursty,0.95,balanced_round_robin,1.0,2
9c95bc5753ae889ac831,closed_world,service_class_inference,high_fidelity,high_fidelity,True,logistic_regression,synchronization_bursty,0.95,balanced_round_robin,1.0,2
dd5ea86e039d0443e853,closed_world,service_class_inference,low_latency,low_latency,True,logistic_regression,dense_periodic,0.65,balanced_round_robin,1.0,2
e7ddfc21f5a6c4e00cca,closed_world,service_class_inference,high_fidelity,high_fidelity,True,logistic_regression,dense_periodic,0.65,balanced_round_robin,1.0,2
91fa80df98e23904cff5,closed_world,service_class_inference,low_latency,low_latency,True,logistic_regression,dense_periodic,0.8,balanced_round_robin,1.0,2
2ddd9088e7e6f9c21cf8,closed_world,service_class_inference,high_fidelity,high_fidelity,True,logistic_regression,dense_periodic,0.8,balanced_round_robin,1.0,2
7b1c4ddb35e3103d9577,closed_world,service_class_inference,low_latency,low_latency,True,logistic_regression,dense_periodic,0.95,balanced_round_robin,1.0,2
15409151c59bb192a5e2,closed_world,service_class_inference,high_fidelity,high_fidelity,True,logistic_regression,dense_periodic,0.95,balanced_round_robin,1.0,2
e278f667ba090a8f6175,closed_world,service_class_inference,low_latency,low_latency,True,logistic_regression,sparse_periodic,0.65,balanced_round_robin,1.0,2
6bdecd33ce30862c8543,closed_world,service_class_inference,high_fidelity,high_fidelity,True,logistic_regression,sparse_periodic,0.65,balanced_round_robin,1.0,2
b9d1e9016df81275188d,closed_world,service_class_inference,low_latency,low_latency,True,logistic_regression,sparse_periodic,0.8,balanced_round_robin,1.0,2
68235715651b1ef5c98c,closed_world,service_class_inference,high_fidelity,high_fidelity,True,logistic_regression,sparse_periodic,0.8,balanced_round_robin,1.0,2
77d1ddc02044cd87e121,closed_world,service_class_inference,low_latency,low_latency,True,logistic_regression,sparse_periodic,0.95,balanced_round_robin,1.0,2
daf952b685c1ff32a610,closed_world,service_class_inference,high_fidelity,high_fidelity,True,logistic_regression,sparse_periodic,0.95,balanced_round_robin,1.0,2
65aed7ba4376a2c8352c,closed_world,service_class_inference,low_latency,low_latency,True,logistic_regression,synchronization_bursty,0.65,balanced_round_robin,1.0,2
26fabfc76e6f5edf35f6,closed_world,service_class_inference,high_fidelity,low_latency,False,logistic_regression,synchronization_bursty,0.65,balanced_round_robin,1.0,2
7d988199aa4a2b0c0fb1,closed_world,service_class_inference,low_latency,high_fidelity,False,logistic_regression,synchronization_bursty,0.8,balanced_round_robin,1.0,2
a020a1b2928f8a423d0d,closed_world,service_class_inference,high_fidelity,high_fidelity,True,logistic_regression,synchronization_bursty,0.8,balanced_round_robin,1.0,2
18a10039a170c776a0a3,closed_world,service_class_inference,low_latency,low_latency,True,logistic_regression,synchronization_bursty,0.95,balanced_round_robin,1.0,2
b2b3d9cd816cee085cdc,closed_world,service_class_inference,high_fidelity,high_fidelity,True,logistic_regression,synchronization_bursty,0.95,balanced_round_robin,1.0,2
ce7060fd70390756ba44,closed_world,service_label_only_control,low_latency,high_fidelity,False,random_forest,sparse_periodic,0.65,balanced_round_robin,1.0,2
9876ec1e7ba3bfaebf24,closed_world,service_label_only_control,high_fidelity,high_fidelity,True,random_forest,sparse_periodic,0.65,balanced_round_robin,1.0,2
aa6154f20201a6a430f0,closed_world,service_label_only_control,low_latency,high_fidelity,False,random_forest,sparse_periodic,0.8,balanced_round_robin,1.0,2
b1cb5da605bca5a09ce6,closed_world,service_label_only_control,high_fidelity,high_fidelity,True,random_forest,sparse_periodic,0.8,balanced_round_robin,1.0,2
8c6810ad750bfb970c63,closed_world,service_label_only_control,low_latency,high_fidelity,False,random_forest,sparse_periodic,0.95,balanced_round_robin,1.0,2
edabebf349861e44f443,closed_world,service_label_only_control,high_fidelity,high_fidelity,True,random_forest,sparse_periodic,0.95,balanced_round_robin,1.0,2
3a7f4f9331c3c2112916,closed_world,service_label_only_control,low_latency,low_latency,True,random_forest,dense_periodic,0.65,balanced_round_robin,1.0,2
4ed33a425ec1801f7b6c,closed_world,service_label_only_control,high_fidelity,low_latency,False,random_forest,dense_periodic,0.65,balanced_round_robin,1.0,2
bd67da8dd73034287847,closed_world,service_label_only_control,low_latency,high_fidelity,False,random_forest,dense_periodic,0.8,balanced_round_robin,1.0,2
447dab7bb25c2afdd620,closed_world,service_label_only_control,high_fidelity,high_fidelity,True,random_forest,dense_periodic,0.8,balanced_round_robin,1.0,2
307adac4d46abc9bfc67,closed_world,service_label_only_control,low_latency,high_fidelity,False,random_forest,dense_periodic,0.95,balanced_round_robin,1.0,2
15fa2001198fe1ff292f,closed_world,service_label_only_control,high_fidelity,high_fidelity,True,random_forest,dense_periodic,0.95,balanced_round_robin,1.0,2
65166117811d7f1ece24,closed_world,service_label_only_control,low_latency,high_fidelity,False,random_forest,synchronization_bursty,0.65,balanced_round_robin,1.0,2
c277dc17160d951ac380,closed_world,service_label_only_control,high_fidelity,high_fidelity,True,random_forest,synchronization_bursty,0.65,balanced_round_robin,1.0,2
e1a6efcdc751cdf5eda2,closed_world,service_label_only_control,low_latency,low_latency,True,random_forest,synchronization_bursty,0.8,balanced_round_robin,1.0,2
c20ff042f4ace18b3d4b,closed_world,service_label_only_control,high_fidelity,low_latency,False,random_forest,synchronization_bursty,0.8,balanced_round_robin,1.0,2
286a93ebf93eda9ac4d8,closed_world,service_label_only_control,low_latency,high_fidelity,False,random_forest,synchronization_bursty,0.95,balanced_round_robin,1.0,2
1e778775b912cbbf6689,closed_world,service_label_only_control,high_fidelity,high_fidelity,True,random_forest,synchronization_bursty,0.95,balanced_round_robin,1.0,2
cf71d8eb6a35d50a7def,closed_world,service_label_only_control,low_latency,low_latency,True,random_forest,dense_periodic,0.65,balanced_round_robin,1.0,2
d32d4e67dbb1bbdf825a,closed_world,service_label_only_control,high_fidelity,low_latency,False,random_forest,dense_periodic,0.65,balanced_round_robin,1.0,2
5891070d9c3b37f1e74e,closed_world,service_label_only_control,low_latency,high_fidelity,False,random_forest,dense_periodic,0.8,balanced_round_robin,1.0,2
6c432817ece08c2f1e84,closed_world,service_label_only_control,high_fidelity,high_fidelity,True,random_forest,dense_periodic,0.8,balanced_round_robin,1.0,2
0411d8391e1a39f42c7e,closed_world,service_label_only_control,low_latency,low_latency,True,random_forest,dense_periodic,0.95,balanced_round_robin,1.0,2
4741a478b6931cd83772,closed_world,service_label_only_control,high_fidelity,low_latency,False,random_forest,dense_periodic,0.95,balanced_round_robin,1.0,2
e82937f222c4656a09e4,closed_world,service_label_only_control,low_latency,low_latency,True,random_forest,sparse_periodic,0.65,balanced_round_robin,1.0,2
97d0ed4e835aae778fde,closed_world,service_label_only_control,high_fidelity,low_latency,False,random_forest,sparse_periodic,0.65,balanced_round_robin,1.0,2
a523cf7586c6b64e42cb,closed_world,service_label_only_control,low_latency,high_fidelity,False,random_forest,sparse_periodic,0.8,balanced_round_robin,1.0,2
9119001f553574e79567,closed_world,service_label_only_control,high_fidelity,high_fidelity,True,random_forest,sparse_periodic,0.8,balanced_round_robin,1.0,2
720f673b43d67d21b062,closed_world,service_label_only_control,low_latency,high_fidelity,False,random_forest,sparse_periodic,0.95,balanced_round_robin,1.0,2
e092cb72ff3d9ee84574,closed_world,service_label_only_control,high_fidelity,high_fidelity,True,random_forest,sparse_periodic,0.95,balanced_round_robin,1.0,2
419e583fd3076f9c2b1c,closed_world,service_label_only_control,low_latency,low_latency,True,random_forest,synchronization_bursty,0.65,balanced_round_robin,1.0,2
d34e766aa729fce19029,closed_world,service_label_only_control,high_fidelity,low_latency,False,random_forest,synchronization_bursty,0.65,balanced_round_robin,1.0,2
ac39fa99a5bd02effe82,closed_world,service_label_only_control,low_latency,low_latency,True,random_forest,synchronization_bursty,0.8,balanced_round_robin,1.0,2
8a4584b8df29c5eccbb7,closed_world,service_label_only_control,high_fidelity,low_latency,False,random_forest,synchronization_bursty,0.8,balanced_round_robin,1.0,2
7293c3895b2aec3ec412,closed_world,service_label_only_control,low_latency,low_latency,True,random_forest,synchronization_bursty,0.95,balanced_round_robin,1.0,2
cff49e1abc77d81477b6,closed_world,service_label_only_control,high_fidelity,low_latency,False,random_forest,synchronization_bursty,0.95,balanced_round_robin,1.0,2
063f2740598730fa375b,joint_shift,distillation_depth_inference,distill_0,distill_0,True,logistic_regression,jittered_periodic,0.725,markov_locality,1.15,1
3a4b5e7ea68a954156f8,joint_shift,distillation_depth_inference,distill_1,distill_0,False,logistic_regression,jittered_periodic,0.725,markov_locality,1.15,1
0a24aed069f155e18423,joint_shift,distillation_depth_inference,distill_2,distill_0,False,logistic_regression,jittered_periodic,0.725,markov_locality,1.15,1
ee927d6bc7058fcd3157,joint_shift,distillation_depth_inference,distill_0,distill_0,True,logistic_regression,alternating_rate,0.725,markov_locality,1.15,1
a3c0e0443270c2f7978a,joint_shift,distillation_depth_inference,distill_1,distill_0,False,logistic_regression,alternating_rate,0.725,markov_locality,1.15,1
c90cac89045483cfb543,joint_shift,distillation_depth_inference,distill_2,distill_0,False,logistic_regression,alternating_rate,0.725,markov_locality,1.15,1
6eec8d311d77e5734312,joint_shift,distillation_depth_inference,distill_0,distill_1,False,logistic_regression,clustered_bursty,0.725,markov_locality,1.15,1
f1bff563a88aa766e6f1,joint_shift,distillation_depth_inference,distill_1,distill_0,False,logistic_regression,clustered_bursty,0.725,markov_locality,1.15,1
9c93bed7a4ac2daf6de4,joint_shift,distillation_depth_inference,distill_2,distill_0,False,logistic_regression,clustered_bursty,0.725,markov_locality,1.15,1
d344f974ebae2a6bfb26,joint_shift,distillation_depth_inference,distill_0,distill_0,True,logistic_regression,jittered_periodic,0.725,markov_locality,1.15,1
fc0410296e1b535ff683,joint_shift,distillation_depth_inference,distill_1,distill_1,True,logistic_regression,jittered_periodic,0.725,markov_locality,1.15,1
34e1f1295b2c8c083b1c,joint_shift,distillation_depth_inference,distill_2,distill_1,False,logistic_regression,jittered_periodic,0.725,markov_locality,1.15,1
a7ef6dd13dd5c977195a,joint_shift,distillation_depth_inference,distill_0,distill_0,True,logistic_regression,alternating_rate,0.725,markov_locality,1.15,1
d32ee5a8b4d075ca8c96,joint_shift,distillation_depth_inference,distill_1,distill_1,True,logistic_regression,alternating_rate,0.725,markov_locality,1.15,1
2acabc724b2d3e4d18e5,joint_shift,distillation_depth_inference,distill_2,distill_1,False,logistic_regression,alternating_rate,0.725,markov_locality,1.15,1
b65bd5dbb81dd52e12da,joint_shift,distillation_depth_inference,distill_0,distill_0,True,logistic_regression,clustered_bursty,0.725,markov_locality,1.15,1
07405d4096b40e502f93,joint_shift,distillation_depth_inference,distill_1,distill_0,False,logistic_regression,clustered_bursty,0.725,markov_locality,1.15,1
c9c64e2c01e5609dd7e9,joint_shift,distillation_depth_inference,distill_2,distill_0,False,logistic_regression,clustered_bursty,0.725,markov_locality,1.15,1
181abbc129a2851a0c86,joint_shift,protocol_inference,direct_transfer,on_demand_epr,False,hist_gradient_boosting,jittered_periodic,0.725,markov_locality,1.15,1
2690ce9b5e6bd636f36a,joint_shift,protocol_inference,on_demand_epr,on_demand_epr,True,hist_gradient_boosting,jittered_periodic,0.725,markov_locality,1.15,1
3c99e1b4a469fe38ecf3,joint_shift,protocol_inference,prefetched_epr,on_demand_epr,False,hist_gradient_boosting,jittered_periodic,0.725,markov_locality,1.15,1
2f1d6b8ee7e5787e7c94,joint_shift,protocol_inference,telegate,on_demand_epr,False,hist_gradient_boosting,jittered_periodic,0.725,markov_locality,1.15,1
79da6334aa4f7766b399,joint_shift,protocol_inference,teledata,on_demand_epr,False,hist_gradient_boosting,jittered_periodic,0.725,markov_locality,1.15,1
7fd23e01a58a7a6cb3ec,joint_shift,protocol_inference,direct_transfer,on_demand_epr,False,hist_gradient_boosting,alternating_rate,0.725,markov_locality,1.15,1
88f7b02afe90d72a5321,joint_shift,protocol_inference,on_demand_epr,on_demand_epr,True,hist_gradient_boosting,alternating_rate,0.725,markov_locality,1.15,1
958739fc421c00791ae6,joint_shift,protocol_inference,prefetched_epr,on_demand_epr,False,hist_gradient_boosting,alternating_rate,0.725,markov_locality,1.15,1
53877208265118bdf10c,joint_shift,protocol_inference,telegate,on_demand_epr,False,hist_gradient_boosting,alternating_rate,0.725,markov_locality,1.15,1
477ff7610050f685169b,joint_shift,protocol_inference,teledata,on_demand_epr,False,hist_gradient_boosting,alternating_rate,0.725,markov_locality,1.15,1
ff188eb3fe1a2c97d0ea,joint_shift,protocol_inference,direct_transfer,direct_transfer,True,hist_gradient_boosting,clustered_bursty,0.725,markov_locality,1.15,1
8cf63b5f031d29aef9e9,joint_shift,protocol_inference,on_demand_epr,direct_transfer,False,hist_gradient_boosting,clustered_bursty,0.725,markov_locality,1.15,1
628d5ef1d26a434eb75e,joint_shift,protocol_inference,prefetched_epr,on_demand_epr,False,hist_gradient_boosting,clustered_bursty,0.725,markov_locality,1.15,1
c372a0ecd2629982e55a,joint_shift,protocol_inference,telegate,on_demand_epr,False,hist_gradient_boosting,clustered_bursty,0.725,markov_locality,1.15,1
a33f2a7eb58066c267a8,joint_shift,protocol_inference,teledata,on_demand_epr,False,hist_gradient_boosting,clustered_bursty,0.725,markov_locality,1.15,1
2946494c9ec5eee11ce7,joint_shift,protocol_inference,direct_transfer,on_demand_epr,False,hist_gradient_boosting,jittered_periodic,0.725,markov_locality,1.15,1
dbd03dc25e519f439e84,joint_shift,protocol_inference,on_demand_epr,on_demand_epr,True,hist_gradient_boosting,jittered_periodic,0.725,markov_locality,1.15,1
0241aed9cbfd2133e39c,joint_shift,protocol_inference,prefetched_epr,direct_transfer,False,hist_gradient_boosting,jittered_periodic,0.725,markov_locality,1.15,1
ea8b04f3c56e0709bcf4,joint_shift,protocol_inference,telegate,on_demand_epr,False,hist_gradient_boosting,jittered_periodic,0.725,markov_locality,1.15,1
d1f1796bc14e54fcc660,joint_shift,protocol_inference,teledata,direct_transfer,False,hist_gradient_boosting,jittered_periodic,0.725,markov_locality,1.15,1
561a2970d4c8378aa299,joint_shift,protocol_inference,direct_transfer,on_demand_epr,False,hist_gradient_boosting,alternating_rate,0.725,markov_locality,1.15,1
078b87b4ce2ae6205c1f,joint_shift,protocol_inference,on_demand_epr,on_demand_epr,True,hist_gradient_boosting,alternating_rate,0.725,markov_locality,1.15,1
29ade9dd79a8da9f10ae,joint_shift,protocol_inference,prefetched_epr,on_demand_epr,False,hist_gradient_boosting,alternating_rate,0.725,markov_locality,1.15,1
91ce6c85c9ac72834a9b,joint_shift,protocol_inference,telegate,on_demand_epr,False,hist_gradient_boosting,alternating_rate,0.725,markov_locality,1.15,1
ffd4be43bdb09632980a,joint_shift,protocol_inference,teledata,on_demand_epr,False,hist_gradient_boosting,alternating_rate,0.725,markov_locality,1.15,1
e5c298bee578d727217c,joint_shift,protocol_inference,direct_transfer,teledata,False,hist_gradient_boosting,clustered_bursty,0.725,markov_locality,1.15,1
67d177627165619c093f,joint_shift,protocol_inference,on_demand_epr,prefetched_epr,False,hist_gradient_boosting,clustered_bursty,0.725,markov_locality,1.15,1
f7959390e5dfb8e17d03,joint_shift,protocol_inference,prefetched_epr,on_demand_epr,False,hist_gradient_boosting,clustered_bursty,0.725,markov_locality,1.15,1
a2172a0e7b4e8a90ef05,joint_shift,protocol_inference,telegate,on_demand_epr,False,hist_gradient_boosting,clustered_bursty,0.725,markov_locality,1.15,1
e409910453a39261c63d,joint_shift,protocol_inference,teledata,on_demand_epr,False,hist_gradient_boosting,clustered_bursty,0.725,markov_locality,1.15,1
cd971fbe2762cbb97ba3,joint_shift,protocol_label_only_control,direct_transfer,prefetched_epr,False,random_forest,jittered_periodic,0.725,markov_locality,1.15,1
93b8039b812b0289de38,joint_shift,protocol_label_only_control,on_demand_epr,prefetched_epr,False,random_forest,jittered_periodic,0.725,markov_locality,1.15,1
db5ff40aa38374e556aa,joint_shift,protocol_label_only_control,prefetched_epr,prefetched_epr,True,random_forest,jittered_periodic,0.725,markov_locality,1.15,1
f10cf5032dd72e23d85e,joint_shift,protocol_label_only_control,telegate,prefetched_epr,False,random_forest,jittered_periodic,0.725,markov_locality,1.15,1
57e5dba84384400fb36c,joint_shift,protocol_label_only_control,teledata,prefetched_epr,False,random_forest,jittered_periodic,0.725,markov_locality,1.15,1
cbbbbb1c7247eda02f59,joint_shift,protocol_label_only_control,direct_transfer,telegate,False,random_forest,alternating_rate,0.725,markov_locality,1.15,1
549d78d6361e6cbdfcb1,joint_shift,protocol_label_only_control,on_demand_epr,telegate,False,random_forest,alternating_rate,0.725,markov_locality,1.15,1
b25110738618b9ada8d6,joint_shift,protocol_label_only_control,prefetched_epr,telegate,False,random_forest,alternating_rate,0.725,markov_locality,1.15,1
9ebbde39bc36eeaaf18f,joint_shift,protocol_label_only_control,telegate,telegate,True,random_forest,alternating_rate,0.725,markov_locality,1.15,1
be31e87c68c528e4f97c,joint_shift,protocol_label_only_control,teledata,telegate,False,random_forest,alternating_rate,0.725,markov_locality,1.15,1
e68bbc5ec2a9842ed49b,joint_shift,protocol_label_only_control,direct_transfer,direct_transfer,True,random_forest,clustered_bursty,0.725,markov_locality,1.15,1
85bf82bdbabe0e05d245,joint_shift,protocol_label_only_control,on_demand_epr,direct_transfer,False,random_forest,clustered_bursty,0.725,markov_locality,1.15,1
a76dd5c3e7020e305898,joint_shift,protocol_label_only_control,prefetched_epr,direct_transfer,False,random_forest,clustered_bursty,0.725,markov_locality,1.15,1
79f31132d773207100b8,joint_shift,protocol_label_only_control,telegate,direct_transfer,False,random_forest,clustered_bursty,0.725,markov_locality,1.15,1
49eaa6c67524b8673aa3,joint_shift,protocol_label_only_control,teledata,direct_transfer,False,random_forest,clustered_bursty,0.725,markov_locality,1.15,1
99c8763c214fc31f64bc,joint_shift,protocol_label_only_control,direct_transfer,prefetched_epr,False,random_forest,jittered_periodic,0.725,markov_locality,1.15,1
7b07aef2646f36218dc3,joint_shift,protocol_label_only_control,on_demand_epr,prefetched_epr,False,random_forest,jittered_periodic,0.725,markov_locality,1.15,1
0a1135af70dc1cff73eb,joint_shift,protocol_label_only_control,prefetched_epr,prefetched_epr,True,random_forest,jittered_periodic,0.725,markov_locality,1.15,1
bfc51aed6b739c8be4e0,joint_shift,protocol_label_only_control,telegate,prefetched_epr,False,random_forest,jittered_periodic,0.725,markov_locality,1.15,1
0fd379497a4bd5b3d70c,joint_shift,protocol_label_only_control,teledata,prefetched_epr,False,random_forest,jittered_periodic,0.725,markov_locality,1.15,1
3917b3ba2cf2d3fa7b0a,joint_shift,protocol_label_only_control,direct_transfer,prefetched_epr,False,random_forest,alternating_rate,0.725,markov_locality,1.15,1
fc4b3db359f703283672,joint_shift,protocol_label_only_control,on_demand_epr,prefetched_epr,False,random_forest,alternating_rate,0.725,markov_locality,1.15,1
0d83fc1a16282278902b,joint_shift,protocol_label_only_control,prefetched_epr,prefetched_epr,True,random_forest,alternating_rate,0.725,markov_locality,1.15,1
624a0bbfdd016cb56452,joint_shift,protocol_label_only_control,telegate,prefetched_epr,False,random_forest,alternating_rate,0.725,markov_locality,1.15,1
acc65cec0fc7de14c8d1,joint_shift,protocol_label_only_control,teledata,prefetched_epr,False,random_forest,alternating_rate,0.725,markov_locality,1.15,1
f48579e2b4af0ad5db47,joint_shift,protocol_label_only_control,direct_transfer,prefetched_epr,False,random_forest,clustered_bursty,0.725,markov_locality,1.15,1
b16b78532c619af09bea,joint_shift,protocol_label_only_control,on_demand_epr,prefetched_epr,False,random_forest,clustered_bursty,0.725,markov_locality,1.15,1
79fd30507547e290c1ce,joint_shift,protocol_label_only_control,prefetched_epr,prefetched_epr,True,random_forest,clustered_bursty,0.725,markov_locality,1.15,1
fe9297ca145c1375d77f,joint_shift,protocol_label_only_control,telegate,prefetched_epr,False,random_forest,clustered_bursty,0.725,markov_locality,1.15,1
a40e55d72987e2b54040,joint_shift,protocol_label_only_control,teledata,prefetched_epr,False,random_forest,clustered_bursty,0.725,markov_locality,1.15,1
eeb09230b7bf245a3b3d,joint_shift,retry_policy_inference,retry_1,retry_1,True,logistic_regression,jittered_periodic,0.725,markov_locality,1.15,1
0d20f987789ae2475a76,joint_shift,retry_policy_inference,retry_2,retry_1,False,logistic_regression,jittered_periodic,0.725,markov_locality,1.15,1
c69a04e27bb0060e6b7f,joint_shift,retry_policy_inference,retry_4,retry_4,True,logistic_regression,jittered_periodic,0.725,markov_locality,1.15,1
c44b50ba2f3d2b99f538,joint_shift,retry_policy_inference,retry_1,retry_4,False,logistic_regression,alternating_rate,0.725,markov_locality,1.15,1
7a42bf021438a0e13910,joint_shift,retry_policy_inference,retry_2,retry_4,False,logistic_regression,alternating_rate,0.725,markov_locality,1.15,1
aab2d084aa70717729cf,joint_shift,retry_policy_inference,retry_4,retry_4,True,logistic_regression,alternating_rate,0.725,markov_locality,1.15,1
5b0b7e38bf6ee09aedbd,joint_shift,retry_policy_inference,retry_1,retry_4,False,logistic_regression,clustered_bursty,0.725,markov_locality,1.15,1
e9d432e750765dbc82a3,joint_shift,retry_policy_inference,retry_2,retry_4,False,logistic_regression,clustered_bursty,0.725,markov_locality,1.15,1
e2aee06654e02d7ed3e7,joint_shift,retry_policy_inference,retry_4,retry_4,True,logistic_regression,clustered_bursty,0.725,markov_locality,1.15,1
fd63c0ba7a44d0fd7191,joint_shift,retry_policy_inference,retry_1,retry_4,False,logistic_regression,jittered_periodic,0.725,markov_locality,1.15,1
0072be5acd7bbe083bd3,joint_shift,retry_policy_inference,retry_2,retry_2,True,logistic_regression,jittered_periodic,0.725,markov_locality,1.15,1
8724a49397efd1bf5ac2,joint_shift,retry_policy_inference,retry_4,retry_2,False,logistic_regression,jittered_periodic,0.725,markov_locality,1.15,1
690e26d1f5caed972081,joint_shift,retry_policy_inference,retry_1,retry_2,False,logistic_regression,alternating_rate,0.725,markov_locality,1.15,1
61052101d8d30a364061,joint_shift,retry_policy_inference,retry_2,retry_2,True,logistic_regression,alternating_rate,0.725,markov_locality,1.15,1
b8975fdcf924de049bfb,joint_shift,retry_policy_inference,retry_4,retry_2,False,logistic_regression,alternating_rate,0.725,markov_locality,1.15,1
9b25f73ca7a6af14e7a5,joint_shift,retry_policy_inference,retry_1,retry_4,False,logistic_regression,clustered_bursty,0.725,markov_locality,1.15,1
16c4a727e181f44523ef,joint_shift,retry_policy_inference,retry_2,retry_2,True,logistic_regression,clustered_bursty,0.725,markov_locality,1.15,1
2587398541b65416e071,joint_shift,retry_policy_inference,retry_4,retry_2,False,logistic_regression,clustered_bursty,0.725,markov_locality,1.15,1
ef4e73d0f6726dc7c7ce,joint_shift,service_class_inference,low_latency,low_latency,True,logistic_regression,jittered_periodic,0.725,markov_locality,1.15,1
e6a6590d1a6081d74ef7,joint_shift,service_class_inference,high_fidelity,low_latency,False,logistic_regression,jittered_periodic,0.725,markov_locality,1.15,1
742577ae159f5d78c4f1,joint_shift,service_class_inference,low_latency,low_latency,True,logistic_regression,alternating_rate,0.725,markov_locality,1.15,1
b1ac640f65e19e91fd26,joint_shift,service_class_inference,high_fidelity,low_latency,False,logistic_regression,alternating_rate,0.725,markov_locality,1.15,1
598a1d0d7b5dceef499b,joint_shift,service_class_inference,low_latency,low_latency,True,logistic_regression,clustered_bursty,0.725,markov_locality,1.15,1
0866405eca3aac1fe42e,joint_shift,service_class_inference,high_fidelity,low_latency,False,logistic_regression,clustered_bursty,0.725,markov_locality,1.15,1
dcab80851276a1ce78c3,joint_shift,service_class_inference,low_latency,low_latency,True,logistic_regression,jittered_periodic,0.725,markov_locality,1.15,1
b01ef0ac698593569a61,joint_shift,service_class_inference,high_fidelity,low_latency,False,logistic_regression,jittered_periodic,0.725,markov_locality,1.15,1
77e11bbf235eb1e62b86,joint_shift,service_class_inference,low_latency,low_latency,True,logistic_regression,alternating_rate,0.725,markov_locality,1.15,1
613631fd7c74b1280138,joint_shift,service_class_inference,high_fidelity,high_fidelity,True,logistic_regression,alternating_rate,0.725,markov_locality,1.15,1
a58557737d8ad8a40703,joint_shift,service_class_inference,low_latency,low_latency,True,logistic_regression,clustered_bursty,0.725,markov_locality,1.15,1
d5c03a417668c0d3cb9d,joint_shift,service_class_inference,high_fidelity,low_latency,False,logistic_regression,clustered_bursty,0.725,markov_locality,1.15,1
d476582648baefc281f1,joint_shift,service_label_only_control,low_latency,high_fidelity,False,random_forest,jittered_periodic,0.725,markov_locality,1.15,1
10712ed57e13acab7034,joint_shift,service_label_only_control,high_fidelity,high_fidelity,True,random_forest,jittered_periodic,0.725,markov_locality,1.15,1
69a69d29646b65c7cff0,joint_shift,service_label_only_control,low_latency,high_fidelity,False,random_forest,alternating_rate,0.725,markov_locality,1.15,1
5eadb3d9e95c8225a735,joint_shift,service_label_only_control,high_fidelity,high_fidelity,True,random_forest,alternating_rate,0.725,markov_locality,1.15,1
371fc1f7793e408bf69d,joint_shift,service_label_only_control,low_latency,low_latency,True,random_forest,clustered_bursty,0.725,markov_locality,1.15,1
d25783e402c3ca2be3c4,joint_shift,service_label_only_control,high_fidelity,low_latency,False,random_forest,clustered_bursty,0.725,markov_locality,1.15,1
19308e05489dc288f261,joint_shift,service_label_only_control,low_latency,low_latency,True,random_forest,jittered_periodic,0.725,markov_locality,1.15,1
93792d90e49cb2c862db,joint_shift,service_label_only_control,high_fidelity,low_latency,False,random_forest,jittered_periodic,0.725,markov_locality,1.15,1
2f0e2e85db91713af68e,joint_shift,service_label_only_control,low_latency,high_fidelity,False,random_forest,alternating_rate,0.725,markov_locality,1.15,1
0172f313f460c453ee2e,joint_shift,service_label_only_control,high_fidelity,high_fidelity,True,random_forest,alternating_rate,0.725,markov_locality,1.15,1
476b6f68fbd734adc673,joint_shift,service_label_only_control,low_latency,high_fidelity,False,random_forest,clustered_bursty,0.725,markov_locality,1.15,1
6a3f30b425b03a145a16,joint_shift,service_label_only_control,high_fidelity,high_fidelity,True,random_forest,clustered_bursty,0.725,markov_locality,1.15,1
004ca2329e67fb28268b,unseen_impl_fast,distillation_depth_inference,distill_0,distill_0,True,logistic_regression,sparse_periodic,0.8,balanced_round_robin,0.85,2
6416f5b24e89fb8818c4,unseen_impl_fast,distillation_depth_inference,distill_1,distill_1,True,logistic_regression,sparse_periodic,0.8,balanced_round_robin,0.85,2
291e919d6a3be7d1de18,unseen_impl_fast,distillation_depth_inference,distill_2,distill_1,False,logistic_regression,sparse_periodic,0.8,balanced_round_robin,0.85,2
6515abe570dcc185e5c2,unseen_impl_fast,distillation_depth_inference,distill_0,distill_0,True,logistic_regression,dense_periodic,0.8,balanced_round_robin,0.85,2
0038b734309e3dc96a0f,unseen_impl_fast,distillation_depth_inference,distill_1,distill_2,False,logistic_regression,dense_periodic,0.8,balanced_round_robin,0.85,2
1d19bbc8a255c0b747c1,unseen_impl_fast,distillation_depth_inference,distill_2,distill_2,True,logistic_regression,dense_periodic,0.8,balanced_round_robin,0.85,2
1a2bef6d8f5f3512794f,unseen_impl_fast,distillation_depth_inference,distill_0,distill_0,True,logistic_regression,synchronization_bursty,0.8,balanced_round_robin,0.85,2
27e54ca75283f8edfc78,unseen_impl_fast,distillation_depth_inference,distill_1,distill_1,True,logistic_regression,synchronization_bursty,0.8,balanced_round_robin,0.85,2
058d3dc2681fdeafdd02,unseen_impl_fast,distillation_depth_inference,distill_2,distill_1,False,logistic_regression,synchronization_bursty,0.8,balanced_round_robin,0.85,2
b3a643c45fa10647aaa3,unseen_impl_fast,distillation_depth_inference,distill_0,distill_0,True,logistic_regression,dense_periodic,0.8,balanced_round_robin,0.85,2
47ccb3df56b590f0d29f,unseen_impl_fast,distillation_depth_inference,distill_1,distill_1,True,logistic_regression,dense_periodic,0.8,balanced_round_robin,0.85,2
980690bfdcaf326d08de,unseen_impl_fast,distillation_depth_inference,distill_2,distill_1,False,logistic_regression,dense_periodic,0.8,balanced_round_robin,0.85,2
9398531e93177d7a89ac,unseen_impl_fast,distillation_depth_inference,distill_0,distill_0,True,logistic_regression,sparse_periodic,0.8,balanced_round_robin,0.85,2
4b245e0def4f2fff93dc,unseen_impl_fast,distillation_depth_inference,distill_1,distill_0,False,logistic_regression,sparse_periodic,0.8,balanced_round_robin,0.85,2
721cbb6db43ab483f94b,unseen_impl_fast,distillation_depth_inference,distill_2,distill_2,True,logistic_regression,sparse_periodic,0.8,balanced_round_robin,0.85,2
4f94a734482240550113,unseen_impl_fast,distillation_depth_inference,distill_0,distill_1,False,logistic_regression,synchronization_bursty,0.8,balanced_round_robin,0.85,2
4e00c2af4a363f04132b,unseen_impl_fast,distillation_depth_inference,distill_1,distill_2,False,logistic_regression,synchronization_bursty,0.8,balanced_round_robin,0.85,2
e862d8c58973086465f7,unseen_impl_fast,distillation_depth_inference,distill_2,distill_2,True,logistic_regression,synchronization_bursty,0.8,balanced_round_robin,0.85,2
fde596cdf468b1cd1364,unseen_impl_fast,protocol_inference,direct_transfer,on_demand_epr,False,hist_gradient_boosting,sparse_periodic,0.8,balanced_round_robin,0.85,2
5db9ed1f0d32f110bb39,unseen_impl_fast,protocol_inference,on_demand_epr,on_demand_epr,True,hist_gradient_boosting,sparse_periodic,0.8,balanced_round_robin,0.85,2
95b4bb0b1c1d2fc94638,unseen_impl_fast,protocol_inference,prefetched_epr,teledata,False,hist_gradient_boosting,sparse_periodic,0.8,balanced_round_robin,0.85,2
74ea1d318accd3afee9e,unseen_impl_fast,protocol_inference,telegate,teledata,False,hist_gradient_boosting,sparse_periodic,0.8,balanced_round_robin,0.85,2
0d67c16806bde92cb7dd,unseen_impl_fast,protocol_inference,teledata,prefetched_epr,False,hist_gradient_boosting,sparse_periodic,0.8,balanced_round_robin,0.85,2
7622c37ebc45e047fe96,unseen_impl_fast,protocol_inference,direct_transfer,direct_transfer,True,hist_gradient_boosting,dense_periodic,0.8,balanced_round_robin,0.85,2
5cc02b08961a98d5fa82,unseen_impl_fast,protocol_inference,on_demand_epr,on_demand_epr,True,hist_gradient_boosting,dense_periodic,0.8,balanced_round_robin,0.85,2
ece9e76a425563822813,unseen_impl_fast,protocol_inference,prefetched_epr,direct_transfer,False,hist_gradient_boosting,dense_periodic,0.8,balanced_round_robin,0.85,2
a4794f56c3a92707ff57,unseen_impl_fast,protocol_inference,telegate,telegate,True,hist_gradient_boosting,dense_periodic,0.8,balanced_round_robin,0.85,2
1ba8a7f249e70435010a,unseen_impl_fast,protocol_inference,teledata,telegate,False,hist_gradient_boosting,dense_periodic,0.8,balanced_round_robin,0.85,2
c50eee4f60dbf213a7a7,unseen_impl_fast,protocol_inference,direct_transfer,on_demand_epr,False,hist_gradient_boosting,synchronization_bursty,0.8,balanced_round_robin,0.85,2
349e6a14e9b4ad33271e,unseen_impl_fast,protocol_inference,on_demand_epr,on_demand_epr,True,hist_gradient_boosting,synchronization_bursty,0.8,balanced_round_robin,0.85,2
194f5950b31b3bd9f910,unseen_impl_fast,protocol_inference,prefetched_epr,on_demand_epr,False,hist_gradient_boosting,synchronization_bursty,0.8,balanced_round_robin,0.85,2
83d3ca07c70bc85aeb89,unseen_impl_fast,protocol_inference,telegate,on_demand_epr,False,hist_gradient_boosting,synchronization_bursty,0.8,balanced_round_robin,0.85,2
5f4382611eddc6648878,unseen_impl_fast,protocol_inference,teledata,on_demand_epr,False,hist_gradient_boosting,synchronization_bursty,0.8,balanced_round_robin,0.85,2
be66447209cfb41e6239,unseen_impl_fast,protocol_inference,direct_transfer,direct_transfer,True,hist_gradient_boosting,dense_periodic,0.8,balanced_round_robin,0.85,2
39d7e5c686194196398f,unseen_impl_fast,protocol_inference,on_demand_epr,on_demand_epr,True,hist_gradient_boosting,dense_periodic,0.8,balanced_round_robin,0.85,2
c5a2c8c219f84ccecc43,unseen_impl_fast,protocol_inference,prefetched_epr,teledata,False,hist_gradient_boosting,dense_periodic,0.8,balanced_round_robin,0.85,2
42531205055fb8c7f3a6,unseen_impl_fast,protocol_inference,telegate,direct_transfer,False,hist_gradient_boosting,dense_periodic,0.8,balanced_round_robin,0.85,2
0d7a7bbac2494971e209,unseen_impl_fast,protocol_inference,teledata,direct_transfer,False,hist_gradient_boosting,dense_periodic,0.8,balanced_round_robin,0.85,2
f23e08a1964e2772107e,unseen_impl_fast,protocol_inference,direct_transfer,on_demand_epr,False,hist_gradient_boosting,sparse_periodic,0.8,balanced_round_robin,0.85,2
31a90e81266eaa066107,unseen_impl_fast,protocol_inference,on_demand_epr,on_demand_epr,True,hist_gradient_boosting,sparse_periodic,0.8,balanced_round_robin,0.85,2
4772279f6132398a3322,unseen_impl_fast,protocol_inference,prefetched_epr,prefetched_epr,True,hist_gradient_boosting,sparse_periodic,0.8,balanced_round_robin,0.85,2
b2bc6ec6a26ea3e1f43d,unseen_impl_fast,protocol_inference,telegate,teledata,False,hist_gradient_boosting,sparse_periodic,0.8,balanced_round_robin,0.85,2
2e4e526c03bfe5bf3a0c,unseen_impl_fast,protocol_inference,teledata,telegate,False,hist_gradient_boosting,sparse_periodic,0.8,balanced_round_robin,0.85,2
59ecbf2b86faab291570,unseen_impl_fast,protocol_inference,direct_transfer,prefetched_epr,False,hist_gradient_boosting,synchronization_bursty,0.8,balanced_round_robin,0.85,2
52e300114634f1820a7e,unseen_impl_fast,protocol_inference,on_demand_epr,on_demand_epr,True,hist_gradient_boosting,synchronization_bursty,0.8,balanced_round_robin,0.85,2
499a6830fcf4e79a2ad8,unseen_impl_fast,protocol_inference,prefetched_epr,on_demand_epr,False,hist_gradient_boosting,synchronization_bursty,0.8,balanced_round_robin,0.85,2
cfb54321f1bf62b1a264,unseen_impl_fast,protocol_inference,telegate,on_demand_epr,False,hist_gradient_boosting,synchronization_bursty,0.8,balanced_round_robin,0.85,2
b4e5a770ac42363daaf7,unseen_impl_fast,protocol_inference,teledata,on_demand_epr,False,hist_gradient_boosting,synchronization_bursty,0.8,balanced_round_robin,0.85,2
93e45fadae36acab12ce,unseen_impl_fast,protocol_label_only_control,direct_transfer,prefetched_epr,False,random_forest,sparse_periodic,0.8,balanced_round_robin,0.85,2
3de42533d244828858ec,unseen_impl_fast,protocol_label_only_control,on_demand_epr,prefetched_epr,False,random_forest,sparse_periodic,0.8,balanced_round_robin,0.85,2
339114fb3ceb3278aef7,unseen_impl_fast,protocol_label_only_control,prefetched_epr,prefetched_epr,True,random_forest,sparse_periodic,0.8,balanced_round_robin,0.85,2
791932bd2c8d8d3eca90,unseen_impl_fast,protocol_label_only_control,telegate,prefetched_epr,False,random_forest,sparse_periodic,0.8,balanced_round_robin,0.85,2
cc822e23af3e26002c31,unseen_impl_fast,protocol_label_only_control,teledata,prefetched_epr,False,random_forest,sparse_periodic,0.8,balanced_round_robin,0.85,2
7095568ad5af272f0be3,unseen_impl_fast,protocol_label_only_control,direct_transfer,direct_transfer,True,random_forest,dense_periodic,0.8,balanced_round_robin,0.85,2
cf247fd03736fbe8544d,unseen_impl_fast,protocol_label_only_control,on_demand_epr,direct_transfer,False,random_forest,dense_periodic,0.8,balanced_round_robin,0.85,2
88d55a6a22cfc563c51c,unseen_impl_fast,protocol_label_only_control,prefetched_epr,direct_transfer,False,random_forest,dense_periodic,0.8,balanced_round_robin,0.85,2
1ae8453855f33b6c0a02,unseen_impl_fast,protocol_label_only_control,telegate,direct_transfer,False,random_forest,dense_periodic,0.8,balanced_round_robin,0.85,2
463524d9271a724c6988,unseen_impl_fast,protocol_label_only_control,teledata,direct_transfer,False,random_forest,dense_periodic,0.8,balanced_round_robin,0.85,2
7326812913c83a608d9c,unseen_impl_fast,protocol_label_only_control,direct_transfer,prefetched_epr,False,random_forest,synchronization_bursty,0.8,balanced_round_robin,0.85,2
1039a946d9eecb542de4,unseen_impl_fast,protocol_label_only_control,on_demand_epr,prefetched_epr,False,random_forest,synchronization_bursty,0.8,balanced_round_robin,0.85,2
b36e8d65830d89035da0,unseen_impl_fast,protocol_label_only_control,prefetched_epr,prefetched_epr,True,random_forest,synchronization_bursty,0.8,balanced_round_robin,0.85,2
0671507f384a13b6490d,unseen_impl_fast,protocol_label_only_control,telegate,prefetched_epr,False,random_forest,synchronization_bursty,0.8,balanced_round_robin,0.85,2
e989c0caa6ad9f452998,unseen_impl_fast,protocol_label_only_control,teledata,prefetched_epr,False,random_forest,synchronization_bursty,0.8,balanced_round_robin,0.85,2
69d772380a0f54e16213,unseen_impl_fast,protocol_label_only_control,direct_transfer,teledata,False,random_forest,dense_periodic,0.8,balanced_round_robin,0.85,2
7794b7704d196c0fa86c,unseen_impl_fast,protocol_label_only_control,on_demand_epr,teledata,False,random_forest,dense_periodic,0.8,balanced_round_robin,0.85,2
beebbf55ec661bc70efe,unseen_impl_fast,protocol_label_only_control,prefetched_epr,teledata,False,random_forest,dense_periodic,0.8,balanced_round_robin,0.85,2
58ca7d461b99967c7870,unseen_impl_fast,protocol_label_only_control,telegate,teledata,False,random_forest,dense_periodic,0.8,balanced_round_robin,0.85,2
125b733578a217e5f472,unseen_impl_fast,protocol_label_only_control,teledata,teledata,True,random_forest,dense_periodic,0.8,balanced_round_robin,0.85,2
8b874ce3318c44da7b09,unseen_impl_fast,protocol_label_only_control,direct_transfer,teledata,False,random_forest,sparse_periodic,0.8,balanced_round_robin,0.85,2
35b0c731bd5bb5929c28,unseen_impl_fast,protocol_label_only_control,on_demand_epr,teledata,False,random_forest,sparse_periodic,0.8,balanced_round_robin,0.85,2
a191fc8fe5e7248c0c12,unseen_impl_fast,protocol_label_only_control,prefetched_epr,teledata,False,random_forest,sparse_periodic,0.8,balanced_round_robin,0.85,2
4a8fe9b22d8cc5c7f00a,unseen_impl_fast,protocol_label_only_control,telegate,teledata,False,random_forest,sparse_periodic,0.8,balanced_round_robin,0.85,2
1e0db84a413d670be35c,unseen_impl_fast,protocol_label_only_control,teledata,teledata,True,random_forest,sparse_periodic,0.8,balanced_round_robin,0.85,2
ad4397a728c9e4b201f2,unseen_impl_fast,protocol_label_only_control,direct_transfer,telegate,False,random_forest,synchronization_bursty,0.8,balanced_round_robin,0.85,2
841563d996675cb1d026,unseen_impl_fast,protocol_label_only_control,on_demand_epr,telegate,False,random_forest,synchronization_bursty,0.8,balanced_round_robin,0.85,2
d3ac7bec8edd1c93fba0,unseen_impl_fast,protocol_label_only_control,prefetched_epr,telegate,False,random_forest,synchronization_bursty,0.8,balanced_round_robin,0.85,2
e0c5245a13dd565354a8,unseen_impl_fast,protocol_label_only_control,telegate,telegate,True,random_forest,synchronization_bursty,0.8,balanced_round_robin,0.85,2
95cc054c2b06f5b5325f,unseen_impl_fast,protocol_label_only_control,teledata,telegate,False,random_forest,synchronization_bursty,0.8,balanced_round_robin,0.85,2
bee7366f78e9e7e9cff5,unseen_impl_fast,retry_policy_inference,retry_1,retry_1,True,logistic_regression,sparse_periodic,0.8,balanced_round_robin,0.85,2
5766e6bf53e58cc1922e,unseen_impl_fast,retry_policy_inference,retry_2,retry_1,False,logistic_regression,sparse_periodic,0.8,balanced_round_robin,0.85,2
8d58f206cfed0d2cef6a,unseen_impl_fast,retry_policy_inference,retry_4,retry_1,False,logistic_regression,sparse_periodic,0.8,balanced_round_robin,0.85,2
52ab036cfde14939baaf,unseen_impl_fast,retry_policy_inference,retry_1,retry_1,True,logistic_regression,dense_periodic,0.8,balanced_round_robin,0.85,2
eeaefac0200c86e73489,unseen_impl_fast,retry_policy_inference,retry_2,retry_4,False,logistic_regression,dense_periodic,0.8,balanced_round_robin,0.85,2
3b775c54b915ee45dcd8,unseen_impl_fast,retry_policy_inference,retry_4,retry_4,True,logistic_regression,dense_periodic,0.8,balanced_round_robin,0.85,2
313b9cc1fdf693215ee4,unseen_impl_fast,retry_policy_inference,retry_1,retry_2,False,logistic_regression,synchronization_bursty,0.8,balanced_round_robin,0.85,2
28d00522159df3e81d13,unseen_impl_fast,retry_policy_inference,retry_2,retry_2,True,logistic_regression,synchronization_bursty,0.8,balanced_round_robin,0.85,2
d96f3215115de4b5db90,unseen_impl_fast,retry_policy_inference,retry_4,retry_2,False,logistic_regression,synchronization_bursty,0.8,balanced_round_robin,0.85,2
09fe8ac17b0df0e78d56,unseen_impl_fast,retry_policy_inference,retry_1,retry_2,False,logistic_regression,dense_periodic,0.8,balanced_round_robin,0.85,2
3b9aa70b60ef0deebcea,unseen_impl_fast,retry_policy_inference,retry_2,retry_2,True,logistic_regression,dense_periodic,0.8,balanced_round_robin,0.85,2
9a27c0140fb5134990a5,unseen_impl_fast,retry_policy_inference,retry_4,retry_2,False,logistic_regression,dense_periodic,0.8,balanced_round_robin,0.85,2
6037de724414eb269cae,unseen_impl_fast,retry_policy_inference,retry_1,retry_1,True,logistic_regression,sparse_periodic,0.8,balanced_round_robin,0.85,2
5a58ece0a51397f2089f,unseen_impl_fast,retry_policy_inference,retry_2,retry_1,False,logistic_regression,sparse_periodic,0.8,balanced_round_robin,0.85,2
29ce1eba08329017a803,unseen_impl_fast,retry_policy_inference,retry_4,retry_1,False,logistic_regression,sparse_periodic,0.8,balanced_round_robin,0.85,2
a075a217abe42b32b15c,unseen_impl_fast,retry_policy_inference,retry_1,retry_2,False,logistic_regression,synchronization_bursty,0.8,balanced_round_robin,0.85,2
7490f0c5cf169ead98cd,unseen_impl_fast,retry_policy_inference,retry_2,retry_2,True,logistic_regression,synchronization_bursty,0.8,balanced_round_robin,0.85,2
b426df6c4ed7eb39eebc,unseen_impl_fast,retry_policy_inference,retry_4,retry_2,False,logistic_regression,synchronization_bursty,0.8,balanced_round_robin,0.85,2
4851407178e44667c2fb,unseen_impl_fast,service_class_inference,low_latency,low_latency,True,logistic_regression,sparse_periodic,0.8,balanced_round_robin,0.85,2
af9220118c87532699ab,unseen_impl_fast,service_class_inference,high_fidelity,low_latency,False,logistic_regression,sparse_periodic,0.8,balanced_round_robin,0.85,2
36927cb7f331a0bd0998,unseen_impl_fast,service_class_inference,low_latency,low_latency,True,logistic_regression,dense_periodic,0.8,balanced_round_robin,0.85,2
2414044d42e7444ac978,unseen_impl_fast,service_class_inference,high_fidelity,high_fidelity,True,logistic_regression,dense_periodic,0.8,balanced_round_robin,0.85,2
79260beacd98f1ca0686,unseen_impl_fast,service_class_inference,low_latency,low_latency,True,logistic_regression,synchronization_bursty,0.8,balanced_round_robin,0.85,2
a4b0106a29957ad4a24e,unseen_impl_fast,service_class_inference,high_fidelity,high_fidelity,True,logistic_regression,synchronization_bursty,0.8,balanced_round_robin,0.85,2
fa2b4985e9aba7aad7ce,unseen_impl_fast,service_class_inference,low_latency,low_latency,True,logistic_regression,dense_periodic,0.8,balanced_round_robin,0.85,2
e38fdab002cf1e7f3845,unseen_impl_fast,service_class_inference,high_fidelity,high_fidelity,True,logistic_regression,dense_periodic,0.8,balanced_round_robin,0.85,2
d7fd3db94ca2bc11fe1c,unseen_impl_fast,service_class_inference,low_latency,low_latency,True,logistic_regression,sparse_periodic,0.8,balanced_round_robin,0.85,2
69558aeaf6081692d0a7,unseen_impl_fast,service_class_inference,high_fidelity,high_fidelity,True,logistic_regression,sparse_periodic,0.8,balanced_round_robin,0.85,2
ebfed6db4eb291007783,unseen_impl_fast,service_class_inference,low_latency,low_latency,True,logistic_regression,synchronization_bursty,0.8,balanced_round_robin,0.85,2
240d2831f6a03503c686,unseen_impl_fast,service_class_inference,high_fidelity,high_fidelity,True,logistic_regression,synchronization_bursty,0.8,balanced_round_robin,0.85,2
38bad4fd3749c587fcfd,unseen_impl_fast,service_label_only_control,low_latency,high_fidelity,False,random_forest,sparse_periodic,0.8,balanced_round_robin,0.85,2
7f1de874c8ad09348be4,unseen_impl_fast,service_label_only_control,high_fidelity,high_fidelity,True,random_forest,sparse_periodic,0.8,balanced_round_robin,0.85,2
b2b30058f7e71d869cc8,unseen_impl_fast,service_label_only_control,low_latency,high_fidelity,False,random_forest,dense_periodic,0.8,balanced_round_robin,0.85,2
e240f2906407c48293b8,unseen_impl_fast,service_label_only_control,high_fidelity,high_fidelity,True,random_forest,dense_periodic,0.8,balanced_round_robin,0.85,2
527102ca93721686801e,unseen_impl_fast,service_label_only_control,low_latency,high_fidelity,False,random_forest,synchronization_bursty,0.8,balanced_round_robin,0.85,2
9ac83d3e6516ebf8240a,unseen_impl_fast,service_label_only_control,high_fidelity,high_fidelity,True,random_forest,synchronization_bursty,0.8,balanced_round_robin,0.85,2
f25b8c0895ee6aa79a19,unseen_impl_fast,service_label_only_control,low_latency,low_latency,True,random_forest,dense_periodic,0.8,balanced_round_robin,0.85,2
e2d3eea2201c7fe43d9e,unseen_impl_fast,service_label_only_control,high_fidelity,low_latency,False,random_forest,dense_periodic,0.8,balanced_round_robin,0.85,2
07c166b27b161a6d57ee,unseen_impl_fast,service_label_only_control,low_latency,high_fidelity,False,random_forest,sparse_periodic,0.8,balanced_round_robin,0.85,2
bebdf94449db4ef49866,unseen_impl_fast,service_label_only_control,high_fidelity,high_fidelity,True,random_forest,sparse_periodic,0.8,balanced_round_robin,0.85,2
5e512f148788317bfe98,unseen_impl_fast,service_label_only_control,low_latency,low_latency,True,random_forest,synchronization_bursty,0.8,balanced_round_robin,0.85,2
3015ca23757b0f44aad3,unseen_impl_fast,service_label_only_control,high_fidelity,low_latency,False,random_forest,synchronization_bursty,0.8,balanced_round_robin,0.85,2
ba3c3104d72a807420f6,unseen_impl_slow,distillation_depth_inference,distill_0,distill_0,True,logistic_regression,sparse_periodic,0.8,balanced_round_robin,1.15,2
dea4df8f6f5069bcecf8,unseen_impl_slow,distillation_depth_inference,distill_1,distill_1,True,logistic_regression,sparse_periodic,0.8,balanced_round_robin,1.15,2
62b48cbd4dc595d1cb31,unseen_impl_slow,distillation_depth_inference,distill_2,distill_2,True,logistic_regression,sparse_periodic,0.8,balanced_round_robin,1.15,2
db24e1a3cf29bbbb0f8b,unseen_impl_slow,distillation_depth_inference,distill_0,distill_1,False,logistic_regression,dense_periodic,0.8,balanced_round_robin,1.15,2
0c1523e20d5bc3cd88a8,unseen_impl_slow,distillation_depth_inference,distill_1,distill_2,False,logistic_regression,dense_periodic,0.8,balanced_round_robin,1.15,2
9d10644378e1e6e28bf9,unseen_impl_slow,distillation_depth_inference,distill_2,distill_1,False,logistic_regression,dense_periodic,0.8,balanced_round_robin,1.15,2
f8eff109a369a3df5544,unseen_impl_slow,distillation_depth_inference,distill_0,distill_0,True,logistic_regression,synchronization_bursty,0.8,balanced_round_robin,1.15,2
b8d3b1e7caf48b6f5642,unseen_impl_slow,distillation_depth_inference,distill_1,distill_1,True,logistic_regression,synchronization_bursty,0.8,balanced_round_robin,1.15,2
26220ee3af4e481ba490,unseen_impl_slow,distillation_depth_inference,distill_2,distill_2,True,logistic_regression,synchronization_bursty,0.8,balanced_round_robin,1.15,2
60dfa80e319c20a8c817,unseen_impl_slow,distillation_depth_inference,distill_0,distill_1,False,logistic_regression,dense_periodic,0.8,balanced_round_robin,1.15,2
24c78b1b4eb191304477,unseen_impl_slow,distillation_depth_inference,distill_1,distill_1,True,logistic_regression,dense_periodic,0.8,balanced_round_robin,1.15,2
c21a6d56abe24c65deee,unseen_impl_slow,distillation_depth_inference,distill_2,distill_2,True,logistic_regression,dense_periodic,0.8,balanced_round_robin,1.15,2
da4e2ddb922b62533bb6,unseen_impl_slow,distillation_depth_inference,distill_0,distill_0,True,logistic_regression,sparse_periodic,0.8,balanced_round_robin,1.15,2
04f004b4483facdf6d0b,unseen_impl_slow,distillation_depth_inference,distill_1,distill_1,True,logistic_regression,sparse_periodic,0.8,balanced_round_robin,1.15,2
f236d6761d079d95d413,unseen_impl_slow,distillation_depth_inference,distill_2,distill_2,True,logistic_regression,sparse_periodic,0.8,balanced_round_robin,1.15,2
e94ac88380cfa42579fc,unseen_impl_slow,distillation_depth_inference,distill_0,distill_1,False,logistic_regression,synchronization_bursty,0.8,balanced_round_robin,1.15,2
bc7dc3bf73edb6100410,unseen_impl_slow,distillation_depth_inference,distill_1,distill_2,False,logistic_regression,synchronization_bursty,0.8,balanced_round_robin,1.15,2
2b07a6394efc65a51212,unseen_impl_slow,distillation_depth_inference,distill_2,distill_1,False,logistic_regression,synchronization_bursty,0.8,balanced_round_robin,1.15,2
8dd7246ae7b795b39846,unseen_impl_slow,protocol_inference,direct_transfer,on_demand_epr,False,hist_gradient_boosting,sparse_periodic,0.8,balanced_round_robin,1.15,2
a9644148a454881ef62d,unseen_impl_slow,protocol_inference,on_demand_epr,on_demand_epr,True,hist_gradient_boosting,sparse_periodic,0.8,balanced_round_robin,1.15,2
6bef9a8c5e239e5962ba,unseen_impl_slow,protocol_inference,prefetched_epr,prefetched_epr,True,hist_gradient_boosting,sparse_periodic,0.8,balanced_round_robin,1.15,2
c3d2fc6e69de01b4cd52,unseen_impl_slow,protocol_inference,telegate,prefetched_epr,False,hist_gradient_boosting,sparse_periodic,0.8,balanced_round_robin,1.15,2
1551c36a4cbee52dac69,unseen_impl_slow,protocol_inference,teledata,teledata,True,hist_gradient_boosting,sparse_periodic,0.8,balanced_round_robin,1.15,2
f7e539c8f6bf5ce422ab,unseen_impl_slow,protocol_inference,direct_transfer,telegate,False,hist_gradient_boosting,dense_periodic,0.8,balanced_round_robin,1.15,2
92f28c6d5d43141a44d3,unseen_impl_slow,protocol_inference,on_demand_epr,direct_transfer,False,hist_gradient_boosting,dense_periodic,0.8,balanced_round_robin,1.15,2
3d868cec843cd66e6773,unseen_impl_slow,protocol_inference,prefetched_epr,prefetched_epr,True,hist_gradient_boosting,dense_periodic,0.8,balanced_round_robin,1.15,2
cb071d74a4cfca5f7617,unseen_impl_slow,protocol_inference,telegate,teledata,False,hist_gradient_boosting,dense_periodic,0.8,balanced_round_robin,1.15,2
585fc469c70521035123,unseen_impl_slow,protocol_inference,teledata,prefetched_epr,False,hist_gradient_boosting,dense_periodic,0.8,balanced_round_robin,1.15,2
12f5bf7d1e0419f69e24,unseen_impl_slow,protocol_inference,direct_transfer,teledata,False,hist_gradient_boosting,synchronization_bursty,0.8,balanced_round_robin,1.15,2
aecaf8a7b2b00a43352d,unseen_impl_slow,protocol_inference,on_demand_epr,on_demand_epr,True,hist_gradient_boosting,synchronization_bursty,0.8,balanced_round_robin,1.15,2
1877b0fffc89e3b48941,unseen_impl_slow,protocol_inference,prefetched_epr,teledata,False,hist_gradient_boosting,synchronization_bursty,0.8,balanced_round_robin,1.15,2
e857fd23f74f137d6701,unseen_impl_slow,protocol_inference,telegate,prefetched_epr,False,hist_gradient_boosting,synchronization_bursty,0.8,balanced_round_robin,1.15,2
e8a02ba0099390397b3e,unseen_impl_slow,protocol_inference,teledata,teledata,True,hist_gradient_boosting,synchronization_bursty,0.8,balanced_round_robin,1.15,2
548c7c3a344b1eec4704,unseen_impl_slow,protocol_inference,direct_transfer,on_demand_epr,False,hist_gradient_boosting,dense_periodic,0.8,balanced_round_robin,1.15,2
5bbb88fbe83d918f952f,unseen_impl_slow,protocol_inference,on_demand_epr,direct_transfer,False,hist_gradient_boosting,dense_periodic,0.8,balanced_round_robin,1.15,2
ece24f112ebda88075c1,unseen_impl_slow,protocol_inference,prefetched_epr,prefetched_epr,True,hist_gradient_boosting,dense_periodic,0.8,balanced_round_robin,1.15,2
d936489ba1809df2f504,unseen_impl_slow,protocol_inference,telegate,teledata,False,hist_gradient_boosting,dense_periodic,0.8,balanced_round_robin,1.15,2
39d245a1a15dc133d87f,unseen_impl_slow,protocol_inference,teledata,prefetched_epr,False,hist_gradient_boosting,dense_periodic,0.8,balanced_round_robin,1.15,2
52668f0ce79ecba2c1fe,unseen_impl_slow,protocol_inference,direct_transfer,on_demand_epr,False,hist_gradient_boosting,sparse_periodic,0.8,balanced_round_robin,1.15,2
7d571018e19539e02d82,unseen_impl_slow,protocol_inference,on_demand_epr,on_demand_epr,True,hist_gradient_boosting,sparse_periodic,0.8,balanced_round_robin,1.15,2
501fcb0730be30f698ec,unseen_impl_slow,protocol_inference,prefetched_epr,prefetched_epr,True,hist_gradient_boosting,sparse_periodic,0.8,balanced_round_robin,1.15,2
738310b7bffacd071666,unseen_impl_slow,protocol_inference,telegate,teledata,False,hist_gradient_boosting,sparse_periodic,0.8,balanced_round_robin,1.15,2
b64356cf486a6e1d863f,unseen_impl_slow,protocol_inference,teledata,prefetched_epr,False,hist_gradient_boosting,sparse_periodic,0.8,balanced_round_robin,1.15,2
e0f952d254dfdef764cd,unseen_impl_slow,protocol_inference,direct_transfer,teledata,False,hist_gradient_boosting,synchronization_bursty,0.8,balanced_round_robin,1.15,2
8c38a0bc1a4f57044cf3,unseen_impl_slow,protocol_inference,on_demand_epr,teledata,False,hist_gradient_boosting,synchronization_bursty,0.8,balanced_round_robin,1.15,2
fcdd3f4ae990fc9afdfc,unseen_impl_slow,protocol_inference,prefetched_epr,prefetched_epr,True,hist_gradient_boosting,synchronization_bursty,0.8,balanced_round_robin,1.15,2
d691139ea2b6cc7e5032,unseen_impl_slow,protocol_inference,telegate,telegate,True,hist_gradient_boosting,synchronization_bursty,0.8,balanced_round_robin,1.15,2
b886fd85addaa2e3d632,unseen_impl_slow,protocol_inference,teledata,prefetched_epr,False,hist_gradient_boosting,synchronization_bursty,0.8,balanced_round_robin,1.15,2
f6f11a267495c25944a2,unseen_impl_slow,protocol_label_only_control,direct_transfer,telegate,False,random_forest,sparse_periodic,0.8,balanced_round_robin,1.15,2
6802e30c894ad9a9c571,unseen_impl_slow,protocol_label_only_control,on_demand_epr,telegate,False,random_forest,sparse_periodic,0.8,balanced_round_robin,1.15,2
cf96919b0ce4cf72ca11,unseen_impl_slow,protocol_label_only_control,prefetched_epr,telegate,False,random_forest,sparse_periodic,0.8,balanced_round_robin,1.15,2
516c9ebd09695d6cb4d8,unseen_impl_slow,protocol_label_only_control,telegate,telegate,True,random_forest,sparse_periodic,0.8,balanced_round_robin,1.15,2
4a65487608291506bd88,unseen_impl_slow,protocol_label_only_control,teledata,telegate,False,random_forest,sparse_periodic,0.8,balanced_round_robin,1.15,2
32c5d434503a029380cc,unseen_impl_slow,protocol_label_only_control,direct_transfer,teledata,False,random_forest,dense_periodic,0.8,balanced_round_robin,1.15,2
a9b3b1cb907a2ee10f0e,unseen_impl_slow,protocol_label_only_control,on_demand_epr,teledata,False,random_forest,dense_periodic,0.8,balanced_round_robin,1.15,2
08781343cf7a21a7ae4f,unseen_impl_slow,protocol_label_only_control,prefetched_epr,teledata,False,random_forest,dense_periodic,0.8,balanced_round_robin,1.15,2
7bb44105b2c5b1665e2a,unseen_impl_slow,protocol_label_only_control,telegate,teledata,False,random_forest,dense_periodic,0.8,balanced_round_robin,1.15,2
0dde8bd4f3d0308e59ce,unseen_impl_slow,protocol_label_only_control,teledata,teledata,True,random_forest,dense_periodic,0.8,balanced_round_robin,1.15,2
965373671dafcc82e04d,unseen_impl_slow,protocol_label_only_control,direct_transfer,on_demand_epr,False,random_forest,synchronization_bursty,0.8,balanced_round_robin,1.15,2
e01f6762f3ab1556e1e5,unseen_impl_slow,protocol_label_only_control,on_demand_epr,on_demand_epr,True,random_forest,synchronization_bursty,0.8,balanced_round_robin,1.15,2
001a0239b63dd0cb4234,unseen_impl_slow,protocol_label_only_control,prefetched_epr,on_demand_epr,False,random_forest,synchronization_bursty,0.8,balanced_round_robin,1.15,2
d7612cc6a9ceaa5ed25f,unseen_impl_slow,protocol_label_only_control,telegate,on_demand_epr,False,random_forest,synchronization_bursty,0.8,balanced_round_robin,1.15,2
4e9fa849fb3278f1bf4f,unseen_impl_slow,protocol_label_only_control,teledata,on_demand_epr,False,random_forest,synchronization_bursty,0.8,balanced_round_robin,1.15,2
648b7048a3eac2a80df6,unseen_impl_slow,protocol_label_only_control,direct_transfer,telegate,False,random_forest,dense_periodic,0.8,balanced_round_robin,1.15,2
be729be478bf8579b022,unseen_impl_slow,protocol_label_only_control,on_demand_epr,telegate,False,random_forest,dense_periodic,0.8,balanced_round_robin,1.15,2
b5697e5e8b27504f3878,unseen_impl_slow,protocol_label_only_control,prefetched_epr,telegate,False,random_forest,dense_periodic,0.8,balanced_round_robin,1.15,2
e3d07050ddb70f58c955,unseen_impl_slow,protocol_label_only_control,telegate,telegate,True,random_forest,dense_periodic,0.8,balanced_round_robin,1.15,2
2ccb2e095fc7c76a8413,unseen_impl_slow,protocol_label_only_control,teledata,telegate,False,random_forest,dense_periodic,0.8,balanced_round_robin,1.15,2
718316c637b31bf00b5f,unseen_impl_slow,protocol_label_only_control,direct_transfer,teledata,False,random_forest,sparse_periodic,0.8,balanced_round_robin,1.15,2
04f7ee328599ea08c347,unseen_impl_slow,protocol_label_only_control,on_demand_epr,teledata,False,random_forest,sparse_periodic,0.8,balanced_round_robin,1.15,2
cc7db3a583c7e54c5b0c,unseen_impl_slow,protocol_label_only_control,prefetched_epr,teledata,False,random_forest,sparse_periodic,0.8,balanced_round_robin,1.15,2
88b8eddaf36841294d32,unseen_impl_slow,protocol_label_only_control,telegate,teledata,False,random_forest,sparse_periodic,0.8,balanced_round_robin,1.15,2
541b389a54b4fb5b940d,unseen_impl_slow,protocol_label_only_control,teledata,teledata,True,random_forest,sparse_periodic,0.8,balanced_round_robin,1.15,2
1c5b1e655d8589ecb01f,unseen_impl_slow,protocol_label_only_control,direct_transfer,teledata,False,random_forest,synchronization_bursty,0.8,balanced_round_robin,1.15,2
7696af18b9832bccb4a1,unseen_impl_slow,protocol_label_only_control,on_demand_epr,teledata,False,random_forest,synchronization_bursty,0.8,balanced_round_robin,1.15,2
3df198f49f84d71468e7,unseen_impl_slow,protocol_label_only_control,prefetched_epr,teledata,False,random_forest,synchronization_bursty,0.8,balanced_round_robin,1.15,2
89fb9ede0301f5578439,unseen_impl_slow,protocol_label_only_control,telegate,teledata,False,random_forest,synchronization_bursty,0.8,balanced_round_robin,1.15,2
6392eb86df77c649ebdb,unseen_impl_slow,protocol_label_only_control,teledata,teledata,True,random_forest,synchronization_bursty,0.8,balanced_round_robin,1.15,2
0e9a743d6f8332132267,unseen_impl_slow,retry_policy_inference,retry_1,retry_1,True,logistic_regression,sparse_periodic,0.8,balanced_round_robin,1.15,2
168d829306dcd38f434d,unseen_impl_slow,retry_policy_inference,retry_2,retry_1,False,logistic_regression,sparse_periodic,0.8,balanced_round_robin,1.15,2
09c2281912762ec4cf34,unseen_impl_slow,retry_policy_inference,retry_4,retry_1,False,logistic_regression,sparse_periodic,0.8,balanced_round_robin,1.15,2
f20677f2d3b5eecb986b,unseen_impl_slow,retry_policy_inference,retry_1,retry_2,False,logistic_regression,dense_periodic,0.8,balanced_round_robin,1.15,2
a7473c1fe593e9f17eb8,unseen_impl_slow,retry_policy_inference,retry_2,retry_2,True,logistic_regression,dense_periodic,0.8,balanced_round_robin,1.15,2
cf2e191530a9b8435593,unseen_impl_slow,retry_policy_inference,retry_4,retry_2,False,logistic_regression,dense_periodic,0.8,balanced_round_robin,1.15,2
02ef9f315eb94e45e684,unseen_impl_slow,retry_policy_inference,retry_1,retry_1,True,logistic_regression,synchronization_bursty,0.8,balanced_round_robin,1.15,2
2f80332017626f216a31,unseen_impl_slow,retry_policy_inference,retry_2,retry_1,False,logistic_regression,synchronization_bursty,0.8,balanced_round_robin,1.15,2
444b062619152d75b5d6,unseen_impl_slow,retry_policy_inference,retry_4,retry_1,False,logistic_regression,synchronization_bursty,0.8,balanced_round_robin,1.15,2
9243b005edf015845d45,unseen_impl_slow,retry_policy_inference,retry_1,retry_2,False,logistic_regression,dense_periodic,0.8,balanced_round_robin,1.15,2
e7e6aba2b963ada3bd67,unseen_impl_slow,retry_policy_inference,retry_2,retry_2,True,logistic_regression,dense_periodic,0.8,balanced_round_robin,1.15,2
9f6696ca297470cd3b6f,unseen_impl_slow,retry_policy_inference,retry_4,retry_2,False,logistic_regression,dense_periodic,0.8,balanced_round_robin,1.15,2
b226af2dd3da19708b22,unseen_impl_slow,retry_policy_inference,retry_1,retry_2,False,logistic_regression,sparse_periodic,0.8,balanced_round_robin,1.15,2
923546a81f9a7577fd7d,unseen_impl_slow,retry_policy_inference,retry_2,retry_1,False,logistic_regression,sparse_periodic,0.8,balanced_round_robin,1.15,2
5699be397a2a486dea18,unseen_impl_slow,retry_policy_inference,retry_4,retry_1,False,logistic_regression,sparse_periodic,0.8,balanced_round_robin,1.15,2
61719b5185eb3f4255d6,unseen_impl_slow,retry_policy_inference,retry_1,retry_2,False,logistic_regression,synchronization_bursty,0.8,balanced_round_robin,1.15,2
2218fc9fa7f5fe3c36dc,unseen_impl_slow,retry_policy_inference,retry_2,retry_4,False,logistic_regression,synchronization_bursty,0.8,balanced_round_robin,1.15,2
6141767d5ddee68eeb75,unseen_impl_slow,retry_policy_inference,retry_4,retry_2,False,logistic_regression,synchronization_bursty,0.8,balanced_round_robin,1.15,2
df9cf604a994ef19050c,unseen_impl_slow,service_class_inference,low_latency,low_latency,True,logistic_regression,sparse_periodic,0.8,balanced_round_robin,1.15,2
2f1d281ba89fde74b098,unseen_impl_slow,service_class_inference,high_fidelity,high_fidelity,True,logistic_regression,sparse_periodic,0.8,balanced_round_robin,1.15,2
7a4b24f377561bb73e3f,unseen_impl_slow,service_class_inference,low_latency,low_latency,True,logistic_regression,dense_periodic,0.8,balanced_round_robin,1.15,2
5e6aeb57f37c155f8d53,unseen_impl_slow,service_class_inference,high_fidelity,high_fidelity,True,logistic_regression,dense_periodic,0.8,balanced_round_robin,1.15,2
85b366f3dd67befd7724,unseen_impl_slow,service_class_inference,low_latency,low_latency,True,logistic_regression,synchronization_bursty,0.8,balanced_round_robin,1.15,2
f3cc7670df523db50535,unseen_impl_slow,service_class_inference,high_fidelity,high_fidelity,True,logistic_regression,synchronization_bursty,0.8,balanced_round_robin,1.15,2
ed991ced3f4b128976d1,unseen_impl_slow,service_class_inference,low_latency,low_latency,True,logistic_regression,dense_periodic,0.8,balanced_round_robin,1.15,2
de6cebdd5f60a8233bd1,unseen_impl_slow,service_class_inference,high_fidelity,high_fidelity,True,logistic_regression,dense_periodic,0.8,balanced_round_robin,1.15,2
590815f6421d97f31fb7,unseen_impl_slow,service_class_inference,low_latency,low_latency,True,logistic_regression,sparse_periodic,0.8,balanced_round_robin,1.15,2
ab42a900d490fe528311,unseen_impl_slow,service_class_inference,high_fidelity,high_fidelity,True,logistic_regression,sparse_periodic,0.8,balanced_round_robin,1.15,2
22d8baf65e5eb362cbf5,unseen_impl_slow,service_class_inference,low_latency,high_fidelity,False,logistic_regression,synchronization_bursty,0.8,balanced_round_robin,1.15,2
f255c9fbcd565bc4cbc1,unseen_impl_slow,service_class_inference,high_fidelity,low_latency,False,logistic_regression,synchronization_bursty,0.8,balanced_round_robin,1.15,2
dbca9cd37a4e01b55e99,unseen_impl_slow,service_label_only_control,low_latency,low_latency,True,random_forest,sparse_periodic,0.8,balanced_round_robin,1.15,2
289356919f4f395b0d10,unseen_impl_slow,service_label_only_control,high_fidelity,low_latency,False,random_forest,sparse_periodic,0.8,balanced_round_robin,1.15,2
3783b3965dd81221de82,unseen_impl_slow,service_label_only_control,low_latency,low_latency,True,random_forest,dense_periodic,0.8,balanced_round_robin,1.15,2
4e0304219ab167b0aae7,unseen_impl_slow,service_label_only_control,high_fidelity,low_latency,False,random_forest,dense_periodic,0.8,balanced_round_robin,1.15,2
040be6f6d5ecc4935e59,unseen_impl_slow,service_label_only_control,low_latency,low_latency,True,random_forest,synchronization_bursty,0.8,balanced_round_robin,1.15,2
be61bba7b1fb480fd488,unseen_impl_slow,service_label_only_control,high_fidelity,low_latency,False,random_forest,synchronization_bursty,0.8,balanced_round_robin,1.15,2
70bc093a61c50cbff167,unseen_impl_slow,service_label_only_control,low_latency,low_latency,True,random_forest,dense_periodic,0.8,balanced_round_robin,1.15,2
c2b68537abb2a4c1f9e2,unseen_impl_slow,service_label_only_control,high_fidelity,low_latency,False,random_forest,dense_periodic,0.8,balanced_round_robin,1.15,2
0674185a2f392e113b0a,unseen_impl_slow,service_label_only_control,low_latency,high_fidelity,False,random_forest,sparse_periodic,0.8,balanced_round_robin,1.15,2
1792f069934fed00a0dc,unseen_impl_slow,service_label_only_control,high_fidelity,high_fidelity,True,random_forest,sparse_periodic,0.8,balanced_round_robin,1.15,2
776fa155826e5c724272,unseen_impl_slow,service_label_only_control,low_latency,low_latency,True,random_forest,synchronization_bursty,0.8,balanced_round_robin,1.15,2
f02092d130cef1e0866a,unseen_impl_slow,service_label_only_control,high_fidelity,low_latency,False,random_forest,synchronization_bursty,0.8,balanced_round_robin,1.15,2
e9a90f29c99b9f743da2,unseen_link,distillation_depth_inference,distill_0,distill_0,True,logistic_regression,sparse_periodic,0.55,balanced_round_robin,1.0,2
07f2ade5ae2164272030,unseen_link,distillation_depth_inference,distill_1,distill_1,True,logistic_regression,sparse_periodic,0.55,balanced_round_robin,1.0,2
7059cb3cd627d738e2bd,unseen_link,distillation_depth_inference,distill_2,distill_2,True,logistic_regression,sparse_periodic,0.55,balanced_round_robin,1.0,2
4374a34314e7eeb3d2f7,unseen_link,distillation_depth_inference,distill_0,distill_0,True,logistic_regression,sparse_periodic,0.725,balanced_round_robin,1.0,2
d5ceb5c7e0a9bcbce589,unseen_link,distillation_depth_inference,distill_1,distill_0,False,logistic_regression,sparse_periodic,0.725,balanced_round_robin,1.0,2
72d9e06945be639ca7b1,unseen_link,distillation_depth_inference,distill_2,distill_2,True,logistic_regression,sparse_periodic,0.725,balanced_round_robin,1.0,2
169f77d528a083369407,unseen_link,distillation_depth_inference,distill_0,distill_0,True,logistic_regression,sparse_periodic,0.875,balanced_round_robin,1.0,2
2fba7fa9b42482b7b192,unseen_link,distillation_depth_inference,distill_1,distill_0,False,logistic_regression,sparse_periodic,0.875,balanced_round_robin,1.0,2
f97339db603c57556a70,unseen_link,distillation_depth_inference,distill_2,distill_1,False,logistic_regression,sparse_periodic,0.875,balanced_round_robin,1.0,2
514eee8cee3445c8d7f1,unseen_link,distillation_depth_inference,distill_0,distill_0,True,logistic_regression,sparse_periodic,0.99,balanced_round_robin,1.0,2
2ce3f20a20530abe8393,unseen_link,distillation_depth_inference,distill_1,distill_0,False,logistic_regression,sparse_periodic,0.99,balanced_round_robin,1.0,2
c39215ed51aacc8ab48a,unseen_link,distillation_depth_inference,distill_2,distill_1,False,logistic_regression,sparse_periodic,0.99,balanced_round_robin,1.0,2
27b908e180e1378c2ff6,unseen_link,distillation_depth_inference,distill_0,distill_1,False,logistic_regression,dense_periodic,0.55,balanced_round_robin,1.0,2
fe01f265bdca966e01fb,unseen_link,distillation_depth_inference,distill_1,distill_2,False,logistic_regression,dense_periodic,0.55,balanced_round_robin,1.0,2
cfc221bc9de4273077a5,unseen_link,distillation_depth_inference,distill_2,distill_2,True,logistic_regression,dense_periodic,0.55,balanced_round_robin,1.0,2
8f3fb11f4440849f3d37,unseen_link,distillation_depth_inference,distill_0,distill_1,False,logistic_regression,dense_periodic,0.725,balanced_round_robin,1.0,2
62c4d9c247e859959c97,unseen_link,distillation_depth_inference,distill_1,distill_2,False,logistic_regression,dense_periodic,0.725,balanced_round_robin,1.0,2
b1f912a4ee6f71a00822,unseen_link,distillation_depth_inference,distill_2,distill_2,True,logistic_regression,dense_periodic,0.725,balanced_round_robin,1.0,2
a5c8dc740b6b97f2bbc4,unseen_link,distillation_depth_inference,distill_0,distill_1,False,logistic_regression,dense_periodic,0.875,balanced_round_robin,1.0,2
968dc1fbd300e836f17b,unseen_link,distillation_depth_inference,distill_1,distill_2,False,logistic_regression,dense_periodic,0.875,balanced_round_robin,1.0,2
0ff05f8d85d43f8727dc,unseen_link,distillation_depth_inference,distill_2,distill_2,True,logistic_regression,dense_periodic,0.875,balanced_round_robin,1.0,2
9ae31be5667358d709d9,unseen_link,distillation_depth_inference,distill_0,distill_1,False,logistic_regression,dense_periodic,0.99,balanced_round_robin,1.0,2
a6065e22e4f7a4ffdff5,unseen_link,distillation_depth_inference,distill_1,distill_1,True,logistic_regression,dense_periodic,0.99,balanced_round_robin,1.0,2
d1bf299f2ae5899fe7e8,unseen_link,distillation_depth_inference,distill_2,distill_2,True,logistic_regression,dense_periodic,0.99,balanced_round_robin,1.0,2
c607628d643b65841218,unseen_link,distillation_depth_inference,distill_0,distill_1,False,logistic_regression,synchronization_bursty,0.55,balanced_round_robin,1.0,2
f146a9cb024299b7575c,unseen_link,distillation_depth_inference,distill_1,distill_1,True,logistic_regression,synchronization_bursty,0.55,balanced_round_robin,1.0,2
0e59704971f205023743,unseen_link,distillation_depth_inference,distill_2,distill_2,True,logistic_regression,synchronization_bursty,0.55,balanced_round_robin,1.0,2
a5c2ec048a7f4eb20f90,unseen_link,distillation_depth_inference,distill_0,distill_0,True,logistic_regression,synchronization_bursty,0.725,balanced_round_robin,1.0,2
381e5be030863d98fa26,unseen_link,distillation_depth_inference,distill_1,distill_1,True,logistic_regression,synchronization_bursty,0.725,balanced_round_robin,1.0,2
11af0a251265b79f7b38,unseen_link,distillation_depth_inference,distill_2,distill_2,True,logistic_regression,synchronization_bursty,0.725,balanced_round_robin,1.0,2
52cb0dd6113c779c4eec,unseen_link,distillation_depth_inference,distill_0,distill_0,True,logistic_regression,synchronization_bursty,0.875,balanced_round_robin,1.0,2
45e64abbe7d49d1540df,unseen_link,distillation_depth_inference,distill_1,distill_1,True,logistic_regression,synchronization_bursty,0.875,balanced_round_robin,1.0,2
a2a7a7f7532288419737,unseen_link,distillation_depth_inference,distill_2,distill_2,True,logistic_regression,synchronization_bursty,0.875,balanced_round_robin,1.0,2
e885b953693b8107f8e5,unseen_link,distillation_depth_inference,distill_0,distill_0,True,logistic_regression,synchronization_bursty,0.99,balanced_round_robin,1.0,2
02ec0ddcce32251a1201,unseen_link,distillation_depth_inference,distill_1,distill_1,True,logistic_regression,synchronization_bursty,0.99,balanced_round_robin,1.0,2
09542130341237411466,unseen_link,distillation_depth_inference,distill_2,distill_2,True,logistic_regression,synchronization_bursty,0.99,balanced_round_robin,1.0,2
0995abd8e9219a59ab2a,unseen_link,distillation_depth_inference,distill_0,distill_1,False,logistic_regression,dense_periodic,0.55,balanced_round_robin,1.0,2
aa7da39301650cbbccaa,unseen_link,distillation_depth_inference,distill_1,distill_1,True,logistic_regression,dense_periodic,0.55,balanced_round_robin,1.0,2
0afe3ce623c2f18d700e,unseen_link,distillation_depth_inference,distill_2,distill_2,True,logistic_regression,dense_periodic,0.55,balanced_round_robin,1.0,2
5d2c0a542523fd2f9166,unseen_link,distillation_depth_inference,distill_0,distill_1,False,logistic_regression,dense_periodic,0.725,balanced_round_robin,1.0,2
d6eab58a7aab8edaf19c,unseen_link,distillation_depth_inference,distill_1,distill_1,True,logistic_regression,dense_periodic,0.725,balanced_round_robin,1.0,2
66138e45b4d64c26f9b6,unseen_link,distillation_depth_inference,distill_2,distill_2,True,logistic_regression,dense_periodic,0.725,balanced_round_robin,1.0,2
34baccd05b234ee5f15b,unseen_link,distillation_depth_inference,distill_0,distill_1,False,logistic_regression,dense_periodic,0.875,balanced_round_robin,1.0,2
980f3924782d5fa9f396,unseen_link,distillation_depth_inference,distill_1,distill_1,True,logistic_regression,dense_periodic,0.875,balanced_round_robin,1.0,2
ff9e6fbe60b34d8902b8,unseen_link,distillation_depth_inference,distill_2,distill_2,True,logistic_regression,dense_periodic,0.875,balanced_round_robin,1.0,2
0b586332512a360c4c46,unseen_link,distillation_depth_inference,distill_0,distill_1,False,logistic_regression,dense_periodic,0.99,balanced_round_robin,1.0,2
267c00110eb5d5476209,unseen_link,distillation_depth_inference,distill_1,distill_1,True,logistic_regression,dense_periodic,0.99,balanced_round_robin,1.0,2
1bb764fe8bac18d6446b,unseen_link,distillation_depth_inference,distill_2,distill_1,False,logistic_regression,dense_periodic,0.99,balanced_round_robin,1.0,2
01a15e2ff74a03cf7523,unseen_link,distillation_depth_inference,distill_0,distill_0,True,logistic_regression,sparse_periodic,0.55,balanced_round_robin,1.0,2
630aac66549c3c9fa668,unseen_link,distillation_depth_inference,distill_1,distill_1,True,logistic_regression,sparse_periodic,0.55,balanced_round_robin,1.0,2
3d4f1721cc81159336b4,unseen_link,distillation_depth_inference,distill_2,distill_2,True,logistic_regression,sparse_periodic,0.55,balanced_round_robin,1.0,2
c79085522f901dc1c271,unseen_link,distillation_depth_inference,distill_0,distill_0,True,logistic_regression,sparse_periodic,0.725,balanced_round_robin,1.0,2
5e68ad8307eac7b0d70f,unseen_link,distillation_depth_inference,distill_1,distill_1,True,logistic_regression,sparse_periodic,0.725,balanced_round_robin,1.0,2
4c8281c60c65a34d330b,unseen_link,distillation_depth_inference,distill_2,distill_2,True,logistic_regression,sparse_periodic,0.725,balanced_round_robin,1.0,2
022b19ebb5f9a68af82c,unseen_link,distillation_depth_inference,distill_0,distill_0,True,logistic_regression,sparse_periodic,0.875,balanced_round_robin,1.0,2
ab4ba8e163daad1de457,unseen_link,distillation_depth_inference,distill_1,distill_0,False,logistic_regression,sparse_periodic,0.875,balanced_round_robin,1.0,2
9a1819590ab77f7d3c90,unseen_link,distillation_depth_inference,distill_2,distill_1,False,logistic_regression,sparse_periodic,0.875,balanced_round_robin,1.0,2
0a24a1882a1bc98199f2,unseen_link,distillation_depth_inference,distill_0,distill_0,True,logistic_regression,sparse_periodic,0.99,balanced_round_robin,1.0,2
26f4948bd3e91a540305,unseen_link,distillation_depth_inference,distill_1,distill_0,False,logistic_regression,sparse_periodic,0.99,balanced_round_robin,1.0,2
610f3cc7fc35686c53ec,unseen_link,distillation_depth_inference,distill_2,distill_1,False,logistic_regression,sparse_periodic,0.99,balanced_round_robin,1.0,2
7d1216f750d9649b571d,unseen_link,distillation_depth_inference,distill_0,distill_1,False,logistic_regression,synchronization_bursty,0.55,balanced_round_robin,1.0,2
7461ca2c9dfc6c4a03d4,unseen_link,distillation_depth_inference,distill_1,distill_2,False,logistic_regression,synchronization_bursty,0.55,balanced_round_robin,1.0,2
5f41afdab1d8d317dc0e,unseen_link,distillation_depth_inference,distill_2,distill_1,False,logistic_regression,synchronization_bursty,0.55,balanced_round_robin,1.0,2
99e41e62e6080bba95c2,unseen_link,distillation_depth_inference,distill_0,distill_1,False,logistic_regression,synchronization_bursty,0.725,balanced_round_robin,1.0,2
11a087b13515af57a332,unseen_link,distillation_depth_inference,distill_1,distill_2,False,logistic_regression,synchronization_bursty,0.725,balanced_round_robin,1.0,2
0f3474d0b92d0d96c741,unseen_link,distillation_depth_inference,distill_2,distill_2,True,logistic_regression,synchronization_bursty,0.725,balanced_round_robin,1.0,2
ac61439c837988fe1dab,unseen_link,distillation_depth_inference,distill_0,distill_1,False,logistic_regression,synchronization_bursty,0.875,balanced_round_robin,1.0,2
318b750a8733800863eb,unseen_link,distillation_depth_inference,distill_1,distill_2,False,logistic_regression,synchronization_bursty,0.875,balanced_round_robin,1.0,2
62de10c2f0368621ce8e,unseen_link,distillation_depth_inference,distill_2,distill_2,True,logistic_regression,synchronization_bursty,0.875,balanced_round_robin,1.0,2
87017628aaa6396ee1d8,unseen_link,distillation_depth_inference,distill_0,distill_1,False,logistic_regression,synchronization_bursty,0.99,balanced_round_robin,1.0,2
951c8fb7f817e46eecf6,unseen_link,distillation_depth_inference,distill_1,distill_2,False,logistic_regression,synchronization_bursty,0.99,balanced_round_robin,1.0,2
dc3a43db183a65138905,unseen_link,distillation_depth_inference,distill_2,distill_2,True,logistic_regression,synchronization_bursty,0.99,balanced_round_robin,1.0,2
6650882a629a20038d48,unseen_link,protocol_inference,direct_transfer,on_demand_epr,False,hist_gradient_boosting,sparse_periodic,0.55,balanced_round_robin,1.0,2
847a4edb4d06820dc983,unseen_link,protocol_inference,on_demand_epr,on_demand_epr,True,hist_gradient_boosting,sparse_periodic,0.55,balanced_round_robin,1.0,2
a5ee9029010a6ae7b59e,unseen_link,protocol_inference,prefetched_epr,teledata,False,hist_gradient_boosting,sparse_periodic,0.55,balanced_round_robin,1.0,2
7de1e62b60f04292cc1f,unseen_link,protocol_inference,telegate,prefetched_epr,False,hist_gradient_boosting,sparse_periodic,0.55,balanced_round_robin,1.0,2
46c1270b6d96221eb1fd,unseen_link,protocol_inference,teledata,telegate,False,hist_gradient_boosting,sparse_periodic,0.55,balanced_round_robin,1.0,2
02fc7692f7ba3f0649cb,unseen_link,protocol_inference,direct_transfer,on_demand_epr,False,hist_gradient_boosting,sparse_periodic,0.725,balanced_round_robin,1.0,2
59fed479469219be4c8b,unseen_link,protocol_inference,on_demand_epr,on_demand_epr,True,hist_gradient_boosting,sparse_periodic,0.725,balanced_round_robin,1.0,2
10a25ca53cebf4023db8,unseen_link,protocol_inference,prefetched_epr,prefetched_epr,True,hist_gradient_boosting,sparse_periodic,0.725,balanced_round_robin,1.0,2
ad6620b508908fe18b07,unseen_link,protocol_inference,telegate,prefetched_epr,False,hist_gradient_boosting,sparse_periodic,0.725,balanced_round_robin,1.0,2
e98dd8fbb07e7d7cf8d0,unseen_link,protocol_inference,teledata,teledata,True,hist_gradient_boosting,sparse_periodic,0.725,balanced_round_robin,1.0,2
933cf45154e6cab68ae0,unseen_link,protocol_inference,direct_transfer,on_demand_epr,False,hist_gradient_boosting,sparse_periodic,0.875,balanced_round_robin,1.0,2
d2c20849d82e53ed4e4f,unseen_link,protocol_inference,on_demand_epr,on_demand_epr,True,hist_gradient_boosting,sparse_periodic,0.875,balanced_round_robin,1.0,2
e3b7e322901c69e239aa,unseen_link,protocol_inference,prefetched_epr,teledata,False,hist_gradient_boosting,sparse_periodic,0.875,balanced_round_robin,1.0,2
7e7560f90bebe1b14092,unseen_link,protocol_inference,telegate,telegate,True,hist_gradient_boosting,sparse_periodic,0.875,balanced_round_robin,1.0,2
9a6f8574f18324ed35de,unseen_link,protocol_inference,teledata,prefetched_epr,False,hist_gradient_boosting,sparse_periodic,0.875,balanced_round_robin,1.0,2
042c9c90ab67ebe79789,unseen_link,protocol_inference,direct_transfer,on_demand_epr,False,hist_gradient_boosting,sparse_periodic,0.99,balanced_round_robin,1.0,2
8a309a35df7ef808a411,unseen_link,protocol_inference,on_demand_epr,on_demand_epr,True,hist_gradient_boosting,sparse_periodic,0.99,balanced_round_robin,1.0,2
9229d43c62fd34416283,unseen_link,protocol_inference,prefetched_epr,telegate,False,hist_gradient_boosting,sparse_periodic,0.99,balanced_round_robin,1.0,2
ca4b032051211c979a8a,unseen_link,protocol_inference,telegate,telegate,True,hist_gradient_boosting,sparse_periodic,0.99,balanced_round_robin,1.0,2
4a0bf7c9096d3365026d,unseen_link,protocol_inference,teledata,telegate,False,hist_gradient_boosting,sparse_periodic,0.99,balanced_round_robin,1.0,2
f76994806ec10b68afbc,unseen_link,protocol_inference,direct_transfer,direct_transfer,True,hist_gradient_boosting,dense_periodic,0.55,balanced_round_robin,1.0,2
e082c8f10d5d4b62a85b,unseen_link,protocol_inference,on_demand_epr,on_demand_epr,True,hist_gradient_boosting,dense_periodic,0.55,balanced_round_robin,1.0,2
e8d8e436894a8b3e9817,unseen_link,protocol_inference,prefetched_epr,prefetched_epr,True,hist_gradient_boosting,dense_periodic,0.55,balanced_round_robin,1.0,2
ac749d4c09e963d6ab0d,unseen_link,protocol_inference,telegate,prefetched_epr,False,hist_gradient_boosting,dense_periodic,0.55,balanced_round_robin,1.0,2
c1679308133514bf1d8c,unseen_link,protocol_inference,teledata,prefetched_epr,False,hist_gradient_boosting,dense_periodic,0.55,balanced_round_robin,1.0,2
d9daf6c80d5c84551d79,unseen_link,protocol_inference,direct_transfer,direct_transfer,True,hist_gradient_boosting,dense_periodic,0.725,balanced_round_robin,1.0,2
18768d6abe2f56ab647a,unseen_link,protocol_inference,on_demand_epr,on_demand_epr,True,hist_gradient_boosting,dense_periodic,0.725,balanced_round_robin,1.0,2
865f6c855ece07d17d3b,unseen_link,protocol_inference,prefetched_epr,telegate,False,hist_gradient_boosting,dense_periodic,0.725,balanced_round_robin,1.0,2
6de8a73d08fc4d80d3b1,unseen_link,protocol_inference,telegate,prefetched_epr,False,hist_gradient_boosting,dense_periodic,0.725,balanced_round_robin,1.0,2
d26dc522fc450b801b4e,unseen_link,protocol_inference,teledata,prefetched_epr,False,hist_gradient_boosting,dense_periodic,0.725,balanced_round_robin,1.0,2
08e9a7c7573c35b6a0bb,unseen_link,protocol_inference,direct_transfer,direct_transfer,True,hist_gradient_boosting,dense_periodic,0.875,balanced_round_robin,1.0,2
4b809e70050c7ef990c6,unseen_link,protocol_inference,on_demand_epr,on_demand_epr,True,hist_gradient_boosting,dense_periodic,0.875,balanced_round_robin,1.0,2
d11ec590e4e39e677ac3,unseen_link,protocol_inference,prefetched_epr,prefetched_epr,True,hist_gradient_boosting,dense_periodic,0.875,balanced_round_robin,1.0,2
ef4d149181eb598832dc,unseen_link,protocol_inference,telegate,teledata,False,hist_gradient_boosting,dense_periodic,0.875,balanced_round_robin,1.0,2
fbc6bddd9c3d9ebc9b03,unseen_link,protocol_inference,teledata,telegate,False,hist_gradient_boosting,dense_periodic,0.875,balanced_round_robin,1.0,2
86f02dcc33d252a8d853,unseen_link,protocol_inference,direct_transfer,direct_transfer,True,hist_gradient_boosting,dense_periodic,0.99,balanced_round_robin,1.0,2
b17057d554b2e308d684,unseen_link,protocol_inference,on_demand_epr,on_demand_epr,True,hist_gradient_boosting,dense_periodic,0.99,balanced_round_robin,1.0,2
b9fb926277aaa2170639,unseen_link,protocol_inference,prefetched_epr,telegate,False,hist_gradient_boosting,dense_periodic,0.99,balanced_round_robin,1.0,2
f0070fbc77856aad55f2,unseen_link,protocol_inference,telegate,telegate,True,hist_gradient_boosting,dense_periodic,0.99,balanced_round_robin,1.0,2
273f89a4ad6ec0ce5de8,unseen_link,protocol_inference,teledata,telegate,False,hist_gradient_boosting,dense_periodic,0.99,balanced_round_robin,1.0,2
3a1461a995e09d6a5500,unseen_link,protocol_inference,direct_transfer,on_demand_epr,False,hist_gradient_boosting,synchronization_bursty,0.55,balanced_round_robin,1.0,2
ac1975379bde7a125161,unseen_link,protocol_inference,on_demand_epr,on_demand_epr,True,hist_gradient_boosting,synchronization_bursty,0.55,balanced_round_robin,1.0,2
4db9f39408e8ae431f53,unseen_link,protocol_inference,prefetched_epr,teledata,False,hist_gradient_boosting,synchronization_bursty,0.55,balanced_round_robin,1.0,2
3b8e97b3997455067e70,unseen_link,protocol_inference,telegate,teledata,False,hist_gradient_boosting,synchronization_bursty,0.55,balanced_round_robin,1.0,2
f28a166207a1b9c0439c,unseen_link,protocol_inference,teledata,prefetched_epr,False,hist_gradient_boosting,synchronization_bursty,0.55,balanced_round_robin,1.0,2
d19c03c30354f47aab15,unseen_link,protocol_inference,direct_transfer,on_demand_epr,False,hist_gradient_boosting,synchronization_bursty,0.725,balanced_round_robin,1.0,2
f982ade8ac1e537911d3,unseen_link,protocol_inference,on_demand_epr,on_demand_epr,True,hist_gradient_boosting,synchronization_bursty,0.725,balanced_round_robin,1.0,2
fdc1f2c5c23c15761a3e,unseen_link,protocol_inference,prefetched_epr,on_demand_epr,False,hist_gradient_boosting,synchronization_bursty,0.725,balanced_round_robin,1.0,2
0ddfd2f7068a28fa73a4,unseen_link,protocol_inference,telegate,teledata,False,hist_gradient_boosting,synchronization_bursty,0.725,balanced_round_robin,1.0,2
7d041349f1d816495396,unseen_link,protocol_inference,teledata,teledata,True,hist_gradient_boosting,synchronization_bursty,0.725,balanced_round_robin,1.0,2
044c7db78ead530b317c,unseen_link,protocol_inference,direct_transfer,on_demand_epr,False,hist_gradient_boosting,synchronization_bursty,0.875,balanced_round_robin,1.0,2
86b64fd05ef1e188bc62,unseen_link,protocol_inference,on_demand_epr,on_demand_epr,True,hist_gradient_boosting,synchronization_bursty,0.875,balanced_round_robin,1.0,2
d0bd18a822b87a161217,unseen_link,protocol_inference,prefetched_epr,teledata,False,hist_gradient_boosting,synchronization_bursty,0.875,balanced_round_robin,1.0,2
d8b06cfa2293648c34c3,unseen_link,protocol_inference,telegate,on_demand_epr,False,hist_gradient_boosting,synchronization_bursty,0.875,balanced_round_robin,1.0,2
86e0e7e2453b86e467f3,unseen_link,protocol_inference,teledata,prefetched_epr,False,hist_gradient_boosting,synchronization_bursty,0.875,balanced_round_robin,1.0,2
49e278f477707a7b0e0a,unseen_link,protocol_inference,direct_transfer,on_demand_epr,False,hist_gradient_boosting,synchronization_bursty,0.99,balanced_round_robin,1.0,2
f0599f518f3b5253979d,unseen_link,protocol_inference,on_demand_epr,on_demand_epr,True,hist_gradient_boosting,synchronization_bursty,0.99,balanced_round_robin,1.0,2
ad23700b4d2c93ddf999,unseen_link,protocol_inference,prefetched_epr,on_demand_epr,False,hist_gradient_boosting,synchronization_bursty,0.99,balanced_round_robin,1.0,2
29ed9a7ccc2b28192732,unseen_link,protocol_inference,telegate,on_demand_epr,False,hist_gradient_boosting,synchronization_bursty,0.99,balanced_round_robin,1.0,2
9587803a07b38fe0aa10,unseen_link,protocol_inference,teledata,on_demand_epr,False,hist_gradient_boosting,synchronization_bursty,0.99,balanced_round_robin,1.0,2
9a81aa289e48ce0f926b,unseen_link,protocol_inference,direct_transfer,direct_transfer,True,hist_gradient_boosting,dense_periodic,0.55,balanced_round_robin,1.0,2
00a4554e70689589bbbd,unseen_link,protocol_inference,on_demand_epr,on_demand_epr,True,hist_gradient_boosting,dense_periodic,0.55,balanced_round_robin,1.0,2
7e7d9b945bf6041aca27,unseen_link,protocol_inference,prefetched_epr,prefetched_epr,True,hist_gradient_boosting,dense_periodic,0.55,balanced_round_robin,1.0,2
d95e6a7627d80ddd970a,unseen_link,protocol_inference,telegate,prefetched_epr,False,hist_gradient_boosting,dense_periodic,0.55,balanced_round_robin,1.0,2
5591151ead42f26c99c7,unseen_link,protocol_inference,teledata,prefetched_epr,False,hist_gradient_boosting,dense_periodic,0.55,balanced_round_robin,1.0,2
ca92c7aabdf0ed53dd8d,unseen_link,protocol_inference,direct_transfer,direct_transfer,True,hist_gradient_boosting,dense_periodic,0.725,balanced_round_robin,1.0,2
e6ba7c494319e5fc309e,unseen_link,protocol_inference,on_demand_epr,on_demand_epr,True,hist_gradient_boosting,dense_periodic,0.725,balanced_round_robin,1.0,2
a68223802d831bbb73bb,unseen_link,protocol_inference,prefetched_epr,telegate,False,hist_gradient_boosting,dense_periodic,0.725,balanced_round_robin,1.0,2
6b340d9360067c23a659,unseen_link,protocol_inference,telegate,teledata,False,hist_gradient_boosting,dense_periodic,0.725,balanced_round_robin,1.0,2
cebf8d753afacbeeca01,unseen_link,protocol_inference,teledata,telegate,False,hist_gradient_boosting,dense_periodic,0.725,balanced_round_robin,1.0,2
18ff2638e42104097c1d,unseen_link,protocol_inference,direct_transfer,direct_transfer,True,hist_gradient_boosting,dense_periodic,0.875,balanced_round_robin,1.0,2
c91fa4fed2f02285be12,unseen_link,protocol_inference,on_demand_epr,on_demand_epr,True,hist_gradient_boosting,dense_periodic,0.875,balanced_round_robin,1.0,2
532bbf8e232a36057f02,unseen_link,protocol_inference,prefetched_epr,teledata,False,hist_gradient_boosting,dense_periodic,0.875,balanced_round_robin,1.0,2
05dc94a6ca661e1a4144,unseen_link,protocol_inference,telegate,prefetched_epr,False,hist_gradient_boosting,dense_periodic,0.875,balanced_round_robin,1.0,2
900170b41d682e4a8557,unseen_link,protocol_inference,teledata,teledata,True,hist_gradient_boosting,dense_periodic,0.875,balanced_round_robin,1.0,2
cb1f01f1dd526d1de5fc,unseen_link,protocol_inference,direct_transfer,direct_transfer,True,hist_gradient_boosting,dense_periodic,0.99,balanced_round_robin,1.0,2
96150d2e741930c9603e,unseen_link,protocol_inference,on_demand_epr,on_demand_epr,True,hist_gradient_boosting,dense_periodic,0.99,balanced_round_robin,1.0,2
8dee102170458a7ea5a3,unseen_link,protocol_inference,prefetched_epr,teledata,False,hist_gradient_boosting,dense_periodic,0.99,balanced_round_robin,1.0,2
827a0e12298d73e671ea,unseen_link,protocol_inference,telegate,teledata,False,hist_gradient_boosting,dense_periodic,0.99,balanced_round_robin,1.0,2
9ceccf05292fad56bccb,unseen_link,protocol_inference,teledata,teledata,True,hist_gradient_boosting,dense_periodic,0.99,balanced_round_robin,1.0,2
7697355f311a83e4948e,unseen_link,protocol_inference,direct_transfer,on_demand_epr,False,hist_gradient_boosting,sparse_periodic,0.55,balanced_round_robin,1.0,2
7a6a5e213af056261968,unseen_link,protocol_inference,on_demand_epr,on_demand_epr,True,hist_gradient_boosting,sparse_periodic,0.55,balanced_round_robin,1.0,2
bbe5510c16b42d927006,unseen_link,protocol_inference,prefetched_epr,prefetched_epr,True,hist_gradient_boosting,sparse_periodic,0.55,balanced_round_robin,1.0,2
c0b506c8e99325b8196a,unseen_link,protocol_inference,telegate,teledata,False,hist_gradient_boosting,sparse_periodic,0.55,balanced_round_robin,1.0,2
9c406650f781b09db448,unseen_link,protocol_inference,teledata,telegate,False,hist_gradient_boosting,sparse_periodic,0.55,balanced_round_robin,1.0,2
3e6fabcb003b928f2e4c,unseen_link,protocol_inference,direct_transfer,on_demand_epr,False,hist_gradient_boosting,sparse_periodic,0.725,balanced_round_robin,1.0,2
2c43c2e9e2283dc8859f,unseen_link,protocol_inference,on_demand_epr,on_demand_epr,True,hist_gradient_boosting,sparse_periodic,0.725,balanced_round_robin,1.0,2
e59e20ef1fc14ace4d1d,unseen_link,protocol_inference,prefetched_epr,prefetched_epr,True,hist_gradient_boosting,sparse_periodic,0.725,balanced_round_robin,1.0,2
c4d23543fae25b3d3fd6,unseen_link,protocol_inference,telegate,prefetched_epr,False,hist_gradient_boosting,sparse_periodic,0.725,balanced_round_robin,1.0,2
fa6cbc9b2a1b568724e5,unseen_link,protocol_inference,teledata,teledata,True,hist_gradient_boosting,sparse_periodic,0.725,balanced_round_robin,1.0,2
d39fbfcc2565d1ea3583,unseen_link,protocol_inference,direct_transfer,on_demand_epr,False,hist_gradient_boosting,sparse_periodic,0.875,balanced_round_robin,1.0,2
340ee295df44d98ad06d,unseen_link,protocol_inference,on_demand_epr,on_demand_epr,True,hist_gradient_boosting,sparse_periodic,0.875,balanced_round_robin,1.0,2
217e365cd65db70af6fc,unseen_link,protocol_inference,prefetched_epr,telegate,False,hist_gradient_boosting,sparse_periodic,0.875,balanced_round_robin,1.0,2
5eacb0b627b96ad766c9,unseen_link,protocol_inference,telegate,prefetched_epr,False,hist_gradient_boosting,sparse_periodic,0.875,balanced_round_robin,1.0,2
7c50184a9e342e96723f,unseen_link,protocol_inference,teledata,prefetched_epr,False,hist_gradient_boosting,sparse_periodic,0.875,balanced_round_robin,1.0,2
a65664e7d90723c8a98b,unseen_link,protocol_inference,direct_transfer,on_demand_epr,False,hist_gradient_boosting,sparse_periodic,0.99,balanced_round_robin,1.0,2
8f91f30f89f7d663891b,unseen_link,protocol_inference,on_demand_epr,on_demand_epr,True,hist_gradient_boosting,sparse_periodic,0.99,balanced_round_robin,1.0,2
931b69876ef99893aa48,unseen_link,protocol_inference,prefetched_epr,telegate,False,hist_gradient_boosting,sparse_periodic,0.99,balanced_round_robin,1.0,2
6c9c86cbe5b616f45888,unseen_link,protocol_inference,telegate,telegate,True,hist_gradient_boosting,sparse_periodic,0.99,balanced_round_robin,1.0,2
59084a4492406c801ef0,unseen_link,protocol_inference,teledata,telegate,False,hist_gradient_boosting,sparse_periodic,0.99,balanced_round_robin,1.0,2
988617921d3b96c16ec7,unseen_link,protocol_inference,direct_transfer,prefetched_epr,False,hist_gradient_boosting,synchronization_bursty,0.55,balanced_round_robin,1.0,2
40e026d8a8b73af2be6e,unseen_link,protocol_inference,on_demand_epr,teledata,False,hist_gradient_boosting,synchronization_bursty,0.55,balanced_round_robin,1.0,2
9b9f27a9223443c860b7,unseen_link,protocol_inference,prefetched_epr,teledata,False,hist_gradient_boosting,synchronization_bursty,0.55,balanced_round_robin,1.0,2
e9c761776e8d02d89261,unseen_link,protocol_inference,telegate,teledata,False,hist_gradient_boosting,synchronization_bursty,0.55,balanced_round_robin,1.0,2
6e7b991b9acca1bd9410,unseen_link,protocol_inference,teledata,on_demand_epr,False,hist_gradient_boosting,synchronization_bursty,0.55,balanced_round_robin,1.0,2
4d91f26abe07db8eba24,unseen_link,protocol_inference,direct_transfer,prefetched_epr,False,hist_gradient_boosting,synchronization_bursty,0.725,balanced_round_robin,1.0,2
0af9fe77a6258ca9e525,unseen_link,protocol_inference,on_demand_epr,prefetched_epr,False,hist_gradient_boosting,synchronization_bursty,0.725,balanced_round_robin,1.0,2
e65464956db0b530888f,unseen_link,protocol_inference,prefetched_epr,prefetched_epr,True,hist_gradient_boosting,synchronization_bursty,0.725,balanced_round_robin,1.0,2
0c8be05c78be86abcf51,unseen_link,protocol_inference,telegate,prefetched_epr,False,hist_gradient_boosting,synchronization_bursty,0.725,balanced_round_robin,1.0,2
3f255b70887dbadd88bf,unseen_link,protocol_inference,teledata,teledata,True,hist_gradient_boosting,synchronization_bursty,0.725,balanced_round_robin,1.0,2
3b6f11b52e8fe2e9a208,unseen_link,protocol_inference,direct_transfer,prefetched_epr,False,hist_gradient_boosting,synchronization_bursty,0.875,balanced_round_robin,1.0,2
f1a06909c9ea27564503,unseen_link,protocol_inference,on_demand_epr,on_demand_epr,True,hist_gradient_boosting,synchronization_bursty,0.875,balanced_round_robin,1.0,2
bdcdc981ca61fa8999ca,unseen_link,protocol_inference,prefetched_epr,on_demand_epr,False,hist_gradient_boosting,synchronization_bursty,0.875,balanced_round_robin,1.0,2
0866692a2d3237b15329,unseen_link,protocol_inference,telegate,on_demand_epr,False,hist_gradient_boosting,synchronization_bursty,0.875,balanced_round_robin,1.0,2
6dc562f67019990b5cd8,unseen_link,protocol_inference,teledata,on_demand_epr,False,hist_gradient_boosting,synchronization_bursty,0.875,balanced_round_robin,1.0,2
bfc8a2d437ccd17abec3,unseen_link,protocol_inference,direct_transfer,prefetched_epr,False,hist_gradient_boosting,synchronization_bursty,0.99,balanced_round_robin,1.0,2
78af8e386d5b58df07c0,unseen_link,protocol_inference,on_demand_epr,on_demand_epr,True,hist_gradient_boosting,synchronization_bursty,0.99,balanced_round_robin,1.0,2
f608ec8a25cf37b48de2,unseen_link,protocol_inference,prefetched_epr,on_demand_epr,False,hist_gradient_boosting,synchronization_bursty,0.99,balanced_round_robin,1.0,2
5280b5288e2286e6d130,unseen_link,protocol_inference,telegate,on_demand_epr,False,hist_gradient_boosting,synchronization_bursty,0.99,balanced_round_robin,1.0,2
89d9522f3e2949ea4ea4,unseen_link,protocol_inference,teledata,on_demand_epr,False,hist_gradient_boosting,synchronization_bursty,0.99,balanced_round_robin,1.0,2
d3cb1be532622246e485,unseen_link,protocol_label_only_control,direct_transfer,prefetched_epr,False,random_forest,sparse_periodic,0.55,balanced_round_robin,1.0,2
31731a33a0de18530dd9,unseen_link,protocol_label_only_control,on_demand_epr,prefetched_epr,False,random_forest,sparse_periodic,0.55,balanced_round_robin,1.0,2
602b85dfa1d00c8e67dd,unseen_link,protocol_label_only_control,prefetched_epr,prefetched_epr,True,random_forest,sparse_periodic,0.55,balanced_round_robin,1.0,2
b2a13e00d64d55cee551,unseen_link,protocol_label_only_control,telegate,prefetched_epr,False,random_forest,sparse_periodic,0.55,balanced_round_robin,1.0,2
aea72dec35f2492d298c,unseen_link,protocol_label_only_control,teledata,prefetched_epr,False,random_forest,sparse_periodic,0.55,balanced_round_robin,1.0,2
6eac7d13170fd1081eb3,unseen_link,protocol_label_only_control,direct_transfer,prefetched_epr,False,random_forest,sparse_periodic,0.725,balanced_round_robin,1.0,2
c9699ee5782e0c023b26,unseen_link,protocol_label_only_control,on_demand_epr,prefetched_epr,False,random_forest,sparse_periodic,0.725,balanced_round_robin,1.0,2
d24db1421bd4d2934ea3,unseen_link,protocol_label_only_control,prefetched_epr,prefetched_epr,True,random_forest,sparse_periodic,0.725,balanced_round_robin,1.0,2
3fc57759d5d5c02aeb0e,unseen_link,protocol_label_only_control,telegate,prefetched_epr,False,random_forest,sparse_periodic,0.725,balanced_round_robin,1.0,2
508c2a9776d817851627,unseen_link,protocol_label_only_control,teledata,prefetched_epr,False,random_forest,sparse_periodic,0.725,balanced_round_robin,1.0,2
e582ad46592cc68a701e,unseen_link,protocol_label_only_control,direct_transfer,direct_transfer,True,random_forest,sparse_periodic,0.875,balanced_round_robin,1.0,2
9fd7689fd42c4d0481e9,unseen_link,protocol_label_only_control,on_demand_epr,direct_transfer,False,random_forest,sparse_periodic,0.875,balanced_round_robin,1.0,2
7aca24de150fd58d7e7f,unseen_link,protocol_label_only_control,prefetched_epr,direct_transfer,False,random_forest,sparse_periodic,0.875,balanced_round_robin,1.0,2
22ff6e4d600817b7a219,unseen_link,protocol_label_only_control,telegate,direct_transfer,False,random_forest,sparse_periodic,0.875,balanced_round_robin,1.0,2
6fbd9aa0112a866593ed,unseen_link,protocol_label_only_control,teledata,direct_transfer,False,random_forest,sparse_periodic,0.875,balanced_round_robin,1.0,2
d70c752a27b57ec75db6,unseen_link,protocol_label_only_control,direct_transfer,direct_transfer,True,random_forest,sparse_periodic,0.99,balanced_round_robin,1.0,2
e85bb91ff07dfc9601d4,unseen_link,protocol_label_only_control,on_demand_epr,direct_transfer,False,random_forest,sparse_periodic,0.99,balanced_round_robin,1.0,2
8a04c7bb93fa4c56715b,unseen_link,protocol_label_only_control,prefetched_epr,direct_transfer,False,random_forest,sparse_periodic,0.99,balanced_round_robin,1.0,2
64391bb6fd964c47afbb,unseen_link,protocol_label_only_control,telegate,direct_transfer,False,random_forest,sparse_periodic,0.99,balanced_round_robin,1.0,2
7c5129cb1e518035272e,unseen_link,protocol_label_only_control,teledata,direct_transfer,False,random_forest,sparse_periodic,0.99,balanced_round_robin,1.0,2
7eee542d2baa1a191a67,unseen_link,protocol_label_only_control,direct_transfer,direct_transfer,True,random_forest,dense_periodic,0.55,balanced_round_robin,1.0,2
8c28773af130332a9ce0,unseen_link,protocol_label_only_control,on_demand_epr,direct_transfer,False,random_forest,dense_periodic,0.55,balanced_round_robin,1.0,2
938fb5f3051bc5b9f1fe,unseen_link,protocol_label_only_control,prefetched_epr,direct_transfer,False,random_forest,dense_periodic,0.55,balanced_round_robin,1.0,2
d359b6142acbb0123efe,unseen_link,protocol_label_only_control,telegate,direct_transfer,False,random_forest,dense_periodic,0.55,balanced_round_robin,1.0,2
78b2015248f5a05a0601,unseen_link,protocol_label_only_control,teledata,direct_transfer,False,random_forest,dense_periodic,0.55,balanced_round_robin,1.0,2
cef80d5fea601b401f2d,unseen_link,protocol_label_only_control,direct_transfer,telegate,False,random_forest,dense_periodic,0.725,balanced_round_robin,1.0,2
a90500a3fcfaadde7186,unseen_link,protocol_label_only_control,on_demand_epr,telegate,False,random_forest,dense_periodic,0.725,balanced_round_robin,1.0,2
54b7bc907fbbf4b362ec,unseen_link,protocol_label_only_control,prefetched_epr,telegate,False,random_forest,dense_periodic,0.725,balanced_round_robin,1.0,2
8a068d4cd17816122fc1,unseen_link,protocol_label_only_control,telegate,telegate,True,random_forest,dense_periodic,0.725,balanced_round_robin,1.0,2
577b678472825b2700e6,unseen_link,protocol_label_only_control,teledata,telegate,False,random_forest,dense_periodic,0.725,balanced_round_robin,1.0,2
7ac9f17988bd1fe5d528,unseen_link,protocol_label_only_control,direct_transfer,teledata,False,random_forest,dense_periodic,0.875,balanced_round_robin,1.0,2
a6fd2b9202607c66f14b,unseen_link,protocol_label_only_control,on_demand_epr,teledata,False,random_forest,dense_periodic,0.875,balanced_round_robin,1.0,2
9238f049649aa622aa6d,unseen_link,protocol_label_only_control,prefetched_epr,teledata,False,random_forest,dense_periodic,0.875,balanced_round_robin,1.0,2
9757f2704d7136ff0ba7,unseen_link,protocol_label_only_control,telegate,teledata,False,random_forest,dense_periodic,0.875,balanced_round_robin,1.0,2
cc23e4d04c65ef7ca52b,unseen_link,protocol_label_only_control,teledata,teledata,True,random_forest,dense_periodic,0.875,balanced_round_robin,1.0,2
f5fb10a81c373b9cc337,unseen_link,protocol_label_only_control,direct_transfer,telegate,False,random_forest,dense_periodic,0.99,balanced_round_robin,1.0,2
e826849740410c4a75ce,unseen_link,protocol_label_only_control,on_demand_epr,telegate,False,random_forest,dense_periodic,0.99,balanced_round_robin,1.0,2
651e05b02b75a105edc5,unseen_link,protocol_label_only_control,prefetched_epr,telegate,False,random_forest,dense_periodic,0.99,balanced_round_robin,1.0,2
ee3ff86f8400489d5714,unseen_link,protocol_label_only_control,telegate,telegate,True,random_forest,dense_periodic,0.99,balanced_round_robin,1.0,2
ab4c1f1d3d420ee11e6f,unseen_link,protocol_label_only_control,teledata,telegate,False,random_forest,dense_periodic,0.99,balanced_round_robin,1.0,2
06898db38e1b3b8daa2b,unseen_link,protocol_label_only_control,direct_transfer,on_demand_epr,False,random_forest,synchronization_bursty,0.55,balanced_round_robin,1.0,2
882a21937d4967e3fc95,unseen_link,protocol_label_only_control,on_demand_epr,on_demand_epr,True,random_forest,synchronization_bursty,0.55,balanced_round_robin,1.0,2
056e155a06a2cb9f9fac,unseen_link,protocol_label_only_control,prefetched_epr,on_demand_epr,False,random_forest,synchronization_bursty,0.55,balanced_round_robin,1.0,2
990041ae6c5ecc35811f,unseen_link,protocol_label_only_control,telegate,on_demand_epr,False,random_forest,synchronization_bursty,0.55,balanced_round_robin,1.0,2
4f96a031cfa8a1d24028,unseen_link,protocol_label_only_control,teledata,on_demand_epr,False,random_forest,synchronization_bursty,0.55,balanced_round_robin,1.0,2
188336d99a7e4d06bb84,unseen_link,protocol_label_only_control,direct_transfer,telegate,False,random_forest,synchronization_bursty,0.725,balanced_round_robin,1.0,2
83e80727fb8489cbbde9,unseen_link,protocol_label_only_control,on_demand_epr,telegate,False,random_forest,synchronization_bursty,0.725,balanced_round_robin,1.0,2
3b595fb8dfaafb082b4a,unseen_link,protocol_label_only_control,prefetched_epr,telegate,False,random_forest,synchronization_bursty,0.725,balanced_round_robin,1.0,2
d9b5c3f0e75b9cdde923,unseen_link,protocol_label_only_control,telegate,telegate,True,random_forest,synchronization_bursty,0.725,balanced_round_robin,1.0,2
6b094e968023c8fdbdae,unseen_link,protocol_label_only_control,teledata,telegate,False,random_forest,synchronization_bursty,0.725,balanced_round_robin,1.0,2
5338ec26c647e3bb964b,unseen_link,protocol_label_only_control,direct_transfer,on_demand_epr,False,random_forest,synchronization_bursty,0.875,balanced_round_robin,1.0,2
8981c92480db7c311bc0,unseen_link,protocol_label_only_control,on_demand_epr,on_demand_epr,True,random_forest,synchronization_bursty,0.875,balanced_round_robin,1.0,2
b2657c49833d1a0c95d1,unseen_link,protocol_label_only_control,prefetched_epr,on_demand_epr,False,random_forest,synchronization_bursty,0.875,balanced_round_robin,1.0,2
e3dacbce68f5adc3ea65,unseen_link,protocol_label_only_control,telegate,on_demand_epr,False,random_forest,synchronization_bursty,0.875,balanced_round_robin,1.0,2
af7969b38358f08fa65e,unseen_link,protocol_label_only_control,teledata,on_demand_epr,False,random_forest,synchronization_bursty,0.875,balanced_round_robin,1.0,2
3b2209cdd616f29c445e,unseen_link,protocol_label_only_control,direct_transfer,on_demand_epr,False,random_forest,synchronization_bursty,0.99,balanced_round_robin,1.0,2
91a3e7cbc64dbd7c858f,unseen_link,protocol_label_only_control,on_demand_epr,on_demand_epr,True,random_forest,synchronization_bursty,0.99,balanced_round_robin,1.0,2
66a45844750960b02584,unseen_link,protocol_label_only_control,prefetched_epr,on_demand_epr,False,random_forest,synchronization_bursty,0.99,balanced_round_robin,1.0,2
a759df6342c0a3b02d0f,unseen_link,protocol_label_only_control,telegate,on_demand_epr,False,random_forest,synchronization_bursty,0.99,balanced_round_robin,1.0,2
ac205663445baea732ba,unseen_link,protocol_label_only_control,teledata,on_demand_epr,False,random_forest,synchronization_bursty,0.99,balanced_round_robin,1.0,2
84be0959a61f32fc48c5,unseen_link,protocol_label_only_control,direct_transfer,telegate,False,random_forest,dense_periodic,0.55,balanced_round_robin,1.0,2
4276ce140a87d3d3b847,unseen_link,protocol_label_only_control,on_demand_epr,telegate,False,random_forest,dense_periodic,0.55,balanced_round_robin,1.0,2
3d486570180999430c24,unseen_link,protocol_label_only_control,prefetched_epr,telegate,False,random_forest,dense_periodic,0.55,balanced_round_robin,1.0,2
653c9f6d03d91a2bc99d,unseen_link,protocol_label_only_control,telegate,telegate,True,random_forest,dense_periodic,0.55,balanced_round_robin,1.0,2
37330c77ff7cf5d023e4,unseen_link,protocol_label_only_control,teledata,telegate,False,random_forest,dense_periodic,0.55,balanced_round_robin,1.0,2
165a01e8092dfc65ae8d,unseen_link,protocol_label_only_control,direct_transfer,telegate,False,random_forest,dense_periodic,0.725,balanced_round_robin,1.0,2
473ea072e94c59aecbe6,unseen_link,protocol_label_only_control,on_demand_epr,telegate,False,random_forest,dense_periodic,0.725,balanced_round_robin,1.0,2
28b4e7782599ecbac81b,unseen_link,protocol_label_only_control,prefetched_epr,telegate,False,random_forest,dense_periodic,0.725,balanced_round_robin,1.0,2
d91e920f3ba944af1a70,unseen_link,protocol_label_only_control,telegate,telegate,True,random_forest,dense_periodic,0.725,balanced_round_robin,1.0,2
6fe3007b40c9f8223fc6,unseen_link,protocol_label_only_control,teledata,telegate,False,random_forest,dense_periodic,0.725,balanced_round_robin,1.0,2
5fb19e1e29e27693a10a,unseen_link,protocol_label_only_control,direct_transfer,teledata,False,random_forest,dense_periodic,0.875,balanced_round_robin,1.0,2
57d3d7047d39fc556be1,unseen_link,protocol_label_only_control,on_demand_epr,teledata,False,random_forest,dense_periodic,0.875,balanced_round_robin,1.0,2
935f32dcdd8fe78ddb20,unseen_link,protocol_label_only_control,prefetched_epr,teledata,False,random_forest,dense_periodic,0.875,balanced_round_robin,1.0,2
90ae770fd6e919d4d09f,unseen_link,protocol_label_only_control,telegate,teledata,False,random_forest,dense_periodic,0.875,balanced_round_robin,1.0,2
2b3c0e02680b5422ff2f,unseen_link,protocol_label_only_control,teledata,teledata,True,random_forest,dense_periodic,0.875,balanced_round_robin,1.0,2
b8f972c9298052307db5,unseen_link,protocol_label_only_control,direct_transfer,prefetched_epr,False,random_forest,dense_periodic,0.99,balanced_round_robin,1.0,2
da8569f98db2f789afcb,unseen_link,protocol_label_only_control,on_demand_epr,prefetched_epr,False,random_forest,dense_periodic,0.99,balanced_round_robin,1.0,2
eba41c8189a28fd99cb4,unseen_link,protocol_label_only_control,prefetched_epr,prefetched_epr,True,random_forest,dense_periodic,0.99,balanced_round_robin,1.0,2
e9ad4f352f8a38c7741e,unseen_link,protocol_label_only_control,telegate,prefetched_epr,False,random_forest,dense_periodic,0.99,balanced_round_robin,1.0,2
bece9e590d1225e03443,unseen_link,protocol_label_only_control,teledata,prefetched_epr,False,random_forest,dense_periodic,0.99,balanced_round_robin,1.0,2
14802f02fbd609e7f1bc,unseen_link,protocol_label_only_control,direct_transfer,teledata,False,random_forest,sparse_periodic,0.55,balanced_round_robin,1.0,2
e429deef047a82b4b313,unseen_link,protocol_label_only_control,on_demand_epr,teledata,False,random_forest,sparse_periodic,0.55,balanced_round_robin,1.0,2
524aee64bcd4a2647146,unseen_link,protocol_label_only_control,prefetched_epr,teledata,False,random_forest,sparse_periodic,0.55,balanced_round_robin,1.0,2
7d2eedb5de9d132464bb,unseen_link,protocol_label_only_control,telegate,teledata,False,random_forest,sparse_periodic,0.55,balanced_round_robin,1.0,2
18a427b2ae8cbd247cba,unseen_link,protocol_label_only_control,teledata,teledata,True,random_forest,sparse_periodic,0.55,balanced_round_robin,1.0,2
8e22deb1d14ac6d85fb5,unseen_link,protocol_label_only_control,direct_transfer,direct_transfer,True,random_forest,sparse_periodic,0.725,balanced_round_robin,1.0,2
eb84e4af73a8bd10c5ff,unseen_link,protocol_label_only_control,on_demand_epr,direct_transfer,False,random_forest,sparse_periodic,0.725,balanced_round_robin,1.0,2
ae6c6ab1fb61d3eb8a85,unseen_link,protocol_label_only_control,prefetched_epr,direct_transfer,False,random_forest,sparse_periodic,0.725,balanced_round_robin,1.0,2
a20d0e6b5b885a86668c,unseen_link,protocol_label_only_control,telegate,direct_transfer,False,random_forest,sparse_periodic,0.725,balanced_round_robin,1.0,2
9f8d3bb10688a771756d,unseen_link,protocol_label_only_control,teledata,direct_transfer,False,random_forest,sparse_periodic,0.725,balanced_round_robin,1.0,2
69ea91971a7d9bdee4a1,unseen_link,protocol_label_only_control,direct_transfer,on_demand_epr,False,random_forest,sparse_periodic,0.875,balanced_round_robin,1.0,2
0d32fa92948cf3b77484,unseen_link,protocol_label_only_control,on_demand_epr,on_demand_epr,True,random_forest,sparse_periodic,0.875,balanced_round_robin,1.0,2
c51f6e428ca0104c2de8,unseen_link,protocol_label_only_control,prefetched_epr,on_demand_epr,False,random_forest,sparse_periodic,0.875,balanced_round_robin,1.0,2
48f7e85a7efeaab5d343,unseen_link,protocol_label_only_control,telegate,on_demand_epr,False,random_forest,sparse_periodic,0.875,balanced_round_robin,1.0,2
19e992c4c47990068f8a,unseen_link,protocol_label_only_control,teledata,on_demand_epr,False,random_forest,sparse_periodic,0.875,balanced_round_robin,1.0,2
d848b532ad6f2c5fd6b4,unseen_link,protocol_label_only_control,direct_transfer,on_demand_epr,False,random_forest,sparse_periodic,0.99,balanced_round_robin,1.0,2
a9155e3ae839a408344e,unseen_link,protocol_label_only_control,on_demand_epr,on_demand_epr,True,random_forest,sparse_periodic,0.99,balanced_round_robin,1.0,2
5863f276ca0d49b62057,unseen_link,protocol_label_only_control,prefetched_epr,on_demand_epr,False,random_forest,sparse_periodic,0.99,balanced_round_robin,1.0,2
2fdbc1c74d5ed8ccb337,unseen_link,protocol_label_only_control,telegate,on_demand_epr,False,random_forest,sparse_periodic,0.99,balanced_round_robin,1.0,2
dba30a2dd359d0eeb952,unseen_link,protocol_label_only_control,teledata,on_demand_epr,False,random_forest,sparse_periodic,0.99,balanced_round_robin,1.0,2
5413a8ab474c1e28cd38,unseen_link,protocol_label_only_control,direct_transfer,direct_transfer,True,random_forest,synchronization_bursty,0.55,balanced_round_robin,1.0,2
84eb692899cb06079046,unseen_link,protocol_label_only_control,on_demand_epr,direct_transfer,False,random_forest,synchronization_bursty,0.55,balanced_round_robin,1.0,2
1e3f844342c5778b5324,unseen_link,protocol_label_only_control,prefetched_epr,direct_transfer,False,random_forest,synchronization_bursty,0.55,balanced_round_robin,1.0,2
3185e0c5ff017295f7c9,unseen_link,protocol_label_only_control,telegate,direct_transfer,False,random_forest,synchronization_bursty,0.55,balanced_round_robin,1.0,2
12bcd2501aaa2cd5130d,unseen_link,protocol_label_only_control,teledata,direct_transfer,False,random_forest,synchronization_bursty,0.55,balanced_round_robin,1.0,2
ea637351bc627cbe0314,unseen_link,protocol_label_only_control,direct_transfer,on_demand_epr,False,random_forest,synchronization_bursty,0.725,balanced_round_robin,1.0,2
04e42dbf6340b14815c2,unseen_link,protocol_label_only_control,on_demand_epr,on_demand_epr,True,random_forest,synchronization_bursty,0.725,balanced_round_robin,1.0,2
9317cba9ba6ae33dc543,unseen_link,protocol_label_only_control,prefetched_epr,on_demand_epr,False,random_forest,synchronization_bursty,0.725,balanced_round_robin,1.0,2
cfceb71fb0a9220cf83a,unseen_link,protocol_label_only_control,telegate,on_demand_epr,False,random_forest,synchronization_bursty,0.725,balanced_round_robin,1.0,2
a0d5f413acc3a8fa5a90,unseen_link,protocol_label_only_control,teledata,on_demand_epr,False,random_forest,synchronization_bursty,0.725,balanced_round_robin,1.0,2
a7062d769b14862b65a7,unseen_link,protocol_label_only_control,direct_transfer,telegate,False,random_forest,synchronization_bursty,0.875,balanced_round_robin,1.0,2
e48bfe6f253f2ab347bb,unseen_link,protocol_label_only_control,on_demand_epr,telegate,False,random_forest,synchronization_bursty,0.875,balanced_round_robin,1.0,2
31bc158ef4a49c739c9d,unseen_link,protocol_label_only_control,prefetched_epr,telegate,False,random_forest,synchronization_bursty,0.875,balanced_round_robin,1.0,2
8fe41e0d0014ec87b05f,unseen_link,protocol_label_only_control,telegate,telegate,True,random_forest,synchronization_bursty,0.875,balanced_round_robin,1.0,2
13ea75c0772ed20c8b75,unseen_link,protocol_label_only_control,teledata,telegate,False,random_forest,synchronization_bursty,0.875,balanced_round_robin,1.0,2
fc368593a77002c4c842,unseen_link,protocol_label_only_control,direct_transfer,prefetched_epr,False,random_forest,synchronization_bursty,0.99,balanced_round_robin,1.0,2
23b6a9965d34d8a2be50,unseen_link,protocol_label_only_control,on_demand_epr,prefetched_epr,False,random_forest,synchronization_bursty,0.99,balanced_round_robin,1.0,2
2d764e3fdfa03f7e808a,unseen_link,protocol_label_only_control,prefetched_epr,prefetched_epr,True,random_forest,synchronization_bursty,0.99,balanced_round_robin,1.0,2
f228b29d61b74d9c9e4e,unseen_link,protocol_label_only_control,telegate,prefetched_epr,False,random_forest,synchronization_bursty,0.99,balanced_round_robin,1.0,2
64e5c40f60c68edd3e87,unseen_link,protocol_label_only_control,teledata,prefetched_epr,False,random_forest,synchronization_bursty,0.99,balanced_round_robin,1.0,2
4640f313cfe588b5cdd5,unseen_link,retry_policy_inference,retry_1,retry_1,True,logistic_regression,sparse_periodic,0.55,balanced_round_robin,1.0,2
85d9f577c34d77a881a0,unseen_link,retry_policy_inference,retry_2,retry_1,False,logistic_regression,sparse_periodic,0.55,balanced_round_robin,1.0,2
6859ef86b936503b59cd,unseen_link,retry_policy_inference,retry_4,retry_2,False,logistic_regression,sparse_periodic,0.55,balanced_round_robin,1.0,2
811c319588c72e8a1bd9,unseen_link,retry_policy_inference,retry_1,retry_1,True,logistic_regression,sparse_periodic,0.725,balanced_round_robin,1.0,2
505635ca63f2e88a9fe2,unseen_link,retry_policy_inference,retry_2,retry_1,False,logistic_regression,sparse_periodic,0.725,balanced_round_robin,1.0,2
51edea9e8017189188b6,unseen_link,retry_policy_inference,retry_4,retry_1,False,logistic_regression,sparse_periodic,0.725,balanced_round_robin,1.0,2
7b6ce5068dcf4ee1dfc5,unseen_link,retry_policy_inference,retry_1,retry_1,True,logistic_regression,sparse_periodic,0.875,balanced_round_robin,1.0,2
acd9bff019e13cc3e798,unseen_link,retry_policy_inference,retry_2,retry_1,False,logistic_regression,sparse_periodic,0.875,balanced_round_robin,1.0,2
c362abced5114d7b2c31,unseen_link,retry_policy_inference,retry_4,retry_1,False,logistic_regression,sparse_periodic,0.875,balanced_round_robin,1.0,2
eac684502e81e109076e,unseen_link,retry_policy_inference,retry_1,retry_1,True,logistic_regression,sparse_periodic,0.99,balanced_round_robin,1.0,2
be7ae2e216950834b63b,unseen_link,retry_policy_inference,retry_2,retry_1,False,logistic_regression,sparse_periodic,0.99,balanced_round_robin,1.0,2
01807ce1660f1641e833,unseen_link,retry_policy_inference,retry_4,retry_1,False,logistic_regression,sparse_periodic,0.99,balanced_round_robin,1.0,2
60a7afa336ed912c6721,unseen_link,retry_policy_inference,retry_1,retry_2,False,logistic_regression,dense_periodic,0.55,balanced_round_robin,1.0,2
cb267a883e719741ec9c,unseen_link,retry_policy_inference,retry_2,retry_2,True,logistic_regression,dense_periodic,0.55,balanced_round_robin,1.0,2
3b445e08b269bee10aae,unseen_link,retry_policy_inference,retry_4,retry_2,False,logistic_regression,dense_periodic,0.55,balanced_round_robin,1.0,2
260c90e4850d16371726,unseen_link,retry_policy_inference,retry_1,retry_2,False,logistic_regression,dense_periodic,0.725,balanced_round_robin,1.0,2
686497d2a056958888cd,unseen_link,retry_policy_inference,retry_2,retry_4,False,logistic_regression,dense_periodic,0.725,balanced_round_robin,1.0,2
24843aac0ffd96bd177d,unseen_link,retry_policy_inference,retry_4,retry_2,False,logistic_regression,dense_periodic,0.725,balanced_round_robin,1.0,2
59e288c3fab508bc2ff4,unseen_link,retry_policy_inference,retry_1,retry_2,False,logistic_regression,dense_periodic,0.875,balanced_round_robin,1.0,2
d50c772b7a7f10f9cb78,unseen_link,retry_policy_inference,retry_2,retry_2,True,logistic_regression,dense_periodic,0.875,balanced_round_robin,1.0,2
37a2a774c11a76b36a2a,unseen_link,retry_policy_inference,retry_4,retry_2,False,logistic_regression,dense_periodic,0.875,balanced_round_robin,1.0,2
29ab7d985bd832f72b76,unseen_link,retry_policy_inference,retry_1,retry_2,False,logistic_regression,dense_periodic,0.99,balanced_round_robin,1.0,2
d1a82cd8f6d06b3b4e29,unseen_link,retry_policy_inference,retry_2,retry_2,True,logistic_regression,dense_periodic,0.99,balanced_round_robin,1.0,2
75b64192b9672e61cc86,unseen_link,retry_policy_inference,retry_4,retry_2,False,logistic_regression,dense_periodic,0.99,balanced_round_robin,1.0,2
4fe962574d674f14c41d,unseen_link,retry_policy_inference,retry_1,retry_1,True,logistic_regression,synchronization_bursty,0.55,balanced_round_robin,1.0,2
9e4a9ca5cb04b460b7fa,unseen_link,retry_policy_inference,retry_2,retry_1,False,logistic_regression,synchronization_bursty,0.55,balanced_round_robin,1.0,2
0d6db241b32c72321ee7,unseen_link,retry_policy_inference,retry_4,retry_4,True,logistic_regression,synchronization_bursty,0.55,balanced_round_robin,1.0,2
68a432d9958f5c3c2636,unseen_link,retry_policy_inference,retry_1,retry_1,True,logistic_regression,synchronization_bursty,0.725,balanced_round_robin,1.0,2
b8240ea0b0006a7276f3,unseen_link,retry_policy_inference,retry_2,retry_1,False,logistic_regression,synchronization_bursty,0.725,balanced_round_robin,1.0,2
95a0ddf3a9d2d5e09747,unseen_link,retry_policy_inference,retry_4,retry_4,True,logistic_regression,synchronization_bursty,0.725,balanced_round_robin,1.0,2
e39ac7df0713728450a3,unseen_link,retry_policy_inference,retry_1,retry_1,True,logistic_regression,synchronization_bursty,0.875,balanced_round_robin,1.0,2
e21782f1ce0aa5d5e080,unseen_link,retry_policy_inference,retry_2,retry_1,False,logistic_regression,synchronization_bursty,0.875,balanced_round_robin,1.0,2
a293c395426d144650a4,unseen_link,retry_policy_inference,retry_4,retry_1,False,logistic_regression,synchronization_bursty,0.875,balanced_round_robin,1.0,2
f8bf6f95f75c4f0a7288,unseen_link,retry_policy_inference,retry_1,retry_1,True,logistic_regression,synchronization_bursty,0.99,balanced_round_robin,1.0,2
0d9b5b98190cc3188b26,unseen_link,retry_policy_inference,retry_2,retry_1,False,logistic_regression,synchronization_bursty,0.99,balanced_round_robin,1.0,2
434a95dd646bcb4de5cc,unseen_link,retry_policy_inference,retry_4,retry_1,False,logistic_regression,synchronization_bursty,0.99,balanced_round_robin,1.0,2
b950940e3ee3645dffbb,unseen_link,retry_policy_inference,retry_1,retry_2,False,logistic_regression,dense_periodic,0.55,balanced_round_robin,1.0,2
cbfd728819541115a769,unseen_link,retry_policy_inference,retry_2,retry_2,True,logistic_regression,dense_periodic,0.55,balanced_round_robin,1.0,2
c592c86945580947e8c1,unseen_link,retry_policy_inference,retry_4,retry_2,False,logistic_regression,dense_periodic,0.55,balanced_round_robin,1.0,2
856643bec758fc5b0379,unseen_link,retry_policy_inference,retry_1,retry_2,False,logistic_regression,dense_periodic,0.725,balanced_round_robin,1.0,2
1e61d5207d1c7ed4c14d,unseen_link,retry_policy_inference,retry_2,retry_4,False,logistic_regression,dense_periodic,0.725,balanced_round_robin,1.0,2
b013c294deb2c9065a6f,unseen_link,retry_policy_inference,retry_4,retry_2,False,logistic_regression,dense_periodic,0.725,balanced_round_robin,1.0,2
918db94900c323855ecc,unseen_link,retry_policy_inference,retry_1,retry_2,False,logistic_regression,dense_periodic,0.875,balanced_round_robin,1.0,2
47f3c5b8e46fca7c4527,unseen_link,retry_policy_inference,retry_2,retry_4,False,logistic_regression,dense_periodic,0.875,balanced_round_robin,1.0,2
195823ded6fe8945fc3d,unseen_link,retry_policy_inference,retry_4,retry_2,False,logistic_regression,dense_periodic,0.875,balanced_round_robin,1.0,2
37f4edba2945b1f391b3,unseen_link,retry_policy_inference,retry_1,retry_2,False,logistic_regression,dense_periodic,0.99,balanced_round_robin,1.0,2
cb98bba530b586835ad2,unseen_link,retry_policy_inference,retry_2,retry_2,True,logistic_regression,dense_periodic,0.99,balanced_round_robin,1.0,2
9746c12e61aa7f2d39a5,unseen_link,retry_policy_inference,retry_4,retry_2,False,logistic_regression,dense_periodic,0.99,balanced_round_robin,1.0,2
bf09dd82cbd214deb170,unseen_link,retry_policy_inference,retry_1,retry_1,True,logistic_regression,sparse_periodic,0.55,balanced_round_robin,1.0,2
b989ba4e2a419cfdb6ee,unseen_link,retry_policy_inference,retry_2,retry_2,True,logistic_regression,sparse_periodic,0.55,balanced_round_robin,1.0,2
c91a177ce38cd504e72c,unseen_link,retry_policy_inference,retry_4,retry_2,False,logistic_regression,sparse_periodic,0.55,balanced_round_robin,1.0,2
17623a7d3aa41de2cdde,unseen_link,retry_policy_inference,retry_1,retry_1,True,logistic_regression,sparse_periodic,0.725,balanced_round_robin,1.0,2
cf6aebfdccbd27afbca3,unseen_link,retry_policy_inference,retry_2,retry_1,False,logistic_regression,sparse_periodic,0.725,balanced_round_robin,1.0,2
9db675e753f355d8e2aa,unseen_link,retry_policy_inference,retry_4,retry_2,False,logistic_regression,sparse_periodic,0.725,balanced_round_robin,1.0,2
af5269a41942aad697f2,unseen_link,retry_policy_inference,retry_1,retry_1,True,logistic_regression,sparse_periodic,0.875,balanced_round_robin,1.0,2
a5fd98224c6351a93436,unseen_link,retry_policy_inference,retry_2,retry_1,False,logistic_regression,sparse_periodic,0.875,balanced_round_robin,1.0,2
1501687a0f8d9a04819e,unseen_link,retry_policy_inference,retry_4,retry_1,False,logistic_regression,sparse_periodic,0.875,balanced_round_robin,1.0,2
3f707bed62fd125ffd50,unseen_link,retry_policy_inference,retry_1,retry_1,True,logistic_regression,sparse_periodic,0.99,balanced_round_robin,1.0,2
751261b1b21adc868ebe,unseen_link,retry_policy_inference,retry_2,retry_1,False,logistic_regression,sparse_periodic,0.99,balanced_round_robin,1.0,2
c926a53df8e41b4cf408,unseen_link,retry_policy_inference,retry_4,retry_1,False,logistic_regression,sparse_periodic,0.99,balanced_round_robin,1.0,2
686496a69bf0e094a49f,unseen_link,retry_policy_inference,retry_1,retry_2,False,logistic_regression,synchronization_bursty,0.55,balanced_round_robin,1.0,2
3b017663e4493928b9f4,unseen_link,retry_policy_inference,retry_2,retry_2,True,logistic_regression,synchronization_bursty,0.55,balanced_round_robin,1.0,2
100556774f7badc3d292,unseen_link,retry_policy_inference,retry_4,retry_4,True,logistic_regression,synchronization_bursty,0.55,balanced_round_robin,1.0,2
41b253b3c41f9ab41c1a,unseen_link,retry_policy_inference,retry_1,retry_2,False,logistic_regression,synchronization_bursty,0.725,balanced_round_robin,1.0,2
a0dae33f5a27835f5487,unseen_link,retry_policy_inference,retry_2,retry_4,False,logistic_regression,synchronization_bursty,0.725,balanced_round_robin,1.0,2
9be708de5b6887eab349,unseen_link,retry_policy_inference,retry_4,retry_4,True,logistic_regression,synchronization_bursty,0.725,balanced_round_robin,1.0,2
f05aa8f5602ea392a00f,unseen_link,retry_policy_inference,retry_1,retry_2,False,logistic_regression,synchronization_bursty,0.875,balanced_round_robin,1.0,2
bf7411e80dd05d78596f,unseen_link,retry_policy_inference,retry_2,retry_2,True,logistic_regression,synchronization_bursty,0.875,balanced_round_robin,1.0,2
a720638eea37e0470524,unseen_link,retry_policy_inference,retry_4,retry_2,False,logistic_regression,synchronization_bursty,0.875,balanced_round_robin,1.0,2
ec049908735a6318182c,unseen_link,retry_policy_inference,retry_1,retry_2,False,logistic_regression,synchronization_bursty,0.99,balanced_round_robin,1.0,2
c4b31163260e471f5c16,unseen_link,retry_policy_inference,retry_2,retry_2,True,logistic_regression,synchronization_bursty,0.99,balanced_round_robin,1.0,2
84d0b8ecc2b78f98a5aa,unseen_link,retry_policy_inference,retry_4,retry_2,False,logistic_regression,synchronization_bursty,0.99,balanced_round_robin,1.0,2
5063e8f6000386dcce4e,unseen_link,service_class_inference,low_latency,low_latency,True,logistic_regression,sparse_periodic,0.55,balanced_round_robin,1.0,2
ffc57dfcf7af214ef7fd,unseen_link,service_class_inference,high_fidelity,high_fidelity,True,logistic_regression,sparse_periodic,0.55,balanced_round_robin,1.0,2
744a91009e3e486f0265,unseen_link,service_class_inference,low_latency,low_latency,True,logistic_regression,sparse_periodic,0.725,balanced_round_robin,1.0,2
53eb06a6980c0a3a1fbe,unseen_link,service_class_inference,high_fidelity,high_fidelity,True,logistic_regression,sparse_periodic,0.725,balanced_round_robin,1.0,2
02612e0a281187443b07,unseen_link,service_class_inference,low_latency,low_latency,True,logistic_regression,sparse_periodic,0.875,balanced_round_robin,1.0,2
7b4d376f2bdd87702ded,unseen_link,service_class_inference,high_fidelity,high_fidelity,True,logistic_regression,sparse_periodic,0.875,balanced_round_robin,1.0,2
aa95308c8dd58768a794,unseen_link,service_class_inference,low_latency,low_latency,True,logistic_regression,sparse_periodic,0.99,balanced_round_robin,1.0,2
f554951154856ae56fd7,unseen_link,service_class_inference,high_fidelity,high_fidelity,True,logistic_regression,sparse_periodic,0.99,balanced_round_robin,1.0,2
75f409777fe0c9b71ad4,unseen_link,service_class_inference,low_latency,low_latency,True,logistic_regression,dense_periodic,0.55,balanced_round_robin,1.0,2
a87066c3f596ec82006d,unseen_link,service_class_inference,high_fidelity,high_fidelity,True,logistic_regression,dense_periodic,0.55,balanced_round_robin,1.0,2
a61567f5d1c16574d40a,unseen_link,service_class_inference,low_latency,low_latency,True,logistic_regression,dense_periodic,0.725,balanced_round_robin,1.0,2
ff6ef367a62874f476f0,unseen_link,service_class_inference,high_fidelity,high_fidelity,True,logistic_regression,dense_periodic,0.725,balanced_round_robin,1.0,2
16a2fd6a431910044454,unseen_link,service_class_inference,low_latency,low_latency,True,logistic_regression,dense_periodic,0.875,balanced_round_robin,1.0,2
7a8e435ccc850be37c78,unseen_link,service_class_inference,high_fidelity,high_fidelity,True,logistic_regression,dense_periodic,0.875,balanced_round_robin,1.0,2
1fab5f324261f74b17b0,unseen_link,service_class_inference,low_latency,low_latency,True,logistic_regression,dense_periodic,0.99,balanced_round_robin,1.0,2
9082f5e474707dc5495d,unseen_link,service_class_inference,high_fidelity,high_fidelity,True,logistic_regression,dense_periodic,0.99,balanced_round_robin,1.0,2
9e460363b94f3de5b1bf,unseen_link,service_class_inference,low_latency,low_latency,True,logistic_regression,synchronization_bursty,0.55,balanced_round_robin,1.0,2
104d4565b1673daad3bd,unseen_link,service_class_inference,high_fidelity,high_fidelity,True,logistic_regression,synchronization_bursty,0.55,balanced_round_robin,1.0,2
1f832cba515e1238217b,unseen_link,service_class_inference,low_latency,low_latency,True,logistic_regression,synchronization_bursty,0.725,balanced_round_robin,1.0,2
9406ed0000871855c2f7,unseen_link,service_class_inference,high_fidelity,high_fidelity,True,logistic_regression,synchronization_bursty,0.725,balanced_round_robin,1.0,2
078a30bd12d6e05b690d,unseen_link,service_class_inference,low_latency,low_latency,True,logistic_regression,synchronization_bursty,0.875,balanced_round_robin,1.0,2
126c2c1c1cd70db92545,unseen_link,service_class_inference,high_fidelity,high_fidelity,True,logistic_regression,synchronization_bursty,0.875,balanced_round_robin,1.0,2
332e0629871fdab07142,unseen_link,service_class_inference,low_latency,low_latency,True,logistic_regression,synchronization_bursty,0.99,balanced_round_robin,1.0,2
763a2915826465df1bda,unseen_link,service_class_inference,high_fidelity,high_fidelity,True,logistic_regression,synchronization_bursty,0.99,balanced_round_robin,1.0,2
4b3dd144003a2a40e4ed,unseen_link,service_class_inference,low_latency,low_latency,True,logistic_regression,dense_periodic,0.55,balanced_round_robin,1.0,2
38c59a5fa1440ef2bbe4,unseen_link,service_class_inference,high_fidelity,high_fidelity,True,logistic_regression,dense_periodic,0.55,balanced_round_robin,1.0,2
fb69f81adcdf75c6fdc3,unseen_link,service_class_inference,low_latency,low_latency,True,logistic_regression,dense_periodic,0.725,balanced_round_robin,1.0,2
69aabeec8a73e5bf3f8d,unseen_link,service_class_inference,high_fidelity,high_fidelity,True,logistic_regression,dense_periodic,0.725,balanced_round_robin,1.0,2
0d4a964711f397318b09,unseen_link,service_class_inference,low_latency,low_latency,True,logistic_regression,dense_periodic,0.875,balanced_round_robin,1.0,2
2ead4dc51df0533beddb,unseen_link,service_class_inference,high_fidelity,high_fidelity,True,logistic_regression,dense_periodic,0.875,balanced_round_robin,1.0,2
b20003d2586a092a2e2a,unseen_link,service_class_inference,low_latency,low_latency,True,logistic_regression,dense_periodic,0.99,balanced_round_robin,1.0,2
149edc49090fc41658cd,unseen_link,service_class_inference,high_fidelity,high_fidelity,True,logistic_regression,dense_periodic,0.99,balanced_round_robin,1.0,2
a69a5af33ba76f39e388,unseen_link,service_class_inference,low_latency,low_latency,True,logistic_regression,sparse_periodic,0.55,balanced_round_robin,1.0,2
3e29bbe7da3ddfa6993c,unseen_link,service_class_inference,high_fidelity,high_fidelity,True,logistic_regression,sparse_periodic,0.55,balanced_round_robin,1.0,2
5aa683364c50a5726774,unseen_link,service_class_inference,low_latency,low_latency,True,logistic_regression,sparse_periodic,0.725,balanced_round_robin,1.0,2
3e3476bfffb3aa075042,unseen_link,service_class_inference,high_fidelity,high_fidelity,True,logistic_regression,sparse_periodic,0.725,balanced_round_robin,1.0,2
f0b307aa5abf7c63619a,unseen_link,service_class_inference,low_latency,low_latency,True,logistic_regression,sparse_periodic,0.875,balanced_round_robin,1.0,2
24de73def0bf416b6752,unseen_link,service_class_inference,high_fidelity,low_latency,False,logistic_regression,sparse_periodic,0.875,balanced_round_robin,1.0,2
7789b50f5cc77421bd1c,unseen_link,service_class_inference,low_latency,low_latency,True,logistic_regression,sparse_periodic,0.99,balanced_round_robin,1.0,2
bd4c359b1fdbcd92def0,unseen_link,service_class_inference,high_fidelity,low_latency,False,logistic_regression,sparse_periodic,0.99,balanced_round_robin,1.0,2
b872e5c4fe014c5253c6,unseen_link,service_class_inference,low_latency,high_fidelity,False,logistic_regression,synchronization_bursty,0.55,balanced_round_robin,1.0,2
1f5bed85140597aa7569,unseen_link,service_class_inference,high_fidelity,low_latency,False,logistic_regression,synchronization_bursty,0.55,balanced_round_robin,1.0,2
4406e4ade0609238d04f,unseen_link,service_class_inference,low_latency,high_fidelity,False,logistic_regression,synchronization_bursty,0.725,balanced_round_robin,1.0,2
f1192d4f49c2f191068f,unseen_link,service_class_inference,high_fidelity,high_fidelity,True,logistic_regression,synchronization_bursty,0.725,balanced_round_robin,1.0,2
f42333d061e68c4bf834,unseen_link,service_class_inference,low_latency,low_latency,True,logistic_regression,synchronization_bursty,0.875,balanced_round_robin,1.0,2
84dc7a8603bd038043e9,unseen_link,service_class_inference,high_fidelity,high_fidelity,True,logistic_regression,synchronization_bursty,0.875,balanced_round_robin,1.0,2
afa47c86441731990e43,unseen_link,service_class_inference,low_latency,low_latency,True,logistic_regression,synchronization_bursty,0.99,balanced_round_robin,1.0,2
15ad888cee38aa2c2c3e,unseen_link,service_class_inference,high_fidelity,high_fidelity,True,logistic_regression,synchronization_bursty,0.99,balanced_round_robin,1.0,2
fe7bcbfb867a469aa661,unseen_link,service_label_only_control,low_latency,low_latency,True,random_forest,sparse_periodic,0.55,balanced_round_robin,1.0,2
fe1e692227956e0f002a,unseen_link,service_label_only_control,high_fidelity,low_latency,False,random_forest,sparse_periodic,0.55,balanced_round_robin,1.0,2
1fe2d6e266948b9bfd3e,unseen_link,service_label_only_control,low_latency,low_latency,True,random_forest,sparse_periodic,0.725,balanced_round_robin,1.0,2
9257e2b02054c8b94e09,unseen_link,service_label_only_control,high_fidelity,low_latency,False,random_forest,sparse_periodic,0.725,balanced_round_robin,1.0,2
9b698dc857387b2b7879,unseen_link,service_label_only_control,low_latency,high_fidelity,False,random_forest,sparse_periodic,0.875,balanced_round_robin,1.0,2
650838adb2e65b7ee051,unseen_link,service_label_only_control,high_fidelity,high_fidelity,True,random_forest,sparse_periodic,0.875,balanced_round_robin,1.0,2
167687ef457a35a2c643,unseen_link,service_label_only_control,low_latency,high_fidelity,False,random_forest,sparse_periodic,0.99,balanced_round_robin,1.0,2
df55fb4df47b96613372,unseen_link,service_label_only_control,high_fidelity,high_fidelity,True,random_forest,sparse_periodic,0.99,balanced_round_robin,1.0,2
c9d0014a2f98c44d6b84,unseen_link,service_label_only_control,low_latency,high_fidelity,False,random_forest,dense_periodic,0.55,balanced_round_robin,1.0,2
7c326057cd5ade19b235,unseen_link,service_label_only_control,high_fidelity,high_fidelity,True,random_forest,dense_periodic,0.55,balanced_round_robin,1.0,2
62419bd3b6b0b7d39cc0,unseen_link,service_label_only_control,low_latency,low_latency,True,random_forest,dense_periodic,0.725,balanced_round_robin,1.0,2
5255922e34ae88d0f3fe,unseen_link,service_label_only_control,high_fidelity,low_latency,False,random_forest,dense_periodic,0.725,balanced_round_robin,1.0,2
f3eddee8b77d081ccd7a,unseen_link,service_label_only_control,low_latency,low_latency,True,random_forest,dense_periodic,0.875,balanced_round_robin,1.0,2
abc98bd9051e5944e3d7,unseen_link,service_label_only_control,high_fidelity,low_latency,False,random_forest,dense_periodic,0.875,balanced_round_robin,1.0,2
7254ab93f1be768a902a,unseen_link,service_label_only_control,low_latency,low_latency,True,random_forest,dense_periodic,0.99,balanced_round_robin,1.0,2
de335461bfff3ee7607d,unseen_link,service_label_only_control,high_fidelity,low_latency,False,random_forest,dense_periodic,0.99,balanced_round_robin,1.0,2
e114d952e673d7af0808,unseen_link,service_label_only_control,low_latency,high_fidelity,False,random_forest,synchronization_bursty,0.55,balanced_round_robin,1.0,2
8293442a5e02cdb4d18b,unseen_link,service_label_only_control,high_fidelity,high_fidelity,True,random_forest,synchronization_bursty,0.55,balanced_round_robin,1.0,2
5b23aa0a701ece60f290,unseen_link,service_label_only_control,low_latency,low_latency,True,random_forest,synchronization_bursty,0.725,balanced_round_robin,1.0,2
267851c5005bf8d3e7d6,unseen_link,service_label_only_control,high_fidelity,low_latency,False,random_forest,synchronization_bursty,0.725,balanced_round_robin,1.0,2
7c6d35d60e0bf9487543,unseen_link,service_label_only_control,low_latency,high_fidelity,False,random_forest,synchronization_bursty,0.875,balanced_round_robin,1.0,2
6f2bf27db985481a518f,unseen_link,service_label_only_control,high_fidelity,high_fidelity,True,random_forest,synchronization_bursty,0.875,balanced_round_robin,1.0,2
5a1f8a72fc2b5e71d067,unseen_link,service_label_only_control,low_latency,high_fidelity,False,random_forest,synchronization_bursty,0.99,balanced_round_robin,1.0,2
5dd8096777c1dc67ac51,unseen_link,service_label_only_control,high_fidelity,high_fidelity,True,random_forest,synchronization_bursty,0.99,balanced_round_robin,1.0,2
58f724be7a1954827fbf,unseen_link,service_label_only_control,low_latency,high_fidelity,False,random_forest,dense_periodic,0.55,balanced_round_robin,1.0,2
dd0a1e71f569825a2cd0,unseen_link,service_label_only_control,high_fidelity,high_fidelity,True,random_forest,dense_periodic,0.55,balanced_round_robin,1.0,2
0959dafbec64f5f2261a,unseen_link,service_label_only_control,low_latency,high_fidelity,False,random_forest,dense_periodic,0.725,balanced_round_robin,1.0,2
d0248e7f394864aeca9a,unseen_link,service_label_only_control,high_fidelity,high_fidelity,True,random_forest,dense_periodic,0.725,balanced_round_robin,1.0,2
12a845546d238a02824e,unseen_link,service_label_only_control,low_latency,high_fidelity,False,random_forest,dense_periodic,0.875,balanced_round_robin,1.0,2
3960d882217510098f05,unseen_link,service_label_only_control,high_fidelity,high_fidelity,True,random_forest,dense_periodic,0.875,balanced_round_robin,1.0,2
3144fd6d4ab0b32a89d2,unseen_link,service_label_only_control,low_latency,low_latency,True,random_forest,dense_periodic,0.99,balanced_round_robin,1.0,2
ff3ce6d2f35522f23376,unseen_link,service_label_only_control,high_fidelity,low_latency,False,random_forest,dense_periodic,0.99,balanced_round_robin,1.0,2
1b6816cd144d3f136797,unseen_link,service_label_only_control,low_latency,low_latency,True,random_forest,sparse_periodic,0.55,balanced_round_robin,1.0,2
22b81eda3cda47d4283c,unseen_link,service_label_only_control,high_fidelity,low_latency,False,random_forest,sparse_periodic,0.55,balanced_round_robin,1.0,2
d4a3a031370b9250851e,unseen_link,service_label_only_control,low_latency,high_fidelity,False,random_forest,sparse_periodic,0.725,balanced_round_robin,1.0,2
66d20e8ea39e5220712f,unseen_link,service_label_only_control,high_fidelity,high_fidelity,True,random_forest,sparse_periodic,0.725,balanced_round_robin,1.0,2
af3739fc5c644beb7f45,unseen_link,service_label_only_control,low_latency,high_fidelity,False,random_forest,sparse_periodic,0.875,balanced_round_robin,1.0,2
1a80f5a2f4951b66b825,unseen_link,service_label_only_control,high_fidelity,high_fidelity,True,random_forest,sparse_periodic,0.875,balanced_round_robin,1.0,2
7f46307918d30c87df16,unseen_link,service_label_only_control,low_latency,high_fidelity,False,random_forest,sparse_periodic,0.99,balanced_round_robin,1.0,2
751fd6bd3a5486eb55c4,unseen_link,service_label_only_control,high_fidelity,high_fidelity,True,random_forest,sparse_periodic,0.99,balanced_round_robin,1.0,2
0b8330053c54cd9caff2,unseen_link,service_label_only_control,low_latency,low_latency,True,random_forest,synchronization_bursty,0.55,balanced_round_robin,1.0,2
80299739c96f6bab6e65,unseen_link,service_label_only_control,high_fidelity,low_latency,False,random_forest,synchronization_bursty,0.55,balanced_round_robin,1.0,2
1d6ac378da92b42b83cf,unseen_link,service_label_only_control,low_latency,low_latency,True,random_forest,synchronization_bursty,0.725,balanced_round_robin,1.0,2
85297c77616482192866,unseen_link,service_label_only_control,high_fidelity,low_latency,False,random_forest,synchronization_bursty,0.725,balanced_round_robin,1.0,2
469ec2d52db8e9482b64,unseen_link,service_label_only_control,low_latency,high_fidelity,False,random_forest,synchronization_bursty,0.875,balanced_round_robin,1.0,2
b09d75a9eb546e1355f4,unseen_link,service_label_only_control,high_fidelity,high_fidelity,True,random_forest,synchronization_bursty,0.875,balanced_round_robin,1.0,2
e73f9a598d712febae49,unseen_link,service_label_only_control,low_latency,low_latency,True,random_forest,synchronization_bursty,0.99,balanced_round_robin,1.0,2
c83e152c11fcf399f6f1,unseen_link,service_label_only_control,high_fidelity,low_latency,False,random_forest,synchronization_bursty,0.99,balanced_round_robin,1.0,2
5233139fb36c785f2c92,unseen_placement_markov,distillation_depth_inference,distill_0,distill_0,True,logistic_regression,sparse_periodic,0.8,markov_locality,1.0,2
2f473e2b4476e94cd30a,unseen_placement_markov,distillation_depth_inference,distill_1,distill_0,False,logistic_regression,sparse_periodic,0.8,markov_locality,1.0,2
52cc8d16b597d32d497a,unseen_placement_markov,distillation_depth_inference,distill_2,distill_1,False,logistic_regression,sparse_periodic,0.8,markov_locality,1.0,2
60eb7b0c4e8af3b1b7ad,unseen_placement_markov,distillation_depth_inference,distill_0,distill_1,False,logistic_regression,dense_periodic,0.8,markov_locality,1.0,2
462a2242cdc7bf78008d,unseen_placement_markov,distillation_depth_inference,distill_1,distill_1,True,logistic_regression,dense_periodic,0.8,markov_locality,1.0,2
0ecfbcbac4bd53a9961a,unseen_placement_markov,distillation_depth_inference,distill_2,distill_1,False,logistic_regression,dense_periodic,0.8,markov_locality,1.0,2
da591e93bef5c80b8a12,unseen_placement_markov,distillation_depth_inference,distill_0,distill_0,True,logistic_regression,synchronization_bursty,0.8,markov_locality,1.0,2
47432781544b6f9fc0f4,unseen_placement_markov,distillation_depth_inference,distill_1,distill_0,False,logistic_regression,synchronization_bursty,0.8,markov_locality,1.0,2
d5550eb8cc46330e2b3a,unseen_placement_markov,distillation_depth_inference,distill_2,distill_0,False,logistic_regression,synchronization_bursty,0.8,markov_locality,1.0,2
b02b21e7731e05309245,unseen_placement_markov,distillation_depth_inference,distill_0,distill_0,True,logistic_regression,dense_periodic,0.8,markov_locality,1.0,2
070eb3e452b5ce17dff8,unseen_placement_markov,distillation_depth_inference,distill_1,distill_1,True,logistic_regression,dense_periodic,0.8,markov_locality,1.0,2
dabe90ab5e41a791083d,unseen_placement_markov,distillation_depth_inference,distill_2,distill_0,False,logistic_regression,dense_periodic,0.8,markov_locality,1.0,2
9e04027af34fc8a76ad6,unseen_placement_markov,distillation_depth_inference,distill_0,distill_0,True,logistic_regression,sparse_periodic,0.8,markov_locality,1.0,2
fad6368c202d2bb151a0,unseen_placement_markov,distillation_depth_inference,distill_1,distill_1,True,logistic_regression,sparse_periodic,0.8,markov_locality,1.0,2
585a9664ac41ef216604,unseen_placement_markov,distillation_depth_inference,distill_2,distill_1,False,logistic_regression,sparse_periodic,0.8,markov_locality,1.0,2
d7271141c220f0ea7640,unseen_placement_markov,distillation_depth_inference,distill_0,distill_1,False,logistic_regression,synchronization_bursty,0.8,markov_locality,1.0,2
57494234ab65a54e6289,unseen_placement_markov,distillation_depth_inference,distill_1,distill_1,True,logistic_regression,synchronization_bursty,0.8,markov_locality,1.0,2
5d42d583457908a433cc,unseen_placement_markov,distillation_depth_inference,distill_2,distill_1,False,logistic_regression,synchronization_bursty,0.8,markov_locality,1.0,2
5b06a9e2aaaec90b1746,unseen_placement_markov,protocol_inference,direct_transfer,on_demand_epr,False,hist_gradient_boosting,sparse_periodic,0.8,markov_locality,1.0,2
cbf58d1d3cd8712f4b81,unseen_placement_markov,protocol_inference,on_demand_epr,on_demand_epr,True,hist_gradient_boosting,sparse_periodic,0.8,markov_locality,1.0,2
18412a47c5c81933c6d6,unseen_placement_markov,protocol_inference,prefetched_epr,teledata,False,hist_gradient_boosting,sparse_periodic,0.8,markov_locality,1.0,2
86d4bbb93f40fddad7c5,unseen_placement_markov,protocol_inference,telegate,teledata,False,hist_gradient_boosting,sparse_periodic,0.8,markov_locality,1.0,2
edaedc316aa159d6766c,unseen_placement_markov,protocol_inference,teledata,prefetched_epr,False,hist_gradient_boosting,sparse_periodic,0.8,markov_locality,1.0,2
01683657481baa705c8f,unseen_placement_markov,protocol_inference,direct_transfer,on_demand_epr,False,hist_gradient_boosting,dense_periodic,0.8,markov_locality,1.0,2
943b479db627722bfc42,unseen_placement_markov,protocol_inference,on_demand_epr,on_demand_epr,True,hist_gradient_boosting,dense_periodic,0.8,markov_locality,1.0,2
633f47c4f21907442b01,unseen_placement_markov,protocol_inference,prefetched_epr,prefetched_epr,True,hist_gradient_boosting,dense_periodic,0.8,markov_locality,1.0,2
f1e9ef857af213ad067e,unseen_placement_markov,protocol_inference,telegate,prefetched_epr,False,hist_gradient_boosting,dense_periodic,0.8,markov_locality,1.0,2
eaa14bff09a5504bfddb,unseen_placement_markov,protocol_inference,teledata,prefetched_epr,False,hist_gradient_boosting,dense_periodic,0.8,markov_locality,1.0,2
4ba98781eed7869c05e0,unseen_placement_markov,protocol_inference,direct_transfer,prefetched_epr,False,hist_gradient_boosting,synchronization_bursty,0.8,markov_locality,1.0,2
4e20354ab8861ceb7fdc,unseen_placement_markov,protocol_inference,on_demand_epr,teledata,False,hist_gradient_boosting,synchronization_bursty,0.8,markov_locality,1.0,2
42bf2be9d14040a387ff,unseen_placement_markov,protocol_inference,prefetched_epr,prefetched_epr,True,hist_gradient_boosting,synchronization_bursty,0.8,markov_locality,1.0,2
1ba30d33b5fd1169bb3b,unseen_placement_markov,protocol_inference,telegate,prefetched_epr,False,hist_gradient_boosting,synchronization_bursty,0.8,markov_locality,1.0,2
5f2be641111aa080204a,unseen_placement_markov,protocol_inference,teledata,prefetched_epr,False,hist_gradient_boosting,synchronization_bursty,0.8,markov_locality,1.0,2
77e182bed766770d9a9f,unseen_placement_markov,protocol_inference,direct_transfer,on_demand_epr,False,hist_gradient_boosting,dense_periodic,0.8,markov_locality,1.0,2
952ffb8a374af7cacd56,unseen_placement_markov,protocol_inference,on_demand_epr,on_demand_epr,True,hist_gradient_boosting,dense_periodic,0.8,markov_locality,1.0,2
6a9ad4d5278a7d1b0278,unseen_placement_markov,protocol_inference,prefetched_epr,prefetched_epr,True,hist_gradient_boosting,dense_periodic,0.8,markov_locality,1.0,2
802f473468db09fc4db7,unseen_placement_markov,protocol_inference,telegate,prefetched_epr,False,hist_gradient_boosting,dense_periodic,0.8,markov_locality,1.0,2
8e388b143359a24705cc,unseen_placement_markov,protocol_inference,teledata,teledata,True,hist_gradient_boosting,dense_periodic,0.8,markov_locality,1.0,2
dde390eac2c93b44f1e9,unseen_placement_markov,protocol_inference,direct_transfer,on_demand_epr,False,hist_gradient_boosting,sparse_periodic,0.8,markov_locality,1.0,2
af246b12472b2749d718,unseen_placement_markov,protocol_inference,on_demand_epr,on_demand_epr,True,hist_gradient_boosting,sparse_periodic,0.8,markov_locality,1.0,2
a025341cdb895354ee3c,unseen_placement_markov,protocol_inference,prefetched_epr,teledata,False,hist_gradient_boosting,sparse_periodic,0.8,markov_locality,1.0,2
2d7a223abd5267bf4dcb,unseen_placement_markov,protocol_inference,telegate,prefetched_epr,False,hist_gradient_boosting,sparse_periodic,0.8,markov_locality,1.0,2
1af3fdb7b04a179bedd8,unseen_placement_markov,protocol_inference,teledata,prefetched_epr,False,hist_gradient_boosting,sparse_periodic,0.8,markov_locality,1.0,2
481e8dc9bbc3380066f5,unseen_placement_markov,protocol_inference,direct_transfer,teledata,False,hist_gradient_boosting,synchronization_bursty,0.8,markov_locality,1.0,2
41716d314eec6672df95,unseen_placement_markov,protocol_inference,on_demand_epr,teledata,False,hist_gradient_boosting,synchronization_bursty,0.8,markov_locality,1.0,2
5e6c8aa31b9bced353e7,unseen_placement_markov,protocol_inference,prefetched_epr,teledata,False,hist_gradient_boosting,synchronization_bursty,0.8,markov_locality,1.0,2
abaeea27fd7754389525,unseen_placement_markov,protocol_inference,telegate,teledata,False,hist_gradient_boosting,synchronization_bursty,0.8,markov_locality,1.0,2
a4b1982df1ad40805c6b,unseen_placement_markov,protocol_inference,teledata,teledata,True,hist_gradient_boosting,synchronization_bursty,0.8,markov_locality,1.0,2
1bcc077763b7ad0eb1be,unseen_placement_markov,protocol_label_only_control,direct_transfer,telegate,False,random_forest,sparse_periodic,0.8,markov_locality,1.0,2
d07113e0920b54668c24,unseen_placement_markov,protocol_label_only_control,on_demand_epr,telegate,False,random_forest,sparse_periodic,0.8,markov_locality,1.0,2
8e06501e93968f37ce96,unseen_placement_markov,protocol_label_only_control,prefetched_epr,telegate,False,random_forest,sparse_periodic,0.8,markov_locality,1.0,2
10663081567d1d4a686a,unseen_placement_markov,protocol_label_only_control,telegate,telegate,True,random_forest,sparse_periodic,0.8,markov_locality,1.0,2
2da3893c7ca774b78dc0,unseen_placement_markov,protocol_label_only_control,teledata,telegate,False,random_forest,sparse_periodic,0.8,markov_locality,1.0,2
e60793031737ae3278da,unseen_placement_markov,protocol_label_only_control,direct_transfer,telegate,False,random_forest,dense_periodic,0.8,markov_locality,1.0,2
b09be051583f00cd4e32,unseen_placement_markov,protocol_label_only_control,on_demand_epr,telegate,False,random_forest,dense_periodic,0.8,markov_locality,1.0,2
bc950ff04631e3d01952,unseen_placement_markov,protocol_label_only_control,prefetched_epr,telegate,False,random_forest,dense_periodic,0.8,markov_locality,1.0,2
47a6346efc4f942c4895,unseen_placement_markov,protocol_label_only_control,telegate,telegate,True,random_forest,dense_periodic,0.8,markov_locality,1.0,2
5699b380eaf93b095341,unseen_placement_markov,protocol_label_only_control,teledata,telegate,False,random_forest,dense_periodic,0.8,markov_locality,1.0,2
d11b03edddb3daea9df3,unseen_placement_markov,protocol_label_only_control,direct_transfer,prefetched_epr,False,random_forest,synchronization_bursty,0.8,markov_locality,1.0,2
3510497260cd3e35c27e,unseen_placement_markov,protocol_label_only_control,on_demand_epr,prefetched_epr,False,random_forest,synchronization_bursty,0.8,markov_locality,1.0,2
592dd0001f04a7a1acec,unseen_placement_markov,protocol_label_only_control,prefetched_epr,prefetched_epr,True,random_forest,synchronization_bursty,0.8,markov_locality,1.0,2
08c58f4f643ec47d6de8,unseen_placement_markov,protocol_label_only_control,telegate,prefetched_epr,False,random_forest,synchronization_bursty,0.8,markov_locality,1.0,2
f60b5aacb078af1cddc6,unseen_placement_markov,protocol_label_only_control,teledata,prefetched_epr,False,random_forest,synchronization_bursty,0.8,markov_locality,1.0,2
aa96c679dc2af50b8e85,unseen_placement_markov,protocol_label_only_control,direct_transfer,telegate,False,random_forest,dense_periodic,0.8,markov_locality,1.0,2
39a79afa964fe4ec49bf,unseen_placement_markov,protocol_label_only_control,on_demand_epr,telegate,False,random_forest,dense_periodic,0.8,markov_locality,1.0,2
6a06a308109005a6206d,unseen_placement_markov,protocol_label_only_control,prefetched_epr,telegate,False,random_forest,dense_periodic,0.8,markov_locality,1.0,2
ed0920c699097fde0e1f,unseen_placement_markov,protocol_label_only_control,telegate,telegate,True,random_forest,dense_periodic,0.8,markov_locality,1.0,2
df8394350c0a0bd14abc,unseen_placement_markov,protocol_label_only_control,teledata,telegate,False,random_forest,dense_periodic,0.8,markov_locality,1.0,2
bf20c2bf0217d9dee8ac,unseen_placement_markov,protocol_label_only_control,direct_transfer,prefetched_epr,False,random_forest,sparse_periodic,0.8,markov_locality,1.0,2
a0b817e685991cb25f8a,unseen_placement_markov,protocol_label_only_control,on_demand_epr,prefetched_epr,False,random_forest,sparse_periodic,0.8,markov_locality,1.0,2
75434534128482e3106d,unseen_placement_markov,protocol_label_only_control,prefetched_epr,prefetched_epr,True,random_forest,sparse_periodic,0.8,markov_locality,1.0,2
aff024b64542bb906493,unseen_placement_markov,protocol_label_only_control,telegate,prefetched_epr,False,random_forest,sparse_periodic,0.8,markov_locality,1.0,2
8d872f78d0bd90436b37,unseen_placement_markov,protocol_label_only_control,teledata,prefetched_epr,False,random_forest,sparse_periodic,0.8,markov_locality,1.0,2
b7ccd66f5acff9187171,unseen_placement_markov,protocol_label_only_control,direct_transfer,telegate,False,random_forest,synchronization_bursty,0.8,markov_locality,1.0,2
5de5f9374073ab0e4038,unseen_placement_markov,protocol_label_only_control,on_demand_epr,telegate,False,random_forest,synchronization_bursty,0.8,markov_locality,1.0,2
7cc70695527e2827a981,unseen_placement_markov,protocol_label_only_control,prefetched_epr,telegate,False,random_forest,synchronization_bursty,0.8,markov_locality,1.0,2
4ee45883b67eeb48bd9a,unseen_placement_markov,protocol_label_only_control,telegate,telegate,True,random_forest,synchronization_bursty,0.8,markov_locality,1.0,2
540f30c3cb76991ddba8,unseen_placement_markov,protocol_label_only_control,teledata,telegate,False,random_forest,synchronization_bursty,0.8,markov_locality,1.0,2
572467a85d3c61cb9dba,unseen_placement_markov,retry_policy_inference,retry_1,retry_4,False,logistic_regression,sparse_periodic,0.8,markov_locality,1.0,2
dbbeb82d76e48dc1fa38,unseen_placement_markov,retry_policy_inference,retry_2,retry_4,False,logistic_regression,sparse_periodic,0.8,markov_locality,1.0,2
d13e9567180bb9c7578c,unseen_placement_markov,retry_policy_inference,retry_4,retry_4,True,logistic_regression,sparse_periodic,0.8,markov_locality,1.0,2
4fda3a7e7fef44bf4f0c,unseen_placement_markov,retry_policy_inference,retry_1,retry_2,False,logistic_regression,dense_periodic,0.8,markov_locality,1.0,2
1eca7cbf991730d0d6b3,unseen_placement_markov,retry_policy_inference,retry_2,retry_4,False,logistic_regression,dense_periodic,0.8,markov_locality,1.0,2
62997d108f67da13dab2,unseen_placement_markov,retry_policy_inference,retry_4,retry_4,True,logistic_regression,dense_periodic,0.8,markov_locality,1.0,2
590503e12d68e3a53dd0,unseen_placement_markov,retry_policy_inference,retry_1,retry_4,False,logistic_regression,synchronization_bursty,0.8,markov_locality,1.0,2
08de1f89ab4ab9ee222a,unseen_placement_markov,retry_policy_inference,retry_2,retry_4,False,logistic_regression,synchronization_bursty,0.8,markov_locality,1.0,2
690ab1e47a063e12a6f5,unseen_placement_markov,retry_policy_inference,retry_4,retry_4,True,logistic_regression,synchronization_bursty,0.8,markov_locality,1.0,2
f1acde3a5dcde5275d90,unseen_placement_markov,retry_policy_inference,retry_1,retry_4,False,logistic_regression,dense_periodic,0.8,markov_locality,1.0,2
59135f01b94bcffb310e,unseen_placement_markov,retry_policy_inference,retry_2,retry_4,False,logistic_regression,dense_periodic,0.8,markov_locality,1.0,2
3466dcc868efb8270874,unseen_placement_markov,retry_policy_inference,retry_4,retry_4,True,logistic_regression,dense_periodic,0.8,markov_locality,1.0,2
43f540b03a1dbe1656f6,unseen_placement_markov,retry_policy_inference,retry_1,retry_2,False,logistic_regression,sparse_periodic,0.8,markov_locality,1.0,2
e92a825df9cfa6730dcb,unseen_placement_markov,retry_policy_inference,retry_2,retry_2,True,logistic_regression,sparse_periodic,0.8,markov_locality,1.0,2
6741cd571759cc852770,unseen_placement_markov,retry_policy_inference,retry_4,retry_2,False,logistic_regression,sparse_periodic,0.8,markov_locality,1.0,2
4280cb38018c67fa7346,unseen_placement_markov,retry_policy_inference,retry_1,retry_2,False,logistic_regression,synchronization_bursty,0.8,markov_locality,1.0,2
dacfc5f98228431d3e68,unseen_placement_markov,retry_policy_inference,retry_2,retry_2,True,logistic_regression,synchronization_bursty,0.8,markov_locality,1.0,2
be9308d7af4ca7b58702,unseen_placement_markov,retry_policy_inference,retry_4,retry_2,False,logistic_regression,synchronization_bursty,0.8,markov_locality,1.0,2
202751c61e11d306a904,unseen_placement_markov,service_class_inference,low_latency,low_latency,True,logistic_regression,sparse_periodic,0.8,markov_locality,1.0,2
d4fcd725e86bda641f25,unseen_placement_markov,service_class_inference,high_fidelity,high_fidelity,True,logistic_regression,sparse_periodic,0.8,markov_locality,1.0,2
52768f4875ab6dfd7938,unseen_placement_markov,service_class_inference,low_latency,low_latency,True,logistic_regression,dense_periodic,0.8,markov_locality,1.0,2
00d5f9fd96e495d5075a,unseen_placement_markov,service_class_inference,high_fidelity,high_fidelity,True,logistic_regression,dense_periodic,0.8,markov_locality,1.0,2
eb45ec8a4b2a5110910a,unseen_placement_markov,service_class_inference,low_latency,low_latency,True,logistic_regression,synchronization_bursty,0.8,markov_locality,1.0,2
83feb14ff2ec830d37b2,unseen_placement_markov,service_class_inference,high_fidelity,low_latency,False,logistic_regression,synchronization_bursty,0.8,markov_locality,1.0,2
75579ff3286765212374,unseen_placement_markov,service_class_inference,low_latency,low_latency,True,logistic_regression,dense_periodic,0.8,markov_locality,1.0,2
b21e1f2d9e1efaf76573,unseen_placement_markov,service_class_inference,high_fidelity,low_latency,False,logistic_regression,dense_periodic,0.8,markov_locality,1.0,2
8c68bb407f8887ca17f6,unseen_placement_markov,service_class_inference,low_latency,low_latency,True,logistic_regression,sparse_periodic,0.8,markov_locality,1.0,2
d9e821ea8dd42cb68b47,unseen_placement_markov,service_class_inference,high_fidelity,low_latency,False,logistic_regression,sparse_periodic,0.8,markov_locality,1.0,2
54da40ad3b4bcd3ba83c,unseen_placement_markov,service_class_inference,low_latency,low_latency,True,logistic_regression,synchronization_bursty,0.8,markov_locality,1.0,2
abf8d890a97e6e79b164,unseen_placement_markov,service_class_inference,high_fidelity,high_fidelity,True,logistic_regression,synchronization_bursty,0.8,markov_locality,1.0,2
9db671e0b7ac4eddbe63,unseen_placement_markov,service_label_only_control,low_latency,low_latency,True,random_forest,sparse_periodic,0.8,markov_locality,1.0,2
2e50f8ee8f9015e165bf,unseen_placement_markov,service_label_only_control,high_fidelity,low_latency,False,random_forest,sparse_periodic,0.8,markov_locality,1.0,2
d79f5b197a7bee935a07,unseen_placement_markov,service_label_only_control,low_latency,low_latency,True,random_forest,dense_periodic,0.8,markov_locality,1.0,2
1ea96be448362a0b8fcc,unseen_placement_markov,service_label_only_control,high_fidelity,low_latency,False,random_forest,dense_periodic,0.8,markov_locality,1.0,2
e53f55afb983f49a2a59,unseen_placement_markov,service_label_only_control,low_latency,high_fidelity,False,random_forest,synchronization_bursty,0.8,markov_locality,1.0,2
b180eed1e840725f0802,unseen_placement_markov,service_label_only_control,high_fidelity,high_fidelity,True,random_forest,synchronization_bursty,0.8,markov_locality,1.0,2
02636fba5e58a4fb07b0,unseen_placement_markov,service_label_only_control,low_latency,low_latency,True,random_forest,dense_periodic,0.8,markov_locality,1.0,2
0738c2d09570a9cd3c0a,unseen_placement_markov,service_label_only_control,high_fidelity,low_latency,False,random_forest,dense_periodic,0.8,markov_locality,1.0,2
85a87eba05f845e473ff,unseen_placement_markov,service_label_only_control,low_latency,high_fidelity,False,random_forest,sparse_periodic,0.8,markov_locality,1.0,2
d434da90576df6caa598,unseen_placement_markov,service_label_only_control,high_fidelity,high_fidelity,True,random_forest,sparse_periodic,0.8,markov_locality,1.0,2
da7fc57663b91bc23877,unseen_placement_markov,service_label_only_control,low_latency,low_latency,True,random_forest,synchronization_bursty,0.8,markov_locality,1.0,2
cd70414a4f4f407c7799,unseen_placement_markov,service_label_only_control,high_fidelity,low_latency,False,random_forest,synchronization_bursty,0.8,markov_locality,1.0,2
21cb3054ffa135df1057,unseen_placement_single,distillation_depth_inference,distill_0,distill_0,True,logistic_regression,sparse_periodic,0.8,single_path_hotspot,1.0,2
7590749465a029f70dc3,unseen_placement_single,distillation_depth_inference,distill_1,distill_0,False,logistic_regression,sparse_periodic,0.8,single_path_hotspot,1.0,2
c82f58ce31b193104d32,unseen_placement_single,distillation_depth_inference,distill_2,distill_1,False,logistic_regression,sparse_periodic,0.8,single_path_hotspot,1.0,2
5559f0f80491884f0903,unseen_placement_single,distillation_depth_inference,distill_0,distill_0,True,logistic_regression,dense_periodic,0.8,single_path_hotspot,1.0,2
96f2dedfa581b463da1e,unseen_placement_single,distillation_depth_inference,distill_1,distill_0,False,logistic_regression,dense_periodic,0.8,single_path_hotspot,1.0,2
9e016d8b4f67ac80ebac,unseen_placement_single,distillation_depth_inference,distill_2,distill_0,False,logistic_regression,dense_periodic,0.8,single_path_hotspot,1.0,2
6b4dab252be77bf1c0e6,unseen_placement_single,distillation_depth_inference,distill_0,distill_0,True,logistic_regression,synchronization_bursty,0.8,single_path_hotspot,1.0,2
1099321ab240081ba537,unseen_placement_single,distillation_depth_inference,distill_1,distill_0,False,logistic_regression,synchronization_bursty,0.8,single_path_hotspot,1.0,2
99b1de13d74be88c8d1b,unseen_placement_single,distillation_depth_inference,distill_2,distill_0,False,logistic_regression,synchronization_bursty,0.8,single_path_hotspot,1.0,2
496f0d9eb9c6214b3638,unseen_placement_single,distillation_depth_inference,distill_0,distill_0,True,logistic_regression,dense_periodic,0.8,single_path_hotspot,1.0,2
d5b26da6895ca56901e9,unseen_placement_single,distillation_depth_inference,distill_1,distill_0,False,logistic_regression,dense_periodic,0.8,single_path_hotspot,1.0,2
3b8ff6c7f53d81adc6d5,unseen_placement_single,distillation_depth_inference,distill_2,distill_0,False,logistic_regression,dense_periodic,0.8,single_path_hotspot,1.0,2
614a6ac82cc29600963f,unseen_placement_single,distillation_depth_inference,distill_0,distill_0,True,logistic_regression,sparse_periodic,0.8,single_path_hotspot,1.0,2
714b79e52757fb2e690e,unseen_placement_single,distillation_depth_inference,distill_1,distill_0,False,logistic_regression,sparse_periodic,0.8,single_path_hotspot,1.0,2
1a93b74ac145b007f0d8,unseen_placement_single,distillation_depth_inference,distill_2,distill_1,False,logistic_regression,sparse_periodic,0.8,single_path_hotspot,1.0,2
bae98ca90a342228fa96,unseen_placement_single,distillation_depth_inference,distill_0,distill_0,True,logistic_regression,synchronization_bursty,0.8,single_path_hotspot,1.0,2
3fef849e080a46a73dd2,unseen_placement_single,distillation_depth_inference,distill_1,distill_0,False,logistic_regression,synchronization_bursty,0.8,single_path_hotspot,1.0,2
525f5d92f508738a914a,unseen_placement_single,distillation_depth_inference,distill_2,distill_0,False,logistic_regression,synchronization_bursty,0.8,single_path_hotspot,1.0,2
9c63cd18128ee3b408be,unseen_placement_single,protocol_inference,direct_transfer,direct_transfer,True,hist_gradient_boosting,sparse_periodic,0.8,single_path_hotspot,1.0,2
a0e5cd4cfc6975eee169,unseen_placement_single,protocol_inference,on_demand_epr,direct_transfer,False,hist_gradient_boosting,sparse_periodic,0.8,single_path_hotspot,1.0,2
20b324cdbc89cc7f6dc5,unseen_placement_single,protocol_inference,prefetched_epr,direct_transfer,False,hist_gradient_boosting,sparse_periodic,0.8,single_path_hotspot,1.0,2
963207509a70f0497f48,unseen_placement_single,protocol_inference,telegate,direct_transfer,False,hist_gradient_boosting,sparse_periodic,0.8,single_path_hotspot,1.0,2
48913fc2ccccb640d0f6,unseen_placement_single,protocol_inference,teledata,direct_transfer,False,hist_gradient_boosting,sparse_periodic,0.8,single_path_hotspot,1.0,2
3ece82297b764989258e,unseen_placement_single,protocol_inference,direct_transfer,direct_transfer,True,hist_gradient_boosting,dense_periodic,0.8,single_path_hotspot,1.0,2
eed28fad0172f8673708,unseen_placement_single,protocol_inference,on_demand_epr,on_demand_epr,True,hist_gradient_boosting,dense_periodic,0.8,single_path_hotspot,1.0,2
819eab2700376850c29d,unseen_placement_single,protocol_inference,prefetched_epr,on_demand_epr,False,hist_gradient_boosting,dense_periodic,0.8,single_path_hotspot,1.0,2
413ba186dbf0fb69b45b,unseen_placement_single,protocol_inference,telegate,on_demand_epr,False,hist_gradient_boosting,dense_periodic,0.8,single_path_hotspot,1.0,2
a4630b488d87ac1dfade,unseen_placement_single,protocol_inference,teledata,on_demand_epr,False,hist_gradient_boosting,dense_periodic,0.8,single_path_hotspot,1.0,2
29be6f417d77d90fd1c2,unseen_placement_single,protocol_inference,direct_transfer,teledata,False,hist_gradient_boosting,synchronization_bursty,0.8,single_path_hotspot,1.0,2
b1d5259f947085421528,unseen_placement_single,protocol_inference,on_demand_epr,teledata,False,hist_gradient_boosting,synchronization_bursty,0.8,single_path_hotspot,1.0,2
b51827f1a2e737341eee,unseen_placement_single,protocol_inference,prefetched_epr,teledata,False,hist_gradient_boosting,synchronization_bursty,0.8,single_path_hotspot,1.0,2
10175abbaa466bc3a2ef,unseen_placement_single,protocol_inference,telegate,teledata,False,hist_gradient_boosting,synchronization_bursty,0.8,single_path_hotspot,1.0,2
4065a5d8d0ca8ba28f94,unseen_placement_single,protocol_inference,teledata,direct_transfer,False,hist_gradient_boosting,synchronization_bursty,0.8,single_path_hotspot,1.0,2
de983e3b7c0843bcaf65,unseen_placement_single,protocol_inference,direct_transfer,direct_transfer,True,hist_gradient_boosting,dense_periodic,0.8,single_path_hotspot,1.0,2
ab1911eb00e96842f9fb,unseen_placement_single,protocol_inference,on_demand_epr,on_demand_epr,True,hist_gradient_boosting,dense_periodic,0.8,single_path_hotspot,1.0,2
5e6e4d6eeaa8ddc6ea7e,unseen_placement_single,protocol_inference,prefetched_epr,on_demand_epr,False,hist_gradient_boosting,dense_periodic,0.8,single_path_hotspot,1.0,2
ca56b894f9a2b5fa7db1,unseen_placement_single,protocol_inference,telegate,on_demand_epr,False,hist_gradient_boosting,dense_periodic,0.8,single_path_hotspot,1.0,2
42ec3926c7a214d9f9d0,unseen_placement_single,protocol_inference,teledata,teledata,True,hist_gradient_boosting,dense_periodic,0.8,single_path_hotspot,1.0,2
e7e1c5165969e3880663,unseen_placement_single,protocol_inference,direct_transfer,direct_transfer,True,hist_gradient_boosting,sparse_periodic,0.8,single_path_hotspot,1.0,2
3534e6eb05cf3936a052,unseen_placement_single,protocol_inference,on_demand_epr,on_demand_epr,True,hist_gradient_boosting,sparse_periodic,0.8,single_path_hotspot,1.0,2
1680a52fa30349c2f4bd,unseen_placement_single,protocol_inference,prefetched_epr,on_demand_epr,False,hist_gradient_boosting,sparse_periodic,0.8,single_path_hotspot,1.0,2
5d2acb454d766012bc96,unseen_placement_single,protocol_inference,telegate,on_demand_epr,False,hist_gradient_boosting,sparse_periodic,0.8,single_path_hotspot,1.0,2
53a3e3a58db676f717b9,unseen_placement_single,protocol_inference,teledata,on_demand_epr,False,hist_gradient_boosting,sparse_periodic,0.8,single_path_hotspot,1.0,2
65b150daf13fab948a87,unseen_placement_single,protocol_inference,direct_transfer,direct_transfer,True,hist_gradient_boosting,synchronization_bursty,0.8,single_path_hotspot,1.0,2
de182cd6d78087978a82,unseen_placement_single,protocol_inference,on_demand_epr,direct_transfer,False,hist_gradient_boosting,synchronization_bursty,0.8,single_path_hotspot,1.0,2
e29fe3e2c7e22a687552,unseen_placement_single,protocol_inference,prefetched_epr,direct_transfer,False,hist_gradient_boosting,synchronization_bursty,0.8,single_path_hotspot,1.0,2
126ac6085791ac59881d,unseen_placement_single,protocol_inference,telegate,direct_transfer,False,hist_gradient_boosting,synchronization_bursty,0.8,single_path_hotspot,1.0,2
6ab4099d9f3def057898,unseen_placement_single,protocol_inference,teledata,direct_transfer,False,hist_gradient_boosting,synchronization_bursty,0.8,single_path_hotspot,1.0,2
4387bee94c4a070d483b,unseen_placement_single,protocol_label_only_control,direct_transfer,telegate,False,random_forest,sparse_periodic,0.8,single_path_hotspot,1.0,2
1ccadcbb0d89faf63c8d,unseen_placement_single,protocol_label_only_control,on_demand_epr,telegate,False,random_forest,sparse_periodic,0.8,single_path_hotspot,1.0,2
e3acd0bbf7117e295437,unseen_placement_single,protocol_label_only_control,prefetched_epr,telegate,False,random_forest,sparse_periodic,0.8,single_path_hotspot,1.0,2
e1685974aa154758f1c5,unseen_placement_single,protocol_label_only_control,telegate,telegate,True,random_forest,sparse_periodic,0.8,single_path_hotspot,1.0,2
ecf1f85c41259d32b6f4,unseen_placement_single,protocol_label_only_control,teledata,telegate,False,random_forest,sparse_periodic,0.8,single_path_hotspot,1.0,2
be44d88352f55b95c41c,unseen_placement_single,protocol_label_only_control,direct_transfer,prefetched_epr,False,random_forest,dense_periodic,0.8,single_path_hotspot,1.0,2
a8637d66f2db4311e6cd,unseen_placement_single,protocol_label_only_control,on_demand_epr,prefetched_epr,False,random_forest,dense_periodic,0.8,single_path_hotspot,1.0,2
c9bc2eabd928e2444fc0,unseen_placement_single,protocol_label_only_control,prefetched_epr,prefetched_epr,True,random_forest,dense_periodic,0.8,single_path_hotspot,1.0,2
2e88b65dd57bc8656bc3,unseen_placement_single,protocol_label_only_control,telegate,prefetched_epr,False,random_forest,dense_periodic,0.8,single_path_hotspot,1.0,2
80c5d9bdd1bcbea2b420,unseen_placement_single,protocol_label_only_control,teledata,prefetched_epr,False,random_forest,dense_periodic,0.8,single_path_hotspot,1.0,2
fefa3dd3a7659fea72dd,unseen_placement_single,protocol_label_only_control,direct_transfer,on_demand_epr,False,random_forest,synchronization_bursty,0.8,single_path_hotspot,1.0,2
e63f9a84da9d9b0dbe9d,unseen_placement_single,protocol_label_only_control,on_demand_epr,on_demand_epr,True,random_forest,synchronization_bursty,0.8,single_path_hotspot,1.0,2
80db1baf4ece40f057ac,unseen_placement_single,protocol_label_only_control,prefetched_epr,on_demand_epr,False,random_forest,synchronization_bursty,0.8,single_path_hotspot,1.0,2
f60bbacfa8972c3a5a9b,unseen_placement_single,protocol_label_only_control,telegate,on_demand_epr,False,random_forest,synchronization_bursty,0.8,single_path_hotspot,1.0,2
7577a2331da9ef4b79a3,unseen_placement_single,protocol_label_only_control,teledata,on_demand_epr,False,random_forest,synchronization_bursty,0.8,single_path_hotspot,1.0,2
917e610751e44a0db331,unseen_placement_single,protocol_label_only_control,direct_transfer,prefetched_epr,False,random_forest,dense_periodic,0.8,single_path_hotspot,1.0,2
4e0a946a567fada8de9b,unseen_placement_single,protocol_label_only_control,on_demand_epr,prefetched_epr,False,random_forest,dense_periodic,0.8,single_path_hotspot,1.0,2
2808bbb96dec9a64f927,unseen_placement_single,protocol_label_only_control,prefetched_epr,prefetched_epr,True,random_forest,dense_periodic,0.8,single_path_hotspot,1.0,2
399fe080a83ff5de9499,unseen_placement_single,protocol_label_only_control,telegate,prefetched_epr,False,random_forest,dense_periodic,0.8,single_path_hotspot,1.0,2
efebcab1b8e22ef1fc02,unseen_placement_single,protocol_label_only_control,teledata,prefetched_epr,False,random_forest,dense_periodic,0.8,single_path_hotspot,1.0,2
6230895b4ffae484c58f,unseen_placement_single,protocol_label_only_control,direct_transfer,prefetched_epr,False,random_forest,sparse_periodic,0.8,single_path_hotspot,1.0,2
9892751d6df449b0ec29,unseen_placement_single,protocol_label_only_control,on_demand_epr,prefetched_epr,False,random_forest,sparse_periodic,0.8,single_path_hotspot,1.0,2
a6a10276b0c3d5606977,unseen_placement_single,protocol_label_only_control,prefetched_epr,prefetched_epr,True,random_forest,sparse_periodic,0.8,single_path_hotspot,1.0,2
2f7cbc938702ad75dfb7,unseen_placement_single,protocol_label_only_control,telegate,prefetched_epr,False,random_forest,sparse_periodic,0.8,single_path_hotspot,1.0,2
8d9f436e17c8d52c3463,unseen_placement_single,protocol_label_only_control,teledata,prefetched_epr,False,random_forest,sparse_periodic,0.8,single_path_hotspot,1.0,2
2014b177f62e9cb4ac7b,unseen_placement_single,protocol_label_only_control,direct_transfer,on_demand_epr,False,random_forest,synchronization_bursty,0.8,single_path_hotspot,1.0,2
6159b569b510de0fed14,unseen_placement_single,protocol_label_only_control,on_demand_epr,on_demand_epr,True,random_forest,synchronization_bursty,0.8,single_path_hotspot,1.0,2
da886fed67e45e8443e3,unseen_placement_single,protocol_label_only_control,prefetched_epr,on_demand_epr,False,random_forest,synchronization_bursty,0.8,single_path_hotspot,1.0,2
ef03a216f6fa6c57f5b9,unseen_placement_single,protocol_label_only_control,telegate,on_demand_epr,False,random_forest,synchronization_bursty,0.8,single_path_hotspot,1.0,2
952a2cb8b20b8df166e3,unseen_placement_single,protocol_label_only_control,teledata,on_demand_epr,False,random_forest,synchronization_bursty,0.8,single_path_hotspot,1.0,2
e68f5d6e9aae82903453,unseen_placement_single,retry_policy_inference,retry_1,retry_1,True,logistic_regression,sparse_periodic,0.8,single_path_hotspot,1.0,2
1a13babfd6352d5943a7,unseen_placement_single,retry_policy_inference,retry_2,retry_1,False,logistic_regression,sparse_periodic,0.8,single_path_hotspot,1.0,2
c71792aee1b25ce69919,unseen_placement_single,retry_policy_inference,retry_4,retry_1,False,logistic_regression,sparse_periodic,0.8,single_path_hotspot,1.0,2
82dd59c5cdde7c7e1b92,unseen_placement_single,retry_policy_inference,retry_1,retry_4,False,logistic_regression,dense_periodic,0.8,single_path_hotspot,1.0,2
9382e4c4c3bbab6749a4,unseen_placement_single,retry_policy_inference,retry_2,retry_4,False,logistic_regression,dense_periodic,0.8,single_path_hotspot,1.0,2
c9364246bbc4ab65f19d,unseen_placement_single,retry_policy_inference,retry_4,retry_4,True,logistic_regression,dense_periodic,0.8,single_path_hotspot,1.0,2
f3a5c216970c9cf6967f,unseen_placement_single,retry_policy_inference,retry_1,retry_1,True,logistic_regression,synchronization_bursty,0.8,single_path_hotspot,1.0,2
6b71424853aed2e4b212,unseen_placement_single,retry_policy_inference,retry_2,retry_4,False,logistic_regression,synchronization_bursty,0.8,single_path_hotspot,1.0,2
80edfba8977908053940,unseen_placement_single,retry_policy_inference,retry_4,retry_4,True,logistic_regression,synchronization_bursty,0.8,single_path_hotspot,1.0,2
f667043b2469e9795cd9,unseen_placement_single,retry_policy_inference,retry_1,retry_1,True,logistic_regression,dense_periodic,0.8,single_path_hotspot,1.0,2
81366344eff3c225d69c,unseen_placement_single,retry_policy_inference,retry_2,retry_1,False,logistic_regression,dense_periodic,0.8,single_path_hotspot,1.0,2
ff9f4df75f2050007dfe,unseen_placement_single,retry_policy_inference,retry_4,retry_4,True,logistic_regression,dense_periodic,0.8,single_path_hotspot,1.0,2
8b70978995bb3e7d780e,unseen_placement_single,retry_policy_inference,retry_1,retry_2,False,logistic_regression,sparse_periodic,0.8,single_path_hotspot,1.0,2
3d975545ca8f92f5aa8c,unseen_placement_single,retry_policy_inference,retry_2,retry_2,True,logistic_regression,sparse_periodic,0.8,single_path_hotspot,1.0,2
5e87074c1fb36b79a623,unseen_placement_single,retry_policy_inference,retry_4,retry_2,False,logistic_regression,sparse_periodic,0.8,single_path_hotspot,1.0,2
70e21e8e0385a751c4e3,unseen_placement_single,retry_policy_inference,retry_1,retry_4,False,logistic_regression,synchronization_bursty,0.8,single_path_hotspot,1.0,2
7e087b24119491351ce8,unseen_placement_single,retry_policy_inference,retry_2,retry_4,False,logistic_regression,synchronization_bursty,0.8,single_path_hotspot,1.0,2
1326678204bd68f8ced3,unseen_placement_single,retry_policy_inference,retry_4,retry_4,True,logistic_regression,synchronization_bursty,0.8,single_path_hotspot,1.0,2
784503b426e23c542610,unseen_placement_single,service_class_inference,low_latency,low_latency,True,logistic_regression,sparse_periodic,0.8,single_path_hotspot,1.0,2
c41667744898633f92d4,unseen_placement_single,service_class_inference,high_fidelity,low_latency,False,logistic_regression,sparse_periodic,0.8,single_path_hotspot,1.0,2
40aa0cd75fc8e70102e8,unseen_placement_single,service_class_inference,low_latency,low_latency,True,logistic_regression,dense_periodic,0.8,single_path_hotspot,1.0,2
ddef72fe85e997291a80,unseen_placement_single,service_class_inference,high_fidelity,low_latency,False,logistic_regression,dense_periodic,0.8,single_path_hotspot,1.0,2
be95e7bd3c5f80b9f96c,unseen_placement_single,service_class_inference,low_latency,low_latency,True,logistic_regression,synchronization_bursty,0.8,single_path_hotspot,1.0,2
2bb2c3574b817f64c255,unseen_placement_single,service_class_inference,high_fidelity,low_latency,False,logistic_regression,synchronization_bursty,0.8,single_path_hotspot,1.0,2
1a180da25b43dfebc4b5,unseen_placement_single,service_class_inference,low_latency,low_latency,True,logistic_regression,dense_periodic,0.8,single_path_hotspot,1.0,2
7396d64bf2090d8b4a34,unseen_placement_single,service_class_inference,high_fidelity,low_latency,False,logistic_regression,dense_periodic,0.8,single_path_hotspot,1.0,2
e722f260c13d720c846e,unseen_placement_single,service_class_inference,low_latency,low_latency,True,logistic_regression,sparse_periodic,0.8,single_path_hotspot,1.0,2
de72ae66c7db6d4b43d8,unseen_placement_single,service_class_inference,high_fidelity,low_latency,False,logistic_regression,sparse_periodic,0.8,single_path_hotspot,1.0,2
8d0ebc47215a7d333d27,unseen_placement_single,service_class_inference,low_latency,low_latency,True,logistic_regression,synchronization_bursty,0.8,single_path_hotspot,1.0,2
91b81b602f6f0c5df3fb,unseen_placement_single,service_class_inference,high_fidelity,low_latency,False,logistic_regression,synchronization_bursty,0.8,single_path_hotspot,1.0,2
821dcf006669cb28a8c0,unseen_placement_single,service_label_only_control,low_latency,low_latency,True,random_forest,sparse_periodic,0.8,single_path_hotspot,1.0,2
ee5f744d7a8072582943,unseen_placement_single,service_label_only_control,high_fidelity,low_latency,False,random_forest,sparse_periodic,0.8,single_path_hotspot,1.0,2
41f3860f73164613290e,unseen_placement_single,service_label_only_control,low_latency,high_fidelity,False,random_forest,dense_periodic,0.8,single_path_hotspot,1.0,2
7b75cd9804eb7759790b,unseen_placement_single,service_label_only_control,high_fidelity,high_fidelity,True,random_forest,dense_periodic,0.8,single_path_hotspot,1.0,2
ac7355e2486f02529982,unseen_placement_single,service_label_only_control,low_latency,high_fidelity,False,random_forest,synchronization_bursty,0.8,single_path_hotspot,1.0,2
60e4548669220c8a48a9,unseen_placement_single,service_label_only_control,high_fidelity,high_fidelity,True,random_forest,synchronization_bursty,0.8,single_path_hotspot,1.0,2
272c079070acde23b569,unseen_placement_single,service_label_only_control,low_latency,high_fidelity,False,random_forest,dense_periodic,0.8,single_path_hotspot,1.0,2
ea8ce7e44b07f0f88e1c,unseen_placement_single,service_label_only_control,high_fidelity,high_fidelity,True,random_forest,dense_periodic,0.8,single_path_hotspot,1.0,2
0aa3ff174832cb57d2b1,unseen_placement_single,service_label_only_control,low_latency,high_fidelity,False,random_forest,sparse_periodic,0.8,single_path_hotspot,1.0,2
cdc9c738ee333451e373,unseen_placement_single,service_label_only_control,high_fidelity,high_fidelity,True,random_forest,sparse_periodic,0.8,single_path_hotspot,1.0,2
f6ae5609a23cde40db9d,unseen_placement_single,service_label_only_control,low_latency,high_fidelity,False,random_forest,synchronization_bursty,0.8,single_path_hotspot,1.0,2
3834a5e9408fd89d2158,unseen_placement_single,service_label_only_control,high_fidelity,high_fidelity,True,random_forest,synchronization_bursty,0.8,single_path_hotspot,1.0,2
1a881781f1d0bdf3f9e8,unseen_placement_two_path,distillation_depth_inference,distill_0,distill_0,True,logistic_regression,sparse_periodic,0.8,two_path_skewed,1.0,2
56d5701cb0d8a76607f4,unseen_placement_two_path,distillation_depth_inference,distill_1,distill_0,False,logistic_regression,sparse_periodic,0.8,two_path_skewed,1.0,2
ea7e5ca1f0c00b3f27fd,unseen_placement_two_path,distillation_depth_inference,distill_2,distill_1,False,logistic_regression,sparse_periodic,0.8,two_path_skewed,1.0,2
1662f9a80cac8d34db20,unseen_placement_two_path,distillation_depth_inference,distill_0,distill_0,True,logistic_regression,dense_periodic,0.8,two_path_skewed,1.0,2
fd33cb353d3f42d76631,unseen_placement_two_path,distillation_depth_inference,distill_1,distill_0,False,logistic_regression,dense_periodic,0.8,two_path_skewed,1.0,2
47417608424ab557d07c,unseen_placement_two_path,distillation_depth_inference,distill_2,distill_0,False,logistic_regression,dense_periodic,0.8,two_path_skewed,1.0,2
a7baf506e287302d95a4,unseen_placement_two_path,distillation_depth_inference,distill_0,distill_0,True,logistic_regression,synchronization_bursty,0.8,two_path_skewed,1.0,2
abf0c793b8a87cb05262,unseen_placement_two_path,distillation_depth_inference,distill_1,distill_0,False,logistic_regression,synchronization_bursty,0.8,two_path_skewed,1.0,2
0a2c75534d61d003268d,unseen_placement_two_path,distillation_depth_inference,distill_2,distill_0,False,logistic_regression,synchronization_bursty,0.8,two_path_skewed,1.0,2
6ccf91bdb40e110dc4ef,unseen_placement_two_path,distillation_depth_inference,distill_0,distill_0,True,logistic_regression,dense_periodic,0.8,two_path_skewed,1.0,2
1b74bf352387c0735288,unseen_placement_two_path,distillation_depth_inference,distill_1,distill_0,False,logistic_regression,dense_periodic,0.8,two_path_skewed,1.0,2
0d6c55302714d3c3cbaf,unseen_placement_two_path,distillation_depth_inference,distill_2,distill_0,False,logistic_regression,dense_periodic,0.8,two_path_skewed,1.0,2
af79624b0946d7580b77,unseen_placement_two_path,distillation_depth_inference,distill_0,distill_0,True,logistic_regression,sparse_periodic,0.8,two_path_skewed,1.0,2
266da04d69e5e3583113,unseen_placement_two_path,distillation_depth_inference,distill_1,distill_0,False,logistic_regression,sparse_periodic,0.8,two_path_skewed,1.0,2
c22adba012addee3e805,unseen_placement_two_path,distillation_depth_inference,distill_2,distill_1,False,logistic_regression,sparse_periodic,0.8,two_path_skewed,1.0,2
2f1c4bc8725e13158d2a,unseen_placement_two_path,distillation_depth_inference,distill_0,distill_0,True,logistic_regression,synchronization_bursty,0.8,two_path_skewed,1.0,2
dc5fc145e6f5d964d641,unseen_placement_two_path,distillation_depth_inference,distill_1,distill_0,False,logistic_regression,synchronization_bursty,0.8,two_path_skewed,1.0,2
e09bbba2ca1b8137eb69,unseen_placement_two_path,distillation_depth_inference,distill_2,distill_0,False,logistic_regression,synchronization_bursty,0.8,two_path_skewed,1.0,2
b3d8dfbef7c0b5472121,unseen_placement_two_path,protocol_inference,direct_transfer,direct_transfer,True,hist_gradient_boosting,sparse_periodic,0.8,two_path_skewed,1.0,2
b4b806027febb653f2ad,unseen_placement_two_path,protocol_inference,on_demand_epr,direct_transfer,False,hist_gradient_boosting,sparse_periodic,0.8,two_path_skewed,1.0,2
c9a9d84e4dede5100431,unseen_placement_two_path,protocol_inference,prefetched_epr,on_demand_epr,False,hist_gradient_boosting,sparse_periodic,0.8,two_path_skewed,1.0,2
34b6e9d3c365956d9a1b,unseen_placement_two_path,protocol_inference,telegate,direct_transfer,False,hist_gradient_boosting,sparse_periodic,0.8,two_path_skewed,1.0,2
0aa8ce5d1e4b00137590,unseen_placement_two_path,protocol_inference,teledata,direct_transfer,False,hist_gradient_boosting,sparse_periodic,0.8,two_path_skewed,1.0,2
281d393b435f4948ece9,unseen_placement_two_path,protocol_inference,direct_transfer,on_demand_epr,False,hist_gradient_boosting,dense_periodic,0.8,two_path_skewed,1.0,2
a30dececb03b55242e5b,unseen_placement_two_path,protocol_inference,on_demand_epr,on_demand_epr,True,hist_gradient_boosting,dense_periodic,0.8,two_path_skewed,1.0,2
50aa33e394c3f26d17bf,unseen_placement_two_path,protocol_inference,prefetched_epr,on_demand_epr,False,hist_gradient_boosting,dense_periodic,0.8,two_path_skewed,1.0,2
b2f9a1ec6934b62a85ed,unseen_placement_two_path,protocol_inference,telegate,on_demand_epr,False,hist_gradient_boosting,dense_periodic,0.8,two_path_skewed,1.0,2
82d35eda863f2c8b3682,unseen_placement_two_path,protocol_inference,teledata,on_demand_epr,False,hist_gradient_boosting,dense_periodic,0.8,two_path_skewed,1.0,2
b2968147f664a81c6074,unseen_placement_two_path,protocol_inference,direct_transfer,teledata,False,hist_gradient_boosting,synchronization_bursty,0.8,two_path_skewed,1.0,2
58342819a3f8970426b4,unseen_placement_two_path,protocol_inference,on_demand_epr,prefetched_epr,False,hist_gradient_boosting,synchronization_bursty,0.8,two_path_skewed,1.0,2
1fc8420791df8d1aa824,unseen_placement_two_path,protocol_inference,prefetched_epr,on_demand_epr,False,hist_gradient_boosting,synchronization_bursty,0.8,two_path_skewed,1.0,2
ab1b2c17958c50e2622a,unseen_placement_two_path,protocol_inference,telegate,prefetched_epr,False,hist_gradient_boosting,synchronization_bursty,0.8,two_path_skewed,1.0,2
5532f3287755204839b5,unseen_placement_two_path,protocol_inference,teledata,teledata,True,hist_gradient_boosting,synchronization_bursty,0.8,two_path_skewed,1.0,2
3d7bb8151ce245031abc,unseen_placement_two_path,protocol_inference,direct_transfer,direct_transfer,True,hist_gradient_boosting,dense_periodic,0.8,two_path_skewed,1.0,2
4d0abe24801170b7564f,unseen_placement_two_path,protocol_inference,on_demand_epr,on_demand_epr,True,hist_gradient_boosting,dense_periodic,0.8,two_path_skewed,1.0,2
e0beeae5b74a455fd56c,unseen_placement_two_path,protocol_inference,prefetched_epr,on_demand_epr,False,hist_gradient_boosting,dense_periodic,0.8,two_path_skewed,1.0,2
dea5fa688a22191987bb,unseen_placement_two_path,protocol_inference,telegate,on_demand_epr,False,hist_gradient_boosting,dense_periodic,0.8,two_path_skewed,1.0,2
9ea6d9f77f5107c765db,unseen_placement_two_path,protocol_inference,teledata,teledata,True,hist_gradient_boosting,dense_periodic,0.8,two_path_skewed,1.0,2
2a8dd61edffa174d649c,unseen_placement_two_path,protocol_inference,direct_transfer,direct_transfer,True,hist_gradient_boosting,sparse_periodic,0.8,two_path_skewed,1.0,2
cdbde1158ce4277bd8ec,unseen_placement_two_path,protocol_inference,on_demand_epr,on_demand_epr,True,hist_gradient_boosting,sparse_periodic,0.8,two_path_skewed,1.0,2
2f7edb9a55c4dc4356f4,unseen_placement_two_path,protocol_inference,prefetched_epr,on_demand_epr,False,hist_gradient_boosting,sparse_periodic,0.8,two_path_skewed,1.0,2
10e58822f0b6ada08cc5,unseen_placement_two_path,protocol_inference,telegate,on_demand_epr,False,hist_gradient_boosting,sparse_periodic,0.8,two_path_skewed,1.0,2
9c781b75c7ca537c18ed,unseen_placement_two_path,protocol_inference,teledata,on_demand_epr,False,hist_gradient_boosting,sparse_periodic,0.8,two_path_skewed,1.0,2
23dbca3bb506db280c03,unseen_placement_two_path,protocol_inference,direct_transfer,teledata,False,hist_gradient_boosting,synchronization_bursty,0.8,two_path_skewed,1.0,2
62c8c7598f338cc86916,unseen_placement_two_path,protocol_inference,on_demand_epr,teledata,False,hist_gradient_boosting,synchronization_bursty,0.8,two_path_skewed,1.0,2
7997f855e9c471ac61ba,unseen_placement_two_path,protocol_inference,prefetched_epr,prefetched_epr,True,hist_gradient_boosting,synchronization_bursty,0.8,two_path_skewed,1.0,2
8979a6abb611a5c15739,unseen_placement_two_path,protocol_inference,telegate,teledata,False,hist_gradient_boosting,synchronization_bursty,0.8,two_path_skewed,1.0,2
bf5be64868d0d82657cf,unseen_placement_two_path,protocol_inference,teledata,teledata,True,hist_gradient_boosting,synchronization_bursty,0.8,two_path_skewed,1.0,2
3d80e9cc7f052cfc35f1,unseen_placement_two_path,protocol_label_only_control,direct_transfer,telegate,False,random_forest,sparse_periodic,0.8,two_path_skewed,1.0,2
d1be13884733080db6c3,unseen_placement_two_path,protocol_label_only_control,on_demand_epr,telegate,False,random_forest,sparse_periodic,0.8,two_path_skewed,1.0,2
db95f3f5d09a8345916d,unseen_placement_two_path,protocol_label_only_control,prefetched_epr,telegate,False,random_forest,sparse_periodic,0.8,two_path_skewed,1.0,2
762a86eab4a0e3f99de0,unseen_placement_two_path,protocol_label_only_control,telegate,telegate,True,random_forest,sparse_periodic,0.8,two_path_skewed,1.0,2
e30c61e94340ef581c08,unseen_placement_two_path,protocol_label_only_control,teledata,telegate,False,random_forest,sparse_periodic,0.8,two_path_skewed,1.0,2
d29c47a6e52b366f1771,unseen_placement_two_path,protocol_label_only_control,direct_transfer,prefetched_epr,False,random_forest,dense_periodic,0.8,two_path_skewed,1.0,2
4efc42c9216af8c57fd9,unseen_placement_two_path,protocol_label_only_control,on_demand_epr,prefetched_epr,False,random_forest,dense_periodic,0.8,two_path_skewed,1.0,2
6a88412ab1da22267c62,unseen_placement_two_path,protocol_label_only_control,prefetched_epr,prefetched_epr,True,random_forest,dense_periodic,0.8,two_path_skewed,1.0,2
3a1b592d4c232bbe4cd2,unseen_placement_two_path,protocol_label_only_control,telegate,prefetched_epr,False,random_forest,dense_periodic,0.8,two_path_skewed,1.0,2
69487e62955d5310f76b,unseen_placement_two_path,protocol_label_only_control,teledata,prefetched_epr,False,random_forest,dense_periodic,0.8,two_path_skewed,1.0,2
3ca6b4f3f4be65c2c2c9,unseen_placement_two_path,protocol_label_only_control,direct_transfer,teledata,False,random_forest,synchronization_bursty,0.8,two_path_skewed,1.0,2
a44d7f5f5f2390062efb,unseen_placement_two_path,protocol_label_only_control,on_demand_epr,teledata,False,random_forest,synchronization_bursty,0.8,two_path_skewed,1.0,2
b5e112f96f0d0b290c8e,unseen_placement_two_path,protocol_label_only_control,prefetched_epr,teledata,False,random_forest,synchronization_bursty,0.8,two_path_skewed,1.0,2
835a333df282c369077d,unseen_placement_two_path,protocol_label_only_control,telegate,teledata,False,random_forest,synchronization_bursty,0.8,two_path_skewed,1.0,2
73579c6bdb6acef01001,unseen_placement_two_path,protocol_label_only_control,teledata,teledata,True,random_forest,synchronization_bursty,0.8,two_path_skewed,1.0,2
63fc2f93662c7587efb0,unseen_placement_two_path,protocol_label_only_control,direct_transfer,prefetched_epr,False,random_forest,dense_periodic,0.8,two_path_skewed,1.0,2
b61eb7029594c8f92346,unseen_placement_two_path,protocol_label_only_control,on_demand_epr,prefetched_epr,False,random_forest,dense_periodic,0.8,two_path_skewed,1.0,2
401946e777e7f28a6c31,unseen_placement_two_path,protocol_label_only_control,prefetched_epr,prefetched_epr,True,random_forest,dense_periodic,0.8,two_path_skewed,1.0,2
95951e41fc7c79b30e2f,unseen_placement_two_path,protocol_label_only_control,telegate,prefetched_epr,False,random_forest,dense_periodic,0.8,two_path_skewed,1.0,2
d8fa20be55a22b91e6a4,unseen_placement_two_path,protocol_label_only_control,teledata,prefetched_epr,False,random_forest,dense_periodic,0.8,two_path_skewed,1.0,2
630552c6f812fecd4b2e,unseen_placement_two_path,protocol_label_only_control,direct_transfer,telegate,False,random_forest,sparse_periodic,0.8,two_path_skewed,1.0,2
f89d5e3b5da17d45ae3f,unseen_placement_two_path,protocol_label_only_control,on_demand_epr,telegate,False,random_forest,sparse_periodic,0.8,two_path_skewed,1.0,2
8dc51bedab1b912cda52,unseen_placement_two_path,protocol_label_only_control,prefetched_epr,telegate,False,random_forest,sparse_periodic,0.8,two_path_skewed,1.0,2
e92f376d7cc60ff77f3c,unseen_placement_two_path,protocol_label_only_control,telegate,telegate,True,random_forest,sparse_periodic,0.8,two_path_skewed,1.0,2
8938aa7cc50b873a7d80,unseen_placement_two_path,protocol_label_only_control,teledata,telegate,False,random_forest,sparse_periodic,0.8,two_path_skewed,1.0,2
f446a0a52a2bdea6c247,unseen_placement_two_path,protocol_label_only_control,direct_transfer,on_demand_epr,False,random_forest,synchronization_bursty,0.8,two_path_skewed,1.0,2
607f00547776ff8b94b4,unseen_placement_two_path,protocol_label_only_control,on_demand_epr,on_demand_epr,True,random_forest,synchronization_bursty,0.8,two_path_skewed,1.0,2
72ec12d71f9680b3fecd,unseen_placement_two_path,protocol_label_only_control,prefetched_epr,on_demand_epr,False,random_forest,synchronization_bursty,0.8,two_path_skewed,1.0,2
896462af383c19feaea4,unseen_placement_two_path,protocol_label_only_control,telegate,on_demand_epr,False,random_forest,synchronization_bursty,0.8,two_path_skewed,1.0,2
1ca5990b6074c54ecb87,unseen_placement_two_path,protocol_label_only_control,teledata,on_demand_epr,False,random_forest,synchronization_bursty,0.8,two_path_skewed,1.0,2
d5fe200554f7568cd5ab,unseen_placement_two_path,retry_policy_inference,retry_1,retry_1,True,logistic_regression,sparse_periodic,0.8,two_path_skewed,1.0,2
9ab4a2bc9232c6a4b324,unseen_placement_two_path,retry_policy_inference,retry_2,retry_1,False,logistic_regression,sparse_periodic,0.8,two_path_skewed,1.0,2
b23b4dd7c16cdc382165,unseen_placement_two_path,retry_policy_inference,retry_4,retry_1,False,logistic_regression,sparse_periodic,0.8,two_path_skewed,1.0,2
e5bab016705ca9195f56,unseen_placement_two_path,retry_policy_inference,retry_1,retry_4,False,logistic_regression,dense_periodic,0.8,two_path_skewed,1.0,2
b79ce7e8d4af08291094,unseen_placement_two_path,retry_policy_inference,retry_2,retry_1,False,logistic_regression,dense_periodic,0.8,two_path_skewed,1.0,2
b54859a5792f085a09db,unseen_placement_two_path,retry_policy_inference,retry_4,retry_4,True,logistic_regression,dense_periodic,0.8,two_path_skewed,1.0,2
8dbc4b317f716b7ad51e,unseen_placement_two_path,retry_policy_inference,retry_1,retry_2,False,logistic_regression,synchronization_bursty,0.8,two_path_skewed,1.0,2
3ca7dede9dfc7bf8803c,unseen_placement_two_path,retry_policy_inference,retry_2,retry_4,False,logistic_regression,synchronization_bursty,0.8,two_path_skewed,1.0,2
59aff0ed538a22d7dd46,unseen_placement_two_path,retry_policy_inference,retry_4,retry_4,True,logistic_regression,synchronization_bursty,0.8,two_path_skewed,1.0,2
c412f2022bb7d9318dad,unseen_placement_two_path,retry_policy_inference,retry_1,retry_4,False,logistic_regression,dense_periodic,0.8,two_path_skewed,1.0,2
49a806eb9d27e5c5ad4a,unseen_placement_two_path,retry_policy_inference,retry_2,retry_4,False,logistic_regression,dense_periodic,0.8,two_path_skewed,1.0,2
80d81f83e20f9d0e1994,unseen_placement_two_path,retry_policy_inference,retry_4,retry_4,True,logistic_regression,dense_periodic,0.8,two_path_skewed,1.0,2
ced26f7711d46388fdfb,unseen_placement_two_path,retry_policy_inference,retry_1,retry_2,False,logistic_regression,sparse_periodic,0.8,two_path_skewed,1.0,2
023ef1dc05bff4268d33,unseen_placement_two_path,retry_policy_inference,retry_2,retry_2,True,logistic_regression,sparse_periodic,0.8,two_path_skewed,1.0,2
ecaa456a8c5b43631bd1,unseen_placement_two_path,retry_policy_inference,retry_4,retry_2,False,logistic_regression,sparse_periodic,0.8,two_path_skewed,1.0,2
1966723a95727b815fb4,unseen_placement_two_path,retry_policy_inference,retry_1,retry_4,False,logistic_regression,synchronization_bursty,0.8,two_path_skewed,1.0,2
41bc0c79a30003ed4871,unseen_placement_two_path,retry_policy_inference,retry_2,retry_4,False,logistic_regression,synchronization_bursty,0.8,two_path_skewed,1.0,2
0694c57bbd17f64ae4f6,unseen_placement_two_path,retry_policy_inference,retry_4,retry_4,True,logistic_regression,synchronization_bursty,0.8,two_path_skewed,1.0,2
65280b9eb9df0f9a7b23,unseen_placement_two_path,service_class_inference,low_latency,low_latency,True,logistic_regression,sparse_periodic,0.8,two_path_skewed,1.0,2
d03293242e89efe801c2,unseen_placement_two_path,service_class_inference,high_fidelity,low_latency,False,logistic_regression,sparse_periodic,0.8,two_path_skewed,1.0,2
41aca85a572e9a608ecd,unseen_placement_two_path,service_class_inference,low_latency,low_latency,True,logistic_regression,dense_periodic,0.8,two_path_skewed,1.0,2
ff1321b39edb99477532,unseen_placement_two_path,service_class_inference,high_fidelity,low_latency,False,logistic_regression,dense_periodic,0.8,two_path_skewed,1.0,2
f947b5c823c9b479659d,unseen_placement_two_path,service_class_inference,low_latency,low_latency,True,logistic_regression,synchronization_bursty,0.8,two_path_skewed,1.0,2
f7a2181f72c615a22e7c,unseen_placement_two_path,service_class_inference,high_fidelity,low_latency,False,logistic_regression,synchronization_bursty,0.8,two_path_skewed,1.0,2
08f01a98942591bd25c4,unseen_placement_two_path,service_class_inference,low_latency,low_latency,True,logistic_regression,dense_periodic,0.8,two_path_skewed,1.0,2
e2190acc15ac8188532d,unseen_placement_two_path,service_class_inference,high_fidelity,low_latency,False,logistic_regression,dense_periodic,0.8,two_path_skewed,1.0,2
d7a8d1dd31d370bb25e8,unseen_placement_two_path,service_class_inference,low_latency,low_latency,True,logistic_regression,sparse_periodic,0.8,two_path_skewed,1.0,2
2fa21f0f8e76ac67c90a,unseen_placement_two_path,service_class_inference,high_fidelity,low_latency,False,logistic_regression,sparse_periodic,0.8,two_path_skewed,1.0,2
4cbf589b1d76e54f4c5d,unseen_placement_two_path,service_class_inference,low_latency,low_latency,True,logistic_regression,synchronization_bursty,0.8,two_path_skewed,1.0,2
a1bd99dbf76d23f71805,unseen_placement_two_path,service_class_inference,high_fidelity,low_latency,False,logistic_regression,synchronization_bursty,0.8,two_path_skewed,1.0,2
988946b0ebbdfb47528b,unseen_placement_two_path,service_label_only_control,low_latency,low_latency,True,random_forest,sparse_periodic,0.8,two_path_skewed,1.0,2
c04b7c5ce10387582d61,unseen_placement_two_path,service_label_only_control,high_fidelity,low_latency,False,random_forest,sparse_periodic,0.8,two_path_skewed,1.0,2
456f78a7e5c27875861f,unseen_placement_two_path,service_label_only_control,low_latency,high_fidelity,False,random_forest,dense_periodic,0.8,two_path_skewed,1.0,2
894588b371a31a4f8d9e,unseen_placement_two_path,service_label_only_control,high_fidelity,high_fidelity,True,random_forest,dense_periodic,0.8,two_path_skewed,1.0,2
c558b9c05b5e026e9bac,unseen_placement_two_path,service_label_only_control,low_latency,high_fidelity,False,random_forest,synchronization_bursty,0.8,two_path_skewed,1.0,2
035bb24a64315029e8cb,unseen_placement_two_path,service_label_only_control,high_fidelity,high_fidelity,True,random_forest,synchronization_bursty,0.8,two_path_skewed,1.0,2
ea31f75cd299219c7867,unseen_placement_two_path,service_label_only_control,low_latency,low_latency,True,random_forest,dense_periodic,0.8,two_path_skewed,1.0,2
699f67620f1fe45a1575,unseen_placement_two_path,service_label_only_control,high_fidelity,low_latency,False,random_forest,dense_periodic,0.8,two_path_skewed,1.0,2
38f9c30b4c1c90df4647,unseen_placement_two_path,service_label_only_control,low_latency,high_fidelity,False,random_forest,sparse_periodic,0.8,two_path_skewed,1.0,2
0a426385ebac5eff4da5,unseen_placement_two_path,service_label_only_control,high_fidelity,high_fidelity,True,random_forest,sparse_periodic,0.8,two_path_skewed,1.0,2
b0dc02f7ecdeb31307a2,unseen_placement_two_path,service_label_only_control,low_latency,high_fidelity,False,random_forest,synchronization_bursty,0.8,two_path_skewed,1.0,2
e2279a15cdd417b9debf,unseen_placement_two_path,service_label_only_control,high_fidelity,high_fidelity,True,random_forest,synchronization_bursty,0.8,two_path_skewed,1.0,2
2a092570ac148ef1992c,unseen_prefetch_large,distillation_depth_inference,distill_0,distill_0,True,logistic_regression,sparse_periodic,0.8,balanced_round_robin,1.0,3
e3995d41b788dcb9c2ca,unseen_prefetch_large,distillation_depth_inference,distill_1,distill_0,False,logistic_regression,sparse_periodic,0.8,balanced_round_robin,1.0,3
11e5472d27d4a34a2ab8,unseen_prefetch_large,distillation_depth_inference,distill_2,distill_1,False,logistic_regression,sparse_periodic,0.8,balanced_round_robin,1.0,3
c38d2a5b2d441c252e9b,unseen_prefetch_large,distillation_depth_inference,distill_0,distill_1,False,logistic_regression,dense_periodic,0.8,balanced_round_robin,1.0,3
a28fab2e3a920c380c5f,unseen_prefetch_large,distillation_depth_inference,distill_1,distill_2,False,logistic_regression,dense_periodic,0.8,balanced_round_robin,1.0,3
ef8d64329feb540c35b6,unseen_prefetch_large,distillation_depth_inference,distill_2,distill_2,True,logistic_regression,dense_periodic,0.8,balanced_round_robin,1.0,3
be8bd909cdbd9444f2ad,unseen_prefetch_large,distillation_depth_inference,distill_0,distill_0,True,logistic_regression,synchronization_bursty,0.8,balanced_round_robin,1.0,3
6c46dce2667072f222fc,unseen_prefetch_large,distillation_depth_inference,distill_1,distill_1,True,logistic_regression,synchronization_bursty,0.8,balanced_round_robin,1.0,3
cd3b5a7f1c1901962371,unseen_prefetch_large,distillation_depth_inference,distill_2,distill_2,True,logistic_regression,synchronization_bursty,0.8,balanced_round_robin,1.0,3
0350d9ca5b78567d0c4a,unseen_prefetch_large,distillation_depth_inference,distill_0,distill_1,False,logistic_regression,dense_periodic,0.8,balanced_round_robin,1.0,3
07b363eee8c500d55708,unseen_prefetch_large,distillation_depth_inference,distill_1,distill_1,True,logistic_regression,dense_periodic,0.8,balanced_round_robin,1.0,3
a716ff95a7b1000845fe,unseen_prefetch_large,distillation_depth_inference,distill_2,distill_2,True,logistic_regression,dense_periodic,0.8,balanced_round_robin,1.0,3
5818ebd136ece488da24,unseen_prefetch_large,distillation_depth_inference,distill_0,distill_0,True,logistic_regression,sparse_periodic,0.8,balanced_round_robin,1.0,3
589038d52ae4c72a68eb,unseen_prefetch_large,distillation_depth_inference,distill_1,distill_0,False,logistic_regression,sparse_periodic,0.8,balanced_round_robin,1.0,3
10309c6ab6b42915d461,unseen_prefetch_large,distillation_depth_inference,distill_2,distill_1,False,logistic_regression,sparse_periodic,0.8,balanced_round_robin,1.0,3
98bf6cf5dae28b59bbb8,unseen_prefetch_large,distillation_depth_inference,distill_0,distill_1,False,logistic_regression,synchronization_bursty,0.8,balanced_round_robin,1.0,3
60f96edf30f95cf0f5a3,unseen_prefetch_large,distillation_depth_inference,distill_1,distill_2,False,logistic_regression,synchronization_bursty,0.8,balanced_round_robin,1.0,3
a25a5fe9b8cf3744ff0e,unseen_prefetch_large,distillation_depth_inference,distill_2,distill_1,False,logistic_regression,synchronization_bursty,0.8,balanced_round_robin,1.0,3
fc06a7d0a8d7ead5c5f5,unseen_prefetch_large,protocol_inference,direct_transfer,on_demand_epr,False,hist_gradient_boosting,sparse_periodic,0.8,balanced_round_robin,1.0,3
f30b4219a376c4d6101c,unseen_prefetch_large,protocol_inference,on_demand_epr,on_demand_epr,True,hist_gradient_boosting,sparse_periodic,0.8,balanced_round_robin,1.0,3
2b91f87ed969df9c389c,unseen_prefetch_large,protocol_inference,prefetched_epr,prefetched_epr,True,hist_gradient_boosting,sparse_periodic,0.8,balanced_round_robin,1.0,3
aa91bfe83225827d5a83,unseen_prefetch_large,protocol_inference,telegate,teledata,False,hist_gradient_boosting,sparse_periodic,0.8,balanced_round_robin,1.0,3
5b738cb8816f49f9cf1b,unseen_prefetch_large,protocol_inference,teledata,prefetched_epr,False,hist_gradient_boosting,sparse_periodic,0.8,balanced_round_robin,1.0,3
329ba6fcb8896d512e43,unseen_prefetch_large,protocol_inference,direct_transfer,direct_transfer,True,hist_gradient_boosting,dense_periodic,0.8,balanced_round_robin,1.0,3
45d63d21bac407a435d7,unseen_prefetch_large,protocol_inference,on_demand_epr,on_demand_epr,True,hist_gradient_boosting,dense_periodic,0.8,balanced_round_robin,1.0,3
7322d61f727dcf4b9ecc,unseen_prefetch_large,protocol_inference,prefetched_epr,prefetched_epr,True,hist_gradient_boosting,dense_periodic,0.8,balanced_round_robin,1.0,3
b2ea6f886044edd82b4a,unseen_prefetch_large,protocol_inference,telegate,prefetched_epr,False,hist_gradient_boosting,dense_periodic,0.8,balanced_round_robin,1.0,3
a76182d7c1f6d207119f,unseen_prefetch_large,protocol_inference,teledata,teledata,True,hist_gradient_boosting,dense_periodic,0.8,balanced_round_robin,1.0,3
ac0fe357dff27e9aed65,unseen_prefetch_large,protocol_inference,direct_transfer,on_demand_epr,False,hist_gradient_boosting,synchronization_bursty,0.8,balanced_round_robin,1.0,3
651e8fbe2dfdbb1b4882,unseen_prefetch_large,protocol_inference,on_demand_epr,on_demand_epr,True,hist_gradient_boosting,synchronization_bursty,0.8,balanced_round_robin,1.0,3
fd18c5849bfed779458d,unseen_prefetch_large,protocol_inference,prefetched_epr,teledata,False,hist_gradient_boosting,synchronization_bursty,0.8,balanced_round_robin,1.0,3
a143a080edeea942e561,unseen_prefetch_large,protocol_inference,telegate,teledata,False,hist_gradient_boosting,synchronization_bursty,0.8,balanced_round_robin,1.0,3
84743b79dc2a6ba1c3ad,unseen_prefetch_large,protocol_inference,teledata,teledata,True,hist_gradient_boosting,synchronization_bursty,0.8,balanced_round_robin,1.0,3
2e4493e287d1ab8ada1b,unseen_prefetch_large,protocol_inference,direct_transfer,direct_transfer,True,hist_gradient_boosting,dense_periodic,0.8,balanced_round_robin,1.0,3
d70117ba7f65dba30b9b,unseen_prefetch_large,protocol_inference,on_demand_epr,on_demand_epr,True,hist_gradient_boosting,dense_periodic,0.8,balanced_round_robin,1.0,3
a33d86dd2cee26ac34a3,unseen_prefetch_large,protocol_inference,prefetched_epr,teledata,False,hist_gradient_boosting,dense_periodic,0.8,balanced_round_robin,1.0,3
e712447c954a55344bc9,unseen_prefetch_large,protocol_inference,telegate,prefetched_epr,False,hist_gradient_boosting,dense_periodic,0.8,balanced_round_robin,1.0,3
4e4638fef7ac7b30acec,unseen_prefetch_large,protocol_inference,teledata,prefetched_epr,False,hist_gradient_boosting,dense_periodic,0.8,balanced_round_robin,1.0,3
929acba5088b9bd666c6,unseen_prefetch_large,protocol_inference,direct_transfer,on_demand_epr,False,hist_gradient_boosting,sparse_periodic,0.8,balanced_round_robin,1.0,3
fd85953a19d4be3f6c5a,unseen_prefetch_large,protocol_inference,on_demand_epr,on_demand_epr,True,hist_gradient_boosting,sparse_periodic,0.8,balanced_round_robin,1.0,3
6b0dd67606275695bcfa,unseen_prefetch_large,protocol_inference,prefetched_epr,teledata,False,hist_gradient_boosting,sparse_periodic,0.8,balanced_round_robin,1.0,3
429cbdd908adaad1f456,unseen_prefetch_large,protocol_inference,telegate,teledata,False,hist_gradient_boosting,sparse_periodic,0.8,balanced_round_robin,1.0,3
0ef0be3b64e7bf3dcc1e,unseen_prefetch_large,protocol_inference,teledata,prefetched_epr,False,hist_gradient_boosting,sparse_periodic,0.8,balanced_round_robin,1.0,3
fbf28a469fa0b2ec4d49,unseen_prefetch_large,protocol_inference,direct_transfer,prefetched_epr,False,hist_gradient_boosting,synchronization_bursty,0.8,balanced_round_robin,1.0,3
902eb97f4edbeb9e6800,unseen_prefetch_large,protocol_inference,on_demand_epr,prefetched_epr,False,hist_gradient_boosting,synchronization_bursty,0.8,balanced_round_robin,1.0,3
245460138e6866dc30de,unseen_prefetch_large,protocol_inference,prefetched_epr,teledata,False,hist_gradient_boosting,synchronization_bursty,0.8,balanced_round_robin,1.0,3
8888525aae682758a0f5,unseen_prefetch_large,protocol_inference,telegate,teledata,False,hist_gradient_boosting,synchronization_bursty,0.8,balanced_round_robin,1.0,3
91aad9274e38472d7818,unseen_prefetch_large,protocol_inference,teledata,teledata,True,hist_gradient_boosting,synchronization_bursty,0.8,balanced_round_robin,1.0,3
fa7872a61b725816ed5f,unseen_prefetch_large,protocol_label_only_control,direct_transfer,telegate,False,random_forest,sparse_periodic,0.8,balanced_round_robin,1.0,3
8267ba2eb2cd6689329c,unseen_prefetch_large,protocol_label_only_control,on_demand_epr,telegate,False,random_forest,sparse_periodic,0.8,balanced_round_robin,1.0,3
9386557e5f68efcb65ba,unseen_prefetch_large,protocol_label_only_control,prefetched_epr,telegate,False,random_forest,sparse_periodic,0.8,balanced_round_robin,1.0,3
dcce63c3a3745cb04808,unseen_prefetch_large,protocol_label_only_control,telegate,telegate,True,random_forest,sparse_periodic,0.8,balanced_round_robin,1.0,3
b55359cd895c629c3f80,unseen_prefetch_large,protocol_label_only_control,teledata,telegate,False,random_forest,sparse_periodic,0.8,balanced_round_robin,1.0,3
aeda76d828c56a012928,unseen_prefetch_large,protocol_label_only_control,direct_transfer,teledata,False,random_forest,dense_periodic,0.8,balanced_round_robin,1.0,3
05405b3889fc953e9c0e,unseen_prefetch_large,protocol_label_only_control,on_demand_epr,teledata,False,random_forest,dense_periodic,0.8,balanced_round_robin,1.0,3
a2a828e5a2330efb1e94,unseen_prefetch_large,protocol_label_only_control,prefetched_epr,teledata,False,random_forest,dense_periodic,0.8,balanced_round_robin,1.0,3
85d6efb5b4664c14bb29,unseen_prefetch_large,protocol_label_only_control,telegate,teledata,False,random_forest,dense_periodic,0.8,balanced_round_robin,1.0,3
d686cd5c6d203b588598,unseen_prefetch_large,protocol_label_only_control,teledata,teledata,True,random_forest,dense_periodic,0.8,balanced_round_robin,1.0,3
601c8f9bc37dda894ca2,unseen_prefetch_large,protocol_label_only_control,direct_transfer,telegate,False,random_forest,synchronization_bursty,0.8,balanced_round_robin,1.0,3
ed1b8ff498372cffaa5e,unseen_prefetch_large,protocol_label_only_control,on_demand_epr,telegate,False,random_forest,synchronization_bursty,0.8,balanced_round_robin,1.0,3
bb8a6e6ad78b2e58fbb2,unseen_prefetch_large,protocol_label_only_control,prefetched_epr,telegate,False,random_forest,synchronization_bursty,0.8,balanced_round_robin,1.0,3
b1890c9ae3136432dedc,unseen_prefetch_large,protocol_label_only_control,telegate,telegate,True,random_forest,synchronization_bursty,0.8,balanced_round_robin,1.0,3
417f9ef10c7cbf4ba4e2,unseen_prefetch_large,protocol_label_only_control,teledata,telegate,False,random_forest,synchronization_bursty,0.8,balanced_round_robin,1.0,3
5fb10db59e35e8fc2031,unseen_prefetch_large,protocol_label_only_control,direct_transfer,telegate,False,random_forest,dense_periodic,0.8,balanced_round_robin,1.0,3
5290f52dd3d98b61a759,unseen_prefetch_large,protocol_label_only_control,on_demand_epr,telegate,False,random_forest,dense_periodic,0.8,balanced_round_robin,1.0,3
8b0834720a40d6042cde,unseen_prefetch_large,protocol_label_only_control,prefetched_epr,telegate,False,random_forest,dense_periodic,0.8,balanced_round_robin,1.0,3
a2934fd9875ce9e6075a,unseen_prefetch_large,protocol_label_only_control,telegate,telegate,True,random_forest,dense_periodic,0.8,balanced_round_robin,1.0,3
4c2b4ab81ea585aa973f,unseen_prefetch_large,protocol_label_only_control,teledata,telegate,False,random_forest,dense_periodic,0.8,balanced_round_robin,1.0,3
29186c25e501c7612015,unseen_prefetch_large,protocol_label_only_control,direct_transfer,telegate,False,random_forest,sparse_periodic,0.8,balanced_round_robin,1.0,3
d986e9c8dd5a334128ba,unseen_prefetch_large,protocol_label_only_control,on_demand_epr,telegate,False,random_forest,sparse_periodic,0.8,balanced_round_robin,1.0,3
acff7e75668768309114,unseen_prefetch_large,protocol_label_only_control,prefetched_epr,telegate,False,random_forest,sparse_periodic,0.8,balanced_round_robin,1.0,3
33bbc210e5eac50bd732,unseen_prefetch_large,protocol_label_only_control,telegate,telegate,True,random_forest,sparse_periodic,0.8,balanced_round_robin,1.0,3
c71a65fb8092b3739f2c,unseen_prefetch_large,protocol_label_only_control,teledata,telegate,False,random_forest,sparse_periodic,0.8,balanced_round_robin,1.0,3
2ba3b8aed4d770b3e4c1,unseen_prefetch_large,protocol_label_only_control,direct_transfer,direct_transfer,True,random_forest,synchronization_bursty,0.8,balanced_round_robin,1.0,3
55b19ed13fe0dff067b6,unseen_prefetch_large,protocol_label_only_control,on_demand_epr,direct_transfer,False,random_forest,synchronization_bursty,0.8,balanced_round_robin,1.0,3
4d7462387ca133d0a9a6,unseen_prefetch_large,protocol_label_only_control,prefetched_epr,direct_transfer,False,random_forest,synchronization_bursty,0.8,balanced_round_robin,1.0,3
52d66b69ae79d405fc56,unseen_prefetch_large,protocol_label_only_control,telegate,direct_transfer,False,random_forest,synchronization_bursty,0.8,balanced_round_robin,1.0,3
610385105b059d3a6873,unseen_prefetch_large,protocol_label_only_control,teledata,direct_transfer,False,random_forest,synchronization_bursty,0.8,balanced_round_robin,1.0,3
37ed36a955ee3cdf2726,unseen_prefetch_large,retry_policy_inference,retry_1,retry_1,True,logistic_regression,sparse_periodic,0.8,balanced_round_robin,1.0,3
d3115e1a8f1f74889cab,unseen_prefetch_large,retry_policy_inference,retry_2,retry_1,False,logistic_regression,sparse_periodic,0.8,balanced_round_robin,1.0,3
626b9912f12673429aec,unseen_prefetch_large,retry_policy_inference,retry_4,retry_1,False,logistic_regression,sparse_periodic,0.8,balanced_round_robin,1.0,3
86113b6b8bcdbedb6af5,unseen_prefetch_large,retry_policy_inference,retry_1,retry_2,False,logistic_regression,dense_periodic,0.8,balanced_round_robin,1.0,3
b6cba9687117ba025889,unseen_prefetch_large,retry_policy_inference,retry_2,retry_2,True,logistic_regression,dense_periodic,0.8,balanced_round_robin,1.0,3
982ffef60b5419864a7b,unseen_prefetch_large,retry_policy_inference,retry_4,retry_2,False,logistic_regression,dense_periodic,0.8,balanced_round_robin,1.0,3
eb105cf747d5a990faf9,unseen_prefetch_large,retry_policy_inference,retry_1,retry_1,True,logistic_regression,synchronization_bursty,0.8,balanced_round_robin,1.0,3
13b80a4072267cb1f9a9,unseen_prefetch_large,retry_policy_inference,retry_2,retry_1,False,logistic_regression,synchronization_bursty,0.8,balanced_round_robin,1.0,3
ad281ba3dfafed943d5d,unseen_prefetch_large,retry_policy_inference,retry_4,retry_1,False,logistic_regression,synchronization_bursty,0.8,balanced_round_robin,1.0,3
005c761c43f948011e6e,unseen_prefetch_large,retry_policy_inference,retry_1,retry_2,False,logistic_regression,dense_periodic,0.8,balanced_round_robin,1.0,3
ee9a2e74a4917d9e5855,unseen_prefetch_large,retry_policy_inference,retry_2,retry_4,False,logistic_regression,dense_periodic,0.8,balanced_round_robin,1.0,3
624d6c3c6d861086373c,unseen_prefetch_large,retry_policy_inference,retry_4,retry_2,False,logistic_regression,dense_periodic,0.8,balanced_round_robin,1.0,3
c5b655638efa49210f0f,unseen_prefetch_large,retry_policy_inference,retry_1,retry_1,True,logistic_regression,sparse_periodic,0.8,balanced_round_robin,1.0,3
c2d4da56911a79a1390f,unseen_prefetch_large,retry_policy_inference,retry_2,retry_1,False,logistic_regression,sparse_periodic,0.8,balanced_round_robin,1.0,3
4cf917cfafdf77cc8409,unseen_prefetch_large,retry_policy_inference,retry_4,retry_1,False,logistic_regression,sparse_periodic,0.8,balanced_round_robin,1.0,3
c72af6200cee95545af5,unseen_prefetch_large,retry_policy_inference,retry_1,retry_2,False,logistic_regression,synchronization_bursty,0.8,balanced_round_robin,1.0,3
24e0a5852976f1942ff1,unseen_prefetch_large,retry_policy_inference,retry_2,retry_4,False,logistic_regression,synchronization_bursty,0.8,balanced_round_robin,1.0,3
518660bba3e2be0008b5,unseen_prefetch_large,retry_policy_inference,retry_4,retry_2,False,logistic_regression,synchronization_bursty,0.8,balanced_round_robin,1.0,3
87d8dfc2b1b7711d235f,unseen_prefetch_large,service_class_inference,low_latency,low_latency,True,logistic_regression,sparse_periodic,0.8,balanced_round_robin,1.0,3
0edc80c705aac20eba7c,unseen_prefetch_large,service_class_inference,high_fidelity,high_fidelity,True,logistic_regression,sparse_periodic,0.8,balanced_round_robin,1.0,3
4981085ed791c4cbed63,unseen_prefetch_large,service_class_inference,low_latency,low_latency,True,logistic_regression,dense_periodic,0.8,balanced_round_robin,1.0,3
d9c8d9979186e710f9bf,unseen_prefetch_large,service_class_inference,high_fidelity,high_fidelity,True,logistic_regression,dense_periodic,0.8,balanced_round_robin,1.0,3
a41fc6e933f4d9e7c897,unseen_prefetch_large,service_class_inference,low_latency,low_latency,True,logistic_regression,synchronization_bursty,0.8,balanced_round_robin,1.0,3
8ae5c1d2c5be5420fd6d,unseen_prefetch_large,service_class_inference,high_fidelity,high_fidelity,True,logistic_regression,synchronization_bursty,0.8,balanced_round_robin,1.0,3
46a8df7f0c578cbba405,unseen_prefetch_large,service_class_inference,low_latency,low_latency,True,logistic_regression,dense_periodic,0.8,balanced_round_robin,1.0,3
dfe90ac064a5d741a26a,unseen_prefetch_large,service_class_inference,high_fidelity,high_fidelity,True,logistic_regression,dense_periodic,0.8,balanced_round_robin,1.0,3
c9b7d40e6205f6b21fdd,unseen_prefetch_large,service_class_inference,low_latency,low_latency,True,logistic_regression,sparse_periodic,0.8,balanced_round_robin,1.0,3
fe40a651c9c9acaa896d,unseen_prefetch_large,service_class_inference,high_fidelity,high_fidelity,True,logistic_regression,sparse_periodic,0.8,balanced_round_robin,1.0,3
9311347699dc3317c7bd,unseen_prefetch_large,service_class_inference,low_latency,high_fidelity,False,logistic_regression,synchronization_bursty,0.8,balanced_round_robin,1.0,3
e3cde7aaf5226523a3ba,unseen_prefetch_large,service_class_inference,high_fidelity,high_fidelity,True,logistic_regression,synchronization_bursty,0.8,balanced_round_robin,1.0,3
ffe38fda11a69b81571c,unseen_prefetch_large,service_label_only_control,low_latency,high_fidelity,False,random_forest,sparse_periodic,0.8,balanced_round_robin,1.0,3
3b102c3fdc251c2a4055,unseen_prefetch_large,service_label_only_control,high_fidelity,high_fidelity,True,random_forest,sparse_periodic,0.8,balanced_round_robin,1.0,3
646cafa025bc30ab9ff1,unseen_prefetch_large,service_label_only_control,low_latency,high_fidelity,False,random_forest,dense_periodic,0.8,balanced_round_robin,1.0,3
000acb29fdf0117b72d4,unseen_prefetch_large,service_label_only_control,high_fidelity,high_fidelity,True,random_forest,dense_periodic,0.8,balanced_round_robin,1.0,3
3d30038ef806030a8a1b,unseen_prefetch_large,service_label_only_control,low_latency,low_latency,True,random_forest,synchronization_bursty,0.8,balanced_round_robin,1.0,3
16b027faa35ff47508f3,unseen_prefetch_large,service_label_only_control,high_fidelity,low_latency,False,random_forest,synchronization_bursty,0.8,balanced_round_robin,1.0,3
b9cd3be8fcc7547569a9,unseen_prefetch_large,service_label_only_control,low_latency,high_fidelity,False,random_forest,dense_periodic,0.8,balanced_round_robin,1.0,3
fbbf41c193e94344b83b,unseen_prefetch_large,service_label_only_control,high_fidelity,high_fidelity,True,random_forest,dense_periodic,0.8,balanced_round_robin,1.0,3
2ff1cca1297d6af757d8,unseen_prefetch_large,service_label_only_control,low_latency,high_fidelity,False,random_forest,sparse_periodic,0.8,balanced_round_robin,1.0,3
69535db7e7a336d13651,unseen_prefetch_large,service_label_only_control,high_fidelity,high_fidelity,True,random_forest,sparse_periodic,0.8,balanced_round_robin,1.0,3
061dc28cc9d4e507eb70,unseen_prefetch_large,service_label_only_control,low_latency,low_latency,True,random_forest,synchronization_bursty,0.8,balanced_round_robin,1.0,3
9aafa9011f3e04ca5752,unseen_prefetch_large,service_label_only_control,high_fidelity,low_latency,False,random_forest,synchronization_bursty,0.8,balanced_round_robin,1.0,3
a596507294308088b2d2,unseen_prefetch_small,distillation_depth_inference,distill_0,distill_0,True,logistic_regression,sparse_periodic,0.8,balanced_round_robin,1.0,1
20ec2ec8ab94c100c3c2,unseen_prefetch_small,distillation_depth_inference,distill_1,distill_0,False,logistic_regression,sparse_periodic,0.8,balanced_round_robin,1.0,1
80597aac97ae73d3ac3b,unseen_prefetch_small,distillation_depth_inference,distill_2,distill_1,False,logistic_regression,sparse_periodic,0.8,balanced_round_robin,1.0,1
e56b6f2d640f9dc901f4,unseen_prefetch_small,distillation_depth_inference,distill_0,distill_1,False,logistic_regression,dense_periodic,0.8,balanced_round_robin,1.0,1
001d980d6f6bdbd94624,unseen_prefetch_small,distillation_depth_inference,distill_1,distill_2,False,logistic_regression,dense_periodic,0.8,balanced_round_robin,1.0,1
307a0b9d4e1efe6f0cf1,unseen_prefetch_small,distillation_depth_inference,distill_2,distill_2,True,logistic_regression,dense_periodic,0.8,balanced_round_robin,1.0,1
9b809d3b64e0773f22b8,unseen_prefetch_small,distillation_depth_inference,distill_0,distill_0,True,logistic_regression,synchronization_bursty,0.8,balanced_round_robin,1.0,1
a42904fce2755110c6a2,unseen_prefetch_small,distillation_depth_inference,distill_1,distill_1,True,logistic_regression,synchronization_bursty,0.8,balanced_round_robin,1.0,1
5129386578b94474915a,unseen_prefetch_small,distillation_depth_inference,distill_2,distill_2,True,logistic_regression,synchronization_bursty,0.8,balanced_round_robin,1.0,1
b7026caef009f1ad7256,unseen_prefetch_small,distillation_depth_inference,distill_0,distill_1,False,logistic_regression,dense_periodic,0.8,balanced_round_robin,1.0,1
8b2b233b484ae9e492f6,unseen_prefetch_small,distillation_depth_inference,distill_1,distill_1,True,logistic_regression,dense_periodic,0.8,balanced_round_robin,1.0,1
44f8a482caa25e0bbae6,unseen_prefetch_small,distillation_depth_inference,distill_2,distill_2,True,logistic_regression,dense_periodic,0.8,balanced_round_robin,1.0,1
ee5f0f701d4e744991e2,unseen_prefetch_small,distillation_depth_inference,distill_0,distill_0,True,logistic_regression,sparse_periodic,0.8,balanced_round_robin,1.0,1
a95942a75ee5a430a08f,unseen_prefetch_small,distillation_depth_inference,distill_1,distill_0,False,logistic_regression,sparse_periodic,0.8,balanced_round_robin,1.0,1
13a770eb82f967e45904,unseen_prefetch_small,distillation_depth_inference,distill_2,distill_1,False,logistic_regression,sparse_periodic,0.8,balanced_round_robin,1.0,1
d92d5b0fe0c2e324d78f,unseen_prefetch_small,distillation_depth_inference,distill_0,distill_1,False,logistic_regression,synchronization_bursty,0.8,balanced_round_robin,1.0,1
18e8df0dd4f1ad8be5f6,unseen_prefetch_small,distillation_depth_inference,distill_1,distill_2,False,logistic_regression,synchronization_bursty,0.8,balanced_round_robin,1.0,1
039ee44e352eed973322,unseen_prefetch_small,distillation_depth_inference,distill_2,distill_1,False,logistic_regression,synchronization_bursty,0.8,balanced_round_robin,1.0,1
ea5d7ef31ef52afdbc20,unseen_prefetch_small,protocol_inference,direct_transfer,on_demand_epr,False,hist_gradient_boosting,sparse_periodic,0.8,balanced_round_robin,1.0,1
9c32ff41828bc984be06,unseen_prefetch_small,protocol_inference,on_demand_epr,on_demand_epr,True,hist_gradient_boosting,sparse_periodic,0.8,balanced_round_robin,1.0,1
7eeea08e531c8637a06e,unseen_prefetch_small,protocol_inference,prefetched_epr,on_demand_epr,False,hist_gradient_boosting,sparse_periodic,0.8,balanced_round_robin,1.0,1
a165fbd1e3d93df9bee9,unseen_prefetch_small,protocol_inference,telegate,on_demand_epr,False,hist_gradient_boosting,sparse_periodic,0.8,balanced_round_robin,1.0,1
d8de17c6cf9ee1f491e8,unseen_prefetch_small,protocol_inference,teledata,on_demand_epr,False,hist_gradient_boosting,sparse_periodic,0.8,balanced_round_robin,1.0,1
f4598dcfb76accf249c1,unseen_prefetch_small,protocol_inference,direct_transfer,direct_transfer,True,hist_gradient_boosting,dense_periodic,0.8,balanced_round_robin,1.0,1
1bea44149228491036dc,unseen_prefetch_small,protocol_inference,on_demand_epr,on_demand_epr,True,hist_gradient_boosting,dense_periodic,0.8,balanced_round_robin,1.0,1
614e3b295e189990aa32,unseen_prefetch_small,protocol_inference,prefetched_epr,on_demand_epr,False,hist_gradient_boosting,dense_periodic,0.8,balanced_round_robin,1.0,1
2c4ddb7ded19e76fa8d8,unseen_prefetch_small,protocol_inference,telegate,on_demand_epr,False,hist_gradient_boosting,dense_periodic,0.8,balanced_round_robin,1.0,1
cb7d17a9c606b8f9ea20,unseen_prefetch_small,protocol_inference,teledata,on_demand_epr,False,hist_gradient_boosting,dense_periodic,0.8,balanced_round_robin,1.0,1
dcf8157aeb885fde4ea3,unseen_prefetch_small,protocol_inference,direct_transfer,on_demand_epr,False,hist_gradient_boosting,synchronization_bursty,0.8,balanced_round_robin,1.0,1
546a59cd6f96ffd98048,unseen_prefetch_small,protocol_inference,on_demand_epr,on_demand_epr,True,hist_gradient_boosting,synchronization_bursty,0.8,balanced_round_robin,1.0,1
0e3f4c5ad7b03f4af346,unseen_prefetch_small,protocol_inference,prefetched_epr,on_demand_epr,False,hist_gradient_boosting,synchronization_bursty,0.8,balanced_round_robin,1.0,1
601e0dbffe468605ac7e,unseen_prefetch_small,protocol_inference,telegate,on_demand_epr,False,hist_gradient_boosting,synchronization_bursty,0.8,balanced_round_robin,1.0,1
be014c3b3032785960d5,unseen_prefetch_small,protocol_inference,teledata,on_demand_epr,False,hist_gradient_boosting,synchronization_bursty,0.8,balanced_round_robin,1.0,1
a7a64e82cd5f0b57aeb0,unseen_prefetch_small,protocol_inference,direct_transfer,direct_transfer,True,hist_gradient_boosting,dense_periodic,0.8,balanced_round_robin,1.0,1
207a9c3f5a5f9e43c54e,unseen_prefetch_small,protocol_inference,on_demand_epr,on_demand_epr,True,hist_gradient_boosting,dense_periodic,0.8,balanced_round_robin,1.0,1
2b5a30b3b69bd16f6a65,unseen_prefetch_small,protocol_inference,prefetched_epr,on_demand_epr,False,hist_gradient_boosting,dense_periodic,0.8,balanced_round_robin,1.0,1
e453659a392ec164a07e,unseen_prefetch_small,protocol_inference,telegate,on_demand_epr,False,hist_gradient_boosting,dense_periodic,0.8,balanced_round_robin,1.0,1
64a5e2b01e3f9996cd94,unseen_prefetch_small,protocol_inference,teledata,on_demand_epr,False,hist_gradient_boosting,dense_periodic,0.8,balanced_round_robin,1.0,1
c0ad39d5a1ef349b1d8b,unseen_prefetch_small,protocol_inference,direct_transfer,on_demand_epr,False,hist_gradient_boosting,sparse_periodic,0.8,balanced_round_robin,1.0,1
42cd3fec69feb28c3047,unseen_prefetch_small,protocol_inference,on_demand_epr,on_demand_epr,True,hist_gradient_boosting,sparse_periodic,0.8,balanced_round_robin,1.0,1
abaee087db51737ab0d0,unseen_prefetch_small,protocol_inference,prefetched_epr,on_demand_epr,False,hist_gradient_boosting,sparse_periodic,0.8,balanced_round_robin,1.0,1
22eb343e803628646003,unseen_prefetch_small,protocol_inference,telegate,direct_transfer,False,hist_gradient_boosting,sparse_periodic,0.8,balanced_round_robin,1.0,1
2a4fbb1b7bcf06ee081c,unseen_prefetch_small,protocol_inference,teledata,on_demand_epr,False,hist_gradient_boosting,sparse_periodic,0.8,balanced_round_robin,1.0,1
1345cdab91e3f0aa540d,unseen_prefetch_small,protocol_inference,direct_transfer,prefetched_epr,False,hist_gradient_boosting,synchronization_bursty,0.8,balanced_round_robin,1.0,1
99bafb359a58bfca22f5,unseen_prefetch_small,protocol_inference,on_demand_epr,prefetched_epr,False,hist_gradient_boosting,synchronization_bursty,0.8,balanced_round_robin,1.0,1
9f6a391fb88699c40ed2,unseen_prefetch_small,protocol_inference,prefetched_epr,on_demand_epr,False,hist_gradient_boosting,synchronization_bursty,0.8,balanced_round_robin,1.0,1
3bec419a800007e6e326,unseen_prefetch_small,protocol_inference,telegate,on_demand_epr,False,hist_gradient_boosting,synchronization_bursty,0.8,balanced_round_robin,1.0,1
1477ee274547a9c03d15,unseen_prefetch_small,protocol_inference,teledata,on_demand_epr,False,hist_gradient_boosting,synchronization_bursty,0.8,balanced_round_robin,1.0,1
876df0c780ac2b0272ff,unseen_prefetch_small,protocol_label_only_control,direct_transfer,prefetched_epr,False,random_forest,sparse_periodic,0.8,balanced_round_robin,1.0,1
a8b0f65dde38e0b2f627,unseen_prefetch_small,protocol_label_only_control,on_demand_epr,prefetched_epr,False,random_forest,sparse_periodic,0.8,balanced_round_robin,1.0,1
e916da6a75c820bdc423,unseen_prefetch_small,protocol_label_only_control,prefetched_epr,prefetched_epr,True,random_forest,sparse_periodic,0.8,balanced_round_robin,1.0,1
91014a781f318b39abde,unseen_prefetch_small,protocol_label_only_control,telegate,prefetched_epr,False,random_forest,sparse_periodic,0.8,balanced_round_robin,1.0,1
2aff3f155f1c4b3064b0,unseen_prefetch_small,protocol_label_only_control,teledata,prefetched_epr,False,random_forest,sparse_periodic,0.8,balanced_round_robin,1.0,1
82ff5802b60cdfc7d299,unseen_prefetch_small,protocol_label_only_control,direct_transfer,prefetched_epr,False,random_forest,dense_periodic,0.8,balanced_round_robin,1.0,1
c4efa3278f5cc827d575,unseen_prefetch_small,protocol_label_only_control,on_demand_epr,prefetched_epr,False,random_forest,dense_periodic,0.8,balanced_round_robin,1.0,1
2271e6a68d994cf75bfb,unseen_prefetch_small,protocol_label_only_control,prefetched_epr,prefetched_epr,True,random_forest,dense_periodic,0.8,balanced_round_robin,1.0,1
02448f58a571785981db,unseen_prefetch_small,protocol_label_only_control,telegate,prefetched_epr,False,random_forest,dense_periodic,0.8,balanced_round_robin,1.0,1
3dafe3c00caad94df21b,unseen_prefetch_small,protocol_label_only_control,teledata,prefetched_epr,False,random_forest,dense_periodic,0.8,balanced_round_robin,1.0,1
e7e4e5a65b3d33a10ce8,unseen_prefetch_small,protocol_label_only_control,direct_transfer,prefetched_epr,False,random_forest,synchronization_bursty,0.8,balanced_round_robin,1.0,1
de13a318663e45c8159c,unseen_prefetch_small,protocol_label_only_control,on_demand_epr,prefetched_epr,False,random_forest,synchronization_bursty,0.8,balanced_round_robin,1.0,1
9aa537370ec3d4462930,unseen_prefetch_small,protocol_label_only_control,prefetched_epr,prefetched_epr,True,random_forest,synchronization_bursty,0.8,balanced_round_robin,1.0,1
aeeed1cc113812667f8c,unseen_prefetch_small,protocol_label_only_control,telegate,prefetched_epr,False,random_forest,synchronization_bursty,0.8,balanced_round_robin,1.0,1
2584bea1e3f93804bb09,unseen_prefetch_small,protocol_label_only_control,teledata,prefetched_epr,False,random_forest,synchronization_bursty,0.8,balanced_round_robin,1.0,1
16fae36f71c9620b0211,unseen_prefetch_small,protocol_label_only_control,direct_transfer,prefetched_epr,False,random_forest,dense_periodic,0.8,balanced_round_robin,1.0,1
f15e90c9c85ccc4053f1,unseen_prefetch_small,protocol_label_only_control,on_demand_epr,prefetched_epr,False,random_forest,dense_periodic,0.8,balanced_round_robin,1.0,1
4b644a9d074f937e4d61,unseen_prefetch_small,protocol_label_only_control,prefetched_epr,prefetched_epr,True,random_forest,dense_periodic,0.8,balanced_round_robin,1.0,1
c0718d923740f01acefd,unseen_prefetch_small,protocol_label_only_control,telegate,prefetched_epr,False,random_forest,dense_periodic,0.8,balanced_round_robin,1.0,1
2d8a386f7bab2b19fe09,unseen_prefetch_small,protocol_label_only_control,teledata,prefetched_epr,False,random_forest,dense_periodic,0.8,balanced_round_robin,1.0,1
3b3d88e94da08d21a590,unseen_prefetch_small,protocol_label_only_control,direct_transfer,prefetched_epr,False,random_forest,sparse_periodic,0.8,balanced_round_robin,1.0,1
888345eefc9d42c78d73,unseen_prefetch_small,protocol_label_only_control,on_demand_epr,prefetched_epr,False,random_forest,sparse_periodic,0.8,balanced_round_robin,1.0,1
0f1278cb7fdde4eaaf15,unseen_prefetch_small,protocol_label_only_control,prefetched_epr,prefetched_epr,True,random_forest,sparse_periodic,0.8,balanced_round_robin,1.0,1
53396369ad7132b296a9,unseen_prefetch_small,protocol_label_only_control,telegate,prefetched_epr,False,random_forest,sparse_periodic,0.8,balanced_round_robin,1.0,1
f5845ccd584d2996cd31,unseen_prefetch_small,protocol_label_only_control,teledata,prefetched_epr,False,random_forest,sparse_periodic,0.8,balanced_round_robin,1.0,1
0fdb95cf9fd7ce2b8d8c,unseen_prefetch_small,protocol_label_only_control,direct_transfer,prefetched_epr,False,random_forest,synchronization_bursty,0.8,balanced_round_robin,1.0,1
09a2cc120854faef0490,unseen_prefetch_small,protocol_label_only_control,on_demand_epr,prefetched_epr,False,random_forest,synchronization_bursty,0.8,balanced_round_robin,1.0,1
c66a20f558b5833c6ca4,unseen_prefetch_small,protocol_label_only_control,prefetched_epr,prefetched_epr,True,random_forest,synchronization_bursty,0.8,balanced_round_robin,1.0,1
8b404f515b435fef352d,unseen_prefetch_small,protocol_label_only_control,telegate,prefetched_epr,False,random_forest,synchronization_bursty,0.8,balanced_round_robin,1.0,1
ef74405874d6a0f47c4c,unseen_prefetch_small,protocol_label_only_control,teledata,prefetched_epr,False,random_forest,synchronization_bursty,0.8,balanced_round_robin,1.0,1
82ba1475996fc9ed1620,unseen_prefetch_small,retry_policy_inference,retry_1,retry_1,True,logistic_regression,sparse_periodic,0.8,balanced_round_robin,1.0,1
6e78f9456aa44f24ebfa,unseen_prefetch_small,retry_policy_inference,retry_2,retry_1,False,logistic_regression,sparse_periodic,0.8,balanced_round_robin,1.0,1
95e906d8f0c338420e69,unseen_prefetch_small,retry_policy_inference,retry_4,retry_1,False,logistic_regression,sparse_periodic,0.8,balanced_round_robin,1.0,1
6a1f7a68ec20047e5561,unseen_prefetch_small,retry_policy_inference,retry_1,retry_2,False,logistic_regression,dense_periodic,0.8,balanced_round_robin,1.0,1
523fc5e281656a07ec6a,unseen_prefetch_small,retry_policy_inference,retry_2,retry_2,True,logistic_regression,dense_periodic,0.8,balanced_round_robin,1.0,1
480d73d303a9d0bc47cf,unseen_prefetch_small,retry_policy_inference,retry_4,retry_2,False,logistic_regression,dense_periodic,0.8,balanced_round_robin,1.0,1
5a6ead535e38f87d1906,unseen_prefetch_small,retry_policy_inference,retry_1,retry_1,True,logistic_regression,synchronization_bursty,0.8,balanced_round_robin,1.0,1
b24675444ca229214d10,unseen_prefetch_small,retry_policy_inference,retry_2,retry_1,False,logistic_regression,synchronization_bursty,0.8,balanced_round_robin,1.0,1
8fd9f25dd7eea85d0ad0,unseen_prefetch_small,retry_policy_inference,retry_4,retry_1,False,logistic_regression,synchronization_bursty,0.8,balanced_round_robin,1.0,1
cd40eada151137b48c62,unseen_prefetch_small,retry_policy_inference,retry_1,retry_2,False,logistic_regression,dense_periodic,0.8,balanced_round_robin,1.0,1
15d2f2e3e0212e8e8c23,unseen_prefetch_small,retry_policy_inference,retry_2,retry_4,False,logistic_regression,dense_periodic,0.8,balanced_round_robin,1.0,1
88c76cc4a42734045c05,unseen_prefetch_small,retry_policy_inference,retry_4,retry_2,False,logistic_regression,dense_periodic,0.8,balanced_round_robin,1.0,1
7bd6b8232fc3b4fb8474,unseen_prefetch_small,retry_policy_inference,retry_1,retry_1,True,logistic_regression,sparse_periodic,0.8,balanced_round_robin,1.0,1
0a98f522fe87c3763b0d,unseen_prefetch_small,retry_policy_inference,retry_2,retry_1,False,logistic_regression,sparse_periodic,0.8,balanced_round_robin,1.0,1
d82211d29d2e36bf5141,unseen_prefetch_small,retry_policy_inference,retry_4,retry_1,False,logistic_regression,sparse_periodic,0.8,balanced_round_robin,1.0,1
6b9afe3628d382ec007e,unseen_prefetch_small,retry_policy_inference,retry_1,retry_2,False,logistic_regression,synchronization_bursty,0.8,balanced_round_robin,1.0,1
2367433473716cbcc29f,unseen_prefetch_small,retry_policy_inference,retry_2,retry_4,False,logistic_regression,synchronization_bursty,0.8,balanced_round_robin,1.0,1
c9e3f7dabdf54e4a594b,unseen_prefetch_small,retry_policy_inference,retry_4,retry_2,False,logistic_regression,synchronization_bursty,0.8,balanced_round_robin,1.0,1
1d77b55b878968ffaddf,unseen_prefetch_small,service_class_inference,low_latency,low_latency,True,logistic_regression,sparse_periodic,0.8,balanced_round_robin,1.0,1
253103931a3783bd2829,unseen_prefetch_small,service_class_inference,high_fidelity,high_fidelity,True,logistic_regression,sparse_periodic,0.8,balanced_round_robin,1.0,1
59bff9170be3098d83ee,unseen_prefetch_small,service_class_inference,low_latency,low_latency,True,logistic_regression,dense_periodic,0.8,balanced_round_robin,1.0,1
5f6c249f43e1da494b13,unseen_prefetch_small,service_class_inference,high_fidelity,high_fidelity,True,logistic_regression,dense_periodic,0.8,balanced_round_robin,1.0,1
e5302f04eb4d6168e6c9,unseen_prefetch_small,service_class_inference,low_latency,low_latency,True,logistic_regression,synchronization_bursty,0.8,balanced_round_robin,1.0,1
a414e8d15348cbfb4cb9,unseen_prefetch_small,service_class_inference,high_fidelity,high_fidelity,True,logistic_regression,synchronization_bursty,0.8,balanced_round_robin,1.0,1
be293f69b44c16e8ea4a,unseen_prefetch_small,service_class_inference,low_latency,low_latency,True,logistic_regression,dense_periodic,0.8,balanced_round_robin,1.0,1
17cf0a5e4ee6456b11d0,unseen_prefetch_small,service_class_inference,high_fidelity,high_fidelity,True,logistic_regression,dense_periodic,0.8,balanced_round_robin,1.0,1
b14112dcdf2456f2c71a,unseen_prefetch_small,service_class_inference,low_latency,low_latency,True,logistic_regression,sparse_periodic,0.8,balanced_round_robin,1.0,1
183c68c23f6de4c200c1,unseen_prefetch_small,service_class_inference,high_fidelity,high_fidelity,True,logistic_regression,sparse_periodic,0.8,balanced_round_robin,1.0,1
ab5c40286705509dbcbf,unseen_prefetch_small,service_class_inference,low_latency,high_fidelity,False,logistic_regression,synchronization_bursty,0.8,balanced_round_robin,1.0,1
88ea36374e70c596088b,unseen_prefetch_small,service_class_inference,high_fidelity,high_fidelity,True,logistic_regression,synchronization_bursty,0.8,balanced_round_robin,1.0,1
b3146d97b8754d3e894c,unseen_prefetch_small,service_label_only_control,low_latency,high_fidelity,False,random_forest,sparse_periodic,0.8,balanced_round_robin,1.0,1
0a0406950c0e31ac375c,unseen_prefetch_small,service_label_only_control,high_fidelity,high_fidelity,True,random_forest,sparse_periodic,0.8,balanced_round_robin,1.0,1
88239897613428ef8d15,unseen_prefetch_small,service_label_only_control,low_latency,high_fidelity,False,random_forest,dense_periodic,0.8,balanced_round_robin,1.0,1
4b3c29433903d5ab563b,unseen_prefetch_small,service_label_only_control,high_fidelity,high_fidelity,True,random_forest,dense_periodic,0.8,balanced_round_robin,1.0,1
5dda4386589d61508503,unseen_prefetch_small,service_label_only_control,low_latency,low_latency,True,random_forest,synchronization_bursty,0.8,balanced_round_robin,1.0,1
64328a2677a9fb7d05b5,unseen_prefetch_small,service_label_only_control,high_fidelity,low_latency,False,random_forest,synchronization_bursty,0.8,balanced_round_robin,1.0,1
eea103f7e01f4067d168,unseen_prefetch_small,service_label_only_control,low_latency,high_fidelity,False,random_forest,dense_periodic,0.8,balanced_round_robin,1.0,1
91ab8697ee0478a9a12b,unseen_prefetch_small,service_label_only_control,high_fidelity,high_fidelity,True,random_forest,dense_periodic,0.8,balanced_round_robin,1.0,1
18cac26ee8f27023b9f7,unseen_prefetch_small,service_label_only_control,low_latency,high_fidelity,False,random_forest,sparse_periodic,0.8,balanced_round_robin,1.0,1
68844c97fd1a6403450d,unseen_prefetch_small,service_label_only_control,high_fidelity,high_fidelity,True,random_forest,sparse_periodic,0.8,balanced_round_robin,1.0,1
1457c94341bc2c38d9ad,unseen_prefetch_small,service_label_only_control,low_latency,low_latency,True,random_forest,synchronization_bursty,0.8,balanced_round_robin,1.0,1
5581fd099e2f6507e19d,unseen_prefetch_small,service_label_only_control,high_fidelity,low_latency,False,random_forest,synchronization_bursty,0.8,balanced_round_robin,1.0,1
9e957540bacbe7d6c6ea,unseen_workload,distillation_depth_inference,distill_0,distill_0,True,logistic_regression,jittered_periodic,0.65,balanced_round_robin,1.0,2
a34bdf81ca37caa49ee7,unseen_workload,distillation_depth_inference,distill_1,distill_0,False,logistic_regression,jittered_periodic,0.65,balanced_round_robin,1.0,2
50bbf0f88ec08531eb62,unseen_workload,distillation_depth_inference,distill_2,distill_1,False,logistic_regression,jittered_periodic,0.65,balanced_round_robin,1.0,2
3ae046e21830aed4ddb0,unseen_workload,distillation_depth_inference,distill_0,distill_0,True,logistic_regression,jittered_periodic,0.8,balanced_round_robin,1.0,2
f203e0683f82db9491a4,unseen_workload,distillation_depth_inference,distill_1,distill_0,False,logistic_regression,jittered_periodic,0.8,balanced_round_robin,1.0,2
be41830c724901e6d2e3,unseen_workload,distillation_depth_inference,distill_2,distill_1,False,logistic_regression,jittered_periodic,0.8,balanced_round_robin,1.0,2
de0662fcc82e4202fa93,unseen_workload,distillation_depth_inference,distill_0,distill_0,True,logistic_regression,jittered_periodic,0.95,balanced_round_robin,1.0,2
a184febfd1ec5056d156,unseen_workload,distillation_depth_inference,distill_1,distill_0,False,logistic_regression,jittered_periodic,0.95,balanced_round_robin,1.0,2
8918aa6d61ccabc49828,unseen_workload,distillation_depth_inference,distill_2,distill_0,False,logistic_regression,jittered_periodic,0.95,balanced_round_robin,1.0,2
8159f29f108ce1e75b0f,unseen_workload,distillation_depth_inference,distill_0,distill_1,False,logistic_regression,alternating_rate,0.65,balanced_round_robin,1.0,2
f80d29f3a41ca63f3907,unseen_workload,distillation_depth_inference,distill_1,distill_2,False,logistic_regression,alternating_rate,0.65,balanced_round_robin,1.0,2
5b8cd2664882965d7408,unseen_workload,distillation_depth_inference,distill_2,distill_2,True,logistic_regression,alternating_rate,0.65,balanced_round_robin,1.0,2
28a65647107ea2e1dad8,unseen_workload,distillation_depth_inference,distill_0,distill_0,True,logistic_regression,alternating_rate,0.8,balanced_round_robin,1.0,2
cb7bf38911876be15d2b,unseen_workload,distillation_depth_inference,distill_1,distill_2,False,logistic_regression,alternating_rate,0.8,balanced_round_robin,1.0,2
fece2a21d34d183397a6,unseen_workload,distillation_depth_inference,distill_2,distill_1,False,logistic_regression,alternating_rate,0.8,balanced_round_robin,1.0,2
b1e218e4536459a0e8b1,unseen_workload,distillation_depth_inference,distill_0,distill_0,True,logistic_regression,alternating_rate,0.95,balanced_round_robin,1.0,2
b875ab14df1ad2fa8b45,unseen_workload,distillation_depth_inference,distill_1,distill_2,False,logistic_regression,alternating_rate,0.95,balanced_round_robin,1.0,2
2029985d724c87c575ef,unseen_workload,distillation_depth_inference,distill_2,distill_1,False,logistic_regression,alternating_rate,0.95,balanced_round_robin,1.0,2
18cf55b54499b2f769f7,unseen_workload,distillation_depth_inference,distill_0,distill_1,False,logistic_regression,clustered_bursty,0.65,balanced_round_robin,1.0,2
36ad6117b804eafe3fef,unseen_workload,distillation_depth_inference,distill_1,distill_2,False,logistic_regression,clustered_bursty,0.65,balanced_round_robin,1.0,2
5a7f10627820b97fe3d8,unseen_workload,distillation_depth_inference,distill_2,distill_2,True,logistic_regression,clustered_bursty,0.65,balanced_round_robin,1.0,2
85ee2c52f0b00f79a7cc,unseen_workload,distillation_depth_inference,distill_0,distill_1,False,logistic_regression,clustered_bursty,0.8,balanced_round_robin,1.0,2
370c14c7acf8baa42103,unseen_workload,distillation_depth_inference,distill_1,distill_1,True,logistic_regression,clustered_bursty,0.8,balanced_round_robin,1.0,2
d3da09eb82d7dd248efe,unseen_workload,distillation_depth_inference,distill_2,distill_2,True,logistic_regression,clustered_bursty,0.8,balanced_round_robin,1.0,2
0aa703c5c199f2482495,unseen_workload,distillation_depth_inference,distill_0,distill_0,True,logistic_regression,clustered_bursty,0.95,balanced_round_robin,1.0,2
d9b1ed7cf65417cb28a5,unseen_workload,distillation_depth_inference,distill_1,distill_1,True,logistic_regression,clustered_bursty,0.95,balanced_round_robin,1.0,2
1fccdf99055db3592ccc,unseen_workload,distillation_depth_inference,distill_2,distill_2,True,logistic_regression,clustered_bursty,0.95,balanced_round_robin,1.0,2
d321847074726354c864,unseen_workload,distillation_depth_inference,distill_0,distill_1,False,logistic_regression,jittered_periodic,0.65,balanced_round_robin,1.0,2
ddd605194f41ed4d7560,unseen_workload,distillation_depth_inference,distill_1,distill_1,True,logistic_regression,jittered_periodic,0.65,balanced_round_robin,1.0,2
55eef86493d0e798c74b,unseen_workload,distillation_depth_inference,distill_2,distill_2,True,logistic_regression,jittered_periodic,0.65,balanced_round_robin,1.0,2
7104505a54f0fe5ce5fc,unseen_workload,distillation_depth_inference,distill_0,distill_0,True,logistic_regression,jittered_periodic,0.8,balanced_round_robin,1.0,2
e8062f88d5a26b5fe5ca,unseen_workload,distillation_depth_inference,distill_1,distill_1,True,logistic_regression,jittered_periodic,0.8,balanced_round_robin,1.0,2
a064071e1984ff23eb0e,unseen_workload,distillation_depth_inference,distill_2,distill_2,True,logistic_regression,jittered_periodic,0.8,balanced_round_robin,1.0,2
70d8f4547e00f7fd1462,unseen_workload,distillation_depth_inference,distill_0,distill_0,True,logistic_regression,jittered_periodic,0.95,balanced_round_robin,1.0,2
33e7d44c9556299a1224,unseen_workload,distillation_depth_inference,distill_1,distill_1,True,logistic_regression,jittered_periodic,0.95,balanced_round_robin,1.0,2
ef8a56ada584a8f79f4c,unseen_workload,distillation_depth_inference,distill_2,distill_1,False,logistic_regression,jittered_periodic,0.95,balanced_round_robin,1.0,2
a948dd0a1e0ee25d9a16,unseen_workload,distillation_depth_inference,distill_0,distill_1,False,logistic_regression,alternating_rate,0.65,balanced_round_robin,1.0,2
c2d682f66874b74d434f,unseen_workload,distillation_depth_inference,distill_1,distill_1,True,logistic_regression,alternating_rate,0.65,balanced_round_robin,1.0,2
46b5e742d5c75c54b865,unseen_workload,distillation_depth_inference,distill_2,distill_2,True,logistic_regression,alternating_rate,0.65,balanced_round_robin,1.0,2
156223dd5973d21f5bb7,unseen_workload,distillation_depth_inference,distill_0,distill_1,False,logistic_regression,alternating_rate,0.8,balanced_round_robin,1.0,2
cc238c7693ef8de034dc,unseen_workload,distillation_depth_inference,distill_1,distill_1,True,logistic_regression,alternating_rate,0.8,balanced_round_robin,1.0,2
d6203b4988374e8cc860,unseen_workload,distillation_depth_inference,distill_2,distill_2,True,logistic_regression,alternating_rate,0.8,balanced_round_robin,1.0,2
fbb4f5bf40ce58c9c48f,unseen_workload,distillation_depth_inference,distill_0,distill_1,False,logistic_regression,alternating_rate,0.95,balanced_round_robin,1.0,2
3f360cec24c0d223c7fb,unseen_workload,distillation_depth_inference,distill_1,distill_1,True,logistic_regression,alternating_rate,0.95,balanced_round_robin,1.0,2
c2a5b08bc7a386f56c7a,unseen_workload,distillation_depth_inference,distill_2,distill_2,True,logistic_regression,alternating_rate,0.95,balanced_round_robin,1.0,2
c9d2c29bc79d83a133fc,unseen_workload,distillation_depth_inference,distill_0,distill_1,False,logistic_regression,clustered_bursty,0.65,balanced_round_robin,1.0,2
928a9da73fe4678f3a6e,unseen_workload,distillation_depth_inference,distill_1,distill_2,False,logistic_regression,clustered_bursty,0.65,balanced_round_robin,1.0,2
ade14bfaa57cc257a607,unseen_workload,distillation_depth_inference,distill_2,distill_2,True,logistic_regression,clustered_bursty,0.65,balanced_round_robin,1.0,2
2675c19d46867501c987,unseen_workload,distillation_depth_inference,distill_0,distill_1,False,logistic_regression,clustered_bursty,0.8,balanced_round_robin,1.0,2
1d032378e2dcbddd71a4,unseen_workload,distillation_depth_inference,distill_1,distill_1,True,logistic_regression,clustered_bursty,0.8,balanced_round_robin,1.0,2
c8df086096b2a715b059,unseen_workload,distillation_depth_inference,distill_2,distill_2,True,logistic_regression,clustered_bursty,0.8,balanced_round_robin,1.0,2
33b6a2400546f988ac26,unseen_workload,distillation_depth_inference,distill_0,distill_1,False,logistic_regression,clustered_bursty,0.95,balanced_round_robin,1.0,2
22f74e8ef0512a9d7ebf,unseen_workload,distillation_depth_inference,distill_1,distill_1,True,logistic_regression,clustered_bursty,0.95,balanced_round_robin,1.0,2
b7ed9e79d313bd62a13d,unseen_workload,distillation_depth_inference,distill_2,distill_2,True,logistic_regression,clustered_bursty,0.95,balanced_round_robin,1.0,2
2facafdda45caa5c65a7,unseen_workload,distillation_depth_inference,distill_0,distill_1,False,logistic_regression,jittered_periodic,0.65,balanced_round_robin,1.0,2
ebed10aafef03bdd0f57,unseen_workload,distillation_depth_inference,distill_1,distill_1,True,logistic_regression,jittered_periodic,0.65,balanced_round_robin,1.0,2
e40196f8761f660619c5,unseen_workload,distillation_depth_inference,distill_2,distill_2,True,logistic_regression,jittered_periodic,0.65,balanced_round_robin,1.0,2
304b5cc46ab532ae53e1,unseen_workload,distillation_depth_inference,distill_0,distill_1,False,logistic_regression,jittered_periodic,0.8,balanced_round_robin,1.0,2
8296d24d9dd991c459ae,unseen_workload,distillation_depth_inference,distill_1,distill_1,True,logistic_regression,jittered_periodic,0.8,balanced_round_robin,1.0,2
abe919cfbae4bb21d73e,unseen_workload,distillation_depth_inference,distill_2,distill_2,True,logistic_regression,jittered_periodic,0.8,balanced_round_robin,1.0,2
34959e70cb177ee45451,unseen_workload,distillation_depth_inference,distill_0,distill_1,False,logistic_regression,jittered_periodic,0.95,balanced_round_robin,1.0,2
62ed947bc002f98baede,unseen_workload,distillation_depth_inference,distill_1,distill_1,True,logistic_regression,jittered_periodic,0.95,balanced_round_robin,1.0,2
2921abfffd08ab699cd4,unseen_workload,distillation_depth_inference,distill_2,distill_2,True,logistic_regression,jittered_periodic,0.95,balanced_round_robin,1.0,2
20a3106ffd1fa66a139f,unseen_workload,distillation_depth_inference,distill_0,distill_0,True,logistic_regression,alternating_rate,0.65,balanced_round_robin,1.0,2
5bcd58eeeddcbce41d51,unseen_workload,distillation_depth_inference,distill_1,distill_2,False,logistic_regression,alternating_rate,0.65,balanced_round_robin,1.0,2
1b72a183517e9ee072a7,unseen_workload,distillation_depth_inference,distill_2,distill_2,True,logistic_regression,alternating_rate,0.65,balanced_round_robin,1.0,2
262d9f2941cb1c94115c,unseen_workload,distillation_depth_inference,distill_0,distill_1,False,logistic_regression,alternating_rate,0.8,balanced_round_robin,1.0,2
63ab5c74bec34be81251,unseen_workload,distillation_depth_inference,distill_1,distill_0,False,logistic_regression,alternating_rate,0.8,balanced_round_robin,1.0,2
6ddc7993906bc36e3e71,unseen_workload,distillation_depth_inference,distill_2,distill_2,True,logistic_regression,alternating_rate,0.8,balanced_round_robin,1.0,2
bb965c53c84ad0481929,unseen_workload,distillation_depth_inference,distill_0,distill_1,False,logistic_regression,alternating_rate,0.95,balanced_round_robin,1.0,2
ee15e06c73f83ac78534,unseen_workload,distillation_depth_inference,distill_1,distill_1,True,logistic_regression,alternating_rate,0.95,balanced_round_robin,1.0,2
5b4e664d637b80b846b4,unseen_workload,distillation_depth_inference,distill_2,distill_2,True,logistic_regression,alternating_rate,0.95,balanced_round_robin,1.0,2
6ab47d213ee57c0e6045,unseen_workload,distillation_depth_inference,distill_0,distill_2,False,logistic_regression,clustered_bursty,0.65,balanced_round_robin,1.0,2
ced8bcdbcc3de9998c61,unseen_workload,distillation_depth_inference,distill_1,distill_2,False,logistic_regression,clustered_bursty,0.65,balanced_round_robin,1.0,2
d235308f122ba3bf3af7,unseen_workload,distillation_depth_inference,distill_2,distill_1,False,logistic_regression,clustered_bursty,0.65,balanced_round_robin,1.0,2
4ba28911c08adc5c401f,unseen_workload,distillation_depth_inference,distill_0,distill_2,False,logistic_regression,clustered_bursty,0.8,balanced_round_robin,1.0,2
ed5839746f960b978fe0,unseen_workload,distillation_depth_inference,distill_1,distill_2,False,logistic_regression,clustered_bursty,0.8,balanced_round_robin,1.0,2
fc64297bcb5878de0340,unseen_workload,distillation_depth_inference,distill_2,distill_2,True,logistic_regression,clustered_bursty,0.8,balanced_round_robin,1.0,2
91a25f2f5d28752a1275,unseen_workload,distillation_depth_inference,distill_0,distill_2,False,logistic_regression,clustered_bursty,0.95,balanced_round_robin,1.0,2
5622bfd08abfeca3cde1,unseen_workload,distillation_depth_inference,distill_1,distill_2,False,logistic_regression,clustered_bursty,0.95,balanced_round_robin,1.0,2
7f8939e0ebaf3a0408d7,unseen_workload,distillation_depth_inference,distill_2,distill_2,True,logistic_regression,clustered_bursty,0.95,balanced_round_robin,1.0,2
55d3df1ec61beccdf9be,unseen_workload,protocol_inference,direct_transfer,on_demand_epr,False,hist_gradient_boosting,jittered_periodic,0.65,balanced_round_robin,1.0,2
6760253f47d020792564,unseen_workload,protocol_inference,on_demand_epr,on_demand_epr,True,hist_gradient_boosting,jittered_periodic,0.65,balanced_round_robin,1.0,2
4f3e80a7d69aa0984222,unseen_workload,protocol_inference,prefetched_epr,telegate,False,hist_gradient_boosting,jittered_periodic,0.65,balanced_round_robin,1.0,2
2e74fce891f053d0a322,unseen_workload,protocol_inference,telegate,prefetched_epr,False,hist_gradient_boosting,jittered_periodic,0.65,balanced_round_robin,1.0,2
2aec7e69aa99c81f3a97,unseen_workload,protocol_inference,teledata,prefetched_epr,False,hist_gradient_boosting,jittered_periodic,0.65,balanced_round_robin,1.0,2
73ad33d9fb674954b53b,unseen_workload,protocol_inference,direct_transfer,on_demand_epr,False,hist_gradient_boosting,jittered_periodic,0.8,balanced_round_robin,1.0,2
bcf70c4932f7d4f41639,unseen_workload,protocol_inference,on_demand_epr,on_demand_epr,True,hist_gradient_boosting,jittered_periodic,0.8,balanced_round_robin,1.0,2
4f957f4abda8e7f4d942,unseen_workload,protocol_inference,prefetched_epr,on_demand_epr,False,hist_gradient_boosting,jittered_periodic,0.8,balanced_round_robin,1.0,2
f346d6d5d8b8c8ad95fc,unseen_workload,protocol_inference,telegate,prefetched_epr,False,hist_gradient_boosting,jittered_periodic,0.8,balanced_round_robin,1.0,2
8e1cb935eb1677fb412d,unseen_workload,protocol_inference,teledata,prefetched_epr,False,hist_gradient_boosting,jittered_periodic,0.8,balanced_round_robin,1.0,2
ba6da54ce9b507578a3f,unseen_workload,protocol_inference,direct_transfer,on_demand_epr,False,hist_gradient_boosting,jittered_periodic,0.95,balanced_round_robin,1.0,2
5d2490c0da304568911d,unseen_workload,protocol_inference,on_demand_epr,direct_transfer,False,hist_gradient_boosting,jittered_periodic,0.95,balanced_round_robin,1.0,2
05087d39720c7524847c,unseen_workload,protocol_inference,prefetched_epr,prefetched_epr,True,hist_gradient_boosting,jittered_periodic,0.95,balanced_round_robin,1.0,2
d759fae6543ebe4a313e,unseen_workload,protocol_inference,telegate,on_demand_epr,False,hist_gradient_boosting,jittered_periodic,0.95,balanced_round_robin,1.0,2
6015ed47b914a3882cc5,unseen_workload,protocol_inference,teledata,on_demand_epr,False,hist_gradient_boosting,jittered_periodic,0.95,balanced_round_robin,1.0,2
62496a373e15616bf5b9,unseen_workload,protocol_inference,direct_transfer,on_demand_epr,False,hist_gradient_boosting,alternating_rate,0.65,balanced_round_robin,1.0,2
918487816b036b8d4fc8,unseen_workload,protocol_inference,on_demand_epr,on_demand_epr,True,hist_gradient_boosting,alternating_rate,0.65,balanced_round_robin,1.0,2
7d42ceadc48802d464d9,unseen_workload,protocol_inference,prefetched_epr,telegate,False,hist_gradient_boosting,alternating_rate,0.65,balanced_round_robin,1.0,2
ad7d9eb9d1f7d981ba87,unseen_workload,protocol_inference,telegate,teledata,False,hist_gradient_boosting,alternating_rate,0.65,balanced_round_robin,1.0,2
3ce53e87060c8649dfbb,unseen_workload,protocol_inference,teledata,teledata,True,hist_gradient_boosting,alternating_rate,0.65,balanced_round_robin,1.0,2
00d151b6bbb1ea482ba5,unseen_workload,protocol_inference,direct_transfer,on_demand_epr,False,hist_gradient_boosting,alternating_rate,0.8,balanced_round_robin,1.0,2
c0de07d07a7cf411c059,unseen_workload,protocol_inference,on_demand_epr,on_demand_epr,True,hist_gradient_boosting,alternating_rate,0.8,balanced_round_robin,1.0,2
250e2d03b1ab3e39dbf8,unseen_workload,protocol_inference,prefetched_epr,telegate,False,hist_gradient_boosting,alternating_rate,0.8,balanced_round_robin,1.0,2
1bd4eaf8780951c70234,unseen_workload,protocol_inference,telegate,teledata,False,hist_gradient_boosting,alternating_rate,0.8,balanced_round_robin,1.0,2
60fbd6e7a53b5cbdc20e,unseen_workload,protocol_inference,teledata,teledata,True,hist_gradient_boosting,alternating_rate,0.8,balanced_round_robin,1.0,2
e864bee6b0befcdb80e3,unseen_workload,protocol_inference,direct_transfer,on_demand_epr,False,hist_gradient_boosting,alternating_rate,0.95,balanced_round_robin,1.0,2
dc270c2b6b3958a67db6,unseen_workload,protocol_inference,on_demand_epr,on_demand_epr,True,hist_gradient_boosting,alternating_rate,0.95,balanced_round_robin,1.0,2
f365c426f7c95091b281,unseen_workload,protocol_inference,prefetched_epr,teledata,False,hist_gradient_boosting,alternating_rate,0.95,balanced_round_robin,1.0,2
0cee985172b94b414d5f,unseen_workload,protocol_inference,telegate,teledata,False,hist_gradient_boosting,alternating_rate,0.95,balanced_round_robin,1.0,2
db2acf96aad083f2cef4,unseen_workload,protocol_inference,teledata,teledata,True,hist_gradient_boosting,alternating_rate,0.95,balanced_round_robin,1.0,2
98a4afd4b771eac47788,unseen_workload,protocol_inference,direct_transfer,teledata,False,hist_gradient_boosting,clustered_bursty,0.65,balanced_round_robin,1.0,2
574ef0bc8c0691fb3134,unseen_workload,protocol_inference,on_demand_epr,teledata,False,hist_gradient_boosting,clustered_bursty,0.65,balanced_round_robin,1.0,2
f81233c2234f33a29a5e,unseen_workload,protocol_inference,prefetched_epr,teledata,False,hist_gradient_boosting,clustered_bursty,0.65,balanced_round_robin,1.0,2
d5988df55a2143568c80,unseen_workload,protocol_inference,telegate,prefetched_epr,False,hist_gradient_boosting,clustered_bursty,0.65,balanced_round_robin,1.0,2
914f282a9f35ef8cbabc,unseen_workload,protocol_inference,teledata,prefetched_epr,False,hist_gradient_boosting,clustered_bursty,0.65,balanced_round_robin,1.0,2
a06618114b4bfb486914,unseen_workload,protocol_inference,direct_transfer,teledata,False,hist_gradient_boosting,clustered_bursty,0.8,balanced_round_robin,1.0,2
acafef528509b9572f22,unseen_workload,protocol_inference,on_demand_epr,on_demand_epr,True,hist_gradient_boosting,clustered_bursty,0.8,balanced_round_robin,1.0,2
f8dec70faf06f8a0f844,unseen_workload,protocol_inference,prefetched_epr,teledata,False,hist_gradient_boosting,clustered_bursty,0.8,balanced_round_robin,1.0,2
b9d14686e8805d824e75,unseen_workload,protocol_inference,telegate,teledata,False,hist_gradient_boosting,clustered_bursty,0.8,balanced_round_robin,1.0,2
f2458e5ed939e8a66d39,unseen_workload,protocol_inference,teledata,prefetched_epr,False,hist_gradient_boosting,clustered_bursty,0.8,balanced_round_robin,1.0,2
d0967c6c1e55f4186e2d,unseen_workload,protocol_inference,direct_transfer,teledata,False,hist_gradient_boosting,clustered_bursty,0.95,balanced_round_robin,1.0,2
ce67ba442f20cb20a4f2,unseen_workload,protocol_inference,on_demand_epr,on_demand_epr,True,hist_gradient_boosting,clustered_bursty,0.95,balanced_round_robin,1.0,2
f959fd97af87467af9bf,unseen_workload,protocol_inference,prefetched_epr,teledata,False,hist_gradient_boosting,clustered_bursty,0.95,balanced_round_robin,1.0,2
1c0a5d67a50b075a21dc,unseen_workload,protocol_inference,telegate,teledata,False,hist_gradient_boosting,clustered_bursty,0.95,balanced_round_robin,1.0,2
cc771ef1a779f3531e67,unseen_workload,protocol_inference,teledata,teledata,True,hist_gradient_boosting,clustered_bursty,0.95,balanced_round_robin,1.0,2
d8a112cbf57bea2016e8,unseen_workload,protocol_inference,direct_transfer,on_demand_epr,False,hist_gradient_boosting,jittered_periodic,0.65,balanced_round_robin,1.0,2
6c5f97644d7ad829f5ad,unseen_workload,protocol_inference,on_demand_epr,on_demand_epr,True,hist_gradient_boosting,jittered_periodic,0.65,balanced_round_robin,1.0,2
506f9dac7dfb72d07c5e,unseen_workload,protocol_inference,prefetched_epr,telegate,False,hist_gradient_boosting,jittered_periodic,0.65,balanced_round_robin,1.0,2
9b0fc44134ed3b8e9266,unseen_workload,protocol_inference,telegate,prefetched_epr,False,hist_gradient_boosting,jittered_periodic,0.65,balanced_round_robin,1.0,2
ad0c0fe38c3ca1c625d7,unseen_workload,protocol_inference,teledata,prefetched_epr,False,hist_gradient_boosting,jittered_periodic,0.65,balanced_round_robin,1.0,2
e836a757c810e9a8cee6,unseen_workload,protocol_inference,direct_transfer,on_demand_epr,False,hist_gradient_boosting,jittered_periodic,0.8,balanced_round_robin,1.0,2
b322f454364a373b6c99,unseen_workload,protocol_inference,on_demand_epr,on_demand_epr,True,hist_gradient_boosting,jittered_periodic,0.8,balanced_round_robin,1.0,2
967be94c2aedf6ce69b1,unseen_workload,protocol_inference,prefetched_epr,prefetched_epr,True,hist_gradient_boosting,jittered_periodic,0.8,balanced_round_robin,1.0,2
2dc9eca75fa2842e856d,unseen_workload,protocol_inference,telegate,prefetched_epr,False,hist_gradient_boosting,jittered_periodic,0.8,balanced_round_robin,1.0,2
cd22c0b1b97ff0f4ff66,unseen_workload,protocol_inference,teledata,prefetched_epr,False,hist_gradient_boosting,jittered_periodic,0.8,balanced_round_robin,1.0,2
39a75c69411276615acf,unseen_workload,protocol_inference,direct_transfer,on_demand_epr,False,hist_gradient_boosting,jittered_periodic,0.95,balanced_round_robin,1.0,2
00a24b5be4d5a1507982,unseen_workload,protocol_inference,on_demand_epr,on_demand_epr,True,hist_gradient_boosting,jittered_periodic,0.95,balanced_round_robin,1.0,2
2544548e1f4c01d0fab9,unseen_workload,protocol_inference,prefetched_epr,teledata,False,hist_gradient_boosting,jittered_periodic,0.95,balanced_round_robin,1.0,2
3e1b40e2f34beeecfa91,unseen_workload,protocol_inference,telegate,teledata,False,hist_gradient_boosting,jittered_periodic,0.95,balanced_round_robin,1.0,2
f17620a96a5f3f7e2ccd,unseen_workload,protocol_inference,teledata,prefetched_epr,False,hist_gradient_boosting,jittered_periodic,0.95,balanced_round_robin,1.0,2
a2ec0c26464de3d8f888,unseen_workload,protocol_inference,direct_transfer,on_demand_epr,False,hist_gradient_boosting,alternating_rate,0.65,balanced_round_robin,1.0,2
db350f551f14feca313d,unseen_workload,protocol_inference,on_demand_epr,on_demand_epr,True,hist_gradient_boosting,alternating_rate,0.65,balanced_round_robin,1.0,2
32fbc69637c00ca181c3,unseen_workload,protocol_inference,prefetched_epr,teledata,False,hist_gradient_boosting,alternating_rate,0.65,balanced_round_robin,1.0,2
871575cd7ca5f845652f,unseen_workload,protocol_inference,telegate,prefetched_epr,False,hist_gradient_boosting,alternating_rate,0.65,balanced_round_robin,1.0,2
c654752d535125cf07d4,unseen_workload,protocol_inference,teledata,prefetched_epr,False,hist_gradient_boosting,alternating_rate,0.65,balanced_round_robin,1.0,2
cc034c12b8dd39f50a98,unseen_workload,protocol_inference,direct_transfer,on_demand_epr,False,hist_gradient_boosting,alternating_rate,0.8,balanced_round_robin,1.0,2
e65316b2466b41985a0f,unseen_workload,protocol_inference,on_demand_epr,on_demand_epr,True,hist_gradient_boosting,alternating_rate,0.8,balanced_round_robin,1.0,2
b8a9e5fd21d406541fa5,unseen_workload,protocol_inference,prefetched_epr,prefetched_epr,True,hist_gradient_boosting,alternating_rate,0.8,balanced_round_robin,1.0,2
ae8f796a88383dae1079,unseen_workload,protocol_inference,telegate,prefetched_epr,False,hist_gradient_boosting,alternating_rate,0.8,balanced_round_robin,1.0,2
a4620e8bfff916628fb0,unseen_workload,protocol_inference,teledata,prefetched_epr,False,hist_gradient_boosting,alternating_rate,0.8,balanced_round_robin,1.0,2
d6f67842eeb968003c87,unseen_workload,protocol_inference,direct_transfer,on_demand_epr,False,hist_gradient_boosting,alternating_rate,0.95,balanced_round_robin,1.0,2
1d882f6ca2686e90ee17,unseen_workload,protocol_inference,on_demand_epr,on_demand_epr,True,hist_gradient_boosting,alternating_rate,0.95,balanced_round_robin,1.0,2
4e806a3a4c4ff349486f,unseen_workload,protocol_inference,prefetched_epr,prefetched_epr,True,hist_gradient_boosting,alternating_rate,0.95,balanced_round_robin,1.0,2
06497bdf8fcbfd98ffc9,unseen_workload,protocol_inference,telegate,prefetched_epr,False,hist_gradient_boosting,alternating_rate,0.95,balanced_round_robin,1.0,2
cba149616e80c753cfa1,unseen_workload,protocol_inference,teledata,prefetched_epr,False,hist_gradient_boosting,alternating_rate,0.95,balanced_round_robin,1.0,2
d9389c5c1a1f2c61b6e0,unseen_workload,protocol_inference,direct_transfer,prefetched_epr,False,hist_gradient_boosting,clustered_bursty,0.65,balanced_round_robin,1.0,2
f5b7198d0569128a914a,unseen_workload,protocol_inference,on_demand_epr,on_demand_epr,True,hist_gradient_boosting,clustered_bursty,0.65,balanced_round_robin,1.0,2
7244582ee8b163189405,unseen_workload,protocol_inference,prefetched_epr,prefetched_epr,True,hist_gradient_boosting,clustered_bursty,0.65,balanced_round_robin,1.0,2
53f35aa80c54a594af6b,unseen_workload,protocol_inference,telegate,prefetched_epr,False,hist_gradient_boosting,clustered_bursty,0.65,balanced_round_robin,1.0,2
e958724a0f09e6ad25a0,unseen_workload,protocol_inference,teledata,prefetched_epr,False,hist_gradient_boosting,clustered_bursty,0.65,balanced_round_robin,1.0,2
7a710d776b6f59948873,unseen_workload,protocol_inference,direct_transfer,prefetched_epr,False,hist_gradient_boosting,clustered_bursty,0.8,balanced_round_robin,1.0,2
b326f741e8f4067d3f53,unseen_workload,protocol_inference,on_demand_epr,on_demand_epr,True,hist_gradient_boosting,clustered_bursty,0.8,balanced_round_robin,1.0,2
461392c9a32998ccf7f0,unseen_workload,protocol_inference,prefetched_epr,prefetched_epr,True,hist_gradient_boosting,clustered_bursty,0.8,balanced_round_robin,1.0,2
33ffe78fba9f979d8967,unseen_workload,protocol_inference,telegate,prefetched_epr,False,hist_gradient_boosting,clustered_bursty,0.8,balanced_round_robin,1.0,2
2b8bdb7cbd962ac78a55,unseen_workload,protocol_inference,teledata,teledata,True,hist_gradient_boosting,clustered_bursty,0.8,balanced_round_robin,1.0,2
5e4dbaa0c24ff9f816a1,unseen_workload,protocol_inference,direct_transfer,prefetched_epr,False,hist_gradient_boosting,clustered_bursty,0.95,balanced_round_robin,1.0,2
7392a2ccc523c36f5ce1,unseen_workload,protocol_inference,on_demand_epr,on_demand_epr,True,hist_gradient_boosting,clustered_bursty,0.95,balanced_round_robin,1.0,2
2d5cad29b85c68c41234,unseen_workload,protocol_inference,prefetched_epr,prefetched_epr,True,hist_gradient_boosting,clustered_bursty,0.95,balanced_round_robin,1.0,2
1c8d309be960c75dc40f,unseen_workload,protocol_inference,telegate,teledata,False,hist_gradient_boosting,clustered_bursty,0.95,balanced_round_robin,1.0,2
ec7cb169b1b8bf155390,unseen_workload,protocol_inference,teledata,prefetched_epr,False,hist_gradient_boosting,clustered_bursty,0.95,balanced_round_robin,1.0,2
197bd6d7d92f2b4b6deb,unseen_workload,protocol_inference,direct_transfer,direct_transfer,True,hist_gradient_boosting,jittered_periodic,0.65,balanced_round_robin,1.0,2
1b12040f853a5df47e1a,unseen_workload,protocol_inference,on_demand_epr,on_demand_epr,True,hist_gradient_boosting,jittered_periodic,0.65,balanced_round_robin,1.0,2
d75365a785073d1c21a5,unseen_workload,protocol_inference,prefetched_epr,telegate,False,hist_gradient_boosting,jittered_periodic,0.65,balanced_round_robin,1.0,2
8ed2e472e890ab35d382,unseen_workload,protocol_inference,telegate,prefetched_epr,False,hist_gradient_boosting,jittered_periodic,0.65,balanced_round_robin,1.0,2
5e085cb93091819d29d1,unseen_workload,protocol_inference,teledata,prefetched_epr,False,hist_gradient_boosting,jittered_periodic,0.65,balanced_round_robin,1.0,2
cba31d95f3f326d25dc4,unseen_workload,protocol_inference,direct_transfer,direct_transfer,True,hist_gradient_boosting,jittered_periodic,0.8,balanced_round_robin,1.0,2
606343794c1aad468b29,unseen_workload,protocol_inference,on_demand_epr,on_demand_epr,True,hist_gradient_boosting,jittered_periodic,0.8,balanced_round_robin,1.0,2
338e56bde3a48b91dce9,unseen_workload,protocol_inference,prefetched_epr,on_demand_epr,False,hist_gradient_boosting,jittered_periodic,0.8,balanced_round_robin,1.0,2
ad2b3421620d6236a1c1,unseen_workload,protocol_inference,telegate,on_demand_epr,False,hist_gradient_boosting,jittered_periodic,0.8,balanced_round_robin,1.0,2
4bbd4b600ae9ffa809d3,unseen_workload,protocol_inference,teledata,direct_transfer,False,hist_gradient_boosting,jittered_periodic,0.8,balanced_round_robin,1.0,2
67d47746ee7de044cae1,unseen_workload,protocol_inference,direct_transfer,direct_transfer,True,hist_gradient_boosting,jittered_periodic,0.95,balanced_round_robin,1.0,2
0ce23ca0c68d5976e9bc,unseen_workload,protocol_inference,on_demand_epr,on_demand_epr,True,hist_gradient_boosting,jittered_periodic,0.95,balanced_round_robin,1.0,2
deae63cd5220fa97854a,unseen_workload,protocol_inference,prefetched_epr,direct_transfer,False,hist_gradient_boosting,jittered_periodic,0.95,balanced_round_robin,1.0,2
459228c329424a451d5a,unseen_workload,protocol_inference,telegate,direct_transfer,False,hist_gradient_boosting,jittered_periodic,0.95,balanced_round_robin,1.0,2
090a1673e24109ea61bf,unseen_workload,protocol_inference,teledata,prefetched_epr,False,hist_gradient_boosting,jittered_periodic,0.95,balanced_round_robin,1.0,2
d1ed21e2fb74335c4694,unseen_workload,protocol_inference,direct_transfer,direct_transfer,True,hist_gradient_boosting,alternating_rate,0.65,balanced_round_robin,1.0,2
7781274068f37d1d9056,unseen_workload,protocol_inference,on_demand_epr,on_demand_epr,True,hist_gradient_boosting,alternating_rate,0.65,balanced_round_robin,1.0,2
02cdd41443dcf49a14ef,unseen_workload,protocol_inference,prefetched_epr,prefetched_epr,True,hist_gradient_boosting,alternating_rate,0.65,balanced_round_robin,1.0,2
7290ee425a9bba44fe8c,unseen_workload,protocol_inference,telegate,teledata,False,hist_gradient_boosting,alternating_rate,0.65,balanced_round_robin,1.0,2
418e6fb0a57354ff42b4,unseen_workload,protocol_inference,teledata,prefetched_epr,False,hist_gradient_boosting,alternating_rate,0.65,balanced_round_robin,1.0,2
d193c022f8470a216d48,unseen_workload,protocol_inference,direct_transfer,direct_transfer,True,hist_gradient_boosting,alternating_rate,0.8,balanced_round_robin,1.0,2
cb147062ed343fb1debe,unseen_workload,protocol_inference,on_demand_epr,on_demand_epr,True,hist_gradient_boosting,alternating_rate,0.8,balanced_round_robin,1.0,2
5ac9f4dbc51822aab3ff,unseen_workload,protocol_inference,prefetched_epr,telegate,False,hist_gradient_boosting,alternating_rate,0.8,balanced_round_robin,1.0,2
131ba2432ce3e31fe296,unseen_workload,protocol_inference,telegate,teledata,False,hist_gradient_boosting,alternating_rate,0.8,balanced_round_robin,1.0,2
14a1621294ce5a9eb1cf,unseen_workload,protocol_inference,teledata,telegate,False,hist_gradient_boosting,alternating_rate,0.8,balanced_round_robin,1.0,2
ffd3eb2907d4377cf400,unseen_workload,protocol_inference,direct_transfer,direct_transfer,True,hist_gradient_boosting,alternating_rate,0.95,balanced_round_robin,1.0,2
4a1deb0430c5f57b74fe,unseen_workload,protocol_inference,on_demand_epr,on_demand_epr,True,hist_gradient_boosting,alternating_rate,0.95,balanced_round_robin,1.0,2
0c1aee6d90914802e75e,unseen_workload,protocol_inference,prefetched_epr,telegate,False,hist_gradient_boosting,alternating_rate,0.95,balanced_round_robin,1.0,2
9c2bf996652842420deb,unseen_workload,protocol_inference,telegate,telegate,True,hist_gradient_boosting,alternating_rate,0.95,balanced_round_robin,1.0,2
c1bc0addae115257f553,unseen_workload,protocol_inference,teledata,telegate,False,hist_gradient_boosting,alternating_rate,0.95,balanced_round_robin,1.0,2
f5d1dca833ad618132e8,unseen_workload,protocol_inference,direct_transfer,prefetched_epr,False,hist_gradient_boosting,clustered_bursty,0.65,balanced_round_robin,1.0,2
f131d598041cce381d40,unseen_workload,protocol_inference,on_demand_epr,prefetched_epr,False,hist_gradient_boosting,clustered_bursty,0.65,balanced_round_robin,1.0,2
c7f123fe9f47f3dd1d2a,unseen_workload,protocol_inference,prefetched_epr,prefetched_epr,True,hist_gradient_boosting,clustered_bursty,0.65,balanced_round_robin,1.0,2
c8c0e8e7305b2a36f5c0,unseen_workload,protocol_inference,telegate,prefetched_epr,False,hist_gradient_boosting,clustered_bursty,0.65,balanced_round_robin,1.0,2
1c78662d7a8e15a69656,unseen_workload,protocol_inference,teledata,teledata,True,hist_gradient_boosting,clustered_bursty,0.65,balanced_round_robin,1.0,2
72a74205cd53bf2bfebd,unseen_workload,protocol_inference,direct_transfer,prefetched_epr,False,hist_gradient_boosting,clustered_bursty,0.8,balanced_round_robin,1.0,2
f0d91c8605d3fafe9e3a,unseen_workload,protocol_inference,on_demand_epr,on_demand_epr,True,hist_gradient_boosting,clustered_bursty,0.8,balanced_round_robin,1.0,2
a16d44f825f01b932c84,unseen_workload,protocol_inference,prefetched_epr,prefetched_epr,True,hist_gradient_boosting,clustered_bursty,0.8,balanced_round_robin,1.0,2
3a5c657336ca0fd3040a,unseen_workload,protocol_inference,telegate,teledata,False,hist_gradient_boosting,clustered_bursty,0.8,balanced_round_robin,1.0,2
12f5356c9f7a6d65aa87,unseen_workload,protocol_inference,teledata,on_demand_epr,False,hist_gradient_boosting,clustered_bursty,0.8,balanced_round_robin,1.0,2
026279fbb47768a7ea62,unseen_workload,protocol_inference,direct_transfer,prefetched_epr,False,hist_gradient_boosting,clustered_bursty,0.95,balanced_round_robin,1.0,2
c790396f6faf3f85dd29,unseen_workload,protocol_inference,on_demand_epr,on_demand_epr,True,hist_gradient_boosting,clustered_bursty,0.95,balanced_round_robin,1.0,2
0c8af832b991538574e0,unseen_workload,protocol_inference,prefetched_epr,on_demand_epr,False,hist_gradient_boosting,clustered_bursty,0.95,balanced_round_robin,1.0,2
8573977b119d89673c08,unseen_workload,protocol_inference,telegate,on_demand_epr,False,hist_gradient_boosting,clustered_bursty,0.95,balanced_round_robin,1.0,2
ccca5f29cde49edf3454,unseen_workload,protocol_inference,teledata,on_demand_epr,False,hist_gradient_boosting,clustered_bursty,0.95,balanced_round_robin,1.0,2
d1b0aa9037f6669f102b,unseen_workload,protocol_label_only_control,direct_transfer,telegate,False,random_forest,jittered_periodic,0.65,balanced_round_robin,1.0,2
ebf4dabb0f49cf1d28ac,unseen_workload,protocol_label_only_control,on_demand_epr,telegate,False,random_forest,jittered_periodic,0.65,balanced_round_robin,1.0,2
e15dd75801d459fd3576,unseen_workload,protocol_label_only_control,prefetched_epr,telegate,False,random_forest,jittered_periodic,0.65,balanced_round_robin,1.0,2
b1071f248aba9ed2d229,unseen_workload,protocol_label_only_control,telegate,telegate,True,random_forest,jittered_periodic,0.65,balanced_round_robin,1.0,2
f9557fc588b707e12f77,unseen_workload,protocol_label_only_control,teledata,telegate,False,random_forest,jittered_periodic,0.65,balanced_round_robin,1.0,2
9083d928be036f633f02,unseen_workload,protocol_label_only_control,direct_transfer,telegate,False,random_forest,jittered_periodic,0.8,balanced_round_robin,1.0,2
aad18c9e64ad26820761,unseen_workload,protocol_label_only_control,on_demand_epr,telegate,False,random_forest,jittered_periodic,0.8,balanced_round_robin,1.0,2
dac2c741bea778913d2d,unseen_workload,protocol_label_only_control,prefetched_epr,telegate,False,random_forest,jittered_periodic,0.8,balanced_round_robin,1.0,2
8332b5893f4e96fc57dc,unseen_workload,protocol_label_only_control,telegate,telegate,True,random_forest,jittered_periodic,0.8,balanced_round_robin,1.0,2
fb4d631a59bd59b518c9,unseen_workload,protocol_label_only_control,teledata,telegate,False,random_forest,jittered_periodic,0.8,balanced_round_robin,1.0,2
99e6f2bbcfed56dbec1f,unseen_workload,protocol_label_only_control,direct_transfer,prefetched_epr,False,random_forest,jittered_periodic,0.95,balanced_round_robin,1.0,2
1ec70b9e461f8b440f72,unseen_workload,protocol_label_only_control,on_demand_epr,prefetched_epr,False,random_forest,jittered_periodic,0.95,balanced_round_robin,1.0,2
4322f860d0b0e813f228,unseen_workload,protocol_label_only_control,prefetched_epr,prefetched_epr,True,random_forest,jittered_periodic,0.95,balanced_round_robin,1.0,2
12551cd8f8fbb5bca836,unseen_workload,protocol_label_only_control,telegate,prefetched_epr,False,random_forest,jittered_periodic,0.95,balanced_round_robin,1.0,2
3fc206d40299fff56358,unseen_workload,protocol_label_only_control,teledata,prefetched_epr,False,random_forest,jittered_periodic,0.95,balanced_round_robin,1.0,2
cc51239f1082d91df87e,unseen_workload,protocol_label_only_control,direct_transfer,teledata,False,random_forest,alternating_rate,0.65,balanced_round_robin,1.0,2
7f292931d07a969e13cf,unseen_workload,protocol_label_only_control,on_demand_epr,teledata,False,random_forest,alternating_rate,0.65,balanced_round_robin,1.0,2
a5453f5b00d42e906946,unseen_workload,protocol_label_only_control,prefetched_epr,teledata,False,random_forest,alternating_rate,0.65,balanced_round_robin,1.0,2
7a75e702db7a13b40e41,unseen_workload,protocol_label_only_control,telegate,teledata,False,random_forest,alternating_rate,0.65,balanced_round_robin,1.0,2
a7064c02a30a04cfefc2,unseen_workload,protocol_label_only_control,teledata,teledata,True,random_forest,alternating_rate,0.65,balanced_round_robin,1.0,2
294c9b59d27499dda233,unseen_workload,protocol_label_only_control,direct_transfer,telegate,False,random_forest,alternating_rate,0.8,balanced_round_robin,1.0,2
6e414e33c7937492695c,unseen_workload,protocol_label_only_control,on_demand_epr,telegate,False,random_forest,alternating_rate,0.8,balanced_round_robin,1.0,2
8e782c92d2c532b4efe3,unseen_workload,protocol_label_only_control,prefetched_epr,telegate,False,random_forest,alternating_rate,0.8,balanced_round_robin,1.0,2
6bd7d951340c2db6ac5e,unseen_workload,protocol_label_only_control,telegate,telegate,True,random_forest,alternating_rate,0.8,balanced_round_robin,1.0,2
77698bd6593e34724d6f,unseen_workload,protocol_label_only_control,teledata,telegate,False,random_forest,alternating_rate,0.8,balanced_round_robin,1.0,2
89a42dd5096826bc2823,unseen_workload,protocol_label_only_control,direct_transfer,teledata,False,random_forest,alternating_rate,0.95,balanced_round_robin,1.0,2
2ca5c82bb3ea5521c2d0,unseen_workload,protocol_label_only_control,on_demand_epr,teledata,False,random_forest,alternating_rate,0.95,balanced_round_robin,1.0,2
9b7b35e3a8a324394ea8,unseen_workload,protocol_label_only_control,prefetched_epr,teledata,False,random_forest,alternating_rate,0.95,balanced_round_robin,1.0,2
d40701e03b9f0664d21d,unseen_workload,protocol_label_only_control,telegate,teledata,False,random_forest,alternating_rate,0.95,balanced_round_robin,1.0,2
626d06ff3d3d13b4bb71,unseen_workload,protocol_label_only_control,teledata,teledata,True,random_forest,alternating_rate,0.95,balanced_round_robin,1.0,2
2b34213a2eac290b8628,unseen_workload,protocol_label_only_control,direct_transfer,teledata,False,random_forest,clustered_bursty,0.65,balanced_round_robin,1.0,2
d6087d64ffe89c38ca82,unseen_workload,protocol_label_only_control,on_demand_epr,teledata,False,random_forest,clustered_bursty,0.65,balanced_round_robin,1.0,2
92117f58143c2ec0471e,unseen_workload,protocol_label_only_control,prefetched_epr,teledata,False,random_forest,clustered_bursty,0.65,balanced_round_robin,1.0,2
60cda0be3cab10827dd8,unseen_workload,protocol_label_only_control,telegate,teledata,False,random_forest,clustered_bursty,0.65,balanced_round_robin,1.0,2
88dc4b671984b9ef7c7e,unseen_workload,protocol_label_only_control,teledata,teledata,True,random_forest,clustered_bursty,0.65,balanced_round_robin,1.0,2
afb350535c44ec9596bb,unseen_workload,protocol_label_only_control,direct_transfer,teledata,False,random_forest,clustered_bursty,0.8,balanced_round_robin,1.0,2
226173606d2da0bbac21,unseen_workload,protocol_label_only_control,on_demand_epr,teledata,False,random_forest,clustered_bursty,0.8,balanced_round_robin,1.0,2
9c38ee603a5a06460be4,unseen_workload,protocol_label_only_control,prefetched_epr,teledata,False,random_forest,clustered_bursty,0.8,balanced_round_robin,1.0,2
b4aaf3f13cbe869c95a2,unseen_workload,protocol_label_only_control,telegate,teledata,False,random_forest,clustered_bursty,0.8,balanced_round_robin,1.0,2
b6ef35273d8739f84aae,unseen_workload,protocol_label_only_control,teledata,teledata,True,random_forest,clustered_bursty,0.8,balanced_round_robin,1.0,2
08fac996b5ea342deb07,unseen_workload,protocol_label_only_control,direct_transfer,teledata,False,random_forest,clustered_bursty,0.95,balanced_round_robin,1.0,2
f70b1752642cb289574e,unseen_workload,protocol_label_only_control,on_demand_epr,teledata,False,random_forest,clustered_bursty,0.95,balanced_round_robin,1.0,2
c2f56834a7b5d27e57cb,unseen_workload,protocol_label_only_control,prefetched_epr,teledata,False,random_forest,clustered_bursty,0.95,balanced_round_robin,1.0,2
11e4e6f3fe342765daea,unseen_workload,protocol_label_only_control,telegate,teledata,False,random_forest,clustered_bursty,0.95,balanced_round_robin,1.0,2
9e6eaa47f93821a0cb83,unseen_workload,protocol_label_only_control,teledata,teledata,True,random_forest,clustered_bursty,0.95,balanced_round_robin,1.0,2
6ca019b2f1e734083e40,unseen_workload,protocol_label_only_control,direct_transfer,telegate,False,random_forest,jittered_periodic,0.65,balanced_round_robin,1.0,2
be4e5e220921ab086869,unseen_workload,protocol_label_only_control,on_demand_epr,telegate,False,random_forest,jittered_periodic,0.65,balanced_round_robin,1.0,2
8c705d79915777220b81,unseen_workload,protocol_label_only_control,prefetched_epr,telegate,False,random_forest,jittered_periodic,0.65,balanced_round_robin,1.0,2
6a720c8cf8a70df2ef0c,unseen_workload,protocol_label_only_control,telegate,telegate,True,random_forest,jittered_periodic,0.65,balanced_round_robin,1.0,2
364574643639c9afefcd,unseen_workload,protocol_label_only_control,teledata,telegate,False,random_forest,jittered_periodic,0.65,balanced_round_robin,1.0,2
77ab6f2a71b8c851c00f,unseen_workload,protocol_label_only_control,direct_transfer,telegate,False,random_forest,jittered_periodic,0.8,balanced_round_robin,1.0,2
82f96b7625c7fd767ea1,unseen_workload,protocol_label_only_control,on_demand_epr,telegate,False,random_forest,jittered_periodic,0.8,balanced_round_robin,1.0,2
b3c295bee0023fdd89c9,unseen_workload,protocol_label_only_control,prefetched_epr,telegate,False,random_forest,jittered_periodic,0.8,balanced_round_robin,1.0,2
f3456c4ad723cf083888,unseen_workload,protocol_label_only_control,telegate,telegate,True,random_forest,jittered_periodic,0.8,balanced_round_robin,1.0,2
4e481c2d7dba0557b662,unseen_workload,protocol_label_only_control,teledata,telegate,False,random_forest,jittered_periodic,0.8,balanced_round_robin,1.0,2
d6e5ca5e6fc40e89d4ef,unseen_workload,protocol_label_only_control,direct_transfer,telegate,False,random_forest,jittered_periodic,0.95,balanced_round_robin,1.0,2
bb1312fb7037852707f6,unseen_workload,protocol_label_only_control,on_demand_epr,telegate,False,random_forest,jittered_periodic,0.95,balanced_round_robin,1.0,2
101e5730ce409a492847,unseen_workload,protocol_label_only_control,prefetched_epr,telegate,False,random_forest,jittered_periodic,0.95,balanced_round_robin,1.0,2
6468bd4b0c6431d2f7c7,unseen_workload,protocol_label_only_control,telegate,telegate,True,random_forest,jittered_periodic,0.95,balanced_round_robin,1.0,2
10caa01887146e570d86,unseen_workload,protocol_label_only_control,teledata,telegate,False,random_forest,jittered_periodic,0.95,balanced_round_robin,1.0,2
17b594bf12c3896bd5e6,unseen_workload,protocol_label_only_control,direct_transfer,teledata,False,random_forest,alternating_rate,0.65,balanced_round_robin,1.0,2
fe252017f87def062175,unseen_workload,protocol_label_only_control,on_demand_epr,teledata,False,random_forest,alternating_rate,0.65,balanced_round_robin,1.0,2
072300f30f907416fdf2,unseen_workload,protocol_label_only_control,prefetched_epr,teledata,False,random_forest,alternating_rate,0.65,balanced_round_robin,1.0,2
d36e897cfdea0b0b8abb,unseen_workload,protocol_label_only_control,telegate,teledata,False,random_forest,alternating_rate,0.65,balanced_round_robin,1.0,2
a84430ed6a50f019ce45,unseen_workload,protocol_label_only_control,teledata,teledata,True,random_forest,alternating_rate,0.65,balanced_round_robin,1.0,2
29c0e6260e7ede829fae,unseen_workload,protocol_label_only_control,direct_transfer,teledata,False,random_forest,alternating_rate,0.8,balanced_round_robin,1.0,2
8396e43fc6ce5f807961,unseen_workload,protocol_label_only_control,on_demand_epr,teledata,False,random_forest,alternating_rate,0.8,balanced_round_robin,1.0,2
c16b78ff70c2f573fb42,unseen_workload,protocol_label_only_control,prefetched_epr,teledata,False,random_forest,alternating_rate,0.8,balanced_round_robin,1.0,2
9891efaced6229f09549,unseen_workload,protocol_label_only_control,telegate,teledata,False,random_forest,alternating_rate,0.8,balanced_round_robin,1.0,2
8a3543ecc73d3dbef021,unseen_workload,protocol_label_only_control,teledata,teledata,True,random_forest,alternating_rate,0.8,balanced_round_robin,1.0,2
070c010f146e25ffb310,unseen_workload,protocol_label_only_control,direct_transfer,telegate,False,random_forest,alternating_rate,0.95,balanced_round_robin,1.0,2
5084c9158c29981aa4a0,unseen_workload,protocol_label_only_control,on_demand_epr,telegate,False,random_forest,alternating_rate,0.95,balanced_round_robin,1.0,2
1fa4534b9372ca60edaf,unseen_workload,protocol_label_only_control,prefetched_epr,telegate,False,random_forest,alternating_rate,0.95,balanced_round_robin,1.0,2
886f58085e3c299e713e,unseen_workload,protocol_label_only_control,telegate,telegate,True,random_forest,alternating_rate,0.95,balanced_round_robin,1.0,2
0b3f0cd7a899c941884d,unseen_workload,protocol_label_only_control,teledata,telegate,False,random_forest,alternating_rate,0.95,balanced_round_robin,1.0,2
0c4aaa5efb8b521682c1,unseen_workload,protocol_label_only_control,direct_transfer,direct_transfer,True,random_forest,clustered_bursty,0.65,balanced_round_robin,1.0,2
eb8481b344e10e04c48f,unseen_workload,protocol_label_only_control,on_demand_epr,direct_transfer,False,random_forest,clustered_bursty,0.65,balanced_round_robin,1.0,2
3e81b84a7b666671e227,unseen_workload,protocol_label_only_control,prefetched_epr,direct_transfer,False,random_forest,clustered_bursty,0.65,balanced_round_robin,1.0,2
088387a899eca85f25ea,unseen_workload,protocol_label_only_control,telegate,direct_transfer,False,random_forest,clustered_bursty,0.65,balanced_round_robin,1.0,2
0e99a82dbec79616d84f,unseen_workload,protocol_label_only_control,teledata,direct_transfer,False,random_forest,clustered_bursty,0.65,balanced_round_robin,1.0,2
24c6bedaa66e244ee979,unseen_workload,protocol_label_only_control,direct_transfer,direct_transfer,True,random_forest,clustered_bursty,0.8,balanced_round_robin,1.0,2
2d0885c2adf99c2bf5cf,unseen_workload,protocol_label_only_control,on_demand_epr,direct_transfer,False,random_forest,clustered_bursty,0.8,balanced_round_robin,1.0,2
8a756eb28d7085743e98,unseen_workload,protocol_label_only_control,prefetched_epr,direct_transfer,False,random_forest,clustered_bursty,0.8,balanced_round_robin,1.0,2
e8ec810290ee5bdbb102,unseen_workload,protocol_label_only_control,telegate,direct_transfer,False,random_forest,clustered_bursty,0.8,balanced_round_robin,1.0,2
07e1e58927c508944cc1,unseen_workload,protocol_label_only_control,teledata,direct_transfer,False,random_forest,clustered_bursty,0.8,balanced_round_robin,1.0,2
5d5d40bc8f06bffee2d1,unseen_workload,protocol_label_only_control,direct_transfer,prefetched_epr,False,random_forest,clustered_bursty,0.95,balanced_round_robin,1.0,2
08afb63e09386814ec54,unseen_workload,protocol_label_only_control,on_demand_epr,prefetched_epr,False,random_forest,clustered_bursty,0.95,balanced_round_robin,1.0,2
99c74ed6c1a8db2f7a32,unseen_workload,protocol_label_only_control,prefetched_epr,prefetched_epr,True,random_forest,clustered_bursty,0.95,balanced_round_robin,1.0,2
15efcdd7b14045e537c6,unseen_workload,protocol_label_only_control,telegate,prefetched_epr,False,random_forest,clustered_bursty,0.95,balanced_round_robin,1.0,2
5e97629b9f604d105f3f,unseen_workload,protocol_label_only_control,teledata,prefetched_epr,False,random_forest,clustered_bursty,0.95,balanced_round_robin,1.0,2
1c34a2314396cb840777,unseen_workload,protocol_label_only_control,direct_transfer,teledata,False,random_forest,jittered_periodic,0.65,balanced_round_robin,1.0,2
3b3e8a8da37689080f49,unseen_workload,protocol_label_only_control,on_demand_epr,teledata,False,random_forest,jittered_periodic,0.65,balanced_round_robin,1.0,2
578c79e4a6a2f1d9e49f,unseen_workload,protocol_label_only_control,prefetched_epr,teledata,False,random_forest,jittered_periodic,0.65,balanced_round_robin,1.0,2
09795b174e5a9acbd903,unseen_workload,protocol_label_only_control,telegate,teledata,False,random_forest,jittered_periodic,0.65,balanced_round_robin,1.0,2
8c8319ab65ec0786b177,unseen_workload,protocol_label_only_control,teledata,teledata,True,random_forest,jittered_periodic,0.65,balanced_round_robin,1.0,2
e7b51a53a016ffb5b5aa,unseen_workload,protocol_label_only_control,direct_transfer,telegate,False,random_forest,jittered_periodic,0.8,balanced_round_robin,1.0,2
063746e6ce85503fdc93,unseen_workload,protocol_label_only_control,on_demand_epr,telegate,False,random_forest,jittered_periodic,0.8,balanced_round_robin,1.0,2
aff0cb7b2ead05527c5c,unseen_workload,protocol_label_only_control,prefetched_epr,telegate,False,random_forest,jittered_periodic,0.8,balanced_round_robin,1.0,2
53ebce6fc85bfa74333f,unseen_workload,protocol_label_only_control,telegate,telegate,True,random_forest,jittered_periodic,0.8,balanced_round_robin,1.0,2
204e11558ab484a2fe0c,unseen_workload,protocol_label_only_control,teledata,telegate,False,random_forest,jittered_periodic,0.8,balanced_round_robin,1.0,2
7c911756ac3901e3416c,unseen_workload,protocol_label_only_control,direct_transfer,prefetched_epr,False,random_forest,jittered_periodic,0.95,balanced_round_robin,1.0,2
11b1fa852145022e5a03,unseen_workload,protocol_label_only_control,on_demand_epr,prefetched_epr,False,random_forest,jittered_periodic,0.95,balanced_round_robin,1.0,2
eedad7dc9b4deefe49a2,unseen_workload,protocol_label_only_control,prefetched_epr,prefetched_epr,True,random_forest,jittered_periodic,0.95,balanced_round_robin,1.0,2
c8c41746efb1979893b0,unseen_workload,protocol_label_only_control,telegate,prefetched_epr,False,random_forest,jittered_periodic,0.95,balanced_round_robin,1.0,2
88e0ab0985861c91aa13,unseen_workload,protocol_label_only_control,teledata,prefetched_epr,False,random_forest,jittered_periodic,0.95,balanced_round_robin,1.0,2
93122fcfb4e6e3d9d3af,unseen_workload,protocol_label_only_control,direct_transfer,prefetched_epr,False,random_forest,alternating_rate,0.65,balanced_round_robin,1.0,2
e2ed8a4ad762dcb90cde,unseen_workload,protocol_label_only_control,on_demand_epr,prefetched_epr,False,random_forest,alternating_rate,0.65,balanced_round_robin,1.0,2
b918d12243392702b622,unseen_workload,protocol_label_only_control,prefetched_epr,prefetched_epr,True,random_forest,alternating_rate,0.65,balanced_round_robin,1.0,2
9628e05e9a253bc1d3b2,unseen_workload,protocol_label_only_control,telegate,prefetched_epr,False,random_forest,alternating_rate,0.65,balanced_round_robin,1.0,2
ee1b9f98cac98b6b0bea,unseen_workload,protocol_label_only_control,teledata,prefetched_epr,False,random_forest,alternating_rate,0.65,balanced_round_robin,1.0,2
425629e25ca5d3f5ff28,unseen_workload,protocol_label_only_control,direct_transfer,prefetched_epr,False,random_forest,alternating_rate,0.8,balanced_round_robin,1.0,2
429ffde0c3f47c2b60ce,unseen_workload,protocol_label_only_control,on_demand_epr,prefetched_epr,False,random_forest,alternating_rate,0.8,balanced_round_robin,1.0,2
be4a89ce46a67ae2b303,unseen_workload,protocol_label_only_control,prefetched_epr,prefetched_epr,True,random_forest,alternating_rate,0.8,balanced_round_robin,1.0,2
de48edc04bdfd8de4d0c,unseen_workload,protocol_label_only_control,telegate,prefetched_epr,False,random_forest,alternating_rate,0.8,balanced_round_robin,1.0,2
edee1a4bf113294c6272,unseen_workload,protocol_label_only_control,teledata,prefetched_epr,False,random_forest,alternating_rate,0.8,balanced_round_robin,1.0,2
7ec72a120d0d68f51f24,unseen_workload,protocol_label_only_control,direct_transfer,direct_transfer,True,random_forest,alternating_rate,0.95,balanced_round_robin,1.0,2
3fecc165cf4759e37532,unseen_workload,protocol_label_only_control,on_demand_epr,direct_transfer,False,random_forest,alternating_rate,0.95,balanced_round_robin,1.0,2
6bea7354b765d35d4087,unseen_workload,protocol_label_only_control,prefetched_epr,direct_transfer,False,random_forest,alternating_rate,0.95,balanced_round_robin,1.0,2
51c8497c7eb824b9bd0b,unseen_workload,protocol_label_only_control,telegate,direct_transfer,False,random_forest,alternating_rate,0.95,balanced_round_robin,1.0,2
64b29e666c49713eea7e,unseen_workload,protocol_label_only_control,teledata,direct_transfer,False,random_forest,alternating_rate,0.95,balanced_round_robin,1.0,2
00e1282b94d7e797fe3b,unseen_workload,protocol_label_only_control,direct_transfer,telegate,False,random_forest,clustered_bursty,0.65,balanced_round_robin,1.0,2
55d57174591ed9e02b69,unseen_workload,protocol_label_only_control,on_demand_epr,telegate,False,random_forest,clustered_bursty,0.65,balanced_round_robin,1.0,2
3959a00cd73bad1bd189,unseen_workload,protocol_label_only_control,prefetched_epr,telegate,False,random_forest,clustered_bursty,0.65,balanced_round_robin,1.0,2
649fc842815efc838fe2,unseen_workload,protocol_label_only_control,telegate,telegate,True,random_forest,clustered_bursty,0.65,balanced_round_robin,1.0,2
d8065dc9df6b617d8889,unseen_workload,protocol_label_only_control,teledata,telegate,False,random_forest,clustered_bursty,0.65,balanced_round_robin,1.0,2
c88b2551032cbd28c585,unseen_workload,protocol_label_only_control,direct_transfer,telegate,False,random_forest,clustered_bursty,0.8,balanced_round_robin,1.0,2
3c7676f8e3508e7163c8,unseen_workload,protocol_label_only_control,on_demand_epr,telegate,False,random_forest,clustered_bursty,0.8,balanced_round_robin,1.0,2
25c231e85ae7cda6704a,unseen_workload,protocol_label_only_control,prefetched_epr,telegate,False,random_forest,clustered_bursty,0.8,balanced_round_robin,1.0,2
a2d4222fbb482654f02d,unseen_workload,protocol_label_only_control,telegate,telegate,True,random_forest,clustered_bursty,0.8,balanced_round_robin,1.0,2
c123cf861b3e2db3c44f,unseen_workload,protocol_label_only_control,teledata,telegate,False,random_forest,clustered_bursty,0.8,balanced_round_robin,1.0,2
232df61968fca38d523f,unseen_workload,protocol_label_only_control,direct_transfer,telegate,False,random_forest,clustered_bursty,0.95,balanced_round_robin,1.0,2
ee4dff422a24ea9ca839,unseen_workload,protocol_label_only_control,on_demand_epr,telegate,False,random_forest,clustered_bursty,0.95,balanced_round_robin,1.0,2
66ff031e1a51243785a9,unseen_workload,protocol_label_only_control,prefetched_epr,telegate,False,random_forest,clustered_bursty,0.95,balanced_round_robin,1.0,2
3568490553ab7ac95e7b,unseen_workload,protocol_label_only_control,telegate,telegate,True,random_forest,clustered_bursty,0.95,balanced_round_robin,1.0,2
f7fdf2928f967ed9eab8,unseen_workload,protocol_label_only_control,teledata,telegate,False,random_forest,clustered_bursty,0.95,balanced_round_robin,1.0,2
15a6747517b7c96ff75f,unseen_workload,retry_policy_inference,retry_1,retry_1,True,logistic_regression,jittered_periodic,0.65,balanced_round_robin,1.0,2
5f43fea7fa41c6f3793b,unseen_workload,retry_policy_inference,retry_2,retry_1,False,logistic_regression,jittered_periodic,0.65,balanced_round_robin,1.0,2
40b2dde41c617e3df45a,unseen_workload,retry_policy_inference,retry_4,retry_2,False,logistic_regression,jittered_periodic,0.65,balanced_round_robin,1.0,2
47d9977201c07b3e02ba,unseen_workload,retry_policy_inference,retry_1,retry_1,True,logistic_regression,jittered_periodic,0.8,balanced_round_robin,1.0,2
d4ecece17557cd033ea4,unseen_workload,retry_policy_inference,retry_2,retry_1,False,logistic_regression,jittered_periodic,0.8,balanced_round_robin,1.0,2
83159934b27a7ef27527,unseen_workload,retry_policy_inference,retry_4,retry_1,False,logistic_regression,jittered_periodic,0.8,balanced_round_robin,1.0,2
de849f260ea6637d20e4,unseen_workload,retry_policy_inference,retry_1,retry_1,True,logistic_regression,jittered_periodic,0.95,balanced_round_robin,1.0,2
fcb1184e763050df584b,unseen_workload,retry_policy_inference,retry_2,retry_1,False,logistic_regression,jittered_periodic,0.95,balanced_round_robin,1.0,2
4263836fb232e5ad7a9f,unseen_workload,retry_policy_inference,retry_4,retry_1,False,logistic_regression,jittered_periodic,0.95,balanced_round_robin,1.0,2
7e3fbb4419ff5a298853,unseen_workload,retry_policy_inference,retry_1,retry_4,False,logistic_regression,alternating_rate,0.65,balanced_round_robin,1.0,2
dc06c9f7d43d7087e446,unseen_workload,retry_policy_inference,retry_2,retry_2,True,logistic_regression,alternating_rate,0.65,balanced_round_robin,1.0,2
d76892fdbbcea262b2dd,unseen_workload,retry_policy_inference,retry_4,retry_2,False,logistic_regression,alternating_rate,0.65,balanced_round_robin,1.0,2
bc9ecc587d2706baf704,unseen_workload,retry_policy_inference,retry_1,retry_1,True,logistic_regression,alternating_rate,0.8,balanced_round_robin,1.0,2
898512b0ae68a9a954f1,unseen_workload,retry_policy_inference,retry_2,retry_1,False,logistic_regression,alternating_rate,0.8,balanced_round_robin,1.0,2
2054ee4e44d8c313d02b,unseen_workload,retry_policy_inference,retry_4,retry_2,False,logistic_regression,alternating_rate,0.8,balanced_round_robin,1.0,2
6041e78ea43de24ef0db,unseen_workload,retry_policy_inference,retry_1,retry_1,True,logistic_regression,alternating_rate,0.95,balanced_round_robin,1.0,2
ef1fcc94f67506aa7a76,unseen_workload,retry_policy_inference,retry_2,retry_1,False,logistic_regression,alternating_rate,0.95,balanced_round_robin,1.0,2
47658130cde1f2c38801,unseen_workload,retry_policy_inference,retry_4,retry_1,False,logistic_regression,alternating_rate,0.95,balanced_round_robin,1.0,2
01c71a0fe60bfa7e7ab6,unseen_workload,retry_policy_inference,retry_1,retry_4,False,logistic_regression,clustered_bursty,0.65,balanced_round_robin,1.0,2
ca272e46412fc5e3b258,unseen_workload,retry_policy_inference,retry_2,retry_4,False,logistic_regression,clustered_bursty,0.65,balanced_round_robin,1.0,2
9dff6fe678d3fef282d3,unseen_workload,retry_policy_inference,retry_4,retry_4,True,logistic_regression,clustered_bursty,0.65,balanced_round_robin,1.0,2
d4a287d772e1e0b61a61,unseen_workload,retry_policy_inference,retry_1,retry_4,False,logistic_regression,clustered_bursty,0.8,balanced_round_robin,1.0,2
88ac0261ab9f30e2148a,unseen_workload,retry_policy_inference,retry_2,retry_4,False,logistic_regression,clustered_bursty,0.8,balanced_round_robin,1.0,2
2a79a81a7fe39bec28ba,unseen_workload,retry_policy_inference,retry_4,retry_2,False,logistic_regression,clustered_bursty,0.8,balanced_round_robin,1.0,2
242643a0fd1bd00ce987,unseen_workload,retry_policy_inference,retry_1,retry_4,False,logistic_regression,clustered_bursty,0.95,balanced_round_robin,1.0,2
7a103ffeffe7baaab2d0,unseen_workload,retry_policy_inference,retry_2,retry_4,False,logistic_regression,clustered_bursty,0.95,balanced_round_robin,1.0,2
8132665dd6a162fcc01b,unseen_workload,retry_policy_inference,retry_4,retry_4,True,logistic_regression,clustered_bursty,0.95,balanced_round_robin,1.0,2
a254e11502e7f2da2b70,unseen_workload,retry_policy_inference,retry_1,retry_4,False,logistic_regression,jittered_periodic,0.65,balanced_round_robin,1.0,2
562444141d2b368dc419,unseen_workload,retry_policy_inference,retry_2,retry_2,True,logistic_regression,jittered_periodic,0.65,balanced_round_robin,1.0,2
a522c6f80d0dfbe09314,unseen_workload,retry_policy_inference,retry_4,retry_4,True,logistic_regression,jittered_periodic,0.65,balanced_round_robin,1.0,2
38a61962e0dc0f8efffe,unseen_workload,retry_policy_inference,retry_1,retry_4,False,logistic_regression,jittered_periodic,0.8,balanced_round_robin,1.0,2
cae5e04952633550d799,unseen_workload,retry_policy_inference,retry_2,retry_4,False,logistic_regression,jittered_periodic,0.8,balanced_round_robin,1.0,2
8335b23bb4df239c6abd,unseen_workload,retry_policy_inference,retry_4,retry_4,True,logistic_regression,jittered_periodic,0.8,balanced_round_robin,1.0,2
50f01270424cfbbe2863,unseen_workload,retry_policy_inference,retry_1,retry_4,False,logistic_regression,jittered_periodic,0.95,balanced_round_robin,1.0,2
a72a96870fefa58ddf32,unseen_workload,retry_policy_inference,retry_2,retry_4,False,logistic_regression,jittered_periodic,0.95,balanced_round_robin,1.0,2
dbe36c9204269d179ba8,unseen_workload,retry_policy_inference,retry_4,retry_4,True,logistic_regression,jittered_periodic,0.95,balanced_round_robin,1.0,2
1f924c3d73f5db7ff722,unseen_workload,retry_policy_inference,retry_1,retry_2,False,logistic_regression,alternating_rate,0.65,balanced_round_robin,1.0,2
a19f6d08e9fd4e675ac6,unseen_workload,retry_policy_inference,retry_2,retry_1,False,logistic_regression,alternating_rate,0.65,balanced_round_robin,1.0,2
20f14b336cc72b3cd9ae,unseen_workload,retry_policy_inference,retry_4,retry_4,True,logistic_regression,alternating_rate,0.65,balanced_round_robin,1.0,2
a02d4aa20695c7dca8a7,unseen_workload,retry_policy_inference,retry_1,retry_2,False,logistic_regression,alternating_rate,0.8,balanced_round_robin,1.0,2
8c9d8b5e6d61ee60d927,unseen_workload,retry_policy_inference,retry_2,retry_2,True,logistic_regression,alternating_rate,0.8,balanced_round_robin,1.0,2
ba39d122cdb6c0209f5d,unseen_workload,retry_policy_inference,retry_4,retry_2,False,logistic_regression,alternating_rate,0.8,balanced_round_robin,1.0,2
99308650ec42b4ccc233,unseen_workload,retry_policy_inference,retry_1,retry_2,False,logistic_regression,alternating_rate,0.95,balanced_round_robin,1.0,2
7283ff878ec7fe59ef25,unseen_workload,retry_policy_inference,retry_2,retry_2,True,logistic_regression,alternating_rate,0.95,balanced_round_robin,1.0,2
3273e4f8602453d9a038,unseen_workload,retry_policy_inference,retry_4,retry_2,False,logistic_regression,alternating_rate,0.95,balanced_round_robin,1.0,2
5b4533704c8ab5d849fd,unseen_workload,retry_policy_inference,retry_1,retry_4,False,logistic_regression,clustered_bursty,0.65,balanced_round_robin,1.0,2
ed4de66085c8dae6d4ab,unseen_workload,retry_policy_inference,retry_2,retry_2,True,logistic_regression,clustered_bursty,0.65,balanced_round_robin,1.0,2
3719dcbd41fb64d2a503,unseen_workload,retry_policy_inference,retry_4,retry_2,False,logistic_regression,clustered_bursty,0.65,balanced_round_robin,1.0,2
5d2d8876fcf1961ba16e,unseen_workload,retry_policy_inference,retry_1,retry_4,False,logistic_regression,clustered_bursty,0.8,balanced_round_robin,1.0,2
db095ef650f354d857ca,unseen_workload,retry_policy_inference,retry_2,retry_2,True,logistic_regression,clustered_bursty,0.8,balanced_round_robin,1.0,2
ed6514c4aa111f11ad66,unseen_workload,retry_policy_inference,retry_4,retry_4,True,logistic_regression,clustered_bursty,0.8,balanced_round_robin,1.0,2
50c2520b73107226d6de,unseen_workload,retry_policy_inference,retry_1,retry_4,False,logistic_regression,clustered_bursty,0.95,balanced_round_robin,1.0,2
70d85bc83431920810d2,unseen_workload,retry_policy_inference,retry_2,retry_4,False,logistic_regression,clustered_bursty,0.95,balanced_round_robin,1.0,2
583784bbc0b15f72f144,unseen_workload,retry_policy_inference,retry_4,retry_4,True,logistic_regression,clustered_bursty,0.95,balanced_round_robin,1.0,2
961ce6983c818b2bac65,unseen_workload,retry_policy_inference,retry_1,retry_2,False,logistic_regression,jittered_periodic,0.65,balanced_round_robin,1.0,2
3437b15ef25355151141,unseen_workload,retry_policy_inference,retry_2,retry_2,True,logistic_regression,jittered_periodic,0.65,balanced_round_robin,1.0,2
4176810d001c8bba78c8,unseen_workload,retry_policy_inference,retry_4,retry_2,False,logistic_regression,jittered_periodic,0.65,balanced_round_robin,1.0,2
52020b3a19b3a7df84b2,unseen_workload,retry_policy_inference,retry_1,retry_2,False,logistic_regression,jittered_periodic,0.8,balanced_round_robin,1.0,2
79073dc8fdef493d9c49,unseen_workload,retry_policy_inference,retry_2,retry_2,True,logistic_regression,jittered_periodic,0.8,balanced_round_robin,1.0,2
ffb8f2ebcfc3027438d7,unseen_workload,retry_policy_inference,retry_4,retry_2,False,logistic_regression,jittered_periodic,0.8,balanced_round_robin,1.0,2
a236c3d53d07b69cf9d0,unseen_workload,retry_policy_inference,retry_1,retry_2,False,logistic_regression,jittered_periodic,0.95,balanced_round_robin,1.0,2
44377a87a077a695e842,unseen_workload,retry_policy_inference,retry_2,retry_2,True,logistic_regression,jittered_periodic,0.95,balanced_round_robin,1.0,2
66fd099906d9a9cfa640,unseen_workload,retry_policy_inference,retry_4,retry_2,False,logistic_regression,jittered_periodic,0.95,balanced_round_robin,1.0,2
df8fb615ca272d52d82a,unseen_workload,retry_policy_inference,retry_1,retry_2,False,logistic_regression,alternating_rate,0.65,balanced_round_robin,1.0,2
38087697dd3b61185739,unseen_workload,retry_policy_inference,retry_2,retry_2,True,logistic_regression,alternating_rate,0.65,balanced_round_robin,1.0,2
cae8f75e41c1cd55bd30,unseen_workload,retry_policy_inference,retry_4,retry_2,False,logistic_regression,alternating_rate,0.65,balanced_round_robin,1.0,2
bc5a57e149e6f8bd9bf9,unseen_workload,retry_policy_inference,retry_1,retry_2,False,logistic_regression,alternating_rate,0.8,balanced_round_robin,1.0,2
f9e9e14113039fb5276b,unseen_workload,retry_policy_inference,retry_2,retry_2,True,logistic_regression,alternating_rate,0.8,balanced_round_robin,1.0,2
8911ede2ac282429baa5,unseen_workload,retry_policy_inference,retry_4,retry_2,False,logistic_regression,alternating_rate,0.8,balanced_round_robin,1.0,2
38484a188ca1791bf6ab,unseen_workload,retry_policy_inference,retry_1,retry_2,False,logistic_regression,alternating_rate,0.95,balanced_round_robin,1.0,2
120cf30f4c176a2dc21b,unseen_workload,retry_policy_inference,retry_2,retry_2,True,logistic_regression,alternating_rate,0.95,balanced_round_robin,1.0,2
e615b3d0bee12ba66a8f,unseen_workload,retry_policy_inference,retry_4,retry_2,False,logistic_regression,alternating_rate,0.95,balanced_round_robin,1.0,2
0f0e4a381bb25ed702a4,unseen_workload,retry_policy_inference,retry_1,retry_4,False,logistic_regression,clustered_bursty,0.65,balanced_round_robin,1.0,2
45257046d556b507a052,unseen_workload,retry_policy_inference,retry_2,retry_4,False,logistic_regression,clustered_bursty,0.65,balanced_round_robin,1.0,2
973d759dc6dc34b5b3d3,unseen_workload,retry_policy_inference,retry_4,retry_4,True,logistic_regression,clustered_bursty,0.65,balanced_round_robin,1.0,2
582f4c50b526b73576df,unseen_workload,retry_policy_inference,retry_1,retry_4,False,logistic_regression,clustered_bursty,0.8,balanced_round_robin,1.0,2
b17260500bbe6f2f6031,unseen_workload,retry_policy_inference,retry_2,retry_4,False,logistic_regression,clustered_bursty,0.8,balanced_round_robin,1.0,2
ac8e10bbced11821b05e,unseen_workload,retry_policy_inference,retry_4,retry_4,True,logistic_regression,clustered_bursty,0.8,balanced_round_robin,1.0,2
90bef8f3b8be553ac2bd,unseen_workload,retry_policy_inference,retry_1,retry_4,False,logistic_regression,clustered_bursty,0.95,balanced_round_robin,1.0,2
f0df2a95e84ea2e2dd1e,unseen_workload,retry_policy_inference,retry_2,retry_4,False,logistic_regression,clustered_bursty,0.95,balanced_round_robin,1.0,2
eb92ffc5ac81d3c0b880,unseen_workload,retry_policy_inference,retry_4,retry_4,True,logistic_regression,clustered_bursty,0.95,balanced_round_robin,1.0,2
9b2bef7ccfeb6f86a13a,unseen_workload,service_class_inference,low_latency,low_latency,True,logistic_regression,jittered_periodic,0.65,balanced_round_robin,1.0,2
d62b7429936377f9105b,unseen_workload,service_class_inference,high_fidelity,high_fidelity,True,logistic_regression,jittered_periodic,0.65,balanced_round_robin,1.0,2
8456e0d83aa3938521f0,unseen_workload,service_class_inference,low_latency,low_latency,True,logistic_regression,jittered_periodic,0.8,balanced_round_robin,1.0,2
1ff5575e715efc8ad0cd,unseen_workload,service_class_inference,high_fidelity,low_latency,False,logistic_regression,jittered_periodic,0.8,balanced_round_robin,1.0,2
20f2f4e0f83578b0ef82,unseen_workload,service_class_inference,low_latency,low_latency,True,logistic_regression,jittered_periodic,0.95,balanced_round_robin,1.0,2
79d6975ec53566693a19,unseen_workload,service_class_inference,high_fidelity,low_latency,False,logistic_regression,jittered_periodic,0.95,balanced_round_robin,1.0,2
7f4122a670c242cc138a,unseen_workload,service_class_inference,low_latency,low_latency,True,logistic_regression,alternating_rate,0.65,balanced_round_robin,1.0,2
262703280a3eeed73dba,unseen_workload,service_class_inference,high_fidelity,high_fidelity,True,logistic_regression,alternating_rate,0.65,balanced_round_robin,1.0,2
4952669f56d41f7ee584,unseen_workload,service_class_inference,low_latency,low_latency,True,logistic_regression,alternating_rate,0.8,balanced_round_robin,1.0,2
73fa4a10be842b3c564c,unseen_workload,service_class_inference,high_fidelity,high_fidelity,True,logistic_regression,alternating_rate,0.8,balanced_round_robin,1.0,2
afff1a92f8a8dbe3c753,unseen_workload,service_class_inference,low_latency,low_latency,True,logistic_regression,alternating_rate,0.95,balanced_round_robin,1.0,2
068418b8cc807da56361,unseen_workload,service_class_inference,high_fidelity,high_fidelity,True,logistic_regression,alternating_rate,0.95,balanced_round_robin,1.0,2
c2208f8a57bd1c5a0745,unseen_workload,service_class_inference,low_latency,low_latency,True,logistic_regression,clustered_bursty,0.65,balanced_round_robin,1.0,2
ebb24566dee006f29e2a,unseen_workload,service_class_inference,high_fidelity,high_fidelity,True,logistic_regression,clustered_bursty,0.65,balanced_round_robin,1.0,2
bd524af0d85295667d76,unseen_workload,service_class_inference,low_latency,low_latency,True,logistic_regression,clustered_bursty,0.8,balanced_round_robin,1.0,2
3ba3908f45c634fd9843,unseen_workload,service_class_inference,high_fidelity,high_fidelity,True,logistic_regression,clustered_bursty,0.8,balanced_round_robin,1.0,2
0257d198ac42164c179d,unseen_workload,service_class_inference,low_latency,low_latency,True,logistic_regression,clustered_bursty,0.95,balanced_round_robin,1.0,2
cd9a811f1ce66d29c67a,unseen_workload,service_class_inference,high_fidelity,high_fidelity,True,logistic_regression,clustered_bursty,0.95,balanced_round_robin,1.0,2
181f3e9690c8b53d7b30,unseen_workload,service_class_inference,low_latency,low_latency,True,logistic_regression,jittered_periodic,0.65,balanced_round_robin,1.0,2
225b4430e5f81bab6ef9,unseen_workload,service_class_inference,high_fidelity,high_fidelity,True,logistic_regression,jittered_periodic,0.65,balanced_round_robin,1.0,2
9abcb4dcc2ed057e064b,unseen_workload,service_class_inference,low_latency,low_latency,True,logistic_regression,jittered_periodic,0.8,balanced_round_robin,1.0,2
3b47534bc24792da9969,unseen_workload,service_class_inference,high_fidelity,high_fidelity,True,logistic_regression,jittered_periodic,0.8,balanced_round_robin,1.0,2
858558a6a08de8f14a3b,unseen_workload,service_class_inference,low_latency,low_latency,True,logistic_regression,jittered_periodic,0.95,balanced_round_robin,1.0,2
d2b2690ae01e58797acf,unseen_workload,service_class_inference,high_fidelity,high_fidelity,True,logistic_regression,jittered_periodic,0.95,balanced_round_robin,1.0,2
490fbf2c195c7e614e88,unseen_workload,service_class_inference,low_latency,low_latency,True,logistic_regression,alternating_rate,0.65,balanced_round_robin,1.0,2
d9e846342febc466e644,unseen_workload,service_class_inference,high_fidelity,high_fidelity,True,logistic_regression,alternating_rate,0.65,balanced_round_robin,1.0,2
1c604a3d04aa77e051a0,unseen_workload,service_class_inference,low_latency,low_latency,True,logistic_regression,alternating_rate,0.8,balanced_round_robin,1.0,2
eba5e70af0c479e2af6a,unseen_workload,service_class_inference,high_fidelity,high_fidelity,True,logistic_regression,alternating_rate,0.8,balanced_round_robin,1.0,2
c636793417071c901f44,unseen_workload,service_class_inference,low_latency,low_latency,True,logistic_regression,alternating_rate,0.95,balanced_round_robin,1.0,2
ff7608bbfee9e4ea82d7,unseen_workload,service_class_inference,high_fidelity,high_fidelity,True,logistic_regression,alternating_rate,0.95,balanced_round_robin,1.0,2
9122535d8e6782670981,unseen_workload,service_class_inference,low_latency,low_latency,True,logistic_regression,clustered_bursty,0.65,balanced_round_robin,1.0,2
4e57511ba2dcf92ed280,unseen_workload,service_class_inference,high_fidelity,high_fidelity,True,logistic_regression,clustered_bursty,0.65,balanced_round_robin,1.0,2
b5f86104ed25b7871755,unseen_workload,service_class_inference,low_latency,low_latency,True,logistic_regression,clustered_bursty,0.8,balanced_round_robin,1.0,2
d90978de100cd7ac8a8d,unseen_workload,service_class_inference,high_fidelity,high_fidelity,True,logistic_regression,clustered_bursty,0.8,balanced_round_robin,1.0,2
b47b0260abaaee388d20,unseen_workload,service_class_inference,low_latency,low_latency,True,logistic_regression,clustered_bursty,0.95,balanced_round_robin,1.0,2
f5bbee7196fa6c5a4148,unseen_workload,service_class_inference,high_fidelity,high_fidelity,True,logistic_regression,clustered_bursty,0.95,balanced_round_robin,1.0,2
5c4fdeb5982be4b95f19,unseen_workload,service_class_inference,low_latency,low_latency,True,logistic_regression,jittered_periodic,0.65,balanced_round_robin,1.0,2
072be742cacd34d2ac1c,unseen_workload,service_class_inference,high_fidelity,high_fidelity,True,logistic_regression,jittered_periodic,0.65,balanced_round_robin,1.0,2
cf8031735450230f9d9f,unseen_workload,service_class_inference,low_latency,low_latency,True,logistic_regression,jittered_periodic,0.8,balanced_round_robin,1.0,2
c3637f3a7dffad63b670,unseen_workload,service_class_inference,high_fidelity,high_fidelity,True,logistic_regression,jittered_periodic,0.8,balanced_round_robin,1.0,2
7bb1fdea477d91feb483,unseen_workload,service_class_inference,low_latency,low_latency,True,logistic_regression,jittered_periodic,0.95,balanced_round_robin,1.0,2
57a261d8db905cd06242,unseen_workload,service_class_inference,high_fidelity,high_fidelity,True,logistic_regression,jittered_periodic,0.95,balanced_round_robin,1.0,2
dc2e59253c0c0b404c42,unseen_workload,service_class_inference,low_latency,low_latency,True,logistic_regression,alternating_rate,0.65,balanced_round_robin,1.0,2
5266e2b66acbf1d89bd7,unseen_workload,service_class_inference,high_fidelity,high_fidelity,True,logistic_regression,alternating_rate,0.65,balanced_round_robin,1.0,2
f7007557f4ee3233c146,unseen_workload,service_class_inference,low_latency,low_latency,True,logistic_regression,alternating_rate,0.8,balanced_round_robin,1.0,2
0f16e9ee8015accade63,unseen_workload,service_class_inference,high_fidelity,high_fidelity,True,logistic_regression,alternating_rate,0.8,balanced_round_robin,1.0,2
e5ca9d750758c072269f,unseen_workload,service_class_inference,low_latency,low_latency,True,logistic_regression,alternating_rate,0.95,balanced_round_robin,1.0,2
8fcb1249a620fa700dac,unseen_workload,service_class_inference,high_fidelity,high_fidelity,True,logistic_regression,alternating_rate,0.95,balanced_round_robin,1.0,2
bd592c86b2565a8d0757,unseen_workload,service_class_inference,low_latency,low_latency,True,logistic_regression,clustered_bursty,0.65,balanced_round_robin,1.0,2
b30be5f2a1b4663cfd13,unseen_workload,service_class_inference,high_fidelity,low_latency,False,logistic_regression,clustered_bursty,0.65,balanced_round_robin,1.0,2
fbe4ee6ef1a8cdd1b1c0,unseen_workload,service_class_inference,low_latency,low_latency,True,logistic_regression,clustered_bursty,0.8,balanced_round_robin,1.0,2
e36667163a30e8edfb3f,unseen_workload,service_class_inference,high_fidelity,low_latency,False,logistic_regression,clustered_bursty,0.8,balanced_round_robin,1.0,2
e5b8f9adcc03206c8cd9,unseen_workload,service_class_inference,low_latency,low_latency,True,logistic_regression,clustered_bursty,0.95,balanced_round_robin,1.0,2
bfe4ae36a1408078aef7,unseen_workload,service_class_inference,high_fidelity,high_fidelity,True,logistic_regression,clustered_bursty,0.95,balanced_round_robin,1.0,2
1d586a59ecf9f721173a,unseen_workload,service_label_only_control,low_latency,low_latency,True,random_forest,jittered_periodic,0.65,balanced_round_robin,1.0,2
c5d9d693fede2386327e,unseen_workload,service_label_only_control,high_fidelity,low_latency,False,random_forest,jittered_periodic,0.65,balanced_round_robin,1.0,2
1dbf4e9b29a2207931aa,unseen_workload,service_label_only_control,low_latency,low_latency,True,random_forest,jittered_periodic,0.8,balanced_round_robin,1.0,2
df26bea2ce051e069f54,unseen_workload,service_label_only_control,high_fidelity,low_latency,False,random_forest,jittered_periodic,0.8,balanced_round_robin,1.0,2
7ad30a6adaba331d7dca,unseen_workload,service_label_only_control,low_latency,low_latency,True,random_forest,jittered_periodic,0.95,balanced_round_robin,1.0,2
32ee701d2dc3e76dacce,unseen_workload,service_label_only_control,high_fidelity,low_latency,False,random_forest,jittered_periodic,0.95,balanced_round_robin,1.0,2
e2e78806ae8e9da8068a,unseen_workload,service_label_only_control,low_latency,low_latency,True,random_forest,alternating_rate,0.65,balanced_round_robin,1.0,2
de4e7ae063055afacfc6,unseen_workload,service_label_only_control,high_fidelity,low_latency,False,random_forest,alternating_rate,0.65,balanced_round_robin,1.0,2
bb1350e195efae025815,unseen_workload,service_label_only_control,low_latency,low_latency,True,random_forest,alternating_rate,0.8,balanced_round_robin,1.0,2
bc4648d22244edecf700,unseen_workload,service_label_only_control,high_fidelity,low_latency,False,random_forest,alternating_rate,0.8,balanced_round_robin,1.0,2
1b6abd640061f2c42a27,unseen_workload,service_label_only_control,low_latency,low_latency,True,random_forest,alternating_rate,0.95,balanced_round_robin,1.0,2
e8b4307988dbd72ef791,unseen_workload,service_label_only_control,high_fidelity,low_latency,False,random_forest,alternating_rate,0.95,balanced_round_robin,1.0,2
782959ec56ffdadcbe4c,unseen_workload,service_label_only_control,low_latency,high_fidelity,False,random_forest,clustered_bursty,0.65,balanced_round_robin,1.0,2
94a76b76c17ac40660c4,unseen_workload,service_label_only_control,high_fidelity,high_fidelity,True,random_forest,clustered_bursty,0.65,balanced_round_robin,1.0,2
c77e2ce664f77f974893,unseen_workload,service_label_only_control,low_latency,high_fidelity,False,random_forest,clustered_bursty,0.8,balanced_round_robin,1.0,2
9df52cd61026f4e51aa2,unseen_workload,service_label_only_control,high_fidelity,high_fidelity,True,random_forest,clustered_bursty,0.8,balanced_round_robin,1.0,2
d2ce0b74df3ee7d9ea99,unseen_workload,service_label_only_control,low_latency,low_latency,True,random_forest,clustered_bursty,0.95,balanced_round_robin,1.0,2
eff8c102aec339e85d17,unseen_workload,service_label_only_control,high_fidelity,low_latency,False,random_forest,clustered_bursty,0.95,balanced_round_robin,1.0,2
40354b641bbb6cd785a9,unseen_workload,service_label_only_control,low_latency,low_latency,True,random_forest,jittered_periodic,0.65,balanced_round_robin,1.0,2
2993300997d62899c04c,unseen_workload,service_label_only_control,high_fidelity,low_latency,False,random_forest,jittered_periodic,0.65,balanced_round_robin,1.0,2
b39848fda5de5c199610,unseen_workload,service_label_only_control,low_latency,low_latency,True,random_forest,jittered_periodic,0.8,balanced_round_robin,1.0,2
2e05df077dea424ec779,unseen_workload,service_label_only_control,high_fidelity,low_latency,False,random_forest,jittered_periodic,0.8,balanced_round_robin,1.0,2
e6dba335fe873c54d4fa,unseen_workload,service_label_only_control,low_latency,high_fidelity,False,random_forest,jittered_periodic,0.95,balanced_round_robin,1.0,2
2b2b17632051eef4765f,unseen_workload,service_label_only_control,high_fidelity,high_fidelity,True,random_forest,jittered_periodic,0.95,balanced_round_robin,1.0,2
d0ab9cbeed07868946b9,unseen_workload,service_label_only_control,low_latency,low_latency,True,random_forest,alternating_rate,0.65,balanced_round_robin,1.0,2
9c1c52171b2426474bf1,unseen_workload,service_label_only_control,high_fidelity,low_latency,False,random_forest,alternating_rate,0.65,balanced_round_robin,1.0,2
646eb5079e39f1451644,unseen_workload,service_label_only_control,low_latency,low_latency,True,random_forest,alternating_rate,0.8,balanced_round_robin,1.0,2
fcb3e8a21d8dfeabdbdf,unseen_workload,service_label_only_control,high_fidelity,low_latency,False,random_forest,alternating_rate,0.8,balanced_round_robin,1.0,2
2ab8c830c2467e667307,unseen_workload,service_label_only_control,low_latency,low_latency,True,random_forest,alternating_rate,0.95,balanced_round_robin,1.0,2
0737165f14b483cad4a6,unseen_workload,service_label_only_control,high_fidelity,low_latency,False,random_forest,alternating_rate,0.95,balanced_round_robin,1.0,2
d21ff464f20632e21eb6,unseen_workload,service_label_only_control,low_latency,low_latency,True,random_forest,clustered_bursty,0.65,balanced_round_robin,1.0,2
2ed6c00a5279b83b706a,unseen_workload,service_label_only_control,high_fidelity,low_latency,False,random_forest,clustered_bursty,0.65,balanced_round_robin,1.0,2
ed7ecb975b3e0384fd55,unseen_workload,service_label_only_control,low_latency,low_latency,True,random_forest,clustered_bursty,0.8,balanced_round_robin,1.0,2
0ac740eb06954a55d9aa,unseen_workload,service_label_only_control,high_fidelity,low_latency,False,random_forest,clustered_bursty,0.8,balanced_round_robin,1.0,2
304babf8efc92115053f,unseen_workload,service_label_only_control,low_latency,low_latency,True,random_forest,clustered_bursty,0.95,balanced_round_robin,1.0,2
0cbcc81388880d3d1d8c,unseen_workload,service_label_only_control,high_fidelity,low_latency,False,random_forest,clustered_bursty,0.95,balanced_round_robin,1.0,2
bce66d2dbdb5473c7114,unseen_workload,service_label_only_control,low_latency,high_fidelity,False,random_forest,jittered_periodic,0.65,balanced_round_robin,1.0,2
ad470e523476766f1136,unseen_workload,service_label_only_control,high_fidelity,high_fidelity,True,random_forest,jittered_periodic,0.65,balanced_round_robin,1.0,2
2f7314b84089efb296d7,unseen_workload,service_label_only_control,low_latency,low_latency,True,random_forest,jittered_periodic,0.8,balanced_round_robin,1.0,2
69f8e2d099f2913fb85c,unseen_workload,service_label_only_control,high_fidelity,low_latency,False,random_forest,jittered_periodic,0.8,balanced_round_robin,1.0,2
4d7e73299d4677ad2de9,unseen_workload,service_label_only_control,low_latency,low_latency,True,random_forest,jittered_periodic,0.95,balanced_round_robin,1.0,2
51af4c77ffb1582d8264,unseen_workload,service_label_only_control,high_fidelity,low_latency,False,random_forest,jittered_periodic,0.95,balanced_round_robin,1.0,2
924e131d25038a7ff124,unseen_workload,service_label_only_control,low_latency,low_latency,True,random_forest,alternating_rate,0.65,balanced_round_robin,1.0,2
a013070be94f545b41ae,unseen_workload,service_label_only_control,high_fidelity,low_latency,False,random_forest,alternating_rate,0.65,balanced_round_robin,1.0,2
5e2fb7581d7d9d72410c,unseen_workload,service_label_only_control,low_latency,low_latency,True,random_forest,alternating_rate,0.8,balanced_round_robin,1.0,2
f55d0139349b49700520,unseen_workload,service_label_only_control,high_fidelity,low_latency,False,random_forest,alternating_rate,0.8,balanced_round_robin,1.0,2
4b1b8cfba0f118757a39,unseen_workload,service_label_only_control,low_latency,low_latency,True,random_forest,alternating_rate,0.95,balanced_round_robin,1.0,2
dd525fb11c6e6eb8a424,unseen_workload,service_label_only_control,high_fidelity,low_latency,False,random_forest,alternating_rate,0.95,balanced_round_robin,1.0,2
c6795b4afece8942d4c8,unseen_workload,service_label_only_control,low_latency,high_fidelity,False,random_forest,clustered_bursty,0.65,balanced_round_robin,1.0,2
ae82dc32002ba5f6afb8,unseen_workload,service_label_only_control,high_fidelity,high_fidelity,True,random_forest,clustered_bursty,0.65,balanced_round_robin,1.0,2
8cada8b6b3044aa9e5a8,unseen_workload,service_label_only_control,low_latency,low_latency,True,random_forest,clustered_bursty,0.8,balanced_round_robin,1.0,2
7884b3156da94c51f7d2,unseen_workload,service_label_only_control,high_fidelity,low_latency,False,random_forest,clustered_bursty,0.8,balanced_round_robin,1.0,2
52b7681e107901c0a494,unseen_workload,service_label_only_control,low_latency,high_fidelity,False,random_forest,clustered_bursty,0.95,balanced_round_robin,1.0,2
622743cd50ae329112a3,unseen_workload,service_label_only_control,high_fidelity,high_fidelity,True,random_forest,clustered_bursty,0.95,balanced_round_robin,1.0,2
