victim_qasm,victim_tag,trial_id,configuration_id,subexperiment,allocation_policy,communication_qubits_per_module,tenants_sharing_module,reservation_duration_ns,reset_time_ns,epr_prefetch_enabled,allocation_coordination,allocation_granularity,hub_capacity,attacker_probe_count,attacker_baseline_rejected,attacker_combined_rejected,victim_only_rejected,victim_combined_rejected,attacker_combined_failed_request_count,victim_combined_failed_request_count,baseline_avg_communication_qubit_queue_delay_ns,combined_avg_communication_qubit_queue_delay_ns,avg_excess_communication_qubit_queue_delay_ns,avg_excess_turnaround_time_ns,max_excess_turnaround_time_ns,total_effective_excess_turnaround_time_ns,delayed_or_failed_probe_count,attacker_detection_probability,balanced_detection_accuracy,allocation_change_probability,allocation_conflict_count,redirected_endpoint_count,combined_failed_request_count,combined_request_failure_rate,communication_qubit_utilization,reset_utilization,allocation_hold_utilization,reservation_utilization,effective_communication_qubit_utilization,epr_prefetched_pair_count,epr_used_pair_count,epr_wasted_pair_count,epr_stranded_pair_count,epr_pair_wastage_fraction,jain_grant_fairness,jain_inverse_wait_fairness,victim_only_completion_time_ns,combined_victim_completion_time_ns,victim_slowdown_ratio,victim_failed_in_combined,mean_attacker_reuse_delay_ns,mean_victim_reuse_delay_ns
bv_n19.qasm,bv_n19,0,reservation_reset__coherence_aware__cq2__ten4__res0__reset0__noepr__global__per_operation,reservation_reset,coherence_aware,2,4,0,0,False,global,per_operation,64,48,False,False,False,False,0,0,0.0625,0.0625,0.0,0.0,0.0,0.0,0,0.0,0.5,0.020833333333333332,179,0,0,0.0,0.1015744032503809,0.0,0.0,0.1015744032503809,0.2031488065007618,0,0,0,0,0.0,0.7697044334975369,0.7191699255249214,765.0,765.0,1.0,False,320.71875,183.75
bv_n19.qasm,bv_n19,0,reservation_reset__coherence_aware__cq2__ten4__res0__reset50__noepr__global__per_operation,reservation_reset,coherence_aware,2,4,0,50,False,global,per_operation,64,48,False,False,False,False,0,0,0.0,0.0,0.0,0.0,0.0,0.0,0,0.0,0.5,0.020833333333333332,333,0,0,0.0,0.09892531138990063,0.04496605063177301,0.0,0.14389136202167363,0.28778272404334726,0,0,0,0,0.0,0.7697044334975369,0.30837314625326684,1015.0,1015.0,1.0,False,271.59375,183.75
bv_n19.qasm,bv_n19,0,reservation_reset__coherence_aware__cq2__ten4__res0__reset200__noepr__global__per_operation,reservation_reset,coherence_aware,2,4,0,200,False,global,per_operation,64,48,False,False,False,False,0,0,23.875,48.520833333333336,24.645833333333332,24.645833333333332,510.0,1183.0,3,0.0625,0.53125,0.16666666666666666,489,0,0,0.0,0.09701459628698682,0.17639017506724874,0.0,0.2734047713542356,0.5468095427084712,0,0,0,0,0.0,0.7697044334975369,0.7142253714855805,1893.0,1893.0,1.0,False,316.9375,91.66666666666667
bv_n19.qasm,bv_n19,0,reservation_reset__coherence_aware__cq2__ten4__res500__reset0__noepr__global__per_operation,reservation_reset,coherence_aware,2,4,500,0,False,global,per_operation,64,48,False,False,False,False,0,0,0.0,0.0,0.0,0.0,0.0,0.0,0,0.0,0.5,0.0,414,0,0,0.0,0.09497906143418383,0.0,0.0,0.3476319993092432,0.44261106074342704,0,0,0,0,0.0,0.7697044334975369,0.2556642807514855,765.0,765.0,1.0,False,325.0,183.75
bv_n19.qasm,bv_n19,0,reservation_reset__coherence_aware__cq2__ten4__res500__reset50__noepr__global__per_operation,reservation_reset,coherence_aware,2,4,500,50,False,global,per_operation,64,48,False,False,False,False,0,0,0.0,0.0,0.0,0.0,0.0,0.0,0,0.0,0.5,0.0,589,0,0,0.0,0.09959257582616568,0.04526935264825713,0.0,0.35523766410140334,0.5000995925758261,0,0,0,0,0.0,0.7697044334975369,0.25408142741286077,1015.0,1015.0,1.0,False,276.0416666666667,183.75
bv_n19.qasm,bv_n19,0,reservation_reset__coherence_aware__cq2__ten4__res500__reset200__noepr__global__per_operation,reservation_reset,coherence_aware,2,4,500,200,False,global,per_operation,64,48,False,False,False,False,0,0,0.0,0.0,0.0,0.0,0.0,0.0,0,0.0,0.5,0.0,1188,0,0,0.0,0.09408544669204123,0.17106444853098404,0.0,0.38093486721122183,0.6460847624342471,0,0,0,0,0.0,0.7697044334975369,0.25177891933797586,1765.0,1765.0,1.0,False,129.16666666666666,183.75
bv_n19.qasm,bv_n19,0,reservation_reset__coherence_aware__cq2__ten4__res2000__reset0__noepr__global__per_operation,reservation_reset,coherence_aware,2,4,2000,0,False,global,per_operation,64,48,False,False,False,False,0,0,0.0,0.0,0.0,0.0,0.0,0.0,0,0.0,0.5,0.0,1480,0,0,0.0,0.08803521408563425,0.0,0.0,0.4167907162865146,0.5048259303721488,0,0,0,0,0.0,0.7697044334975369,0.2508416752626866,765.0,2806.0,3.66797385620915,False,325.0,183.75
bv_n19.qasm,bv_n19,0,reservation_reset__coherence_aware__cq2__ten4__res2000__reset50__noepr__global__per_operation,reservation_reset,coherence_aware,2,4,2000,50,False,global,per_operation,64,48,False,False,False,False,0,0,0.0,0.0,0.0,0.0,0.0,0.0,0,0.0,0.5,0.0,3139,0,2,0.02,0.0859306496612196,0.039059386209645275,0.0,0.42004782781984856,0.5450378636907134,0,0,0,0,0.0,0.7569356872635561,0.25049278963480975,1015.0,5710.0,5.625615763546798,False,276.0416666666667,183.75
bv_n19.qasm,bv_n19,0,reservation_reset__coherence_aware__cq2__ten4__res2000__reset200__noepr__global__per_operation,reservation_reset,coherence_aware,2,4,2000,200,False,global,per_operation,64,48,False,False,False,False,0,0,0.0,0.0,0.0,0.0,0.0,0.0,0,0.0,0.5,0.0,2960,0,12,0.12,0.0718634001484781,0.13066072754268745,0.0,0.4110913140311804,0.613615441722346,0,0,0,0,0.0,0.6648351648351648,0.25192398309204395,1765.0,1765.0,1.0,False,129.16666666666666,183.75
bv_n19.qasm,bv_n19,1,reservation_reset__coherence_aware__cq2__ten4__res0__reset0__noepr__global__per_operation,reservation_reset,coherence_aware,2,4,0,0,False,global,per_operation,64,48,False,False,False,False,0,0,0.0,1.9583333333333333,1.9583333333333333,1.9583333333333333,94.0,94.0,1,0.020833333333333332,0.5104166666666666,0.041666666666666664,261,0,0,0.0,0.09918398629457643,0.0,0.0,0.09918398629457643,0.19836797258915287,0,0,0,0,0.0,0.7697044334975369,0.5292704299567028,854.0,854.0,1.0,False,357.5520833333333,91.66666666666667
bv_n19.qasm,bv_n19,1,reservation_reset__coherence_aware__cq2__ten4__res0__reset50__noepr__global__per_operation,reservation_reset,coherence_aware,2,4,0,50,False,global,per_operation,64,48,False,False,False,False,0,0,1.3125,11.729166666666666,10.416666666666666,10.416666666666666,380.0,500.0,2,0.041666666666666664,0.5208333333333334,0.020833333333333332,431,0,0,0.0,0.10245424486564522,0.04657011130256601,0.0,0.14902435616821125,0.2980487123364225,0,0,0,0,0.0,0.7697044334975369,0.611350916794865,1015.0,1015.0,1.0,False,299.7708333333333,183.75
bv_n19.qasm,bv_n19,1,reservation_reset__coherence_aware__cq2__ten4__res0__reset200__noepr__global__per_operation,reservation_reset,coherence_aware,2,4,0,200,False,global,per_operation,64,48,False,False,False,False,0,0,3.3958333333333335,38.229166666666664,34.833333333333336,34.833333333333336,544.0,1672.0,8,0.16666666666666666,0.5833333333333334,0.10416666666666667,524,0,0,0.0,0.10436432637571158,0.18975332068311196,0.0,0.29411764705882354,0.5882352941176471,0,0,0,0,0.0,0.7697044334975369,0.6057251826598807,2054.0,2054.0,1.0,False,179.29166666666666,91.66666666666667
bv_n19.qasm,bv_n19,1,reservation_reset__coherence_aware__cq2__ten4__res500__reset0__noepr__global__per_operation,reservation_reset,coherence_aware,2,4,500,0,False,global,per_operation,64,48,False,False,False,False,0,0,0.0,0.0,0.0,0.0,0.0,0.0,0,0.0,0.5,0.020833333333333332,404,0,0,0.0,0.09606567398803546,0.0,0.0,0.35792323479324045,0.4539889087812759,0,0,0,0,0.0,0.7697044334975369,0.2544793507541654,765.0,1290.0,1.6862745098039216,False,330.1354166666667,205.625
bv_n19.qasm,bv_n19,1,reservation_reset__coherence_aware__cq2__ten4__res500__reset50__noepr__global__per_operation,reservation_reset,coherence_aware,2,4,500,50,False,global,per_operation,64,48,False,False,False,False,0,0,0.0,0.0,0.0,0.0,0.0,0.0,0,0.0,0.5,0.0,455,0,0,0.0,0.09487666034155598,0.043125754700707265,0.0,0.3571588752803174,0.49516129032258066,0,0,0,0,0.0,0.7697044334975369,0.2550905451870954,1015.0,1015.0,1.0,False,276.0416666666667,183.75
bv_n19.qasm,bv_n19,1,reservation_reset__coherence_aware__cq2__ten4__res500__reset200__noepr__global__per_operation,reservation_reset,coherence_aware,2,4,500,200,False,global,per_operation,64,48,False,False,False,False,0,0,0.0,0.0,0.0,0.0,0.0,0.0,0,0.0,0.5,0.0,758,0,0,0.0,0.09345397391784546,0.16991631621426448,0.0,0.38904889341999066,0.6524191835521006,0,0,0,0,0.0,0.7697044334975369,0.2522999199116363,1765.0,1765.0,1.0,False,129.16666666666666,183.75
bv_n19.qasm,bv_n19,1,reservation_reset__coherence_aware__cq2__ten4__res2000__reset0__noepr__global__per_operation,reservation_reset,coherence_aware,2,4,2000,0,False,global,per_operation,64,48,False,False,False,False,0,6,156.1875,156.1875,0.0,0.0,0.0,0.0,0,0.0,0.5,0.0,2265,0,9,0.09,0.07926829268292683,0.0,0.0,0.40616091225847323,0.48542920494140007,0,0,0,0,0.0,0.6834763948497854,0.5650071851172739,2691.0,760.0,0.2824228911185433,True,314.2604166666667,258.3333333333333
bv_n19.qasm,bv_n19,1,reservation_reset__coherence_aware__cq2__ten4__res2000__reset50__noepr__global__per_operation,reservation_reset,coherence_aware,2,4,2000,50,False,global,per_operation,64,48,False,False,False,False,0,0,0.0,0.0,0.0,0.0,0.0,0.0,0,0.0,0.5,0.0,2628,0,4,0.04,0.08107485604606526,0.03685220729366603,0.0,0.395147792706334,0.5130748560460653,0,0,0,0,0.0,0.7422680412371134,0.2517918472094291,1015.0,1015.0,1.0,False,276.0416666666667,183.75
bv_n19.qasm,bv_n19,1,reservation_reset__coherence_aware__cq2__ten4__res2000__reset200__noepr__global__per_operation,reservation_reset,coherence_aware,2,4,2000,200,False,global,per_operation,64,48,False,False,False,False,0,0,0.0,0.0,0.0,0.0,0.0,0.0,0,0.0,0.5,0.0,2085,0,2,0.02,0.07949559382028687,0.1445374433096125,0.0,0.41138601084030824,0.6354190479702075,0,0,0,0,0.0,0.7569356872635561,0.251052109073381,1765.0,1765.0,1.0,False,129.16666666666666,183.75
bv_n19.qasm,bv_n19,2,reservation_reset__coherence_aware__cq2__ten4__res0__reset0__noepr__global__per_operation,reservation_reset,coherence_aware,2,4,0,0,False,global,per_operation,64,48,False,False,False,False,0,0,0.0,0.0,0.0,0.0,0.0,0.0,0,0.0,0.5,0.020833333333333332,157,0,0,0.0,0.09927797833935018,0.0,0.0,0.09927797833935018,0.19855595667870035,0,0,0,0,0.0,0.7697044334975369,0.5088699413248768,765.0,765.0,1.0,False,306.9479166666667,139.41666666666666
bv_n19.qasm,bv_n19,2,reservation_reset__coherence_aware__cq2__ten4__res0__reset50__noepr__global__per_operation,reservation_reset,coherence_aware,2,4,0,50,False,global,per_operation,64,48,False,False,False,False,0,0,3.0,3.0,0.0,0.0,0.0,0.0,0,0.0,0.5,0.041666666666666664,267,0,0,0.0,0.09569377990430622,0.04349717268377556,0.0,0.13919095258808178,0.27838190517616357,0,0,0,0,0.0,0.7697044334975369,0.6466751160847922,1015.0,1015.0,1.0,False,266.90625,183.75
bv_n19.qasm,bv_n19,2,reservation_reset__coherence_aware__cq2__ten4__res0__reset200__noepr__global__per_operation,reservation_reset,coherence_aware,2,4,0,200,False,global,per_operation,64,48,False,False,False,False,0,0,11.520833333333334,47.770833333333336,36.25,36.25,675.0,1740.0,6,0.125,0.5625,0.20833333333333334,456,0,0,0.0,0.09941256213285134,0.1807501129688206,0.0,0.2801626751016719,0.5603253502033438,0,0,0,0,0.0,0.7697044334975369,0.7069653569247906,1765.0,1765.0,1.0,False,190.30208333333334,183.75
bv_n19.qasm,bv_n19,2,reservation_reset__coherence_aware__cq2__ten4__res500__reset0__noepr__global__per_operation,reservation_reset,coherence_aware,2,4,500,0,False,global,per_operation,64,48,False,False,False,False,0,0,0.0,0.0,0.0,0.0,0.0,0.0,0,0.0,0.5,0.0,310,0,0,0.0,0.09455045556128588,0.0,0.0,0.3461835997937081,0.440734055354994,0,0,0,0,0.0,0.7697044334975369,0.25661327202030126,765.0,765.0,1.0,False,325.0,183.75
bv_n19.qasm,bv_n19,2,reservation_reset__coherence_aware__cq2__ten4__res500__reset50__noepr__global__per_operation,reservation_reset,coherence_aware,2,4,500,50,False,global,per_operation,64,48,False,False,False,False,0,0,0.0,0.0,0.0,0.0,0.0,0.0,0,0.0,0.5,0.0,445,0,0,0.0,0.09316507156771407,0.04234775980350639,0.0,0.36492335055475567,0.5004361819259762,0,0,0,0,0.0,0.7697044334975369,0.2551943568862075,1015.0,1015.0,1.0,False,276.0416666666667,183.75
bv_n19.qasm,bv_n19,2,reservation_reset__coherence_aware__cq2__ten4__res500__reset200__noepr__global__per_operation,reservation_reset,coherence_aware,2,4,500,200,False,global,per_operation,64,48,False,False,False,False,0,0,0.0,0.0,0.0,0.0,0.0,0.0,0,0.0,0.5,0.0,1273,0,0,0.0,0.09533301555661482,0.17333275555748148,0.0,0.38443471855093814,0.6531004896650344,0,0,0,0,0.0,0.7697044334975369,0.25133075946989303,1765.0,3475.0,1.9688385269121813,False,129.16666666666666,183.75
bv_n19.qasm,bv_n19,2,reservation_reset__coherence_aware__cq2__ten4__res2000__reset0__noepr__global__per_operation,reservation_reset,coherence_aware,2,4,2000,0,False,global,per_operation,64,48,False,False,False,False,0,0,0.0,0.0,0.0,0.0,0.0,0.0,0,0.0,0.5,0.0,1316,0,0,0.0,0.08613938919342208,0.0,0.0,0.39314800313234144,0.4792873923257635,0,0,0,0,0.0,0.7697044334975369,0.2526696210207943,765.0,765.0,1.0,False,325.0,183.75
bv_n19.qasm,bv_n19,2,reservation_reset__coherence_aware__cq2__ten4__res2000__reset50__noepr__global__per_operation,reservation_reset,coherence_aware,2,4,2000,50,False,global,per_operation,64,48,False,False,False,False,0,0,0.0,0.0,0.0,0.0,0.0,0.0,0,0.0,0.5,0.0,2122,0,1,0.01,0.08279165241190557,0.0376325692781389,0.0,0.4203063823316988,0.5407306040217432,0,0,0,0,0.0,0.7635556248052353,0.25107572105084053,1015.0,2974.0,2.930049261083744,False,276.0416666666667,183.75
bv_n19.qasm,bv_n19,2,reservation_reset__coherence_aware__cq2__ten4__res2000__reset200__noepr__global__per_operation,reservation_reset,coherence_aware,2,4,2000,200,False,global,per_operation,64,48,False,False,False,False,0,0,0.0,0.0,0.0,0.0,0.0,0.0,0,0.0,0.5,0.0,2680,0,5,0.05,0.07308970099667775,0.132890365448505,0.0,0.41014163315264907,0.6161216995978318,0,0,0,0,0.0,0.7342173771558738,0.25121932881982884,1765.0,1765.0,1.0,False,129.16666666666666,183.75
dnn_n16.qasm,dnn_n16,0,reservation_reset__coherence_aware__cq2__ten4__res0__reset0__noepr__global__per_operation,reservation_reset,coherence_aware,2,4,0,0,False,global,per_operation,64,48,False,False,False,False,0,0,0.0,42.8125,42.8125,42.8125,555.0,2055.0,7,0.14583333333333334,0.5729166666666666,0.10416666666666667,990,0,0,0.0,0.15448082155709647,0.0,0.0,0.15448082155709647,0.30896164311419294,0,0,0,0,0.0,0.7722007722007722,0.8532440272771598,8985.0,9000.0,1.001669449081803,False,341.5729166666667,202.1875
dnn_n16.qasm,dnn_n16,0,reservation_reset__coherence_aware__cq2__ten4__res0__reset50__noepr__global__per_operation,reservation_reset,coherence_aware,2,4,0,50,False,global,per_operation,64,48,False,False,False,False,0,0,4.5625,166.16666666666666,161.60416666666666,161.60416666666666,1180.0,7757.0,15,0.3125,0.65625,0.25,2369,0,0,0.0,0.15691868758915833,0.07132667617689016,0.0,0.2282453637660485,0.456490727532097,0,0,0,0,0.0,0.7722007722007722,0.8783645216070427,9435.0,9450.0,1.0015898251192368,False,369.4375,181.84027777777777
dnn_n16.qasm,dnn_n16,0,reservation_reset__coherence_aware__cq2__ten4__res0__reset200__noepr__global__per_operation,reservation_reset,coherence_aware,2,4,0,200,False,global,per_operation,64,48,False,False,False,False,0,0,17.145833333333332,2630.4166666666665,2613.2708333333335,2613.2708333333335,5575.0,125437.0,44,0.9166666666666666,0.9583333333333333,0.5833333333333334,10445,0,0,0.0,0.15361117172157976,0.27929303949378137,0.0,0.4329042112153611,0.8658084224307222,0,0,0,0,0.0,0.7722007722007722,0.9936490109007566,11817.0,13805.0,1.1682322078361682,False,316.8229166666667,87.21527777777777
dnn_n16.qasm,dnn_n16,0,reservation_reset__coherence_aware__cq2__ten4__res500__reset0__noepr__global__per_operation,reservation_reset,coherence_aware,2,4,500,0,False,global,per_operation,64,48,False,False,False,False,0,0,0.0,0.0,0.0,0.0,0.0,0.0,0,0.0,0.5,0.0,2603,0,0,0.0,0.15131974894678016,0.0,0.0,0.39267904737339865,0.5439987963201788,0,0,0,0,0.0,0.7722007722007722,0.2519494345306008,8910.0,10345.0,1.1610549943883277,False,325.0,213.31944444444446
dnn_n16.qasm,dnn_n16,0,reservation_reset__coherence_aware__cq2__ten4__res500__reset50__noepr__global__per_operation,reservation_reset,coherence_aware,2,4,500,50,False,global,per_operation,64,48,False,False,False,False,0,0,0.0,0.0,0.0,0.0,0.0,0.0,0,0.0,0.5,0.0,6979,0,0,0.0,0.15225572040313162,0.0692071456377871,0.0,0.4144686188848999,0.6359314849258186,0,0,0,0,0.0,0.7722007722007722,0.25077523581023653,10137.0,10715.0,1.05701884186643,False,276.0416666666667,192.36111111111111
dnn_n16.qasm,dnn_n16,0,reservation_reset__coherence_aware__cq2__ten4__res500__reset200__noepr__global__per_operation,reservation_reset,coherence_aware,2,4,500,200,False,global,per_operation,64,48,False,False,False,False,0,0,0.0,0.0,0.0,0.0,0.0,0.0,0,0.0,0.5,0.0,13293,0,17,0.10625,0.12841864642011594,0.23348844803657443,0.0,0.45020409829373825,0.8121111927504286,0,0,0,0,0.0,0.6583708950418544,0.2503903255046511,13869.0,16485.0,1.1886221068570193,False,129.16666666666666,177.0
dnn_n16.qasm,dnn_n16,0,reservation_reset__coherence_aware__cq2__ten4__res2000__reset0__noepr__global__per_operation,reservation_reset,coherence_aware,2,4,2000,0,False,global,per_operation,64,48,False,False,False,False,0,0,0.0,0.0,0.0,0.0,0.0,0.0,0,0.0,0.5,0.0,9453,0,4,0.025,0.13437744714173844,0.0,0.0,0.49327329678935006,0.6276507439310884,0,0,0,0,0.0,0.7476038338658147,0.25052838940165306,9865.0,12707.0,1.2880892042574759,False,325.0,214.89583333333334
dnn_n16.qasm,dnn_n16,0,reservation_reset__coherence_aware__cq2__ten4__res2000__reset50__noepr__global__per_operation,reservation_reset,coherence_aware,2,4,2000,50,False,global,per_operation,64,48,False,False,False,False,0,0,0.0,0.0,0.0,0.0,0.0,0.0,0,0.0,0.5,0.0,9912,0,10,0.0625,0.12633513265188928,0.057425060296313314,0.0,0.4831361739596493,0.6668963669078519,0,0,0,0,0.0,0.7041812719078618,0.25057837912598396,10715.0,11504.0,1.0736350909939338,False,276.0416666666667,210.49305555555554
dnn_n16.qasm,dnn_n16,0,reservation_reset__coherence_aware__cq2__ten4__res2000__reset200__noepr__global__per_operation,reservation_reset,coherence_aware,2,4,2000,200,False,global,per_operation,64,48,False,False,False,False,0,8,0.0,0.0,0.0,0.0,0.0,0.0,0,0.0,0.5,0.0,16826,0,19,0.11875,0.10770833333333334,0.19583333333333333,0.0,0.5110277777777777,0.8145694444444445,0,0,0,0,0.0,0.7273891409337041,0.2502763050495726,11215.0,18143.0,1.617744092732947,True,129.16666666666666,155.84027777777777
dnn_n16.qasm,dnn_n16,1,reservation_reset__coherence_aware__cq2__ten4__res0__reset0__noepr__global__per_operation,reservation_reset,coherence_aware,2,4,0,0,False,global,per_operation,64,48,False,False,False,False,0,0,0.0,40.208333333333336,40.208333333333336,40.208333333333336,555.0,1930.0,7,0.14583333333333334,0.5729166666666666,0.125,927,0,0,0.0,0.15343707772111068,0.0,0.0,0.15343707772111068,0.30687415544222135,0,0,0,0,0.0,0.7722007722007722,0.8071186400314921,8985.0,9000.0,1.001669449081803,False,383.3854166666667,252.5625
dnn_n16.qasm,dnn_n16,1,reservation_reset__coherence_aware__cq2__ten4__res0__reset50__noepr__global__per_operation,reservation_reset,coherence_aware,2,4,0,50,False,global,per_operation,64,48,False,False,False,False,0,0,1.9375,125.79166666666667,123.85416666666667,123.85416666666667,910.0,5945.0,14,0.2916666666666667,0.6458333333333334,0.1875,1811,0,0,0.0,0.1575085018793628,0.07159477358152855,0.0,0.22910327546089135,0.4582065509217827,0,0,0,0,0.0,0.7722007722007722,0.8903140860814291,9290.0,9435.0,1.0156081808396125,False,388.8125,189.84722222222223
dnn_n16.qasm,dnn_n16,1,reservation_reset__coherence_aware__cq2__ten4__res0__reset200__noepr__global__per_operation,reservation_reset,coherence_aware,2,4,0,200,False,global,per_operation,64,48,False,False,False,False,0,0,30.041666666666668,2864.1041666666665,2834.0625,2834.0625,5398.0,136035.0,43,0.8958333333333334,0.9479166666666667,0.5833333333333334,11425,0,0,0.0,0.15334349814855153,0.27880636027009364,0.0,0.43214985841864517,0.8642997168372903,0,0,0,0,0.0,0.7722007722007722,0.9729593681487393,11850.0,13695.0,1.1556962025316455,False,323.9375,129.3125
dnn_n16.qasm,dnn_n16,1,reservation_reset__coherence_aware__cq2__ten4__res500__reset0__noepr__global__per_operation,reservation_reset,coherence_aware,2,4,500,0,False,global,per_operation,64,48,False,False,False,False,0,0,0.0,0.0,0.0,0.0,0.0,0.0,0,0.0,0.5,0.0,3725,0,0,0.0,0.1532300191537524,0.0,0.0,0.4059333101166638,0.5591633292704161,0,0,0,0,0.0,0.7722007722007722,0.25127900545577775,9005.0,10895.0,1.20988339811216,False,325.0,190.375
dnn_n16.qasm,dnn_n16,1,reservation_reset__coherence_aware__cq2__ten4__res500__reset50__noepr__global__per_operation,reservation_reset,coherence_aware,2,4,500,50,False,global,per_operation,64,48,False,False,False,False,0,0,0.0,0.0,0.0,0.0,0.0,0.0,0,0.0,0.5,0.0,7735,0,0,0.0,0.1501002089463136,0.06822736770286982,0.0,0.4123491535542194,0.6306767302034029,0,0,0,0,0.0,0.7722007722007722,0.25084533778291696,10305.0,11609.0,1.1265405143134402,False,276.0416666666667,191.81944444444446
dnn_n16.qasm,dnn_n16,1,reservation_reset__coherence_aware__cq2__ten4__res500__reset200__noepr__global__per_operation,reservation_reset,coherence_aware,2,4,500,200,False,global,per_operation,64,48,False,False,False,False,0,0,0.0,0.0,0.0,0.0,0.0,0.0,0,0.0,0.5,0.0,15458,0,15,0.09375,0.1282669883393647,0.23321270607157218,0.0,0.45549658222758344,0.8169762766385203,0,0,0,0,0.0,0.6734465086483024,0.2503096259692152,14120.0,18134.0,1.2842776203966006,False,129.16666666666666,148.93055555555554
dnn_n16.qasm,dnn_n16,1,reservation_reset__coherence_aware__cq2__ten4__res2000__reset0__noepr__global__per_operation,reservation_reset,coherence_aware,2,4,2000,0,False,global,per_operation,64,48,False,False,False,False,0,0,170.47916666666666,170.47916666666666,0.0,0.0,0.0,0.0,0,0.0,0.5,0.0,8516,0,2,0.0125,0.13668895005898546,0.0,0.0,0.47769563507668106,0.6143845851356665,0,0,0,0,0.0,0.7601705237515225,0.3526797218582338,9865.0,11526.0,1.1683730359858084,False,313.2395833333333,182.44444444444446
dnn_n16.qasm,dnn_n16,1,reservation_reset__coherence_aware__cq2__ten4__res2000__reset50__noepr__global__per_operation,reservation_reset,coherence_aware,2,4,2000,50,False,global,per_operation,64,48,False,False,False,False,0,0,0.0,0.0,0.0,0.0,0.0,0.0,0,0.0,0.5,0.0,7476,0,7,0.04375,0.13001158748551564,0.05909617612977984,0.0,0.4681151023561221,0.6572228659714175,0,0,0,0,0.0,0.7274394033561218,0.25091066364361037,10715.0,10715.0,1.0,False,276.0416666666667,187.46527777777777
dnn_n16.qasm,dnn_n16,1,reservation_reset__coherence_aware__cq2__ten4__res2000__reset200__noepr__global__per_operation,reservation_reset,coherence_aware,2,4,2000,200,False,global,per_operation,64,48,False,False,False,False,0,48,0.0,0.0,0.0,0.0,0.0,0.0,0,0.0,0.5,0.0,14573,0,52,0.325,0.08551684422689318,0.15548517132162396,0.0,0.4635293694212496,0.7045313849697667,0,0,0,0,0.0,0.8246606334841629,0.2513682037149033,11506.0,7485.0,0.6505301581783417,True,129.16666666666666,129.92361111111111
dnn_n16.qasm,dnn_n16,2,reservation_reset__coherence_aware__cq2__ten4__res0__reset0__noepr__global__per_operation,reservation_reset,coherence_aware,2,4,0,0,False,global,per_operation,64,48,False,False,False,False,0,0,0.0,38.541666666666664,38.541666666666664,38.541666666666664,460.0,1850.0,7,0.14583333333333334,0.5729166666666666,0.125,882,0,0,0.0,0.15385287818523538,0.0,0.0,0.15385287818523538,0.30770575637047076,0,0,0,0,0.0,0.7722007722007722,0.8248640196614654,8890.0,8985.0,1.0106861642294713,False,307.4166666666667,204.52083333333334
dnn_n16.qasm,dnn_n16,2,reservation_reset__coherence_aware__cq2__ten4__res0__reset50__noepr__global__per_operation,reservation_reset,coherence_aware,2,4,0,50,False,global,per_operation,64,48,False,False,False,False,0,0,0.0,110.45833333333333,110.45833333333333,110.45833333333333,910.0,5302.0,12,0.25,0.625,0.16666666666666666,1571,0,0,0.0,0.15772729309495004,0.0716942241340682,0.0,0.22942151722901824,0.4588430344580365,0,0,0,0,0.0,0.7722007722007722,0.6581001496091684,9290.0,9435.0,1.0156081808396125,False,352.375,172.69444444444446
dnn_n16.qasm,dnn_n16,2,reservation_reset__coherence_aware__cq2__ten4__res0__reset200__noepr__global__per_operation,reservation_reset,coherence_aware,2,4,0,200,False,global,per_operation,64,48,False,False,False,False,0,0,32.416666666666664,2947.9166666666665,2915.5,2915.5,5487.0,139944.0,43,0.8958333333333334,0.9479166666666667,0.5,11876,0,0,0.0,0.15398075240594924,0.2799650043744532,0.0,0.4339457567804024,0.8678915135608049,0,0,0,0,0.0,0.7722007722007722,0.9608429178355601,11835.0,13695.0,1.1571609632446134,False,327.8645833333333,125.1875
dnn_n16.qasm,dnn_n16,2,reservation_reset__coherence_aware__cq2__ten4__res500__reset0__noepr__global__per_operation,reservation_reset,coherence_aware,2,4,500,0,False,global,per_operation,64,48,False,False,False,False,0,0,0.0,0.0,0.0,0.0,0.0,0.0,0,0.0,0.5,0.0,2965,0,0,0.0,0.14758291056978742,0.0,0.0,0.4097018992914343,0.5572848098612218,0,0,0,0,0.0,0.7722007722007722,0.2516453991715073,9205.0,11373.0,1.2355241716458447,False,325.0,233.54166666666666
dnn_n16.qasm,dnn_n16,2,reservation_reset__coherence_aware__cq2__ten4__res500__reset50__noepr__global__per_operation,reservation_reset,coherence_aware,2,4,500,50,False,global,per_operation,64,48,False,False,False,False,0,0,0.0,0.0,0.0,0.0,0.0,0.0,0,0.0,0.5,0.0,5845,0,0,0.0,0.1503887891993506,0.06835854054515936,0.0,0.42143467486969155,0.6401820046142015,0,0,0,0,0.0,0.7722007722007722,0.25103728416651727,10268.0,10753.0,1.0472341254382547,False,276.0416666666667,185.08333333333334
dnn_n16.qasm,dnn_n16,2,reservation_reset__coherence_aware__cq2__ten4__res500__reset200__noepr__global__per_operation,reservation_reset,coherence_aware,2,4,500,200,False,global,per_operation,64,48,False,False,False,False,0,5,0.0,0.0,0.0,0.0,0.0,0.0,0,0.0,0.5,0.0,14312,0,12,0.075,0.12930897537728356,0.23510722795869737,0.0,0.4675774424146148,0.8319936457505958,0,0,0,0,0.0,0.7450340136054422,0.2504532241047486,13679.0,18185.0,1.329410044593903,True,129.16666666666666,142.04166666666666
dnn_n16.qasm,dnn_n16,2,reservation_reset__coherence_aware__cq2__ten4__res2000__reset0__noepr__global__per_operation,reservation_reset,coherence_aware,2,4,2000,0,False,global,per_operation,64,48,False,False,False,False,0,0,0.0,0.0,0.0,0.0,0.0,0.0,0,0.0,0.5,0.0,8309,0,8,0.05,0.1326457754859183,0.0,0.0,0.48265370884569614,0.6152994843316144,0,0,0,0,0.0,0.7218195451137216,0.25059683625179996,14462.0,10468.0,0.7238279629373531,False,325.0,298.4861111111111
dnn_n16.qasm,dnn_n16,2,reservation_reset__coherence_aware__cq2__ten4__res2000__reset50__noepr__global__per_operation,reservation_reset,coherence_aware,2,4,2000,50,False,global,per_operation,64,48,False,False,False,False,0,0,0.0,0.0,0.0,0.0,0.0,0.0,0,0.0,0.5,0.0,12240,0,11,0.06875,0.12982178217821783,0.05900990099009901,0.0,0.48914851485148514,0.677980198019802,0,0,0,0,0.0,0.7007006691074359,0.25074084268457225,10715.0,12365.0,1.153989734017732,False,276.0416666666667,205.40277777777777
dnn_n16.qasm,dnn_n16,2,reservation_reset__coherence_aware__cq2__ten4__res2000__reset200__noepr__global__per_operation,reservation_reset,coherence_aware,2,4,2000,200,False,global,per_operation,64,48,False,False,False,False,0,0,0.0,0.0,0.0,0.0,0.0,0.0,0,0.0,0.5,0.0,14882,0,19,0.11875,0.1138348623853211,0.20697247706422017,0.0,0.5110422018348624,0.8318495412844037,0,0,0,0,0.0,0.6427324453640243,0.2503182779681101,10942.0,17762.0,1.623286419301773,False,129.16666666666666,164.23611111111111
qft_n18.qasm,qft_n18,0,reservation_reset__coherence_aware__cq2__ten4__res0__reset0__noepr__global__per_operation,reservation_reset,coherence_aware,2,4,0,0,False,global,per_operation,64,48,False,False,False,False,0,0,0.08333333333333333,3.75,3.6666666666666665,3.6666666666666665,100.0,176.0,3,0.0625,0.53125,0.10416666666666667,2069,0,0,0.0,0.15482337887858155,0.0,0.0,0.15482337887858155,0.3096467577571631,0,0,0,0,0.0,0.7947721179624665,0.5190948444610177,3870.0,3870.0,1.0,False,321.2604166666667,94.36363636363636
qft_n18.qasm,qft_n18,0,reservation_reset__coherence_aware__cq2__ten4__res0__reset50__noepr__global__per_operation,reservation_reset,coherence_aware,2,4,0,50,False,global,per_operation,64,48,False,False,False,False,0,0,3.0208333333333335,21.75,18.729166666666668,18.729166666666668,300.0,899.0,8,0.16666666666666666,0.5833333333333334,0.041666666666666664,4761,0,0,0.0,0.16043185907756416,0.07292357230798371,0.0,0.23335543138554787,0.46671086277109575,0,0,0,0,0.0,0.7947721179624665,0.5227501129196368,5400.0,5400.0,1.0,False,241.375,112.03787878787878
qft_n18.qasm,qft_n18,0,reservation_reset__coherence_aware__cq2__ten4__res0__reset200__noepr__global__per_operation,reservation_reset,coherence_aware,2,4,0,200,False,global,per_operation,64,48,False,False,False,False,0,0,23.6875,562.375,538.6875,538.6875,2210.0,25857.0,33,0.6875,0.84375,0.4166666666666667,11307,0,0,0.0,0.14747747355591345,0.26814086101075174,0.0,0.4156183345666652,0.8312366691333304,0,0,0,0,0.0,0.7947721179624665,0.6822933250228449,10350.0,10350.0,1.0,False,262.0416666666667,153.5
qft_n18.qasm,qft_n18,0,reservation_reset__coherence_aware__cq2__ten4__res500__reset0__noepr__global__per_operation,reservation_reset,coherence_aware,2,4,500,0,False,global,per_operation,64,48,False,False,False,False,0,0,0.0,0.0,0.0,0.0,0.0,0.0,0,0.0,0.5,0.0,2530,0,0,0.0,0.14703584758267513,0.0,0.0,0.3882475479559066,0.5352833955385817,0,0,0,0,0.0,0.7947721179624665,0.25312787591119434,3745.0,3860.0,1.0307076101468624,False,325.0,103.78787878787878
qft_n18.qasm,qft_n18,0,reservation_reset__coherence_aware__cq2__ten4__res500__reset50__noepr__global__per_operation,reservation_reset,coherence_aware,2,4,500,50,False,global,per_operation,64,48,False,False,False,False,0,0,0.0,0.0,0.0,0.0,0.0,0.0,0,0.0,0.5,0.5208333333333334,5726,0,0,0.0,0.14465032875074715,0.0657501494321578,0.0,0.4128597045512766,0.6232601827341815,0,0,0,0,0.0,0.7947721179624665,0.25148739056036795,5198.0,6040.0,1.16198537899192,False,278.6770833333333,110.72727272727273
qft_n18.qasm,qft_n18,0,reservation_reset__coherence_aware__cq2__ten4__res500__reset200__noepr__global__per_operation,reservation_reset,coherence_aware,2,4,500,200,False,global,per_operation,64,48,False,False,False,False,0,0,0.0,0.0,0.0,0.0,0.0,0.0,0,0.0,0.5,0.0,14751,0,11,0.07142857142857142,0.13676476981263314,0.24866321784115114,0.0,0.47544233360865973,0.860870321262444,0,0,0,0,0.0,0.7195285010555946,0.2503931911383865,9740.0,10660.0,1.0944558521560575,False,129.16666666666666,182.34848484848484
qft_n18.qasm,qft_n18,0,reservation_reset__coherence_aware__cq2__ten4__res2000__reset0__noepr__global__per_operation,reservation_reset,coherence_aware,2,4,2000,0,False,global,per_operation,64,48,False,False,False,False,0,0,0.0,0.0,0.0,0.0,0.0,0.0,0,0.0,0.5,0.0,4056,0,1,0.006493506493506494,0.13410358565737052,0.0,0.0,0.42711553784860556,0.5612191235059761,0,0,0,0,0.0,0.7886066567847999,0.2515579770272845,3745.0,3860.0,1.0307076101468624,False,325.0,103.78787878787878
qft_n18.qasm,qft_n18,0,reservation_reset__coherence_aware__cq2__ten4__res2000__reset50__noepr__global__per_operation,reservation_reset,coherence_aware,2,4,2000,50,False,global,per_operation,64,48,False,False,False,False,0,0,0.0,0.0,0.0,0.0,0.0,0.0,0,0.0,0.5,0.0,7939,0,1,0.006493506493506494,0.13330693069306931,0.06059405940594059,0.0,0.4405623762376238,0.6344633663366337,0,0,0,0,0.0,0.7886066567847999,0.2507053172834484,5090.0,5560.0,1.0923379174852652,False,276.0416666666667,116.43939393939394
qft_n18.qasm,qft_n18,0,reservation_reset__coherence_aware__cq2__ten4__res2000__reset200__noepr__global__per_operation,reservation_reset,coherence_aware,2,4,2000,200,False,global,per_operation,64,48,False,False,False,False,0,34,0.0,0.0,0.0,0.0,0.0,0.0,0,0.0,0.5,0.0,12795,0,41,0.2662337662337662,0.09791256400157543,0.17802284363922805,0.0,0.489641591177629,0.7655769988184324,0,0,0,0,0.0,0.8191557608416731,0.25264225093492154,10660.0,4780.0,0.44840525328330205,True,129.16666666666666,52.42424242424242
qft_n18.qasm,qft_n18,1,reservation_reset__coherence_aware__cq2__ten4__res0__reset0__noepr__global__per_operation,reservation_reset,coherence_aware,2,4,0,0,False,global,per_operation,64,48,False,False,False,False,0,0,0.0,3.8541666666666665,3.8541666666666665,3.8541666666666665,84.0,185.0,5,0.10416666666666667,0.5520833333333334,0.125,1640,0,0,0.0,0.1494683901707328,0.0,0.0,0.1494683901707328,0.2989367803414656,0,0,0,0,0.0,0.7947721179624665,0.5254555623108587,3745.0,3745.0,1.0,False,310.3020833333333,95.25
qft_n18.qasm,qft_n18,1,reservation_reset__coherence_aware__cq2__ten4__res0__reset50__noepr__global__per_operation,reservation_reset,coherence_aware,2,4,0,50,False,global,per_operation,64,48,False,False,False,False,0,0,0.0,17.708333333333332,17.708333333333332,17.708333333333332,260.0,850.0,4,0.08333333333333333,0.5416666666666666,0.125,4646,0,0,0.0,0.14865517090079416,0.06757053222763372,0.0,0.2162257031284279,0.4324514062568558,0,0,0,0,0.0,0.7947721179624665,0.4578263260409635,5240.0,5250.0,1.001908396946565,False,264.71875,100.23484848484848
qft_n18.qasm,qft_n18,1,reservation_reset__coherence_aware__cq2__ten4__res0__reset200__noepr__global__per_operation,reservation_reset,coherence_aware,2,4,0,200,False,global,per_operation,64,48,False,False,False,False,0,0,26.541666666666668,1012.7083333333334,986.1666666666666,986.1666666666666,3083.0,47336.0,37,0.7708333333333334,0.8854166666666667,0.2916666666666667,12116,0,0,0.0,0.1474325500435161,0.268059181897302,0.0,0.4154917319408181,0.8309834638816362,0,0,0,0,0.0,0.7947721179624665,0.7894285219163193,10660.0,10660.0,1.0,False,269.78125,145.09848484848484
qft_n18.qasm,qft_n18,1,reservation_reset__coherence_aware__cq2__ten4__res500__reset0__noepr__global__per_operation,reservation_reset,coherence_aware,2,4,500,0,False,global,per_operation,64,48,False,False,False,False,0,0,0.0,0.0,0.0,0.0,0.0,0.0,0,0.0,0.5,0.0,2787,0,0,0.0,0.14440987170197347,0.0,0.0,0.3885426878649674,0.5329525595669409,0,0,0,0,0.0,0.7947721179624665,0.2526658711416209,3745.0,3860.0,1.0307076101468624,False,325.0,103.78787878787878
qft_n18.qasm,qft_n18,1,reservation_reset__coherence_aware__cq2__ten4__res500__reset50__noepr__global__per_operation,reservation_reset,coherence_aware,2,4,500,50,False,global,per_operation,64,48,False,False,False,False,0,0,0.0,0.0,0.0,0.0,0.0,0.0,0,0.0,0.5,0.6041666666666666,9131,0,0,0.0,0.14629301783323978,0.06649682628783626,0.0,0.40661082084718686,0.6194006649682628,0,0,0,0,0.0,0.7947721179624665,0.2507817110420113,5639.0,6439.0,1.1418691257315128,False,282.4583333333333,116.35606060606061
qft_n18.qasm,qft_n18,1,reservation_reset__coherence_aware__cq2__ten4__res500__reset200__noepr__global__per_operation,reservation_reset,coherence_aware,2,4,500,200,False,global,per_operation,64,48,False,False,False,False,0,0,0.0,0.0,0.0,0.0,0.0,0.0,0,0.0,0.5,0.5208333333333334,13289,0,7,0.045454545454545456,0.13867924528301886,0.2521440823327616,0.0,0.47861921097770155,0.869442538593482,0,0,0,0,0.0,0.7493757802746567,0.25040215432827617,10026.0,11590.0,1.1559944145222423,False,129.16666666666666,169.78787878787878
qft_n18.qasm,qft_n18,1,reservation_reset__coherence_aware__cq2__ten4__res2000__reset0__noepr__global__per_operation,reservation_reset,coherence_aware,2,4,2000,0,False,global,per_operation,64,48,False,False,False,False,0,0,0.0,0.0,0.0,0.0,0.0,0.0,0,0.0,0.5,0.0,7685,0,3,0.01948051948051948,0.13235059760956175,0.0,0.0,0.4670278884462151,0.5993784860557769,0,0,0,0,0.0,0.776072157930565,0.2505252204284181,3860.0,8577.0,2.222020725388601,False,325.0,47.196969696969695
qft_n18.qasm,qft_n18,1,reservation_reset__coherence_aware__cq2__ten4__res2000__reset50__noepr__global__per_operation,reservation_reset,coherence_aware,2,4,2000,50,False,global,per_operation,64,48,False,False,False,False,0,0,0.0,0.0,0.0,0.0,0.0,0.0,0,0.0,0.5,0.0,8720,0,9,0.05844155844155844,0.12321359598300502,0.05600617999227501,0.0,0.4352954808806489,0.6145152568559289,0,0,0,0,0.0,0.731966299958223,0.2506663198581718,5090.0,5560.0,1.0923379174852652,False,276.0416666666667,116.43939393939394
qft_n18.qasm,qft_n18,1,reservation_reset__coherence_aware__cq2__ten4__res2000__reset200__noepr__global__per_operation,reservation_reset,coherence_aware,2,4,2000,200,False,global,per_operation,64,48,False,False,False,False,0,3,0.0,0.0,0.0,0.0,0.0,0.0,0,0.0,0.5,0.0,14008,0,14,0.09090909090909091,0.11432813659985153,0.20786933927245732,0.0,0.47332590942835934,0.7955233853006681,0,0,0,0,0.0,0.7276507276507277,0.25038358717738296,10050.0,13450.0,1.3383084577114428,True,129.16666666666666,173.6969696969697
qft_n18.qasm,qft_n18,2,reservation_reset__coherence_aware__cq2__ten4__res0__reset0__noepr__global__per_operation,reservation_reset,coherence_aware,2,4,0,0,False,global,per_operation,64,48,False,False,False,False,0,0,0.7708333333333334,4.270833333333333,3.5,3.5,103.0,168.0,4,0.08333333333333333,0.5416666666666666,0.10416666666666667,1683,0,0,0.0,0.15078552672571097,0.0,0.0,0.15078552672571097,0.30157105345142193,0,0,0,0,0.0,0.7947721179624665,0.5169110164781905,3860.0,3845.0,0.9961139896373057,False,282.6979166666667,91.43181818181819
qft_n18.qasm,qft_n18,2,reservation_reset__coherence_aware__cq2__ten4__res0__reset50__noepr__global__per_operation,reservation_reset,coherence_aware,2,4,0,50,False,global,per_operation,64,48,False,False,False,False,0,0,0.9583333333333334,9.791666666666666,8.833333333333334,8.833333333333334,174.0,424.0,5,0.10416666666666667,0.5520833333333334,0.125,4950,0,0,0.0,0.14964003356742192,0.06801819707610088,0.0,0.21765823064352283,0.43531646128704565,0,0,0,0,0.0,0.7947721179624665,0.4198189203867151,5410.0,5410.0,1.0,False,255.33333333333334,108.23484848484848
qft_n18.qasm,qft_n18,2,reservation_reset__coherence_aware__cq2__ten4__res0__reset200__noepr__global__per_operation,reservation_reset,coherence_aware,2,4,0,200,False,global,per_operation,64,48,False,False,False,False,0,0,24.0625,648.8541666666666,624.7916666666666,624.7916666666666,2465.0,29990.0,36,0.75,0.875,0.375,11260,0,0,0.0,0.14655246993684576,0.26645903624881045,0.0,0.4130115061856562,0.8260230123713124,0,0,0,0,0.0,0.7947721179624665,0.6613625698150954,10040.0,10040.0,1.0,False,255.48958333333334,160.83333333333334
qft_n18.qasm,qft_n18,2,reservation_reset__coherence_aware__cq2__ten4__res500__reset0__noepr__global__per_operation,reservation_reset,coherence_aware,2,4,500,0,False,global,per_operation,64,48,False,False,False,False,0,0,0.0,0.0,0.0,0.0,0.0,0.0,0,0.0,0.5,0.0,2324,0,0,0.0,0.1448606122798016,0.0,0.0,0.3774157687703096,0.5222763810501112,0,0,0,0,0.0,0.7947721179624665,0.2535447606428573,3745.0,3860.0,1.0307076101468624,False,325.0,103.78787878787878
qft_n18.qasm,qft_n18,2,reservation_reset__coherence_aware__cq2__ten4__res500__reset50__noepr__global__per_operation,reservation_reset,coherence_aware,2,4,500,50,False,global,per_operation,64,48,False,False,False,False,0,0,0.0,0.0,0.0,0.0,0.0,0.0,0,0.0,0.5,0.0,7017,0,0,0.0,0.15337256677229516,0.06971480307831598,0.0,0.4302308736985061,0.6533182435491173,0,0,0,0,0.0,0.7947721179624665,0.25100323477847847,5090.0,5560.0,1.0923379174852652,False,276.0416666666667,116.43939393939394
qft_n18.qasm,qft_n18,2,reservation_reset__coherence_aware__cq2__ten4__res500__reset200__noepr__global__per_operation,reservation_reset,coherence_aware,2,4,500,200,False,global,per_operation,64,48,False,False,False,False,0,0,0.0,0.0,0.0,0.0,0.0,0.0,0,0.0,0.5,0.0,14611,0,6,0.03896103896103896,0.13962264150943396,0.2538593481989708,0.0,0.4739022298456261,0.8673842195540309,0,0,0,0,0.0,0.7557272978194867,0.2503295671354399,9740.0,10660.0,1.0944558521560575,False,129.16666666666666,182.34848484848484
qft_n18.qasm,qft_n18,2,reservation_reset__coherence_aware__cq2__ten4__res2000__reset0__noepr__global__per_operation,reservation_reset,coherence_aware,2,4,2000,0,False,global,per_operation,64,48,False,False,False,False,0,0,0.0,0.0,0.0,0.0,0.0,0.0,0,0.0,0.5,0.0,3890,0,0,0.0,0.1349800796812749,0.0,0.0,0.4348127490039841,0.5697928286852589,0,0,0,0,0.0,0.7947721179624665,0.2514254441996207,3745.0,3860.0,1.0307076101468624,False,325.0,103.78787878787878
qft_n18.qasm,qft_n18,2,reservation_reset__coherence_aware__cq2__ten4__res2000__reset50__noepr__global__per_operation,reservation_reset,coherence_aware,2,4,2000,50,False,global,per_operation,64,48,False,False,False,False,0,0,0.0,0.0,0.0,0.0,0.0,0.0,0,0.0,0.5,0.0,12068,0,8,0.05194805194805195,0.12406334492081884,0.05639242950946311,0.0,0.46782541521823096,0.6482811896485129,0,0,0,0,0.0,0.7411682892906815,0.2504424077875495,5560.0,11655.0,2.096223021582734,False,276.0416666666667,45.60606060606061
qft_n18.qasm,qft_n18,2,reservation_reset__coherence_aware__cq2__ten4__res2000__reset200__noepr__global__per_operation,reservation_reset,coherence_aware,2,4,2000,200,False,global,per_operation,64,48,False,False,False,False,0,0,0.0,0.0,0.0,0.0,0.0,0.0,0,0.0,0.5,0.0,13571,0,11,0.07142857142857142,0.11247363340602767,0.20449751528368668,0.0,0.48036180329627115,0.7973329519859855,0,0,0,0,0.0,0.7207458057239532,0.25035186685656774,9740.0,10660.0,1.0944558521560575,False,129.16666666666666,182.34848484848484
sat_n11.qasm,sat_n11,0,reservation_reset__coherence_aware__cq2__ten4__res0__reset0__noepr__global__per_operation,reservation_reset,coherence_aware,2,4,0,0,False,global,per_operation,64,48,False,False,False,False,0,0,1.25,4.895833333333333,3.6458333333333335,3.6458333333333335,95.0,175.0,2,0.041666666666666664,0.5208333333333334,0.041666666666666664,1752,0,0,0.0,0.11869642779445677,0.0,0.0,0.11869642779445677,0.23739285558891354,0,0,0,0,0.0,0.8736363636363637,0.35361727593947806,2030.0,2030.0,1.0,False,352.8958333333333,126.11111111111111
sat_n11.qasm,sat_n11,0,reservation_reset__coherence_aware__cq2__ten4__res0__reset50__noepr__global__per_operation,reservation_reset,coherence_aware,2,4,0,50,False,global,per_operation,64,48,False,False,False,False,0,0,5.958333333333333,14.5,8.541666666666666,8.541666666666666,197.0,410.0,3,0.0625,0.53125,0.0625,3092,0,0,0.0,0.12017091758072332,0.05462314435487423,0.0,0.17479406193559754,0.3495881238711951,0,0,0,0,0.0,0.8736363636363637,0.5259181601866234,2957.0,2957.0,1.0,False,271.3125,121.75
sat_n11.qasm,sat_n11,0,reservation_reset__coherence_aware__cq2__ten4__res0__reset200__noepr__global__per_operation,reservation_reset,coherence_aware,2,4,0,200,False,global,per_operation,64,48,False,False,False,False,0,0,37.666666666666664,64.75,27.083333333333332,27.083333333333332,788.0,1300.0,4,0.08333333333333333,0.5416666666666666,0.25,3630,0,0,0.0,0.1209487918421636,0.21990689425847929,0.0,0.3408556861006429,0.6817113722012857,0,0,0,0,0.0,0.8736363636363637,0.5481430301120527,5430.0,5430.0,1.0,False,266.40625,229.44444444444446
sat_n11.qasm,sat_n11,0,reservation_reset__coherence_aware__cq2__ten4__res500__reset0__noepr__global__per_operation,reservation_reset,coherence_aware,2,4,500,0,False,global,per_operation,64,48,False,False,False,False,0,0,0.0,0.0,0.0,0.0,0.0,0.0,0,0.0,0.5,0.0,2152,0,0,0.0,0.11853654297384202,0.0,0.0,0.3631311375684366,0.4816676805422786,0,0,0,0,0.0,0.8736363636363637,0.25295286166133363,2030.0,2030.0,1.0,False,325.0,137.77777777777777
sat_n11.qasm,sat_n11,0,reservation_reset__coherence_aware__cq2__ten4__res500__reset50__noepr__global__per_operation,reservation_reset,coherence_aware,2,4,500,50,False,global,per_operation,64,48,False,False,False,False,0,0,0.0,0.0,0.0,0.0,0.0,0.0,0,0.0,0.5,0.0,3555,0,0,0.0,0.11579930384582732,0.052636047202648785,0.0,0.3937728160285253,0.5622081670770015,0,0,0,0,0.0,0.8736363636363637,0.2516047616474651,2880.0,2880.0,1.0,False,276.0416666666667,160.69444444444446
sat_n11.qasm,sat_n11,0,reservation_reset__coherence_aware__cq2__ten4__res500__reset200__noepr__global__per_operation,reservation_reset,coherence_aware,2,4,500,200,False,global,per_operation,64,48,False,False,False,False,0,0,0.0,0.0,0.0,0.0,0.0,0.0,0,0.0,0.5,0.0,4700,0,0,0.0,0.11758620689655172,0.21379310344827587,0.0,0.44288793103448276,0.7742672413793104,0,0,0,0,0.0,0.8736363636363637,0.2508990521715168,5979.0,8149.0,1.3629369459775882,False,129.16666666666666,172.41666666666666
sat_n11.qasm,sat_n11,0,reservation_reset__coherence_aware__cq2__ten4__res2000__reset0__noepr__global__per_operation,reservation_reset,coherence_aware,2,4,2000,0,False,global,per_operation,64,48,False,False,False,False,0,0,0.0,0.0,0.0,0.0,0.0,0.0,0,0.0,0.5,0.0,3674,0,8,0.06451612903225806,0.10212084833933574,0.0,0.0,0.42832733093237296,0.5304481792717087,0,0,0,0,0.0,0.8117760617760618,0.25246106014032726,2030.0,2030.0,1.0,False,325.0,137.77777777777777
sat_n11.qasm,sat_n11,0,reservation_reset__coherence_aware__cq2__ten4__res2000__reset50__noepr__global__per_operation,reservation_reset,coherence_aware,2,4,2000,50,False,global,per_operation,64,48,False,False,False,False,0,0,0.0,0.0,0.0,0.0,0.0,0.0,0,0.0,0.5,0.0,5397,0,1,0.008064516129032258,0.10324303700877528,0.04692865318580695,0.0,0.43766119801602443,0.5878328882106066,0,0,0,0,0.0,0.8672896124742032,0.25065416316161804,2880.0,2880.0,1.0,False,276.0416666666667,160.69444444444446
sat_n11.qasm,sat_n11,0,reservation_reset__coherence_aware__cq2__ten4__res2000__reset200__noepr__global__per_operation,reservation_reset,coherence_aware,2,4,2000,200,False,global,per_operation,64,48,False,False,False,False,0,13,0.0,0.0,0.0,0.0,0.0,0.0,0,0.0,0.5,0.0,6056,0,16,0.12903225806451613,0.09025983893025376,0.16410879805500683,0.0,0.4620422428202401,0.7164108798055007,0,0,0,0,0.0,0.8288800454803866,0.25086666240893035,5430.0,10452.0,1.9248618784530387,True,129.16666666666666,145.97222222222223
sat_n11.qasm,sat_n11,1,reservation_reset__coherence_aware__cq2__ten4__res0__reset0__noepr__global__per_operation,reservation_reset,coherence_aware,2,4,0,0,False,global,per_operation,64,48,False,False,False,False,0,0,0.0,3.5416666666666665,3.5416666666666665,3.5416666666666665,95.0,170.0,2,0.041666666666666664,0.5208333333333334,0.020833333333333332,1610,0,0,0.0,0.11871708951651508,0.0,0.0,0.11871708951651508,0.23743417903303016,0,0,0,0,0.0,0.8736363636363637,0.5926954727781836,2030.0,2030.0,1.0,False,370.4791666666667,120.90277777777777
sat_n11.qasm,sat_n11,1,reservation_reset__coherence_aware__cq2__ten4__res0__reset50__noepr__global__per_operation,reservation_reset,coherence_aware,2,4,0,50,False,global,per_operation,64,48,False,False,False,False,0,0,0.0,2.3333333333333335,2.3333333333333335,2.3333333333333335,57.0,112.0,2,0.041666666666666664,0.5208333333333334,0.041666666666666664,2650,0,0,0.0,0.11846962261692795,0.05384982846223998,0.0,0.17231945107916793,0.34463890215833587,0,0,0,0,0.0,0.8736363636363637,0.45917381791321904,2880.0,2880.0,1.0,False,279.6458333333333,149.22222222222223
sat_n11.qasm,sat_n11,1,reservation_reset__coherence_aware__cq2__ten4__res0__reset200__noepr__global__per_operation,reservation_reset,coherence_aware,2,4,0,200,False,global,per_operation,64,48,False,False,False,False,0,0,22.166666666666668,167.33333333333334,145.16666666666666,145.16666666666666,760.0,6968.0,19,0.3958333333333333,0.6979166666666666,0.1875,4262,0,0,0.0,0.12941176470588237,0.23529411764705882,0.0,0.36470588235294116,0.7294117647058823,0,0,0,0,0.0,0.8736363636363637,0.5842369366696794,5430.0,5430.0,1.0,False,296.1666666666667,186.44444444444446
sat_n11.qasm,sat_n11,1,reservation_reset__coherence_aware__cq2__ten4__res500__reset0__noepr__global__per_operation,reservation_reset,coherence_aware,2,4,500,0,False,global,per_operation,64,48,False,False,False,False,0,0,0.0,0.0,0.0,0.0,0.0,0.0,0,0.0,0.5,0.0,2019,0,0,0.0,0.11739392374558912,0.0,0.0,0.3702599190980291,0.48765384284361823,0,0,0,0,0.0,0.8736363636363637,0.2531580389153685,2030.0,2030.0,1.0,False,325.0,137.77777777777777
sat_n11.qasm,sat_n11,1,reservation_reset__coherence_aware__cq2__ten4__res500__reset50__noepr__global__per_operation,reservation_reset,coherence_aware,2,4,500,50,False,global,per_operation,64,48,False,False,False,False,0,0,0.0,0.0,0.0,0.0,0.0,0.0,0,0.0,0.5,0.0,3663,0,0,0.0,0.11816685437061422,0.05371220653209738,0.0,0.38979901238846054,0.5616780732911721,0,0,0,0,0.0,0.8736363636363637,0.25149922531198915,2880.0,2880.0,1.0,False,276.0416666666667,125.86111111111111
sat_n11.qasm,sat_n11,1,reservation_reset__coherence_aware__cq2__ten4__res500__reset200__noepr__global__per_operation,reservation_reset,coherence_aware,2,4,500,200,False,global,per_operation,64,48,False,False,False,False,0,0,0.0,0.0,0.0,0.0,0.0,0.0,0,0.0,0.5,0.5625,5030,0,0,0.0,0.1154464663563267,0.20990266610241218,0.0,0.4233685992382564,0.7487177316969953,0,0,0,0,0.0,0.8736363636363637,0.25103450071258315,6187.0,6187.0,1.0,False,135.86458333333334,215.33333333333334
sat_n11.qasm,sat_n11,1,reservation_reset__coherence_aware__cq2__ten4__res2000__reset0__noepr__global__per_operation,reservation_reset,coherence_aware,2,4,2000,0,False,global,per_operation,64,48,False,False,False,False,0,0,0.0,0.0,0.0,0.0,0.0,0.0,0,0.0,0.5,0.0,2635,0,0,0.0,0.10706016247400024,0.0,0.0,0.42928848946273696,0.5363486519367372,0,0,0,0,0.0,0.8736363636363637,0.2511286649806058,2030.0,2030.0,1.0,False,325.0,137.77777777777777
sat_n11.qasm,sat_n11,1,reservation_reset__coherence_aware__cq2__ten4__res2000__reset50__noepr__global__per_operation,reservation_reset,coherence_aware,2,4,2000,50,False,global,per_operation,64,48,False,False,False,False,0,16,0.0,0.0,0.0,0.0,0.0,0.0,0,0.0,0.5,0.0,6375,0,20,0.16129032258064516,0.08892343567819666,0.04041974349008939,0.0,0.4397201710066071,0.5690633501748931,0,0,0,0,0.0,0.8066825775656324,0.25123176564305744,2880.0,1610.0,0.5590277777777778,True,276.0416666666667,110.55555555555556
sat_n11.qasm,sat_n11,1,reservation_reset__coherence_aware__cq2__ten4__res2000__reset200__noepr__global__per_operation,reservation_reset,coherence_aware,2,4,2000,200,False,global,per_operation,64,48,False,False,False,False,0,0,0.0,0.0,0.0,0.0,0.0,0.0,0,0.0,0.5,0.0,6667,0,10,0.08064516129032258,0.0952887537993921,0.17325227963525835,0.0,0.45486322188449846,0.723404255319149,0,0,0,0,0.0,0.7924390243902439,0.25050879339326376,5430.0,5430.0,1.0,False,129.16666666666666,145.97222222222223
sat_n11.qasm,sat_n11,2,reservation_reset__coherence_aware__cq2__ten4__res0__reset0__noepr__global__per_operation,reservation_reset,coherence_aware,2,4,0,0,False,global,per_operation,64,48,False,False,False,False,0,0,0.0,3.6458333333333335,3.6458333333333335,3.6458333333333335,95.0,175.0,3,0.0625,0.53125,0.0625,1695,0,0,0.0,0.11946050096339114,0.0,0.0,0.11946050096339114,0.23892100192678228,0,0,0,0,0.0,0.8736363636363637,0.465531923817283,2030.0,2030.0,1.0,False,317.09375,137.77777777777777
sat_n11.qasm,sat_n11,2,reservation_reset__coherence_aware__cq2__ten4__res0__reset50__noepr__global__per_operation,reservation_reset,coherence_aware,2,4,0,50,False,global,per_operation,64,48,False,False,False,False,0,0,0.9166666666666666,9.666666666666666,8.75,8.75,155.0,420.0,4,0.08333333333333333,0.5416666666666666,0.08333333333333333,2895,0,0,0.0,0.12235378543236455,0.05561535701471116,0.0,0.1779691424470757,0.3559382848941514,0,0,0,0,0.0,0.8736363636363637,0.5279616894594472,2880.0,2880.0,1.0,False,309.8854166666667,134.86111111111111
sat_n11.qasm,sat_n11,2,reservation_reset__coherence_aware__cq2__ten4__res0__reset200__noepr__global__per_operation,reservation_reset,coherence_aware,2,4,0,200,False,global,per_operation,64,48,False,False,False,False,0,0,24.75,137.79166666666666,113.04166666666667,113.04166666666667,820.0,5426.0,12,0.25,0.625,0.25,4242,0,0,0.0,0.11770289511153298,0.2140052638391509,0.0,0.33170815895068384,0.6634163179013677,0,0,0,0,0.0,0.8736363636363637,0.6155657729254186,5735.0,5740.0,1.000871839581517,False,266.1979166666667,194.04166666666666
sat_n11.qasm,sat_n11,2,reservation_reset__coherence_aware__cq2__ten4__res500__reset0__noepr__global__per_operation,reservation_reset,coherence_aware,2,4,500,0,False,global,per_operation,64,48,False,False,False,False,0,0,0.0,0.0,0.0,0.0,0.0,0.0,0,0.0,0.5,0.0,2483,0,0,0.0,0.11855714906562365,0.0,0.0,0.3417948717948718,0.4603520208604954,0,0,0,0,0.0,0.8736363636363637,0.25261038213883025,2030.0,2030.0,1.0,False,325.0,114.0
sat_n11.qasm,sat_n11,2,reservation_reset__coherence_aware__cq2__ten4__res500__reset50__noepr__global__per_operation,reservation_reset,coherence_aware,2,4,500,50,False,global,per_operation,64,48,False,False,False,False,0,0,0.0,0.0,0.0,0.0,0.0,0.0,0,0.0,0.5,0.375,3633,0,0,0.0,0.11711673034817327,0.05323487743098785,0.0,0.3737560640535783,0.5441076718327394,0,0,0,0,0.0,0.8736363636363637,0.25176427193818995,3195.0,3200.0,1.001564945226917,False,282.8333333333333,154.16666666666666
sat_n11.qasm,sat_n11,2,reservation_reset__coherence_aware__cq2__ten4__res500__reset200__noepr__global__per_operation,reservation_reset,coherence_aware,2,4,500,200,False,global,per_operation,64,48,False,False,False,False,0,0,0.0,0.0,0.0,0.0,0.0,0.0,0,0.0,0.5,0.0,5456,0,0,0.0,0.1185829167572267,0.21560530319495763,0.0,0.4350315148880678,0.7692197348402521,0,0,0,0,0.0,0.8736363636363637,0.2506016442672376,5430.0,6718.0,1.2372007366482505,False,129.16666666666666,205.58333333333334
sat_n11.qasm,sat_n11,2,reservation_reset__coherence_aware__cq2__ten4__res2000__reset0__noepr__global__per_operation,reservation_reset,coherence_aware,2,4,2000,0,False,global,per_operation,64,48,False,False,False,False,0,0,0.0,0.0,0.0,0.0,0.0,0.0,0,0.0,0.5,0.0,3234,0,0,0.0,0.10590062111801242,0.0,0.0,0.4221079192546584,0.5280085403726708,0,0,0,0,0.0,0.8736363636363637,0.25103067525084544,2030.0,2030.0,1.0,False,325.0,137.77777777777777
sat_n11.qasm,sat_n11,2,reservation_reset__coherence_aware__cq2__ten4__res2000__reset50__noepr__global__per_operation,reservation_reset,coherence_aware,2,4,2000,50,False,global,per_operation,64,48,False,False,False,False,0,0,0.0,0.0,0.0,0.0,0.0,0.0,0,0.0,0.5,0.0,5153,0,0,0.0,0.10670004302421089,0.0485000195564595,0.0,0.4385301365040873,0.5937301990847577,0,0,0,0,0.0,0.8736363636363637,0.25071828181416894,2880.0,2880.0,1.0,False,276.0416666666667,110.55555555555556
sat_n11.qasm,sat_n11,2,reservation_reset__coherence_aware__cq2__ten4__res2000__reset200__noepr__global__per_operation,reservation_reset,coherence_aware,2,4,2000,200,False,global,per_operation,64,48,False,False,False,False,0,0,0.0,0.0,0.0,0.0,0.0,0.0,0,0.0,0.5,0.0,5924,0,2,0.016129032258064516,0.10319108035371011,0.18762014609765476,0.0,0.4631680123029604,0.7539792387543253,0,0,0,0,0.0,0.86054579093432,0.25049065155122213,5430.0,5430.0,1.0,False,129.16666666666666,145.97222222222223
square_root_n18.qasm,square_root_n18,0,reservation_reset__coherence_aware__cq2__ten4__res0__reset0__noepr__global__per_operation,reservation_reset,coherence_aware,2,4,0,0,False,global,per_operation,64,48,False,False,False,False,0,0,0.0,6.354166666666667,6.354166666666667,6.354166666666667,135.0,305.0,5,0.10416666666666667,0.5520833333333334,0.16666666666666666,9904,0,0,0.0,0.19852258150130492,0.0,0.0,0.19852258150130492,0.39704516300260984,0,0,0,0,0.0,0.6282608695652174,0.5146811352568371,5760.0,5760.0,1.0,False,279.3645833333333,60.52155172413793
square_root_n18.qasm,square_root_n18,0,reservation_reset__coherence_aware__cq2__ten4__res0__reset50__noepr__global__per_operation,reservation_reset,coherence_aware,2,4,0,50,False,global,per_operation,64,48,False,False,False,False,0,0,2.5833333333333335,126.5625,123.97916666666667,123.97916666666667,945.0,5951.0,16,0.3333333333333333,0.6666666666666666,0.3541666666666667,23260,0,0,0.0,0.21124970581313252,0.09602259355142387,0.0,0.30727229936455636,0.6145445987291127,0,0,0,0,0.0,0.6282608695652174,0.5753942326311915,8625.0,8625.0,1.0,False,220.78125,73.0646551724138
square_root_n18.qasm,square_root_n18,0,reservation_reset__coherence_aware__cq2__ten4__res0__reset200__noepr__global__per_operation,reservation_reset,coherence_aware,2,4,0,200,False,global,per_operation,64,48,False,False,False,False,0,25,16.458333333333332,2864.8958333333335,2848.4375,2848.4375,4897.0,136725.0,47,0.9791666666666666,0.9895833333333333,0.625,35138,0,26,0.12745098039215685,0.17110897491916455,0.3111072271257537,0.0,0.4822162020449183,0.9644324040898365,0,0,0,0,0.0,0.6981315000881367,0.9573989287057871,12235.0,12235.0,1.0,True,302.7604166666667,83.08791208791209
square_root_n18.qasm,square_root_n18,0,reservation_reset__coherence_aware__cq2__ten4__res500__reset0__noepr__global__per_operation,reservation_reset,coherence_aware,2,4,500,0,False,global,per_operation,64,48,False,False,False,False,0,0,0.0,0.0,0.0,0.0,0.0,0.0,0,0.0,0.5,0.0,15346,0,0,0.0,0.19390797148412184,0.0,0.0,0.4257895873838842,0.619697558868006,0,0,0,0,0.0,0.6282608695652174,0.2508670322866261,5760.0,7190.0,1.2482638888888888,False,325.0,62.866379310344826
square_root_n18.qasm,square_root_n18,0,reservation_reset__coherence_aware__cq2__ten4__res500__reset50__noepr__global__per_operation,reservation_reset,coherence_aware,2,4,500,50,False,global,per_operation,64,48,False,False,False,False,0,0,0.0,0.0,0.0,0.0,0.0,0.0,0,0.0,0.5,0.2916666666666667,32700,0,8,0.0392156862745098,0.18819832402234637,0.08554469273743016,0.0,0.46233414804469275,0.7360771648044693,0,0,0,0,0.0,0.5902163225172075,0.25040942333205685,8785.0,10981.0,1.2499715424018212,False,281.03125,49.366379310344826
square_root_n18.qasm,square_root_n18,0,reservation_reset__coherence_aware__cq2__ten4__res500__reset200__noepr__global__per_operation,reservation_reset,coherence_aware,2,4,500,200,False,global,per_operation,64,48,False,False,False,False,0,36,0.0,0.0,0.0,0.0,0.0,0.0,0,0.0,0.5,0.0,33236,0,42,0.20588235294117646,0.14887218045112782,0.2706766917293233,0.0,0.5153717627401838,0.9349206349206349,0,0,0,0,0.0,0.7062432723358449,0.2503708433784656,12240.0,12240.0,1.0,True,129.16666666666666,99.16847826086956
square_root_n18.qasm,square_root_n18,0,reservation_reset__coherence_aware__cq2__ten4__res2000__reset0__noepr__global__per_operation,reservation_reset,coherence_aware,2,4,2000,0,False,global,per_operation,64,48,False,False,False,False,0,0,0.0,0.0,0.0,0.0,0.0,0.0,0,0.0,0.5,0.0,16018,0,6,0.029411764705882353,0.17129374754227292,0.0,0.0,0.4613920566260322,0.6326858041683051,0,0,0,0,0.0,0.5992296404988995,0.250589841130248,5760.0,7190.0,1.2482638888888888,False,325.0,62.866379310344826
square_root_n18.qasm,square_root_n18,0,reservation_reset__coherence_aware__cq2__ten4__res2000__reset50__noepr__global__per_operation,reservation_reset,coherence_aware,2,4,2000,50,False,global,per_operation,64,48,False,False,False,False,0,1,0.0,0.0,0.0,0.0,0.0,0.0,0,0.0,0.5,0.0,34888,0,16,0.0784313725490196,0.15847957697907886,0.07203617135412675,0.0,0.5018238945513066,0.7323396428845123,0,0,0,0,0.0,0.5569141560569771,0.2503846657539762,9425.0,12329.0,1.3081167108753315,True,276.0416666666667,96.56896551724138
square_root_n18.qasm,square_root_n18,0,reservation_reset__coherence_aware__cq2__ten4__res2000__reset200__noepr__global__per_operation,reservation_reset,coherence_aware,2,4,2000,200,False,global,per_operation,64,48,False,False,False,False,0,36,0.0,0.0,0.0,0.0,0.0,0.0,0,0.0,0.5,0.0,36002,0,50,0.24509803921568626,0.11988676574663835,0.21797593772116064,0.0,0.5291578202406227,0.8670205237084218,0,0,0,0,0.0,0.6551381215469613,0.25028008878638763,12240.0,12240.0,1.0,True,129.16666666666666,121.46739130434783
square_root_n18.qasm,square_root_n18,1,reservation_reset__coherence_aware__cq2__ten4__res0__reset0__noepr__global__per_operation,reservation_reset,coherence_aware,2,4,0,0,False,global,per_operation,64,48,False,False,False,False,0,0,0.0,11.666666666666666,11.666666666666666,11.666666666666666,135.0,560.0,7,0.14583333333333334,0.5729166666666666,0.08333333333333333,10966,0,0,0.0,0.19574319609211444,0.0,0.0,0.19574319609211444,0.39148639218422887,0,0,0,0,0.0,0.6282608695652174,0.3847958569339486,5980.0,5980.0,1.0,False,282.0729166666667,58.01293103448276
square_root_n18.qasm,square_root_n18,1,reservation_reset__coherence_aware__cq2__ten4__res0__reset50__noepr__global__per_operation,reservation_reset,coherence_aware,2,4,0,50,False,global,per_operation,64,48,False,False,False,False,0,0,0.22916666666666666,70.72916666666667,70.5,70.5,625.0,3384.0,16,0.3333333333333333,0.6666666666666666,0.3125,21009,0,0,0.0,0.19593975114603798,0.08906352324819908,0.0,0.28500327439423706,0.5700065487884741,0,0,0,0,0.0,0.6282608695652174,0.5224902800818475,8465.0,8465.0,1.0,False,244.6875,66.14224137931035
square_root_n18.qasm,square_root_n18,1,reservation_reset__coherence_aware__cq2__ten4__res0__reset200__noepr__global__per_operation,reservation_reset,coherence_aware,2,4,0,200,False,global,per_operation,64,48,False,False,False,False,0,25,28.75,3385.2083333333335,3356.4583333333335,3356.4583333333335,5550.0,161110.0,47,0.9791666666666666,0.9895833333333333,0.4375,37211,0,25,0.12254901960784313,0.17290129961362838,0.31436599929750614,0.0,0.4872672989111345,0.974534597822269,0,0,0,0,0.0,0.7035792709705753,0.9695693720121905,12240.0,12240.0,1.0,True,310.0,87.13736263736264
square_root_n18.qasm,square_root_n18,1,reservation_reset__coherence_aware__cq2__ten4__res500__reset0__noepr__global__per_operation,reservation_reset,coherence_aware,2,4,500,0,False,global,per_operation,64,48,False,False,False,False,0,0,0.0,0.0,0.0,0.0,0.0,0.0,0,0.0,0.5,0.0,14955,0,0,0.0,0.1898155980375571,0.0,0.0,0.4128277787176451,0.6026433767552022,0,0,0,0,0.0,0.6282608695652174,0.2509317076293692,5760.0,7190.0,1.2482638888888888,False,325.0,62.866379310344826
square_root_n18.qasm,square_root_n18,1,reservation_reset__coherence_aware__cq2__ten4__res500__reset50__noepr__global__per_operation,reservation_reset,coherence_aware,2,4,500,50,False,global,per_operation,64,48,False,False,False,False,0,0,0.0,0.0,0.0,0.0,0.0,0.0,0,0.0,0.5,0.0,28226,0,5,0.024509803921568627,0.1952024255395042,0.08872837524522918,0.0,0.4670099875156055,0.7509407883003388,0,0,0,0,0.0,0.6045215851499054,0.2504661627266527,8310.0,10390.0,1.2503008423586042,False,276.0416666666667,69.52155172413794
square_root_n18.qasm,square_root_n18,1,reservation_reset__coherence_aware__cq2__ten4__res500__reset200__noepr__global__per_operation,reservation_reset,coherence_aware,2,4,500,200,False,global,per_operation,64,48,False,False,False,False,0,36,0.0,0.0,0.0,0.0,0.0,0.0,0,0.0,0.5,0.5833333333333334,35220,0,44,0.21568627450980393,0.14729882412018244,0.2678160438548772,0.0,0.5304431518600661,0.9455580198351258,0,0,0,0,0.0,0.6944444444444444,0.2504053016071072,12438.0,12305.0,0.9893069625341695,True,129.16666666666666,97.03296703296704
square_root_n18.qasm,square_root_n18,1,reservation_reset__coherence_aware__cq2__ten4__res2000__reset0__noepr__global__per_operation,reservation_reset,coherence_aware,2,4,2000,0,False,global,per_operation,64,48,False,False,False,False,0,0,0.0,0.0,0.0,0.0,0.0,0.0,0,0.0,0.5,0.0,16809,0,7,0.03431372549019608,0.1734293717486995,0.0,0.0,0.4722048819527811,0.6456342537014806,0,0,0,0,0.0,0.5941729438422438,0.25055296103763525,5760.0,7190.0,1.2482638888888888,False,325.0,62.866379310344826
square_root_n18.qasm,square_root_n18,1,reservation_reset__coherence_aware__cq2__ten4__res2000__reset50__noepr__global__per_operation,reservation_reset,coherence_aware,2,4,2000,50,False,global,per_operation,64,48,False,False,False,False,0,0,0.0,0.0,0.0,0.0,0.0,0.0,0,0.0,0.5,0.0,28814,0,11,0.05392156862745098,0.16101630640879788,0.07318923018581722,0.0,0.4852104664391354,0.7194160030337505,0,0,0,0,0.0,0.5733791022720276,0.2503601495877814,8310.0,10390.0,1.2503008423586042,False,276.0416666666667,79.24568965517241
square_root_n18.qasm,square_root_n18,1,reservation_reset__coherence_aware__cq2__ten4__res2000__reset200__noepr__global__per_operation,reservation_reset,coherence_aware,2,4,2000,200,False,global,per_operation,64,48,False,False,False,False,0,76,0.0,0.0,0.0,0.0,0.0,0.0,0,0.0,0.5,0.0,35644,0,80,0.39215686274509803,0.10614785992217898,0.19299610894941635,0.0,0.49614785992217897,0.7952918287937744,0,0,0,0,0.0,0.8429824561403508,0.2511996217920611,12235.0,12235.0,1.0,True,129.16666666666666,25.875
square_root_n18.qasm,square_root_n18,2,reservation_reset__coherence_aware__cq2__ten4__res0__reset0__noepr__global__per_operation,reservation_reset,coherence_aware,2,4,0,0,False,global,per_operation,64,48,False,False,False,False,0,0,0.0,41.041666666666664,41.041666666666664,41.041666666666664,380.0,1970.0,9,0.1875,0.59375,0.16666666666666666,11328,0,0,0.0,0.19669544637770084,0.0,0.0,0.19669544637770084,0.3933908927554017,0,0,0,0,0.0,0.6282608695652174,0.49133294196099303,5980.0,5980.0,1.0,False,292.9895833333333,61.88793103448276
square_root_n18.qasm,square_root_n18,2,reservation_reset__coherence_aware__cq2__ten4__res0__reset50__noepr__global__per_operation,reservation_reset,coherence_aware,2,4,0,50,False,global,per_operation,64,48,False,False,False,False,0,0,2.9791666666666665,102.45833333333333,99.47916666666667,99.47916666666667,785.0,4775.0,15,0.3125,0.65625,0.3541666666666667,22936,0,0,0.0,0.2083758937691522,0.09471631534961464,0.0,0.30309220911876683,0.6061844182375337,0,0,0,0,0.0,0.6282608695652174,0.5466534982876862,8630.0,8630.0,1.0,False,222.07291666666666,71.40948275862068
square_root_n18.qasm,square_root_n18,2,reservation_reset__coherence_aware__cq2__ten4__res0__reset200__noepr__global__per_operation,reservation_reset,coherence_aware,2,4,0,200,False,global,per_operation,64,48,False,False,False,False,0,25,20.104166666666668,2625.3125,2605.2083333333335,2605.2083333333335,4085.0,125050.0,47,0.9791666666666666,0.9895833333333333,0.5,26228,0,26,0.12745098039215685,0.17707438390232874,0.32195342527696136,0.0,0.49902780917929007,0.9980556183585801,0,0,0,0,0.0,0.6981315000881367,0.9366970659898344,12240.0,12305.0,1.0053104575163399,True,306.7708333333333,98.16483516483517
square_root_n18.qasm,square_root_n18,2,reservation_reset__coherence_aware__cq2__ten4__res500__reset0__noepr__global__per_operation,reservation_reset,coherence_aware,2,4,500,0,False,global,per_operation,64,48,False,False,False,False,0,0,0.0,0.0,0.0,0.0,0.0,0.0,0,0.0,0.5,0.0,17591,0,0,0.0,0.1935483870967742,0.0,0.0,0.41872951526651714,0.6122779023632914,0,0,0,0,0.0,0.6282608695652174,0.2505952766643197,5760.0,7190.0,1.2482638888888888,False,325.0,62.866379310344826
square_root_n18.qasm,square_root_n18,2,reservation_reset__coherence_aware__cq2__ten4__res500__reset50__noepr__global__per_operation,reservation_reset,coherence_aware,2,4,500,50,False,global,per_operation,64,48,False,False,False,False,0,0,0.0,0.0,0.0,0.0,0.0,0.0,0,0.0,0.5,0.9375,27010,0,1,0.004901960784313725,0.1917561185057965,0.08716187204808931,0.0,0.4681322455989695,0.7470502361528553,0,0,0,0,0.0,0.6235851340717874,0.2504820215545683,8470.0,11025.0,1.3016528925619835,False,276.0416666666667,66.15948275862068
square_root_n18.qasm,square_root_n18,2,reservation_reset__coherence_aware__cq2__ten4__res500__reset200__noepr__global__per_operation,reservation_reset,coherence_aware,2,4,500,200,False,global,per_operation,64,48,False,False,False,False,0,36,0.0,0.0,0.0,0.0,0.0,0.0,0,0.0,0.5,0.0,33287,0,41,0.20098039215686275,0.14753558792067803,0.26824652349214184,0.0,0.5142433966921748,0.9300255081049946,0,0,0,0,0.0,0.712917248041215,0.2503514954357195,12240.0,12240.0,1.0,True,129.16666666666666,102.7336956521739
square_root_n18.qasm,square_root_n18,2,reservation_reset__coherence_aware__cq2__ten4__res2000__reset0__noepr__global__per_operation,reservation_reset,coherence_aware,2,4,2000,0,False,global,per_operation,64,48,False,False,False,False,0,5,0.0,0.0,0.0,0.0,0.0,0.0,0,0.0,0.5,0.0,20100,0,9,0.04411764705882353,0.17091633466135459,0.0,0.0,0.48909163346613543,0.6600079681274901,0,0,0,0,0.0,0.6224219210371243,0.250394670600226,6530.0,12466.0,1.9090352220520674,True,325.0,57.56896551724138
square_root_n18.qasm,square_root_n18,2,reservation_reset__coherence_aware__cq2__ten4__res2000__reset50__noepr__global__per_operation,reservation_reset,coherence_aware,2,4,2000,50,False,global,per_operation,64,48,False,False,False,False,0,0,0.0,0.0,0.0,0.0,0.0,0.0,0,0.0,0.5,0.0,29878,0,12,0.058823529411764705,0.16835392586687922,0.07652451175767237,0.0,0.5042726185731367,0.7491510561976883,0,0,0,0,0.0,0.5702970297029702,0.25036242191725827,8310.0,10390.0,1.2503008423586042,False,276.0416666666667,79.24568965517241
square_root_n18.qasm,square_root_n18,2,reservation_reset__coherence_aware__cq2__ten4__res2000__reset200__noepr__global__per_operation,reservation_reset,coherence_aware,2,4,2000,200,False,global,per_operation,64,48,False,False,False,False,0,36,0.0,0.0,0.0,0.0,0.0,0.0,0,0.0,0.5,0.0,37395,0,59,0.28921568627450983,0.12120060790273557,0.22036474164133737,0.0,0.5240957446808511,0.865661094224924,0,0,0,0,0.0,0.5913207334908314,0.25036049664354365,12240.0,12240.0,1.0,True,129.16666666666666,121.46739130434783
bv_n19.qasm,bv_n19,0,reservation_reset__fair_share__cq2__ten4__res0__reset0__noepr__global__per_operation,reservation_reset,fair_share,2,4,0,0,False,global,per_operation,64,48,False,False,False,False,0,0,0.0,0.0,0.0,0.0,0.0,0.0,0,0.0,0.5,0.0,163,0,0,0.0,0.09809604494582423,0.0,0.0,0.09809604494582423,0.19619208989164846,0,0,0,0,0.0,0.7697044334975369,0.6012437070335998,765.0,765.0,1.0,False,588.375,316.875
bv_n19.qasm,bv_n19,0,reservation_reset__fair_share__cq2__ten4__res0__reset50__noepr__global__per_operation,reservation_reset,fair_share,2,4,0,50,False,global,per_operation,64,48,False,False,False,False,0,0,0.375,0.8541666666666666,0.4791666666666667,0.4791666666666667,13.0,23.0,2,0.041666666666666664,0.5208333333333334,0.2916666666666667,347,0,0,0.0,0.09574375489598747,0.04351988858908521,0.0,0.13926364348507267,0.27852728697014534,0,0,0,0,0.0,0.7697044334975369,0.4308518784247278,1324.0,1330.0,1.0045317220543806,False,534.625,211.29166666666666
bv_n19.qasm,bv_n19,0,reservation_reset__fair_share__cq2__ten4__res0__reset200__noepr__global__per_operation,reservation_reset,fair_share,2,4,0,200,False,global,per_operation,64,48,False,False,False,False,0,0,32.416666666666664,40.125,7.708333333333333,7.708333333333333,210.0,370.0,5,0.10416666666666667,0.5520833333333334,0.20833333333333334,557,0,0,0.0,0.09551098376313276,0.17365633411478684,0.0,0.2691673178779196,0.5383346357558392,0,0,0,0,0.0,0.7697044334975369,0.6475923022969703,2380.0,3000.0,1.2605042016806722,False,373.5416666666667,341.75
bv_n19.qasm,bv_n19,0,reservation_reset__fair_share__cq2__ten4__res500__reset0__noepr__global__per_operation,reservation_reset,fair_share,2,4,500,0,False,global,per_operation,64,48,False,False,False,False,0,0,0.0,0.0,0.0,0.0,0.0,0.0,0,0.0,0.5,0.08333333333333333,286,0,0,0.0,0.09511045782715837,0.0,0.0,0.41156456703125677,0.5066750248584151,0,0,0,0,0.0,0.7697044334975369,0.2585960422270308,765.0,765.0,1.0,False,577.0833333333334,321.4583333333333
bv_n19.qasm,bv_n19,0,reservation_reset__fair_share__cq2__ten4__res500__reset50__noepr__global__per_operation,reservation_reset,fair_share,2,4,500,50,False,global,per_operation,64,48,False,False,False,False,0,0,0.0,0.0,0.0,0.0,0.0,0.0,0,0.0,0.5,0.08333333333333333,518,0,0,0.0,0.09985475671750181,0.04538852578068264,0.0,0.4508714596949891,0.5961147421931736,0,0,0,0,0.0,0.7697044334975369,0.2548144713682714,1015.0,1015.0,1.0,False,519.4895833333334,342.2916666666667
bv_n19.qasm,bv_n19,0,reservation_reset__fair_share__cq2__ten4__res500__reset200__noepr__global__per_operation,reservation_reset,fair_share,2,4,500,200,False,global,per_operation,64,48,False,False,False,False,0,0,0.0,0.0,0.0,0.0,0.0,0.0,0,0.0,0.5,0.0,1451,0,0,0.0,0.09345397391784546,0.16991631621426448,0.0,0.5142304914829446,0.7776007816150546,0,0,0,0,0.0,0.7697044334975369,0.2515375900836888,1765.0,1765.0,1.0,False,348.5208333333333,315.4583333333333
bv_n19.qasm,bv_n19,0,reservation_reset__fair_share__cq2__ten4__res2000__reset0__noepr__global__per_operation,reservation_reset,fair_share,2,4,2000,0,False,global,per_operation,64,48,False,False,False,False,0,0,0.0,0.0,0.0,0.0,0.0,0.0,0,0.0,0.5,0.0,2118,0,2,0.02,0.08333977580208736,0.0,0.0,0.5530730575956707,0.636412833397758,0,0,0,0,0.0,0.7569356872635561,0.25094400987180776,1420.0,10063.0,7.086619718309859,False,538.125,275.0
bv_n19.qasm,bv_n19,0,reservation_reset__fair_share__cq2__ten4__res2000__reset50__noepr__global__per_operation,reservation_reset,fair_share,2,4,2000,50,False,global,per_operation,64,48,False,False,False,False,0,0,0.0,0.0,0.0,0.0,0.0,0.0,0,0.0,0.5,0.0,2749,0,9,0.09,0.07337902723307554,0.03335410328776161,0.0,0.5349594985888648,0.641692629109702,0,0,0,0,0.0,0.6972886493768946,0.25240687598136946,1015.0,1015.0,1.0,False,489.6875,262.9166666666667
bv_n19.qasm,bv_n19,0,reservation_reset__fair_share__cq2__ten4__res2000__reset200__noepr__global__per_operation,reservation_reset,fair_share,2,4,2000,200,False,global,per_operation,64,48,False,False,False,False,0,6,0.0,0.0,0.0,0.0,0.0,0.0,0,0.0,0.5,0.0,2929,0,6,0.06,0.07857142857142857,0.14285714285714285,0.0,0.5631838905775076,0.784612462006079,0,0,0,0,0.0,0.7035031847133758,0.2510863403985427,3620.0,1760.0,0.4861878453038674,True,344.375,441.6666666666667
bv_n19.qasm,bv_n19,1,reservation_reset__fair_share__cq2__ten4__res0__reset0__noepr__global__per_operation,reservation_reset,fair_share,2,4,0,0,False,global,per_operation,64,48,False,False,False,False,0,0,0.0,0.0,0.0,0.0,0.0,0.0,0,0.0,0.5,0.041666666666666664,214,0,0,0.0,0.09722897423432182,0.0,0.0,0.09722897423432182,0.19445794846864364,0,0,0,0,0.0,0.7697044334975369,0.47942340442176634,875.0,875.0,1.0,False,585.5208333333334,271.0416666666667
bv_n19.qasm,bv_n19,1,reservation_reset__fair_share__cq2__ten4__res0__reset50__noepr__global__per_operation,reservation_reset,fair_share,2,4,0,50,False,global,per_operation,64,48,False,False,False,False,0,0,2.2916666666666665,2.2916666666666665,0.0,0.0,0.0,0.0,0,0.0,0.5,0.020833333333333332,259,0,0,0.0,0.097799511002445,0.04445432318292954,0.0,0.14225383418537452,0.28450766837074903,0,0,0,0,0.0,0.7697044334975369,0.6706557955622034,1015.0,1015.0,1.0,False,532.3645833333334,342.2916666666667
bv_n19.qasm,bv_n19,1,reservation_reset__fair_share__cq2__ten4__res0__reset200__noepr__global__per_operation,reservation_reset,fair_share,2,4,0,200,False,global,per_operation,64,48,False,False,False,False,0,0,23.1875,70.27083333333333,47.083333333333336,47.083333333333336,670.0,2260.0,9,0.1875,0.59375,0.125,407,0,0,0.0,0.09904110205735381,0.18007473101337054,0.0,0.27911583307072435,0.5582316661414487,0,0,0,0,0.0,0.7697044334975369,0.7384736777794952,2075.0,3040.0,1.4650602409638553,False,370.5833333333333,321.5416666666667
bv_n19.qasm,bv_n19,1,reservation_reset__fair_share__cq2__ten4__res500__reset0__noepr__global__per_operation,reservation_reset,fair_share,2,4,500,0,False,global,per_operation,64,48,False,False,False,False,0,0,0.0,0.0,0.0,0.0,0.0,0.0,0,0.0,0.5,0.6458333333333334,373,0,0,0.0,0.09429110234870564,0.0,0.0,0.4096262643579633,0.503917366706669,0,0,0,0,0.0,0.7697044334975369,0.255570520969663,980.0,1170.0,1.1938775510204083,False,548.1979166666666,287.9166666666667
bv_n19.qasm,bv_n19,1,reservation_reset__fair_share__cq2__ten4__res500__reset50__noepr__global__per_operation,reservation_reset,fair_share,2,4,500,50,False,global,per_operation,64,48,False,False,False,False,0,0,0.0,0.0,0.0,0.0,0.0,0.0,0,0.0,0.5,0.16666666666666666,639,0,0,0.0,0.09207332384699088,0.041851510839541306,0.0,0.43972963923997654,0.5736544739265087,0,0,0,0,0.0,0.7697044334975369,0.25452641156099626,1689.0,2329.0,1.3789224393132031,False,500.5833333333333,338.3333333333333
bv_n19.qasm,bv_n19,1,reservation_reset__fair_share__cq2__ten4__res500__reset200__noepr__global__per_operation,reservation_reset,fair_share,2,4,500,200,False,global,per_operation,64,48,False,False,False,False,0,0,0.0,0.0,0.0,0.0,0.0,0.0,0,0.0,0.5,0.5208333333333334,1298,0,0,0.0,0.09316112640271014,0.16938386618674572,0.0,0.511348719034512,0.7738937116239678,0,0,0,0,0.0,0.7697044334975369,0.2516606068645699,1765.0,1765.0,1.0,False,355.5729166666667,404.7916666666667
bv_n19.qasm,bv_n19,1,reservation_reset__fair_share__cq2__ten4__res2000__reset0__noepr__global__per_operation,reservation_reset,fair_share,2,4,2000,0,False,global,per_operation,64,48,False,False,False,False,0,6,267.9375,267.9375,0.0,0.0,0.0,0.0,0,0.0,0.5,0.0,2429,0,7,0.07,0.0812162591298825,0.0,0.0,0.5562003810733567,0.6374166402032391,0,0,0,0,0.0,0.6972750725572396,0.4305525674217922,6349.0,470.0,0.07402740589069144,True,520.4270833333334,464.1666666666667
bv_n19.qasm,bv_n19,1,reservation_reset__fair_share__cq2__ten4__res2000__reset50__noepr__global__per_operation,reservation_reset,fair_share,2,4,2000,50,False,global,per_operation,64,48,False,False,False,False,0,0,0.0,0.0,0.0,0.0,0.0,0.0,0,0.0,0.5,0.0,1836,0,0,0.0,0.08393742846241893,0.03815337657382678,0.0,0.5442197634490652,0.6663105684853109,0,0,0,0,0.0,0.7697044334975369,0.2519171535585126,1015.0,1015.0,1.0,False,489.6875,342.2916666666667
bv_n19.qasm,bv_n19,1,reservation_reset__fair_share__cq2__ten4__res2000__reset200__noepr__global__per_operation,reservation_reset,fair_share,2,4,2000,200,False,global,per_operation,64,48,False,False,False,False,0,0,0.0,0.0,0.0,0.0,0.0,0.0,0,0.0,0.5,0.5,2837,0,4,0.04,0.08206084625247698,0.14920153864086724,0.0,0.576372537591794,0.8076349224851381,0,0,0,0,0.0,0.7422680412371134,0.25104727839737045,1765.0,1765.0,1.0,False,344.375,404.7916666666667
bv_n19.qasm,bv_n19,2,reservation_reset__fair_share__cq2__ten4__res0__reset0__noepr__global__per_operation,reservation_reset,fair_share,2,4,0,0,False,global,per_operation,64,48,False,False,False,False,0,0,2.1458333333333335,3.625,1.4791666666666667,1.4791666666666667,71.0,71.0,1,0.020833333333333332,0.5104166666666666,0.020833333333333332,191,0,0,0.0,0.09649969295552241,0.0,0.0,0.09649969295552241,0.19299938591104482,0,0,0,0,0.0,0.7697044334975369,0.6022843915934872,765.0,772.0,1.0091503267973856,False,599.9583333333334,253.5
bv_n19.qasm,bv_n19,2,reservation_reset__fair_share__cq2__ten4__res0__reset50__noepr__global__per_operation,reservation_reset,fair_share,2,4,0,50,False,global,per_operation,64,48,False,False,False,False,0,0,3.1666666666666665,3.1666666666666665,0.0,0.0,0.0,0.0,0,0.0,0.5,0.020833333333333332,390,0,0,0.0,0.09554831704668838,0.04343105320304017,0.0,0.13897937024972856,0.2779587404994571,0,0,0,0,0.0,0.7697044334975369,0.53691440214825,1158.0,1170.0,1.0103626943005182,False,525.6666666666666,161.125
bv_n19.qasm,bv_n19,2,reservation_reset__fair_share__cq2__ten4__res0__reset200__noepr__global__per_operation,reservation_reset,fair_share,2,4,0,200,False,global,per_operation,64,48,False,False,False,False,0,0,54.9375,54.9375,0.0,0.0,0.0,0.0,0,0.0,0.5,0.08333333333333333,383,0,0,0.0,0.09532062391681109,0.1733102253032929,0.0,0.268630849220104,0.537261698440208,0,0,0,0,0.0,0.7697044334975369,0.7730008593484645,1765.0,1765.0,1.0,False,365.6041666666667,404.7916666666667
bv_n19.qasm,bv_n19,2,reservation_reset__fair_share__cq2__ten4__res500__reset0__noepr__global__per_operation,reservation_reset,fair_share,2,4,500,0,False,global,per_operation,64,48,False,False,False,False,0,0,0.0,0.0,0.0,0.0,0.0,0.0,0,0.0,0.5,0.8958333333333334,418,0,0,0.0,0.0962800875273523,0.0,0.0,0.4255098468271335,0.5217899343544857,0,0,0,0,0.0,0.7697044334975369,0.255441563632173,765.0,1725.0,2.2549019607843137,False,555.6354166666666,252.5
bv_n19.qasm,bv_n19,2,reservation_reset__fair_share__cq2__ten4__res500__reset50__noepr__global__per_operation,reservation_reset,fair_share,2,4,500,50,False,global,per_operation,64,48,False,False,False,False,0,0,0.0,0.0,0.0,0.0,0.0,0.0,0,0.0,0.5,0.6041666666666666,775,0,0,0.0,0.09356526177008463,0.04252966444094756,0.0,0.43740483987581336,0.5734997660868456,0,0,0,0,0.0,0.7697044334975369,0.25367801617772123,1015.0,1015.0,1.0,False,493.6458333333333,262.9166666666667
bv_n19.qasm,bv_n19,2,reservation_reset__fair_share__cq2__ten4__res500__reset200__noepr__global__per_operation,reservation_reset,fair_share,2,4,500,200,False,global,per_operation,64,48,False,False,False,False,0,0,0.0,0.0,0.0,0.0,0.0,0.0,0,0.0,0.5,0.6875,914,0,0,0.0,0.09583133684714902,0.17423879426754366,0.0,0.5168227555865313,0.786892886701224,0,0,0,0,0.0,0.7697044334975369,0.25215732834443855,1765.0,1765.0,1.0,False,352.7708333333333,404.7916666666667
bv_n19.qasm,bv_n19,2,reservation_reset__fair_share__cq2__ten4__res2000__reset0__noepr__global__per_operation,reservation_reset,fair_share,2,4,2000,0,False,global,per_operation,64,48,False,False,False,False,0,0,0.0,0.0,0.0,0.0,0.0,0.0,0,0.0,0.5,0.0,1207,0,0,0.0,0.08118081180811808,0.0,0.0,0.5309963099630997,0.6121771217712177,0,0,0,0,0.0,0.7697044334975369,0.25299889152426075,765.0,765.0,1.0,False,538.125,321.4583333333333
bv_n19.qasm,bv_n19,2,reservation_reset__fair_share__cq2__ten4__res2000__reset50__noepr__global__per_operation,reservation_reset,fair_share,2,4,2000,50,False,global,per_operation,64,48,False,False,False,False,0,0,0.0,0.0,0.0,0.0,0.0,0.0,0,0.0,0.5,0.5,2088,0,1,0.01,0.08259385665529011,0.03754266211604096,0.0,0.5570003792188093,0.6771368979901403,0,0,0,0,0.0,0.7635556248052353,0.2518333505745388,1015.0,1015.0,1.0,False,489.6875,342.2916666666667
bv_n19.qasm,bv_n19,2,reservation_reset__fair_share__cq2__ten4__res2000__reset200__noepr__global__per_operation,reservation_reset,fair_share,2,4,2000,200,False,global,per_operation,64,48,False,False,False,False,0,0,0.0,0.0,0.0,0.0,0.0,0.0,0,0.0,0.5,0.0,2712,0,11,0.11,0.07352609838527976,0.1336838152459632,0.0,0.5639954938039805,0.7712054074352235,0,0,0,0,0.0,0.6760839877091157,0.25128363943035276,1765.0,1765.0,1.0,False,344.375,294.1666666666667
dnn_n16.qasm,dnn_n16,0,reservation_reset__fair_share__cq2__ten4__res0__reset0__noepr__global__per_operation,reservation_reset,fair_share,2,4,0,0,False,global,per_operation,64,48,False,False,False,False,0,0,0.0,34.6875,34.6875,34.6875,535.0,1665.0,7,0.14583333333333334,0.5729166666666666,0.20833333333333334,825,0,0,0.0,0.15670213239549483,0.0,0.0,0.15670213239549483,0.31340426479098965,0,0,0,0,0.0,0.7722007722007722,0.37068785310721947,8890.0,9095.0,1.0230596175478066,False,533.5520833333334,235.44444444444446
dnn_n16.qasm,dnn_n16,0,reservation_reset__fair_share__cq2__ten4__res0__reset50__noepr__global__per_operation,reservation_reset,fair_share,2,4,0,50,False,global,per_operation,64,48,False,False,False,False,0,0,2.4791666666666665,113.27083333333333,110.79166666666667,110.79166666666667,902.0,5318.0,14,0.2916666666666667,0.6458333333333334,0.3333333333333333,2103,0,0,0.0,0.1547797027526163,0.07035441034209831,0.0,0.22513411309471462,0.45026822618942924,0,0,0,0,0.0,0.7722007722007722,0.580855467454433,9762.0,10106.0,1.035238680598238,False,490.25,171.00694444444446
dnn_n16.qasm,dnn_n16,0,reservation_reset__fair_share__cq2__ten4__res0__reset200__noepr__global__per_operation,reservation_reset,fair_share,2,4,0,200,False,global,per_operation,64,48,False,False,False,False,0,4,24.020833333333332,1324.7916666666667,1300.7708333333333,1300.7708333333333,2600.0,62437.0,44,0.9166666666666666,0.9583333333333333,0.375,8485,0,4,0.025,0.14797568231794075,0.26904669512352863,0.0,0.4170223774414694,0.8340447548829388,0,0,0,0,0.0,0.7872670807453416,0.8066030173752916,12455.0,18250.0,1.46527498996387,True,301.9791666666667,125.69444444444444
dnn_n16.qasm,dnn_n16,0,reservation_reset__fair_share__cq2__ten4__res500__reset0__noepr__global__per_operation,reservation_reset,fair_share,2,4,500,0,False,global,per_operation,64,48,False,False,False,False,0,0,0.0,0.0,0.0,0.0,0.0,0.0,0,0.0,0.5,0.75,3540,0,0,0.0,0.15679985745467503,0.0,0.0,0.5105750812953807,0.6673749387500557,0,0,0,0,0.0,0.7722007722007722,0.2516007589204474,10334.0,12339.0,1.1940197406618929,False,550.0,217.84722222222223
dnn_n16.qasm,dnn_n16,0,reservation_reset__fair_share__cq2__ten4__res500__reset50__noepr__global__per_operation,reservation_reset,fair_share,2,4,500,50,False,global,per_operation,64,48,False,False,False,False,0,0,0.0,0.0,0.0,0.0,0.0,0.0,0,0.0,0.5,0.7708333333333334,7381,0,0,0.0,0.1472495293871575,0.06693160426688977,0.0,0.51899184271073,0.7331729763647773,0,0,0,0,0.0,0.7722007722007722,0.25091702759580564,9823.0,15763.0,1.604703247480403,False,489.6875,190.54861111111111
dnn_n16.qasm,dnn_n16,0,reservation_reset__fair_share__cq2__ten4__res500__reset200__noepr__global__per_operation,reservation_reset,fair_share,2,4,500,200,False,global,per_operation,64,48,False,False,False,False,0,0,0.0,0.0,0.0,0.0,0.0,0.0,0,0.0,0.5,0.22916666666666666,15928,0,16,0.1,0.13202750573036048,0.24005001041883725,0.0,0.6204417586997291,0.9925192748489269,0,0,0,0,0.0,0.6651270207852193,0.25043527687115114,13955.0,17765.0,1.2730204227875312,False,344.375,169.875
dnn_n16.qasm,dnn_n16,0,reservation_reset__fair_share__cq2__ten4__res2000__reset0__noepr__global__per_operation,reservation_reset,fair_share,2,4,2000,0,False,global,per_operation,64,48,False,False,False,False,0,48,0.0,0.0,0.0,0.0,0.0,0.0,0,0.0,0.5,0.0,11401,0,50,0.3125,0.0935446463084654,0.0,0.0,0.5848821028218013,0.6784267491302667,0,0,0,0,0.0,0.8393451720310766,0.25215039097721015,9865.0,7125.0,0.722250380131779,True,538.125,165.125
dnn_n16.qasm,dnn_n16,0,reservation_reset__fair_share__cq2__ten4__res2000__reset50__noepr__global__per_operation,reservation_reset,fair_share,2,4,2000,50,False,global,per_operation,64,48,False,False,False,False,0,48,0.0,0.0,0.0,0.0,0.0,0.0,0,0.0,0.5,0.0,15739,0,68,0.425,0.076579644343549,0.03480892924706772,0.0,0.5187287173666288,0.6301172909572456,0,0,0,0,0.0,0.6852331606217616,0.253054871777965,11233.0,6885.0,0.6129261995904923,True,703.3333333333334,249.61111111111111
dnn_n16.qasm,dnn_n16,0,reservation_reset__fair_share__cq2__ten4__res2000__reset200__noepr__global__per_operation,reservation_reset,fair_share,2,4,2000,200,False,global,per_operation,64,48,False,False,False,False,0,48,0.0,0.0,0.0,0.0,0.0,0.0,0,0.0,0.5,0.5,15786,0,69,0.43125,0.0713216957605985,0.12967581047381546,0.0,0.5364089775561097,0.7374064837905236,0,0,0,0,0.0,0.6754486133768353,0.25145823015579993,11215.0,7485.0,0.6674097191261703,True,559.5833333333334,187.91666666666666
dnn_n16.qasm,dnn_n16,1,reservation_reset__fair_share__cq2__ten4__res0__reset0__noepr__global__per_operation,reservation_reset,fair_share,2,4,0,0,False,global,per_operation,64,48,False,False,False,False,0,0,2.3125,44.5625,42.25,42.25,555.0,2028.0,7,0.14583333333333334,0.5729166666666666,0.125,1027,0,0,0.0,0.15503875968992248,0.0,0.0,0.15503875968992248,0.31007751937984496,0,0,0,0,0.0,0.7722007722007722,0.527355236910413,9110.0,9315.0,1.0225027442371022,False,549.2395833333334,218.53472222222223
dnn_n16.qasm,dnn_n16,1,reservation_reset__fair_share__cq2__ten4__res0__reset50__noepr__global__per_operation,reservation_reset,fair_share,2,4,0,50,False,global,per_operation,64,48,False,False,False,False,0,0,5.791666666666667,98.27083333333333,92.47916666666667,92.47916666666667,995.0,4439.0,14,0.2916666666666667,0.6458333333333334,0.2708333333333333,1813,0,0,0.0,0.16151975404946542,0.07341807002248428,0.0,0.2349378240719497,0.4698756481438994,0,0,0,0,0.0,0.7722007722007722,0.5894530503029872,9595.0,10075.0,1.0500260552371026,False,452.0208333333333,187.52083333333334
dnn_n16.qasm,dnn_n16,1,reservation_reset__fair_share__cq2__ten4__res0__reset200__noepr__global__per_operation,reservation_reset,fair_share,2,4,0,200,False,global,per_operation,64,48,False,False,False,False,0,6,73.83333333333333,1679.5833333333333,1605.75,1605.75,2710.0,77076.0,43,0.8958333333333334,0.9479166666666667,0.375,9525,0,6,0.0375,0.15067822993106517,0.2739604180564821,0.0,0.42463864798754725,0.8492772959750945,0,0,0,0,0.0,0.7947721179624665,0.9208464976288891,12145.0,17630.0,1.4516261836146562,True,306.15625,113.53472222222223
dnn_n16.qasm,dnn_n16,1,reservation_reset__fair_share__cq2__ten4__res500__reset0__noepr__global__per_operation,reservation_reset,fair_share,2,4,500,0,False,global,per_operation,64,48,False,False,False,False,0,0,0.0,0.0,0.0,0.0,0.0,0.0,0,0.0,0.5,0.5,3354,0,0,0.0,0.15255265666984485,0.0,0.0,0.5076059634220335,0.6601586200918783,0,0,0,0,0.0,0.7722007722007722,0.2516724852833224,9214.0,11070.0,1.2014326025613198,False,556.7708333333334,240.88888888888889
dnn_n16.qasm,dnn_n16,1,reservation_reset__fair_share__cq2__ten4__res500__reset50__noepr__global__per_operation,reservation_reset,fair_share,2,4,500,50,False,global,per_operation,64,48,False,False,False,False,0,0,0.0,0.0,0.0,0.0,0.0,0.0,0,0.0,0.5,0.5833333333333334,6733,0,0,0.0,0.14974900025525398,0.0680677273887518,0.0,0.5293329362715903,0.747149663915596,0,0,0,0,0.0,0.7722007722007722,0.25109841694907037,9340.0,13433.0,1.4382226980728052,False,489.6875,170.07638888888889
dnn_n16.qasm,dnn_n16,1,reservation_reset__fair_share__cq2__ten4__res500__reset200__noepr__global__per_operation,reservation_reset,fair_share,2,4,500,200,False,global,per_operation,64,48,False,False,False,False,0,0,0.0,0.0,0.0,0.0,0.0,0.0,0,0.0,0.5,0.2916666666666667,15912,0,14,0.0875,0.12878909382518045,0.23416198877305533,0.0,0.6009021651964715,0.9638532477947073,0,0,0,0,0.0,0.680761369443025,0.2503092589111395,13365.0,17590.0,1.316124205013094,False,363.0208333333333,174.58333333333334
dnn_n16.qasm,dnn_n16,1,reservation_reset__fair_share__cq2__ten4__res2000__reset0__noepr__global__per_operation,reservation_reset,fair_share,2,4,2000,0,False,global,per_operation,64,48,False,False,False,False,0,0,0.0,0.0,0.0,0.0,0.0,0.0,0,0.0,0.5,0.0,11303,0,2,0.0125,0.13436412833397757,0.0,0.0,0.6416505604947816,0.7760146888287592,0,0,0,0,0.0,0.759985387238188,0.2504369258191677,10582.0,14430.0,1.3636363636363635,False,538.125,173.43055555555554
dnn_n16.qasm,dnn_n16,1,reservation_reset__fair_share__cq2__ten4__res2000__reset50__noepr__global__per_operation,reservation_reset,fair_share,2,4,2000,50,False,global,per_operation,64,48,False,False,False,False,0,48,0.0,0.0,0.0,0.0,0.0,0.0,0,0.0,0.5,0.5,16464,0,70,0.4375,0.07554368561617703,0.0343380389164441,0.0,0.5194200686760778,0.629301793208699,0,0,0,0,0.0,0.6652431011826544,0.2530344538178777,10395.0,6885.0,0.6623376623376623,True,703.3333333333334,235.93055555555554
dnn_n16.qasm,dnn_n16,1,reservation_reset__fair_share__cq2__ten4__res2000__reset200__noepr__global__per_operation,reservation_reset,fair_share,2,4,2000,200,False,global,per_operation,64,48,False,False,False,False,0,48,0.0,0.0,0.0,0.0,0.0,0.0,0,0.0,0.5,0.0,15685,0,66,0.4125,0.07258687258687259,0.13197613197613198,0.0,0.5382941382941383,0.7428571428571429,0,0,0,0,0.0,0.7075592568866111,0.25143658177335926,11363.0,7485.0,0.6587168881457361,True,559.5833333333334,153.59722222222223
dnn_n16.qasm,dnn_n16,2,reservation_reset__fair_share__cq2__ten4__res0__reset0__noepr__global__per_operation,reservation_reset,fair_share,2,4,0,0,False,global,per_operation,64,48,False,False,False,False,0,0,1.9166666666666667,37.958333333333336,36.041666666666664,36.041666666666664,621.0,1730.0,7,0.14583333333333334,0.5729166666666666,0.125,921,0,0,0.0,0.15300356428757717,0.0,0.0,0.15300356428757717,0.30600712857515433,0,0,0,0,0.0,0.7722007722007722,0.5127203942679555,8985.0,9181.0,1.0218141346688927,False,534.8645833333334,181.70833333333334
dnn_n16.qasm,dnn_n16,2,reservation_reset__fair_share__cq2__ten4__res0__reset50__noepr__global__per_operation,reservation_reset,fair_share,2,4,0,50,False,global,per_operation,64,48,False,False,False,False,0,0,0.0,125.83333333333333,125.83333333333333,125.83333333333333,895.0,6040.0,15,0.3125,0.65625,0.25,2015,0,0,0.0,0.15331678208981228,0.06968944640446012,0.0,0.2230062284942724,0.4460124569885448,0,0,0,0,0.0,0.7722007722007722,0.6418961529954097,9770.0,10570.0,1.0818833162743091,False,493.1458333333333,191.02083333333334
dnn_n16.qasm,dnn_n16,2,reservation_reset__fair_share__cq2__ten4__res0__reset200__noepr__global__per_operation,reservation_reset,fair_share,2,4,0,200,False,global,per_operation,64,48,False,False,False,False,0,7,20.604166666666668,1785.9375,1765.3333333333333,1765.3333333333333,2820.0,84736.0,43,0.8958333333333334,0.9479166666666667,0.4791666666666667,10428,0,7,0.04375,0.15422680412371134,0.2804123711340206,0.0,0.43463917525773194,0.8692783505154639,0,0,0,0,0.0,0.7985059353254196,0.9431455227847908,11880.0,17940.0,1.5101010101010102,True,306.6354166666667,108.52083333333333
dnn_n16.qasm,dnn_n16,2,reservation_reset__fair_share__cq2__ten4__res500__reset0__noepr__global__per_operation,reservation_reset,fair_share,2,4,500,0,False,global,per_operation,64,48,False,False,False,False,0,0,0.0,0.0,0.0,0.0,0.0,0.0,0,0.0,0.5,0.1875,6995,0,0,0.0,0.1646398503274088,0.0,0.0,0.504579045837231,0.6692188961646398,0,0,0,0,0.0,0.7722007722007722,0.25097116475048864,9205.0,10368.0,1.1263443780554048,False,556.7708333333334,174.82638888888889
dnn_n16.qasm,dnn_n16,2,reservation_reset__fair_share__cq2__ten4__res500__reset50__noepr__global__per_operation,reservation_reset,fair_share,2,4,500,50,False,global,per_operation,64,48,False,False,False,False,0,0,0.0,0.0,0.0,0.0,0.0,0.0,0,0.0,0.5,0.5833333333333334,5345,0,0,0.0,0.15004262574595056,0.06820119352088662,0.0,0.5329539641943734,0.7511977834612106,0,0,0,0,0.0,0.7722007722007722,0.2510148363624036,9823.0,12867.0,1.3098849638603278,False,506.4583333333333,209.54861111111111
dnn_n16.qasm,dnn_n16,2,reservation_reset__fair_share__cq2__ten4__res500__reset200__noepr__global__per_operation,reservation_reset,fair_share,2,4,500,200,False,global,per_operation,64,48,False,False,False,False,0,1,0.0,0.0,0.0,0.0,0.0,0.0,0,0.0,0.5,0.4375,15417,0,13,0.08125,0.13003618817852836,0.23642943305186973,0.0,0.61145958986731,0.9779252110977081,0,0,0,0,0.0,0.6982357502908104,0.2504245095907313,13380.0,18380.0,1.3736920777279522,True,358.3333333333333,154.31944444444446
dnn_n16.qasm,dnn_n16,2,reservation_reset__fair_share__cq2__ten4__res2000__reset0__noepr__global__per_operation,reservation_reset,fair_share,2,4,2000,0,False,global,per_operation,64,48,False,False,False,False,0,48,0.0,0.0,0.0,0.0,0.0,0.0,0,0.0,0.5,0.0,11622,0,48,0.3,0.09731437598736177,0.0,0.0,0.5789060031595576,0.6762203791469195,0,0,0,0,0.0,0.8521739130434782,0.2521580414966104,12952.0,7125.0,0.5501080914144534,True,538.125,270.77777777777777
dnn_n16.qasm,dnn_n16,2,reservation_reset__fair_share__cq2__ten4__res2000__reset50__noepr__global__per_operation,reservation_reset,fair_share,2,4,2000,50,False,global,per_operation,64,48,False,False,False,False,0,0,0.0,0.0,0.0,0.0,0.0,0.0,0,0.0,0.5,0.0,15687,0,8,0.05,0.13077825576847868,0.05944466171294486,0.0,0.7024833789597185,0.892706296441142,0,0,0,0,0.0,0.722,0.2503833608045845,10336.0,15296.0,1.479876160990712,False,489.6875,225.26388888888889
dnn_n16.qasm,dnn_n16,2,reservation_reset__fair_share__cq2__ten4__res2000__reset200__noepr__global__per_operation,reservation_reset,fair_share,2,4,2000,200,False,global,per_operation,64,48,False,False,False,False,0,48,0.0,0.0,0.0,0.0,0.0,0.0,0,0.0,0.5,0.0,13852,0,48,0.3,0.08929153832215982,0.16234825149483603,0.0,0.6387751404239899,0.8904149302409857,0,0,0,0,0.0,0.8521739130434782,0.25111844629367086,15248.0,7485.0,0.4908840503672613,True,344.375,238.78472222222223
qft_n18.qasm,qft_n18,0,reservation_reset__fair_share__cq2__ten4__res0__reset0__noepr__global__per_operation,reservation_reset,fair_share,2,4,0,0,False,global,per_operation,64,48,False,False,False,False,0,0,0.8541666666666666,5.854166666666667,5.0,5.0,80.0,240.0,5,0.10416666666666667,0.5520833333333334,0.125,1395,0,0,0.0,0.14998450573287883,0.0,0.0,0.14998450573287883,0.29996901146575766,0,0,0,0,0.0,0.7947721179624665,0.4165411155320921,3845.0,3845.0,1.0,False,541.5729166666666,96.06060606060606
qft_n18.qasm,qft_n18,0,reservation_reset__fair_share__cq2__ten4__res0__reset50__noepr__global__per_operation,reservation_reset,fair_share,2,4,0,50,False,global,per_operation,64,48,False,False,False,False,0,0,0.0,26.875,26.875,26.875,315.0,1290.0,9,0.1875,0.59375,0.16666666666666666,5612,0,0,0.0,0.15617941271377864,0.07099064214262665,0.0,0.2271700548564053,0.4543401097128106,0,0,0,0,0.0,0.7947721179624665,0.5715773370290131,5570.0,5570.0,1.0,False,502.7083333333333,106.6969696969697
qft_n18.qasm,qft_n18,0,reservation_reset__fair_share__cq2__ten4__res0__reset200__noepr__global__per_operation,reservation_reset,fair_share,2,4,0,200,False,global,per_operation,64,48,False,False,False,False,0,3,24.8125,721.0416666666666,696.2291666666666,696.2291666666666,1560.0,33419.0,32,0.6666666666666666,0.8333333333333333,0.5,11233,0,3,0.01948051948051948,0.14360437470280552,0.26109886309601005,0.0,0.40470323779881556,0.8094064755976311,0,0,0,0,0.0,0.8059168669588577,0.49026718478400305,10970.0,13580.0,1.2379216043755696,True,319.4791666666667,155.62121212121212
qft_n18.qasm,qft_n18,0,reservation_reset__fair_share__cq2__ten4__res500__reset0__noepr__global__per_operation,reservation_reset,fair_share,2,4,500,0,False,global,per_operation,64,48,False,False,False,False,0,0,0.0,0.0,0.0,0.0,0.0,0.0,0,0.0,0.5,0.4166666666666667,3059,0,0,0.0,0.14648277054779713,0.0,0.0,0.4617536426131696,0.6082364131609668,0,0,0,0,0.0,0.7947721179624665,0.25229737109199696,3745.0,3860.0,1.0307076101468624,False,538.125,103.78787878787878
qft_n18.qasm,qft_n18,0,reservation_reset__fair_share__cq2__ten4__res500__reset50__noepr__global__per_operation,reservation_reset,fair_share,2,4,500,50,False,global,per_operation,64,48,False,False,False,False,0,0,0.0,0.0,0.0,0.0,0.0,0.0,0,0.0,0.5,0.6458333333333334,7332,0,0,0.0,0.14680648236415633,0.0667302192564347,0.0,0.5046451165612271,0.7181818181818181,0,0,0,0,0.0,0.7947721179624665,0.25101749580230254,5090.0,5560.0,1.0923379174852652,False,489.6875,116.43939393939394
qft_n18.qasm,qft_n18,0,reservation_reset__fair_share__cq2__ten4__res500__reset200__noepr__global__per_operation,reservation_reset,fair_share,2,4,500,200,False,global,per_operation,64,48,False,False,False,False,0,0,0.0,0.0,0.0,0.0,0.0,0.0,0,0.0,0.5,0.10416666666666667,15203,0,7,0.045454545454545456,0.1366863905325444,0.2485207100591716,0.0,0.618596787827557,1.003803888419273,0,0,0,0,0.0,0.7493757802746567,0.25035082980082296,9740.0,10660.0,1.0944558521560575,False,344.375,182.34848484848484
qft_n18.qasm,qft_n18,0,reservation_reset__fair_share__cq2__ten4__res2000__reset0__noepr__global__per_operation,reservation_reset,fair_share,2,4,2000,0,False,global,per_operation,64,48,False,False,False,False,0,0,0.0,0.0,0.0,0.0,0.0,0.0,0,0.0,0.5,0.0,6255,0,0,0.0,0.13720487587575425,0.0,0.0,0.5967642651763658,0.7339691410521201,0,0,0,0,0.0,0.7947721179624665,0.2507127953154433,3745.0,6038.0,1.612283044058745,False,538.125,93.95454545454545
qft_n18.qasm,qft_n18,0,reservation_reset__fair_share__cq2__ten4__res2000__reset50__noepr__global__per_operation,reservation_reset,fair_share,2,4,2000,50,False,global,per_operation,64,48,False,False,False,False,0,0,0.0,0.0,0.0,0.0,0.0,0.0,0,0.0,0.5,0.5,8670,0,6,0.03896103896103896,0.12898114403422595,0.058627792742829976,0.0,0.6013310093487562,0.7889399461258121,0,0,0,0,0.0,0.7546857772877619,0.25074824218762587,5090.0,5560.0,1.0923379174852652,False,489.6875,116.43939393939394
qft_n18.qasm,qft_n18,0,reservation_reset__fair_share__cq2__ten4__res2000__reset200__noepr__global__per_operation,reservation_reset,fair_share,2,4,2000,200,False,global,per_operation,64,48,False,False,False,False,0,0,0.0,0.0,0.0,0.0,0.0,0.0,0,0.0,0.5,0.0,14218,0,17,0.11038961038961038,0.11187824795842613,0.20341499628804752,0.0,0.6264810690423163,0.9417743132887899,0,0,0,0,0.0,0.6717609162491053,0.25040816289470813,9740.0,10660.0,1.0944558521560575,False,344.375,182.34848484848484
qft_n18.qasm,qft_n18,1,reservation_reset__fair_share__cq2__ten4__res0__reset0__noepr__global__per_operation,reservation_reset,fair_share,2,4,0,0,False,global,per_operation,64,48,False,False,False,False,0,0,0.0,1.4583333333333333,1.4583333333333333,1.4583333333333333,30.0,70.0,3,0.0625,0.53125,0.08333333333333333,1666,0,0,0.0,0.14749031387401507,0.0,0.0,0.14749031387401507,0.29498062774803013,0,0,0,0,0.0,0.7947721179624665,0.6560650173309961,3745.0,3745.0,1.0,False,557.6770833333334,96.9090909090909
qft_n18.qasm,qft_n18,1,reservation_reset__fair_share__cq2__ten4__res0__reset50__noepr__global__per_operation,reservation_reset,fair_share,2,4,0,50,False,global,per_operation,64,48,False,False,False,False,0,0,1.9375,12.9375,11.0,11.0,228.0,528.0,6,0.125,0.5625,0.0625,4633,0,0,0.0,0.15373445866231056,0.06987929939195935,0.0,0.2236137580542699,0.4472275161085398,0,0,0,0,0.0,0.7947721179624665,0.7105887237742089,5410.0,5410.0,1.0,False,465.7916666666667,111.12121212121212
qft_n18.qasm,qft_n18,1,reservation_reset__fair_share__cq2__ten4__res0__reset200__noepr__global__per_operation,reservation_reset,fair_share,2,4,0,200,False,global,per_operation,64,48,False,False,False,False,0,5,48.125,776.875,728.75,728.75,1810.0,34980.0,37,0.7708333333333334,0.8854166666666667,0.5833333333333334,13061,0,5,0.032467532467532464,0.14178813962541634,0.25779661750075694,0.0,0.39958475712617325,0.7991695142523465,0,0,0,0,0.0,0.8132234432234432,0.7994378035944675,12040.0,13140.0,1.0913621262458473,True,326.25,161.59848484848484
qft_n18.qasm,qft_n18,1,reservation_reset__fair_share__cq2__ten4__res500__reset0__noepr__global__per_operation,reservation_reset,fair_share,2,4,500,0,False,global,per_operation,64,48,False,False,False,False,0,0,0.0,0.0,0.0,0.0,0.0,0.0,0,0.0,0.5,0.4166666666666667,3401,0,0,0.0,0.14990487146586434,0.0,0.0,0.46338215123224635,0.6132870226981108,0,0,0,0,0.0,0.7947721179624665,0.25206889139443317,3745.0,3860.0,1.0307076101468624,False,538.125,103.78787878787878
qft_n18.qasm,qft_n18,1,reservation_reset__fair_share__cq2__ten4__res500__reset50__noepr__global__per_operation,reservation_reset,fair_share,2,4,500,50,False,global,per_operation,64,48,False,False,False,False,0,0,0.0,0.0,0.0,0.0,0.0,0.0,0,0.0,0.5,0.3125,10994,0,0,0.0,0.14532664178784369,0.06605756444901986,0.0,0.5004975764594861,0.7118817826963497,0,0,0,0,0.0,0.7947721179624665,0.2507569683905979,5880.0,8898.0,1.513265306122449,False,489.6875,105.95454545454545
qft_n18.qasm,qft_n18,1,reservation_reset__fair_share__cq2__ten4__res500__reset200__noepr__global__per_operation,reservation_reset,fair_share,2,4,500,200,False,global,per_operation,64,48,False,False,False,False,0,0,0.0,0.0,0.0,0.0,0.0,0.0,0,0.0,0.5,0.0625,14501,0,5,0.032467532467532464,0.13675427617855654,0.2486441385064664,0.0,0.6176887776387151,1.003087192323738,0,0,0,0,0.0,0.7618737131091283,0.25035926571395195,9740.0,10660.0,1.0944558521560575,False,344.375,182.34848484848484
qft_n18.qasm,qft_n18,1,reservation_reset__fair_share__cq2__ten4__res2000__reset0__noepr__global__per_operation,reservation_reset,fair_share,2,4,2000,0,False,global,per_operation,64,48,False,False,False,False,0,34,0.0,0.0,0.0,0.0,0.0,0.0,0,0.0,0.5,0.0,8208,0,34,0.22077922077922077,0.1033672670321065,0.0,0.0,0.6060375880971026,0.709404855129209,0,0,0,0,0.0,0.872093023255814,0.33177136204109203,3860.0,3635.0,0.9417098445595855,True,538.125,70.53030303030303
qft_n18.qasm,qft_n18,1,reservation_reset__fair_share__cq2__ten4__res2000__reset50__noepr__global__per_operation,reservation_reset,fair_share,2,4,2000,50,False,global,per_operation,64,48,False,False,False,False,0,12,0.0,0.0,0.0,0.0,0.0,0.0,0,0.0,0.5,0.0,11937,0,12,0.07792207792207792,0.12294372294372294,0.05588351042896497,0.0,0.6362809917355372,0.8151082251082251,0,0,0,0,0.0,0.837375415282392,0.25049448314144357,5560.0,13347.0,2.400539568345324,True,489.6875,78.4090909090909
qft_n18.qasm,qft_n18,1,reservation_reset__fair_share__cq2__ten4__res2000__reset200__noepr__global__per_operation,reservation_reset,fair_share,2,4,2000,200,False,global,per_operation,64,48,False,False,False,False,0,0,0.0,0.0,0.0,0.0,0.0,0.0,0,0.0,0.5,0.0,13632,0,9,0.05844155844155844,0.11445999282382491,0.20810907786149982,0.0,0.6231646932185145,0.9457337639038392,0,0,0,0,0.0,0.7356543037088873,0.2503603255773521,9740.0,10660.0,1.0944558521560575,False,344.375,182.34848484848484
qft_n18.qasm,qft_n18,2,reservation_reset__fair_share__cq2__ten4__res0__reset0__noepr__global__per_operation,reservation_reset,fair_share,2,4,0,0,False,global,per_operation,64,48,False,False,False,False,0,0,0.0,5.0625,5.0625,5.0625,80.0,243.0,5,0.10416666666666667,0.5520833333333334,0.041666666666666664,1491,0,0,0.0,0.14727233210171703,0.0,0.0,0.14727233210171703,0.29454466420343406,0,0,0,0,0.0,0.7947721179624665,0.7274196133886582,3745.0,3745.0,1.0,False,543.7604166666666,80.33333333333333
qft_n18.qasm,qft_n18,2,reservation_reset__fair_share__cq2__ten4__res0__reset50__noepr__global__per_operation,reservation_reset,fair_share,2,4,0,50,False,global,per_operation,64,48,False,False,False,False,0,0,0.0,8.8125,8.8125,8.8125,110.0,423.0,7,0.14583333333333334,0.5729166666666666,0.14583333333333334,4447,0,0,0.0,0.14929714008725156,0.06786233640329617,0.0,0.21715947649054776,0.4343189529810955,0,0,0,0,0.0,0.7947721179624665,0.699190495032501,5560.0,5560.0,1.0,False,488.2708333333333,116.93181818181819
qft_n18.qasm,qft_n18,2,reservation_reset__fair_share__cq2__ten4__res0__reset200__noepr__global__per_operation,reservation_reset,fair_share,2,4,0,200,False,global,per_operation,64,48,False,False,False,False,0,5,40.625,692.0,651.375,651.375,1480.0,31266.0,36,0.75,0.875,0.5625,12093,0,5,0.032467532467532464,0.15550284629981026,0.2827324478178368,0.0,0.43823529411764706,0.8764705882352941,0,0,0,0,0.0,0.8132234432234432,0.8322239170257887,11900.0,12230.0,1.0277310924369747,True,314.2916666666667,161.99242424242425
qft_n18.qasm,qft_n18,2,reservation_reset__fair_share__cq2__ten4__res500__reset0__noepr__global__per_operation,reservation_reset,fair_share,2,4,500,0,False,global,per_operation,64,48,False,False,False,False,0,0,0.0,0.0,0.0,0.0,0.0,0.0,0,0.0,0.5,0.5416666666666666,3290,0,0,0.0,0.1463056527184005,0.0,0.0,0.4626117372716673,0.6089173899900678,0,0,0,0,0.0,0.7947721179624665,0.2522401482066386,3745.0,4317.0,1.1527369826435248,False,538.125,95.62878787878788
qft_n18.qasm,qft_n18,2,reservation_reset__fair_share__cq2__ten4__res500__reset50__noepr__global__per_operation,reservation_reset,fair_share,2,4,500,50,False,global,per_operation,64,48,False,False,False,False,0,0,0.0,0.0,0.0,0.0,0.0,0.0,0,0.0,0.5,0.5416666666666666,6959,0,0,0.0,0.15025722902252972,0.06829874046478623,0.0,0.5153228667731062,0.7338788362604222,0,0,0,0,0.0,0.7947721179624665,0.2510579947665529,5090.0,6360.0,1.2495088408644401,False,489.6875,97.59848484848484
qft_n18.qasm,qft_n18,2,reservation_reset__fair_share__cq2__ten4__res500__reset200__noepr__global__per_operation,reservation_reset,fair_share,2,4,500,200,False,global,per_operation,64,48,False,False,False,False,0,1,0.0,0.0,0.0,0.0,0.0,0.0,0,0.0,0.5,0.7708333333333334,15437,0,11,0.07142857142857142,0.12935855263157894,0.23519736842105263,0.0,0.5999177631578947,0.9644736842105263,0,0,0,0,0.0,0.7323091247672253,0.25037781552222493,9890.0,13450.0,1.3599595551061678,True,349.4270833333333,173.86363636363637
qft_n18.qasm,qft_n18,2,reservation_reset__fair_share__cq2__ten4__res2000__reset0__noepr__global__per_operation,reservation_reset,fair_share,2,4,2000,0,False,global,per_operation,64,48,False,False,False,False,0,0,0.0,0.0,0.0,0.0,0.0,0.0,0,0.0,0.5,0.5,3102,0,0,0.0,0.13380726698262244,0.0,0.0,0.5941034755134281,0.7279107424960506,0,0,0,0,0.0,0.7947721179624665,0.25159082936258653,3745.0,3860.0,1.0307076101468624,False,538.125,103.78787878787878
qft_n18.qasm,qft_n18,2,reservation_reset__fair_share__cq2__ten4__res2000__reset50__noepr__global__per_operation,reservation_reset,fair_share,2,4,2000,50,False,global,per_operation,64,48,False,False,False,False,0,0,0.0,0.0,0.0,0.0,0.0,0.0,0,0.0,0.5,0.5,7669,0,4,0.025974025974025976,0.12039401678219627,0.05472455308281649,0.0,0.5759576796789493,0.751076249543962,0,0,0,0,0.0,0.7688627665390924,0.25073871049453517,5090.0,5560.0,1.0923379174852652,False,489.6875,116.43939393939394
qft_n18.qasm,qft_n18,2,reservation_reset__fair_share__cq2__ten4__res2000__reset200__noepr__global__per_operation,reservation_reset,fair_share,2,4,2000,200,False,global,per_operation,64,48,False,False,False,False,0,34,0.0,0.0,0.0,0.0,0.0,0.0,0,0.0,0.5,0.0,12502,0,35,0.22727272727272727,0.09393613204162181,0.1707929673484033,0.0,0.6250556153570147,0.8897847147470398,0,0,0,0,0.0,0.865798483736855,0.2508353342443631,10660.0,4780.0,0.44840525328330205,True,344.375,115.9090909090909
sat_n11.qasm,sat_n11,0,reservation_reset__fair_share__cq2__ten4__res0__reset0__noepr__global__per_operation,reservation_reset,fair_share,2,4,0,0,False,global,per_operation,64,48,False,False,False,False,0,0,0.0,1.7708333333333333,1.7708333333333333,1.7708333333333333,80.0,85.0,2,0.041666666666666664,0.5208333333333334,0.041666666666666664,1760,0,0,0.0,0.12588251580453141,0.0,0.0,0.12588251580453141,0.25176503160906283,0,0,0,0,0.0,0.8736363636363637,0.5315158211274541,2135.0,2135.0,1.0,False,569.5833333333334,115.83333333333333
sat_n11.qasm,sat_n11,0,reservation_reset__fair_share__cq2__ten4__res0__reset50__noepr__global__per_operation,reservation_reset,fair_share,2,4,0,50,False,global,per_operation,64,48,False,False,False,False,0,0,0.0,4.375,4.375,4.375,155.0,210.0,2,0.041666666666666664,0.5208333333333334,0.10416666666666667,2600,0,0,0.0,0.11993844801055177,0.05451747636843262,0.0,0.17445592437898438,0.34891184875796877,0,0,0,0,0.0,0.8736363636363637,0.6092569290243233,2880.0,2880.0,1.0,False,520.3229166666666,154.06944444444446
sat_n11.qasm,sat_n11,0,reservation_reset__fair_share__cq2__ten4__res0__reset200__noepr__global__per_operation,reservation_reset,fair_share,2,4,0,200,False,global,per_operation,64,48,False,False,False,False,0,0,41.395833333333336,119.97916666666667,78.58333333333333,78.58333333333333,975.0,3772.0,12,0.25,0.625,0.22916666666666666,4176,0,0,0.0,0.12102928127772848,0.22005323868677906,0.0,0.34108251996450756,0.6821650399290151,0,0,0,0,0.0,0.8736363636363637,0.6877653566238374,6360.0,7905.0,1.2429245283018868,False,344.1666666666667,189.04166666666666
sat_n11.qasm,sat_n11,0,reservation_reset__fair_share__cq2__ten4__res500__reset0__noepr__global__per_operation,reservation_reset,fair_share,2,4,500,0,False,global,per_operation,64,48,False,False,False,False,0,0,0.0,0.0,0.0,0.0,0.0,0.0,0,0.0,0.5,0.7708333333333334,2325,0,0,0.0,0.11936119011157297,0.0,0.0,0.41714285714285715,0.5365040472544301,0,0,0,0,0.0,0.8736363636363637,0.25235045861968397,2030.0,2030.0,1.0,False,538.125,137.77777777777777
sat_n11.qasm,sat_n11,0,reservation_reset__fair_share__cq2__ten4__res500__reset50__noepr__global__per_operation,reservation_reset,fair_share,2,4,500,50,False,global,per_operation,64,48,False,False,False,False,0,0,0.0,0.0,0.0,0.0,0.0,0.0,0,0.0,0.5,0.14583333333333334,4255,0,0,0.0,0.1159814633731559,0.052718846987798135,0.0,0.4377492453552145,0.6064495557161685,0,0,0,0,0.0,0.8736363636363637,0.25124463527182095,2880.0,2880.0,1.0,False,489.6875,126.22222222222223
sat_n11.qasm,sat_n11,0,reservation_reset__fair_share__cq2__ten4__res500__reset200__noepr__global__per_operation,reservation_reset,fair_share,2,4,500,200,False,global,per_operation,64,48,False,False,False,False,0,0,0.0,0.0,0.0,0.0,0.0,0.0,0,0.0,0.5,0.2708333333333333,5558,0,0,0.0,0.11668591470978228,0.21215620856324052,0.0,0.574870610376834,0.9037127336498567,0,0,0,0,0.0,0.8736363636363637,0.2506275427273995,5430.0,7290.0,1.3425414364640884,False,353.5625,188.77777777777777
sat_n11.qasm,sat_n11,0,reservation_reset__fair_share__cq2__ten4__res2000__reset0__noepr__global__per_operation,reservation_reset,fair_share,2,4,2000,0,False,global,per_operation,64,48,False,False,False,False,0,0,0.0,0.0,0.0,0.0,0.0,0.0,0,0.0,0.5,0.0,3760,0,2,0.016129032258064516,0.10554463232402674,0.0,0.0,0.5840935902477389,0.6896382225717657,0,0,0,0,0.0,0.86054579093432,0.2507151641104483,2030.0,4221.0,2.079310344827586,False,538.125,98.75
sat_n11.qasm,sat_n11,0,reservation_reset__fair_share__cq2__ten4__res2000__reset50__noepr__global__per_operation,reservation_reset,fair_share,2,4,2000,50,False,global,per_operation,64,48,False,False,False,False,0,0,0.0,0.0,0.0,0.0,0.0,0.0,0,0.0,0.5,0.5,4387,0,0,0.0,0.1087285771223595,0.04942208051016341,0.0,0.5871741729772818,0.7453248306098047,0,0,0,0,0.0,0.8736363636363637,0.2508170359910766,2880.0,2880.0,1.0,False,489.6875,160.69444444444446
sat_n11.qasm,sat_n11,0,reservation_reset__fair_share__cq2__ten4__res2000__reset200__noepr__global__per_operation,reservation_reset,fair_share,2,4,2000,200,False,global,per_operation,64,48,False,False,False,False,0,16,0.0,0.0,0.0,0.0,0.0,0.0,0,0.0,0.5,0.0,6895,0,16,0.12903225806451613,0.08482684755444485,0.15423063191717243,0.0,0.5803891467333095,0.8194466262049268,0,0,0,0,0.0,0.8321917808219178,0.2507138620753728,5430.0,2960.0,0.5451197053406999,True,344.375,145.97222222222223
sat_n11.qasm,sat_n11,1,reservation_reset__fair_share__cq2__ten4__res0__reset0__noepr__global__per_operation,reservation_reset,fair_share,2,4,0,0,False,global,per_operation,64,48,False,False,False,False,0,0,0.16666666666666666,1.7083333333333333,1.5416666666666667,1.5416666666666667,74.0,74.0,1,0.020833333333333332,0.5104166666666666,0.020833333333333332,1913,0,0,0.0,0.12895906211591188,0.0,0.0,0.12895906211591188,0.25791812423182375,0,0,0,0,0.0,0.8736363636363637,0.43890971944799795,2135.0,2135.0,1.0,False,571.0625,96.625
sat_n11.qasm,sat_n11,1,reservation_reset__fair_share__cq2__ten4__res0__reset50__noepr__global__per_operation,reservation_reset,fair_share,2,4,0,50,False,global,per_operation,64,48,False,False,False,False,0,0,3.2916666666666665,10.729166666666666,7.4375,7.4375,155.0,357.0,4,0.08333333333333333,0.5416666666666666,0.0625,3001,0,0,0.0,0.12034055317834928,0.05470025144470422,0.0,0.17504080462305352,0.35008160924610704,0,0,0,0,0.0,0.8736363636363637,0.5081864277149764,3360.0,3360.0,1.0,False,533.0833333333334,155.79166666666666
sat_n11.qasm,sat_n11,1,reservation_reset__fair_share__cq2__ten4__res0__reset200__noepr__global__per_operation,reservation_reset,fair_share,2,4,0,200,False,global,per_operation,64,48,False,False,False,False,0,0,38.25,128.9375,90.6875,90.6875,510.0,4353.0,17,0.3541666666666667,0.6770833333333334,0.1875,4422,0,0,0.0,0.11953902107707813,0.2173436746855966,0.0,0.3368826957626747,0.6737653915253494,0,0,0,0,0.0,0.8736363636363637,0.5980773615685328,6980.0,9770.0,1.3997134670487106,False,347.3958333333333,216.54166666666666
sat_n11.qasm,sat_n11,1,reservation_reset__fair_share__cq2__ten4__res500__reset0__noepr__global__per_operation,reservation_reset,fair_share,2,4,500,0,False,global,per_operation,64,48,False,False,False,False,0,0,0.0,0.0,0.0,0.0,0.0,0.0,0,0.0,0.5,0.3541666666666667,2622,0,0,0.0,0.11793186927200415,0.0,0.0,0.42123033027840223,0.5391621995504063,0,0,0,0,0.0,0.8736363636363637,0.25252482841452917,2317.0,2317.0,1.0,False,538.125,130.47222222222223
sat_n11.qasm,sat_n11,1,reservation_reset__fair_share__cq2__ten4__res500__reset50__noepr__global__per_operation,reservation_reset,fair_share,2,4,500,50,False,global,per_operation,64,48,False,False,False,False,0,0,0.0,0.0,0.0,0.0,0.0,0.0,0,0.0,0.5,0.5208333333333334,3280,0,0,0.0,0.12084699211482236,0.05493045096128289,0.0,0.4796890227695579,0.6554664658456631,0,0,0,0,0.0,0.8736363636363637,0.2518878478326651,2880.0,2880.0,1.0,False,489.6875,160.69444444444446
sat_n11.qasm,sat_n11,1,reservation_reset__fair_share__cq2__ten4__res500__reset200__noepr__global__per_operation,reservation_reset,fair_share,2,4,500,200,False,global,per_operation,64,48,False,False,False,False,0,4,0.0,0.0,0.0,0.0,0.0,0.0,0,0.0,0.5,0.5625,6689,0,4,0.03225806451612903,0.11790978115230014,0.21438142027690935,0.0,0.5799776686020545,0.912268870031264,0,0,0,0,0.0,0.872093023255814,0.2506678405891901,5430.0,10340.0,1.9042357274401474,True,344.375,179.97222222222223
sat_n11.qasm,sat_n11,1,reservation_reset__fair_share__cq2__ten4__res2000__reset0__noepr__global__per_operation,reservation_reset,fair_share,2,4,2000,0,False,global,per_operation,64,48,False,False,False,False,0,0,0.0,0.0,0.0,0.0,0.0,0.0,0,0.0,0.5,0.5,3327,0,4,0.03225806451612903,0.1056422569027611,0.0,0.0,0.571672669067627,0.6773149259703881,0,0,0,0,0.0,0.8458646616541353,0.2515206516559038,2030.0,2030.0,1.0,False,538.125,137.77777777777777
sat_n11.qasm,sat_n11,1,reservation_reset__fair_share__cq2__ten4__res2000__reset50__noepr__global__per_operation,reservation_reset,fair_share,2,4,2000,50,False,global,per_operation,64,48,False,False,False,False,0,0,0.0,0.0,0.0,0.0,0.0,0.0,0,0.0,0.5,0.5,4121,0,2,0.016129032258064516,0.10533751962323391,0.047880690737833596,0.0,0.5742307692307692,0.7274489795918367,0,0,0,0,0.0,0.86054579093432,0.25086993317180484,2880.0,2880.0,1.0,False,489.6875,160.69444444444446
sat_n11.qasm,sat_n11,1,reservation_reset__fair_share__cq2__ten4__res2000__reset200__noepr__global__per_operation,reservation_reset,fair_share,2,4,2000,200,False,global,per_operation,64,48,False,False,False,False,0,0,0.0,0.0,0.0,0.0,0.0,0.0,0,0.0,0.5,0.5,6281,0,4,0.03225806451612903,0.09636443276390715,0.17520805957074026,0.0,0.5974850343115783,0.8690575266462257,0,0,0,0,0.0,0.8458646616541353,0.25047490420440044,5430.0,5430.0,1.0,False,344.375,229.44444444444446
sat_n11.qasm,sat_n11,2,reservation_reset__fair_share__cq2__ten4__res0__reset0__noepr__global__per_operation,reservation_reset,fair_share,2,4,0,0,False,global,per_operation,64,48,False,False,False,False,0,0,0.0,3.2916666666666665,3.2916666666666665,3.2916666666666665,83.0,158.0,2,0.041666666666666664,0.5208333333333334,0.020833333333333332,1727,0,0,0.0,0.11877394636015326,0.0,0.0,0.11877394636015326,0.23754789272030652,0,0,0,0,0.0,0.8736363636363637,0.41120124190508833,2140.0,2140.0,1.0,False,559.4270833333334,105.90277777777777
sat_n11.qasm,sat_n11,2,reservation_reset__fair_share__cq2__ten4__res0__reset50__noepr__global__per_operation,reservation_reset,fair_share,2,4,0,50,False,global,per_operation,64,48,False,False,False,False,0,0,1.5625,8.645833333333334,7.083333333333333,7.083333333333333,220.0,340.0,2,0.041666666666666664,0.5208333333333334,0.08333333333333333,3103,0,0,0.0,0.12348361397791055,0.056128915444504796,0.0,0.17961252942241535,0.3592250588448307,0,0,0,0,0.0,0.8736363636363637,0.4615773543371862,3257.0,3257.0,1.0,False,518.4479166666666,118.54166666666667
sat_n11.qasm,sat_n11,2,reservation_reset__fair_share__cq2__ten4__res0__reset200__noepr__global__per_operation,reservation_reset,fair_share,2,4,0,200,False,global,per_operation,64,48,False,False,False,False,0,0,27.020833333333332,236.8125,209.79166666666666,209.79166666666666,1090.0,10070.0,17,0.3541666666666667,0.6770833333333334,0.1875,3482,0,0,0.0,0.11871192341166231,0.21583986074847694,0.0,0.33455178416013925,0.6691035683202785,0,0,0,0,0.0,0.8736363636363637,0.7673104737733557,6360.0,6990.0,1.099056603773585,False,347.6875,195.375
sat_n11.qasm,sat_n11,2,reservation_reset__fair_share__cq2__ten4__res500__reset0__noepr__global__per_operation,reservation_reset,fair_share,2,4,500,0,False,global,per_operation,64,48,False,False,False,False,0,0,0.0,0.0,0.0,0.0,0.0,0.0,0,0.0,0.5,0.2916666666666667,2409,0,0,0.0,0.11763691246226822,0.0,0.0,0.4298275118585597,0.547464424320828,0,0,0,0,0.0,0.8736363636363637,0.25261997309915557,2030.0,2030.0,1.0,False,538.125,137.77777777777777
sat_n11.qasm,sat_n11,2,reservation_reset__fair_share__cq2__ten4__res500__reset50__noepr__global__per_operation,reservation_reset,fair_share,2,4,500,50,False,global,per_operation,64,48,False,False,False,False,0,0,0.0,0.0,0.0,0.0,0.0,0.0,0,0.0,0.5,0.4375,3379,0,0,0.0,0.11865512591883781,0.053934148144926274,0.0,0.48117089295811405,0.6537601670218781,0,0,0,0,0.0,0.8736363636363637,0.25201966111633467,2880.0,3200.0,1.1111111111111112,False,489.6875,144.63888888888889
sat_n11.qasm,sat_n11,2,reservation_reset__fair_share__cq2__ten4__res500__reset200__noepr__global__per_operation,reservation_reset,fair_share,2,4,500,200,False,global,per_operation,64,48,False,False,False,False,0,0,0.0,0.0,0.0,0.0,0.0,0.0,0,0.0,0.5,0.5,5277,0,0,0.0,0.11266674926692273,0.20484863503076858,0.0,0.5633833064882501,0.8808986907859414,0,0,0,0,0.0,0.8736363636363637,0.2507193478862465,5430.0,6740.0,1.2412523020257826,False,344.375,202.63888888888889
sat_n11.qasm,sat_n11,2,reservation_reset__fair_share__cq2__ten4__res2000__reset0__noepr__global__per_operation,reservation_reset,fair_share,2,4,2000,0,False,global,per_operation,64,48,False,False,False,False,0,0,0.0,0.0,0.0,0.0,0.0,0.0,0,0.0,0.5,0.5,2515,0,0,0.0,0.10821102737009124,0.0,0.0,0.586747322491075,0.6949583498611662,0,0,0,0,0.0,0.8736363636363637,0.2512590051826667,2030.0,2030.0,1.0,False,538.125,137.77777777777777
sat_n11.qasm,sat_n11,2,reservation_reset__fair_share__cq2__ten4__res2000__reset50__noepr__global__per_operation,reservation_reset,fair_share,2,4,2000,50,False,global,per_operation,64,48,False,False,False,False,0,0,0.0,0.0,0.0,0.0,0.0,0.0,0,0.0,0.5,0.0,4611,0,1,0.008064516129032258,0.10463632496809869,0.04756196589459031,0.0,0.5760991454313446,0.7282974362940335,0,0,0,0,0.0,0.8672896124742032,0.25075659647451903,2880.0,2880.0,1.0,False,489.6875,160.69444444444446
sat_n11.qasm,sat_n11,2,reservation_reset__fair_share__cq2__ten4__res2000__reset200__noepr__global__per_operation,reservation_reset,fair_share,2,4,2000,200,False,global,per_operation,64,48,False,False,False,False,0,16,0.0,0.0,0.0,0.0,0.0,0.0,0,0.0,0.5,0.0,7247,0,25,0.20161290322580644,0.08161888701517707,0.14839797639123103,0.0,0.6094847292486416,0.8395015926550496,0,0,0,0,0.0,0.7597674418604651,0.25091504053879576,5430.0,2960.0,0.5451197053406999,True,344.375,145.97222222222223
square_root_n18.qasm,square_root_n18,0,reservation_reset__fair_share__cq2__ten4__res0__reset0__noepr__global__per_operation,reservation_reset,fair_share,2,4,0,0,False,global,per_operation,64,48,False,False,False,False,0,0,0.0,29.270833333333332,29.270833333333332,29.270833333333332,505.0,1405.0,7,0.14583333333333334,0.5729166666666666,0.5625,10692,0,0,0.0,0.20168973575408952,0.0,0.0,0.20168973575408952,0.40337947150817904,0,0,0,0,0.0,0.6282608695652174,0.6842500487241142,6090.0,6090.0,1.0,False,520.28125,61.9051724137931
square_root_n18.qasm,square_root_n18,0,reservation_reset__fair_share__cq2__ten4__res0__reset50__noepr__global__per_operation,reservation_reset,fair_share,2,4,0,50,False,global,per_operation,64,48,False,False,False,False,0,0,3.0625,224.125,221.0625,221.0625,1725.0,10611.0,18,0.375,0.6875,0.5416666666666666,23438,0,0,0.0,0.21335868790111717,0.09698122177323508,0.0,0.31033990967435227,0.6206798193487045,0,0,0,0,0.0,0.6282608695652174,0.7526220049717708,9270.0,9270.0,1.0,False,450.15625,75.0
square_root_n18.qasm,square_root_n18,0,reservation_reset__fair_share__cq2__ten4__res0__reset200__noepr__global__per_operation,reservation_reset,fair_share,2,4,0,200,False,global,per_operation,64,48,False,False,False,False,0,32,35.833333333333336,2216.6666666666665,2180.8333333333335,2180.8333333333335,3480.0,104680.0,45,0.9375,0.96875,0.5208333333333334,32684,0,32,0.1568627450980392,0.16524017467248908,0.30043668122270745,0.0,0.46567685589519653,0.9313537117903931,0,0,0,0,0.0,0.7279527559055118,0.8544294796750845,12240.0,12235.0,0.9995915032679739,True,292.375,109.61764705882354
square_root_n18.qasm,square_root_n18,0,reservation_reset__fair_share__cq2__ten4__res500__reset0__noepr__global__per_operation,reservation_reset,fair_share,2,4,500,0,False,global,per_operation,64,48,False,False,False,False,0,0,0.0,0.0,0.0,0.0,0.0,0.0,0,0.0,0.5,0.7916666666666666,17379,0,0,0.0,0.19177028586078707,0.0,0.0,0.4960261504935265,0.6877964363543135,0,0,0,0,0.0,0.6282608695652174,0.25064874103314405,5760.0,7190.0,1.2482638888888888,False,538.125,63.36206896551724
square_root_n18.qasm,square_root_n18,0,reservation_reset__fair_share__cq2__ten4__res500__reset50__noepr__global__per_operation,reservation_reset,fair_share,2,4,500,50,False,global,per_operation,64,48,False,False,False,False,0,0,0.0,0.0,0.0,0.0,0.0,0.0,0,0.0,0.5,0.5208333333333334,29520,0,6,0.029411764705882353,0.18629715165511931,0.08468052347959969,0.0,0.5607048156701736,0.8316824908048926,0,0,0,0,0.0,0.5995962314939435,0.2504968004185449,8310.0,10390.0,1.2503008423586042,False,489.6875,79.95689655172414
square_root_n18.qasm,square_root_n18,0,reservation_reset__fair_share__cq2__ten4__res500__reset200__noepr__global__per_operation,reservation_reset,fair_share,2,4,500,200,False,global,per_operation,64,48,False,False,False,False,0,36,0.0,0.0,0.0,0.0,0.0,0.0,0,0.0,0.5,0.125,36978,0,41,0.20098039215686275,0.1467266775777414,0.26677577741407527,0.0,0.6423158756137479,1.0558183306055646,0,0,0,0,0.0,0.7126113077995924,0.25028554122805957,12240.0,12240.0,1.0,True,344.375,94.51086956521739
square_root_n18.qasm,square_root_n18,0,reservation_reset__fair_share__cq2__ten4__res2000__reset0__noepr__global__per_operation,reservation_reset,fair_share,2,4,2000,0,False,global,per_operation,64,48,False,False,False,False,0,0,0.0,0.0,0.0,0.0,0.0,0.0,0,0.0,0.5,0.5,16243,0,10,0.049019607843137254,0.1700398406374502,0.0,0.0,0.6155776892430279,0.7856175298804781,0,0,0,0,0.0,0.5786592865928659,0.250644330181204,5760.0,7190.0,1.2482638888888888,False,538.125,63.36206896551724
square_root_n18.qasm,square_root_n18,0,reservation_reset__fair_share__cq2__ten4__res2000__reset50__noepr__global__per_operation,reservation_reset,fair_share,2,4,2000,50,False,global,per_operation,64,48,False,False,False,False,0,0,0.0,0.0,0.0,0.0,0.0,0.0,0,0.0,0.5,0.5,28339,0,6,0.029411764705882353,0.1682502896871379,0.07647740440324449,0.0,0.6357126303592121,0.8804403244495944,0,0,0,0,0.0,0.5998164014687882,0.2503680276603958,8310.0,10390.0,1.2503008423586042,False,489.6875,79.95689655172414
square_root_n18.qasm,square_root_n18,0,reservation_reset__fair_share__cq2__ten4__res2000__reset200__noepr__global__per_operation,reservation_reset,fair_share,2,4,2000,200,False,global,per_operation,64,48,False,False,False,False,0,36,0.0,0.0,0.0,0.0,0.0,0.0,0,0.0,0.5,0.0,35766,0,52,0.2549019607843137,0.11938593359514459,0.2170653338093538,0.0,0.6243448768297036,0.9607961442342021,0,0,0,0,0.0,0.6410654827968923,0.25033374012902954,12240.0,12240.0,1.0,True,344.375,121.46739130434783
square_root_n18.qasm,square_root_n18,1,reservation_reset__fair_share__cq2__ten4__res0__reset0__noepr__global__per_operation,reservation_reset,fair_share,2,4,0,0,False,global,per_operation,64,48,False,False,False,False,0,0,0.0,15.0,15.0,15.0,395.0,720.0,7,0.14583333333333334,0.5729166666666666,0.625,10111,0,0,0.0,0.1965145809615553,0.0,0.0,0.1965145809615553,0.3930291619231106,0,0,0,0,0.0,0.6282608695652174,0.7013924568212269,6085.0,6085.0,1.0,False,534.8854166666666,62.547413793103445
square_root_n18.qasm,square_root_n18,1,reservation_reset__fair_share__cq2__ten4__res0__reset50__noepr__global__per_operation,reservation_reset,fair_share,2,4,0,50,False,global,per_operation,64,48,False,False,False,False,0,0,1.7291666666666667,178.70833333333334,176.97916666666666,176.97916666666666,1465.0,8495.0,14,0.2916666666666667,0.6458333333333334,0.5,21539,0,0,0.0,0.19736147757255937,0.08970976253298153,0.0,0.2870712401055409,0.5741424802110818,0,0,0,0,0.0,0.6282608695652174,0.4468871862845167,8790.0,8860.0,1.0079635949943118,False,465.5104166666667,75.81896551724138
square_root_n18.qasm,square_root_n18,1,reservation_reset__fair_share__cq2__ten4__res0__reset200__noepr__global__per_operation,reservation_reset,fair_share,2,4,0,200,False,global,per_operation,64,48,False,False,False,False,0,33,25.020833333333332,2011.4583333333333,1986.4375,1986.4375,3580.0,95349.0,42,0.875,0.9375,0.5208333333333334,33749,0,33,0.16176470588235295,0.1626318519799412,0.29569427632716583,0.0,0.45832612830710706,0.9166522566142141,0,0,0,0,0.0,0.7315370759531672,0.8871101937365617,12235.0,12235.0,1.0,True,298.6770833333333,101.27710843373494
square_root_n18.qasm,square_root_n18,1,reservation_reset__fair_share__cq2__ten4__res500__reset0__noepr__global__per_operation,reservation_reset,fair_share,2,4,500,0,False,global,per_operation,64,48,False,False,False,False,0,0,0.0,0.0,0.0,0.0,0.0,0.0,0,0.0,0.5,0.5833333333333334,16795,0,0,0.0,0.20306773449165197,0.0,0.0,0.5167775213791231,0.7198452558707751,0,0,0,0,0.0,0.6282608695652174,0.25070969751427685,5760.0,7190.0,1.2482638888888888,False,538.125,63.36206896551724
square_root_n18.qasm,square_root_n18,1,reservation_reset__fair_share__cq2__ten4__res500__reset50__noepr__global__per_operation,reservation_reset,fair_share,2,4,500,50,False,global,per_operation,64,48,False,False,False,False,0,0,0.0,0.0,0.0,0.0,0.0,0.0,0,0.0,0.5,0.20833333333333334,30453,0,6,0.029411764705882353,0.18838386022574927,0.08562902737534057,0.0,0.5579379838256282,0.831950871426718,0,0,0,0,0.0,0.5998898273962542,0.25045869463720627,8310.0,11255.0,1.3543922984356198,False,489.6875,63.5
square_root_n18.qasm,square_root_n18,1,reservation_reset__fair_share__cq2__ten4__res500__reset200__noepr__global__per_operation,reservation_reset,fair_share,2,4,500,200,False,global,per_operation,64,48,False,False,False,False,0,36,0.0,0.0,0.0,0.0,0.0,0.0,0,0.0,0.5,0.5,37949,0,45,0.22058823529411764,0.14691306173876523,0.26711465770684584,0.0,0.6473120537589249,1.061339773204536,0,0,0,0,0.0,0.6872077851473306,0.2502974229923739,12240.0,12240.0,1.0,True,344.375,98.53260869565217
square_root_n18.qasm,square_root_n18,1,reservation_reset__fair_share__cq2__ten4__res2000__reset0__noepr__global__per_operation,reservation_reset,fair_share,2,4,2000,0,False,global,per_operation,64,48,False,False,False,False,0,0,0.0,0.0,0.0,0.0,0.0,0.0,0,0.0,0.5,0.0,16731,0,4,0.0196078431372549,0.1745339151130504,0.0,0.0,0.6203808012693376,0.794914716382388,0,0,0,0,0.0,0.6091617933723197,0.2506030167679411,5760.0,7190.0,1.2482638888888888,False,538.125,63.36206896551724
square_root_n18.qasm,square_root_n18,1,reservation_reset__fair_share__cq2__ten4__res2000__reset50__noepr__global__per_operation,reservation_reset,fair_share,2,4,2000,50,False,global,per_operation,64,48,False,False,False,False,0,0,0.0,0.0,0.0,0.0,0.0,0.0,0,0.0,0.5,0.5,26498,0,3,0.014705882352941176,0.17402597402597403,0.07910271546635184,0.0,0.6470484061393152,0.900177095631641,0,0,0,0,0.0,0.6140342877986503,0.2504165774544591,8310.0,10390.0,1.2503008423586042,False,489.6875,79.95689655172414
square_root_n18.qasm,square_root_n18,1,reservation_reset__fair_share__cq2__ten4__res2000__reset200__noepr__global__per_operation,reservation_reset,fair_share,2,4,2000,200,False,global,per_operation,64,48,False,False,False,False,0,36,0.0,0.0,0.0,0.0,0.0,0.0,0,0.0,0.5,0.0,35292,0,51,0.25,0.12639879834772813,0.22981599699586933,0.0,0.6600638377769433,1.0162786331205407,0,0,0,0,0.0,0.6490240656537651,0.2503419456612761,12240.0,12240.0,1.0,True,344.375,111.29545454545455
square_root_n18.qasm,square_root_n18,2,reservation_reset__fair_share__cq2__ten4__res0__reset0__noepr__global__per_operation,reservation_reset,fair_share,2,4,0,0,False,global,per_operation,64,48,False,False,False,False,0,0,0.0,36.666666666666664,36.666666666666664,36.666666666666664,745.0,1760.0,9,0.1875,0.59375,0.4375,11239,0,0,0.0,0.20495022376472738,0.0,0.0,0.20495022376472738,0.40990044752945476,0,0,0,0,0.0,0.6282608695652174,0.5628520805590576,6310.0,6310.0,1.0,False,517.2083333333334,58.327586206896555
square_root_n18.qasm,square_root_n18,2,reservation_reset__fair_share__cq2__ten4__res0__reset50__noepr__global__per_operation,reservation_reset,fair_share,2,4,0,50,False,global,per_operation,64,48,False,False,False,False,0,0,1.7916666666666667,178.95833333333334,177.16666666666666,177.16666666666666,1405.0,8504.0,16,0.3333333333333333,0.6666666666666666,0.4791666666666667,22356,0,0,0.0,0.19635981799089955,0.08925446272313615,0.0,0.2856142807140357,0.5712285614280714,0,0,0,0,0.0,0.6282608695652174,0.36801043560689484,9105.0,9105.0,1.0,False,460.4895833333333,76.82758620689656
square_root_n18.qasm,square_root_n18,2,reservation_reset__fair_share__cq2__ten4__res0__reset200__noepr__global__per_operation,reservation_reset,fair_share,2,4,0,200,False,global,per_operation,64,48,False,False,False,False,0,32,20.916666666666668,2274.375,2253.4583333333335,2253.4583333333335,3660.0,108166.0,45,0.9375,0.96875,0.4791666666666667,33965,0,32,0.1568627450980392,0.16393726713456372,0.29806775842647953,0.0,0.4620050255610432,0.9240100511220865,0,0,0,0,0.0,0.7279527559055118,0.8985886283336435,12240.0,12235.0,0.9995915032679739,True,292.6041666666667,112.76785714285714
square_root_n18.qasm,square_root_n18,2,reservation_reset__fair_share__cq2__ten4__res500__reset0__noepr__global__per_operation,reservation_reset,fair_share,2,4,500,0,False,global,per_operation,64,48,False,False,False,False,0,0,0.0,0.0,0.0,0.0,0.0,0.0,0,0.0,0.5,0.25,21901,0,1,0.004901960784313725,0.19155872008235394,0.0,0.0,0.518195075920048,0.709753796002402,0,0,0,0,0.0,0.6235851340717874,0.25057287615209295,6415.0,9605.0,1.4972720187061574,False,538.125,55.85775862068966
square_root_n18.qasm,square_root_n18,2,reservation_reset__fair_share__cq2__ten4__res500__reset50__noepr__global__per_operation,reservation_reset,fair_share,2,4,500,50,False,global,per_operation,64,48,False,False,False,False,0,0,0.0,0.0,0.0,0.0,0.0,0.0,0,0.0,0.5,0.3125,27711,0,3,0.014705882352941176,0.19054595596156332,0.08661179816434697,0.0,0.5750075408281984,0.8521652949541086,0,0,0,0,0.0,0.6140342877986503,0.2504984745098685,8310.0,10390.0,1.2503008423586042,False,489.6875,79.95689655172414
square_root_n18.qasm,square_root_n18,2,reservation_reset__fair_share__cq2__ten4__res500__reset200__noepr__global__per_operation,reservation_reset,fair_share,2,4,500,200,False,global,per_operation,64,48,False,False,False,False,0,36,0.0,0.0,0.0,0.0,0.0,0.0,0,0.0,0.5,0.25,37508,0,45,0.22058823529411764,0.14922571562646644,0.2713194829572117,0.0,0.6601595495072736,1.0807047480909517,0,0,0,0,0.0,0.6878060724779628,0.2503033353455783,12240.0,12240.0,1.0,True,344.375,86.07065217391305
square_root_n18.qasm,square_root_n18,2,reservation_reset__fair_share__cq2__ten4__res2000__reset0__noepr__global__per_operation,reservation_reset,fair_share,2,4,2000,0,False,global,per_operation,64,48,False,False,False,False,0,0,0.0,0.0,0.0,0.0,0.0,0.0,0,0.0,0.5,0.5,15889,0,2,0.00980392156862745,0.1740015661707126,0.0,0.0,0.6122826938136257,0.7862842599843383,0,0,0,0,0.0,0.618842513952924,0.25057035868009925,5760.0,7190.0,1.2482638888888888,False,538.125,63.36206896551724
square_root_n18.qasm,square_root_n18,2,reservation_reset__fair_share__cq2__ten4__res2000__reset50__noepr__global__per_operation,reservation_reset,fair_share,2,4,2000,50,False,global,per_operation,64,48,False,False,False,False,0,0,0.0,0.0,0.0,0.0,0.0,0.0,0,0.0,0.5,0.5,27814,0,12,0.058823529411764705,0.15352742339984735,0.06978519245447606,0.0,0.6176861847126813,0.8409988005670047,0,0,0,0,0.0,0.5688186643624243,0.2503907154106726,8310.0,10390.0,1.2503008423586042,False,489.6875,79.95689655172414
square_root_n18.qasm,square_root_n18,2,reservation_reset__fair_share__cq2__ten4__res2000__reset200__noepr__global__per_operation,reservation_reset,fair_share,2,4,2000,200,False,global,per_operation,64,48,False,False,False,False,0,36,0.0,0.0,0.0,0.0,0.0,0.0,0,0.0,0.5,0.0,35095,0,50,0.24509803921568626,0.12901751713632903,0.2345773038842346,0.0,0.6531797410510282,1.0167745620715918,0,0,0,0,0.0,0.6534053339210932,0.25030173539585077,12240.0,12240.0,1.0,True,344.375,121.46739130434783
bv_n19.qasm,bv_n19,0,reservation_reset__first_available__cq2__ten4__res0__reset0__noepr__global__per_operation,reservation_reset,first_available,2,4,0,0,False,global,per_operation,64,48,False,False,False,False,0,0,1.0625,3.0,1.9375,1.9375,93.0,93.0,1,0.020833333333333332,0.5104166666666666,0.020833333333333332,230,0,0,0.0,0.10066806991855037,0.0,0.0,0.10066806991855037,0.20133613983710075,0,0,0,0,0.0,0.7697044334975369,0.5671031399581403,826.0,826.0,1.0,False,596.53125,225.375
bv_n19.qasm,bv_n19,0,reservation_reset__first_available__cq2__ten4__res0__reset50__noepr__global__per_operation,reservation_reset,first_available,2,4,0,50,False,global,per_operation,64,48,False,False,False,False,0,0,3.7291666666666665,4.916666666666667,1.1875,1.1875,57.0,57.0,1,0.020833333333333332,0.5104166666666666,0.0,333,0,0,0.0,0.09566881196729866,0.04348582362149939,0.0,0.13915463558879806,0.27830927117759613,0,0,0,0,0.0,0.7697044334975369,0.38101873573046124,1015.0,1015.0,1.0,False,514.5729166666666,330.4166666666667
bv_n19.qasm,bv_n19,0,reservation_reset__first_available__cq2__ten4__res0__reset200__noepr__global__per_operation,reservation_reset,first_available,2,4,0,200,False,global,per_operation,64,48,False,False,False,False,0,0,39.958333333333336,39.958333333333336,0.0,0.0,0.0,0.0,0,0.0,0.5,0.041666666666666664,415,0,0,0.0,0.09485620661406459,0.17246583020739015,0.0,0.2673220368214547,0.5346440736429094,0,0,0,0,0.0,0.7697044334975369,0.7450035458514433,1917.0,1917.0,1.0,False,378.65625,319.0416666666667
bv_n19.qasm,bv_n19,0,reservation_reset__first_available__cq2__ten4__res500__reset0__noepr__global__per_operation,reservation_reset,first_available,2,4,500,0,False,global,per_operation,64,48,False,False,False,False,0,0,0.0,0.0,0.0,0.0,0.0,0.0,0,0.0,0.5,0.9791666666666666,445,0,0,0.0,0.09774302470232805,0.0,0.0,0.42149902256975297,0.519242047272081,0,0,0,0,0.0,0.7697044334975369,0.2556192544309433,765.0,765.0,1.0,False,581.8125,321.4583333333333
bv_n19.qasm,bv_n19,0,reservation_reset__first_available__cq2__ten4__res500__reset50__noepr__global__per_operation,reservation_reset,first_available,2,4,500,50,False,global,per_operation,64,48,False,False,False,False,0,0,0.0,0.0,0.0,0.0,0.0,0.0,0,0.0,0.5,0.9583333333333334,566,0,0,0.0,0.09412972787951394,0.04278623994523361,0.0,0.44597809344514805,0.5828940612698956,0,0,0,0,0.0,0.7697044334975369,0.2544635859691813,1015.0,1015.0,1.0,False,523.7083333333334,342.2916666666667
bv_n19.qasm,bv_n19,0,reservation_reset__first_available__cq2__ten4__res500__reset200__noepr__global__per_operation,reservation_reset,first_available,2,4,500,200,False,global,per_operation,64,48,False,False,False,False,0,0,0.0,0.0,0.0,0.0,0.0,0.0,0,0.0,0.5,0.9583333333333334,874,0,0,0.0,0.09807417974322397,0.1783166904422254,0.0,0.5351863409415121,0.8115772111269615,0,0,0,0,0.0,0.7697044334975369,0.2522318543899634,1765.0,1765.0,1.0,False,344.375,404.7916666666667
bv_n19.qasm,bv_n19,0,reservation_reset__first_available__cq2__ten4__res2000__reset0__noepr__global__per_operation,reservation_reset,first_available,2,4,2000,0,False,global,per_operation,64,48,False,False,False,False,0,0,0.0,0.0,0.0,0.0,0.0,0.0,0,0.0,0.5,0.5,1315,0,0,0.0,0.08764940239043825,0.0,0.0,0.569796812749004,0.6574462151394422,0,0,0,0,0.0,0.7697044334975369,0.25267605478938265,765.0,765.0,1.0,False,538.125,321.4583333333333
bv_n19.qasm,bv_n19,0,reservation_reset__first_available__cq2__ten4__res2000__reset50__noepr__global__per_operation,reservation_reset,first_available,2,4,2000,50,False,global,per_operation,64,48,False,False,False,False,0,0,0.0,0.0,0.0,0.0,0.0,0.0,0,0.0,0.5,0.5,1495,0,0,0.0,0.08833212880430419,0.04015096763832009,0.0,0.5554043202441179,0.6838874166867421,0,0,0,0,0.0,0.7697044334975369,0.25196698608170875,1015.0,1015.0,1.0,False,489.6875,342.2916666666667
bv_n19.qasm,bv_n19,0,reservation_reset__first_available__cq2__ten4__res2000__reset200__noepr__global__per_operation,reservation_reset,first_available,2,4,2000,200,False,global,per_operation,64,48,False,False,False,False,0,0,0.0,0.0,0.0,0.0,0.0,0.0,0,0.0,0.5,0.0,2709,0,8,0.08,0.07343976777939042,0.13352685050798258,0.0,0.5744956458635704,0.7814622641509434,0,0,0,0,0.0,0.7072192513368984,0.2509210594585687,1765.0,4528.0,2.5654390934844193,False,344.375,294.1666666666667
bv_n19.qasm,bv_n19,1,reservation_reset__first_available__cq2__ten4__res0__reset0__noepr__global__per_operation,reservation_reset,first_available,2,4,0,0,False,global,per_operation,64,48,False,False,False,False,0,0,0.0,0.0,0.0,0.0,0.0,0.0,0,0.0,0.5,0.0,166,0,0,0.0,0.09576459321812562,0.0,0.0,0.09576459321812562,0.19152918643625125,0,0,0,0,0.0,0.7697044334975369,0.5431167914097282,765.0,765.0,1.0,False,582.125,321.4583333333333
bv_n19.qasm,bv_n19,1,reservation_reset__first_available__cq2__ten4__res0__reset50__noepr__global__per_operation,reservation_reset,first_available,2,4,0,50,False,global,per_operation,64,48,False,False,False,False,0,0,2.0416666666666665,2.0416666666666665,0.0,0.0,0.0,0.0,0,0.0,0.5,0.020833333333333332,377,0,0,0.0,0.09742272606500753,0.04428305730227615,0.0,0.14170578336728368,0.28341156673456736,0,0,0,0,0.0,0.7697044334975369,0.5136777609191615,1015.0,1050.0,1.0344827586206897,False,533.0625,290.2083333333333
bv_n19.qasm,bv_n19,1,reservation_reset__first_available__cq2__ten4__res0__reset200__noepr__global__per_operation,reservation_reset,first_available,2,4,0,200,False,global,per_operation,64,48,False,False,False,False,0,0,14.291666666666666,40.5,26.208333333333332,26.208333333333332,368.0,1258.0,6,0.125,0.5625,0.041666666666666664,462,0,0,0.0,0.0975696292354089,0.17739932588256166,0.0,0.27496895511797054,0.5499379102359411,0,0,0,0,0.0,0.7697044334975369,0.6673372425697063,1765.0,1765.0,1.0,False,362.0833333333333,374.25
bv_n19.qasm,bv_n19,1,reservation_reset__first_available__cq2__ten4__res500__reset0__noepr__global__per_operation,reservation_reset,first_available,2,4,500,0,False,global,per_operation,64,48,False,False,False,False,0,0,0.0,0.0,0.0,0.0,0.0,0.0,0,0.0,0.5,0.020833333333333332,373,0,0,0.0,0.09679690249912003,0.0,0.0,0.428238296374516,0.525035198873636,0,0,0,0,0.0,0.7697044334975369,0.2558804916909929,765.0,765.0,1.0,False,575.6875,321.4583333333333
bv_n19.qasm,bv_n19,1,reservation_reset__first_available__cq2__ten4__res500__reset50__noepr__global__per_operation,reservation_reset,first_available,2,4,500,50,False,global,per_operation,64,48,False,False,False,False,0,0,0.0,0.0,0.0,0.0,0.0,0.0,0,0.0,0.5,0.875,750,0,0,0.0,0.09750908607392962,0.044322311851786186,0.0,0.44105575746830955,0.5828871553940254,0,0,0,0,0.0,0.7697044334975369,0.2537772259844949,1015.0,1015.0,1.0,False,517.9479166666666,342.2916666666667
bv_n19.qasm,bv_n19,1,reservation_reset__first_available__cq2__ten4__res500__reset200__noepr__global__per_operation,reservation_reset,first_available,2,4,500,200,False,global,per_operation,64,48,False,False,False,False,0,0,0.0,0.0,0.0,0.0,0.0,0.0,0,0.0,0.5,0.0,1168,0,0,0.0,0.09399700918607136,0.17090365306558428,0.0,0.5151078829309976,0.7800085451826533,0,0,0,0,0.0,0.7697044334975369,0.25172384459888436,1765.0,1765.0,1.0,False,344.375,343.7083333333333
bv_n19.qasm,bv_n19,1,reservation_reset__first_available__cq2__ten4__res2000__reset0__noepr__global__per_operation,reservation_reset,first_available,2,4,2000,0,False,global,per_operation,64,48,False,False,False,False,0,0,0.0,0.0,0.0,0.0,0.0,0.0,0,0.0,0.5,0.5,1295,0,0,0.0,0.08570649421481163,0.0,0.0,0.5526822236939499,0.6383887179087615,0,0,0,0,0.0,0.7697044334975369,0.25353981094794015,765.0,765.0,1.0,False,538.125,321.4583333333333
bv_n19.qasm,bv_n19,1,reservation_reset__first_available__cq2__ten4__res2000__reset50__noepr__global__per_operation,reservation_reset,first_available,2,4,2000,50,False,global,per_operation,64,48,False,False,False,False,0,0,0.0,0.0,0.0,0.0,0.0,0.0,0,0.0,0.5,0.0,1637,0,0,0.0,0.0834597875569044,0.03793626707132018,0.0,0.5568019726858877,0.6781980273141123,0,0,0,0,0.0,0.7697044334975369,0.25197852453532493,1015.0,1015.0,1.0,False,489.6875,342.2916666666667
bv_n19.qasm,bv_n19,1,reservation_reset__first_available__cq2__ten4__res2000__reset200__noepr__global__per_operation,reservation_reset,first_available,2,4,2000,200,False,global,per_operation,64,48,False,False,False,False,0,2,0.0,0.0,0.0,0.0,0.0,0.0,0,0.0,0.5,0.0,3313,0,10,0.1,0.07435223432219301,0.1351858805858055,0.0,0.5841494555013143,0.7936875704093128,0,0,0,0,0.0,0.6939684715558602,0.2506715762632883,1765.0,10116.0,5.7314447592067985,True,344.375,294.1666666666667
bv_n19.qasm,bv_n19,2,reservation_reset__first_available__cq2__ten4__res0__reset0__noepr__global__per_operation,reservation_reset,first_available,2,4,0,0,False,global,per_operation,64,48,False,False,False,False,0,0,0.0,0.0,0.0,0.0,0.0,0.0,0,0.0,0.5,0.0,161,0,0,0.0,0.09723756906077348,0.0,0.0,0.09723756906077348,0.19447513812154696,0,0,0,0,0.0,0.7697044334975369,0.5483673417743541,765.0,765.0,1.0,False,576.1666666666666,277.5833333333333
bv_n19.qasm,bv_n19,2,reservation_reset__first_available__cq2__ten4__res0__reset50__noepr__global__per_operation,reservation_reset,first_available,2,4,0,50,False,global,per_operation,64,48,False,False,False,False,0,0,3.0,3.0,0.0,0.0,0.0,0.0,0,0.0,0.5,0.020833333333333332,276,0,0,0.0,0.09593999389472767,0.04360908813396712,0.0,0.1395490820286948,0.2790981640573896,0,0,0,0,0.0,0.7697044334975369,0.5160432464693366,1015.0,1015.0,1.0,False,528.96875,342.2916666666667
bv_n19.qasm,bv_n19,2,reservation_reset__first_available__cq2__ten4__res0__reset200__noepr__global__per_operation,reservation_reset,first_available,2,4,0,200,False,global,per_operation,64,48,False,False,False,False,0,0,31.291666666666668,38.125,6.833333333333333,6.833333333333333,219.0,328.0,2,0.041666666666666664,0.5208333333333334,0.0625,401,0,0,0.0,0.09612023767913316,0.17476406850751486,0.0,0.27088430618664805,0.5417686123732961,0,0,0,0,0.0,0.7697044334975369,0.7040102657686568,1765.0,1765.0,1.0,False,382.0729166666667,385.0416666666667
bv_n19.qasm,bv_n19,2,reservation_reset__first_available__cq2__ten4__res500__reset0__noepr__global__per_operation,reservation_reset,first_available,2,4,500,0,False,global,per_operation,64,48,False,False,False,False,0,0,0.0,0.0,0.0,0.0,0.0,0.0,0,0.0,0.5,0.020833333333333332,318,0,0,0.0,0.09439629280013731,0.0,0.0,0.41948854372264655,0.5138848365227838,0,0,0,0,0.0,0.7697044334975369,0.2566661587110651,765.0,765.0,1.0,False,569.6458333333334,321.4583333333333
bv_n19.qasm,bv_n19,2,reservation_reset__first_available__cq2__ten4__res500__reset50__noepr__global__per_operation,reservation_reset,first_available,2,4,500,50,False,global,per_operation,64,48,False,False,False,False,0,0,0.0,0.0,0.0,0.0,0.0,0.0,0,0.0,0.5,0.9375,607,0,0,0.0,0.09659714599341383,0.043907793633369926,0.0,0.44703402854006585,0.5875389681668496,0,0,0,0,0.0,0.7697044334975369,0.2555610380653696,1330.0,1548.0,1.1639097744360902,False,540.3645833333334,314.0833333333333
bv_n19.qasm,bv_n19,2,reservation_reset__first_available__cq2__ten4__res500__reset200__noepr__global__per_operation,reservation_reset,first_available,2,4,500,200,False,global,per_operation,64,48,False,False,False,False,0,0,0.0,0.0,0.0,0.0,0.0,0.0,0,0.0,0.5,0.0,960,0,0,0.0,0.09314140558848434,0.1693480101608806,0.0,0.5136198137171888,0.7761092294665538,0,0,0,0,0.0,0.7697044334975369,0.2523595188313873,1765.0,1765.0,1.0,False,356.1875,404.7916666666667
bv_n19.qasm,bv_n19,2,reservation_reset__first_available__cq2__ten4__res2000__reset0__noepr__global__per_operation,reservation_reset,first_available,2,4,2000,0,False,global,per_operation,64,48,False,False,False,False,0,0,0.0,0.0,0.0,0.0,0.0,0.0,0,0.0,0.5,0.0,1822,0,0,0.0,0.08803521408563425,0.0,0.0,0.5554901960784314,0.6435254101640656,0,0,0,0,0.0,0.7697044334975369,0.2525321702549078,765.0,765.0,1.0,False,538.125,321.4583333333333
bv_n19.qasm,bv_n19,2,reservation_reset__first_available__cq2__ten4__res2000__reset50__noepr__global__per_operation,reservation_reset,first_available,2,4,2000,50,False,global,per_operation,64,48,False,False,False,False,0,0,0.0,0.0,0.0,0.0,0.0,0.0,0,0.0,0.5,0.4375,1551,0,0,0.0,0.08712871287128712,0.039603960396039604,0.0,0.5510653465346534,0.6777980198019802,0,0,0,0,0.0,0.7697044334975369,0.251968753208075,1015.0,1015.0,1.0,False,489.6875,342.2916666666667
bv_n19.qasm,bv_n19,2,reservation_reset__first_available__cq2__ten4__res2000__reset200__noepr__global__per_operation,reservation_reset,first_available,2,4,2000,200,False,global,per_operation,64,48,False,False,False,False,0,0,0.0,0.0,0.0,0.0,0.0,0.0,0,0.0,0.5,0.5,2119,0,0,0.0,0.0829124896359388,0.15074998115625235,0.0,0.5789477651315293,0.8126102359237205,0,0,0,0,0.0,0.7697044334975369,0.2510879970186304,1765.0,1765.0,1.0,False,344.375,404.7916666666667
dnn_n16.qasm,dnn_n16,0,reservation_reset__first_available__cq2__ten4__res0__reset0__noepr__global__per_operation,reservation_reset,first_available,2,4,0,0,False,global,per_operation,64,48,False,False,False,False,0,0,1.7916666666666667,50.4375,48.645833333333336,48.645833333333336,665.0,2335.0,7,0.14583333333333334,0.5729166666666666,0.08333333333333333,1111,0,0,0.0,0.1561598864291735,0.0,0.0,0.1561598864291735,0.312319772858347,0,0,0,0,0.0,0.7722007722007722,0.8326687176558107,9095.0,9110.0,1.0016492578339746,False,543.71875,181.97916666666666
dnn_n16.qasm,dnn_n16,0,reservation_reset__first_available__cq2__ten4__res0__reset50__noepr__global__per_operation,reservation_reset,first_available,2,4,0,50,False,global,per_operation,64,48,False,False,False,False,0,0,1.3541666666666667,153.77083333333334,152.41666666666666,152.41666666666666,1155.0,7316.0,15,0.3125,0.65625,0.08333333333333333,2194,0,0,0.0,0.15482054890921887,0.07037297677691766,0.0,0.22519352568613651,0.45038705137227303,0,0,0,0,0.0,0.7722007722007722,0.8776091923840835,9535.0,9595.0,1.0062926061877293,False,492.0104166666667,164.1875
dnn_n16.qasm,dnn_n16,0,reservation_reset__first_available__cq2__ten4__res0__reset200__noepr__global__per_operation,reservation_reset,first_available,2,4,0,200,False,global,per_operation,64,48,False,False,False,False,0,0,22.916666666666668,2312.9166666666665,2290.0,2290.0,4950.0,109920.0,44,0.9166666666666666,0.9583333333333333,0.10416666666666667,9270,0,0,0.0,0.15458937198067632,0.2810715854194115,0.0,0.4356609574000878,0.8713219148001756,0,0,0,0,0.0,0.7722007722007722,0.9915647404085367,11179.0,13180.0,1.1789963324089812,False,318.5625,108.06944444444444
dnn_n16.qasm,dnn_n16,0,reservation_reset__first_available__cq2__ten4__res500__reset0__noepr__global__per_operation,reservation_reset,first_available,2,4,500,0,False,global,per_operation,64,48,False,False,False,False,0,0,0.0,0.0,0.0,0.0,0.0,0.0,0,0.0,0.5,0.375,4326,0,0,0.0,0.15161304216737737,0.0,0.0,0.5085368479993109,0.6601498901666882,0,0,0,0,0.0,0.7722007722007722,0.25131854593698044,9505.0,12432.0,1.307943187795897,False,551.75,198.63888888888889
dnn_n16.qasm,dnn_n16,0,reservation_reset__first_available__cq2__ten4__res500__reset50__noepr__global__per_operation,reservation_reset,first_available,2,4,500,50,False,global,per_operation,64,48,False,False,False,False,0,0,0.0,0.0,0.0,0.0,0.0,0.0,0,0.0,0.5,0.6041666666666666,8021,0,0,0.0,0.1514825493824504,0.06885570426475018,0.0,0.5243577053836553,0.744695959030856,0,0,0,0,0.0,0.7722007722007722,0.25074876695069204,9980.0,10715.0,1.0736472945891784,False,520.46875,170.38888888888889
dnn_n16.qasm,dnn_n16,0,reservation_reset__first_available__cq2__ten4__res500__reset200__noepr__global__per_operation,reservation_reset,first_available,2,4,500,200,False,global,per_operation,64,48,False,False,False,False,0,2,0.0,0.0,0.0,0.0,0.0,0.0,0,0.0,0.5,0.75,16901,0,16,0.1,0.12751056550613807,0.23183739182934193,0.0,0.6109680016099819,0.9703159589454619,0,0,0,0,0.0,0.6871686108165429,0.25034430977458677,15228.0,18115.0,1.189584975045968,True,362.7083333333333,174.99305555555554
dnn_n16.qasm,dnn_n16,0,reservation_reset__first_available__cq2__ten4__res2000__reset0__noepr__global__per_operation,reservation_reset,first_available,2,4,2000,0,False,global,per_operation,64,48,False,False,False,False,0,48,0.0,0.0,0.0,0.0,0.0,0.0,0,0.0,0.5,0.0,14149,0,73,0.45625,0.07430124223602484,0.0,0.0,0.5071816770186336,0.5814829192546583,0,0,0,0,0.0,0.6322251921149349,0.2550244696134582,8981.0,6685.0,0.7443491816056118,True,751.25,248.24305555555554
dnn_n16.qasm,dnn_n16,0,reservation_reset__first_available__cq2__ten4__res2000__reset50__noepr__global__per_operation,reservation_reset,first_available,2,4,2000,50,False,global,per_operation,64,48,False,False,False,False,0,48,0.0,0.0,0.0,0.0,0.0,0.0,0,0.0,0.5,0.5,16143,0,70,0.4375,0.07508532423208192,0.034129692832764506,0.0,0.516268486916951,0.6254835039817975,0,0,0,0,0.0,0.665680473372781,0.2530620542648464,10715.0,6885.0,0.6425571628558097,True,703.3333333333334,226.28472222222223
dnn_n16.qasm,dnn_n16,0,reservation_reset__first_available__cq2__ten4__res2000__reset200__noepr__global__per_operation,reservation_reset,first_available,2,4,2000,200,False,global,per_operation,64,48,False,False,False,False,0,48,0.0,0.0,0.0,0.0,0.0,0.0,0,0.0,0.5,0.5,16363,0,73,0.45625,0.06972677595628415,0.126775956284153,0.0,0.5349726775956284,0.7314754098360656,0,0,0,0,0.0,0.6313813813813813,0.251464030495758,11570.0,7485.0,0.6469317199654279,True,559.5833333333334,174.16666666666666
dnn_n16.qasm,dnn_n16,1,reservation_reset__first_available__cq2__ten4__res0__reset0__noepr__global__per_operation,reservation_reset,first_available,2,4,0,0,False,global,per_operation,64,48,False,False,False,False,0,0,0.5208333333333334,37.5,36.979166666666664,36.979166666666664,460.0,1775.0,6,0.125,0.5625,0.08333333333333333,834,0,0,0.0,0.15746622528406548,0.0,0.0,0.15746622528406548,0.31493245056813096,0,0,0,0,0.0,0.7722007722007722,0.7851698865874529,8890.0,8985.0,1.0106861642294713,False,536.8541666666666,198.33333333333334
dnn_n16.qasm,dnn_n16,1,reservation_reset__first_available__cq2__ten4__res0__reset50__noepr__global__per_operation,reservation_reset,first_available,2,4,0,50,False,global,per_operation,64,48,False,False,False,False,0,0,2.5208333333333335,145.04166666666666,142.52083333333334,142.52083333333334,1037.0,6841.0,15,0.3125,0.65625,0.0625,2078,0,0,0.0,0.1589451819741714,0.07224780998825973,0.0,0.23119299196243115,0.4623859839248623,0,0,0,0,0.0,0.7722007722007722,0.8260375418023552,9417.0,9435.0,1.0019114367633004,False,492.0520833333333,179.01388888888889
dnn_n16.qasm,dnn_n16,1,reservation_reset__first_available__cq2__ten4__res0__reset200__noepr__global__per_operation,reservation_reset,first_available,2,4,0,200,False,global,per_operation,64,48,False,False,False,False,0,0,21.8125,2444.375,2422.5625,2422.5625,5085.0,116283.0,43,0.8958333333333334,0.9479166666666667,0.0625,9141,0,0,0.0,0.15281093987410463,0.27783807249837206,0.0,0.43064901237247666,0.8612980247449533,0,0,0,0,0.0,0.7722007722007722,0.988389775157987,11615.0,13290.0,1.1442100731812312,False,318.5416666666667,119.09722222222223
dnn_n16.qasm,dnn_n16,1,reservation_reset__first_available__cq2__ten4__res500__reset0__noepr__global__per_operation,reservation_reset,first_available,2,4,500,0,False,global,per_operation,64,48,False,False,False,False,0,0,0.0,0.0,0.0,0.0,0.0,0.0,0,0.0,0.5,0.5208333333333334,3182,0,0,0.0,0.15743805349315682,0.0,0.0,0.5184721352536005,0.6759101887467573,0,0,0,0,0.0,0.7722007722007722,0.251894264714428,8910.0,11556.0,1.2969696969696969,False,550.5208333333334,239.95833333333334
dnn_n16.qasm,dnn_n16,1,reservation_reset__first_available__cq2__ten4__res500__reset50__noepr__global__per_operation,reservation_reset,first_available,2,4,500,50,False,global,per_operation,64,48,False,False,False,False,0,0,0.0,0.0,0.0,0.0,0.0,0.0,0,0.0,0.5,0.2916666666666667,6920,0,0,0.0,0.15099519560741248,0.06863417982155114,0.0,0.5198224090597118,0.7394517844886753,0,0,0,0,0.0,0.7722007722007722,0.25087525424910134,9987.0,10715.0,1.0728947631921497,False,530.5,217.95833333333334
dnn_n16.qasm,dnn_n16,1,reservation_reset__first_available__cq2__ten4__res500__reset200__noepr__global__per_operation,reservation_reset,first_available,2,4,500,200,False,global,per_operation,64,48,False,False,False,False,0,0,0.0,0.0,0.0,0.0,0.0,0.0,0,0.0,0.5,0.08333333333333333,14219,0,13,0.08125,0.12905027932960894,0.2346368715083799,0.0,0.6092138866719873,0.972901037509976,0,0,0,0,0.0,0.6879218133197504,0.2504158524532728,12892.0,17162.0,1.3312131554452373,False,344.375,145.58333333333334
dnn_n16.qasm,dnn_n16,1,reservation_reset__first_available__cq2__ten4__res2000__reset0__noepr__global__per_operation,reservation_reset,first_available,2,4,2000,0,False,global,per_operation,64,48,False,False,False,False,0,0,0.0,0.0,0.0,0.0,0.0,0.0,0,0.0,0.5,0.0,12730,0,5,0.03125,0.13181291070738307,0.0,0.0,0.6361577116350986,0.7679706223424816,0,0,0,0,0.0,0.7410549043800123,0.2503959219754039,11833.0,13483.0,1.1394405476210598,False,538.125,219.85416666666666
dnn_n16.qasm,dnn_n16,1,reservation_reset__first_available__cq2__ten4__res2000__reset50__noepr__global__per_operation,reservation_reset,first_available,2,4,2000,50,False,global,per_operation,64,48,False,False,False,False,0,14,0.0,0.0,0.0,0.0,0.0,0.0,0,0.0,0.5,0.0,16168,0,19,0.11875,0.11907869481765834,0.05412667946257198,0.0,0.6591247600767755,0.8323301343570058,0,0,0,0,0.0,0.7898061337994597,0.2504487517615582,12234.0,17051.0,1.3937387608304725,True,489.6875,183.60416666666666
dnn_n16.qasm,dnn_n16,1,reservation_reset__first_available__cq2__ten4__res2000__reset200__noepr__global__per_operation,reservation_reset,first_available,2,4,2000,200,False,global,per_operation,64,48,False,False,False,False,0,48,0.0,0.0,0.0,0.0,0.0,0.0,0,0.0,0.5,0.0,15056,0,66,0.4125,0.07104087942287873,0.12916523531432497,0.0,0.526829268292683,0.7270353830298867,0,0,0,0,0.0,0.7057507987220447,0.2514598363961898,13775.0,7485.0,0.5433756805807622,True,559.5833333333334,214.44444444444446
dnn_n16.qasm,dnn_n16,2,reservation_reset__first_available__cq2__ten4__res0__reset0__noepr__global__per_operation,reservation_reset,first_available,2,4,0,0,False,global,per_operation,64,48,False,False,False,False,0,0,1.2083333333333333,42.145833333333336,40.9375,40.9375,555.0,1965.0,6,0.125,0.5625,0.10416666666666667,925,0,0,0.0,0.15384615384615385,0.0,0.0,0.15384615384615385,0.3076923076923077,0,0,0,0,0.0,0.7722007722007722,0.8499840606596413,8890.0,8985.0,1.0106861642294713,False,542.09375,222.19444444444446
dnn_n16.qasm,dnn_n16,2,reservation_reset__first_available__cq2__ten4__res0__reset50__noepr__global__per_operation,reservation_reset,first_available,2,4,0,50,False,global,per_operation,64,48,False,False,False,False,0,0,0.8125,118.25,117.4375,117.4375,1055.0,5637.0,14,0.2916666666666667,0.6458333333333334,0.08333333333333333,1682,0,0,0.0,0.1648634724368882,0.07493794201676736,0.0,0.23980141445365558,0.47960282890731115,0,0,0,0,0.0,0.7722007722007722,0.7425020349253273,9435.0,9450.0,1.0015898251192368,False,483.3854166666667,186.71527777777777
dnn_n16.qasm,dnn_n16,2,reservation_reset__first_available__cq2__ten4__res0__reset200__noepr__global__per_operation,reservation_reset,first_available,2,4,0,200,False,global,per_operation,64,48,False,False,False,False,0,0,21.479166666666668,3020.5833333333335,2999.1041666666665,2999.1041666666665,5648.0,143957.0,43,0.8958333333333334,0.9479166666666667,0.0625,11071,0,0,0.0,0.15163263547859052,0.27569570087016454,0.0,0.42732833634875506,0.8546566726975101,0,0,0,0,0.0,0.7722007722007722,0.9836990843570179,11972.0,14098.0,1.1775810223855663,False,335.1875,122.59027777777777
dnn_n16.qasm,dnn_n16,2,reservation_reset__first_available__cq2__ten4__res500__reset0__noepr__global__per_operation,reservation_reset,first_available,2,4,500,0,False,global,per_operation,64,48,False,False,False,False,0,0,0.0,0.0,0.0,0.0,0.0,0.0,0,0.0,0.5,0.7291666666666666,3018,0,0,0.0,0.1501834627527946,0.0,0.0,0.5168487072275791,0.6670321699803737,0,0,0,0,0.0,0.7722007722007722,0.2522838361180853,8890.0,10963.0,1.2331833520809898,False,541.1041666666666,222.125
dnn_n16.qasm,dnn_n16,2,reservation_reset__first_available__cq2__ten4__res500__reset50__noepr__global__per_operation,reservation_reset,first_available,2,4,500,50,False,global,per_operation,64,48,False,False,False,False,0,0,0.0,0.0,0.0,0.0,0.0,0.0,0,0.0,0.5,0.25,7950,0,0,0.0,0.1574028529267093,0.07154675133032241,0.0,0.5442561373697625,0.7732057416267942,0,0,0,0,0.0,0.7722007722007722,0.250739053830235,10945.0,14520.0,1.3266331658291457,False,510.8333333333333,196.0625
dnn_n16.qasm,dnn_n16,2,reservation_reset__first_available__cq2__ten4__res500__reset200__noepr__global__per_operation,reservation_reset,first_available,2,4,500,200,False,global,per_operation,64,48,False,False,False,False,0,5,0.0,0.0,0.0,0.0,0.0,0.0,0,0.0,0.5,0.0,18294,0,17,0.10625,0.12649778850020105,0.22999597909127462,0.0,0.6098793727382389,0.9663731403297146,0,0,0,0,0.0,0.7107257055470596,0.25030910431292563,10898.0,18338.0,1.6826940723068453,True,362.7083333333333,113.79861111111111
dnn_n16.qasm,dnn_n16,2,reservation_reset__first_available__cq2__ten4__res2000__reset0__noepr__global__per_operation,reservation_reset,first_available,2,4,2000,0,False,global,per_operation,64,48,False,False,False,False,0,0,0.0,0.0,0.0,0.0,0.0,0.0,0,0.0,0.5,0.0,7616,0,4,0.025,0.13569508144867942,0.0,0.0,0.6300529811798197,0.7657480626284991,0,0,0,0,0.0,0.7476038338658147,0.25058086580764144,17498.0,10344.0,0.5911532746599611,False,538.125,392.375
dnn_n16.qasm,dnn_n16,2,reservation_reset__first_available__cq2__ten4__res2000__reset50__noepr__global__per_operation,reservation_reset,first_available,2,4,2000,50,False,global,per_operation,64,48,False,False,False,False,0,48,0.0,0.0,0.0,0.0,0.0,0.0,0,0.0,0.5,0.0,15450,0,67,0.41875,0.07741203178206583,0.03518728717366629,0.0,0.520544835414302,0.633144154370034,0,0,0,0,0.0,0.696376811594203,0.25307597895891626,10715.0,6885.0,0.6425571628558097,True,703.3333333333334,273.4375
dnn_n16.qasm,dnn_n16,2,reservation_reset__first_available__cq2__ten4__res2000__reset200__noepr__global__per_operation,reservation_reset,first_available,2,4,2000,200,False,global,per_operation,64,48,False,False,False,False,0,48,0.0,0.0,0.0,0.0,0.0,0.0,0,0.0,0.5,0.0,16444,0,69,0.43125,0.07104329311568489,0.12916962384669978,0.0,0.5343151171043293,0.734528034066714,0,0,0,0,0.0,0.6763312642927148,0.25142427728607536,11184.0,7485.0,0.6692596566523605,True,559.5833333333334,156.0625
qft_n18.qasm,qft_n18,0,reservation_reset__first_available__cq2__ten4__res0__reset0__noepr__global__per_operation,reservation_reset,first_available,2,4,0,0,False,global,per_operation,64,48,False,False,False,False,0,0,0.0,5.833333333333333,5.833333333333333,5.833333333333333,110.0,280.0,5,0.10416666666666667,0.5520833333333334,0.020833333333333332,1486,0,0,0.0,0.14858345759143934,0.0,0.0,0.14858345759143934,0.2971669151828787,0,0,0,0,0.0,0.7947721179624665,0.5971832028107079,3745.0,3745.0,1.0,False,560.7395833333334,96.63636363636364
qft_n18.qasm,qft_n18,0,reservation_reset__first_available__cq2__ten4__res0__reset50__noepr__global__per_operation,reservation_reset,first_available,2,4,0,50,False,global,per_operation,64,48,False,False,False,False,0,0,0.0,11.458333333333334,11.458333333333334,11.458333333333334,140.0,550.0,8,0.16666666666666666,0.5833333333333334,0.75,4141,0,0,0.0,0.14869431643625192,0.06758832565284179,0.0,0.2162826420890937,0.4325652841781874,0,0,0,0,0.0,0.7947721179624665,0.47692883178610995,5240.0,5250.0,1.001908396946565,False,493.1458333333333,115.10606060606061
qft_n18.qasm,qft_n18,0,reservation_reset__first_available__cq2__ten4__res0__reset200__noepr__global__per_operation,reservation_reset,first_available,2,4,0,200,False,global,per_operation,64,48,False,False,False,False,0,0,23.520833333333332,637.4583333333334,613.9375,613.9375,2760.0,29469.0,35,0.7291666666666666,0.8645833333333333,0.125,12096,0,0,0.0,0.15196232339089483,0.27629513343799056,0.0,0.4282574568288854,0.8565149136577708,0,0,0,0,0.0,0.7947721179624665,0.6358917175306527,10660.0,10660.0,1.0,False,315.0729166666667,168.8939393939394
qft_n18.qasm,qft_n18,0,reservation_reset__first_available__cq2__ten4__res500__reset0__noepr__global__per_operation,reservation_reset,first_available,2,4,500,0,False,global,per_operation,64,48,False,False,False,False,0,0,0.0,0.0,0.0,0.0,0.0,0.0,0,0.0,0.5,0.125,3005,0,0,0.0,0.1540700318326512,0.0,0.0,0.4872987721691678,0.6413688040018191,0,0,0,0,0.0,0.7947721179624665,0.25235804270659734,3745.0,3860.0,1.0307076101468624,False,556.6354166666666,103.78787878787878
qft_n18.qasm,qft_n18,0,reservation_reset__first_available__cq2__ten4__res500__reset50__noepr__global__per_operation,reservation_reset,first_available,2,4,500,50,False,global,per_operation,64,48,False,False,False,False,0,0,0.0,0.0,0.0,0.0,0.0,0.0,0,0.0,0.5,0.3541666666666667,6742,0,0,0.0,0.14447145111082682,0.06566884141401219,0.0,0.5076926357084985,0.7178329282333376,0,0,0,0,0.0,0.7947721179624665,0.2513094657143516,5090.0,5560.0,1.0923379174852652,False,501.2604166666667,116.43939393939394
qft_n18.qasm,qft_n18,0,reservation_reset__first_available__cq2__ten4__res500__reset200__noepr__global__per_operation,reservation_reset,first_available,2,4,500,200,False,global,per_operation,64,48,False,False,False,False,0,0,0.0,0.0,0.0,0.0,0.0,0.0,0,0.0,0.5,0.020833333333333332,14594,0,10,0.06493506493506493,0.1355526079329083,0.24645928715074236,0.0,0.6191005947541826,1.0011124898378332,0,0,0,0,0.0,0.7258471016521982,0.2504050065583679,9781.0,11590.0,1.184950414068091,False,344.375,172.21212121212122
qft_n18.qasm,qft_n18,0,reservation_reset__first_available__cq2__ten4__res2000__reset0__noepr__global__per_operation,reservation_reset,first_available,2,4,2000,0,False,global,per_operation,64,48,False,False,False,False,0,0,0.0,0.0,0.0,0.0,0.0,0.0,0,0.0,0.5,0.5,3099,0,0,0.0,0.1332284703106567,0.0,0.0,0.5970192685804169,0.7302477388910735,0,0,0,0,0.0,0.7947721179624665,0.25162695815046443,3745.0,3860.0,1.0307076101468624,False,538.125,103.78787878787878
qft_n18.qasm,qft_n18,0,reservation_reset__first_available__cq2__ten4__res2000__reset50__noepr__global__per_operation,reservation_reset,first_available,2,4,2000,50,False,global,per_operation,64,48,False,False,False,False,0,26,0.0,0.0,0.0,0.0,0.0,0.0,0,0.0,0.5,0.0,11269,0,30,0.19480519480519481,0.10735930735930736,0.048799685163321525,0.0,0.6310940574576939,0.7872530499803227,0,0,0,0,0.0,0.8429824561403508,0.2507124806194243,5560.0,13329.0,2.3973021582733813,True,489.6875,78.4090909090909
qft_n18.qasm,qft_n18,0,reservation_reset__first_available__cq2__ten4__res2000__reset200__noepr__global__per_operation,reservation_reset,first_available,2,4,2000,200,False,global,per_operation,64,48,False,False,False,False,0,0,0.0,0.0,0.0,0.0,0.0,0.0,0,0.0,0.5,0.5,14786,0,13,0.08441558441558442,0.12070038910505837,0.21945525291828794,0.0,0.6513618677042802,0.9915175097276264,0,0,0,0,0.0,0.7063024015915873,0.2503420171541094,9740.0,10660.0,1.0944558521560575,False,344.375,182.34848484848484
qft_n18.qasm,qft_n18,1,reservation_reset__first_available__cq2__ten4__res0__reset0__noepr__global__per_operation,reservation_reset,first_available,2,4,0,0,False,global,per_operation,64,48,False,False,False,False,0,0,1.9583333333333333,3.4166666666666665,1.4583333333333333,1.4583333333333333,30.0,70.0,3,0.0625,0.53125,0.041666666666666664,1592,0,0,0.0,0.14807692307692308,0.0,0.0,0.14807692307692308,0.29615384615384616,0,0,0,0,0.0,0.7947721179624665,0.4778600981891701,3745.0,3745.0,1.0,False,545.25,91.02272727272727
qft_n18.qasm,qft_n18,1,reservation_reset__first_available__cq2__ten4__res0__reset50__noepr__global__per_operation,reservation_reset,first_available,2,4,0,50,False,global,per_operation,64,48,False,False,False,False,0,0,0.16666666666666666,16.0,15.833333333333334,15.833333333333334,230.0,760.0,7,0.14583333333333334,0.5729166666666666,0.041666666666666664,4468,0,0,0.0,0.15043068999200782,0.06837758636000356,0.0,0.21880827635201136,0.4376165527040227,0,0,0,0,0.0,0.7947721179624665,0.5386014827800345,5250.0,5250.0,1.0,False,492.09375,105.0
qft_n18.qasm,qft_n18,1,reservation_reset__first_available__cq2__ten4__res0__reset200__noepr__global__per_operation,reservation_reset,first_available,2,4,0,200,False,global,per_operation,64,48,False,False,False,False,0,0,26.791666666666668,239.375,212.58333333333334,212.58333333333334,1200.0,10204.0,27,0.5625,0.78125,0.16666666666666666,9698,0,0,0.0,0.14980544747081712,0.2723735408560311,0.0,0.42217898832684825,0.8443579766536965,0,0,0,0,0.0,0.7947721179624665,0.6031692214278979,10360.0,10490.0,1.0125482625482625,False,314.25,176.63636363636363
qft_n18.qasm,qft_n18,1,reservation_reset__first_available__cq2__ten4__res500__reset0__noepr__global__per_operation,reservation_reset,first_available,2,4,500,0,False,global,per_operation,64,48,False,False,False,False,0,0,0.0,0.0,0.0,0.0,0.0,0.0,0,0.0,0.5,0.8333333333333334,3043,0,0,0.0,0.14675560946027896,0.0,0.0,0.46656848306332843,0.6133240925236074,0,0,0,0,0.0,0.7947721179624665,0.2526456073086839,3745.0,3860.0,1.0307076101468624,False,556.8958333333334,103.78787878787878
qft_n18.qasm,qft_n18,1,reservation_reset__first_available__cq2__ten4__res500__reset50__noepr__global__per_operation,reservation_reset,first_available,2,4,500,50,False,global,per_operation,64,48,False,False,False,False,0,0,0.0,0.0,0.0,0.0,0.0,0.0,0,0.0,0.5,0.0625,7484,0,0,0.0,0.1443360456694926,0.065607293486133,0.0,0.4973714480466919,0.7073147872023176,0,0,0,0,0.0,0.7947721179624665,0.25097989411522814,5090.0,5560.0,1.0923379174852652,False,500.8854166666667,116.43939393939394
qft_n18.qasm,qft_n18,1,reservation_reset__first_available__cq2__ten4__res500__reset200__noepr__global__per_operation,reservation_reset,first_available,2,4,500,200,False,global,per_operation,64,48,False,False,False,False,0,0,0.0,0.0,0.0,0.0,0.0,0.0,0,0.0,0.5,0.625,13776,0,3,0.01948051948051948,0.13767094902610857,0.25031081641110653,0.0,0.6181309573145463,1.0061127227517612,0,0,0,0,0.0,0.776072157930565,0.2503750429154909,9740.0,10660.0,1.0944558521560575,False,344.375,182.34848484848484
qft_n18.qasm,qft_n18,1,reservation_reset__first_available__cq2__ten4__res2000__reset0__noepr__global__per_operation,reservation_reset,first_available,2,4,2000,0,False,global,per_operation,64,48,False,False,False,False,0,0,0.0,0.0,0.0,0.0,0.0,0.0,0,0.0,0.5,0.0,4698,0,2,0.012987012987012988,0.13274582192052717,0.0,0.0,0.5845222500099242,0.7172680719304514,0,0,0,0,0.0,0.7822318526543879,0.2513818446609067,3745.0,3860.0,1.0307076101468624,False,538.125,103.78787878787878
qft_n18.qasm,qft_n18,1,reservation_reset__first_available__cq2__ten4__res2000__reset50__noepr__global__per_operation,reservation_reset,first_available,2,4,2000,50,False,global,per_operation,64,48,False,False,False,False,0,0,0.0,0.0,0.0,0.0,0.0,0.0,0,0.0,0.5,0.5,8016,0,3,0.01948051948051948,0.13156435643564357,0.0598019801980198,0.0,0.6042574257425742,0.7956237623762377,0,0,0,0,0.0,0.77564974826507,0.2507353799248089,5090.0,5560.0,1.0923379174852652,False,489.6875,116.43939393939394
qft_n18.qasm,qft_n18,1,reservation_reset__first_available__cq2__ten4__res2000__reset200__noepr__global__per_operation,reservation_reset,first_available,2,4,2000,200,False,global,per_operation,64,48,False,False,False,False,0,0,0.0,0.0,0.0,0.0,0.0,0.0,0,0.0,0.5,0.5,14072,0,14,0.09090909090909091,0.11051309651955507,0.2009329027628274,0.0,0.6318119842124148,0.9432579834947973,0,0,0,0,0.0,0.6984036488027366,0.2503809946781057,9740.0,10660.0,1.0944558521560575,False,344.375,182.34848484848484
qft_n18.qasm,qft_n18,2,reservation_reset__first_available__cq2__ten4__res0__reset0__noepr__global__per_operation,reservation_reset,first_available,2,4,0,0,False,global,per_operation,64,48,False,False,False,False,0,0,1.25,2.0833333333333335,0.8333333333333334,0.8333333333333334,30.0,40.0,2,0.041666666666666664,0.5208333333333334,0.375,1708,0,0,0.0,0.16198125836680052,0.0,0.0,0.16198125836680052,0.32396251673360105,0,0,0,0,0.0,0.7947721179624665,0.5228695900402037,3845.0,3845.0,1.0,False,543.0729166666666,86.20454545454545
qft_n18.qasm,qft_n18,2,reservation_reset__first_available__cq2__ten4__res0__reset50__noepr__global__per_operation,reservation_reset,first_available,2,4,0,50,False,global,per_operation,64,48,False,False,False,False,0,0,2.5833333333333335,10.8125,8.229166666666666,8.229166666666666,118.0,395.0,5,0.10416666666666667,0.5520833333333334,0.14583333333333334,4631,0,0,0.0,0.14675560946027896,0.0667070952092177,0.0,0.21346270466949666,0.4269254093389933,0,0,0,0,0.0,0.7947721179624665,0.44606574600789056,5240.0,5250.0,1.001908396946565,False,498.6666666666667,112.76515151515152
qft_n18.qasm,qft_n18,2,reservation_reset__first_available__cq2__ten4__res0__reset200__noepr__global__per_operation,reservation_reset,first_available,2,4,0,200,False,global,per_operation,64,48,False,False,False,False,0,0,32.75,899.1666666666666,866.4166666666666,866.4166666666666,2650.0,41588.0,36,0.75,0.875,0.1875,12801,0,0,0.0,0.14631197097944376,0.2660217654171705,0.0,0.41233373639661425,0.8246674727932285,0,0,0,0,0.0,0.7947721179624665,0.7535215777656872,10670.0,10660.0,0.9990627928772259,False,320.5833333333333,166.77272727272728
qft_n18.qasm,qft_n18,2,reservation_reset__first_available__cq2__ten4__res500__reset0__noepr__global__per_operation,reservation_reset,first_available,2,4,500,0,False,global,per_operation,64,48,False,False,False,False,0,0,0.0,0.0,0.0,0.0,0.0,0.0,0,0.0,0.5,0.9375,3237,0,0,0.0,0.14965986394557823,0.0,0.0,0.4720470006184292,0.6217068645640074,0,0,0,0,0.0,0.7947721179624665,0.25209421914292657,3745.0,3860.0,1.0307076101468624,False,558.2291666666666,103.78787878787878
qft_n18.qasm,qft_n18,2,reservation_reset__first_available__cq2__ten4__res500__reset50__noepr__global__per_operation,reservation_reset,first_available,2,4,500,50,False,global,per_operation,64,48,False,False,False,False,0,0,0.0,0.0,0.0,0.0,0.0,0.0,0,0.0,0.5,0.6666666666666666,7234,0,0,0.0,0.14841422814087962,0.06746101279130892,0.0,0.5129840546697039,0.7288592956018924,0,0,0,0,0.0,0.7947721179624665,0.25098797944347173,5090.0,5560.0,1.0923379174852652,False,512.15625,116.43939393939394
qft_n18.qasm,qft_n18,2,reservation_reset__first_available__cq2__ten4__res500__reset200__noepr__global__per_operation,reservation_reset,first_available,2,4,500,200,False,global,per_operation,64,48,False,False,False,False,0,0,0.0,0.0,0.0,0.0,0.0,0.0,0,0.0,0.5,0.3541666666666667,14128,0,3,0.01948051948051948,0.13670219332537756,0.2485494424097774,0.0,0.615007612855438,1.000259248590593,0,0,0,0,0.0,0.776072157930565,0.2503643543623084,9740.0,10660.0,1.0944558521560575,False,344.375,182.34848484848484
qft_n18.qasm,qft_n18,2,reservation_reset__first_available__cq2__ten4__res2000__reset0__noepr__global__per_operation,reservation_reset,first_available,2,4,2000,0,False,global,per_operation,64,48,False,False,False,False,0,0,0.0,0.0,0.0,0.0,0.0,0.0,0,0.0,0.5,0.0,4758,0,7,0.045454545454545456,0.12828242760809203,0.0,0.0,0.5786156287187624,0.7068980563268544,0,0,0,0,0.0,0.7473025314704662,0.25141490706071146,3745.0,3860.0,1.0307076101468624,False,538.125,103.78787878787878
qft_n18.qasm,qft_n18,2,reservation_reset__first_available__cq2__ten4__res2000__reset50__noepr__global__per_operation,reservation_reset,first_available,2,4,2000,50,False,global,per_operation,64,48,False,False,False,False,0,0,0.0,0.0,0.0,0.0,0.0,0.0,0,0.0,0.5,0.5,8091,0,1,0.006493506493506494,0.12842426554750094,0.05837466615795498,0.0,0.5943189622281572,0.7811178939336131,0,0,0,0,0.0,0.7886066567847999,0.2507421515680574,5090.0,5560.0,1.0923379174852652,False,489.6875,116.43939393939394
qft_n18.qasm,qft_n18,2,reservation_reset__first_available__cq2__ten4__res2000__reset200__noepr__global__per_operation,reservation_reset,first_available,2,4,2000,200,False,global,per_operation,64,48,False,False,False,False,0,0,0.0,0.0,0.0,0.0,0.0,0.0,0,0.0,0.5,0.0,14239,0,19,0.12337662337662338,0.11556420233463036,0.21011673151750973,0.0,0.6314280155642024,0.9571089494163424,0,0,0,0,0.0,0.6564255870911972,0.2504646104204184,9740.0,10660.0,1.0944558521560575,False,344.375,182.34848484848484
sat_n11.qasm,sat_n11,0,reservation_reset__first_available__cq2__ten4__res0__reset0__noepr__global__per_operation,reservation_reset,first_available,2,4,0,0,False,global,per_operation,64,48,False,False,False,False,0,0,0.8958333333333334,5.6875,4.791666666666667,4.791666666666667,100.0,230.0,3,0.0625,0.53125,0.08333333333333333,1595,0,0,0.0,0.1222550864927848,0.0,0.0,0.1222550864927848,0.2445101729855696,0,0,0,0,0.0,0.8736363636363637,0.47795618789607225,2030.0,2040.0,1.0049261083743843,False,575.125,119.66666666666667
sat_n11.qasm,sat_n11,0,reservation_reset__first_available__cq2__ten4__res0__reset50__noepr__global__per_operation,reservation_reset,first_available,2,4,0,50,False,global,per_operation,64,48,False,False,False,False,0,0,3.8541666666666665,14.625,10.770833333333334,10.770833333333334,275.0,517.0,4,0.08333333333333333,0.5416666666666666,0.10416666666666667,2897,0,0,0.0,0.11947619673279902,0.054307362151272284,0.0,0.1737835588840713,0.3475671177681426,0,0,0,0,0.0,0.8736363636363637,0.2839650659843457,3035.0,3035.0,1.0,False,513.9375,159.97222222222223
sat_n11.qasm,sat_n11,0,reservation_reset__first_available__cq2__ten4__res0__reset200__noepr__global__per_operation,reservation_reset,first_available,2,4,0,200,False,global,per_operation,64,48,False,False,False,False,0,0,40.229166666666664,165.125,124.89583333333333,124.89583333333333,629.0,5995.0,16,0.3333333333333333,0.6666666666666666,0.125,4198,0,0,0.0,0.12827385150702966,0.23322518455823577,0.0,0.36149903606526546,0.7229980721305309,0,0,0,0,0.0,0.8736363636363637,0.6442813732551455,5430.0,5440.0,1.0018416206261511,False,360.1770833333333,188.06944444444446
sat_n11.qasm,sat_n11,0,reservation_reset__first_available__cq2__ten4__res500__reset0__noepr__global__per_operation,reservation_reset,first_available,2,4,500,0,False,global,per_operation,64,48,False,False,False,False,0,0,0.0,0.0,0.0,0.0,0.0,0.0,0,0.0,0.5,0.9375,1916,0,0,0.0,0.11686086360520904,0.0,0.0,0.44560915010281016,0.5624700137080192,0,0,0,0,0.0,0.8736363636363637,0.25421219547898394,2030.0,2030.0,1.0,False,564.90625,137.77777777777777
sat_n11.qasm,sat_n11,0,reservation_reset__first_available__cq2__ten4__res500__reset50__noepr__global__per_operation,reservation_reset,first_available,2,4,500,50,False,global,per_operation,64,48,False,False,False,False,0,0,0.0,0.0,0.0,0.0,0.0,0.0,0,0.0,0.5,0.8125,3365,0,0,0.0,0.11648163962425277,0.05294619982920581,0.0,0.46372331340734413,0.6331511528608027,0,0,0,0,0.0,0.8736363636363637,0.25214868768174803,2880.0,2880.0,1.0,False,521.5208333333334,160.69444444444446
sat_n11.qasm,sat_n11,0,reservation_reset__first_available__cq2__ten4__res500__reset200__noepr__global__per_operation,reservation_reset,first_available,2,4,500,200,False,global,per_operation,64,48,False,False,False,False,0,0,0.0,0.0,0.0,0.0,0.0,0.0,0,0.0,0.5,0.20833333333333334,5670,0,0,0.0,0.11548067561275029,0.20996486475045506,0.0,0.5712652922998772,0.8967108326630826,0,0,0,0,0.0,0.8736363636363637,0.2506344690553872,5430.0,6665.0,1.2274401473296501,False,344.375,206.94444444444446
sat_n11.qasm,sat_n11,0,reservation_reset__first_available__cq2__ten4__res2000__reset0__noepr__global__per_operation,reservation_reset,first_available,2,4,2000,0,False,global,per_operation,64,48,False,False,False,False,0,0,0.0,0.0,0.0,0.0,0.0,0.0,0,0.0,0.5,0.5,2982,0,6,0.04838709677419355,0.10297500991669972,0.0,0.0,0.586390321301071,0.6893653312177708,0,0,0,0,0.0,0.8295996186844614,0.25179603590823885,2030.0,2030.0,1.0,False,538.125,137.77777777777777
sat_n11.qasm,sat_n11,0,reservation_reset__first_available__cq2__ten4__res2000__reset50__noepr__global__per_operation,reservation_reset,first_available,2,4,2000,50,False,global,per_operation,64,48,False,False,False,False,0,0,0.0,0.0,0.0,0.0,0.0,0.0,0,0.0,0.5,0.0,5773,0,3,0.024193548387096774,0.10542574257425742,0.04792079207920792,0.0,0.5712871287128712,0.7246336633663366,0,0,0,0,0.0,0.8534040568897179,0.25074617591366277,2880.0,2880.0,1.0,False,489.6875,160.69444444444446
sat_n11.qasm,sat_n11,0,reservation_reset__first_available__cq2__ten4__res2000__reset200__noepr__global__per_operation,reservation_reset,first_available,2,4,2000,200,False,global,per_operation,64,48,False,False,False,False,0,0,0.0,0.0,0.0,0.0,0.0,0.0,0,0.0,0.5,0.5,6296,0,9,0.07258064516129033,0.08848319518763334,0.16087853670478788,0.0,0.5588220893225615,0.8081838212149827,0,0,0,0,0.0,0.8022931327347731,0.2504989995759782,5430.0,5430.0,1.0,False,344.375,229.44444444444446
sat_n11.qasm,sat_n11,1,reservation_reset__first_available__cq2__ten4__res0__reset0__noepr__global__per_operation,reservation_reset,first_available,2,4,0,0,False,global,per_operation,64,48,False,False,False,False,0,0,0.0,3.5416666666666665,3.5416666666666665,3.5416666666666665,95.0,170.0,2,0.041666666666666664,0.5208333333333334,0.0625,1623,0,0,0.0,0.11939775910364146,0.0,0.0,0.11939775910364146,0.23879551820728293,0,0,0,0,0.0,0.8736363636363637,0.6581244942367992,2030.0,2030.0,1.0,False,555.0416666666666,120.66666666666667
sat_n11.qasm,sat_n11,1,reservation_reset__first_available__cq2__ten4__res0__reset50__noepr__global__per_operation,reservation_reset,first_available,2,4,0,50,False,global,per_operation,64,48,False,False,False,False,0,0,0.3541666666666667,7.229166666666667,6.875,6.875,155.0,330.0,3,0.0625,0.53125,0.020833333333333332,2826,0,0,0.0,0.11880498214441251,0.05400226461109659,0.0,0.1728072467555091,0.3456144935110182,0,0,0,0,0.0,0.8736363636363637,0.5083234637375701,2880.0,2880.0,1.0,False,525.625,160.69444444444446
sat_n11.qasm,sat_n11,1,reservation_reset__first_available__cq2__ten4__res0__reset200__noepr__global__per_operation,reservation_reset,first_available,2,4,0,200,False,global,per_operation,64,48,False,False,False,False,0,0,17.0,152.29166666666666,135.29166666666666,135.29166666666666,1078.0,6494.0,16,0.3333333333333333,0.6666666666666666,0.125,4282,0,0,0.0,0.11819757365684576,0.21490467937608318,0.0,0.33310225303292895,0.6662045060658579,0,0,0,0,0.0,0.8736363636363637,0.5868806087139569,5735.0,5735.0,1.0,False,357.5208333333333,195.38888888888889
sat_n11.qasm,sat_n11,1,reservation_reset__first_available__cq2__ten4__res500__reset0__noepr__global__per_operation,reservation_reset,first_available,2,4,500,0,False,global,per_operation,64,48,False,False,False,False,0,0,0.0,0.0,0.0,0.0,0.0,0.0,0,0.0,0.5,0.0,2192,0,0,0.0,0.11719219864249505,0.0,0.0,0.4416831342898874,0.5588753329323826,0,0,0,0,0.0,0.8736363636363637,0.2530277659914655,2030.0,2030.0,1.0,False,562.78125,137.77777777777777
sat_n11.qasm,sat_n11,1,reservation_reset__first_available__cq2__ten4__res500__reset50__noepr__global__per_operation,reservation_reset,first_available,2,4,500,50,False,global,per_operation,64,48,False,False,False,False,0,0,0.0,0.0,0.0,0.0,0.0,0.0,0,0.0,0.5,0.10416666666666667,3880,0,0,0.0,0.11830521705191031,0.05377509865995923,0.0,0.4790754152391691,0.6511557309510386,0,0,0,0,0.0,0.8736363636363637,0.2518123922135797,3195.0,3200.0,1.001564945226917,False,521.9166666666666,154.16666666666666
sat_n11.qasm,sat_n11,1,reservation_reset__first_available__cq2__ten4__res500__reset200__noepr__global__per_operation,reservation_reset,first_available,2,4,500,200,False,global,per_operation,64,48,False,False,False,False,0,0,0.0,0.0,0.0,0.0,0.0,0.0,0,0.0,0.5,0.020833333333333332,5997,0,0,0.0,0.11570598464605336,0.21037451753827882,0.0,0.5756924120965348,0.9017729142808669,0,0,0,0,0.0,0.8736363636363637,0.2505948584161454,5430.0,7910.0,1.4567219152854511,False,344.375,179.5
sat_n11.qasm,sat_n11,1,reservation_reset__first_available__cq2__ten4__res2000__reset0__noepr__global__per_operation,reservation_reset,first_available,2,4,2000,0,False,global,per_operation,64,48,False,False,False,False,0,0,0.0,0.0,0.0,0.0,0.0,0.0,0,0.0,0.5,0.0,3649,0,5,0.04032258064516129,0.10421974522292994,0.0,0.0,0.5681687898089172,0.6723885350318471,0,0,0,0,0.0,0.8379289940828403,0.25102680530528554,2030.0,2030.0,1.0,False,538.125,137.77777777777777
sat_n11.qasm,sat_n11,1,reservation_reset__first_available__cq2__ten4__res2000__reset50__noepr__global__per_operation,reservation_reset,first_available,2,4,2000,50,False,global,per_operation,64,48,False,False,False,False,0,0,0.0,0.0,0.0,0.0,0.0,0.0,0,0.0,0.5,0.0,5326,0,0,0.0,0.10735930735930736,0.048799685163321525,0.0,0.5871192443919717,0.7432782369146006,0,0,0,0,0.0,0.8736363636363637,0.2506211850128533,4155.0,5017.0,1.2074608904933815,False,489.6875,175.58333333333334
sat_n11.qasm,sat_n11,1,reservation_reset__first_available__cq2__ten4__res2000__reset200__noepr__global__per_operation,reservation_reset,first_available,2,4,2000,200,False,global,per_operation,64,48,False,False,False,False,0,16,0.0,0.0,0.0,0.0,0.0,0.0,0,0.0,0.5,0.0,7455,0,21,0.1693548387096774,0.0808996786861835,0.14709032488397,0.0,0.5720528382720457,0.8000428418421992,0,0,0,0,0.0,0.7967107239411234,0.2507889708452965,5430.0,2960.0,0.5451197053406999,True,344.375,145.97222222222223
sat_n11.qasm,sat_n11,2,reservation_reset__first_available__cq2__ten4__res0__reset0__noepr__global__per_operation,reservation_reset,first_available,2,4,0,0,False,global,per_operation,64,48,False,False,False,False,0,0,0.0,1.7708333333333333,1.7708333333333333,1.7708333333333333,75.0,85.0,2,0.041666666666666664,0.5208333333333334,0.08333333333333333,1792,0,0,0.0,0.12237574017584783,0.0,0.0,0.12237574017584783,0.24475148035169567,0,0,0,0,0.0,0.8736363636363637,0.5090853437069076,2135.0,2135.0,1.0,False,566.1041666666666,139.09722222222223
sat_n11.qasm,sat_n11,2,reservation_reset__first_available__cq2__ten4__res0__reset50__noepr__global__per_operation,reservation_reset,first_available,2,4,0,50,False,global,per_operation,64,48,False,False,False,False,0,0,6.354166666666667,8.9375,2.5833333333333335,2.5833333333333335,68.0,124.0,3,0.0625,0.53125,0.041666666666666664,2875,0,0,0.0,0.11883603415229134,0.054016379160132424,0.0,0.17285241331242376,0.3457048266248475,0,0,0,0,0.0,0.8736363636363637,0.4650160256731948,3035.0,3040.0,1.00164744645799,False,519.75,130.56944444444446
sat_n11.qasm,sat_n11,2,reservation_reset__first_available__cq2__ten4__res0__reset200__noepr__global__per_operation,reservation_reset,first_available,2,4,0,200,False,global,per_operation,64,48,False,False,False,False,0,0,26.208333333333332,193.22916666666666,167.02083333333334,167.02083333333334,1330.0,8017.0,17,0.3541666666666667,0.6770833333333334,0.16666666666666666,4778,0,0,0.0,0.11840277777777777,0.2152777777777778,0.0,0.33368055555555554,0.6673611111111111,0,0,0,0,0.0,0.8736363636363637,0.6025515511480961,5430.0,5690.0,1.0478821362799264,False,352.8333333333333,182.98611111111111
sat_n11.qasm,sat_n11,2,reservation_reset__first_available__cq2__ten4__res500__reset0__noepr__global__per_operation,reservation_reset,first_available,2,4,500,0,False,global,per_operation,64,48,False,False,False,False,0,0,0.0,0.0,0.0,0.0,0.0,0.0,0,0.0,0.5,0.8958333333333334,2200,0,0,0.0,0.11586816173972138,0.0,0.0,0.43391097519537886,0.5497791369351003,0,0,0,0,0.0,0.8736363636363637,0.25302144502018936,2030.0,2030.0,1.0,False,593.8125,137.77777777777777
sat_n11.qasm,sat_n11,2,reservation_reset__first_available__cq2__ten4__res500__reset50__noepr__global__per_operation,reservation_reset,first_available,2,4,500,50,False,global,per_operation,64,48,False,False,False,False,0,0,0.0,0.0,0.0,0.0,0.0,0.0,0,0.0,0.5,0.08333333333333333,2804,0,0,0.0,0.12033524481693869,0.054697838553153945,0.0,0.4751698279664755,0.6502029113365682,0,0,0,0,0.0,0.8736363636363637,0.2535698087150961,2880.0,2880.0,1.0,False,497.25,160.69444444444446
sat_n11.qasm,sat_n11,2,reservation_reset__first_available__cq2__ten4__res500__reset200__noepr__global__per_operation,reservation_reset,first_available,2,4,500,200,False,global,per_operation,64,48,False,False,False,False,0,0,0.0,0.0,0.0,0.0,0.0,0.0,0,0.0,0.5,0.041666666666666664,5925,0,0,0.0,0.11762169620144008,0.2138576294571638,0.0,0.5736385978528005,0.9051179235114043,0,0,0,0,0.0,0.8736363636363637,0.2507073708430229,5430.0,10432.0,1.9211786372007367,False,344.375,181.11111111111111
sat_n11.qasm,sat_n11,2,reservation_reset__first_available__cq2__ten4__res2000__reset0__noepr__global__per_operation,reservation_reset,first_available,2,4,2000,0,False,global,per_operation,64,48,False,False,False,False,0,0,0.0,0.0,0.0,0.0,0.0,0.0,0,0.0,0.5,0.5,2781,0,0,0.0,0.10635477582846004,0.0,0.0,0.5763235867446393,0.6826783625730994,0,0,0,0,0.0,0.8736363636363637,0.2515376800689627,2030.0,2030.0,1.0,False,538.125,137.77777777777777
sat_n11.qasm,sat_n11,2,reservation_reset__first_available__cq2__ten4__res2000__reset50__noepr__global__per_operation,reservation_reset,first_available,2,4,2000,50,False,global,per_operation,64,48,False,False,False,False,0,0,0.0,0.0,0.0,0.0,0.0,0.0,0,0.0,0.5,0.5,4811,0,4,0.03225806451612903,0.1018832973139858,0.04631058968817536,0.0,0.5687828033343625,0.7169766903365237,0,0,0,0,0.0,0.8458646616541353,0.2508127464316527,2880.0,2880.0,1.0,False,489.6875,160.69444444444446
sat_n11.qasm,sat_n11,2,reservation_reset__first_available__cq2__ten4__res2000__reset200__noepr__global__per_operation,reservation_reset,first_available,2,4,2000,200,False,global,per_operation,64,48,False,False,False,False,0,0,0.0,0.0,0.0,0.0,0.0,0.0,0,0.0,0.5,0.0,6371,0,2,0.016129032258064516,0.09774572999745075,0.17771950908627407,0.0,0.5913325321388252,0.86679777122255,0,0,0,0,0.0,0.86054579093432,0.250426878240989,5430.0,5430.0,1.0,False,344.375,207.11111111111111
square_root_n18.qasm,square_root_n18,0,reservation_reset__first_available__cq2__ten4__res0__reset0__noepr__global__per_operation,reservation_reset,first_available,2,4,0,0,False,global,per_operation,64,48,False,False,False,False,0,0,0.8541666666666666,8.5625,7.708333333333333,7.708333333333333,140.0,370.0,7,0.14583333333333334,0.5729166666666666,0.08333333333333333,11108,0,0,0.0,0.2006079027355623,0.0,0.0,0.2006079027355623,0.4012158054711246,0,0,0,0,0.0,0.6282608695652174,0.49018980591920047,5865.0,5865.0,1.0,False,527.375,61.48275862068966
square_root_n18.qasm,square_root_n18,0,reservation_reset__first_available__cq2__ten4__res0__reset50__noepr__global__per_operation,reservation_reset,first_available,2,4,0,50,False,global,per_operation,64,48,False,False,False,False,0,0,1.4375,128.97916666666666,127.54166666666667,127.54166666666667,840.0,6122.0,18,0.375,0.6875,0.75,23770,0,0,0.0,0.19548741179545256,0.08885791445247844,0.0,0.284345326247931,0.568690652495862,0,0,0,0,0.0,0.6282608695652174,0.552954309491344,8630.0,8630.0,1.0,False,460.3854166666667,68.77586206896552
square_root_n18.qasm,square_root_n18,0,reservation_reset__first_available__cq2__ten4__res0__reset200__noepr__global__per_operation,reservation_reset,first_available,2,4,0,200,False,global,per_operation,64,48,False,False,False,False,0,27,15.458333333333334,2539.1666666666665,2523.7083333333335,2523.7083333333335,3950.0,121138.0,47,0.9791666666666666,0.9895833333333333,0.25,35424,0,29,0.14215686274509803,0.17279296261388627,0.3141690229343387,0.0,0.48696198554822495,0.9739239710964499,0,0,0,0,0.0,0.6992647730386337,0.9068202481561167,12240.0,12240.0,1.0,True,297.0833333333333,106.25280898876404
square_root_n18.qasm,square_root_n18,0,reservation_reset__first_available__cq2__ten4__res500__reset0__noepr__global__per_operation,reservation_reset,first_available,2,4,500,0,False,global,per_operation,64,48,False,False,False,False,0,0,0.0,0.0,0.0,0.0,0.0,0.0,0,0.0,0.5,0.10416666666666667,16368,0,0,0.0,0.19928952042628775,0.0,0.0,0.5169271758436945,0.7162166962699822,0,0,0,0,0.0,0.6282608695652174,0.25070470872005496,5870.0,7190.0,1.2248722316865417,False,554.2291666666666,58.97844827586207
square_root_n18.qasm,square_root_n18,0,reservation_reset__first_available__cq2__ten4__res500__reset50__noepr__global__per_operation,reservation_reset,first_available,2,4,500,50,False,global,per_operation,64,48,False,False,False,False,0,0,0.0,0.0,0.0,0.0,0.0,0.0,0,0.0,0.5,0.4166666666666667,28436,0,2,0.00980392156862745,0.19451982841635299,0.08841810382561499,0.0,0.5814103125273571,0.864348244769325,0,0,0,0,0.0,0.618842513952924,0.250586794174833,8310.0,10390.0,1.2503008423586042,False,489.6875,79.95689655172414
square_root_n18.qasm,square_root_n18,0,reservation_reset__first_available__cq2__ten4__res500__reset200__noepr__global__per_operation,reservation_reset,first_available,2,4,500,200,False,global,per_operation,64,48,False,False,False,False,0,36,0.0,0.0,0.0,0.0,0.0,0.0,0,0.0,0.5,0.2916666666666667,36684,0,44,0.21568627450980393,0.14564713670969878,0.264812975835816,0.0,0.644211353856339,1.0546714664018537,0,0,0,0,0.0,0.6938421509106678,0.2503470463127111,12240.0,12240.0,1.0,True,344.375,96.11413043478261
square_root_n18.qasm,square_root_n18,0,reservation_reset__first_available__cq2__ten4__res2000__reset0__noepr__global__per_operation,reservation_reset,first_available,2,4,2000,0,False,global,per_operation,64,48,False,False,False,False,0,0,0.0,0.0,0.0,0.0,0.0,0.0,0,0.0,0.5,0.5,16855,0,8,0.0392156862745098,0.16956350766810854,0.0,0.0,0.6032717263075108,0.7728352339756194,0,0,0,0,0.0,0.5890578999018645,0.2505900467027138,5760.0,7190.0,1.2482638888888888,False,538.125,63.36206896551724
square_root_n18.qasm,square_root_n18,0,reservation_reset__first_available__cq2__ten4__res2000__reset50__noepr__global__per_operation,reservation_reset,first_available,2,4,2000,50,False,global,per_operation,64,48,False,False,False,False,0,0,0.0,0.0,0.0,0.0,0.0,0.0,0,0.0,0.5,0.0,28279,0,13,0.06372549019607843,0.15153263613415074,0.06887847097006852,0.0,0.6020158672917418,0.822426974395961,0,0,0,0,0.0,0.5651763029063642,0.2504555467777545,8730.0,10390.0,1.1901489117983963,False,489.6875,75.73275862068965
square_root_n18.qasm,square_root_n18,0,reservation_reset__first_available__cq2__ten4__res2000__reset200__noepr__global__per_operation,reservation_reset,first_available,2,4,2000,200,False,global,per_operation,64,48,False,False,False,False,0,65,0.0,0.0,0.0,0.0,0.0,0.0,0,0.0,0.5,0.3333333333333333,30578,0,76,0.37254901960784315,0.09571719918422841,0.17403127124405166,0.0,0.579762066621346,0.8495105370496261,0,0,0,0,0.0,0.769057453999249,0.250411116747991,12240.0,7895.0,0.6450163398692811,True,499.7708333333333,108.45454545454545
square_root_n18.qasm,square_root_n18,1,reservation_reset__first_available__cq2__ten4__res0__reset0__noepr__global__per_operation,reservation_reset,first_available,2,4,0,0,False,global,per_operation,64,48,False,False,False,False,0,0,0.0,19.375,19.375,19.375,215.0,930.0,7,0.14583333333333334,0.5729166666666666,0.875,10570,0,0,0.0,0.19758739103636525,0.0,0.0,0.19758739103636525,0.3951747820727305,0,0,0,0,0.0,0.6282608695652174,0.5165804755748731,5870.0,5870.0,1.0,False,546.8958333333334,52.935344827586206
square_root_n18.qasm,square_root_n18,1,reservation_reset__first_available__cq2__ten4__res0__reset50__noepr__global__per_operation,reservation_reset,first_available,2,4,0,50,False,global,per_operation,64,48,False,False,False,False,0,0,1.8541666666666667,115.5,113.64583333333333,113.64583333333333,1075.0,5455.0,15,0.3125,0.65625,0.8333333333333334,18802,0,0,0.0,0.20337139749864055,0.09244154431756389,0.0,0.29581294181620443,0.5916258836324089,0,0,0,0,0.0,0.6282608695652174,0.5737627316894014,8465.0,8465.0,1.0,False,473.1875,67.67672413793103
square_root_n18.qasm,square_root_n18,1,reservation_reset__first_available__cq2__ten4__res0__reset200__noepr__global__per_operation,reservation_reset,first_available,2,4,0,200,False,global,per_operation,64,48,False,False,False,False,0,25,42.625,2603.3333333333335,2560.7083333333335,2560.7083333333335,4400.0,122914.0,47,0.9791666666666666,0.9895833333333333,0.22916666666666666,34339,0,25,0.12254901960784313,0.1714260839282605,0.3116837889604736,0.0,0.48310987288873414,0.9662197457774683,0,0,0,0,0.0,0.7035792709705753,0.912378319761764,12240.0,12240.0,1.0,True,306.7708333333333,101.01648351648352
square_root_n18.qasm,square_root_n18,1,reservation_reset__first_available__cq2__ten4__res500__reset0__noepr__global__per_operation,reservation_reset,first_available,2,4,500,0,False,global,per_operation,64,48,False,False,False,False,0,0,0.0,0.0,0.0,0.0,0.0,0.0,0,0.0,0.5,0.25,16149,0,0,0.0,0.19839971707705228,0.0,0.0,0.5212590071172803,0.7196587241943327,0,0,0,0,0.0,0.6282608695652174,0.2507791629981109,5760.0,7190.0,1.2482638888888888,False,551.125,63.36206896551724
square_root_n18.qasm,square_root_n18,1,reservation_reset__first_available__cq2__ten4__res500__reset50__noepr__global__per_operation,reservation_reset,first_available,2,4,500,50,False,global,per_operation,64,48,False,False,False,False,0,0,0.0,0.0,0.0,0.0,0.0,0.0,0,0.0,0.5,0.5208333333333334,30336,0,3,0.014705882352941176,0.1892736378033643,0.08603347172880195,0.0,0.5538886273166973,0.8291957368488636,0,0,0,0,0.0,0.6140342877986503,0.25039781306181313,8310.0,10390.0,1.2503008423586042,False,508.0520833333333,79.95689655172414
square_root_n18.qasm,square_root_n18,1,reservation_reset__first_available__cq2__ten4__res500__reset200__noepr__global__per_operation,reservation_reset,first_available,2,4,500,200,False,global,per_operation,64,48,False,False,False,False,0,36,0.0,0.0,0.0,0.0,0.0,0.0,0,0.0,0.5,0.875,36298,0,48,0.23529411764705882,0.1459804338579328,0.2654189706507869,0.0,0.6502977456401531,1.0616971501488728,0,0,0,0,0.0,0.6636125654450262,0.25044649432910804,12240.0,12240.0,1.0,True,344.375,108.6413043478261
square_root_n18.qasm,square_root_n18,1,reservation_reset__first_available__cq2__ten4__res2000__reset0__noepr__global__per_operation,reservation_reset,first_available,2,4,2000,0,False,global,per_operation,64,48,False,False,False,False,0,0,0.0,0.0,0.0,0.0,0.0,0.0,0,0.0,0.5,0.0,16482,0,5,0.024509803921568627,0.17366124553748513,0.0,0.0,0.6145696152320508,0.7882308607695359,0,0,0,0,0.0,0.604226426609704,0.2505443513470268,5760.0,7190.0,1.2482638888888888,False,538.125,63.36206896551724
square_root_n18.qasm,square_root_n18,1,reservation_reset__first_available__cq2__ten4__res2000__reset50__noepr__global__per_operation,reservation_reset,first_available,2,4,2000,50,False,global,per_operation,64,48,False,False,False,False,0,0,0.0,0.0,0.0,0.0,0.0,0.0,0,0.0,0.5,0.5,29458,0,14,0.06862745098039216,0.16504126031507876,0.07501875468867217,0.0,0.6339834958739685,0.8740435108777195,0,0,0,0,0.0,0.5600024820054604,0.2503995582425952,8310.0,10390.0,1.2503008423586042,False,489.6875,79.95689655172414
square_root_n18.qasm,square_root_n18,1,reservation_reset__first_available__cq2__ten4__res2000__reset200__noepr__global__per_operation,reservation_reset,first_available,2,4,2000,200,False,global,per_operation,64,48,False,False,False,False,0,36,0.0,0.0,0.0,0.0,0.0,0.0,0,0.0,0.5,0.5,34114,0,50,0.24509803921568626,0.12236789829161701,0.22248708780294002,0.0,0.6536425037020984,0.9984974897966554,0,0,0,0,0.0,0.6544150110375276,0.25035862220204275,12240.0,12240.0,1.0,True,344.375,121.46739130434783
square_root_n18.qasm,square_root_n18,2,reservation_reset__first_available__cq2__ten4__res0__reset0__noepr__global__per_operation,reservation_reset,first_available,2,4,0,0,False,global,per_operation,64,48,False,False,False,False,0,0,0.8958333333333334,24.125,23.229166666666668,23.229166666666668,285.0,1115.0,10,0.20833333333333334,0.6041666666666666,0.7291666666666666,10466,0,0,0.0,0.2029758943512279,0.0,0.0,0.2029758943512279,0.4059517887024558,0,0,0,0,0.0,0.6282608695652174,0.5172897363446877,5865.0,5865.0,1.0,False,521.8229166666666,61.73275862068966
square_root_n18.qasm,square_root_n18,2,reservation_reset__first_available__cq2__ten4__res0__reset50__noepr__global__per_operation,reservation_reset,first_available,2,4,0,50,False,global,per_operation,64,48,False,False,False,False,0,0,2.2708333333333335,120.85416666666667,118.58333333333333,118.58333333333333,885.0,5692.0,16,0.3333333333333333,0.6666666666666666,0.1875,19346,0,0,0.0,0.2002498661431376,0.09102266642869891,0.0,0.2912725325718365,0.582545065143673,0,0,0,0,0.0,0.6282608695652174,0.5534584430134604,8470.0,8470.0,1.0,False,476.4375,72.93103448275862
square_root_n18.qasm,square_root_n18,2,reservation_reset__first_available__cq2__ten4__res0__reset200__noepr__global__per_operation,reservation_reset,first_available,2,4,0,200,False,global,per_operation,64,48,False,False,False,False,0,26,19.208333333333332,2913.9583333333335,2894.75,2894.75,4897.0,138948.0,47,0.9791666666666666,0.9895833333333333,0.20833333333333334,36187,0,27,0.1323529411764706,0.17417363689224852,0.3166793398040882,0.0,0.4908529766963367,0.9817059533926734,0,0,0,0,0.0,0.701500223914017,0.9726503667936756,12240.0,12240.0,1.0,True,313.2291666666667,97.75555555555556
square_root_n18.qasm,square_root_n18,2,reservation_reset__first_available__cq2__ten4__res500__reset0__noepr__global__per_operation,reservation_reset,first_available,2,4,500,0,False,global,per_operation,64,48,False,False,False,False,0,0,0.0,0.0,0.0,0.0,0.0,0.0,0,0.0,0.5,0.20833333333333334,16401,0,0,0.0,0.19341492846061023,0.0,0.0,0.5100025857610757,0.703417514221686,0,0,0,0,0.0,0.6282608695652174,0.25075302837194496,5760.0,7190.0,1.2482638888888888,False,547.8854166666666,63.36206896551724
square_root_n18.qasm,square_root_n18,2,reservation_reset__first_available__cq2__ten4__res500__reset50__noepr__global__per_operation,reservation_reset,first_available,2,4,500,50,False,global,per_operation,64,48,False,False,False,False,0,0,0.0,0.0,0.0,0.0,0.0,0.0,0,0.0,0.5,0.2708333333333333,28797,0,4,0.0196078431372549,0.1867968584164721,0.08490766291657822,0.0,0.5673784759074506,0.839082997240501,0,0,0,0,0.0,0.6091617933723197,0.25049122072762886,8310.0,10390.0,1.2503008423586042,False,493.0520833333333,79.95689655172414
square_root_n18.qasm,square_root_n18,2,reservation_reset__first_available__cq2__ten4__res500__reset200__noepr__global__per_operation,reservation_reset,first_available,2,4,500,200,False,global,per_operation,64,48,False,False,False,False,0,36,0.0,0.0,0.0,0.0,0.0,0.0,0,0.0,0.5,0.375,39041,0,49,0.24019607843137256,0.14579503185258028,0.2650818760956005,0.0,0.6514558125614606,1.0623327205096413,0,0,0,0,0.0,0.660535576817332,0.25030610062482295,12240.0,12240.0,1.0,True,344.375,100.71739130434783
square_root_n18.qasm,square_root_n18,2,reservation_reset__first_available__cq2__ten4__res2000__reset0__noepr__global__per_operation,reservation_reset,first_available,2,4,2000,0,False,global,per_operation,64,48,False,False,False,False,0,0,0.0,0.0,0.0,0.0,0.0,0.0,0,0.0,0.5,0.0,17132,0,2,0.00980392156862745,0.17783113245298118,0.0,0.0,0.6175110044017607,0.7953421368547419,0,0,0,0,0.0,0.618842513952924,0.2505504224273833,5760.0,7190.0,1.2482638888888888,False,538.125,63.36206896551724
square_root_n18.qasm,square_root_n18,2,reservation_reset__first_available__cq2__ten4__res2000__reset50__noepr__global__per_operation,reservation_reset,first_available,2,4,2000,50,False,global,per_operation,64,48,False,False,False,False,0,0,0.0,0.0,0.0,0.0,0.0,0.0,0,0.0,0.5,0.5,29268,0,9,0.04411764705882353,0.1699009900990099,0.07722772277227723,0.0,0.6439207920792079,0.8910495049504951,0,0,0,0,0.0,0.5844604980018444,0.25047446869422313,8310.0,10390.0,1.2503008423586042,False,489.6875,79.95689655172414
square_root_n18.qasm,square_root_n18,2,reservation_reset__first_available__cq2__ten4__res2000__reset200__noepr__global__per_operation,reservation_reset,first_available,2,4,2000,200,False,global,per_operation,64,48,False,False,False,False,0,36,0.0,0.0,0.0,0.0,0.0,0.0,0,0.0,0.5,0.0,34837,0,52,0.2549019607843137,0.12412769116555308,0.2256867112100965,0.0,0.6539680772086117,1.0037824795842614,0,0,0,0,0.0,0.6410654827968923,0.25047873583076213,12240.0,12240.0,1.0,True,344.375,121.46739130434783
bv_n19.qasm,bv_n19,0,reservation_reset__per_tenant_reserved__cq2__ten4__res0__reset0__noepr__global__per_operation,reservation_reset,per_tenant_reserved,2,4,0,0,False,global,per_operation,64,48,False,False,False,False,0,0,0.0,0.0,0.0,0.0,0.0,0.0,0,0.0,0.5,1.0,221,0,40,0.4,0.05828071879553181,0.0,0.0,0.05828071879553181,0.11656143759106362,0,0,0,0,0.0,0.36764705882352944,0.7509027973661927,1420.0,1420.0,1.0,False,325.0,187.91666666666666
bv_n19.qasm,bv_n19,0,reservation_reset__per_tenant_reserved__cq2__ten4__res0__reset50__noepr__global__per_operation,reservation_reset,per_tenant_reserved,2,4,0,50,False,global,per_operation,64,48,False,False,False,False,0,0,0.0,0.0,0.0,0.0,0.0,0.0,0,0.0,0.5,1.0,357,0,40,0.4,0.05859895232176152,0.02663588741898251,0.0,0.08523483974074403,0.17046967948148806,0,0,0,0,0.0,0.36764705882352944,0.7506032572003889,1970.0,1970.0,1.0,False,276.0416666666667,210.83333333333334
bv_n19.qasm,bv_n19,0,reservation_reset__per_tenant_reserved__cq2__ten4__res0__reset200__noepr__global__per_operation,reservation_reset,per_tenant_reserved,2,4,0,200,False,global,per_operation,64,48,False,False,False,False,0,0,0.0,0.0,0.0,0.0,0.0,0.0,0,0.0,0.5,1.0,489,0,40,0.4,0.05777816685634247,0.10505121246607721,0.0,0.16282937932241967,0.32565875864483934,0,0,0,0,0.0,0.36764705882352944,0.7503023278758766,3620.0,3620.0,1.0,False,129.16666666666666,279.5833333333333
bv_n19.qasm,bv_n19,0,reservation_reset__per_tenant_reserved__cq2__ten4__res500__reset0__noepr__global__per_operation,reservation_reset,per_tenant_reserved,2,4,500,0,False,global,per_operation,64,48,False,False,False,False,0,0,0.0,0.0,0.0,0.0,0.0,0.0,0,0.0,0.5,1.0,223,0,40,0.4,0.05796846866628606,0.0,0.0,0.20174783716130165,0.2597163058275877,0,0,0,0,0.0,0.36764705882352944,0.7509027973661927,1420.0,1420.0,1.0,False,325.0,187.91666666666666
bv_n19.qasm,bv_n19,0,reservation_reset__per_tenant_reserved__cq2__ten4__res500__reset50__noepr__global__per_operation,reservation_reset,per_tenant_reserved,2,4,500,50,False,global,per_operation,64,48,False,False,False,False,0,0,0.0,0.0,0.0,0.0,0.0,0.0,0,0.0,0.5,1.0,371,0,40,0.4,0.05788458165234169,0.026311173478337134,0.0,0.20934923697596913,0.293544992106648,0,0,0,0,0.0,0.36764705882352944,0.7506032572003889,1970.0,1970.0,1.0,False,276.0416666666667,210.83333333333334
bv_n19.qasm,bv_n19,0,reservation_reset__per_tenant_reserved__cq2__ten4__res500__reset200__noepr__global__per_operation,reservation_reset,per_tenant_reserved,2,4,500,200,False,global,per_operation,64,48,False,False,False,False,0,0,0.0,0.0,0.0,0.0,0.0,0.0,0,0.0,0.5,1.0,533,0,40,0.4,0.058070476441863535,0.10558268443975188,0.0,0.23377766046368395,0.3974308213452994,0,0,0,0,0.0,0.36764705882352944,0.7503023278758766,3620.0,3620.0,1.0,False,129.16666666666666,279.5833333333333
bv_n19.qasm,bv_n19,0,reservation_reset__per_tenant_reserved__cq2__ten4__res2000__reset0__noepr__global__per_operation,reservation_reset,per_tenant_reserved,2,4,2000,0,False,global,per_operation,64,48,False,False,False,False,0,0,0.0,0.0,0.0,0.0,0.0,0.0,0,0.0,0.5,1.0,211,0,40,0.4,0.057692307692307696,0.0,0.0,0.23356643356643356,0.29125874125874124,0,0,0,0,0.0,0.36764705882352944,0.7509027973661927,1420.0,1420.0,1.0,False,325.0,187.91666666666666
bv_n19.qasm,bv_n19,0,reservation_reset__per_tenant_reserved__cq2__ten4__res2000__reset50__noepr__global__per_operation,reservation_reset,per_tenant_reserved,2,4,2000,50,False,global,per_operation,64,48,False,False,False,False,0,0,0.0,0.0,0.0,0.0,0.0,0.0,0,0.0,0.5,1.0,351,0,40,0.4,0.05756650675970344,0.026166593981683386,0.0,0.24090710859136502,0.32464020933275184,0,0,0,0,0.0,0.36764705882352944,0.7506032572003889,1970.0,1970.0,1.0,False,276.0416666666667,210.83333333333334
bv_n19.qasm,bv_n19,0,reservation_reset__per_tenant_reserved__cq2__ten4__res2000__reset200__noepr__global__per_operation,reservation_reset,per_tenant_reserved,2,4,2000,200,False,global,per_operation,64,48,False,False,False,False,0,0,0.0,0.0,0.0,0.0,0.0,0.0,0,0.0,0.5,1.0,519,0,40,0.4,0.05719237435008666,0.10398613518197573,0.0,0.26273830155979205,0.4239168110918544,0,0,0,0,0.0,0.36764705882352944,0.7503023278758766,3620.0,3620.0,1.0,False,129.16666666666666,279.5833333333333
bv_n19.qasm,bv_n19,1,reservation_reset__per_tenant_reserved__cq2__ten4__res0__reset0__noepr__global__per_operation,reservation_reset,per_tenant_reserved,2,4,0,0,False,global,per_operation,64,48,False,False,False,False,0,0,0.0,0.0,0.0,0.0,0.0,0.0,0,0.0,0.5,1.0,236,0,40,0.4,0.05932850914647849,0.0,0.0,0.05932850914647849,0.11865701829295698,0,0,0,0,0.0,0.36764705882352944,0.7509027973661927,1420.0,1420.0,1.0,False,325.0,187.91666666666666
bv_n19.qasm,bv_n19,1,reservation_reset__per_tenant_reserved__cq2__ten4__res0__reset50__noepr__global__per_operation,reservation_reset,per_tenant_reserved,2,4,0,50,False,global,per_operation,64,48,False,False,False,False,0,0,0.0,0.0,0.0,0.0,0.0,0.0,0,0.0,0.5,1.0,363,0,40,0.4,0.0583141897861813,0.026506449902809683,0.0,0.08482063968899099,0.16964127937798198,0,0,0,0,0.0,0.36764705882352944,0.7506032572003889,1970.0,1970.0,1.0,False,276.0416666666667,210.83333333333334
bv_n19.qasm,bv_n19,1,reservation_reset__per_tenant_reserved__cq2__ten4__res0__reset200__noepr__global__per_operation,reservation_reset,per_tenant_reserved,2,4,0,200,False,global,per_operation,64,48,False,False,False,False,0,0,0.0,0.0,0.0,0.0,0.0,0.0,0,0.0,0.5,1.0,455,0,40,0.4,0.05854697063780715,0.10644903752328573,0.0,0.1649960081610929,0.3299920163221858,0,0,0,0,0.0,0.36764705882352944,0.7503023278758766,3620.0,3620.0,1.0,False,129.16666666666666,279.5833333333333
bv_n19.qasm,bv_n19,1,reservation_reset__per_tenant_reserved__cq2__ten4__res500__reset0__noepr__global__per_operation,reservation_reset,per_tenant_reserved,2,4,500,0,False,global,per_operation,64,48,False,False,False,False,0,0,0.0,0.0,0.0,0.0,0.0,0.0,0,0.0,0.5,1.0,259,0,40,0.4,0.0617399438727783,0.0,0.0,0.21487371375116932,0.27661365762394763,0,0,0,0,0.0,0.36764705882352944,0.7509027973661927,1420.0,1420.0,1.0,False,325.0,187.91666666666666
bv_n19.qasm,bv_n19,1,reservation_reset__per_tenant_reserved__cq2__ten4__res500__reset50__noepr__global__per_operation,reservation_reset,per_tenant_reserved,2,4,500,50,False,global,per_operation,64,48,False,False,False,False,0,0,0.0,0.0,0.0,0.0,0.0,0.0,0,0.0,0.5,1.0,375,0,40,0.4,0.05781106293522533,0.02627775587964788,0.0,0.20908334428239828,0.2931721630972715,0,0,0,0,0.0,0.36764705882352944,0.7506032572003889,1970.0,1970.0,1.0,False,276.0416666666667,210.83333333333334
bv_n19.qasm,bv_n19,1,reservation_reset__per_tenant_reserved__cq2__ten4__res500__reset200__noepr__global__per_operation,reservation_reset,per_tenant_reserved,2,4,500,200,False,global,per_operation,64,48,False,False,False,False,0,0,0.0,0.0,0.0,0.0,0.0,0.0,0,0.0,0.5,1.0,511,0,40,0.4,0.058172843858798645,0.10576880701599753,0.0,0.2341897668679212,0.3981314177427174,0,0,0,0,0.0,0.36764705882352944,0.7503023278758766,3620.0,3620.0,1.0,False,129.16666666666666,279.5833333333333
bv_n19.qasm,bv_n19,1,reservation_reset__per_tenant_reserved__cq2__ten4__res2000__reset0__noepr__global__per_operation,reservation_reset,per_tenant_reserved,2,4,2000,0,False,global,per_operation,64,48,False,False,False,False,0,0,0.0,0.0,0.0,0.0,0.0,0.0,0,0.0,0.5,1.0,209,0,40,0.4,0.057692307692307696,0.0,0.0,0.23356643356643356,0.29125874125874124,0,0,0,0,0.0,0.36764705882352944,0.7509027973661927,1420.0,1420.0,1.0,False,325.0,187.91666666666666
bv_n19.qasm,bv_n19,1,reservation_reset__per_tenant_reserved__cq2__ten4__res2000__reset50__noepr__global__per_operation,reservation_reset,per_tenant_reserved,2,4,2000,50,False,global,per_operation,64,48,False,False,False,False,0,0,0.0,0.0,0.0,0.0,0.0,0.0,0,0.0,0.5,1.0,361,0,40,0.4,0.05756650675970344,0.026166593981683386,0.0,0.24090710859136502,0.32464020933275184,0,0,0,0,0.0,0.36764705882352944,0.7506032572003889,1970.0,1970.0,1.0,False,276.0416666666667,210.83333333333334
bv_n19.qasm,bv_n19,1,reservation_reset__per_tenant_reserved__cq2__ten4__res2000__reset200__noepr__global__per_operation,reservation_reset,per_tenant_reserved,2,4,2000,200,False,global,per_operation,64,48,False,False,False,False,0,0,0.0,0.0,0.0,0.0,0.0,0.0,0,0.0,0.5,1.0,511,0,40,0.4,0.05719237435008666,0.10398613518197573,0.0,0.26273830155979205,0.4239168110918544,0,0,0,0,0.0,0.36764705882352944,0.7503023278758766,3620.0,3620.0,1.0,False,129.16666666666666,279.5833333333333
bv_n19.qasm,bv_n19,2,reservation_reset__per_tenant_reserved__cq2__ten4__res0__reset0__noepr__global__per_operation,reservation_reset,per_tenant_reserved,2,4,0,0,False,global,per_operation,64,48,False,False,False,False,0,0,0.0,0.0,0.0,0.0,0.0,0.0,0,0.0,0.5,1.0,219,0,40,0.4,0.05827300017658485,0.0,0.0,0.05827300017658485,0.1165460003531697,0,0,0,0,0.0,0.36764705882352944,0.7509027973661927,1420.0,1420.0,1.0,False,325.0,187.91666666666666
bv_n19.qasm,bv_n19,2,reservation_reset__per_tenant_reserved__cq2__ten4__res0__reset50__noepr__global__per_operation,reservation_reset,per_tenant_reserved,2,4,0,50,False,global,per_operation,64,48,False,False,False,False,0,0,0.0,0.0,0.0,0.0,0.0,0.0,0,0.0,0.5,1.0,359,0,40,0.4,0.05894699236368508,0.026794087438038672,0.0,0.08574107980172375,0.1714821596034475,0,0,0,0,0.0,0.36764705882352944,0.7506032572003889,1970.0,1970.0,1.0,False,276.0416666666667,210.83333333333334
bv_n19.qasm,bv_n19,2,reservation_reset__per_tenant_reserved__cq2__ten4__res0__reset200__noepr__global__per_operation,reservation_reset,per_tenant_reserved,2,4,0,200,False,global,per_operation,64,48,False,False,False,False,0,0,0.0,0.0,0.0,0.0,0.0,0.0,0,0.0,0.5,1.0,469,0,40,0.4,0.058989140635473926,0.10725298297358896,0.0,0.16624212360906288,0.33248424721812575,0,0,0,0,0.0,0.36764705882352944,0.7503023278758766,3620.0,3620.0,1.0,False,129.16666666666666,279.5833333333333
bv_n19.qasm,bv_n19,2,reservation_reset__per_tenant_reserved__cq2__ten4__res500__reset0__noepr__global__per_operation,reservation_reset,per_tenant_reserved,2,4,500,0,False,global,per_operation,64,48,False,False,False,False,0,0,0.0,0.0,0.0,0.0,0.0,0.0,0,0.0,0.5,1.0,255,0,40,0.4,0.0617399438727783,0.0,0.0,0.21487371375116932,0.27661365762394763,0,0,0,0,0.0,0.36764705882352944,0.7509027973661927,1420.0,1420.0,1.0,False,325.0,187.91666666666666
bv_n19.qasm,bv_n19,2,reservation_reset__per_tenant_reserved__cq2__ten4__res500__reset50__noepr__global__per_operation,reservation_reset,per_tenant_reserved,2,4,500,50,False,global,per_operation,64,48,False,False,False,False,0,0,0.0,0.0,0.0,0.0,0.0,0.0,0,0.0,0.5,1.0,375,0,40,0.4,0.06030701754385965,0.027412280701754384,0.0,0.21811038011695907,0.3058296783625731,0,0,0,0,0.0,0.36764705882352944,0.7506032572003889,1970.0,1970.0,1.0,False,276.0416666666667,210.83333333333334
bv_n19.qasm,bv_n19,2,reservation_reset__per_tenant_reserved__cq2__ten4__res500__reset200__noepr__global__per_operation,reservation_reset,per_tenant_reserved,2,4,500,200,False,global,per_operation,64,48,False,False,False,False,0,0,0.0,0.0,0.0,0.0,0.0,0.0,0,0.0,0.5,1.0,477,0,40,0.4,0.05854697063780715,0.10644903752328573,0.0,0.23569591058280848,0.40069191874390137,0,0,0,0,0.0,0.36764705882352944,0.7503023278758766,3620.0,3620.0,1.0,False,129.16666666666666,279.5833333333333
bv_n19.qasm,bv_n19,2,reservation_reset__per_tenant_reserved__cq2__ten4__res2000__reset0__noepr__global__per_operation,reservation_reset,per_tenant_reserved,2,4,2000,0,False,global,per_operation,64,48,False,False,False,False,0,0,0.0,0.0,0.0,0.0,0.0,0.0,0,0.0,0.5,1.0,233,0,40,0.4,0.057692307692307696,0.0,0.0,0.23356643356643356,0.29125874125874124,0,0,0,0,0.0,0.36764705882352944,0.7509027973661927,1420.0,1420.0,1.0,False,325.0,187.91666666666666
bv_n19.qasm,bv_n19,2,reservation_reset__per_tenant_reserved__cq2__ten4__res2000__reset50__noepr__global__per_operation,reservation_reset,per_tenant_reserved,2,4,2000,50,False,global,per_operation,64,48,False,False,False,False,0,0,0.0,0.0,0.0,0.0,0.0,0.0,0,0.0,0.5,1.0,391,0,40,0.4,0.05756650675970344,0.026166593981683386,0.0,0.24090710859136502,0.32464020933275184,0,0,0,0,0.0,0.36764705882352944,0.7506032572003889,1970.0,1970.0,1.0,False,276.0416666666667,210.83333333333334
bv_n19.qasm,bv_n19,2,reservation_reset__per_tenant_reserved__cq2__ten4__res2000__reset200__noepr__global__per_operation,reservation_reset,per_tenant_reserved,2,4,2000,200,False,global,per_operation,64,48,False,False,False,False,0,0,0.0,0.0,0.0,0.0,0.0,0.0,0,0.0,0.5,1.0,529,0,40,0.4,0.05719237435008666,0.10398613518197573,0.0,0.26273830155979205,0.4239168110918544,0,0,0,0,0.0,0.36764705882352944,0.7503023278758766,3620.0,3620.0,1.0,False,129.16666666666666,279.5833333333333
dnn_n16.qasm,dnn_n16,0,reservation_reset__per_tenant_reserved__cq2__ten4__res0__reset0__noepr__global__per_operation,reservation_reset,per_tenant_reserved,2,4,0,0,False,global,per_operation,64,48,False,False,False,False,0,0,0.0,0.0,0.0,0.0,0.0,0.0,0,0.0,0.5,1.0,1430,0,40,0.25,0.11824778285407149,0.0,0.0,0.11824778285407149,0.23649556570814298,0,0,0,0,0.0,0.4807692307692308,0.7509388187430462,9865.0,9865.0,1.0,False,325.0,109.47916666666667
dnn_n16.qasm,dnn_n16,0,reservation_reset__per_tenant_reserved__cq2__ten4__res0__reset50__noepr__global__per_operation,reservation_reset,per_tenant_reserved,2,4,0,50,False,global,per_operation,64,48,False,False,False,False,0,0,0.0,0.0,0.0,0.0,0.0,0.0,0,0.0,0.5,1.0,4043,0,40,0.25,0.11635081533715293,0.052886734244160426,0.0,0.16923754958131335,0.3384750991626267,0,0,0,0,0.0,0.4807692307692308,0.7503355985568205,11835.0,11835.0,1.0,False,276.0416666666667,98.4375
dnn_n16.qasm,dnn_n16,0,reservation_reset__per_tenant_reserved__cq2__ten4__res0__reset200__noepr__global__per_operation,reservation_reset,per_tenant_reserved,2,4,0,200,False,global,per_operation,64,48,False,False,False,False,0,13,0.0,0.0,0.0,0.0,0.0,0.0,0,0.0,0.5,1.0,11400,0,53,0.33125,0.10527728085867621,0.19141323792486584,0.0,0.296690518783542,0.593381037567084,0,0,0,0,0.0,0.49477095937770094,0.7500943898295737,18145.0,18145.0,1.0,True,129.16666666666666,179.1949152542373
dnn_n16.qasm,dnn_n16,0,reservation_reset__per_tenant_reserved__cq2__ten4__res500__reset0__noepr__global__per_operation,reservation_reset,per_tenant_reserved,2,4,500,0,False,global,per_operation,64,48,False,False,False,False,0,0,0.0,0.0,0.0,0.0,0.0,0.0,0,0.0,0.5,1.0,1467,0,40,0.25,0.11866768553063334,0.0,0.0,0.28581381759338337,0.4044815031240167,0,0,0,0,0.0,0.4807692307692308,0.7509388187430462,9865.0,9865.0,1.0,False,325.0,109.47916666666667
dnn_n16.qasm,dnn_n16,0,reservation_reset__per_tenant_reserved__cq2__ten4__res500__reset50__noepr__global__per_operation,reservation_reset,per_tenant_reserved,2,4,500,50,False,global,per_operation,64,48,False,False,False,False,0,0,0.0,0.0,0.0,0.0,0.0,0.0,0,0.0,0.5,1.0,4124,0,40,0.25,0.11628931371685314,0.05285877896220597,0.0,0.3086512201568144,0.4777993128358735,0,0,0,0,0.0,0.4807692307692308,0.7503355985568205,11835.0,11835.0,1.0,False,276.0416666666667,98.4375
dnn_n16.qasm,dnn_n16,0,reservation_reset__per_tenant_reserved__cq2__ten4__res500__reset200__noepr__global__per_operation,reservation_reset,per_tenant_reserved,2,4,500,200,False,global,per_operation,64,48,False,False,False,False,0,13,0.0,0.0,0.0,0.0,0.0,0.0,0,0.0,0.5,1.0,11933,0,53,0.33125,0.10908248378127897,0.19833178869323448,0.0,0.3877664504170528,0.6951807228915663,0,0,0,0,0.0,0.49477095937770094,0.7500943898295737,18145.0,18145.0,1.0,True,129.16666666666666,179.1949152542373
dnn_n16.qasm,dnn_n16,0,reservation_reset__per_tenant_reserved__cq2__ten4__res2000__reset0__noepr__global__per_operation,reservation_reset,per_tenant_reserved,2,4,2000,0,False,global,per_operation,64,48,False,False,False,False,0,0,0.0,0.0,0.0,0.0,0.0,0.0,0,0.0,0.5,1.0,1397,0,40,0.25,0.11538461538461539,0.0,0.0,0.33387237762237765,0.449256993006993,0,0,0,0,0.0,0.4807692307692308,0.7509388187430462,9865.0,9865.0,1.0,False,325.0,109.47916666666667
dnn_n16.qasm,dnn_n16,0,reservation_reset__per_tenant_reserved__cq2__ten4__res2000__reset50__noepr__global__per_operation,reservation_reset,per_tenant_reserved,2,4,2000,50,False,global,per_operation,64,48,False,False,False,False,0,0,0.0,0.0,0.0,0.0,0.0,0.0,0,0.0,0.5,1.0,4030,0,40,0.25,0.11513301351940688,0.05233318796336677,0.0,0.35804622764936767,0.5255124291321412,0,0,0,0,0.0,0.4807692307692308,0.7503355985568205,11835.0,11835.0,1.0,False,276.0416666666667,98.4375
dnn_n16.qasm,dnn_n16,0,reservation_reset__per_tenant_reserved__cq2__ten4__res2000__reset200__noepr__global__per_operation,reservation_reset,per_tenant_reserved,2,4,2000,200,False,global,per_operation,64,48,False,False,False,False,0,13,0.0,0.0,0.0,0.0,0.0,0.0,0,0.0,0.5,1.0,11254,0,53,0.33125,0.10199306759098786,0.1854419410745234,0.0,0.4324523396880416,0.7198873483535528,0,0,0,0,0.0,0.49477095937770094,0.7500943898295737,18145.0,18145.0,1.0,True,129.16666666666666,179.1949152542373
dnn_n16.qasm,dnn_n16,1,reservation_reset__per_tenant_reserved__cq2__ten4__res0__reset0__noepr__global__per_operation,reservation_reset,per_tenant_reserved,2,4,0,0,False,global,per_operation,64,48,False,False,False,False,0,0,0.0,0.0,0.0,0.0,0.0,0.0,0,0.0,0.5,1.0,1430,0,40,0.25,0.11593184612682242,0.0,0.0,0.11593184612682242,0.23186369225364484,0,0,0,0,0.0,0.4807692307692308,0.7509388187430462,9865.0,9865.0,1.0,False,325.0,109.47916666666667
dnn_n16.qasm,dnn_n16,1,reservation_reset__per_tenant_reserved__cq2__ten4__res0__reset50__noepr__global__per_operation,reservation_reset,per_tenant_reserved,2,4,0,50,False,global,per_operation,64,48,False,False,False,False,0,0,0.0,0.0,0.0,0.0,0.0,0.0,0,0.0,0.5,1.0,3948,0,40,0.25,0.12033365239983591,0.05469711472719814,0.0,0.17503076712703405,0.3500615342540681,0,0,0,0,0.0,0.4807692307692308,0.7503355985568205,11835.0,11835.0,1.0,False,276.0416666666667,98.4375
dnn_n16.qasm,dnn_n16,1,reservation_reset__per_tenant_reserved__cq2__ten4__res0__reset200__noepr__global__per_operation,reservation_reset,per_tenant_reserved,2,4,0,200,False,global,per_operation,64,48,False,False,False,False,0,13,0.0,0.0,0.0,0.0,0.0,0.0,0,0.0,0.5,1.0,11965,0,53,0.33125,0.10494405064419776,0.1908073648076323,0.0,0.29575141545183004,0.5915028309036601,0,0,0,0,0.0,0.49477095937770094,0.7500943898295737,18145.0,18145.0,1.0,True,129.16666666666666,179.1949152542373
dnn_n16.qasm,dnn_n16,1,reservation_reset__per_tenant_reserved__cq2__ten4__res500__reset0__noepr__global__per_operation,reservation_reset,per_tenant_reserved,2,4,500,0,False,global,per_operation,64,48,False,False,False,False,0,0,0.0,0.0,0.0,0.0,0.0,0.0,0,0.0,0.5,1.0,1371,0,40,0.25,0.11811023622047244,0.0,0.0,0.28447118826055834,0.4025814244810308,0,0,0,0,0.0,0.4807692307692308,0.7509388187430462,9865.0,9865.0,1.0,False,325.0,109.47916666666667
dnn_n16.qasm,dnn_n16,1,reservation_reset__per_tenant_reserved__cq2__ten4__res500__reset50__noepr__global__per_operation,reservation_reset,per_tenant_reserved,2,4,500,50,False,global,per_operation,64,48,False,False,False,False,0,0,0.0,0.0,0.0,0.0,0.0,0.0,0,0.0,0.5,1.0,3997,0,40,0.25,0.11607967286637647,0.052763487666534756,0.0,0.30809479839950754,0.47693795893241875,0,0,0,0,0.0,0.4807692307692308,0.7503355985568205,11835.0,11835.0,1.0,False,276.0416666666667,98.4375
dnn_n16.qasm,dnn_n16,1,reservation_reset__per_tenant_reserved__cq2__ten4__res500__reset200__noepr__global__per_operation,reservation_reset,per_tenant_reserved,2,4,500,200,False,global,per_operation,64,48,False,False,False,False,0,13,0.0,0.0,0.0,0.0,0.0,0.0,0,0.0,0.5,1.0,11581,0,53,0.33125,0.10500959093545077,0.19092652897354687,0.0,0.3732881295445421,0.6692242494535398,0,0,0,0,0.0,0.49477095937770094,0.7500943898295737,18145.0,18145.0,1.0,True,129.16666666666666,179.1949152542373
dnn_n16.qasm,dnn_n16,1,reservation_reset__per_tenant_reserved__cq2__ten4__res2000__reset0__noepr__global__per_operation,reservation_reset,per_tenant_reserved,2,4,2000,0,False,global,per_operation,64,48,False,False,False,False,0,0,0.0,0.0,0.0,0.0,0.0,0.0,0,0.0,0.5,1.0,1332,0,40,0.25,0.11533420707732635,0.0,0.0,0.33372651813018783,0.4490607252075142,0,0,0,0,0.0,0.4807692307692308,0.7509388187430462,9865.0,9865.0,1.0,False,325.0,109.47916666666667
dnn_n16.qasm,dnn_n16,1,reservation_reset__per_tenant_reserved__cq2__ten4__res2000__reset50__noepr__global__per_operation,reservation_reset,per_tenant_reserved,2,4,2000,50,False,global,per_operation,64,48,False,False,False,False,0,0,0.0,0.0,0.0,0.0,0.0,0.0,0,0.0,0.5,1.0,4130,0,40,0.25,0.11513301351940688,0.05233318796336677,0.0,0.35804622764936767,0.5255124291321412,0,0,0,0,0.0,0.4807692307692308,0.7503355985568205,11835.0,11835.0,1.0,False,276.0416666666667,98.4375
dnn_n16.qasm,dnn_n16,1,reservation_reset__per_tenant_reserved__cq2__ten4__res2000__reset200__noepr__global__per_operation,reservation_reset,per_tenant_reserved,2,4,2000,200,False,global,per_operation,64,48,False,False,False,False,0,13,0.0,0.0,0.0,0.0,0.0,0.0,0,0.0,0.5,1.0,11494,0,53,0.33125,0.10199306759098786,0.1854419410745234,0.0,0.4324523396880416,0.7198873483535528,0,0,0,0,0.0,0.49477095937770094,0.7500943898295737,18145.0,18145.0,1.0,True,129.16666666666666,179.1949152542373
dnn_n16.qasm,dnn_n16,2,reservation_reset__per_tenant_reserved__cq2__ten4__res0__reset0__noepr__global__per_operation,reservation_reset,per_tenant_reserved,2,4,0,0,False,global,per_operation,64,48,False,False,False,False,0,0,0.0,0.0,0.0,0.0,0.0,0.0,0,0.0,0.5,1.0,1386,0,40,0.25,0.11670055697993104,0.0,0.0,0.11670055697993104,0.23340111395986207,0,0,0,0,0.0,0.4807692307692308,0.7509388187430462,9865.0,9865.0,1.0,False,325.0,109.47916666666667
dnn_n16.qasm,dnn_n16,2,reservation_reset__per_tenant_reserved__cq2__ten4__res0__reset50__noepr__global__per_operation,reservation_reset,per_tenant_reserved,2,4,0,50,False,global,per_operation,64,48,False,False,False,False,0,0,0.0,0.0,0.0,0.0,0.0,0.0,0,0.0,0.5,1.0,3942,0,40,0.25,0.11560187415159609,0.05254630643254368,0.0,0.16814818058413977,0.33629636116827955,0,0,0,0,0.0,0.4807692307692308,0.7503355985568205,11835.0,11835.0,1.0,False,276.0416666666667,98.4375
dnn_n16.qasm,dnn_n16,2,reservation_reset__per_tenant_reserved__cq2__ten4__res0__reset200__noepr__global__per_operation,reservation_reset,per_tenant_reserved,2,4,0,200,False,global,per_operation,64,48,False,False,False,False,0,13,0.0,0.0,0.0,0.0,0.0,0.0,0,0.0,0.5,1.0,11587,0,53,0.33125,0.11027310629128215,0.20049655689324028,0.0,0.3107696631845224,0.6215393263690449,0,0,0,0,0.0,0.49477095937770094,0.7500943898295737,18145.0,18145.0,1.0,True,129.16666666666666,179.1949152542373
dnn_n16.qasm,dnn_n16,2,reservation_reset__per_tenant_reserved__cq2__ten4__res500__reset0__noepr__global__per_operation,reservation_reset,per_tenant_reserved,2,4,500,0,False,global,per_operation,64,48,False,False,False,False,0,0,0.0,0.0,0.0,0.0,0.0,0.0,0,0.0,0.5,1.0,1427,0,40,0.25,0.11838034168871352,0.0,0.0,0.2851217434195776,0.4035020851082911,0,0,0,0,0.0,0.4807692307692308,0.7509388187430462,9865.0,9865.0,1.0,False,325.0,109.47916666666667
dnn_n16.qasm,dnn_n16,2,reservation_reset__per_tenant_reserved__cq2__ten4__res500__reset50__noepr__global__per_operation,reservation_reset,per_tenant_reserved,2,4,500,50,False,global,per_operation,64,48,False,False,False,False,0,0,0.0,0.0,0.0,0.0,0.0,0.0,0,0.0,0.5,1.0,4090,0,40,0.25,0.12319178721418572,0.05599626691553897,0.0,0.3269715352309846,0.5061595893607093,0,0,0,0,0.0,0.4807692307692308,0.7503355985568205,11835.0,11835.0,1.0,False,276.0416666666667,98.4375
dnn_n16.qasm,dnn_n16,2,reservation_reset__per_tenant_reserved__cq2__ten4__res500__reset200__noepr__global__per_operation,reservation_reset,per_tenant_reserved,2,4,500,200,False,global,per_operation,64,48,False,False,False,False,0,13,0.0,0.0,0.0,0.0,0.0,0.0,0,0.0,0.5,1.0,11828,0,53,0.33125,0.10490663576808236,0.19073933776014973,0.0,0.3729221444805918,0.6685681180088239,0,0,0,0,0.0,0.49477095937770094,0.7500943898295737,18145.0,18145.0,1.0,True,129.16666666666666,179.1949152542373
dnn_n16.qasm,dnn_n16,2,reservation_reset__per_tenant_reserved__cq2__ten4__res2000__reset0__noepr__global__per_operation,reservation_reset,per_tenant_reserved,2,4,2000,0,False,global,per_operation,64,48,False,False,False,False,0,0,0.0,0.0,0.0,0.0,0.0,0.0,0,0.0,0.5,1.0,1482,0,40,0.25,0.11538461538461539,0.0,0.0,0.33387237762237765,0.449256993006993,0,0,0,0,0.0,0.4807692307692308,0.7509388187430462,9865.0,9865.0,1.0,False,325.0,109.47916666666667
dnn_n16.qasm,dnn_n16,2,reservation_reset__per_tenant_reserved__cq2__ten4__res2000__reset50__noepr__global__per_operation,reservation_reset,per_tenant_reserved,2,4,2000,50,False,global,per_operation,64,48,False,False,False,False,0,0,0.0,0.0,0.0,0.0,0.0,0.0,0,0.0,0.5,1.0,3826,0,40,0.25,0.11513301351940688,0.05233318796336677,0.0,0.35804622764936767,0.5255124291321412,0,0,0,0,0.0,0.4807692307692308,0.7503355985568205,11835.0,11835.0,1.0,False,276.0416666666667,98.4375
dnn_n16.qasm,dnn_n16,2,reservation_reset__per_tenant_reserved__cq2__ten4__res2000__reset200__noepr__global__per_operation,reservation_reset,per_tenant_reserved,2,4,2000,200,False,global,per_operation,64,48,False,False,False,False,0,13,0.0,0.0,0.0,0.0,0.0,0.0,0,0.0,0.5,1.0,11660,0,53,0.33125,0.10199306759098786,0.1854419410745234,0.0,0.4324523396880416,0.7198873483535528,0,0,0,0,0.0,0.49477095937770094,0.7500943898295737,18145.0,18145.0,1.0,True,129.16666666666666,179.1949152542373
qft_n18.qasm,qft_n18,0,reservation_reset__per_tenant_reserved__cq2__ten4__res0__reset0__noepr__global__per_operation,reservation_reset,per_tenant_reserved,2,4,0,0,False,global,per_operation,64,48,False,False,False,False,0,0,0.0,0.0,0.0,0.0,0.0,0.0,0,0.0,0.5,1.0,5171,0,40,0.2597402597402597,0.1163535142658316,0.0,0.0,0.1163535142658316,0.2327070285316632,0,0,0,0,0.0,0.48783783783783785,0.7502213457630718,7270.0,7270.0,1.0,False,325.0,76.28787878787878
qft_n18.qasm,qft_n18,0,reservation_reset__per_tenant_reserved__cq2__ten4__res0__reset50__noepr__global__per_operation,reservation_reset,per_tenant_reserved,2,4,0,50,False,global,per_operation,64,48,False,False,False,False,0,0,0.0,0.0,0.0,0.0,0.0,0.0,0,0.0,0.5,1.0,9212,0,40,0.2597402597402597,0.1134841628959276,0.051583710407239816,0.0,0.1650678733031674,0.3301357466063348,0,0,0,0,0.0,0.48783783783783785,0.7501287362740894,10520.0,10520.0,1.0,False,276.0416666666667,100.53030303030303
qft_n18.qasm,qft_n18,0,reservation_reset__per_tenant_reserved__cq2__ten4__res0__reset200__noepr__global__per_operation,reservation_reset,per_tenant_reserved,2,4,0,200,False,global,per_operation,64,48,False,False,False,False,0,22,0.0,0.0,0.0,0.0,0.0,0.0,0,0.0,0.5,1.0,13054,0,62,0.4025974025974026,0.09210466439135381,0.16746302616609784,0.0,0.25956769055745166,0.5191353811149033,0,0,0,0,0.0,0.4990566037735849,0.7500853445321897,13450.0,13450.0,1.0,True,129.16666666666666,168.29545454545453
qft_n18.qasm,qft_n18,0,reservation_reset__per_tenant_reserved__cq2__ten4__res500__reset0__noepr__global__per_operation,reservation_reset,per_tenant_reserved,2,4,500,0,False,global,per_operation,64,48,False,False,False,False,0,0,0.0,0.0,0.0,0.0,0.0,0.0,0,0.0,0.5,1.0,5366,0,40,0.2597402597402597,0.10994213571804314,0.0,0.0,0.27853761178327197,0.3884797475013151,0,0,0,0,0.0,0.48783783783783785,0.7502213457630718,7270.0,7270.0,1.0,False,325.0,76.28787878787878
qft_n18.qasm,qft_n18,0,reservation_reset__per_tenant_reserved__cq2__ten4__res500__reset50__noepr__global__per_operation,reservation_reset,per_tenant_reserved,2,4,500,50,False,global,per_operation,64,48,False,False,False,False,0,0,0.0,0.0,0.0,0.0,0.0,0.0,0,0.0,0.5,1.0,9333,0,40,0.2597402597402597,0.11011107696360363,0.050050489528910745,0.0,0.3219914826359924,0.4821530491285068,0,0,0,0,0.0,0.48783783783783785,0.7501287362740894,10520.0,10520.0,1.0,False,276.0416666666667,100.53030303030303
qft_n18.qasm,qft_n18,0,reservation_reset__per_tenant_reserved__cq2__ten4__res500__reset200__noepr__global__per_operation,reservation_reset,per_tenant_reserved,2,4,500,200,False,global,per_operation,64,48,False,False,False,False,0,22,0.0,0.0,0.0,0.0,0.0,0.0,0,0.0,0.5,1.0,13381,0,62,0.4025974025974026,0.08855830234084446,0.16101509516517173,0.0,0.34513235615838983,0.594705753664406,0,0,0,0,0.0,0.4990566037735849,0.7500853445321897,13450.0,13450.0,1.0,True,129.16666666666666,168.29545454545453
qft_n18.qasm,qft_n18,0,reservation_reset__per_tenant_reserved__cq2__ten4__res2000__reset0__noepr__global__per_operation,reservation_reset,per_tenant_reserved,2,4,2000,0,False,global,per_operation,64,48,False,False,False,False,0,0,0.0,0.0,0.0,0.0,0.0,0.0,0,0.0,0.5,1.0,5648,0,40,0.2597402597402597,0.10961538461538461,0.0,0.0,0.3104895104895105,0.4201048951048951,0,0,0,0,0.0,0.48783783783783785,0.7502213457630718,7270.0,7270.0,1.0,False,325.0,76.28787878787878
qft_n18.qasm,qft_n18,0,reservation_reset__per_tenant_reserved__cq2__ten4__res2000__reset50__noepr__global__per_operation,reservation_reset,per_tenant_reserved,2,4,2000,50,False,global,per_operation,64,48,False,False,False,False,0,0,0.0,0.0,0.0,0.0,0.0,0.0,0,0.0,0.5,1.0,9700,0,40,0.2597402597402597,0.10937636284343655,0.04971652856519843,0.0,0.3525512429132141,0.5116441343218491,0,0,0,0,0.0,0.48783783783783785,0.7501287362740894,10520.0,10520.0,1.0,False,276.0416666666667,100.53030303030303
qft_n18.qasm,qft_n18,0,reservation_reset__per_tenant_reserved__cq2__ten4__res2000__reset200__noepr__global__per_operation,reservation_reset,per_tenant_reserved,2,4,2000,200,False,global,per_operation,64,48,False,False,False,False,0,22,0.0,0.0,0.0,0.0,0.0,0.0,0,0.0,0.5,1.0,12936,0,62,0.4025974025974026,0.08769497400346621,0.15944540727902945,0.0,0.3836221837088388,0.6307625649913345,0,0,0,0,0.0,0.4990566037735849,0.7500853445321897,13450.0,13450.0,1.0,True,129.16666666666666,168.29545454545453
qft_n18.qasm,qft_n18,1,reservation_reset__per_tenant_reserved__cq2__ten4__res0__reset0__noepr__global__per_operation,reservation_reset,per_tenant_reserved,2,4,0,0,False,global,per_operation,64,48,False,False,False,False,0,0,0.0,0.0,0.0,0.0,0.0,0.0,0,0.0,0.5,1.0,5384,0,40,0.2597402597402597,0.11189934413063847,0.0,0.0,0.11189934413063847,0.22379868826127694,0,0,0,0,0.0,0.48783783783783785,0.7502213457630718,7270.0,7270.0,1.0,False,325.0,76.28787878787878
qft_n18.qasm,qft_n18,1,reservation_reset__per_tenant_reserved__cq2__ten4__res0__reset50__noepr__global__per_operation,reservation_reset,per_tenant_reserved,2,4,0,50,False,global,per_operation,64,48,False,False,False,False,0,0,0.0,0.0,0.0,0.0,0.0,0.0,0,0.0,0.5,1.0,9356,0,40,0.2597402597402597,0.11524676040805074,0.052384891094568516,0.0,0.16763165150261924,0.3352633030052385,0,0,0,0,0.0,0.48783783783783785,0.7501287362740894,10520.0,10520.0,1.0,False,276.0416666666667,100.53030303030303
qft_n18.qasm,qft_n18,1,reservation_reset__per_tenant_reserved__cq2__ten4__res0__reset200__noepr__global__per_operation,reservation_reset,per_tenant_reserved,2,4,0,200,False,global,per_operation,64,48,False,False,False,False,0,22,0.0,0.0,0.0,0.0,0.0,0.0,0,0.0,0.5,1.0,13390,0,62,0.4025974025974026,0.08844994100423896,0.16081807455316174,0.0,0.2492680155574007,0.4985360311148014,0,0,0,0,0.0,0.4990566037735849,0.7500853445321897,13450.0,13450.0,1.0,True,129.16666666666666,168.29545454545453
qft_n18.qasm,qft_n18,1,reservation_reset__per_tenant_reserved__cq2__ten4__res500__reset0__noepr__global__per_operation,reservation_reset,per_tenant_reserved,2,4,500,0,False,global,per_operation,64,48,False,False,False,False,0,0,0.0,0.0,0.0,0.0,0.0,0.0,0,0.0,0.5,1.0,5694,0,40,0.2597402597402597,0.11069915254237288,0.0,0.0,0.2804555084745763,0.3911546610169492,0,0,0,0,0.0,0.48783783783783785,0.7502213457630718,7270.0,7270.0,1.0,False,325.0,76.28787878787878
qft_n18.qasm,qft_n18,1,reservation_reset__per_tenant_reserved__cq2__ten4__res500__reset50__noepr__global__per_operation,reservation_reset,per_tenant_reserved,2,4,500,50,False,global,per_operation,64,48,False,False,False,False,0,0,0.0,0.0,0.0,0.0,0.0,0.0,0,0.0,0.5,1.0,8994,0,40,0.2597402597402597,0.10988914691320159,0.049949612233273454,0.0,0.32134250536739256,0.4811812645138676,0,0,0,0,0.0,0.48783783783783785,0.7501287362740894,10520.0,10520.0,1.0,False,276.0416666666667,100.53030303030303
qft_n18.qasm,qft_n18,1,reservation_reset__per_tenant_reserved__cq2__ten4__res500__reset200__noepr__global__per_operation,reservation_reset,per_tenant_reserved,2,4,500,200,False,global,per_operation,64,48,False,False,False,False,0,22,0.0,0.0,0.0,0.0,0.0,0.0,0,0.0,0.5,1.0,12921,0,62,0.4025974025974026,0.09002357336654361,0.16367922430280657,0.0,0.35084285904905926,0.6045456567184094,0,0,0,0,0.0,0.4990566037735849,0.7500853445321897,13450.0,13450.0,1.0,True,129.16666666666666,168.29545454545453
qft_n18.qasm,qft_n18,1,reservation_reset__per_tenant_reserved__cq2__ten4__res2000__reset0__noepr__global__per_operation,reservation_reset,per_tenant_reserved,2,4,2000,0,False,global,per_operation,64,48,False,False,False,False,0,0,0.0,0.0,0.0,0.0,0.0,0.0,0,0.0,0.5,1.0,5404,0,40,0.2597402597402597,0.10961538461538461,0.0,0.0,0.3104895104895105,0.4201048951048951,0,0,0,0,0.0,0.48783783783783785,0.7502213457630718,7270.0,7270.0,1.0,False,325.0,76.28787878787878
qft_n18.qasm,qft_n18,1,reservation_reset__per_tenant_reserved__cq2__ten4__res2000__reset50__noepr__global__per_operation,reservation_reset,per_tenant_reserved,2,4,2000,50,False,global,per_operation,64,48,False,False,False,False,0,0,0.0,0.0,0.0,0.0,0.0,0.0,0,0.0,0.5,1.0,9389,0,40,0.2597402597402597,0.10937636284343655,0.04971652856519843,0.0,0.3525512429132141,0.5116441343218491,0,0,0,0,0.0,0.48783783783783785,0.7501287362740894,10520.0,10520.0,1.0,False,276.0416666666667,100.53030303030303
qft_n18.qasm,qft_n18,1,reservation_reset__per_tenant_reserved__cq2__ten4__res2000__reset200__noepr__global__per_operation,reservation_reset,per_tenant_reserved,2,4,2000,200,False,global,per_operation,64,48,False,False,False,False,0,22,0.0,0.0,0.0,0.0,0.0,0.0,0,0.0,0.5,1.0,12606,0,62,0.4025974025974026,0.08769497400346621,0.15944540727902945,0.0,0.3836221837088388,0.6307625649913345,0,0,0,0,0.0,0.4990566037735849,0.7500853445321897,13450.0,13450.0,1.0,True,129.16666666666666,168.29545454545453
qft_n18.qasm,qft_n18,2,reservation_reset__per_tenant_reserved__cq2__ten4__res0__reset0__noepr__global__per_operation,reservation_reset,per_tenant_reserved,2,4,0,0,False,global,per_operation,64,48,False,False,False,False,0,0,0.0,0.0,0.0,0.0,0.0,0.0,0,0.0,0.5,1.0,5568,0,40,0.2597402597402597,0.11307994048424184,0.0,0.0,0.11307994048424184,0.2261598809684837,0,0,0,0,0.0,0.48783783783783785,0.7502213457630718,7270.0,7270.0,1.0,False,325.0,76.28787878787878
qft_n18.qasm,qft_n18,2,reservation_reset__per_tenant_reserved__cq2__ten4__res0__reset50__noepr__global__per_operation,reservation_reset,per_tenant_reserved,2,4,0,50,False,global,per_operation,64,48,False,False,False,False,0,0,0.0,0.0,0.0,0.0,0.0,0.0,0,0.0,0.5,1.0,9416,0,40,0.2597402597402597,0.11499839515796231,0.05227199779907378,0.0,0.16727039295703608,0.33454078591407216,0,0,0,0,0.0,0.48783783783783785,0.7501287362740894,10520.0,10520.0,1.0,False,276.0416666666667,100.53030303030303
qft_n18.qasm,qft_n18,2,reservation_reset__per_tenant_reserved__cq2__ten4__res0__reset200__noepr__global__per_operation,reservation_reset,per_tenant_reserved,2,4,0,200,False,global,per_operation,64,48,False,False,False,False,0,22,0.0,0.0,0.0,0.0,0.0,0.0,0,0.0,0.5,1.0,12492,0,62,0.4025974025974026,0.09094585486407548,0.16535609975286453,0.0,0.25630195461694,0.51260390923388,0,0,0,0,0.0,0.4990566037735849,0.7500853445321897,13450.0,13450.0,1.0,True,129.16666666666666,168.29545454545453
qft_n18.qasm,qft_n18,2,reservation_reset__per_tenant_reserved__cq2__ten4__res500__reset0__noepr__global__per_operation,reservation_reset,per_tenant_reserved,2,4,500,0,False,global,per_operation,64,48,False,False,False,False,0,0,0.0,0.0,0.0,0.0,0.0,0.0,0,0.0,0.5,1.0,5414,0,40,0.2597402597402597,0.11730589335827876,0.0,0.0,0.2971936389148737,0.4144995322731525,0,0,0,0,0.0,0.48783783783783785,0.7502213457630718,7270.0,7270.0,1.0,False,325.0,76.28787878787878
qft_n18.qasm,qft_n18,2,reservation_reset__per_tenant_reserved__cq2__ten4__res500__reset50__noepr__global__per_operation,reservation_reset,per_tenant_reserved,2,4,500,50,False,global,per_operation,64,48,False,False,False,False,0,0,0.0,0.0,0.0,0.0,0.0,0.0,0,0.0,0.5,1.0,9251,0,40,0.2597402597402597,0.11153606688606243,0.05069821222093747,0.0,0.3261584986213644,0.4883927777283643,0,0,0,0,0.0,0.48783783783783785,0.7501287362740894,10520.0,10520.0,1.0,False,276.0416666666667,100.53030303030303
qft_n18.qasm,qft_n18,2,reservation_reset__per_tenant_reserved__cq2__ten4__res500__reset200__noepr__global__per_operation,reservation_reset,per_tenant_reserved,2,4,500,200,False,global,per_operation,64,48,False,False,False,False,0,22,0.0,0.0,0.0,0.0,0.0,0.0,0,0.0,0.5,1.0,13511,0,62,0.4025974025974026,0.08860870326591366,0.1611067332107521,0.0,0.34532878031695996,0.5950442167936257,0,0,0,0,0.0,0.4990566037735849,0.7500853445321897,13450.0,13450.0,1.0,True,129.16666666666666,168.29545454545453
qft_n18.qasm,qft_n18,2,reservation_reset__per_tenant_reserved__cq2__ten4__res2000__reset0__noepr__global__per_operation,reservation_reset,per_tenant_reserved,2,4,2000,0,False,global,per_operation,64,48,False,False,False,False,0,0,0.0,0.0,0.0,0.0,0.0,0.0,0,0.0,0.5,1.0,5434,0,40,0.2597402597402597,0.10961538461538461,0.0,0.0,0.3104895104895105,0.4201048951048951,0,0,0,0,0.0,0.48783783783783785,0.7502213457630718,7270.0,7270.0,1.0,False,325.0,76.28787878787878
qft_n18.qasm,qft_n18,2,reservation_reset__per_tenant_reserved__cq2__ten4__res2000__reset50__noepr__global__per_operation,reservation_reset,per_tenant_reserved,2,4,2000,50,False,global,per_operation,64,48,False,False,False,False,0,0,0.0,0.0,0.0,0.0,0.0,0.0,0,0.0,0.5,1.0,9458,0,40,0.2597402597402597,0.10937636284343655,0.04971652856519843,0.0,0.3525512429132141,0.5116441343218491,0,0,0,0,0.0,0.48783783783783785,0.7501287362740894,10520.0,10520.0,1.0,False,276.0416666666667,100.53030303030303
qft_n18.qasm,qft_n18,2,reservation_reset__per_tenant_reserved__cq2__ten4__res2000__reset200__noepr__global__per_operation,reservation_reset,per_tenant_reserved,2,4,2000,200,False,global,per_operation,64,48,False,False,False,False,0,22,0.0,0.0,0.0,0.0,0.0,0.0,0,0.0,0.5,1.0,12904,0,62,0.4025974025974026,0.08769497400346621,0.15944540727902945,0.0,0.3836221837088388,0.6307625649913345,0,0,0,0,0.0,0.4990566037735849,0.7500853445321897,13450.0,13450.0,1.0,True,129.16666666666666,168.29545454545453
sat_n11.qasm,sat_n11,0,reservation_reset__per_tenant_reserved__cq2__ten4__res0__reset0__noepr__global__per_operation,reservation_reset,per_tenant_reserved,2,4,0,0,False,global,per_operation,64,48,False,False,False,False,0,0,0.0,0.0,0.0,0.0,0.0,0.0,0,0.0,0.5,1.0,2293,0,40,0.3225806451612903,0.08077629163388408,0.0,0.0,0.08077629163388408,0.16155258326776817,0,0,0,0,0.0,0.49,0.7502836297909767,4005.0,4005.0,1.0,False,325.0,97.01388888888889
sat_n11.qasm,sat_n11,0,reservation_reset__per_tenant_reserved__cq2__ten4__res0__reset50__noepr__global__per_operation,reservation_reset,per_tenant_reserved,2,4,0,50,False,global,per_operation,64,48,False,False,False,False,0,0,0.0,0.0,0.0,0.0,0.0,0.0,0,0.0,0.5,1.0,3550,0,40,0.3225806451612903,0.08429887783961318,0.03831767174527872,0.0,0.12261654958489189,0.24523309916978378,0,0,0,0,0.0,0.49,0.7501895474958669,5755.0,5755.0,1.0,False,276.0416666666667,121.31944444444444
sat_n11.qasm,sat_n11,0,reservation_reset__per_tenant_reserved__cq2__ten4__res0__reset200__noepr__global__per_operation,reservation_reset,per_tenant_reserved,2,4,0,200,False,global,per_operation,64,48,False,False,False,False,0,2,0.0,0.0,0.0,0.0,0.0,0.0,0,0.0,0.5,1.0,4950,0,42,0.3387096774193548,0.07931762223003869,0.14421385860007035,0.0,0.22353148083010904,0.4470629616602181,0,0,0,0,0.0,0.48583815028901733,0.7501007315860285,10385.0,10385.0,1.0,True,129.16666666666666,191.98529411764707
sat_n11.qasm,sat_n11,0,reservation_reset__per_tenant_reserved__cq2__ten4__res500__reset0__noepr__global__per_operation,reservation_reset,per_tenant_reserved,2,4,500,0,False,global,per_operation,64,48,False,False,False,False,0,0,0.0,0.0,0.0,0.0,0.0,0.0,0,0.0,0.5,1.0,2557,0,40,0.3225806451612903,0.08100999473961074,0.0,0.0,0.2358846221287042,0.31689461686831494,0,0,0,0,0.0,0.49,0.7502836297909767,4005.0,4005.0,1.0,False,325.0,97.01388888888889
sat_n11.qasm,sat_n11,0,reservation_reset__per_tenant_reserved__cq2__ten4__res500__reset50__noepr__global__per_operation,reservation_reset,per_tenant_reserved,2,4,500,50,False,global,per_operation,64,48,False,False,False,False,0,0,0.0,0.0,0.0,0.0,0.0,0.0,0,0.0,0.5,1.0,3574,0,40,0.3225806451612903,0.08256265916097037,0.03752848143680472,0.0,0.2634141982754769,0.383505338873252,0,0,0,0,0.0,0.49,0.7501895474958669,5755.0,5755.0,1.0,False,276.0416666666667,121.31944444444444
sat_n11.qasm,sat_n11,0,reservation_reset__per_tenant_reserved__cq2__ten4__res500__reset200__noepr__global__per_operation,reservation_reset,per_tenant_reserved,2,4,500,200,False,global,per_operation,64,48,False,False,False,False,0,2,0.0,0.0,0.0,0.0,0.0,0.0,0,0.0,0.5,1.0,5198,0,42,0.3387096774193548,0.07918879768227909,0.14397963214959836,0.0,0.3102585487906589,0.5334269786225363,0,0,0,0,0.0,0.48583815028901733,0.7501007315860285,10385.0,10385.0,1.0,True,129.16666666666666,191.98529411764707
sat_n11.qasm,sat_n11,0,reservation_reset__per_tenant_reserved__cq2__ten4__res2000__reset0__noepr__global__per_operation,reservation_reset,per_tenant_reserved,2,4,2000,0,False,global,per_operation,64,48,False,False,False,False,0,0,0.0,0.0,0.0,0.0,0.0,0.0,0,0.0,0.5,1.0,2237,0,40,0.3225806451612903,0.08076923076923077,0.0,0.0,0.2681818181818182,0.34895104895104895,0,0,0,0,0.0,0.49,0.7502836297909767,4005.0,4005.0,1.0,False,325.0,97.01388888888889
sat_n11.qasm,sat_n11,0,reservation_reset__per_tenant_reserved__cq2__ten4__res2000__reset50__noepr__global__per_operation,reservation_reset,per_tenant_reserved,2,4,2000,50,False,global,per_operation,64,48,False,False,False,False,0,0,0.0,0.0,0.0,0.0,0.0,0.0,0,0.0,0.5,1.0,3676,0,40,0.3225806451612903,0.08059310946358482,0.03663323157435674,0.0,0.29114696903619713,0.4083733100741387,0,0,0,0,0.0,0.49,0.7501895474958669,5755.0,5755.0,1.0,False,276.0416666666667,121.31944444444444
sat_n11.qasm,sat_n11,0,reservation_reset__per_tenant_reserved__cq2__ten4__res2000__reset200__noepr__global__per_operation,reservation_reset,per_tenant_reserved,2,4,2000,200,False,global,per_operation,64,48,False,False,False,False,0,2,0.0,0.0,0.0,0.0,0.0,0.0,0,0.0,0.5,1.0,4994,0,42,0.3387096774193548,0.0781629116117851,0.14211438474870017,0.0,0.35004332755632583,0.570320623916811,0,0,0,0,0.0,0.48583815028901733,0.7501007315860285,10385.0,10385.0,1.0,True,129.16666666666666,191.98529411764707
sat_n11.qasm,sat_n11,1,reservation_reset__per_tenant_reserved__cq2__ten4__res0__reset0__noepr__global__per_operation,reservation_reset,per_tenant_reserved,2,4,0,0,False,global,per_operation,64,48,False,False,False,False,0,0,0.0,0.0,0.0,0.0,0.0,0.0,0,0.0,0.5,1.0,2245,0,40,0.3225806451612903,0.08109175479397955,0.0,0.0,0.08109175479397955,0.1621835095879591,0,0,0,0,0.0,0.49,0.7502836297909767,4005.0,4005.0,1.0,False,325.0,97.01388888888889
sat_n11.qasm,sat_n11,1,reservation_reset__per_tenant_reserved__cq2__ten4__res0__reset50__noepr__global__per_operation,reservation_reset,per_tenant_reserved,2,4,0,50,False,global,per_operation,64,48,False,False,False,False,0,0,0.0,0.0,0.0,0.0,0.0,0.0,0,0.0,0.5,1.0,3474,0,40,0.3225806451612903,0.08131655372700872,0.03696206987591305,0.0,0.11827862360292177,0.23655724720584353,0,0,0,0,0.0,0.49,0.7501895474958669,5755.0,5755.0,1.0,False,276.0416666666667,121.31944444444444
sat_n11.qasm,sat_n11,1,reservation_reset__per_tenant_reserved__cq2__ten4__res0__reset200__noepr__global__per_operation,reservation_reset,per_tenant_reserved,2,4,0,200,False,global,per_operation,64,48,False,False,False,False,0,2,0.0,0.0,0.0,0.0,0.0,0.0,0,0.0,0.5,1.0,5088,0,42,0.3387096774193548,0.07913321928323902,0.14387858051498004,0.0,0.22301179979821906,0.4460235995964381,0,0,0,0,0.0,0.48583815028901733,0.7501007315860285,10385.0,10385.0,1.0,True,129.16666666666666,191.98529411764707
sat_n11.qasm,sat_n11,1,reservation_reset__per_tenant_reserved__cq2__ten4__res500__reset0__noepr__global__per_operation,reservation_reset,per_tenant_reserved,2,4,500,0,False,global,per_operation,64,48,False,False,False,False,0,0,0.0,0.0,0.0,0.0,0.0,0.0,0,0.0,0.5,1.0,2267,0,40,0.3225806451612903,0.08098159509202454,0.0,0.0,0.2358019281332165,0.316783523225241,0,0,0,0,0.0,0.49,0.7502836297909767,4005.0,4005.0,1.0,False,325.0,97.01388888888889
sat_n11.qasm,sat_n11,1,reservation_reset__per_tenant_reserved__cq2__ten4__res500__reset50__noepr__global__per_operation,reservation_reset,per_tenant_reserved,2,4,500,50,False,global,per_operation,64,48,False,False,False,False,0,0,0.0,0.0,0.0,0.0,0.0,0.0,0,0.0,0.5,1.0,3429,0,40,0.3225806451612903,0.0858456821665815,0.03902076462117341,0.0,0.2738886050076648,0.3987550517954197,0,0,0,0,0.0,0.49,0.7501895474958669,5755.0,5755.0,1.0,False,276.0416666666667,121.31944444444444
sat_n11.qasm,sat_n11,1,reservation_reset__per_tenant_reserved__cq2__ten4__res500__reset200__noepr__global__per_operation,reservation_reset,per_tenant_reserved,2,4,500,200,False,global,per_operation,64,48,False,False,False,False,0,2,0.0,0.0,0.0,0.0,0.0,0.0,0,0.0,0.5,1.0,5103,0,42,0.3387096774193548,0.07958706489610447,0.14470375435655358,0.0,0.31181894383906117,0.5361097630917192,0,0,0,0,0.0,0.48583815028901733,0.7501007315860285,10385.0,10385.0,1.0,True,129.16666666666666,191.98529411764707
sat_n11.qasm,sat_n11,1,reservation_reset__per_tenant_reserved__cq2__ten4__res2000__reset0__noepr__global__per_operation,reservation_reset,per_tenant_reserved,2,4,2000,0,False,global,per_operation,64,48,False,False,False,False,0,0,0.0,0.0,0.0,0.0,0.0,0.0,0,0.0,0.5,1.0,2283,0,40,0.3225806451612903,0.08076923076923077,0.0,0.0,0.2681818181818182,0.34895104895104895,0,0,0,0,0.0,0.49,0.7502836297909767,4005.0,4005.0,1.0,False,325.0,97.01388888888889
sat_n11.qasm,sat_n11,1,reservation_reset__per_tenant_reserved__cq2__ten4__res2000__reset50__noepr__global__per_operation,reservation_reset,per_tenant_reserved,2,4,2000,50,False,global,per_operation,64,48,False,False,False,False,0,0,0.0,0.0,0.0,0.0,0.0,0.0,0,0.0,0.5,1.0,3322,0,40,0.3225806451612903,0.08059310946358482,0.03663323157435674,0.0,0.29114696903619713,0.4083733100741387,0,0,0,0,0.0,0.49,0.7501895474958669,5755.0,5755.0,1.0,False,276.0416666666667,121.31944444444444
sat_n11.qasm,sat_n11,1,reservation_reset__per_tenant_reserved__cq2__ten4__res2000__reset200__noepr__global__per_operation,reservation_reset,per_tenant_reserved,2,4,2000,200,False,global,per_operation,64,48,False,False,False,False,0,2,0.0,0.0,0.0,0.0,0.0,0.0,0,0.0,0.5,1.0,4916,0,42,0.3387096774193548,0.0781629116117851,0.14211438474870017,0.0,0.35004332755632583,0.570320623916811,0,0,0,0,0.0,0.48583815028901733,0.7501007315860285,10385.0,10385.0,1.0,True,129.16666666666666,191.98529411764707
sat_n11.qasm,sat_n11,2,reservation_reset__per_tenant_reserved__cq2__ten4__res0__reset0__noepr__global__per_operation,reservation_reset,per_tenant_reserved,2,4,0,0,False,global,per_operation,64,48,False,False,False,False,0,0,0.0,0.0,0.0,0.0,0.0,0.0,0,0.0,0.5,1.0,2427,0,40,0.3225806451612903,0.08515736601999908,0.0,0.0,0.08515736601999908,0.17031473203999817,0,0,0,0,0.0,0.49,0.7502836297909767,4005.0,4005.0,1.0,False,325.0,97.01388888888889
sat_n11.qasm,sat_n11,2,reservation_reset__per_tenant_reserved__cq2__ten4__res0__reset50__noepr__global__per_operation,reservation_reset,per_tenant_reserved,2,4,0,50,False,global,per_operation,64,48,False,False,False,False,0,0,0.0,0.0,0.0,0.0,0.0,0.0,0,0.0,0.5,1.0,3322,0,40,0.3225806451612903,0.08072689149047703,0.03669404158658046,0.0,0.11742093307705749,0.23484186615411498,0,0,0,0,0.0,0.49,0.7501895474958669,5755.0,5755.0,1.0,False,276.0416666666667,121.31944444444444
sat_n11.qasm,sat_n11,2,reservation_reset__per_tenant_reserved__cq2__ten4__res0__reset200__noepr__global__per_operation,reservation_reset,per_tenant_reserved,2,4,0,200,False,global,per_operation,64,48,False,False,False,False,0,2,0.0,0.0,0.0,0.0,0.0,0.0,0,0.0,0.5,1.0,4818,0,42,0.3387096774193548,0.08160680358273772,0.14837600651406857,0.0,0.2299828100968063,0.4599656201936126,0,0,0,0,0.0,0.48583815028901733,0.7501007315860285,10385.0,10385.0,1.0,True,129.16666666666666,191.98529411764707
sat_n11.qasm,sat_n11,2,reservation_reset__per_tenant_reserved__cq2__ten4__res500__reset0__noepr__global__per_operation,reservation_reset,per_tenant_reserved,2,4,500,0,False,global,per_operation,64,48,False,False,False,False,0,0,0.0,0.0,0.0,0.0,0.0,0.0,0,0.0,0.5,1.0,2269,0,40,0.3225806451612903,0.08243008162719122,0.0,0.0,0.24001962620991124,0.3224497078371025,0,0,0,0,0.0,0.49,0.7502836297909767,4005.0,4005.0,1.0,False,325.0,97.01388888888889
sat_n11.qasm,sat_n11,2,reservation_reset__per_tenant_reserved__cq2__ten4__res500__reset50__noepr__global__per_operation,reservation_reset,per_tenant_reserved,2,4,500,50,False,global,per_operation,64,48,False,False,False,False,0,0,0.0,0.0,0.0,0.0,0.0,0.0,0,0.0,0.5,1.0,3823,0,40,0.3225806451612903,0.08203853325046613,0.037290242386575516,0.0,0.2617419870372015,0.3810707626742431,0,0,0,0,0.0,0.49,0.7501895474958669,5755.0,5755.0,1.0,False,276.0416666666667,121.31944444444444
sat_n11.qasm,sat_n11,2,reservation_reset__per_tenant_reserved__cq2__ten4__res500__reset200__noepr__global__per_operation,reservation_reset,per_tenant_reserved,2,4,500,200,False,global,per_operation,64,48,False,False,False,False,0,2,0.0,0.0,0.0,0.0,0.0,0.0,0,0.0,0.5,1.0,5007,0,42,0.3387096774193548,0.07933855220336002,0.1442519130970182,0.0,0.3108452810273551,0.5344357463277333,0,0,0,0,0.0,0.48583815028901733,0.7501007315860285,10385.0,10385.0,1.0,True,129.16666666666666,191.98529411764707
sat_n11.qasm,sat_n11,2,reservation_reset__per_tenant_reserved__cq2__ten4__res2000__reset0__noepr__global__per_operation,reservation_reset,per_tenant_reserved,2,4,2000,0,False,global,per_operation,64,48,False,False,False,False,0,0,0.0,0.0,0.0,0.0,0.0,0.0,0,0.0,0.5,1.0,2443,0,40,0.3225806451612903,0.08076923076923077,0.0,0.0,0.2681818181818182,0.34895104895104895,0,0,0,0,0.0,0.49,0.7502836297909767,4005.0,4005.0,1.0,False,325.0,97.01388888888889
sat_n11.qasm,sat_n11,2,reservation_reset__per_tenant_reserved__cq2__ten4__res2000__reset50__noepr__global__per_operation,reservation_reset,per_tenant_reserved,2,4,2000,50,False,global,per_operation,64,48,False,False,False,False,0,0,0.0,0.0,0.0,0.0,0.0,0.0,0,0.0,0.5,1.0,3558,0,40,0.3225806451612903,0.08059310946358482,0.03663323157435674,0.0,0.29114696903619713,0.4083733100741387,0,0,0,0,0.0,0.49,0.7501895474958669,5755.0,5755.0,1.0,False,276.0416666666667,121.31944444444444
sat_n11.qasm,sat_n11,2,reservation_reset__per_tenant_reserved__cq2__ten4__res2000__reset200__noepr__global__per_operation,reservation_reset,per_tenant_reserved,2,4,2000,200,False,global,per_operation,64,48,False,False,False,False,0,2,0.0,0.0,0.0,0.0,0.0,0.0,0,0.0,0.5,1.0,4836,0,42,0.3387096774193548,0.0781629116117851,0.14211438474870017,0.0,0.35004332755632583,0.570320623916811,0,0,0,0,0.0,0.48583815028901733,0.7501007315860285,10385.0,10385.0,1.0,True,129.16666666666666,191.98529411764707
square_root_n18.qasm,square_root_n18,0,reservation_reset__per_tenant_reserved__cq2__ten4__res0__reset0__noepr__global__per_operation,reservation_reset,per_tenant_reserved,2,4,0,0,False,global,per_operation,64,48,False,False,False,False,0,3,0.0,0.0,0.0,0.0,0.0,0.0,0,0.0,0.5,1.0,21453,0,43,0.2107843137254902,0.1556307394876752,0.0,0.0,0.1556307394876752,0.3112614789753504,0,0,0,0,0.0,0.42992436807536655,0.7500997051767893,12465.0,12465.0,1.0,True,325.0,68.25221238938053
square_root_n18.qasm,square_root_n18,0,reservation_reset__per_tenant_reserved__cq2__ten4__res0__reset50__noepr__global__per_operation,reservation_reset,per_tenant_reserved,2,4,0,50,False,global,per_operation,64,48,False,False,False,False,0,38,0.0,0.0,0.0,0.0,0.0,0.0,0,0.0,0.5,1.0,29421,0,78,0.38235294117647056,0.12416573348264277,0.05643896976483763,0.0,0.1806047032474804,0.3612094064949608,0,0,0,0,0.0,0.47317596566523606,0.7500935927357458,12465.0,12465.0,1.0,True,276.0416666666667,98.87820512820512
square_root_n18.qasm,square_root_n18,0,reservation_reset__per_tenant_reserved__cq2__ten4__res0__reset200__noepr__global__per_operation,reservation_reset,per_tenant_reserved,2,4,0,200,False,global,per_operation,64,48,False,False,False,False,0,76,0.0,0.0,0.0,0.0,0.0,0.0,0,0.0,0.5,1.0,30449,0,116,0.5686274509803921,0.08463387978142077,0.15387978142076503,0.0,0.23851366120218578,0.47702732240437157,0,0,0,0,0.0,0.4959016393442623,0.7500899954989291,12235.0,12235.0,1.0,True,129.16666666666666,174.4375
square_root_n18.qasm,square_root_n18,0,reservation_reset__per_tenant_reserved__cq2__ten4__res500__reset0__noepr__global__per_operation,reservation_reset,per_tenant_reserved,2,4,500,0,False,global,per_operation,64,48,False,False,False,False,0,3,0.0,0.0,0.0,0.0,0.0,0.0,0,0.0,0.5,1.0,20615,0,43,0.2107843137254902,0.15626930203829525,0.0,0.0,0.34973087443748346,0.5060001764757787,0,0,0,0,0.0,0.42992436807536655,0.7500997051767893,12465.0,12465.0,1.0,True,325.0,68.25221238938053
square_root_n18.qasm,square_root_n18,0,reservation_reset__per_tenant_reserved__cq2__ten4__res500__reset50__noepr__global__per_operation,reservation_reset,per_tenant_reserved,2,4,500,50,False,global,per_operation,64,48,False,False,False,False,0,38,0.0,0.0,0.0,0.0,0.0,0.0,0,0.0,0.5,1.0,29682,0,78,0.38235294117647056,0.12409902851770604,0.05640864932623002,0.0,0.3549268030621838,0.5354344809061199,0,0,0,0,0.0,0.47317596566523606,0.7500935927357458,12465.0,12465.0,1.0,True,276.0416666666667,98.87820512820512
square_root_n18.qasm,square_root_n18,0,reservation_reset__per_tenant_reserved__cq2__ten4__res500__reset200__noepr__global__per_operation,reservation_reset,per_tenant_reserved,2,4,500,200,False,global,per_operation,64,48,False,False,False,False,0,76,0.0,0.0,0.0,0.0,0.0,0.0,0,0.0,0.5,1.0,30442,0,116,0.5686274509803921,0.08587269904635174,0.1561321800842759,0.0,0.339853626081171,0.5818585052117986,0,0,0,0,0.0,0.4959016393442623,0.7500899954989291,12235.0,12235.0,1.0,True,129.16666666666666,174.4375
square_root_n18.qasm,square_root_n18,0,reservation_reset__per_tenant_reserved__cq2__ten4__res2000__reset0__noepr__global__per_operation,reservation_reset,per_tenant_reserved,2,4,2000,0,False,global,per_operation,64,48,False,False,False,False,0,3,0.0,0.0,0.0,0.0,0.0,0.0,0,0.0,0.5,1.0,20973,0,43,0.2107843137254902,0.1548076923076923,0.0,0.0,0.3792395104895105,0.5340472027972027,0,0,0,0,0.0,0.42992436807536655,0.7500997051767893,12465.0,12465.0,1.0,True,325.0,68.25221238938053
square_root_n18.qasm,square_root_n18,0,reservation_reset__per_tenant_reserved__cq2__ten4__res2000__reset50__noepr__global__per_operation,reservation_reset,per_tenant_reserved,2,4,2000,50,False,global,per_operation,64,48,False,False,False,False,0,38,0.0,0.0,0.0,0.0,0.0,0.0,0,0.0,0.5,1.0,30872,0,78,0.38235294117647056,0.12088966419537724,0.054949847361535104,0.0,0.3790667248146533,0.5549062363715657,0,0,0,0,0.0,0.47317596566523606,0.7500935927357458,12465.0,12465.0,1.0,True,276.0416666666667,98.87820512820512
square_root_n18.qasm,square_root_n18,0,reservation_reset__per_tenant_reserved__cq2__ten4__res2000__reset200__noepr__global__per_operation,reservation_reset,per_tenant_reserved,2,4,2000,200,False,global,per_operation,64,48,False,False,False,False,0,76,0.0,0.0,0.0,0.0,0.0,0.0,0,0.0,0.5,1.0,28659,0,116,0.5686274509803921,0.08388214904679377,0.15251299826689774,0.0,0.37019064124783363,0.6065857885615251,0,0,0,0,0.0,0.4959016393442623,0.7500899954989291,12235.0,12235.0,1.0,True,129.16666666666666,174.4375
square_root_n18.qasm,square_root_n18,1,reservation_reset__per_tenant_reserved__cq2__ten4__res0__reset0__noepr__global__per_operation,reservation_reset,per_tenant_reserved,2,4,0,0,False,global,per_operation,64,48,False,False,False,False,0,3,0.0,0.0,0.0,0.0,0.0,0.0,0,0.0,0.5,1.0,20535,0,43,0.2107843137254902,0.1551331464611072,0.0,0.0,0.1551331464611072,0.3102662929222144,0,0,0,0,0.0,0.42992436807536655,0.7500997051767893,12465.0,12465.0,1.0,True,325.0,68.25221238938053
square_root_n18.qasm,square_root_n18,1,reservation_reset__per_tenant_reserved__cq2__ten4__res0__reset50__noepr__global__per_operation,reservation_reset,per_tenant_reserved,2,4,0,50,False,global,per_operation,64,48,False,False,False,False,0,38,0.0,0.0,0.0,0.0,0.0,0.0,0,0.0,0.5,1.0,30144,0,78,0.38235294117647056,0.1265406737880033,0.05751848808545604,0.0,0.18405916187345933,0.36811832374691866,0,0,0,0,0.0,0.47317596566523606,0.7500935927357458,12465.0,12465.0,1.0,True,276.0416666666667,98.87820512820512
square_root_n18.qasm,square_root_n18,1,reservation_reset__per_tenant_reserved__cq2__ten4__res0__reset200__noepr__global__per_operation,reservation_reset,per_tenant_reserved,2,4,0,200,False,global,per_operation,64,48,False,False,False,False,0,76,0.0,0.0,0.0,0.0,0.0,0.0,0,0.0,0.5,1.0,29443,0,116,0.5686274509803921,0.08455256147093505,0.15373192994715465,0.0,0.23828449141808972,0.47656898283617943,0,0,0,0,0.0,0.4959016393442623,0.7500899954989291,12235.0,12235.0,1.0,True,129.16666666666666,174.4375
square_root_n18.qasm,square_root_n18,1,reservation_reset__per_tenant_reserved__cq2__ten4__res500__reset0__noepr__global__per_operation,reservation_reset,per_tenant_reserved,2,4,500,0,False,global,per_operation,64,48,False,False,False,False,0,3,0.0,0.0,0.0,0.0,0.0,0.0,0,0.0,0.5,1.0,20767,0,43,0.2107843137254902,0.16001084206722083,0.0,0.0,0.3581044452475605,0.5181152873147814,0,0,0,0,0.0,0.42992436807536655,0.7500997051767893,12465.0,12465.0,1.0,True,325.0,68.25221238938053
square_root_n18.qasm,square_root_n18,1,reservation_reset__per_tenant_reserved__cq2__ten4__res500__reset50__noepr__global__per_operation,reservation_reset,per_tenant_reserved,2,4,500,50,False,global,per_operation,64,48,False,False,False,False,0,38,0.0,0.0,0.0,0.0,0.0,0.0,0,0.0,0.5,1.0,29702,0,78,0.38235294117647056,0.12326574172892209,0.056029882604055496,0.0,0.3525435787975809,0.5318392031305585,0,0,0,0,0.0,0.47317596566523606,0.7500935927357458,12465.0,12465.0,1.0,True,276.0416666666667,98.87820512820512
square_root_n18.qasm,square_root_n18,1,reservation_reset__per_tenant_reserved__cq2__ten4__res500__reset200__noepr__global__per_operation,reservation_reset,per_tenant_reserved,2,4,500,200,False,global,per_operation,64,48,False,False,False,False,0,76,0.0,0.0,0.0,0.0,0.0,0.0,0,0.0,0.5,1.0,30091,0,116,0.5686274509803921,0.08474131138930228,0.15407511161691326,0.0,0.3353759957979515,0.574192418804167,0,0,0,0,0.0,0.4959016393442623,0.7500899954989291,12235.0,12235.0,1.0,True,129.16666666666666,174.4375
square_root_n18.qasm,square_root_n18,1,reservation_reset__per_tenant_reserved__cq2__ten4__res2000__reset0__noepr__global__per_operation,reservation_reset,per_tenant_reserved,2,4,2000,0,False,global,per_operation,64,48,False,False,False,False,0,3,0.0,0.0,0.0,0.0,0.0,0.0,0,0.0,0.5,1.0,21415,0,43,0.2107843137254902,0.1548076923076923,0.0,0.0,0.3792395104895105,0.5340472027972027,0,0,0,0,0.0,0.42992436807536655,0.7500997051767893,12465.0,12465.0,1.0,True,325.0,68.25221238938053
square_root_n18.qasm,square_root_n18,1,reservation_reset__per_tenant_reserved__cq2__ten4__res2000__reset50__noepr__global__per_operation,reservation_reset,per_tenant_reserved,2,4,2000,50,False,global,per_operation,64,48,False,False,False,False,0,38,0.0,0.0,0.0,0.0,0.0,0.0,0,0.0,0.5,1.0,29442,0,78,0.38235294117647056,0.12088966419537724,0.054949847361535104,0.0,0.3790667248146533,0.5549062363715657,0,0,0,0,0.0,0.47317596566523606,0.7500935927357458,12465.0,12465.0,1.0,True,276.0416666666667,98.87820512820512
square_root_n18.qasm,square_root_n18,1,reservation_reset__per_tenant_reserved__cq2__ten4__res2000__reset200__noepr__global__per_operation,reservation_reset,per_tenant_reserved,2,4,2000,200,False,global,per_operation,64,48,False,False,False,False,0,76,0.0,0.0,0.0,0.0,0.0,0.0,0,0.0,0.5,1.0,30299,0,116,0.5686274509803921,0.08388214904679377,0.15251299826689774,0.0,0.37019064124783363,0.6065857885615251,0,0,0,0,0.0,0.4959016393442623,0.7500899954989291,12235.0,12235.0,1.0,True,129.16666666666666,174.4375
square_root_n18.qasm,square_root_n18,2,reservation_reset__per_tenant_reserved__cq2__ten4__res0__reset0__noepr__global__per_operation,reservation_reset,per_tenant_reserved,2,4,0,0,False,global,per_operation,64,48,False,False,False,False,0,3,0.0,0.0,0.0,0.0,0.0,0.0,0,0.0,0.5,1.0,20994,0,43,0.2107843137254902,0.1565801688696344,0.0,0.0,0.1565801688696344,0.3131603377392688,0,0,0,0,0.0,0.42992436807536655,0.7500997051767893,12465.0,12465.0,1.0,True,325.0,68.25221238938053
square_root_n18.qasm,square_root_n18,2,reservation_reset__per_tenant_reserved__cq2__ten4__res0__reset50__noepr__global__per_operation,reservation_reset,per_tenant_reserved,2,4,0,50,False,global,per_operation,64,48,False,False,False,False,0,38,0.0,0.0,0.0,0.0,0.0,0.0,0,0.0,0.5,1.0,29604,0,78,0.38235294117647056,0.12328218812541694,0.056037358238825885,0.0,0.17931954636424283,0.35863909272848565,0,0,0,0,0.0,0.47317596566523606,0.7500935927357458,12465.0,12465.0,1.0,True,276.0416666666667,98.87820512820512
square_root_n18.qasm,square_root_n18,2,reservation_reset__per_tenant_reserved__cq2__ten4__res0__reset200__noepr__global__per_operation,reservation_reset,per_tenant_reserved,2,4,0,200,False,global,per_operation,64,48,False,False,False,False,0,76,0.0,0.0,0.0,0.0,0.0,0.0,0,0.0,0.5,1.0,29065,0,116,0.5686274509803921,0.08464498076250437,0.15389996502273523,0.0,0.2385449457852396,0.4770898915704792,0,0,0,0,0.0,0.4959016393442623,0.7500899954989291,12235.0,12235.0,1.0,True,129.16666666666666,174.4375
square_root_n18.qasm,square_root_n18,2,reservation_reset__per_tenant_reserved__cq2__ten4__res500__reset0__noepr__global__per_operation,reservation_reset,per_tenant_reserved,2,4,500,0,False,global,per_operation,64,48,False,False,False,False,0,3,0.0,0.0,0.0,0.0,0.0,0.0,0,0.0,0.5,1.0,21269,0,43,0.2107843137254902,0.15477386934673368,0.0,0.0,0.3463840943849683,0.501157963731702,0,0,0,0,0.0,0.42992436807536655,0.7500997051767893,12465.0,12465.0,1.0,True,325.0,68.25221238938053
square_root_n18.qasm,square_root_n18,2,reservation_reset__per_tenant_reserved__cq2__ten4__res500__reset50__noepr__global__per_operation,reservation_reset,per_tenant_reserved,2,4,500,50,False,global,per_operation,64,48,False,False,False,False,0,38,0.0,0.0,0.0,0.0,0.0,0.0,0,0.0,0.5,1.0,29604,0,78,0.38235294117647056,0.129351376574895,0.058796080261315914,0.0,0.3699486700886608,0.5580961269248716,0,0,0,0,0.0,0.47317596566523606,0.7500935927357458,12465.0,12465.0,1.0,True,276.0416666666667,98.87820512820512
square_root_n18.qasm,square_root_n18,2,reservation_reset__per_tenant_reserved__cq2__ten4__res500__reset200__noepr__global__per_operation,reservation_reset,per_tenant_reserved,2,4,500,200,False,global,per_operation,64,48,False,False,False,False,0,76,0.0,0.0,0.0,0.0,0.0,0.0,0,0.0,0.5,1.0,29817,0,116,0.5686274509803921,0.08572820263029712,0.15586945932781296,0.0,0.33928176061639287,0.580879422574503,0,0,0,0,0.0,0.4959016393442623,0.7500899954989291,12235.0,12235.0,1.0,True,129.16666666666666,174.4375
square_root_n18.qasm,square_root_n18,2,reservation_reset__per_tenant_reserved__cq2__ten4__res2000__reset0__noepr__global__per_operation,reservation_reset,per_tenant_reserved,2,4,2000,0,False,global,per_operation,64,48,False,False,False,False,0,3,0.0,0.0,0.0,0.0,0.0,0.0,0,0.0,0.5,1.0,20913,0,43,0.2107843137254902,0.1548076923076923,0.0,0.0,0.3792395104895105,0.5340472027972027,0,0,0,0,0.0,0.42992436807536655,0.7500997051767893,12465.0,12465.0,1.0,True,325.0,68.25221238938053
square_root_n18.qasm,square_root_n18,2,reservation_reset__per_tenant_reserved__cq2__ten4__res2000__reset50__noepr__global__per_operation,reservation_reset,per_tenant_reserved,2,4,2000,50,False,global,per_operation,64,48,False,False,False,False,0,38,0.0,0.0,0.0,0.0,0.0,0.0,0,0.0,0.5,1.0,29954,0,78,0.38235294117647056,0.12088966419537724,0.054949847361535104,0.0,0.3790667248146533,0.5549062363715657,0,0,0,0,0.0,0.47317596566523606,0.7500935927357458,12465.0,12465.0,1.0,True,276.0416666666667,98.87820512820512
square_root_n18.qasm,square_root_n18,2,reservation_reset__per_tenant_reserved__cq2__ten4__res2000__reset200__noepr__global__per_operation,reservation_reset,per_tenant_reserved,2,4,2000,200,False,global,per_operation,64,48,False,False,False,False,0,76,0.0,0.0,0.0,0.0,0.0,0.0,0,0.0,0.5,1.0,28625,0,116,0.5686274509803921,0.08388214904679377,0.15251299826689774,0.0,0.37019064124783363,0.6065857885615251,0,0,0,0,0.0,0.4959016393442623,0.7500899954989291,12235.0,12235.0,1.0,True,129.16666666666666,174.4375
bv_n19.qasm,bv_n19,0,reservation_reset__predicted_demand__cq2__ten4__res0__reset0__noepr__global__per_operation,reservation_reset,predicted_demand,2,4,0,0,False,global,per_operation,64,48,False,False,False,False,0,0,0.0,0.0,0.0,0.0,0.0,0.0,0,0.0,0.5,0.08333333333333333,164,0,0,0.0,0.0963433326034596,0.0,0.0,0.0963433326034596,0.1926866652069192,0,0,0,0,0.0,0.7697044334975369,0.6595270985058469,765.0,800.0,1.0457516339869282,False,306.4895833333333,183.75
bv_n19.qasm,bv_n19,0,reservation_reset__predicted_demand__cq2__ten4__res0__reset50__noepr__global__per_operation,reservation_reset,predicted_demand,2,4,0,50,False,global,per_operation,64,48,False,False,False,False,0,0,5.0625,5.0625,0.0,0.0,0.0,0.0,0,0.0,0.5,0.9375,300,0,0,0.0,0.10285179990649837,0.04675081813931744,0.0,0.1496026180458158,0.2992052360916316,0,0,0,0,0.0,0.7697044334975369,0.6758339361755086,1175.0,1175.0,1.0,False,256.5625,190.41666666666666
bv_n19.qasm,bv_n19,0,reservation_reset__predicted_demand__cq2__ten4__res0__reset200__noepr__global__per_operation,reservation_reset,predicted_demand,2,4,0,200,False,global,per_operation,64,48,False,False,False,False,0,0,29.270833333333332,38.458333333333336,9.1875,9.1875,294.0,441.0,4,0.08333333333333333,0.5416666666666666,0.8541666666666666,595,0,0,0.0,0.0967160504681936,0.17584736448762475,0.0,0.2725634149558184,0.5451268299116367,0,0,0,0,0.0,0.7697044334975369,0.5424212933619118,2075.0,4124.0,1.9874698795180723,False,336.3333333333333,183.95833333333334
bv_n19.qasm,bv_n19,0,reservation_reset__predicted_demand__cq2__ten4__res500__reset0__noepr__global__per_operation,reservation_reset,predicted_demand,2,4,500,0,False,global,per_operation,64,48,False,False,False,False,0,0,0.0,0.0,0.0,0.0,0.0,0.0,0,0.0,0.5,0.0,418,0,0,0.0,0.09234385493619879,0.0,0.0,0.3436954331766286,0.4360392881128274,0,0,0,0,0.0,0.7697044334975369,0.2561986770994741,765.0,1490.0,1.9477124183006536,False,325.0,183.75
bv_n19.qasm,bv_n19,0,reservation_reset__predicted_demand__cq2__ten4__res500__reset50__noepr__global__per_operation,reservation_reset,predicted_demand,2,4,500,50,False,global,per_operation,64,48,False,False,False,False,0,0,0.0,0.0,0.0,0.0,0.0,0.0,0,0.0,0.5,0.0,1299,0,0,0.0,0.09511456982274102,0.043233895373973194,0.0,0.36296584522265457,0.5013143104193688,0,0,0,0,0.0,0.7697044334975369,0.2544616931507072,1703.0,6828.0,4.009395184967704,False,276.0416666666667,155.54166666666666
bv_n19.qasm,bv_n19,0,reservation_reset__predicted_demand__cq2__ten4__res500__reset200__noepr__global__per_operation,reservation_reset,predicted_demand,2,4,500,200,False,global,per_operation,64,48,False,False,False,False,0,0,0.0,0.0,0.0,0.0,0.0,0.0,0,0.0,0.5,0.0,1049,0,0,0.0,0.09357720119098256,0.1701403658017865,0.0,0.3921735431731178,0.6558911101658869,0,0,0,0,0.0,0.7697044334975369,0.2516533239484985,2552.0,3172.0,1.2429467084639498,False,129.16666666666666,217.16666666666666
bv_n19.qasm,bv_n19,0,reservation_reset__predicted_demand__cq2__ten4__res2000__reset0__noepr__global__per_operation,reservation_reset,predicted_demand,2,4,2000,0,False,global,per_operation,64,48,False,False,False,False,0,6,0.0,0.0,0.0,0.0,0.0,0.0,0,0.0,0.5,0.0,1719,0,6,0.06,0.08167456556082149,0.0,0.0,0.4172906793048973,0.4989652448657188,0,0,0,0,0.0,0.7035031847133758,0.25687805397494706,765.0,470.0,0.6143790849673203,True,325.0,183.75
bv_n19.qasm,bv_n19,0,reservation_reset__predicted_demand__cq2__ten4__res2000__reset50__noepr__global__per_operation,reservation_reset,predicted_demand,2,4,2000,50,False,global,per_operation,64,48,False,False,False,False,0,0,0.0,0.0,0.0,0.0,0.0,0.0,0,0.0,0.5,0.0,1764,0,4,0.04,0.0796079909536374,0.036185450433471544,0.0,0.40578967206935546,0.5215831134564644,0,0,0,0,0.0,0.7422680412371134,0.25289756975215394,1015.0,1015.0,1.0,False,276.0416666666667,183.75
bv_n19.qasm,bv_n19,0,reservation_reset__predicted_demand__cq2__ten4__res2000__reset200__noepr__global__per_operation,reservation_reset,predicted_demand,2,4,2000,200,False,global,per_operation,64,48,False,False,False,False,0,0,0.0,0.0,0.0,0.0,0.0,0.0,0,0.0,0.5,0.0,2463,0,2,0.02,0.08191489361702127,0.14893617021276595,0.0,0.402629179331307,0.6334802431610942,0,0,0,0,0.0,0.7569356872635561,0.25103468352621233,1765.0,1765.0,1.0,False,129.16666666666666,183.75
bv_n19.qasm,bv_n19,1,reservation_reset__predicted_demand__cq2__ten4__res0__reset0__noepr__global__per_operation,reservation_reset,predicted_demand,2,4,0,0,False,global,per_operation,64,48,False,False,False,False,0,0,0.0,0.0,0.0,0.0,0.0,0.0,0,0.0,0.5,0.9375,156,0,0,0.0,0.09691203030703494,0.0,0.0,0.09691203030703494,0.19382406061406987,0,0,0,0,0.0,0.7697044334975369,0.7230136517216545,765.0,765.0,1.0,False,321.8958333333333,183.75
bv_n19.qasm,bv_n19,1,reservation_reset__predicted_demand__cq2__ten4__res0__reset50__noepr__global__per_operation,reservation_reset,predicted_demand,2,4,0,50,False,global,per_operation,64,48,False,False,False,False,0,0,5.3125,5.3125,0.0,0.0,0.0,0.0,0,0.0,0.5,0.375,311,0,0,0.0,0.09990463648335679,0.04541119840152582,0.0,0.14531583488488262,0.29063166976976523,0,0,0,0,0.0,0.7697044334975369,0.6148426253837322,1118.0,1118.0,1.0,False,271.3333333333333,142.0
bv_n19.qasm,bv_n19,1,reservation_reset__predicted_demand__cq2__ten4__res0__reset200__noepr__global__per_operation,reservation_reset,predicted_demand,2,4,0,200,False,global,per_operation,64,48,False,False,False,False,0,0,17.041666666666668,33.145833333333336,16.104166666666668,16.104166666666668,250.0,773.0,6,0.125,0.5625,0.9166666666666666,564,0,0,0.0,0.09685656423351237,0.17610284406093157,0.0,0.27295940829444393,0.5459188165888879,0,0,0,0,0.0,0.7697044334975369,0.5675194871734549,2385.0,4240.0,1.7777777777777777,False,326.90625,209.79166666666666
bv_n19.qasm,bv_n19,1,reservation_reset__predicted_demand__cq2__ten4__res500__reset0__noepr__global__per_operation,reservation_reset,predicted_demand,2,4,500,0,False,global,per_operation,64,48,False,False,False,False,0,0,0.0,0.0,0.0,0.0,0.0,0.0,0,0.0,0.5,0.0,258,0,0,0.0,0.09461144798520621,0.0,0.0,0.3503289898077667,0.44494043779297293,0,0,0,0,0.0,0.7697044334975369,0.25799972952673894,765.0,765.0,1.0,False,325.0,183.75
bv_n19.qasm,bv_n19,1,reservation_reset__predicted_demand__cq2__ten4__res500__reset50__noepr__global__per_operation,reservation_reset,predicted_demand,2,4,500,50,False,global,per_operation,64,48,False,False,False,False,0,0,0.0,0.0,0.0,0.0,0.0,0.0,0,0.0,0.5,0.0,699,0,0,0.0,0.10072337698013002,0.045783353172786374,0.0,0.3651130848823368,0.5116198150352532,0,0,0,0,0.0,0.7697044334975369,0.2538443386421469,1015.0,1015.0,1.0,False,276.0416666666667,183.75
bv_n19.qasm,bv_n19,1,reservation_reset__predicted_demand__cq2__ten4__res500__reset200__noepr__global__per_operation,reservation_reset,predicted_demand,2,4,500,200,False,global,per_operation,64,48,False,False,False,False,0,0,0.0,0.0,0.0,0.0,0.0,0.0,0,0.0,0.5,0.0,1293,0,0,0.0,0.09294465568229827,0.16899028305872413,0.0,0.3741444866920152,0.6360794254330376,0,0,0,0,0.0,0.7697044334975369,0.2515574319636672,1765.0,1765.0,1.0,False,129.16666666666666,183.75
bv_n19.qasm,bv_n19,1,reservation_reset__predicted_demand__cq2__ten4__res2000__reset0__noepr__global__per_operation,reservation_reset,predicted_demand,2,4,2000,0,False,global,per_operation,64,48,False,False,False,False,0,0,0.0,0.0,0.0,0.0,0.0,0.0,0,0.0,0.5,0.0,1175,0,0,0.0,0.0872669575565252,0.0,0.0,0.40184847282824276,0.48911543038476796,0,0,0,0,0.0,0.7697044334975369,0.2528209669019012,765.0,765.0,1.0,False,325.0,183.75
bv_n19.qasm,bv_n19,1,reservation_reset__predicted_demand__cq2__ten4__res2000__reset50__noepr__global__per_operation,reservation_reset,predicted_demand,2,4,2000,50,False,global,per_operation,64,48,False,False,False,False,0,0,0.0,0.0,0.0,0.0,0.0,0.0,0,0.0,0.5,0.0,2457,0,3,0.03,0.08345717637856863,0.037935080172076655,0.0,0.3988345717637857,0.520226828314431,0,0,0,0,0.0,0.7498406120497291,0.25198688932538466,1015.0,1015.0,1.0,False,276.0416666666667,183.75
bv_n19.qasm,bv_n19,1,reservation_reset__predicted_demand__cq2__ten4__res2000__reset200__noepr__global__per_operation,reservation_reset,predicted_demand,2,4,2000,200,False,global,per_operation,64,48,False,False,False,False,0,0,0.0,0.0,0.0,0.0,0.0,0.0,0,0.0,0.5,0.0,1906,0,0,0.0,0.08458285274894271,0.15378700499807765,0.0,0.411918492887351,0.6502883506343714,0,0,0,0,0.0,0.7697044334975369,0.25108334553956024,1765.0,1765.0,1.0,False,129.16666666666666,183.75
bv_n19.qasm,bv_n19,2,reservation_reset__predicted_demand__cq2__ten4__res0__reset0__noepr__global__per_operation,reservation_reset,predicted_demand,2,4,0,0,False,global,per_operation,64,48,False,False,False,False,0,0,0.75,0.75,0.0,0.0,0.0,0.0,0,0.0,0.5,0.22916666666666666,180,0,0,0.0,0.0972246773908432,0.0,0.0,0.0972246773908432,0.1944493547816864,0,0,0,0,0.0,0.7697044334975369,0.6960835574423343,765.0,765.0,1.0,False,308.46875,183.75
bv_n19.qasm,bv_n19,2,reservation_reset__predicted_demand__cq2__ten4__res0__reset50__noepr__global__per_operation,reservation_reset,predicted_demand,2,4,0,50,False,global,per_operation,64,48,False,False,False,False,0,0,0.0,0.0,0.0,0.0,0.0,0.0,0,0.0,0.5,0.0,321,0,0,0.0,0.09563554164493132,0.04347070074769605,0.0,0.13910624239262737,0.27821248478525473,0,0,0,0,0.0,0.7697044334975369,0.3116110394914144,1170.0,1170.0,1.0,False,264.9166666666667,190.41666666666666
bv_n19.qasm,bv_n19,2,reservation_reset__predicted_demand__cq2__ten4__res0__reset200__noepr__global__per_operation,reservation_reset,predicted_demand,2,4,0,200,False,global,per_operation,64,48,False,False,False,False,0,0,19.833333333333332,32.25,12.416666666666666,12.416666666666666,250.0,596.0,5,0.10416666666666667,0.5520833333333334,0.9375,421,0,0,0.0,0.09711737959652143,0.17657705381185715,0.0,0.27369443340837857,0.5473888668167571,0,0,0,0,0.0,0.7697044334975369,0.6809192137894575,2075.0,2695.0,1.2987951807228915,False,330.4270833333333,196.875
bv_n19.qasm,bv_n19,2,reservation_reset__predicted_demand__cq2__ten4__res500__reset0__noepr__global__per_operation,reservation_reset,predicted_demand,2,4,500,0,False,global,per_operation,64,48,False,False,False,False,0,0,0.0,0.0,0.0,0.0,0.0,0.0,0,0.0,0.5,0.0,250,0,0,0.0,0.09417808219178082,0.0,0.0,0.3449486301369863,0.4391267123287671,0,0,0,0,0.0,0.7697044334975369,0.26198260515818067,765.0,765.0,1.0,False,325.0,183.75
bv_n19.qasm,bv_n19,2,reservation_reset__predicted_demand__cq2__ten4__res500__reset50__noepr__global__per_operation,reservation_reset,predicted_demand,2,4,500,50,False,global,per_operation,64,48,False,False,False,False,0,0,0.0,0.0,0.0,0.0,0.0,0.0,0,0.0,0.5,0.0,739,0,0,0.0,0.09348574342412783,0.04249351973823992,0.0,0.355721752432754,0.49170101559512175,0,0,0,0,0.0,0.7697044334975369,0.2531572403649145,1348.0,1668.0,1.2373887240356083,False,276.0416666666667,185.75
bv_n19.qasm,bv_n19,2,reservation_reset__predicted_demand__cq2__ten4__res500__reset200__noepr__global__per_operation,reservation_reset,predicted_demand,2,4,500,200,False,global,per_operation,64,48,False,False,False,False,0,0,27.125,27.125,0.0,0.0,0.0,0.0,0,0.0,0.5,0.0,1950,0,0,0.0,0.09317690906780737,0.16941256194146795,0.0,0.47012833001567067,0.732717801024946,0,0,0,0,0.0,0.7697044334975369,0.2748568461577629,2450.0,5500.0,2.2448979591836733,False,344.7291666666667,136.5
bv_n19.qasm,bv_n19,2,reservation_reset__predicted_demand__cq2__ten4__res2000__reset0__noepr__global__per_operation,reservation_reset,predicted_demand,2,4,2000,0,False,global,per_operation,64,48,False,False,False,False,0,0,0.0,0.0,0.0,0.0,0.0,0.0,0,0.0,0.5,0.0,937,0,0,0.0,0.08432349559218091,0.0,0.0,0.3909505557684937,0.4752740513606746,0,0,0,0,0.0,0.7697044334975369,0.2515222645694586,1420.0,2775.0,1.954225352112676,False,325.0,187.91666666666666
bv_n19.qasm,bv_n19,2,reservation_reset__predicted_demand__cq2__ten4__res2000__reset50__noepr__global__per_operation,reservation_reset,predicted_demand,2,4,2000,50,False,global,per_operation,64,48,False,False,False,False,0,6,0.0,0.0,0.0,0.0,0.0,0.0,0,0.0,0.5,0.0,2304,0,6,0.06,0.07890118275467378,0.035864173979397174,0.0,0.4117665013353682,0.5265318580694391,0,0,0,0,0.0,0.7035031847133758,0.2546487891097745,1015.0,570.0,0.5615763546798029,True,276.0416666666667,183.75
bv_n19.qasm,bv_n19,2,reservation_reset__predicted_demand__cq2__ten4__res2000__reset200__noepr__global__per_operation,reservation_reset,predicted_demand,2,4,2000,200,False,global,per_operation,64,48,False,False,False,False,0,0,0.0,0.0,0.0,0.0,0.0,0.0,0,0.0,0.5,0.0,2352,0,1,0.01,0.07712191494635459,0.14022166353882654,0.0,0.41058036188520236,0.6279239403703835,0,0,0,0,0.0,0.7635556248052353,0.2510145298944869,1765.0,1765.0,1.0,False,129.16666666666666,183.75
dnn_n16.qasm,dnn_n16,0,reservation_reset__predicted_demand__cq2__ten4__res0__reset0__noepr__global__per_operation,reservation_reset,predicted_demand,2,4,0,0,False,global,per_operation,64,48,False,False,False,False,0,0,0.6666666666666666,17.916666666666668,17.25,17.25,315.0,828.0,8,0.16666666666666666,0.5833333333333334,0.75,869,0,0,0.0,0.15365140337858482,0.0,0.0,0.15365140337858482,0.30730280675716964,0,0,0,0,0.0,0.7722007722007722,0.6323366971163422,8890.0,9110.0,1.0247469066366703,False,284.6458333333333,199.95833333333334
dnn_n16.qasm,dnn_n16,0,reservation_reset__predicted_demand__cq2__ten4__res0__reset50__noepr__global__per_operation,reservation_reset,predicted_demand,2,4,0,50,False,global,per_operation,64,48,False,False,False,False,0,0,3.7083333333333335,53.229166666666664,49.520833333333336,49.520833333333336,642.0,2377.0,14,0.2916666666666667,0.6458333333333334,0.625,1819,0,0,0.0,0.16164584864070536,0.07347538574577517,0.0,0.23512123438648053,0.47024246877296105,0,0,0,0,0.0,0.7722007722007722,0.690126353587924,9435.0,9930.0,1.0524642289348172,False,444.8020833333333,163.23611111111111
dnn_n16.qasm,dnn_n16,0,reservation_reset__predicted_demand__cq2__ten4__res0__reset200__noepr__global__per_operation,reservation_reset,predicted_demand,2,4,0,200,False,global,per_operation,64,48,False,False,False,False,0,11,34.166666666666664,772.6041666666666,738.4375,738.4375,3390.0,35445.0,37,0.7708333333333334,0.8854166666666667,0.6041666666666666,10214,0,11,0.06875,0.14568241411492822,0.26487711657259677,0.0,0.410559530687525,0.82111906137505,0,0,0,0,0.0,0.8132234432234432,0.7470648072849468,13090.0,18345.0,1.4014514896867838,True,298.1770833333333,124.01388888888889
dnn_n16.qasm,dnn_n16,0,reservation_reset__predicted_demand__cq2__ten4__res500__reset0__noepr__global__per_operation,reservation_reset,predicted_demand,2,4,500,0,False,global,per_operation,64,48,False,False,False,False,0,0,0.0,0.0,0.0,0.0,0.0,0.0,0,0.0,0.5,0.0,4752,0,0,0.0,0.1506462381237696,0.0,0.0,0.4260763502525036,0.5767225883762732,0,0,0,0,0.0,0.7722007722007722,0.2513781382472522,9205.0,14818.0,1.6097772949483977,False,325.0,215.22222222222223
dnn_n16.qasm,dnn_n16,0,reservation_reset__predicted_demand__cq2__ten4__res500__reset50__noepr__global__per_operation,reservation_reset,predicted_demand,2,4,500,50,False,global,per_operation,64,48,False,False,False,False,0,0,0.0,0.0,0.0,0.0,0.0,0.0,0,0.0,0.5,0.0,7066,0,0,0.0,0.15609063899605338,0.07095029045275154,0.0,0.4494878275907942,0.6765287570395991,0,0,0,0,0.0,0.7722007722007722,0.2507839654934965,9894.0,14529.0,1.4684657368101879,False,276.0416666666667,179.09722222222223
dnn_n16.qasm,dnn_n16,0,reservation_reset__predicted_demand__cq2__ten4__res500__reset200__noepr__global__per_operation,reservation_reset,predicted_demand,2,4,500,200,False,global,per_operation,64,48,False,False,False,False,0,0,0.0,0.0,0.0,0.0,0.0,0.0,0,0.0,0.5,0.0,13988,0,10,0.0625,0.13108242303872888,0.23833167825223436,0.0,0.49731876861966234,0.8667328699106256,0,0,0,0,0.0,0.7070135746606335,0.2503260504300765,10725.0,18015.0,1.6797202797202797,False,129.16666666666666,122.53472222222223
dnn_n16.qasm,dnn_n16,0,reservation_reset__predicted_demand__cq2__ten4__res2000__reset0__noepr__global__per_operation,reservation_reset,predicted_demand,2,4,2000,0,False,global,per_operation,64,48,False,False,False,False,0,48,0.0,0.0,0.0,0.0,0.0,0.0,0,0.0,0.5,0.0,11324,0,48,0.3,0.09816733067729083,0.0,0.0,0.47310358565737054,0.5712709163346613,0,0,0,0,0.0,0.8521739130434782,0.252948319110141,9865.0,7125.0,0.722250380131779,True,325.0,187.77777777777777
dnn_n16.qasm,dnn_n16,0,reservation_reset__predicted_demand__cq2__ten4__res2000__reset50__noepr__global__per_operation,reservation_reset,predicted_demand,2,4,2000,50,False,global,per_operation,64,48,False,False,False,False,0,0,0.0,0.0,0.0,0.0,0.0,0.0,0,0.0,0.5,0.0,7907,0,11,0.06875,0.12281753465717497,0.05582615211689772,0.0,0.487002622705133,0.6656463094792057,0,0,0,0,0.0,0.6996407412076138,0.2509263899571452,10715.0,10715.0,1.0,False,276.0416666666667,273.4375
dnn_n16.qasm,dnn_n16,0,reservation_reset__predicted_demand__cq2__ten4__res2000__reset200__noepr__global__per_operation,reservation_reset,predicted_demand,2,4,2000,200,False,global,per_operation,64,48,False,False,False,False,0,48,0.0,0.0,0.0,0.0,0.0,0.0,0,0.0,0.5,0.0,13429,0,50,0.3125,0.08809289796512686,0.16016890539113976,0.0,0.5124968148229041,0.7607586181791708,0,0,0,0,0.0,0.8393451720310766,0.25171305028593244,13485.0,7485.0,0.5550611790878754,True,129.16666666666666,207.79166666666666
dnn_n16.qasm,dnn_n16,1,reservation_reset__predicted_demand__cq2__ten4__res0__reset0__noepr__global__per_operation,reservation_reset,predicted_demand,2,4,0,0,False,global,per_operation,64,48,False,False,False,False,0,0,0.8958333333333334,18.916666666666668,18.020833333333332,18.020833333333332,315.0,865.0,8,0.16666666666666666,0.5833333333333334,0.6875,975,0,0,0.0,0.15434534771551345,0.0,0.0,0.15434534771551345,0.3086906954310269,0,0,0,0,0.0,0.7722007722007722,0.7498377105825667,9095.0,9220.0,1.0137438152831226,False,293.9270833333333,204.20833333333334
dnn_n16.qasm,dnn_n16,1,reservation_reset__predicted_demand__cq2__ten4__res0__reset50__noepr__global__per_operation,reservation_reset,predicted_demand,2,4,0,50,False,global,per_operation,64,48,False,False,False,False,0,0,1.7708333333333333,43.083333333333336,41.3125,41.3125,405.0,1983.0,15,0.3125,0.65625,0.6875,1959,0,0,0.0,0.155141257878267,0.07051875358103045,0.0,0.22566001145929745,0.4513200229185949,0,0,0,0,0.0,0.7722007722007722,0.5765360589289066,9595.0,10090.0,1.051589369463262,False,442.2708333333333,162.78472222222223
dnn_n16.qasm,dnn_n16,1,reservation_reset__predicted_demand__cq2__ten4__res0__reset200__noepr__global__per_operation,reservation_reset,predicted_demand,2,4,0,200,False,global,per_operation,64,48,False,False,False,False,0,6,7.3125,646.4583333333334,639.1458333333334,639.1458333333334,2825.0,30679.0,41,0.8541666666666666,0.9270833333333333,0.5625,9365,0,6,0.0375,0.14529547988678274,0.26417359979415045,0.0,0.4094690796809332,0.8189381593618664,0,0,0,0,0.0,0.7947721179624665,0.7332636353516387,11850.0,18345.0,1.5481012658227848,True,296.25,114.33333333333333
dnn_n16.qasm,dnn_n16,1,reservation_reset__predicted_demand__cq2__ten4__res500__reset0__noepr__global__per_operation,reservation_reset,predicted_demand,2,4,500,0,False,global,per_operation,64,48,False,False,False,False,0,0,0.0,0.0,0.0,0.0,0.0,0.0,0,0.0,0.5,0.0,3656,0,0,0.0,0.1602038958674677,0.0,0.0,0.42958765701802293,0.5897915528854907,0,0,0,0,0.0,0.7722007722007722,0.25123785089557793,8910.0,11079.0,1.2434343434343433,False,325.0,203.5625
dnn_n16.qasm,dnn_n16,1,reservation_reset__predicted_demand__cq2__ten4__res500__reset50__noepr__global__per_operation,reservation_reset,predicted_demand,2,4,500,50,False,global,per_operation,64,48,False,False,False,False,0,0,0.0,0.0,0.0,0.0,0.0,0.0,0,0.0,0.5,0.0,5617,0,0,0.0,0.15366481861439735,0.06984764482472607,0.0,0.45333740777928144,0.6768498712184049,0,0,0,0,0.0,0.7722007722007722,0.2509384198482634,10129.0,13235.0,1.3066442886760785,False,276.0416666666667,210.14583333333334
dnn_n16.qasm,dnn_n16,1,reservation_reset__predicted_demand__cq2__ten4__res500__reset200__noepr__global__per_operation,reservation_reset,predicted_demand,2,4,500,200,False,global,per_operation,64,48,False,False,False,False,0,6,0.0,0.0,0.0,0.0,0.0,0.0,0,0.0,0.5,0.0,16087,0,16,0.1,0.1289902280130293,0.23452768729641693,0.0,0.500720684039088,0.8642385993485342,0,0,0,0,0.0,0.7289088863892014,0.250366603836376,11038.0,18168.0,1.6459503533248776,True,129.16666666666666,127.45138888888889
dnn_n16.qasm,dnn_n16,1,reservation_reset__predicted_demand__cq2__ten4__res2000__reset0__noepr__global__per_operation,reservation_reset,predicted_demand,2,4,2000,0,False,global,per_operation,64,48,False,False,False,False,0,0,0.0,0.0,0.0,0.0,0.0,0.0,0,0.0,0.5,0.0,6026,0,5,0.03125,0.1340935902477389,0.0,0.0,0.49799056232795913,0.6320841525756979,0,0,0,0,0.0,0.7403241710834463,0.2507855042649912,18338.0,9865.0,0.5379539753517286,False,325.0,460.9927536231884
dnn_n16.qasm,dnn_n16,1,reservation_reset__predicted_demand__cq2__ten4__res2000__reset50__noepr__global__per_operation,reservation_reset,predicted_demand,2,4,2000,50,False,global,per_operation,64,48,False,False,False,False,0,0,0.0,0.0,0.0,0.0,0.0,0.0,0,0.0,0.5,0.0,8756,0,9,0.05625,0.13156435643564357,0.0598019801980198,0.0,0.4662851485148515,0.6576514851485149,0,0,0,0,0.0,0.7117305531277313,0.25074252133459657,10715.0,10715.0,1.0,False,276.0416666666667,173.74305555555554
dnn_n16.qasm,dnn_n16,1,reservation_reset__predicted_demand__cq2__ten4__res2000__reset200__noepr__global__per_operation,reservation_reset,predicted_demand,2,4,2000,200,False,global,per_operation,64,48,False,False,False,False,0,0,0.0,0.0,0.0,0.0,0.0,0.0,0,0.0,0.5,0.0,13843,0,20,0.125,0.11175616835994194,0.20319303338171263,0.0,0.5431603773584905,0.8581095791001452,0,0,0,0,0.0,0.6371911573472041,0.25035179876443503,11215.0,16485.0,1.4699063753901025,False,129.16666666666666,187.91666666666666
dnn_n16.qasm,dnn_n16,2,reservation_reset__predicted_demand__cq2__ten4__res0__reset0__noepr__global__per_operation,reservation_reset,predicted_demand,2,4,0,0,False,global,per_operation,64,48,False,False,False,False,0,0,0.0,16.354166666666668,16.354166666666668,16.354166666666668,315.0,785.0,7,0.14583333333333334,0.5729166666666666,0.4583333333333333,911,0,0,0.0,0.1567509796936231,0.0,0.0,0.1567509796936231,0.3135019593872462,0,0,0,0,0.0,0.7722007722007722,0.6676493710942779,8890.0,9095.0,1.0230596175478066,False,282.8541666666667,203.85416666666666
dnn_n16.qasm,dnn_n16,2,reservation_reset__predicted_demand__cq2__ten4__res0__reset50__noepr__global__per_operation,reservation_reset,predicted_demand,2,4,0,50,False,global,per_operation,64,48,False,False,False,False,0,0,0.6666666666666666,34.104166666666664,33.4375,33.4375,405.0,1605.0,14,0.2916666666666667,0.6458333333333334,0.8125,2197,0,0,0.0,0.16031333970943207,0.07286969986792367,0.0,0.23318303957735573,0.46636607915471145,0,0,0,0,0.0,0.7722007722007722,0.5549930347079683,10013.0,10555.0,1.0541296314790771,False,437.5833333333333,186.71527777777777
dnn_n16.qasm,dnn_n16,2,reservation_reset__predicted_demand__cq2__ten4__res0__reset200__noepr__global__per_operation,reservation_reset,predicted_demand,2,4,0,200,False,global,per_operation,64,48,False,False,False,False,0,10,19.916666666666668,672.3958333333334,652.4791666666666,652.4791666666666,2935.0,31319.0,37,0.7708333333333334,0.8854166666666667,0.5,10113,0,10,0.0625,0.14526566007835542,0.2641193819606462,0.0,0.4093850420390016,0.8187700840780032,0,0,0,0,0.0,0.8095854922279793,0.6854555091337968,12255.0,17940.0,1.4638922888616892,True,299.1666666666667,108.40277777777777
dnn_n16.qasm,dnn_n16,2,reservation_reset__predicted_demand__cq2__ten4__res500__reset0__noepr__global__per_operation,reservation_reset,predicted_demand,2,4,500,0,False,global,per_operation,64,48,False,False,False,False,0,0,0.0,0.0,0.0,0.0,0.0,0.0,0,0.0,0.5,0.0,3062,0,0,0.0,0.15006821282401092,0.0,0.0,0.4244287175989086,0.5744969304229195,0,0,0,0,0.0,0.7722007722007722,0.2518386946298623,8985.0,10127.0,1.1271007234279355,False,325.0,219.02083333333334
dnn_n16.qasm,dnn_n16,2,reservation_reset__predicted_demand__cq2__ten4__res500__reset50__noepr__global__per_operation,reservation_reset,predicted_demand,2,4,500,50,False,global,per_operation,64,48,False,False,False,False,0,0,0.0,0.0,0.0,0.0,0.0,0.0,0,0.0,0.5,0.0,5719,0,0,0.0,0.15054959154869338,0.06843163252213336,0.0,0.4479620204439502,0.6669432445147769,0,0,0,0,0.0,0.7722007722007722,0.25100548820542273,9915.0,12936.0,1.3046898638426627,False,276.0416666666667,207.84027777777777
dnn_n16.qasm,dnn_n16,2,reservation_reset__predicted_demand__cq2__ten4__res500__reset200__noepr__global__per_operation,reservation_reset,predicted_demand,2,4,500,200,False,global,per_operation,64,48,False,False,False,False,0,0,0.0,0.0,0.0,0.0,0.0,0.0,0,0.0,0.5,0.0,15327,0,15,0.09375,0.12729449321628092,0.23144453312051078,0.0,0.5068834796488427,0.8656225059856345,0,0,0,0,0.0,0.6717252396166135,0.25032511059194595,14081.0,18041.0,1.2812300262765428,False,129.16666666666666,164.04861111111111
dnn_n16.qasm,dnn_n16,2,reservation_reset__predicted_demand__cq2__ten4__res2000__reset0__noepr__global__per_operation,reservation_reset,predicted_demand,2,4,2000,0,False,global,per_operation,64,48,False,False,False,False,0,0,0.0,0.0,0.0,0.0,0.0,0.0,0,0.0,0.5,0.0,8920,0,7,0.04375,0.12420664206642067,0.0,0.0,0.5003837638376384,0.624590405904059,0,0,0,0,0.0,0.7285260799203287,0.25049867106928564,9865.0,11309.0,1.1463760770400406,False,325.0,230.0
dnn_n16.qasm,dnn_n16,2,reservation_reset__predicted_demand__cq2__ten4__res2000__reset50__noepr__global__per_operation,reservation_reset,predicted_demand,2,4,2000,50,False,global,per_operation,64,48,False,False,False,False,0,0,0.0,0.0,0.0,0.0,0.0,0.0,0,0.0,0.5,0.0,7755,0,9,0.05625,0.12446609216935181,0.056575496440614464,0.0,0.48641064068939677,0.6674522292993631,0,0,0,0,0.0,0.7117305531277313,0.250895472971936,10715.0,10715.0,1.0,False,276.0416666666667,273.4375
dnn_n16.qasm,dnn_n16,2,reservation_reset__predicted_demand__cq2__ten4__res2000__reset200__noepr__global__per_operation,reservation_reset,predicted_demand,2,4,2000,200,False,global,per_operation,64,48,False,False,False,False,0,9,0.0,0.0,0.0,0.0,0.0,0.0,0,0.0,0.5,0.0,16984,0,24,0.15,0.1085434427716307,0.1973517141302376,0.0,0.5869181933611464,0.8928133502630147,0,0,0,0,0.0,0.6957568462232923,0.2502802583756032,12876.0,18335.0,1.4239670705187946,True,129.16666666666666,192.40277777777777
qft_n18.qasm,qft_n18,0,reservation_reset__predicted_demand__cq2__ten4__res0__reset0__noepr__global__per_operation,reservation_reset,predicted_demand,2,4,0,0,False,global,per_operation,64,48,False,False,False,False,0,0,1.0208333333333333,7.6875,6.666666666666667,6.666666666666667,100.0,320.0,6,0.125,0.5625,0.20833333333333334,1441,0,0,0.0,0.15042401101096656,0.0,0.0,0.15042401101096656,0.3008480220219331,0,0,0,0,0.0,0.7947721179624665,0.4610208595711836,3745.0,3745.0,1.0,False,278.2604166666667,101.18939393939394
qft_n18.qasm,qft_n18,0,reservation_reset__predicted_demand__cq2__ten4__res0__reset50__noepr__global__per_operation,reservation_reset,predicted_demand,2,4,0,50,False,global,per_operation,64,48,False,False,False,False,0,0,0.3125,16.25,15.9375,15.9375,220.0,765.0,8,0.16666666666666666,0.5833333333333334,0.125,4637,0,0,0.0,0.15463964580765896,0.07029074809439044,0.0,0.22493039390204939,0.44986078780409877,0,0,0,0,0.0,0.7947721179624665,0.5115560766907441,5400.0,5340.0,0.9888888888888889,False,237.21875,99.9469696969697
qft_n18.qasm,qft_n18,0,reservation_reset__predicted_demand__cq2__ten4__res0__reset200__noepr__global__per_operation,reservation_reset,predicted_demand,2,4,0,200,False,global,per_operation,64,48,False,False,False,False,0,4,36.5625,116.85416666666667,80.29166666666667,80.29166666666667,510.0,3854.0,24,0.5,0.75,0.3541666666666667,9405,0,4,0.025974025974025976,0.1509330406147091,0.27442371020856204,0.0,0.4253567508232711,0.8507135016465422,0,0,0,0,0.0,0.8095854922279793,0.515414201907308,11590.0,13460.0,1.1613459879206212,True,306.40625,170.6439393939394
qft_n18.qasm,qft_n18,0,reservation_reset__predicted_demand__cq2__ten4__res500__reset0__noepr__global__per_operation,reservation_reset,predicted_demand,2,4,500,0,False,global,per_operation,64,48,False,False,False,False,0,0,0.0,0.0,0.0,0.0,0.0,0.0,0,0.0,0.5,0.0,3820,0,0,0.0,0.14509014603228984,0.0,0.0,0.3910924585670849,0.5361826045993747,0,0,0,0,0.0,0.7947721179624665,0.25184000457326533,3860.0,4350.0,1.1269430051813472,False,325.0,91.06060606060606
qft_n18.qasm,qft_n18,0,reservation_reset__predicted_demand__cq2__ten4__res500__reset50__noepr__global__per_operation,reservation_reset,predicted_demand,2,4,500,50,False,global,per_operation,64,48,False,False,False,False,0,0,0.0,0.0,0.0,0.0,0.0,0.0,0,0.0,0.5,0.0,7263,0,0,0.0,0.14503424657534247,0.06592465753424658,0.0,0.4176027397260274,0.6285616438356164,0,0,0,0,0.0,0.7947721179624665,0.2509525371004637,5090.0,5560.0,1.0923379174852652,False,276.0416666666667,116.43939393939394
qft_n18.qasm,qft_n18,0,reservation_reset__predicted_demand__cq2__ten4__res500__reset200__noepr__global__per_operation,reservation_reset,predicted_demand,2,4,500,200,False,global,per_operation,64,48,False,False,False,False,0,0,0.0,0.0,0.0,0.0,0.0,0.0,0,0.0,0.5,0.0,15139,0,8,0.05194805194805195,0.13567626932499788,0.2466841260454507,0.0,0.4983948635634029,0.8807552589338515,0,0,0,0,0.0,0.7422005571030641,0.25032309440284056,9740.0,10660.0,1.0944558521560575,False,129.16666666666666,182.34848484848484
qft_n18.qasm,qft_n18,0,reservation_reset__predicted_demand__cq2__ten4__res2000__reset0__noepr__global__per_operation,reservation_reset,predicted_demand,2,4,2000,0,False,global,per_operation,64,48,False,False,False,False,0,34,749.0625,749.0625,0.0,0.0,0.0,0.0,0,0.0,0.5,0.0,9696,0,35,0.22727272727272727,0.10294927251278019,0.0,0.0,0.4222886354699174,0.5252379079826976,0,0,0,0,0.0,0.865798483736855,0.7172629121023327,8337.0,3735.0,0.4480028787333573,True,287.53125,49.95454545454545
qft_n18.qasm,qft_n18,0,reservation_reset__predicted_demand__cq2__ten4__res2000__reset50__noepr__global__per_operation,reservation_reset,predicted_demand,2,4,2000,50,False,global,per_operation,64,48,False,False,False,False,0,0,0.0,0.0,0.0,0.0,0.0,0.0,0,0.0,0.5,0.0,8239,0,0,0.0,0.1341782178217822,0.06099009900990099,0.0,0.4627089108910891,0.6578772277227722,0,0,0,0,0.0,0.7947721179624665,0.25067843915924015,5090.0,5560.0,1.0923379174852652,False,276.0416666666667,116.43939393939394
qft_n18.qasm,qft_n18,0,reservation_reset__predicted_demand__cq2__ten4__res2000__reset200__noepr__global__per_operation,reservation_reset,predicted_demand,2,4,2000,200,False,global,per_operation,64,48,False,False,False,False,0,0,0.0,0.0,0.0,0.0,0.0,0.0,0,0.0,0.5,0.0,16481,0,12,0.07792207792207792,0.11464220183486239,0.20844036697247706,0.0,0.5098422018348624,0.8329247706422018,0,0,0,0,0.0,0.7116036137775268,0.250295058582047,11002.0,12552.0,1.1408834757316852,False,129.16666666666666,132.8939393939394
qft_n18.qasm,qft_n18,1,reservation_reset__predicted_demand__cq2__ten4__res0__reset0__noepr__global__per_operation,reservation_reset,predicted_demand,2,4,0,0,False,global,per_operation,64,48,False,False,False,False,0,0,1.3958333333333333,8.479166666666666,7.083333333333333,7.083333333333333,100.0,340.0,7,0.14583333333333334,0.5729166666666666,0.10416666666666667,1605,0,0,0.0,0.1529363968762696,0.0,0.0,0.1529363968762696,0.3058727937525392,0,0,0,0,0.0,0.7947721179624665,0.5252740146115673,3745.0,3750.0,1.0013351134846462,False,277.75,98.71212121212122
qft_n18.qasm,qft_n18,1,reservation_reset__predicted_demand__cq2__ten4__res0__reset50__noepr__global__per_operation,reservation_reset,predicted_demand,2,4,0,50,False,global,per_operation,64,48,False,False,False,False,0,0,1.0833333333333333,14.083333333333334,13.0,13.0,200.0,624.0,6,0.125,0.5625,0.8125,5087,0,0,0.0,0.14722113587972016,0.06691869812714553,0.0,0.21413983400686568,0.42827966801373135,0,0,0,0,0.0,0.7947721179624665,0.41781517031941123,5720.0,5730.0,1.0017482517482517,False,235.28125,114.0
qft_n18.qasm,qft_n18,1,reservation_reset__predicted_demand__cq2__ten4__res0__reset200__noepr__global__per_operation,reservation_reset,predicted_demand,2,4,0,200,False,global,per_operation,64,48,False,False,False,False,0,2,33.479166666666664,120.375,86.89583333333333,86.89583333333333,510.0,4171.0,27,0.5625,0.78125,0.5208333333333334,9611,0,2,0.012987012987012988,0.14607085135194164,0.26558336609443933,0.0,0.411654217446381,0.823308434892762,0,0,0,0,0.0,0.8022222222222222,0.49840805635111013,11290.0,13460.0,1.1922054915854738,True,305.3125,175.62878787878788
qft_n18.qasm,qft_n18,1,reservation_reset__predicted_demand__cq2__ten4__res500__reset0__noepr__global__per_operation,reservation_reset,predicted_demand,2,4,500,0,False,global,per_operation,64,48,False,False,False,False,0,0,0.0,0.0,0.0,0.0,0.0,0.0,0,0.0,0.5,0.0,2816,0,0,0.0,0.14797344514325647,0.0,0.0,0.4037561146051712,0.5517295597484276,0,0,0,0,0.0,0.7947721179624665,0.25233152770005146,3745.0,3860.0,1.0307076101468624,False,325.0,103.78787878787878
qft_n18.qasm,qft_n18,1,reservation_reset__predicted_demand__cq2__ten4__res500__reset50__noepr__global__per_operation,reservation_reset,predicted_demand,2,4,500,50,False,global,per_operation,64,48,False,False,False,False,0,0,0.0,0.0,0.0,0.0,0.0,0.0,0,0.0,0.5,0.0,6392,0,0,0.0,0.14742613463295767,0.06701187937861712,0.0,0.4278229842043427,0.6422609982159175,0,0,0,0,0.0,0.7947721179624665,0.25110563197012925,5090.0,5560.0,1.0923379174852652,False,276.0416666666667,116.43939393939394
qft_n18.qasm,qft_n18,1,reservation_reset__predicted_demand__cq2__ten4__res500__reset200__noepr__global__per_operation,reservation_reset,predicted_demand,2,4,500,200,False,global,per_operation,64,48,False,False,False,False,0,0,0.0,0.0,0.0,0.0,0.0,0.0,0,0.0,0.5,0.0,12708,0,5,0.032467532467532464,0.13675427617855654,0.2486441385064664,0.0,0.5085857321652065,0.8939841468502294,0,0,0,0,0.0,0.7627112821217534,0.2504276189656931,9740.0,10660.0,1.0944558521560575,False,129.16666666666666,182.34848484848484
qft_n18.qasm,qft_n18,1,reservation_reset__predicted_demand__cq2__ten4__res2000__reset0__noepr__global__per_operation,reservation_reset,predicted_demand,2,4,2000,0,False,global,per_operation,64,48,False,False,False,False,0,0,0.0,0.0,0.0,0.0,0.0,0.0,0,0.0,0.5,0.0,3653,0,2,0.012987012987012988,0.13322709163346613,0.0,0.0,0.4508605577689243,0.5840876494023904,0,0,0,0,0.0,0.7822318526543879,0.2514995826421778,3745.0,3860.0,1.0307076101468624,False,325.0,103.78787878787878
qft_n18.qasm,qft_n18,1,reservation_reset__predicted_demand__cq2__ten4__res2000__reset50__noepr__global__per_operation,reservation_reset,predicted_demand,2,4,2000,50,False,global,per_operation,64,48,False,False,False,False,0,34,0.0,0.0,0.0,0.0,0.0,0.0,0,0.0,0.5,0.0,10545,0,36,0.23376623376623376,0.09981927942477026,0.04537239973853193,0.0,0.4700426808167032,0.6152343599800054,0,0,0,0,0.0,0.8590819348469891,0.256764333282154,5560.0,3635.0,0.6537769784172662,True,276.0416666666667,78.4090909090909
qft_n18.qasm,qft_n18,1,reservation_reset__predicted_demand__cq2__ten4__res2000__reset200__noepr__global__per_operation,reservation_reset,predicted_demand,2,4,2000,200,False,global,per_operation,64,48,False,False,False,False,0,0,0.0,0.0,0.0,0.0,0.0,0.0,0,0.0,0.5,0.0,15276,0,20,0.12987012987012986,0.11070221554637627,0.20127675553886595,0.0,0.5149680811115284,0.8269470521967706,0,0,0,0,0.0,0.6513348810214742,0.25038188793745125,9740.0,10660.0,1.0944558521560575,False,129.16666666666666,182.34848484848484
qft_n18.qasm,qft_n18,2,reservation_reset__predicted_demand__cq2__ten4__res0__reset0__noepr__global__per_operation,reservation_reset,predicted_demand,2,4,0,0,False,global,per_operation,64,48,False,False,False,False,0,0,0.041666666666666664,9.833333333333334,9.791666666666666,9.791666666666666,130.0,470.0,7,0.14583333333333334,0.5729166666666666,0.6458333333333334,1836,0,0,0.0,0.15023057821922667,0.0,0.0,0.15023057821922667,0.30046115643845334,0,0,0,0,0.0,0.7947721179624665,0.5155083926553298,3860.0,3860.0,1.0,False,296.46875,96.13636363636364
qft_n18.qasm,qft_n18,2,reservation_reset__predicted_demand__cq2__ten4__res0__reset50__noepr__global__per_operation,reservation_reset,predicted_demand,2,4,0,50,False,global,per_operation,64,48,False,False,False,False,0,0,7.4375,20.770833333333332,13.333333333333334,13.333333333333334,300.0,640.0,6,0.125,0.5625,0.875,4496,0,0,0.0,0.14887072677739696,0.06766851217154407,0.0,0.21653923894894103,0.43307847789788206,0,0,0,0,0.0,0.7947721179624665,0.5689926321519344,5250.0,5340.0,1.0171428571428571,False,228.72916666666666,110.53787878787878
qft_n18.qasm,qft_n18,2,reservation_reset__predicted_demand__cq2__ten4__res0__reset200__noepr__global__per_operation,reservation_reset,predicted_demand,2,4,0,200,False,global,per_operation,64,48,False,False,False,False,0,0,13.895833333333334,104.89583333333333,91.0,91.0,510.0,4368.0,23,0.4791666666666667,0.7395833333333334,0.5,8888,0,0,0.0,0.14629301783323978,0.26598730515134505,0.0,0.41228032298458483,0.8245606459691697,0,0,0,0,0.0,0.7947721179624665,0.5692351563767346,11280.0,13140.0,1.1648936170212767,False,247.39583333333334,176.97727272727272
qft_n18.qasm,qft_n18,2,reservation_reset__predicted_demand__cq2__ten4__res500__reset0__noepr__global__per_operation,reservation_reset,predicted_demand,2,4,500,0,False,global,per_operation,64,48,False,False,False,False,0,0,0.0,0.0,0.0,0.0,0.0,0.0,0,0.0,0.5,0.0,2857,0,0,0.0,0.14429301533219763,0.0,0.0,0.3877427597955707,0.5320357751277683,0,0,0,0,0.0,0.7947721179624665,0.25349640827568615,3745.0,3860.0,1.0307076101468624,False,325.0,103.78787878787878
qft_n18.qasm,qft_n18,2,reservation_reset__predicted_demand__cq2__ten4__res500__reset50__noepr__global__per_operation,reservation_reset,predicted_demand,2,4,500,50,False,global,per_operation,64,48,False,False,False,False,0,0,0.0,0.0,0.0,0.0,0.0,0.0,0,0.0,0.5,0.0,7143,0,0,0.0,0.1522696629213483,0.06921348314606741,0.0,0.4479910112359551,0.6694741573033708,0,0,0,0,0.0,0.7947721179624665,0.2509831905969391,5090.0,5560.0,1.0923379174852652,False,276.0416666666667,116.43939393939394
qft_n18.qasm,qft_n18,2,reservation_reset__predicted_demand__cq2__ten4__res500__reset200__noepr__global__per_operation,reservation_reset,predicted_demand,2,4,500,200,False,global,per_operation,64,48,False,False,False,False,0,0,0.0,0.0,0.0,0.0,0.0,0.0,0,0.0,0.5,0.0,13576,0,6,0.03896103896103896,0.13669185558354324,0.24853064651553317,0.0,0.5097313182199832,0.8949538203190596,0,0,0,0,0.0,0.7563535911602209,0.25038108381524465,9740.0,10660.0,1.0944558521560575,False,129.16666666666666,182.34848484848484
qft_n18.qasm,qft_n18,2,reservation_reset__predicted_demand__cq2__ten4__res2000__reset0__noepr__global__per_operation,reservation_reset,predicted_demand,2,4,2000,0,False,global,per_operation,64,48,False,False,False,False,0,0,0.0,0.0,0.0,0.0,0.0,0.0,0,0.0,0.5,0.0,3438,0,0,0.0,0.13265465935787002,0.0,0.0,0.4409866875489428,0.5736413469068128,0,0,0,0,0.0,0.7947721179624665,0.2514961868526245,3745.0,3860.0,1.0307076101468624,False,325.0,103.78787878787878
qft_n18.qasm,qft_n18,2,reservation_reset__predicted_demand__cq2__ten4__res2000__reset50__noepr__global__per_operation,reservation_reset,predicted_demand,2,4,2000,50,False,global,per_operation,64,48,False,False,False,False,0,0,0.0,0.0,0.0,0.0,0.0,0.0,0,0.0,0.5,0.0,8983,0,8,0.05194805194805195,0.12801913112793942,0.05819051414906337,0.0,0.4648465524113192,0.651056197688322,0,0,0,0,0.0,0.7397279289283731,0.2507722594027303,5090.0,5560.0,1.0923379174852652,False,276.0416666666667,116.43939393939394
qft_n18.qasm,qft_n18,2,reservation_reset__predicted_demand__cq2__ten4__res2000__reset200__noepr__global__per_operation,reservation_reset,predicted_demand,2,4,2000,200,False,global,per_operation,64,48,False,False,False,False,0,0,0.0,0.0,0.0,0.0,0.0,0.0,0,0.0,0.5,0.0,13993,0,13,0.08441558441558442,0.11074616208496965,0.20135665833630847,0.0,0.494601927882899,0.806704748304177,0,0,0,0,0.0,0.7071062740076824,0.25038580313749276,9740.0,10660.0,1.0944558521560575,False,129.16666666666666,182.34848484848484
sat_n11.qasm,sat_n11,0,reservation_reset__predicted_demand__cq2__ten4__res0__reset0__noepr__global__per_operation,reservation_reset,predicted_demand,2,4,0,0,False,global,per_operation,64,48,False,False,False,False,0,0,1.7916666666666667,1.8958333333333333,0.10416666666666667,0.10416666666666667,5.0,5.0,1,0.020833333333333332,0.5104166666666666,0.10416666666666667,1738,0,0,0.0,0.1192724728926198,0.0,0.0,0.1192724728926198,0.2385449457852396,0,0,0,0,0.0,0.8736363636363637,0.5140059201397114,2135.0,2135.0,1.0,False,304.7604166666667,139.16666666666666
sat_n11.qasm,sat_n11,0,reservation_reset__predicted_demand__cq2__ten4__res0__reset50__noepr__global__per_operation,reservation_reset,predicted_demand,2,4,0,50,False,global,per_operation,64,48,False,False,False,False,0,0,2.0416666666666665,4.479166666666667,2.4375,2.4375,115.0,117.0,2,0.041666666666666664,0.5208333333333334,0.2916666666666667,3049,0,0,0.0,0.11859838274932614,0.05390835579514825,0.0,0.1725067385444744,0.3450134770889488,0,0,0,0,0.0,0.8736363636363637,0.4532589400897505,3360.0,3360.0,1.0,False,251.14583333333334,165.06944444444446
sat_n11.qasm,sat_n11,0,reservation_reset__predicted_demand__cq2__ten4__res0__reset200__noepr__global__per_operation,reservation_reset,predicted_demand,2,4,0,200,False,global,per_operation,64,48,False,False,False,False,0,0,13.166666666666666,56.541666666666664,43.375,43.375,285.0,2082.0,16,0.3333333333333333,0.6666666666666666,0.8541666666666666,3707,0,0,0.0,0.11822830891912976,0.21496056167114502,0.0,0.33318887059027474,0.6663777411805495,0,0,0,0,0.0,0.8736363636363637,0.41714937919734096,6360.0,7910.0,1.2437106918238994,False,314.3958333333333,184.59722222222223
sat_n11.qasm,sat_n11,0,reservation_reset__predicted_demand__cq2__ten4__res500__reset0__noepr__global__per_operation,reservation_reset,predicted_demand,2,4,500,0,False,global,per_operation,64,48,False,False,False,False,0,0,0.0,0.0,0.0,0.0,0.0,0.0,0,0.0,0.5,0.0,1983,0,0,0.0,0.11810035066453094,0.0,0.0,0.37461794882895366,0.49271829949348456,0,0,0,0,0.0,0.8736363636363637,0.25419690763011216,2030.0,2030.0,1.0,False,325.0,137.77777777777777
sat_n11.qasm,sat_n11,0,reservation_reset__predicted_demand__cq2__ten4__res500__reset50__noepr__global__per_operation,reservation_reset,predicted_demand,2,4,500,50,False,global,per_operation,64,48,False,False,False,False,0,0,0.0,0.0,0.0,0.0,0.0,0.0,0,0.0,0.5,0.0,3320,0,0,0.0,0.11582388655372988,0.05264722116078631,0.0,0.3888549229397529,0.5573260306542691,0,0,0,0,0.0,0.8736363636363637,0.25232899218102095,2880.0,2880.0,1.0,False,276.0416666666667,160.69444444444446
sat_n11.qasm,sat_n11,0,reservation_reset__predicted_demand__cq2__ten4__res500__reset200__noepr__global__per_operation,reservation_reset,predicted_demand,2,4,500,200,False,global,per_operation,64,48,False,False,False,False,0,0,0.0,0.0,0.0,0.0,0.0,0.0,0,0.0,0.5,0.0,4811,0,0,0.0,0.11816173604192835,0.2148395200762334,0.0,0.4530298436349461,0.7860310997531078,0,0,0,0,0.0,0.8736363636363637,0.2507177536871191,5430.0,6355.0,1.1703499079189688,False,129.16666666666666,217.15277777777777
sat_n11.qasm,sat_n11,0,reservation_reset__predicted_demand__cq2__ten4__res2000__reset0__noepr__global__per_operation,reservation_reset,predicted_demand,2,4,2000,0,False,global,per_operation,64,48,False,False,False,False,0,0,0.0,0.0,0.0,0.0,0.0,0.0,0,0.0,0.5,0.0,2677,0,0,0.0,0.10681284259984339,0.0,0.0,0.4219537979639781,0.5287666405638215,0,0,0,0,0.0,0.8736363636363637,0.25125323101036007,2030.0,2030.0,1.0,False,325.0,98.75
sat_n11.qasm,sat_n11,0,reservation_reset__predicted_demand__cq2__ten4__res2000__reset50__noepr__global__per_operation,reservation_reset,predicted_demand,2,4,2000,50,False,global,per_operation,64,48,False,False,False,False,0,0,0.0,0.0,0.0,0.0,0.0,0.0,0,0.0,0.5,0.0,6554,0,1,0.008064516129032258,0.10578577013291635,0.048084440969507425,0.0,0.4247615324472244,0.5786317435496482,0,0,0,0,0.0,0.8672896124742032,0.2504453487525849,5744.0,8144.0,1.4178272980501392,False,276.0416666666667,148.94444444444446
sat_n11.qasm,sat_n11,0,reservation_reset__predicted_demand__cq2__ten4__res2000__reset200__noepr__global__per_operation,reservation_reset,predicted_demand,2,4,2000,200,False,global,per_operation,64,48,False,False,False,False,0,0,0.0,0.0,0.0,0.0,0.0,0.0,0,0.0,0.5,0.0,6360,0,10,0.08064516129032258,0.09186140209508462,0.16702073108197202,0.0,0.46542011574243647,0.7243022489194931,0,0,0,0,0.0,0.7924390243902439,0.2505510885856025,5430.0,5430.0,1.0,False,129.16666666666666,229.44444444444446
sat_n11.qasm,sat_n11,1,reservation_reset__predicted_demand__cq2__ten4__res0__reset0__noepr__global__per_operation,reservation_reset,predicted_demand,2,4,0,0,False,global,per_operation,64,48,False,False,False,False,0,0,0.0,1.5625,1.5625,1.5625,75.0,75.0,1,0.020833333333333332,0.5104166666666666,0.8333333333333334,1644,0,0,0.0,0.11887228201664561,0.0,0.0,0.11887228201664561,0.23774456403329122,0,0,0,0,0.0,0.8736363636363637,0.6496800306970585,2140.0,2140.0,1.0,False,304.4270833333333,139.30555555555554
sat_n11.qasm,sat_n11,1,reservation_reset__predicted_demand__cq2__ten4__res0__reset50__noepr__global__per_operation,reservation_reset,predicted_demand,2,4,0,50,False,global,per_operation,64,48,False,False,False,False,0,0,2.8333333333333335,4.770833333333333,1.9375,1.9375,93.0,93.0,1,0.020833333333333332,0.5104166666666666,0.4375,3047,0,0,0.0,0.1190434630825624,0.054110665037528365,0.0,0.17315412812009076,0.3463082562401815,0,0,0,0,0.0,0.8736363636363637,0.5250840654609729,3195.0,3195.0,1.0,False,248.08333333333334,159.22222222222223
sat_n11.qasm,sat_n11,1,reservation_reset__predicted_demand__cq2__ten4__res0__reset200__noepr__global__per_operation,reservation_reset,predicted_demand,2,4,0,200,False,global,per_operation,64,48,False,False,False,False,0,0,16.166666666666668,58.166666666666664,42.0,42.0,285.0,2016.0,15,0.3125,0.65625,0.8125,3598,0,0,0.0,0.11779437799559567,0.2141715963556285,0.0,0.33196597435122416,0.6639319487024483,0,0,0,0,0.0,0.8736363636363637,0.530085786069566,6050.0,6355.0,1.050413223140496,False,318.4583333333333,191.81944444444446
sat_n11.qasm,sat_n11,1,reservation_reset__predicted_demand__cq2__ten4__res500__reset0__noepr__global__per_operation,reservation_reset,predicted_demand,2,4,500,0,False,global,per_operation,64,48,False,False,False,False,0,0,0.0,0.0,0.0,0.0,0.0,0.0,0,0.0,0.5,0.0,2235,0,0,0.0,0.11769273911730446,0.0,0.0,0.360239872298201,0.4779326114155054,0,0,0,0,0.0,0.8736363636363637,0.25412110946058397,2355.0,2363.0,1.0033970276008493,False,325.0,131.52777777777777
sat_n11.qasm,sat_n11,1,reservation_reset__predicted_demand__cq2__ten4__res500__reset50__noepr__global__per_operation,reservation_reset,predicted_demand,2,4,500,50,False,global,per_operation,64,48,False,False,False,False,0,0,0.0,0.0,0.0,0.0,0.0,0.0,0,0.0,0.5,0.0,2898,0,0,0.0,0.12260674157303371,0.05573033707865169,0.0,0.41247191011235956,0.590808988764045,0,0,0,0,0.0,0.8736363636363637,0.2529639914924324,2880.0,2880.0,1.0,False,276.0416666666667,160.69444444444446
sat_n11.qasm,sat_n11,1,reservation_reset__predicted_demand__cq2__ten4__res500__reset200__noepr__global__per_operation,reservation_reset,predicted_demand,2,4,500,200,False,global,per_operation,64,48,False,False,False,False,0,0,0.0,0.0,0.0,0.0,0.0,0.0,0,0.0,0.5,0.0,6025,0,0,0.0,0.11801860263897902,0.2145792775254164,0.0,0.4565303915206576,0.789128271685053,0,0,0,0,0.0,0.8736363636363637,0.2505818588130818,5430.0,7670.0,1.412523020257827,False,129.16666666666666,185.06944444444446
sat_n11.qasm,sat_n11,1,reservation_reset__predicted_demand__cq2__ten4__res2000__reset0__noepr__global__per_operation,reservation_reset,predicted_demand,2,4,2000,0,False,global,per_operation,64,48,False,False,False,False,0,0,0.0,0.0,0.0,0.0,0.0,0.0,0,0.0,0.5,0.0,2904,0,2,0.016129032258064516,0.10600315955766193,0.0,0.0,0.429498420221169,0.535501579778831,0,0,0,0,0.0,0.86054579093432,0.2511893136511786,2030.0,2030.0,1.0,False,325.0,137.77777777777777
sat_n11.qasm,sat_n11,1,reservation_reset__predicted_demand__cq2__ten4__res2000__reset50__noepr__global__per_operation,reservation_reset,predicted_demand,2,4,2000,50,False,global,per_operation,64,48,False,False,False,False,0,0,0.0,0.0,0.0,0.0,0.0,0.0,0,0.0,0.5,0.0,4623,0,3,0.024193548387096774,0.1015642884395269,0.04616558565433041,0.0,0.43818771461274325,0.5859175887066005,0,0,0,0,0.0,0.8534040568897179,0.25078345527329965,2880.0,2880.0,1.0,False,276.0416666666667,160.69444444444446
sat_n11.qasm,sat_n11,1,reservation_reset__predicted_demand__cq2__ten4__res2000__reset200__noepr__global__per_operation,reservation_reset,predicted_demand,2,4,2000,200,False,global,per_operation,64,48,False,False,False,False,0,0,0.0,0.0,0.0,0.0,0.0,0.0,0,0.0,0.5,0.0,5668,0,8,0.06451612903225806,0.09156799425905993,0.16648726228919986,0.0,0.46474345174022247,0.7227987082884823,0,0,0,0,0.0,0.8117760617760618,0.2507982274509879,5430.0,7290.0,1.3425414364640884,False,129.16666666666666,211.61111111111111
sat_n11.qasm,sat_n11,2,reservation_reset__predicted_demand__cq2__ten4__res0__reset0__noepr__global__per_operation,reservation_reset,predicted_demand,2,4,0,0,False,global,per_operation,64,48,False,False,False,False,0,0,1.375,1.4791666666666667,0.10416666666666667,0.10416666666666667,5.0,5.0,1,0.020833333333333332,0.5104166666666666,0.0625,1674,0,0,0.0,0.12082023118827229,0.0,0.0,0.12082023118827229,0.24164046237654457,0,0,0,0,0.0,0.8736363636363637,0.5807365010135562,2140.0,2140.0,1.0,False,321.09375,124.79166666666667
sat_n11.qasm,sat_n11,2,reservation_reset__predicted_demand__cq2__ten4__res0__reset50__noepr__global__per_operation,reservation_reset,predicted_demand,2,4,0,50,False,global,per_operation,64,48,False,False,False,False,0,0,2.3125,4.041666666666667,1.7291666666666667,1.7291666666666667,68.0,83.0,2,0.041666666666666664,0.5208333333333334,0.6458333333333334,2973,0,0,0.0,0.1183668156376101,0.0538030980170955,0.0,0.1721699136547056,0.3443398273094112,0,0,0,0,0.0,0.8736363636363637,0.4643927296129864,3195.0,3195.0,1.0,False,250.25,143.52777777777777
sat_n11.qasm,sat_n11,2,reservation_reset__predicted_demand__cq2__ten4__res0__reset200__noepr__global__per_operation,reservation_reset,predicted_demand,2,4,0,200,False,global,per_operation,64,48,False,False,False,False,0,0,9.6875,54.0625,44.375,44.375,285.0,2130.0,15,0.3125,0.65625,0.9375,3253,0,0,0.0,0.12341099298801177,0.22438362361456685,0.0,0.3477946166025786,0.6955892332051572,0,0,0,0,0.0,0.8736363636363637,0.5483503391655479,6045.0,6670.0,1.1033912324234905,False,247.875,202.19444444444446
sat_n11.qasm,sat_n11,2,reservation_reset__predicted_demand__cq2__ten4__res500__reset0__noepr__global__per_operation,reservation_reset,predicted_demand,2,4,500,0,False,global,per_operation,64,48,False,False,False,False,0,0,0.0,0.0,0.0,0.0,0.0,0.0,0,0.0,0.5,0.0,1944,0,0,0.0,0.11792677127912506,0.0,0.0,0.36877620714995896,0.486702978429084,0,0,0,0,0.0,0.8736363636363637,0.2532439203711139,2030.0,2030.0,1.0,False,325.0,137.77777777777777
sat_n11.qasm,sat_n11,2,reservation_reset__predicted_demand__cq2__ten4__res500__reset50__noepr__global__per_operation,reservation_reset,predicted_demand,2,4,500,50,False,global,per_operation,64,48,False,False,False,False,0,0,0.0,0.0,0.0,0.0,0.0,0.0,0,0.0,0.5,0.0,2780,0,0,0.0,0.12060123784261716,0.05481874447391689,0.0,0.4035587975243148,0.5789787798408488,0,0,0,0,0.0,0.8736363636363637,0.25358620540958093,2880.0,2880.0,1.0,False,276.0416666666667,160.69444444444446
sat_n11.qasm,sat_n11,2,reservation_reset__predicted_demand__cq2__ten4__res500__reset200__noepr__global__per_operation,reservation_reset,predicted_demand,2,4,500,200,False,global,per_operation,64,48,False,False,False,False,0,0,0.0,0.0,0.0,0.0,0.0,0.0,0,0.0,0.5,0.0,5952,0,5,0.04032258064516129,0.11084296540920445,0.20153266438037173,0.0,0.4365087429611753,0.7488843727507515,0,0,0,0,0.0,0.8379289940828403,0.25091006973544383,5430.0,8157.0,1.5022099447513813,False,129.16666666666666,186.38888888888889
sat_n11.qasm,sat_n11,2,reservation_reset__predicted_demand__cq2__ten4__res2000__reset0__noepr__global__per_operation,reservation_reset,predicted_demand,2,4,2000,0,False,global,per_operation,64,48,False,False,False,False,0,0,0.0,0.0,0.0,0.0,0.0,0.0,0,0.0,0.5,0.0,3175,0,6,0.04838709677419355,0.10252764612954186,0.0,0.0,0.4199486571879937,0.5224763033175356,0,0,0,0,0.0,0.8295996186844614,0.2513576789231666,2030.0,2030.0,1.0,False,325.0,137.77777777777777
sat_n11.qasm,sat_n11,2,reservation_reset__predicted_demand__cq2__ten4__res2000__reset50__noepr__global__per_operation,reservation_reset,predicted_demand,2,4,2000,50,False,global,per_operation,64,48,False,False,False,False,0,0,0.0,0.0,0.0,0.0,0.0,0.0,0,0.0,0.5,0.0,4885,0,9,0.07258064516129033,0.09123692751532636,0.04147133068878471,0.0,0.4213667508113956,0.5540750090155067,0,0,0,0,0.0,0.8022931327347731,0.2515496608914287,2880.0,2880.0,1.0,False,276.0416666666667,160.69444444444446
sat_n11.qasm,sat_n11,2,reservation_reset__predicted_demand__cq2__ten4__res2000__reset200__noepr__global__per_operation,reservation_reset,predicted_demand,2,4,2000,200,False,global,per_operation,64,48,False,False,False,False,0,0,0.0,0.0,0.0,0.0,0.0,0.0,0,0.0,0.5,0.0,5845,0,7,0.056451612903225805,0.0954358384931964,0.17351970635126618,0.0,0.4663787030514256,0.7353342478958882,0,0,0,0,0.0,0.8208803070280642,0.2505599440733429,5430.0,5430.0,1.0,False,129.16666666666666,229.44444444444446
square_root_n18.qasm,square_root_n18,0,reservation_reset__predicted_demand__cq2__ten4__res0__reset0__noepr__global__per_operation,reservation_reset,predicted_demand,2,4,0,0,False,global,per_operation,64,48,False,False,False,False,0,0,0.20833333333333334,13.375,13.166666666666666,13.166666666666666,237.0,632.0,7,0.14583333333333334,0.5729166666666666,0.14583333333333334,11344,0,0,0.0,0.19895380796169873,0.0,0.0,0.19895380796169873,0.39790761592339746,0,0,0,0,0.0,0.6282608695652174,0.5041224689132634,6085.0,6085.0,1.0,False,282.0104166666667,53.35344827586207
square_root_n18.qasm,square_root_n18,0,reservation_reset__predicted_demand__cq2__ten4__res0__reset50__noepr__global__per_operation,reservation_reset,predicted_demand,2,4,0,50,False,global,per_operation,64,48,False,False,False,False,0,0,1.3125,113.35416666666667,112.04166666666667,112.04166666666667,1565.0,5378.0,17,0.3541666666666667,0.6770833333333334,0.625,21277,0,0,0.0,0.19582860633563137,0.08901300287983245,0.0,0.2848416092154638,0.5696832184309276,0,0,0,0,0.0,0.6282608695652174,0.5114405836454774,8945.0,8945.0,1.0,False,429.5520833333333,76.84051724137932
square_root_n18.qasm,square_root_n18,0,reservation_reset__predicted_demand__cq2__ten4__res0__reset200__noepr__global__per_operation,reservation_reset,predicted_demand,2,4,0,200,False,global,per_operation,64,48,False,False,False,False,0,38,4.229166666666667,268.6041666666667,264.375,264.375,2060.0,12690.0,29,0.6041666666666666,0.8020833333333333,0.8125,29428,0,38,0.18627450980392157,0.15870670548867932,0.2885576463430533,0.0,0.44726435183173263,0.8945287036634653,0,0,0,0,0.0,0.749782324771441,0.5771878788782475,12240.0,11930.0,0.9746732026143791,True,305.8541666666667,102.46341463414635
square_root_n18.qasm,square_root_n18,0,reservation_reset__predicted_demand__cq2__ten4__res500__reset0__noepr__global__per_operation,reservation_reset,predicted_demand,2,4,500,0,False,global,per_operation,64,48,False,False,False,False,0,0,0.0,0.0,0.0,0.0,0.0,0.0,0,0.0,0.5,0.0,17898,0,0,0.0,0.1920410783055199,0.0,0.0,0.4411895592640137,0.6332306375695336,0,0,0,0,0.0,0.6282608695652174,0.25085085504110527,6212.0,8082.0,1.3010302640051514,False,325.0,62.60344827586207
square_root_n18.qasm,square_root_n18,0,reservation_reset__predicted_demand__cq2__ten4__res500__reset50__noepr__global__per_operation,reservation_reset,predicted_demand,2,4,500,50,False,global,per_operation,64,48,False,False,False,False,0,0,0.0,0.0,0.0,0.0,0.0,0.0,0,0.0,0.5,0.0,25016,0,2,0.00980392156862745,0.18990641425580104,0.08632109738900047,0.0,0.48691508909875647,0.763142600743558,0,0,0,0,0.0,0.6189176070865187,0.2506607944046856,8310.0,10390.0,1.2503008423586042,False,276.0416666666667,79.95689655172414
square_root_n18.qasm,square_root_n18,0,reservation_reset__predicted_demand__cq2__ten4__res500__reset200__noepr__global__per_operation,reservation_reset,predicted_demand,2,4,500,200,False,global,per_operation,64,48,False,False,False,False,0,36,0.0,0.0,0.0,0.0,0.0,0.0,0,0.0,0.5,0.0,35434,0,47,0.23039215686274508,0.14599712570800574,0.2654493194691014,0.0,0.531241017837518,0.942687463014625,0,0,0,0,0.0,0.6735435566728605,0.2503307908379969,12240.0,12240.0,1.0,True,129.16666666666666,96.625
square_root_n18.qasm,square_root_n18,0,reservation_reset__predicted_demand__cq2__ten4__res2000__reset0__noepr__global__per_operation,reservation_reset,predicted_demand,2,4,2000,0,False,global,per_operation,64,48,False,False,False,False,0,0,0.0,0.0,0.0,0.0,0.0,0.0,0,0.0,0.5,0.0,14927,0,0,0.0,0.17422360248447205,0.0,0.0,0.4686878881987578,0.6429114906832298,0,0,0,0,0.0,0.6282608695652174,0.2506312229370554,5760.0,7190.0,1.2482638888888888,False,325.0,63.36206896551724
square_root_n18.qasm,square_root_n18,0,reservation_reset__predicted_demand__cq2__ten4__res2000__reset50__noepr__global__per_operation,reservation_reset,predicted_demand,2,4,2000,50,False,global,per_operation,64,48,False,False,False,False,0,0,0.0,0.0,0.0,0.0,0.0,0.0,0,0.0,0.5,0.0,27808,0,7,0.03431372549019608,0.1706097704995473,0.07754989568161241,0.0,0.5157501082549305,0.7639097744360902,0,0,0,0,0.0,0.5949015880802011,0.2504095827657349,8310.0,10390.0,1.2503008423586042,False,276.0416666666667,79.95689655172414
square_root_n18.qasm,square_root_n18,0,reservation_reset__predicted_demand__cq2__ten4__res2000__reset200__noepr__global__per_operation,reservation_reset,predicted_demand,2,4,2000,200,False,global,per_operation,64,48,False,False,False,False,0,36,0.0,0.0,0.0,0.0,0.0,0.0,0,0.0,0.5,0.0,34529,0,48,0.23529411764705882,0.12466400290592082,0.22666182346531058,0.0,0.533617871413004,0.8849436977842354,0,0,0,0,0.0,0.6665205959684487,0.2502975368056989,12240.0,12240.0,1.0,True,129.16666666666666,121.46739130434783
square_root_n18.qasm,square_root_n18,1,reservation_reset__predicted_demand__cq2__ten4__res0__reset0__noepr__global__per_operation,reservation_reset,predicted_demand,2,4,0,0,False,global,per_operation,64,48,False,False,False,False,0,0,0.0,16.979166666666668,16.979166666666668,16.979166666666668,395.0,815.0,4,0.08333333333333333,0.5416666666666666,0.9583333333333334,11117,0,0,0.0,0.19921875,0.0,0.0,0.19921875,0.3984375,0,0,0,0,0.0,0.6282608695652174,0.5437873391645812,5975.0,5975.0,1.0,False,489.3541666666667,60.11206896551724
square_root_n18.qasm,square_root_n18,1,reservation_reset__predicted_demand__cq2__ten4__res0__reset50__noepr__global__per_operation,reservation_reset,predicted_demand,2,4,0,50,False,global,per_operation,64,48,False,False,False,False,0,0,0.0,99.22916666666667,99.22916666666667,99.22916666666667,1242.0,4763.0,17,0.3541666666666667,0.6770833333333334,0.9166666666666666,22246,0,0,0.0,0.19703222407586268,0.08956010185266486,0.0,0.2865923259285275,0.573184651857055,0,0,0,0,0.0,0.6282608695652174,0.5730703196023658,9265.0,9265.0,1.0,False,431.6145833333333,68.18103448275862
square_root_n18.qasm,square_root_n18,1,reservation_reset__predicted_demand__cq2__ten4__res0__reset200__noepr__global__per_operation,reservation_reset,predicted_demand,2,4,0,200,False,global,per_operation,64,48,False,False,False,False,0,38,14.166666666666666,257.8125,243.64583333333334,243.64583333333334,2060.0,11695.0,29,0.6041666666666666,0.8020833333333333,0.7708333333333334,26709,0,38,0.18627450980392157,0.16266536011758942,0.2957552002137989,0.0,0.45842056033138834,0.9168411206627767,0,0,0,0,0.0,0.749782324771441,0.670824646210632,12240.0,11930.0,0.9746732026143791,True,302.5520833333333,109.51219512195122
square_root_n18.qasm,square_root_n18,1,reservation_reset__predicted_demand__cq2__ten4__res500__reset0__noepr__global__per_operation,reservation_reset,predicted_demand,2,4,500,0,False,global,per_operation,64,48,False,False,False,False,0,0,0.0,0.0,0.0,0.0,0.0,0.0,0,0.0,0.5,0.0,15672,0,0,0.0,0.19113325667561007,0.0,0.0,0.4258549465525318,0.6169882032281419,0,0,0,0,0.0,0.6282608695652174,0.2507710987265949,5760.0,7190.0,1.2482638888888888,False,325.0,63.36206896551724
square_root_n18.qasm,square_root_n18,1,reservation_reset__predicted_demand__cq2__ten4__res500__reset50__noepr__global__per_operation,reservation_reset,predicted_demand,2,4,500,50,False,global,per_operation,64,48,False,False,False,False,0,0,0.0,0.0,0.0,0.0,0.0,0.0,0,0.0,0.5,0.0,29542,0,4,0.0196078431372549,0.19017980636237897,0.08644536652835408,0.0,0.4959457123098202,0.7725708852005533,0,0,0,0,0.0,0.6091617933723197,0.25040164117497254,8310.0,10935.0,1.315884476534296,False,276.0416666666667,60.23706896551724
square_root_n18.qasm,square_root_n18,1,reservation_reset__predicted_demand__cq2__ten4__res500__reset200__noepr__global__per_operation,reservation_reset,predicted_demand,2,4,500,200,False,global,per_operation,64,48,False,False,False,False,0,36,0.0,0.0,0.0,0.0,0.0,0.0,0,0.0,0.5,0.0,35030,0,45,0.22058823529411764,0.14788821713947492,0.26888766752631804,0.0,0.5323257092123621,0.949101593878155,0,0,0,0,0.0,0.6881056069678824,0.25032579528322924,12240.0,12240.0,1.0,True,129.16666666666666,103.58695652173913
square_root_n18.qasm,square_root_n18,1,reservation_reset__predicted_demand__cq2__ten4__res2000__reset0__noepr__global__per_operation,reservation_reset,predicted_demand,2,4,2000,0,False,global,per_operation,64,48,False,False,False,False,0,0,0.0,0.0,0.0,0.0,0.0,0.0,0,0.0,0.5,0.0,15769,0,10,0.049019607843137254,0.16856240126382308,0.0,0.0,0.47453396524486574,0.6430963665086887,0,0,0,0,0.0,0.5786592865928659,0.25096818968653367,5760.0,7190.0,1.2482638888888888,False,325.0,63.36206896551724
square_root_n18.qasm,square_root_n18,1,reservation_reset__predicted_demand__cq2__ten4__res2000__reset50__noepr__global__per_operation,reservation_reset,predicted_demand,2,4,2000,50,False,global,per_operation,64,48,False,False,False,False,0,65,0.0,0.0,0.0,0.0,0.0,0.0,0,0.0,0.5,0.0,29701,0,68,0.3333333333333333,0.11628449280994947,0.052856587640886125,0.0,0.4521881072677808,0.6213291877186164,0,0,0,0,0.0,0.8265999284948159,0.2510619848796069,12465.0,8145.0,0.6534296028880866,True,276.0416666666667,136.77777777777777
square_root_n18.qasm,square_root_n18,1,reservation_reset__predicted_demand__cq2__ten4__res2000__reset200__noepr__global__per_operation,reservation_reset,predicted_demand,2,4,2000,200,False,global,per_operation,64,48,False,False,False,False,0,36,0.0,0.0,0.0,0.0,0.0,0.0,0,0.0,0.5,0.0,34676,0,47,0.23039215686274508,0.12393254395407248,0.2253318980983136,0.0,0.5327843559382849,0.8820487979906709,0,0,0,0,0.0,0.6735435566728605,0.2502693934925014,12240.0,12240.0,1.0,True,129.16666666666666,121.46739130434783
square_root_n18.qasm,square_root_n18,2,reservation_reset__predicted_demand__cq2__ten4__res0__reset0__noepr__global__per_operation,reservation_reset,predicted_demand,2,4,0,0,False,global,per_operation,64,48,False,False,False,False,0,0,4.125,12.75,8.625,8.625,269.0,414.0,4,0.08333333333333333,0.5416666666666666,0.75,8641,0,0,0.0,0.19561522032864054,0.0,0.0,0.19561522032864054,0.3912304406572811,0,0,0,0,0.0,0.6282608695652174,0.5534669138307989,5919.0,5968.0,1.0082784254096975,False,283.40625,52.952586206896555
square_root_n18.qasm,square_root_n18,2,reservation_reset__predicted_demand__cq2__ten4__res0__reset50__noepr__global__per_operation,reservation_reset,predicted_demand,2,4,0,50,False,global,per_operation,64,48,False,False,False,False,0,0,0.625,85.625,85.0,85.0,1085.0,4080.0,16,0.3333333333333333,0.6666666666666666,0.875,21709,0,0,0.0,0.19503715614271436,0.0886532527921429,0.0,0.28369040893485725,0.5673808178697145,0,0,0,0,0.0,0.6282608695652174,0.578091124862118,9110.0,9110.0,1.0,False,431.0833333333333,75.43103448275862
square_root_n18.qasm,square_root_n18,2,reservation_reset__predicted_demand__cq2__ten4__res0__reset200__noepr__global__per_operation,reservation_reset,predicted_demand,2,4,0,200,False,global,per_operation,64,48,False,False,False,False,0,39,13.3125,246.04166666666666,232.72916666666666,232.72916666666666,2060.0,11171.0,30,0.625,0.8125,0.8333333333333334,30201,0,39,0.19117647058823528,0.1624451803454757,0.2953548733554104,0.0,0.45780005370088606,0.9156001074017721,0,0,0,0,0.0,0.7534872135503156,0.6925429592775079,12240.0,12240.0,1.0,True,309.3958333333333,116.15625
square_root_n18.qasm,square_root_n18,2,reservation_reset__predicted_demand__cq2__ten4__res500__reset0__noepr__global__per_operation,reservation_reset,predicted_demand,2,4,500,0,False,global,per_operation,64,48,False,False,False,False,0,0,0.0,0.0,0.0,0.0,0.0,0.0,0,0.0,0.5,0.0,15349,0,0,0.0,0.191508427565607,0.0,0.0,0.4444975464049499,0.6360059739705569,0,0,0,0,0.0,0.6282608695652174,0.2509789413335241,5760.0,7805.0,1.3550347222222223,False,325.0,58.422413793103445
square_root_n18.qasm,square_root_n18,2,reservation_reset__predicted_demand__cq2__ten4__res500__reset50__noepr__global__per_operation,reservation_reset,predicted_demand,2,4,500,50,False,global,per_operation,64,48,False,False,False,False,0,0,0.0,0.0,0.0,0.0,0.0,0.0,0,0.0,0.5,0.0,27703,0,4,0.0196078431372549,0.18814675446848542,0.08552125203112973,0.0,0.4917172667407851,0.7653852732404003,0,0,0,0,0.0,0.6093845216331505,0.25048831221228096,8310.0,10390.0,1.2503008423586042,False,276.0416666666667,79.95689655172414
square_root_n18.qasm,square_root_n18,2,reservation_reset__predicted_demand__cq2__ten4__res500__reset200__noepr__global__per_operation,reservation_reset,predicted_demand,2,4,500,200,False,global,per_operation,64,48,False,False,False,False,0,36,0.0,0.0,0.0,0.0,0.0,0.0,0,0.0,0.5,0.0,34792,0,46,0.22549019607843138,0.1471011426153195,0.26745662293694455,0.0,0.5308125264494287,0.9453702920016928,0,0,0,0,0.0,0.6804404709986916,0.25035756831659395,12240.0,12240.0,1.0,True,129.16666666666666,94.51086956521739
square_root_n18.qasm,square_root_n18,2,reservation_reset__predicted_demand__cq2__ten4__res2000__reset0__noepr__global__per_operation,reservation_reset,predicted_demand,2,4,2000,0,False,global,per_operation,64,48,False,False,False,False,0,0,0.0,0.0,0.0,0.0,0.0,0.0,0,0.0,0.5,0.0,16662,0,5,0.024509803921568627,0.17141738449490995,0.0,0.0,0.48205951448707907,0.653476898981989,0,0,0,0,0.0,0.604226426609704,0.25054495516053377,6090.0,7190.0,1.180623973727422,False,325.0,60.39224137931034
square_root_n18.qasm,square_root_n18,2,reservation_reset__predicted_demand__cq2__ten4__res2000__reset50__noepr__global__per_operation,reservation_reset,predicted_demand,2,4,2000,50,False,global,per_operation,64,48,False,False,False,False,0,0,0.0,0.0,0.0,0.0,0.0,0.0,0,0.0,0.5,0.0,27057,0,7,0.03431372549019608,0.16844150796735327,0.0765643218033424,0.0,0.5062883793237466,0.7512942090944423,0,0,0,0,0.0,0.5949015880802011,0.2504684261782561,8310.0,10390.0,1.2503008423586042,False,276.0416666666667,79.95689655172414
square_root_n18.qasm,square_root_n18,2,reservation_reset__predicted_demand__cq2__ten4__res2000__reset200__noepr__global__per_operation,reservation_reset,predicted_demand,2,4,2000,200,False,global,per_operation,64,48,False,False,False,False,0,36,0.0,0.0,0.0,0.0,0.0,0.0,0,0.0,0.5,0.0,33461,0,48,0.23529411764705882,0.125626853105897,0.22841246019254,0.0,0.5361945898458949,0.8902339031443318,0,0,0,0,0.0,0.6682776801405975,0.2503281552815837,12240.0,12240.0,1.0,True,129.16666666666666,121.46739130434783
bv_n19.qasm,bv_n19,0,reservation_reset__priority_allocation__cq2__ten4__res0__reset0__noepr__global__per_operation,reservation_reset,priority_allocation,2,4,0,0,False,global,per_operation,64,48,False,False,False,False,0,0,0.0,0.0,0.0,0.0,0.0,0.0,0,0.0,0.5,0.0,158,0,0,0.0,0.09694192297523574,0.0,0.0,0.09694192297523574,0.19388384595047148,0,0,0,0,0.0,0.7697044334975369,0.687913181532672,765.0,765.0,1.0,False,592.5104166666666,321.4583333333333
bv_n19.qasm,bv_n19,0,reservation_reset__priority_allocation__cq2__ten4__res0__reset50__noepr__global__per_operation,reservation_reset,priority_allocation,2,4,0,50,False,global,per_operation,64,48,False,False,False,False,0,0,5.291666666666667,5.291666666666667,0.0,0.0,0.0,0.0,0,0.0,0.5,0.020833333333333332,295,0,0,0.0,0.10245901639344263,0.046572280178837556,0.0,0.14903129657228018,0.29806259314456035,0,0,0,0,0.0,0.7697044334975369,0.5685422625148037,1015.0,1015.0,1.0,False,518.3229166666666,342.2916666666667
bv_n19.qasm,bv_n19,0,reservation_reset__priority_allocation__cq2__ten4__res0__reset200__noepr__global__per_operation,reservation_reset,priority_allocation,2,4,0,200,False,global,per_operation,64,48,False,False,False,False,0,0,24.916666666666668,29.104166666666668,4.1875,4.1875,201.0,201.0,1,0.020833333333333332,0.5104166666666666,0.020833333333333332,342,0,0,0.0,0.09999090991728024,0.181801654395055,0.0,0.28179256431233524,0.5635851286246705,0,0,0,0,0.0,0.7697044334975369,0.7418080371242308,1765.0,1765.0,1.0,False,363.8020833333333,391.875
bv_n19.qasm,bv_n19,0,reservation_reset__priority_allocation__cq2__ten4__res500__reset0__noepr__global__per_operation,reservation_reset,priority_allocation,2,4,500,0,False,global,per_operation,64,48,False,False,False,False,0,0,0.0,0.0,0.0,0.0,0.0,0.0,0,0.0,0.5,0.8958333333333334,399,0,0,0.0,0.09381663113006397,0.0,0.0,0.4207633262260128,0.5145799573560768,0,0,0,0,0.0,0.7697044334975369,0.25530577875521393,765.0,1279.0,1.6718954248366014,False,568.0,274.8333333333333
bv_n19.qasm,bv_n19,0,reservation_reset__priority_allocation__cq2__ten4__res500__reset50__noepr__global__per_operation,reservation_reset,priority_allocation,2,4,500,50,False,global,per_operation,64,48,False,False,False,False,0,0,0.0,0.0,0.0,0.0,0.0,0.0,0,0.0,0.5,0.0,801,0,0,0.0,0.09602793539938892,0.04364906154517678,0.0,0.4456219991270188,0.5852989960715844,0,0,0,0,0.0,0.7697044334975369,0.25331401390059954,1015.0,1509.0,1.4866995073891625,False,523.0625,296.5
bv_n19.qasm,bv_n19,0,reservation_reset__priority_allocation__cq2__ten4__res500__reset200__noepr__global__per_operation,reservation_reset,priority_allocation,2,4,500,200,False,global,per_operation,64,48,False,False,False,False,0,0,0.0,0.0,0.0,0.0,0.0,0.0,0,0.0,0.5,0.9166666666666666,790,0,0,0.0,0.09516805813903188,0.17303283298005798,0.0,0.5270969416446771,0.795297832763767,0,0,0,0,0.0,0.7697044334975369,0.2524878760260185,1765.0,1765.0,1.0,False,351.90625,404.7916666666667
bv_n19.qasm,bv_n19,0,reservation_reset__priority_allocation__cq2__ten4__res2000__reset0__noepr__global__per_operation,reservation_reset,priority_allocation,2,4,2000,0,False,global,per_operation,64,48,False,False,False,False,0,0,0.0,0.0,0.0,0.0,0.0,0.0,0,0.0,0.5,0.5,908,0,0,0.0,0.08688783570300158,0.0,0.0,0.5653317535545024,0.6522195892575039,0,0,0,0,0.0,0.7697044334975369,0.2529301781205156,765.0,765.0,1.0,False,538.125,321.4583333333333
bv_n19.qasm,bv_n19,0,reservation_reset__priority_allocation__cq2__ten4__res2000__reset50__noepr__global__per_operation,reservation_reset,priority_allocation,2,4,2000,50,False,global,per_operation,64,48,False,False,False,False,0,0,0.0,0.0,0.0,0.0,0.0,0.0,0,0.0,0.5,0.0,1785,0,0,0.0,0.08603832616347282,0.03910833007430583,0.0,0.5704771216269066,0.6956237778646852,0,0,0,0,0.0,0.7697044334975369,0.25202565562883433,1015.0,1015.0,1.0,False,489.6875,262.9166666666667
bv_n19.qasm,bv_n19,0,reservation_reset__priority_allocation__cq2__ten4__res2000__reset200__noepr__global__per_operation,reservation_reset,priority_allocation,2,4,2000,200,False,global,per_operation,64,48,False,False,False,False,0,0,0.0,0.0,0.0,0.0,0.0,0.0,0,0.0,0.5,0.5,2369,0,2,0.02,0.08191489361702127,0.14893617021276595,0.0,0.5615881458966565,0.7924392097264438,0,0,0,0,0.0,0.7569356872635561,0.2510577911501793,1765.0,1765.0,1.0,False,344.375,404.7916666666667
bv_n19.qasm,bv_n19,1,reservation_reset__priority_allocation__cq2__ten4__res0__reset0__noepr__global__per_operation,reservation_reset,priority_allocation,2,4,0,0,False,global,per_operation,64,48,False,False,False,False,0,0,0.9375,2.625,1.6875,1.6875,81.0,81.0,1,0.020833333333333332,0.5104166666666666,0.0,185,0,0,0.0,0.09569794249423637,0.0,0.0,0.09569794249423637,0.19139588498847274,0,0,0,0,0.0,0.7697044334975369,0.6001202754003967,765.0,765.0,1.0,False,583.8645833333334,312.875
bv_n19.qasm,bv_n19,1,reservation_reset__priority_allocation__cq2__ten4__res0__reset50__noepr__global__per_operation,reservation_reset,priority_allocation,2,4,0,50,False,global,per_operation,64,48,False,False,False,False,0,0,2.375,2.375,0.0,0.0,0.0,0.0,0,0.0,0.5,0.020833333333333332,332,0,0,0.0,0.10403858885841294,0.04729026766291497,0.0,0.1513288565213279,0.3026577130426558,0,0,0,0,0.0,0.7697044334975369,0.5206194716288532,1015.0,1015.0,1.0,False,513.3125,342.2916666666667
bv_n19.qasm,bv_n19,1,reservation_reset__priority_allocation__cq2__ten4__res0__reset200__noepr__global__per_operation,reservation_reset,priority_allocation,2,4,0,200,False,global,per_operation,64,48,False,False,False,False,0,0,18.729166666666668,22.479166666666668,3.75,3.75,145.0,180.0,2,0.041666666666666664,0.5208333333333334,0.10416666666666667,510,0,0,0.0,0.09578127040794114,0.1741477643780748,0.0,0.26992903478601593,0.5398580695720319,0,0,0,0,0.0,0.7697044334975369,0.44124918112774875,1765.0,1765.0,1.0,False,364.8125,404.7916666666667
bv_n19.qasm,bv_n19,1,reservation_reset__priority_allocation__cq2__ten4__res500__reset0__noepr__global__per_operation,reservation_reset,priority_allocation,2,4,500,0,False,global,per_operation,64,48,False,False,False,False,0,0,0.0,0.0,0.0,0.0,0.0,0.0,0,0.0,0.5,0.020833333333333332,632,0,0,0.0,0.09458704157530419,0.0,0.0,0.4072273098585494,0.5018143514338536,0,0,0,0,0.0,0.7697044334975369,0.25345307266476236,1364.0,1369.0,1.0036656891495601,False,581.3125,243.5
bv_n19.qasm,bv_n19,1,reservation_reset__priority_allocation__cq2__ten4__res500__reset50__noepr__global__per_operation,reservation_reset,priority_allocation,2,4,500,50,False,global,per_operation,64,48,False,False,False,False,0,0,0.0,0.0,0.0,0.0,0.0,0.0,0,0.0,0.5,0.875,630,0,0,0.0,0.0948316737790422,0.043105306263201,0.0,0.4470580628475365,0.5849950428897798,0,0,0,0,0.0,0.7697044334975369,0.25419416558830904,1015.0,1015.0,1.0,False,517.5,342.2916666666667
bv_n19.qasm,bv_n19,1,reservation_reset__priority_allocation__cq2__ten4__res500__reset200__noepr__global__per_operation,reservation_reset,priority_allocation,2,4,500,200,False,global,per_operation,64,48,False,False,False,False,0,0,0.0,0.0,0.0,0.0,0.0,0.0,0,0.0,0.5,0.020833333333333332,877,0,0,0.0,0.09086778736937756,0.16521415885341373,0.0,0.5072529015736649,0.7633348477964561,0,0,0,0,0.0,0.7697044334975369,0.2521270502469973,1765.0,1765.0,1.0,False,354.6875,344.625
bv_n19.qasm,bv_n19,1,reservation_reset__priority_allocation__cq2__ten4__res2000__reset0__noepr__global__per_operation,reservation_reset,priority_allocation,2,4,2000,0,False,global,per_operation,64,48,False,False,False,False,0,0,0.0,0.0,0.0,0.0,0.0,0.0,0,0.0,0.5,0.5,1202,0,0,0.0,0.08504058755315037,0.0,0.0,0.5541785852338617,0.639219172787012,0,0,0,0,0.0,0.7697044334975369,0.2526520785987668,765.0,765.0,1.0,False,538.125,321.4583333333333
bv_n19.qasm,bv_n19,1,reservation_reset__priority_allocation__cq2__ten4__res2000__reset50__noepr__global__per_operation,reservation_reset,priority_allocation,2,4,2000,50,False,global,per_operation,64,48,False,False,False,False,0,0,0.0,0.0,0.0,0.0,0.0,0.0,0,0.0,0.5,0.125,2445,0,0,0.0,0.08297503205853511,0.0377159236629705,0.0,0.555446179376933,0.6761371350984385,0,0,0,0,0.0,0.7697044334975369,0.251506904278123,1970.0,7973.0,4.047208121827411,False,489.6875,316.6666666666667
bv_n19.qasm,bv_n19,1,reservation_reset__priority_allocation__cq2__ten4__res2000__reset200__noepr__global__per_operation,reservation_reset,priority_allocation,2,4,2000,200,False,global,per_operation,64,48,False,False,False,False,0,0,0.0,0.0,0.0,0.0,0.0,0.0,0,0.0,0.5,0.5,2531,0,9,0.09,0.07751877952451018,0.14094323549910942,0.0,0.5530705490590877,0.7715325640827073,0,0,0,0,0.0,0.6972886493768946,0.25267738431326825,1765.0,1765.0,1.0,False,344.375,404.7916666666667
bv_n19.qasm,bv_n19,2,reservation_reset__priority_allocation__cq2__ten4__res0__reset0__noepr__global__per_operation,reservation_reset,priority_allocation,2,4,0,0,False,global,per_operation,64,48,False,False,False,False,0,0,0.25,0.25,0.0,0.0,0.0,0.0,0,0.0,0.5,0.020833333333333332,219,0,0,0.0,0.09947999095636446,0.0,0.0,0.09947999095636446,0.19895998191272893,0,0,0,0,0.0,0.7697044334975369,0.3845843975997492,765.0,765.0,1.0,False,576.40625,262.9583333333333
bv_n19.qasm,bv_n19,2,reservation_reset__priority_allocation__cq2__ten4__res0__reset50__noepr__global__per_operation,reservation_reset,priority_allocation,2,4,0,50,False,global,per_operation,64,48,False,False,False,False,0,0,0.1875,1.4791666666666667,1.2916666666666667,1.2916666666666667,62.0,62.0,1,0.020833333333333332,0.5104166666666666,0.020833333333333332,312,0,0,0.0,0.09737529323241711,0.044261496923825965,0.0,0.1416367901562431,0.2832735803124862,0,0,0,0,0.0,0.7697044334975369,0.4385993707751167,1015.0,1015.0,1.0,False,548.3020833333334,332.0
bv_n19.qasm,bv_n19,2,reservation_reset__priority_allocation__cq2__ten4__res0__reset200__noepr__global__per_operation,reservation_reset,priority_allocation,2,4,0,200,False,global,per_operation,64,48,False,False,False,False,0,0,7.729166666666667,11.479166666666666,3.75,3.75,145.0,180.0,2,0.041666666666666664,0.5208333333333334,0.0625,442,0,0,0.0,0.09701887458105486,0.1763979537837361,0.0,0.273416828364791,0.546833656729582,0,0,0,0,0.0,0.7697044334975369,0.3765599078852297,1765.0,1765.0,1.0,False,375.0833333333333,404.7916666666667
bv_n19.qasm,bv_n19,2,reservation_reset__priority_allocation__cq2__ten4__res500__reset0__noepr__global__per_operation,reservation_reset,priority_allocation,2,4,500,0,False,global,per_operation,64,48,False,False,False,False,0,0,0.0,0.0,0.0,0.0,0.0,0.0,0,0.0,0.5,0.0,332,0,0,0.0,0.09360905454854906,0.0,0.0,0.40965875244660027,0.5032678069951494,0,0,0,0,0.0,0.7697044334975369,0.2572307590919213,765.0,765.0,1.0,False,560.6458333333334,252.5
bv_n19.qasm,bv_n19,2,reservation_reset__priority_allocation__cq2__ten4__res500__reset50__noepr__global__per_operation,reservation_reset,priority_allocation,2,4,500,50,False,global,per_operation,64,48,False,False,False,False,0,0,0.0,0.0,0.0,0.0,0.0,0.0,0,0.0,0.5,0.9583333333333334,654,0,0,0.0,0.1026598226784881,0.04666355576294914,0.0,0.4694447036864209,0.6187680821278582,0,0,0,0,0.0,0.7697044334975369,0.2539478654269949,1015.0,1015.0,1.0,False,508.2604166666667,342.2916666666667
bv_n19.qasm,bv_n19,2,reservation_reset__priority_allocation__cq2__ten4__res500__reset200__noepr__global__per_operation,reservation_reset,priority_allocation,2,4,500,200,False,global,per_operation,64,48,False,False,False,False,0,0,0.0,0.0,0.0,0.0,0.0,0.0,0,0.0,0.5,0.7291666666666666,1107,0,0,0.0,0.09350163627863488,0.1700029750520634,0.0,0.5201751030643036,0.783679714395002,0,0,0,0,0.0,0.7697044334975369,0.2518053584487711,1765.0,1765.0,1.0,False,348.4375,325.875
bv_n19.qasm,bv_n19,2,reservation_reset__priority_allocation__cq2__ten4__res2000__reset0__noepr__global__per_operation,reservation_reset,priority_allocation,2,4,2000,0,False,global,per_operation,64,48,False,False,False,False,0,0,0.0,0.0,0.0,0.0,0.0,0.0,0,0.0,0.5,0.0,1869,0,5,0.05,0.08454008575357981,0.0,0.0,0.5600315508454009,0.6445716365989806,0,0,0,0,0.0,0.7342173771558738,0.25099262769253544,3490.0,4523.0,1.2959885386819485,False,538.125,330.0
bv_n19.qasm,bv_n19,2,reservation_reset__priority_allocation__cq2__ten4__res2000__reset50__noepr__global__per_operation,reservation_reset,priority_allocation,2,4,2000,50,False,global,per_operation,64,48,False,False,False,False,0,0,0.0,0.0,0.0,0.0,0.0,0.0,0,0.0,0.5,0.0,2688,0,0,0.0,0.08712871287128712,0.039603960396039604,0.0,0.5722772277227722,0.699009900990099,0,0,0,0,0.0,0.7697044334975369,0.25073586218648397,3323.0,9136.0,2.7493229009930786,False,489.6875,310.5416666666667
bv_n19.qasm,bv_n19,2,reservation_reset__priority_allocation__cq2__ten4__res2000__reset200__noepr__global__per_operation,reservation_reset,priority_allocation,2,4,2000,200,False,global,per_operation,64,48,False,False,False,False,0,0,0.0,0.0,0.0,0.0,0.0,0.0,0,0.0,0.5,0.0,2288,0,2,0.02,0.08096132181749906,0.14720240330454376,0.0,0.5640818625610214,0.7922455876830642,0,0,0,0,0.0,0.7569356872635561,0.2511205389680452,1765.0,1765.0,1.0,False,344.375,294.1666666666667
dnn_n16.qasm,dnn_n16,0,reservation_reset__priority_allocation__cq2__ten4__res0__reset0__noepr__global__per_operation,reservation_reset,priority_allocation,2,4,0,0,False,global,per_operation,64,48,False,False,False,False,0,0,0.5208333333333334,57.416666666666664,56.895833333333336,56.895833333333336,865.0,2731.0,7,0.14583333333333334,0.5729166666666666,0.08333333333333333,917,0,0,0.0,0.15314335436154014,0.0,0.0,0.15314335436154014,0.3062867087230803,0,0,0,0,0.0,0.7722007722007722,0.4907443989801885,8890.0,8890.0,1.0,False,541.3020833333334,174.45138888888889
dnn_n16.qasm,dnn_n16,0,reservation_reset__priority_allocation__cq2__ten4__res0__reset50__noepr__global__per_operation,reservation_reset,priority_allocation,2,4,0,50,False,global,per_operation,64,48,False,False,False,False,0,0,0.0,131.125,131.125,131.125,1315.0,6294.0,14,0.2916666666666667,0.6458333333333334,0.20833333333333334,2149,0,0,0.0,0.15374535924874427,0.06988425420397466,0.0,0.22362961345271892,0.44725922690543785,0,0,0,0,0.0,0.7722007722007722,0.8156761411693334,9290.0,9290.0,1.0,False,500.7708333333333,164.14583333333334
dnn_n16.qasm,dnn_n16,0,reservation_reset__priority_allocation__cq2__ten4__res0__reset200__noepr__global__per_operation,reservation_reset,priority_allocation,2,4,0,200,False,global,per_operation,64,48,False,False,False,False,0,0,14.666666666666666,1688.1666666666667,1673.5,1673.5,4995.0,80328.0,43,0.8958333333333334,0.9479166666666667,0.4583333333333333,8800,0,4,0.025,0.14911366006256518,0.2711157455683003,0.0,0.42022940563086547,0.8404588112617309,0,0,0,0,0.0,0.7470530451866405,0.7831334241175213,11030.0,10741.0,0.9737987307343609,False,298.59375,98.71527777777777
dnn_n16.qasm,dnn_n16,0,reservation_reset__priority_allocation__cq2__ten4__res500__reset0__noepr__global__per_operation,reservation_reset,priority_allocation,2,4,500,0,False,global,per_operation,64,48,False,False,False,False,0,0,0.0,0.0,0.0,0.0,0.0,0.0,0,0.0,0.5,0.2708333333333333,3240,0,0,0.0,0.15078821110349555,0.0,0.0,0.49635023989033583,0.6471384509938314,0,0,0,0,0.0,0.7722007722007722,0.25180463546384907,8890.0,10677.0,1.2010123734533182,False,566.4895833333334,225.34027777777777
dnn_n16.qasm,dnn_n16,0,reservation_reset__priority_allocation__cq2__ten4__res500__reset50__noepr__global__per_operation,reservation_reset,priority_allocation,2,4,500,50,False,global,per_operation,64,48,False,False,False,False,0,0,0.0,0.0,0.0,0.0,0.0,0.0,0,0.0,0.5,0.25,8263,0,4,0.025,0.14694296968659018,0.06679225894845008,0.0,0.5215062510703887,0.735241479705429,0,0,0,0,0.0,0.7470530451866405,0.2508318835660925,9785.0,12726.0,1.3005620848237098,False,508.53125,179.63194444444446
dnn_n16.qasm,dnn_n16,0,reservation_reset__priority_allocation__cq2__ten4__res500__reset200__noepr__global__per_operation,reservation_reset,priority_allocation,2,4,500,200,False,global,per_operation,64,48,False,False,False,False,0,0,0.0,0.0,0.0,0.0,0.0,0.0,0,0.0,0.5,0.0,16589,0,17,0.10625,0.1270905712208128,0.23107376585602327,0.0,0.6021531873636584,0.9603175244404945,0,0,0,0,0.0,0.6593899135818393,0.2503297463936631,11803.0,17865.0,1.5135982377361688,False,367.0833333333333,165.38888888888889
dnn_n16.qasm,dnn_n16,0,reservation_reset__priority_allocation__cq2__ten4__res2000__reset0__noepr__global__per_operation,reservation_reset,priority_allocation,2,4,2000,0,False,global,per_operation,64,48,False,False,False,False,0,48,0.0,0.0,0.0,0.0,0.0,0.0,0,0.0,0.5,0.0,13025,0,67,0.41875,0.07341227125941872,0.0,0.0,0.48464298528884103,0.5580552565482598,0,0,0,0,0.0,0.6945872149052361,0.25503005335548945,12035.0,6685.0,0.555463232239302,True,751.25,343.9583333333333
dnn_n16.qasm,dnn_n16,0,reservation_reset__priority_allocation__cq2__ten4__res2000__reset50__noepr__global__per_operation,reservation_reset,priority_allocation,2,4,2000,50,False,global,per_operation,64,48,False,False,False,False,0,0,0.0,0.0,0.0,0.0,0.0,0.0,0,0.0,0.5,0.0,8237,0,6,0.0375,0.13333333333333333,0.06060606060606061,0.0,0.6542699724517906,0.8482093663911846,0,0,0,0,0.0,0.733424047501237,0.25072205409281767,10715.0,10715.0,1.0,False,489.6875,252.93055555555554
dnn_n16.qasm,dnn_n16,0,reservation_reset__priority_allocation__cq2__ten4__res2000__reset200__noepr__global__per_operation,reservation_reset,priority_allocation,2,4,2000,200,False,global,per_operation,64,48,False,False,False,False,0,9,0.0,0.0,0.0,0.0,0.0,0.0,0,0.0,0.5,0.0,16837,0,24,0.15,0.10979816513761467,0.19963302752293577,0.0,0.7169688073394496,1.0264,0,0,0,0,0.0,0.7016691957511381,0.250342649686131,13064.0,18335.0,1.4034751990202081,True,344.375,194.65277777777777
dnn_n16.qasm,dnn_n16,1,reservation_reset__priority_allocation__cq2__ten4__res0__reset0__noepr__global__per_operation,reservation_reset,priority_allocation,2,4,0,0,False,global,per_operation,64,48,False,False,False,False,0,0,0.0,58.083333333333336,58.083333333333336,58.083333333333336,865.0,2788.0,8,0.16666666666666666,0.5833333333333334,0.125,1105,0,0,0.0,0.15687672698101435,0.0,0.0,0.15687672698101435,0.3137534539620287,0,0,0,0,0.0,0.7722007722007722,0.8060149575575705,8890.0,8890.0,1.0,False,571.1666666666666,201.04861111111111
dnn_n16.qasm,dnn_n16,1,reservation_reset__priority_allocation__cq2__ten4__res0__reset50__noepr__global__per_operation,reservation_reset,priority_allocation,2,4,0,50,False,global,per_operation,64,48,False,False,False,False,0,0,0.8541666666666666,130.875,130.02083333333334,130.02083333333334,1315.0,6241.0,15,0.3125,0.65625,0.10416666666666667,1794,0,0,0.0,0.15653488682349803,0.07115222128340819,0.0,0.2276871081069062,0.4553742162138124,0,0,0,0,0.0,0.7722007722007722,0.9183607926833807,9335.0,9335.0,1.0,False,487.5208333333333,158.40972222222223
dnn_n16.qasm,dnn_n16,1,reservation_reset__priority_allocation__cq2__ten4__res0__reset200__noepr__global__per_operation,reservation_reset,priority_allocation,2,4,0,200,False,global,per_operation,64,48,False,False,False,False,0,0,18.916666666666668,1479.8333333333333,1460.9166666666667,1460.9166666666667,4642.0,70124.0,39,0.8125,0.90625,0.5208333333333334,7823,0,2,0.0125,0.15095978459133153,0.2744723356206028,0.0,0.42543212021193433,0.8508642404238687,0,0,0,0,0.0,0.759985387238188,0.8215060630203026,10905.0,10810.0,0.9912883998165979,False,304.4791666666667,107.1875
dnn_n16.qasm,dnn_n16,1,reservation_reset__priority_allocation__cq2__ten4__res500__reset0__noepr__global__per_operation,reservation_reset,priority_allocation,2,4,500,0,False,global,per_operation,64,48,False,False,False,False,0,0,0.0,0.0,0.0,0.0,0.0,0.0,0,0.0,0.5,0.7083333333333334,4565,0,0,0.0,0.15258572109757684,0.0,0.0,0.4956348346265551,0.648220555724132,0,0,0,0,0.0,0.7722007722007722,0.2511902233125599,9315.0,10536.0,1.1310789049919485,False,569.7604166666666,198.52083333333334
dnn_n16.qasm,dnn_n16,1,reservation_reset__priority_allocation__cq2__ten4__res500__reset50__noepr__global__per_operation,reservation_reset,priority_allocation,2,4,500,50,False,global,per_operation,64,48,False,False,False,False,0,0,0.0,0.0,0.0,0.0,0.0,0.0,0,0.0,0.5,0.3333333333333333,7675,0,0,0.0,0.1593481213218651,0.0724309642372114,0.0,0.5480851063829787,0.7798641919420553,0,0,0,0,0.0,0.7722007722007722,0.25085911651227394,9435.0,11213.0,1.188447270800212,False,506.4583333333333,190.84722222222223
dnn_n16.qasm,dnn_n16,1,reservation_reset__priority_allocation__cq2__ten4__res500__reset200__noepr__global__per_operation,reservation_reset,priority_allocation,2,4,500,200,False,global,per_operation,64,48,False,False,False,False,0,0,0.0,0.0,0.0,0.0,0.0,0.0,0,0.0,0.5,0.3541666666666667,14488,0,16,0.1,0.1289902280130293,0.23452768729641693,0.0,0.6084690553745928,0.971986970684039,0,0,0,0,0.0,0.6651270207852193,0.25037199656111603,10725.0,16780.0,1.5645687645687645,False,371.4583333333333,109.25
dnn_n16.qasm,dnn_n16,1,reservation_reset__priority_allocation__cq2__ten4__res2000__reset0__noepr__global__per_operation,reservation_reset,priority_allocation,2,4,2000,0,False,global,per_operation,64,48,False,False,False,False,0,0,0.0,0.0,0.0,0.0,0.0,0.0,0,0.0,0.5,0.0,5680,0,9,0.05625,0.12786759045419555,0.0,0.0,0.62558506543495,0.7534526558891455,0,0,0,0,0.0,0.7131552608532465,0.2509819377686809,17162.0,9865.0,0.5748164549586295,False,538.125,501.53472222222223
dnn_n16.qasm,dnn_n16,1,reservation_reset__priority_allocation__cq2__ten4__res2000__reset50__noepr__global__per_operation,reservation_reset,priority_allocation,2,4,2000,50,False,global,per_operation,64,48,False,False,False,False,0,48,0.0,0.0,0.0,0.0,0.0,0.0,0,0.0,0.5,0.0,15770,0,69,0.43125,0.07546174142480211,0.03430079155672823,0.0,0.5149641914813419,0.6247267244628723,0,0,0,0,0.0,0.6763312642927148,0.25307745336704207,10715.0,6885.0,0.6425571628558097,True,703.3333333333334,251.5
dnn_n16.qasm,dnn_n16,1,reservation_reset__priority_allocation__cq2__ten4__res2000__reset200__noepr__global__per_operation,reservation_reset,priority_allocation,2,4,2000,200,False,global,per_operation,64,48,False,False,False,False,0,48,0.0,0.0,0.0,0.0,0.0,0.0,0,0.0,0.5,0.5,15520,0,67,0.41875,0.07209302325581396,0.13107822410147993,0.0,0.5371035940803383,0.7402748414376321,0,0,0,0,0.0,0.696376811594203,0.25145139955351,18097.0,7485.0,0.4136044648284246,True,559.5833333333334,310.9718309859155
dnn_n16.qasm,dnn_n16,2,reservation_reset__priority_allocation__cq2__ten4__res0__reset0__noepr__global__per_operation,reservation_reset,priority_allocation,2,4,0,0,False,global,per_operation,64,48,False,False,False,False,0,0,0.0,55.9375,55.9375,55.9375,865.0,2685.0,7,0.14583333333333334,0.5729166666666666,0.125,1217,0,0,0.0,0.15492957746478872,0.0,0.0,0.15492957746478872,0.30985915492957744,0,0,0,0,0.0,0.7722007722007722,0.7487168254950847,8890.0,8890.0,1.0,False,541.21875,201.30555555555554
dnn_n16.qasm,dnn_n16,2,reservation_reset__priority_allocation__cq2__ten4__res0__reset50__noepr__global__per_operation,reservation_reset,priority_allocation,2,4,0,50,False,global,per_operation,64,48,False,False,False,False,0,0,2.8333333333333335,135.66666666666666,132.83333333333334,132.83333333333334,1315.0,6376.0,14,0.2916666666666667,0.6458333333333334,0.10416666666666667,2261,0,0,0.0,0.15879460459241215,0.0721793657238237,0.0,0.23097397031623584,0.4619479406324717,0,0,0,0,0.0,0.7722007722007722,0.8018184415352942,9290.0,9290.0,1.0,False,474.5520833333333,170.0625
dnn_n16.qasm,dnn_n16,2,reservation_reset__priority_allocation__cq2__ten4__res0__reset200__noepr__global__per_operation,reservation_reset,priority_allocation,2,4,0,200,False,global,per_operation,64,48,False,False,False,False,0,0,21.854166666666668,1419.7916666666667,1397.9375,1397.9375,4465.0,67101.0,40,0.8333333333333334,0.9166666666666667,0.5416666666666666,9663,0,1,0.00625,0.15109498509783595,0.2747181547233381,0.0,0.425813139821174,0.851626279642348,0,0,0,0,0.0,0.7661837798521033,0.6778928475436359,10806.0,10810.0,1.0003701647233019,False,313.90625,107.72916666666667
dnn_n16.qasm,dnn_n16,2,reservation_reset__priority_allocation__cq2__ten4__res500__reset0__noepr__global__per_operation,reservation_reset,priority_allocation,2,4,500,0,False,global,per_operation,64,48,False,False,False,False,0,0,0.0,0.0,0.0,0.0,0.0,0.0,0,0.0,0.5,0.75,3216,0,0,0.0,0.15301021517061508,0.0,0.0,0.4949663116713758,0.6479765268419909,0,0,0,0,0.0,0.7722007722007722,0.2515946127026069,9303.0,10785.0,1.1593034504998387,False,562.6666666666666,250.27083333333334
dnn_n16.qasm,dnn_n16,2,reservation_reset__priority_allocation__cq2__ten4__res500__reset50__noepr__global__per_operation,reservation_reset,priority_allocation,2,4,500,50,False,global,per_operation,64,48,False,False,False,False,0,0,0.0,0.0,0.0,0.0,0.0,0.0,0,0.0,0.5,0.7916666666666666,6307,0,0,0.0,0.1497872340425532,0.06808510638297872,0.0,0.5309702127659575,0.7488425531914894,0,0,0,0,0.0,0.7722007722007722,0.2508642877293188,9435.0,12394.0,1.313619501854796,False,494.7083333333333,174.86805555555554
dnn_n16.qasm,dnn_n16,2,reservation_reset__priority_allocation__cq2__ten4__res500__reset200__noepr__global__per_operation,reservation_reset,priority_allocation,2,4,500,200,False,global,per_operation,64,48,False,False,False,False,0,0,0.0,0.0,0.0,0.0,0.0,0.0,0,0.0,0.5,0.20833333333333334,14738,0,14,0.0875,0.12915158825894651,0.23482106956172094,0.0,0.6083634901487737,0.9723361479694411,0,0,0,0,0.0,0.6793727689954105,0.25034269489142974,12101.0,16780.0,1.3866622593174118,False,371.4583333333333,170.02083333333334
dnn_n16.qasm,dnn_n16,2,reservation_reset__priority_allocation__cq2__ten4__res2000__reset0__noepr__global__per_operation,reservation_reset,priority_allocation,2,4,2000,0,False,global,per_operation,64,48,False,False,False,False,0,48,0.0,0.0,0.0,0.0,0.0,0.0,0,0.0,0.5,0.0,13183,0,66,0.4125,0.07926408585665005,0.0,0.0,0.5096205442698352,0.5888846301264853,0,0,0,0,0.0,0.7075592568866111,0.25503070567004643,9865.0,6685.0,0.6776482513938166,True,751.25,239.68055555555554
dnn_n16.qasm,dnn_n16,2,reservation_reset__priority_allocation__cq2__ten4__res2000__reset50__noepr__global__per_operation,reservation_reset,priority_allocation,2,4,2000,50,False,global,per_operation,64,48,False,False,False,False,0,18,0.0,0.0,0.0,0.0,0.0,0.0,0,0.0,0.5,0.020833333333333332,15596,0,27,0.16875,0.1096290745597602,0.04983139752716373,0.0,0.6292469089546646,0.7887073810415887,0,0,0,0,0.0,0.7702926319456541,0.2505495237659253,12207.0,17720.0,1.4516261161628574,True,507.8125,154.78472222222223
dnn_n16.qasm,dnn_n16,2,reservation_reset__priority_allocation__cq2__ten4__res2000__reset200__noepr__global__per_operation,reservation_reset,priority_allocation,2,4,2000,200,False,global,per_operation,64,48,False,False,False,False,0,48,0.0,0.0,0.0,0.0,0.0,0.0,0,0.0,0.5,0.0,16537,0,74,0.4625,0.06943119266055046,0.12623853211009176,0.0,0.5354862385321101,0.7311559633027523,0,0,0,0,0.0,0.6208865010073875,0.2514630077704263,17819.0,7485.0,0.42005724226948765,True,559.5833333333334,292.47222222222223
qft_n18.qasm,qft_n18,0,reservation_reset__priority_allocation__cq2__ten4__res0__reset0__noepr__global__per_operation,reservation_reset,priority_allocation,2,4,0,0,False,global,per_operation,64,48,False,False,False,False,0,0,0.4166666666666667,7.083333333333333,6.666666666666667,6.666666666666667,100.0,320.0,6,0.125,0.5625,0.0625,1656,0,0,0.0,0.14770894188429176,0.0,0.0,0.14770894188429176,0.2954178837685835,0,0,0,0,0.0,0.7947721179624665,0.5089466263621861,3745.0,3750.0,1.0013351134846462,False,556.8020833333334,97.18939393939394
qft_n18.qasm,qft_n18,0,reservation_reset__priority_allocation__cq2__ten4__res0__reset50__noepr__global__per_operation,reservation_reset,priority_allocation,2,4,0,50,False,global,per_operation,64,48,False,False,False,False,0,0,3.6666666666666665,13.229166666666666,9.5625,9.5625,140.0,459.0,7,0.14583333333333334,0.5729166666666666,0.8958333333333334,4547,0,0,0.0,0.15078552672571097,0.06853887578441409,0.0,0.21932440251012505,0.4386488050202501,0,0,0,0,0.0,0.7947721179624665,0.4927054726407672,5090.0,5090.0,1.0,False,480.3125,114.01515151515152
qft_n18.qasm,qft_n18,0,reservation_reset__priority_allocation__cq2__ten4__res0__reset200__noepr__global__per_operation,reservation_reset,priority_allocation,2,4,0,200,False,global,per_operation,64,48,False,False,False,False,0,0,20.291666666666668,160.72916666666666,140.4375,140.4375,720.0,6741.0,31,0.6458333333333334,0.8229166666666667,0.2708333333333333,10155,0,0,0.0,0.1486747410918027,0.27031771107600494,0.0,0.4189924521678076,0.8379849043356152,0,0,0,0,0.0,0.7947721179624665,0.39160061859807005,9740.0,9740.0,1.0,False,318.7291666666667,148.92424242424244
qft_n18.qasm,qft_n18,0,reservation_reset__priority_allocation__cq2__ten4__res500__reset0__noepr__global__per_operation,reservation_reset,priority_allocation,2,4,500,0,False,global,per_operation,64,48,False,False,False,False,0,0,0.0,0.0,0.0,0.0,0.0,0.0,0,0.0,0.5,0.20833333333333334,2902,0,0,0.0,0.14743896601244616,0.0,0.0,0.47227468558248836,0.6197136515949345,0,0,0,0,0.0,0.7947721179624665,0.2525717301900141,3745.0,3860.0,1.0307076101468624,False,549.9583333333334,103.78787878787878
qft_n18.qasm,qft_n18,0,reservation_reset__priority_allocation__cq2__ten4__res500__reset50__noepr__global__per_operation,reservation_reset,priority_allocation,2,4,500,50,False,global,per_operation,64,48,False,False,False,False,0,0,0.0,0.0,0.0,0.0,0.0,0.0,0,0.0,0.5,0.8333333333333334,6809,0,0,0.0,0.14411501977965885,0.06550682717257221,0.0,0.5005402186396699,0.710162065591901,0,0,0,0,0.0,0.7947721179624665,0.25111918080875795,5090.0,5560.0,1.0923379174852652,False,504.4583333333333,116.43939393939394
qft_n18.qasm,qft_n18,0,reservation_reset__priority_allocation__cq2__ten4__res500__reset200__noepr__global__per_operation,reservation_reset,priority_allocation,2,4,500,200,False,global,per_operation,64,48,False,False,False,False,0,0,0.0,0.0,0.0,0.0,0.0,0.0,0,0.0,0.5,0.0,14794,0,9,0.05844155844155844,0.13220058019063408,0.2403646912556983,0.0,0.6104434314131786,0.983008702859511,0,0,0,0,0.0,0.7336008374040475,0.2503651522434245,10050.0,11900.0,1.1840796019900497,False,344.375,178.0151515151515
qft_n18.qasm,qft_n18,0,reservation_reset__priority_allocation__cq2__ten4__res2000__reset0__noepr__global__per_operation,reservation_reset,priority_allocation,2,4,2000,0,False,global,per_operation,64,48,False,False,False,False,0,0,0.0,0.0,0.0,0.0,0.0,0.0,0,0.0,0.5,0.5,3685,0,2,0.012987012987012988,0.13149823043649234,0.0,0.0,0.5937868659064097,0.7252850963429021,0,0,0,0,0.0,0.7822318526543879,0.2516735526724918,3745.0,3860.0,1.0307076101468624,False,538.125,103.78787878787878
qft_n18.qasm,qft_n18,0,reservation_reset__priority_allocation__cq2__ten4__res2000__reset50__noepr__global__per_operation,reservation_reset,priority_allocation,2,4,2000,50,False,global,per_operation,64,48,False,False,False,False,0,0,0.0,0.0,0.0,0.0,0.0,0.0,0,0.0,0.5,0.5,7076,0,1,0.006493506493506494,0.1292130518234165,0.05873320537428023,0.0,0.5882802303262956,0.7762264875239924,0,0,0,0,0.0,0.7886066567847999,0.2507626091950023,5090.0,5560.0,1.0923379174852652,False,489.6875,116.43939393939394
qft_n18.qasm,qft_n18,0,reservation_reset__priority_allocation__cq2__ten4__res2000__reset200__noepr__global__per_operation,reservation_reset,priority_allocation,2,4,2000,200,False,global,per_operation,64,48,False,False,False,False,0,0,0.0,0.0,0.0,0.0,0.0,0.0,0,0.0,0.5,0.0,13107,0,7,0.045454545454545456,0.11603875134553283,0.2109795479009688,0.0,0.620032292787944,0.9470505920344456,0,0,0,0,0.0,0.7493757802746567,0.2503402924760505,9740.0,10660.0,1.0944558521560575,False,344.375,182.34848484848484
qft_n18.qasm,qft_n18,1,reservation_reset__priority_allocation__cq2__ten4__res0__reset0__noepr__global__per_operation,reservation_reset,priority_allocation,2,4,0,0,False,global,per_operation,64,48,False,False,False,False,0,0,0.4791666666666667,7.8125,7.333333333333333,7.333333333333333,100.0,352.0,7,0.14583333333333334,0.5729166666666666,0.020833333333333332,1560,0,0,0.0,0.16226053639846744,0.0,0.0,0.16226053639846744,0.3245210727969349,0,0,0,0,0.0,0.7947721179624665,0.5404136193685302,3842.0,3842.0,1.0,False,542.0104166666666,95.11363636363636
qft_n18.qasm,qft_n18,1,reservation_reset__priority_allocation__cq2__ten4__res0__reset50__noepr__global__per_operation,reservation_reset,priority_allocation,2,4,0,50,False,global,per_operation,64,48,False,False,False,False,0,0,1.3958333333333333,20.1875,18.791666666666668,18.791666666666668,200.0,902.0,9,0.1875,0.59375,0.20833333333333334,4397,0,0,0.0,0.15212608324727223,0.06914821965785102,0.0,0.22127430290512326,0.4425486058102465,0,0,0,0,0.0,0.7947721179624665,0.5144530816477316,5090.0,5090.0,1.0,False,478.1666666666667,100.28787878787878
qft_n18.qasm,qft_n18,1,reservation_reset__priority_allocation__cq2__ten4__res0__reset200__noepr__global__per_operation,reservation_reset,priority_allocation,2,4,0,200,False,global,per_operation,64,48,False,False,False,False,0,0,28.25,127.79166666666667,99.54166666666667,99.54166666666667,510.0,4778.0,29,0.6041666666666666,0.8020833333333333,0.3125,12318,0,0,0.0,0.15209876543209877,0.2765432098765432,0.0,0.42864197530864195,0.8572839506172839,0,0,0,0,0.0,0.7947721179624665,0.32080745113420533,9740.0,9750.0,1.0010266940451746,False,305.15625,161.83333333333334
qft_n18.qasm,qft_n18,1,reservation_reset__priority_allocation__cq2__ten4__res500__reset0__noepr__global__per_operation,reservation_reset,priority_allocation,2,4,500,0,False,global,per_operation,64,48,False,False,False,False,0,0,0.0,0.0,0.0,0.0,0.0,0.0,0,0.0,0.5,0.0625,2655,0,0,0.0,0.14912628196663585,0.0,0.0,0.4792244376953211,0.628350719661957,0,0,0,0,0.0,0.7947721179624665,0.2530508550199729,3745.0,3860.0,1.0307076101468624,False,556.34375,103.78787878787878
qft_n18.qasm,qft_n18,1,reservation_reset__priority_allocation__cq2__ten4__res500__reset50__noepr__global__per_operation,reservation_reset,priority_allocation,2,4,500,50,False,global,per_operation,64,48,False,False,False,False,0,0,0.0,0.0,0.0,0.0,0.0,0.0,0,0.0,0.5,0.1875,7846,0,0,0.0,0.14549514729880614,0.0661341578630937,0.0,0.5106673537748003,0.7222966589367001,0,0,0,0,0.0,0.7947721179624665,0.2511267732851945,5422.0,6062.0,1.1180376244928072,False,517.8125,113.5
qft_n18.qasm,qft_n18,1,reservation_reset__priority_allocation__cq2__ten4__res500__reset200__noepr__global__per_operation,reservation_reset,priority_allocation,2,4,500,200,False,global,per_operation,64,48,False,False,False,False,0,0,0.0,0.0,0.0,0.0,0.0,0.0,0,0.0,0.5,0.3125,14997,0,5,0.032467532467532464,0.13966766084363016,0.253941201533873,0.0,0.6265871325095868,1.02019599488709,0,0,0,0,0.0,0.7631307575965901,0.2503470723754422,9740.0,10660.0,1.0944558521560575,False,344.375,182.34848484848484
qft_n18.qasm,qft_n18,1,reservation_reset__priority_allocation__cq2__ten4__res2000__reset0__noepr__global__per_operation,reservation_reset,priority_allocation,2,4,2000,0,False,global,per_operation,64,48,False,False,False,False,0,0,0.0,0.0,0.0,0.0,0.0,0.0,0,0.0,0.5,0.0,5218,0,14,0.09090909090909091,0.12059514487079091,0.0,0.0,0.5757752545027408,0.6963703993735317,0,0,0,0,0.0,0.6905298759864712,0.25158909723904344,3745.0,3860.0,1.0307076101468624,False,538.125,103.78787878787878
qft_n18.qasm,qft_n18,1,reservation_reset__priority_allocation__cq2__ten4__res2000__reset50__noepr__global__per_operation,reservation_reset,priority_allocation,2,4,2000,50,False,global,per_operation,64,48,False,False,False,False,0,0,0.0,0.0,0.0,0.0,0.0,0.0,0,0.0,0.5,0.0,7401,0,4,0.025974025974025976,0.12590614269362838,0.05723006486074018,0.0,0.5975352918733308,0.7806714994276993,0,0,0,0,0.0,0.7694938440492476,0.2513650150014411,5090.0,5560.0,1.0923379174852652,False,489.6875,116.43939393939394
qft_n18.qasm,qft_n18,1,reservation_reset__priority_allocation__cq2__ten4__res2000__reset200__noepr__global__per_operation,reservation_reset,priority_allocation,2,4,2000,200,False,global,per_operation,64,48,False,False,False,False,0,0,0.0,0.0,0.0,0.0,0.0,0.0,0,0.0,0.5,0.0,14702,0,16,0.1038961038961039,0.11194690265486726,0.20353982300884957,0.0,0.6262057522123894,0.9416924778761062,0,0,0,0,0.0,0.6803372392112031,0.25036721400108236,9740.0,10660.0,1.0944558521560575,False,344.375,182.34848484848484
qft_n18.qasm,qft_n18,2,reservation_reset__priority_allocation__cq2__ten4__res0__reset0__noepr__global__per_operation,reservation_reset,priority_allocation,2,4,0,0,False,global,per_operation,64,48,False,False,False,False,0,0,0.0,7.375,7.375,7.375,100.0,354.0,7,0.14583333333333334,0.5729166666666666,0.08333333333333333,1683,0,0,0.0,0.14738765389132988,0.0,0.0,0.14738765389132988,0.29477530778265976,0,0,0,0,0.0,0.7947721179624665,0.5152231411428286,3750.0,3750.0,1.0,False,554.8645833333334,96.13636363636364
qft_n18.qasm,qft_n18,2,reservation_reset__priority_allocation__cq2__ten4__res0__reset50__noepr__global__per_operation,reservation_reset,priority_allocation,2,4,0,50,False,global,per_operation,64,48,False,False,False,False,0,0,0.0,9.875,9.875,9.875,140.0,474.0,6,0.125,0.5625,0.8125,4777,0,0,0.0,0.14855739717618172,0.06752608962553713,0.0,0.21608348680171885,0.4321669736034377,0,0,0,0,0.0,0.7947721179624665,0.5164625022014392,5090.0,5090.0,1.0,False,484.9791666666667,107.46969696969697
qft_n18.qasm,qft_n18,2,reservation_reset__priority_allocation__cq2__ten4__res0__reset200__noepr__global__per_operation,reservation_reset,priority_allocation,2,4,0,200,False,global,per_operation,64,48,False,False,False,False,0,0,19.333333333333332,102.95833333333333,83.625,83.625,510.0,4014.0,23,0.4791666666666667,0.7395833333333334,0.3333333333333333,9444,0,0,0.0,0.14671747791442924,0.2667590507535077,0.0,0.41347652866793694,0.8269530573358739,0,0,0,0,0.0,0.7947721179624665,0.4040888990760275,9740.0,9740.0,1.0,False,314.5416666666667,168.34848484848484
qft_n18.qasm,qft_n18,2,reservation_reset__priority_allocation__cq2__ten4__res500__reset0__noepr__global__per_operation,reservation_reset,priority_allocation,2,4,500,0,False,global,per_operation,64,48,False,False,False,False,0,0,0.0,0.0,0.0,0.0,0.0,0.0,0,0.0,0.5,0.10416666666666667,3898,0,0,0.0,0.1445515828995648,0.0,0.0,0.4561396023551498,0.6006911852547145,0,0,0,0,0.0,0.7947721179624665,0.2518314932729586,3745.0,3860.0,1.0307076101468624,False,579.8333333333334,103.78787878787878
qft_n18.qasm,qft_n18,2,reservation_reset__priority_allocation__cq2__ten4__res500__reset50__noepr__global__per_operation,reservation_reset,priority_allocation,2,4,500,50,False,global,per_operation,64,48,False,False,False,False,0,0,0.0,0.0,0.0,0.0,0.0,0.0,0,0.0,0.5,0.625,7225,0,0,0.0,0.15337256677229516,0.06971480307831598,0.0,0.522779538252603,0.7458669081032141,0,0,0,0,0.0,0.7947721179624665,0.25100726557511255,5090.0,5560.0,1.0923379174852652,False,515.8020833333334,116.43939393939394
qft_n18.qasm,qft_n18,2,reservation_reset__priority_allocation__cq2__ten4__res500__reset200__noepr__global__per_operation,reservation_reset,priority_allocation,2,4,500,200,False,global,per_operation,64,48,False,False,False,False,0,0,0.0,0.0,0.0,0.0,0.0,0.0,0,0.0,0.5,0.125,17063,0,8,0.05194805194805195,0.13665177621782598,0.2484577749415018,0.0,0.6265517974898958,1.0116613486492236,0,0,0,0,0.0,0.7397279289283731,0.25032307521391084,10178.0,11108.0,1.0913735507958342,False,344.375,180.13636363636363
qft_n18.qasm,qft_n18,2,reservation_reset__priority_allocation__cq2__ten4__res2000__reset0__noepr__global__per_operation,reservation_reset,priority_allocation,2,4,2000,0,False,global,per_operation,64,48,False,False,False,False,0,0,0.0,0.0,0.0,0.0,0.0,0.0,0,0.0,0.5,0.5,3804,0,3,0.01948051948051948,0.1312006319115324,0.0,0.0,0.587740916271722,0.7189415481832544,0,0,0,0,0.0,0.77564974826507,0.25165113922886834,3745.0,3860.0,1.0307076101468624,False,538.125,103.78787878787878
qft_n18.qasm,qft_n18,2,reservation_reset__priority_allocation__cq2__ten4__res2000__reset50__noepr__global__per_operation,reservation_reset,priority_allocation,2,4,2000,50,False,global,per_operation,64,48,False,False,False,False,0,0,0.0,0.0,0.0,0.0,0.0,0.0,0,0.0,0.5,0.0,7501,0,2,0.012987012987012988,0.12836852207293667,0.058349328214971206,0.0,0.5931170825335893,0.7798349328214971,0,0,0,0,0.0,0.7822318526543879,0.25078187259921353,5090.0,5560.0,1.0923379174852652,False,489.6875,116.43939393939394
qft_n18.qasm,qft_n18,2,reservation_reset__priority_allocation__cq2__ten4__res2000__reset200__noepr__global__per_operation,reservation_reset,priority_allocation,2,4,2000,200,False,global,per_operation,64,48,False,False,False,False,0,4,0.0,0.0,0.0,0.0,0.0,0.0,0,0.0,0.5,0.0,14343,0,15,0.09740259740259741,0.11273317112733171,0.20496940204969402,0.0,0.6231659662316597,0.9408685394086854,0,0,0,0,0.0,0.7308594341050083,0.2503360896115698,10050.0,13450.0,1.3383084577114428,True,344.375,171.1969696969697
sat_n11.qasm,sat_n11,0,reservation_reset__priority_allocation__cq2__ten4__res0__reset0__noepr__global__per_operation,reservation_reset,priority_allocation,2,4,0,0,False,global,per_operation,64,48,False,False,False,False,0,0,0.0,3.7291666666666665,3.7291666666666665,3.7291666666666665,99.0,179.0,2,0.041666666666666664,0.5208333333333334,0.041666666666666664,1715,0,0,0.0,0.1196386281905096,0.0,0.0,0.1196386281905096,0.2392772563810192,0,0,0,0,0.0,0.8736363636363637,0.4693602806753853,2046.0,2046.0,1.0,False,582.25,102.83333333333333
sat_n11.qasm,sat_n11,0,reservation_reset__priority_allocation__cq2__ten4__res0__reset50__noepr__global__per_operation,reservation_reset,priority_allocation,2,4,0,50,False,global,per_operation,64,48,False,False,False,False,0,0,0.8125,3.1666666666666665,2.3541666666666665,2.3541666666666665,97.0,113.0,2,0.041666666666666664,0.5208333333333334,0.08333333333333333,2911,0,0,0.0,0.12115828744004263,0.055071948836383014,0.0,0.17623023627642564,0.3524604725528513,0,0,0,0,0.0,0.8736363636363637,0.45530149358424926,3017.0,3017.0,1.0,False,504.9270833333333,127.91666666666667
sat_n11.qasm,sat_n11,0,reservation_reset__priority_allocation__cq2__ten4__res0__reset200__noepr__global__per_operation,reservation_reset,priority_allocation,2,4,0,200,False,global,per_operation,64,48,False,False,False,False,0,0,13.291666666666666,30.833333333333332,17.541666666666668,17.541666666666668,205.0,842.0,9,0.1875,0.59375,0.22916666666666666,3351,0,0,0.0,0.11801349714483475,0.21456999480879044,0.0,0.3325834919536252,0.6651669839072504,0,0,0,0,0.0,0.8736363636363637,0.39703690032589933,5591.0,5490.0,0.9819352530853157,False,370.2083333333333,222.97222222222223
sat_n11.qasm,sat_n11,0,reservation_reset__priority_allocation__cq2__ten4__res500__reset0__noepr__global__per_operation,reservation_reset,priority_allocation,2,4,500,0,False,global,per_operation,64,48,False,False,False,False,0,0,0.0,0.0,0.0,0.0,0.0,0.0,0,0.0,0.5,0.2708333333333333,2278,0,0,0.0,0.11932986308560431,0.0,0.0,0.4505795896942391,0.5699094527798434,0,0,0,0,0.0,0.8736363636363637,0.25333412563247737,2355.0,2358.0,1.0012738853503185,False,568.6979166666666,131.52777777777777
sat_n11.qasm,sat_n11,0,reservation_reset__priority_allocation__cq2__ten4__res500__reset50__noepr__global__per_operation,reservation_reset,priority_allocation,2,4,500,50,False,global,per_operation,64,48,False,False,False,False,0,0,0.0,0.0,0.0,0.0,0.0,0.0,0,0.0,0.5,0.08333333333333333,3350,0,0,0.0,0.11854169382522922,0.053882588102376915,0.0,0.48126276452439926,0.6536870464520054,0,0,0,0,0.0,0.8736363636363637,0.2521166827366367,2880.0,2880.0,1.0,False,507.5625,160.69444444444446
sat_n11.qasm,sat_n11,0,reservation_reset__priority_allocation__cq2__ten4__res500__reset200__noepr__global__per_operation,reservation_reset,priority_allocation,2,4,500,200,False,global,per_operation,64,48,False,False,False,False,0,0,0.0,0.0,0.0,0.0,0.0,0.0,0,0.0,0.5,0.9166666666666666,5274,0,0,0.0,0.11207888249794577,0.2037797863599014,0.0,0.5558874281018898,0.871746096959737,0,0,0,0,0.0,0.8736363636363637,0.250703215912998,5430.0,7050.0,1.298342541436464,False,356.53125,158.38888888888889
sat_n11.qasm,sat_n11,0,reservation_reset__priority_allocation__cq2__ten4__res2000__reset0__noepr__global__per_operation,reservation_reset,priority_allocation,2,4,2000,0,False,global,per_operation,64,48,False,False,False,False,0,0,0.0,0.0,0.0,0.0,0.0,0.0,0,0.0,0.5,0.0,4334,0,0,0.0,0.10681284259984339,0.0,0.0,0.5713978073610023,0.6782106499608457,0,0,0,0,0.0,0.8736363636363637,0.2506138458393835,4005.0,7170.0,1.7902621722846441,False,538.125,163.47222222222223
sat_n11.qasm,sat_n11,0,reservation_reset__priority_allocation__cq2__ten4__res2000__reset50__noepr__global__per_operation,reservation_reset,priority_allocation,2,4,2000,50,False,global,per_operation,64,48,False,False,False,False,0,0,0.0,0.0,0.0,0.0,0.0,0.0,0,0.0,0.5,0.0,7081,0,3,0.024193548387096774,0.10345899727944034,0.04702681694520015,0.0,0.5770384764865916,0.727524290711232,0,0,0,0,0.0,0.8534040568897179,0.2505284207691564,5497.0,7737.0,1.407494997271239,False,489.6875,232.0
sat_n11.qasm,sat_n11,0,reservation_reset__priority_allocation__cq2__ten4__res2000__reset200__noepr__global__per_operation,reservation_reset,priority_allocation,2,4,2000,200,False,global,per_operation,64,48,False,False,False,False,0,0,0.0,0.0,0.0,0.0,0.0,0.0,0,0.0,0.5,0.5,6000,0,6,0.04838709677419355,0.0901827277148614,0.16396859584520254,0.0,0.5642743000069478,0.8184256235670118,0,0,0,0,0.0,0.8295996186844614,0.2505367977209004,5430.0,5430.0,1.0,False,344.375,229.44444444444446
sat_n11.qasm,sat_n11,1,reservation_reset__priority_allocation__cq2__ten4__res0__reset0__noepr__global__per_operation,reservation_reset,priority_allocation,2,4,0,0,False,global,per_operation,64,48,False,False,False,False,0,0,1.625,5.166666666666667,3.5416666666666665,3.5416666666666665,95.0,170.0,2,0.041666666666666664,0.5208333333333334,0.0625,1571,0,0,0.0,0.12222222222222222,0.0,0.0,0.12222222222222222,0.24444444444444444,0,0,0,0,0.0,0.8736363636363637,0.4629606739872678,2030.0,2030.0,1.0,False,570.59375,137.77777777777777
sat_n11.qasm,sat_n11,1,reservation_reset__priority_allocation__cq2__ten4__res0__reset50__noepr__global__per_operation,reservation_reset,priority_allocation,2,4,0,50,False,global,per_operation,64,48,False,False,False,False,0,0,0.0,7.979166666666667,7.979166666666667,7.979166666666667,122.0,383.0,4,0.08333333333333333,0.5416666666666666,0.041666666666666664,2875,0,0,0.0,0.11857776232287229,0.05389898287403286,0.0,0.17247674519690515,0.3449534903938103,0,0,0,0,0.0,0.8736363636363637,0.4541975321597388,2880.0,2880.0,1.0,False,511.03125,153.01388888888889
sat_n11.qasm,sat_n11,1,reservation_reset__priority_allocation__cq2__ten4__res0__reset200__noepr__global__per_operation,reservation_reset,priority_allocation,2,4,0,200,False,global,per_operation,64,48,False,False,False,False,0,0,25.854166666666668,80.0,54.145833333333336,54.145833333333336,288.0,2599.0,21,0.4375,0.71875,0.22916666666666666,5108,0,0,0.0,0.11784526329431078,0.21426411508056503,0.0,0.3321093783748758,0.6642187567497516,0,0,0,0,0.0,0.8736363636363637,0.33129532121455985,5616.0,5430.0,0.9668803418803419,False,353.9791666666667,164.88888888888889
sat_n11.qasm,sat_n11,1,reservation_reset__priority_allocation__cq2__ten4__res500__reset0__noepr__global__per_operation,reservation_reset,priority_allocation,2,4,500,0,False,global,per_operation,64,48,False,False,False,False,0,0,0.0,0.0,0.0,0.0,0.0,0.0,0,0.0,0.5,0.7916666666666666,2089,0,0,0.0,0.11606041267815359,0.0,0.0,0.433401403956605,0.5494618166347586,0,0,0,0,0.0,0.8736363636363637,0.2533061559818719,2030.0,2030.0,1.0,False,575.2708333333334,137.77777777777777
sat_n11.qasm,sat_n11,1,reservation_reset__priority_allocation__cq2__ten4__res500__reset50__noepr__global__per_operation,reservation_reset,priority_allocation,2,4,500,50,False,global,per_operation,64,48,False,False,False,False,0,0,0.0,0.0,0.0,0.0,0.0,0.0,0,0.0,0.5,0.3541666666666667,3441,0,0,0.0,0.11771305285868393,0.0535059331175836,0.0,0.47366990291262134,0.6448888888888888,0,0,0,0,0.0,0.8736363636363637,0.2519610484210977,2880.0,2880.0,1.0,False,501.6041666666667,160.69444444444446
sat_n11.qasm,sat_n11,1,reservation_reset__priority_allocation__cq2__ten4__res500__reset200__noepr__global__per_operation,reservation_reset,priority_allocation,2,4,500,200,False,global,per_operation,64,48,False,False,False,False,0,0,0.0,0.0,0.0,0.0,0.0,0.0,0,0.0,0.5,0.5208333333333334,5859,0,0,0.0,0.11317623630932626,0.2057749751078659,0.0,0.5632301692665118,0.882181380683704,0,0,0,0,0.0,0.8736363636363637,0.2506258647068568,5430.0,7290.0,1.3425414364640884,False,353.78125,193.02777777777777
sat_n11.qasm,sat_n11,1,reservation_reset__priority_allocation__cq2__ten4__res2000__reset0__noepr__global__per_operation,reservation_reset,priority_allocation,2,4,2000,0,False,global,per_operation,64,48,False,False,False,False,0,0,0.0,0.0,0.0,0.0,0.0,0.0,0,0.0,0.5,0.25,4762,0,9,0.07258064516129033,0.09779667568612292,0.0,0.0,0.5103362968689602,0.6081329725550831,0,0,0,0,0.0,0.8054202192448234,0.2504959764413052,3690.0,5120.0,1.3875338753387534,False,656.3541666666666,210.27777777777777
sat_n11.qasm,sat_n11,1,reservation_reset__priority_allocation__cq2__ten4__res2000__reset50__noepr__global__per_operation,reservation_reset,priority_allocation,2,4,2000,50,False,global,per_operation,64,48,False,False,False,False,0,0,0.0,0.0,0.0,0.0,0.0,0.0,0,0.0,0.5,0.0,5633,0,7,0.056451612903225805,0.10259067357512953,0.046632124352331605,0.0,0.5887046632124352,0.7379274611398964,0,0,0,0,0.0,0.8208803070280642,0.2510055303791823,2880.0,2880.0,1.0,False,489.6875,110.55555555555556
sat_n11.qasm,sat_n11,1,reservation_reset__priority_allocation__cq2__ten4__res2000__reset200__noepr__global__per_operation,reservation_reset,priority_allocation,2,4,2000,200,False,global,per_operation,64,48,False,False,False,False,0,0,0.0,0.0,0.0,0.0,0.0,0.0,0,0.0,0.5,0.5,7244,0,12,0.0967741935483871,0.09704608113430485,0.17644742024419063,0.0,0.6055809373769201,0.8790744387554155,0,0,0,0,0.0,0.7716535433070866,0.25047483837746265,5430.0,5430.0,1.0,False,344.375,229.44444444444446
sat_n11.qasm,sat_n11,2,reservation_reset__priority_allocation__cq2__ten4__res0__reset0__noepr__global__per_operation,reservation_reset,priority_allocation,2,4,0,0,False,global,per_operation,64,48,False,False,False,False,0,0,1.0208333333333333,4.666666666666667,3.6458333333333335,3.6458333333333335,95.0,175.0,3,0.0625,0.53125,0.0,1646,0,0,0.0,0.12364031907179115,0.0,0.0,0.12364031907179115,0.2472806381435823,0,0,0,0,0.0,0.8736363636363637,0.5487611824012137,2030.0,2030.0,1.0,False,580.34375,137.77777777777777
sat_n11.qasm,sat_n11,2,reservation_reset__priority_allocation__cq2__ten4__res0__reset50__noepr__global__per_operation,reservation_reset,priority_allocation,2,4,0,50,False,global,per_operation,64,48,False,False,False,False,0,0,0.0,7.083333333333333,7.083333333333333,7.083333333333333,155.0,340.0,4,0.08333333333333333,0.5416666666666666,0.125,2642,0,0,0.0,0.1303392259913999,0.05924510272336359,0.0,0.1895843287147635,0.379168657429527,0,0,0,0,0.0,0.8736363636363637,0.5285210835282378,2880.0,2880.0,1.0,False,501.2291666666667,158.40277777777777
sat_n11.qasm,sat_n11,2,reservation_reset__priority_allocation__cq2__ten4__res0__reset200__noepr__global__per_operation,reservation_reset,priority_allocation,2,4,0,200,False,global,per_operation,64,48,False,False,False,False,0,0,15.395833333333334,33.416666666666664,18.020833333333332,18.020833333333332,290.0,865.0,7,0.14583333333333334,0.5729166666666666,0.1875,3457,0,0,0.0,0.11841305668894869,0.21529646670717945,0.0,0.33370952339612814,0.6674190467922563,0,0,0,0,0.0,0.8736363636363637,0.3569863231369398,5430.0,5670.0,1.0441988950276244,False,356.5208333333333,198.09722222222223
sat_n11.qasm,sat_n11,2,reservation_reset__priority_allocation__cq2__ten4__res500__reset0__noepr__global__per_operation,reservation_reset,priority_allocation,2,4,500,0,False,global,per_operation,64,48,False,False,False,False,0,0,0.0,0.0,0.0,0.0,0.0,0.0,0,0.0,0.5,0.020833333333333332,1951,0,0,0.0,0.11773337361356868,0.0,0.0,0.44171593802598075,0.5594493116395495,0,0,0,0,0.0,0.8736363636363637,0.25436986341722384,2030.0,2030.0,1.0,False,552.6875,137.77777777777777
sat_n11.qasm,sat_n11,2,reservation_reset__priority_allocation__cq2__ten4__res500__reset50__noepr__global__per_operation,reservation_reset,priority_allocation,2,4,500,50,False,global,per_operation,64,48,False,False,False,False,0,0,0.0,0.0,0.0,0.0,0.0,0.0,0,0.0,0.5,0.9583333333333334,3932,0,0,0.0,0.12496564360971141,0.056802565277141545,0.0,0.4939303710490151,0.6756985799358681,0,0,0,0,0.0,0.8736363636363637,0.2515613396425385,3195.0,3200.0,1.001564945226917,False,509.2291666666667,154.16666666666666
sat_n11.qasm,sat_n11,2,reservation_reset__priority_allocation__cq2__ten4__res500__reset200__noepr__global__per_operation,reservation_reset,priority_allocation,2,4,500,200,False,global,per_operation,64,48,False,False,False,False,0,0,0.0,0.0,0.0,0.0,0.0,0.0,0,0.0,0.5,0.0625,6185,0,0,0.0,0.11523189997465574,0.20951254540846498,0.0,0.5696122328292642,0.8943566782123848,0,0,0,0,0.0,0.8736363636363637,0.2507068458713944,5430.0,8610.0,1.5856353591160222,False,344.375,202.98611111111111
sat_n11.qasm,sat_n11,2,reservation_reset__priority_allocation__cq2__ten4__res2000__reset0__noepr__global__per_operation,reservation_reset,priority_allocation,2,4,2000,0,False,global,per_operation,64,48,False,False,False,False,0,0,0.0,0.0,0.0,0.0,0.0,0.0,0,0.0,0.5,0.5,3508,0,8,0.06451612903225806,0.10212084833933574,0.0,0.0,0.5679791916766707,0.6701000400160064,0,0,0,0,0.0,0.8117760617760618,0.251480995455755,2030.0,2030.0,1.0,False,538.125,137.77777777777777
sat_n11.qasm,sat_n11,2,reservation_reset__priority_allocation__cq2__ten4__res2000__reset50__noepr__global__per_operation,reservation_reset,priority_allocation,2,4,2000,50,False,global,per_operation,64,48,False,False,False,False,0,0,0.0,0.0,0.0,0.0,0.0,0.0,0,0.0,0.5,0.0,4915,0,10,0.08064516129032258,0.09996014348345955,0.045436428856117976,0.0,0.580968513351933,0.7263650856915106,0,0,0,0,0.0,0.7924390243902439,0.2513936199118087,2880.0,2880.0,1.0,False,489.6875,160.69444444444446
sat_n11.qasm,sat_n11,2,reservation_reset__priority_allocation__cq2__ten4__res2000__reset200__noepr__global__per_operation,reservation_reset,priority_allocation,2,4,2000,200,False,global,per_operation,64,48,False,False,False,False,0,16,0.0,0.0,0.0,0.0,0.0,0.0,0,0.0,0.5,0.0,8141,0,23,0.18548387096774194,0.08154128440366973,0.14825688073394497,0.0,0.5956990825688073,0.825497247706422,0,0,0,0,0.0,0.7791781240452185,0.25051305481138003,10385.0,6050.0,0.5825710158883004,True,344.375,357.79411764705884
square_root_n18.qasm,square_root_n18,0,reservation_reset__priority_allocation__cq2__ten4__res0__reset0__noepr__global__per_operation,reservation_reset,priority_allocation,2,4,0,0,False,global,per_operation,64,48,False,False,False,False,0,0,0.0,24.6875,24.6875,24.6875,395.0,1185.0,9,0.1875,0.59375,0.875,9864,0,0,0.0,0.1958713394143063,0.0,0.0,0.1958713394143063,0.3917426788286126,0,0,0,0,0.0,0.6282608695652174,0.4632541026537659,5760.0,5760.0,1.0,False,527.8854166666666,60.6551724137931
square_root_n18.qasm,square_root_n18,0,reservation_reset__priority_allocation__cq2__ten4__res0__reset50__noepr__global__per_operation,reservation_reset,priority_allocation,2,4,0,50,False,global,per_operation,64,48,False,False,False,False,0,0,6.166666666666667,116.625,110.45833333333333,110.45833333333333,1305.0,5302.0,17,0.3541666666666667,0.6770833333333334,0.7291666666666666,18890,0,0,0.0,0.20396291583348483,0.09271041628794764,0.0,0.2966733321214325,0.593346664242865,0,0,0,0,0.0,0.6282608695652174,0.43390360612068596,8437.0,8437.0,1.0,False,475.46875,64.25862068965517
square_root_n18.qasm,square_root_n18,0,reservation_reset__priority_allocation__cq2__ten4__res0__reset200__noepr__global__per_operation,reservation_reset,priority_allocation,2,4,0,200,False,global,per_operation,64,48,False,False,False,False,0,24,17.145833333333332,1290.2083333333333,1273.0625,1273.0625,3610.0,61107.0,43,0.8958333333333334,0.9479166666666667,0.4791666666666667,33973,0,25,0.12254901960784313,0.1723111927890085,0.31329307779819726,0.0,0.48560427058720573,0.9712085411744115,0,0,0,0,0.0,0.6947913956110677,0.6833674295285824,12240.0,12240.0,1.0,True,293.75,104.5
square_root_n18.qasm,square_root_n18,0,reservation_reset__priority_allocation__cq2__ten4__res500__reset0__noepr__global__per_operation,reservation_reset,priority_allocation,2,4,500,0,False,global,per_operation,64,48,False,False,False,False,0,0,0.0,0.0,0.0,0.0,0.0,0.0,0,0.0,0.5,0.3125,15140,0,0,0.0,0.1909624712790401,0.0,0.0,0.4959450259552379,0.6869074972342779,0,0,0,0,0.0,0.6282608695652174,0.2509723416014497,5760.0,7190.0,1.2482638888888888,False,545.5833333333334,63.36206896551724
square_root_n18.qasm,square_root_n18,0,reservation_reset__priority_allocation__cq2__ten4__res500__reset50__noepr__global__per_operation,reservation_reset,priority_allocation,2,4,500,50,False,global,per_operation,64,48,False,False,False,False,0,0,0.0,0.0,0.0,0.0,0.0,0.0,0,0.0,0.5,0.4166666666666667,31083,0,9,0.04411764705882353,0.19277433270423294,0.08762469668374225,0.0,0.5780983194032534,0.8584973487912285,0,0,0,0,0.0,0.5848920199347812,0.25050196700831867,8310.0,10390.0,1.2503008423586042,False,489.6875,79.95689655172414
square_root_n18.qasm,square_root_n18,0,reservation_reset__priority_allocation__cq2__ten4__res500__reset200__noepr__global__per_operation,reservation_reset,priority_allocation,2,4,500,200,False,global,per_operation,64,48,False,False,False,False,0,36,0.0,0.0,0.0,0.0,0.0,0.0,0,0.0,0.5,0.8541666666666666,37780,0,48,0.23529411764705882,0.14523910283537875,0.264071096064325,0.0,0.651481168006771,1.0607913669064748,0,0,0,0,0.0,0.6675444371296906,0.25046118275151213,12240.0,12240.0,1.0,True,348.4375,101.90217391304348
square_root_n18.qasm,square_root_n18,0,reservation_reset__priority_allocation__cq2__ten4__res2000__reset0__noepr__global__per_operation,reservation_reset,priority_allocation,2,4,2000,0,False,global,per_operation,64,48,False,False,False,False,0,0,0.0,0.0,0.0,0.0,0.0,0.0,0,0.0,0.5,0.0,17286,0,3,0.014705882352941176,0.17695078031212486,0.0,0.0,0.616514605842337,0.7934653861544618,0,0,0,0,0.0,0.6140342877986503,0.250521286058669,5760.0,7190.0,1.2482638888888888,False,538.125,63.36206896551724
square_root_n18.qasm,square_root_n18,0,reservation_reset__priority_allocation__cq2__ten4__res2000__reset50__noepr__global__per_operation,reservation_reset,priority_allocation,2,4,2000,50,False,global,per_operation,64,48,False,False,False,False,0,0,0.0,0.0,0.0,0.0,0.0,0.0,0,0.0,0.5,0.0,27305,0,12,0.058823529411764705,0.15945037937412707,0.07247744517005776,0.0,0.6310143067456873,0.8629421312898721,0,0,0,0,0.0,0.5699443413729128,0.2504347438994026,8310.0,10390.0,1.2503008423586042,False,489.6875,79.95689655172414
square_root_n18.qasm,square_root_n18,0,reservation_reset__priority_allocation__cq2__ten4__res2000__reset200__noepr__global__per_operation,reservation_reset,priority_allocation,2,4,2000,200,False,global,per_operation,64,48,False,False,False,False,0,36,0.0,0.0,0.0,0.0,0.0,0.0,0,0.0,0.5,0.0,35481,0,52,0.2549019607843137,0.12271559633027523,0.22311926605504587,0.0,0.6423559633027522,0.9881908256880734,0,0,0,0,0.0,0.6387967263879673,0.2503365804833353,12240.0,12240.0,1.0,True,344.375,121.46739130434783
square_root_n18.qasm,square_root_n18,1,reservation_reset__priority_allocation__cq2__ten4__res0__reset0__noepr__global__per_operation,reservation_reset,priority_allocation,2,4,0,0,False,global,per_operation,64,48,False,False,False,False,0,0,0.0,8.979166666666666,8.979166666666666,8.979166666666666,148.0,431.0,5,0.10416666666666667,0.5520833333333334,0.8541666666666666,11181,0,0,0.0,0.20870535714285715,0.0,0.0,0.20870535714285715,0.4174107142857143,0,0,0,0,0.0,0.6282608695652174,0.4329250296417998,5760.0,5760.0,1.0,False,526.8020833333334,59.5948275862069
square_root_n18.qasm,square_root_n18,1,reservation_reset__priority_allocation__cq2__ten4__res0__reset50__noepr__global__per_operation,reservation_reset,priority_allocation,2,4,0,50,False,global,per_operation,64,48,False,False,False,False,0,0,3.2291666666666665,123.75,120.52083333333333,120.52083333333333,1291.0,5785.0,14,0.2916666666666667,0.6458333333333334,0.75,23043,0,0,0.0,0.19967077456956,0.09075944298616363,0.0,0.2904302175557236,0.5808604351114472,0,0,0,0,0.0,0.6282608695652174,0.5593195676189134,8377.0,8377.0,1.0,False,449.4791666666667,59.349137931034484
square_root_n18.qasm,square_root_n18,1,reservation_reset__priority_allocation__cq2__ten4__res0__reset200__noepr__global__per_operation,reservation_reset,priority_allocation,2,4,0,200,False,global,per_operation,64,48,False,False,False,False,0,24,17.166666666666668,1286.0416666666667,1268.875,1268.875,3610.0,60906.0,42,0.875,0.9375,0.4791666666666667,34732,0,30,0.14705882352941177,0.16504979950847237,0.3000905445608589,0.0,0.46514034406933125,0.9302806881386625,0,0,0,0,0.0,0.6671073506081439,0.7330252081205759,12240.0,12240.0,1.0,True,294.7916666666667,99.28260869565217
square_root_n18.qasm,square_root_n18,1,reservation_reset__priority_allocation__cq2__ten4__res500__reset0__noepr__global__per_operation,reservation_reset,priority_allocation,2,4,500,0,False,global,per_operation,64,48,False,False,False,False,0,0,0.0,0.0,0.0,0.0,0.0,0.0,0,0.0,0.5,0.6041666666666666,15852,0,0,0.0,0.19195072922458406,0.0,0.0,0.506928702792866,0.6988794320174501,0,0,0,0,0.0,0.6282608695652174,0.25085088998207655,5760.0,7190.0,1.2482638888888888,False,564.1041666666666,63.36206896551724
square_root_n18.qasm,square_root_n18,1,reservation_reset__priority_allocation__cq2__ten4__res500__reset50__noepr__global__per_operation,reservation_reset,priority_allocation,2,4,500,50,False,global,per_operation,64,48,False,False,False,False,0,0,0.0,0.0,0.0,0.0,0.0,0.0,0,0.0,0.5,0.6041666666666666,29369,0,4,0.0196078431372549,0.18795386586928664,0.08543357539513029,0.0,0.5662750961127723,0.8396625373771892,0,0,0,0,0.0,0.6093845216331505,0.25049199139201705,8310.0,10390.0,1.2503008423586042,False,498.5625,74.53448275862068
square_root_n18.qasm,square_root_n18,1,reservation_reset__priority_allocation__cq2__ten4__res500__reset200__noepr__global__per_operation,reservation_reset,priority_allocation,2,4,500,200,False,global,per_operation,64,48,False,False,False,False,0,36,0.0,0.0,0.0,0.0,0.0,0.0,0,0.0,0.5,0.3125,38415,0,46,0.22549019607843138,0.1459277917716205,0.2653232577665827,0.0,0.6462426532325777,1.057493702770781,0,0,0,0,0.0,0.6804404709986916,0.2502740495522784,12240.0,12240.0,1.0,True,348.4375,101.90217391304348
square_root_n18.qasm,square_root_n18,1,reservation_reset__priority_allocation__cq2__ten4__res2000__reset0__noepr__global__per_operation,reservation_reset,priority_allocation,2,4,2000,0,False,global,per_operation,64,48,False,False,False,False,0,0,0.0,0.0,0.0,0.0,0.0,0.0,0,0.0,0.5,0.0,22745,0,8,0.0392156862745098,0.1726388277215038,0.0,0.0,0.6368539055931457,0.8094927333146494,0,0,0,0,0.0,0.5895641497851443,0.2504638415002364,7600.0,10570.0,1.3907894736842106,False,538.125,61.33620689655172
square_root_n18.qasm,square_root_n18,1,reservation_reset__priority_allocation__cq2__ten4__res2000__reset50__noepr__global__per_operation,reservation_reset,priority_allocation,2,4,2000,50,False,global,per_operation,64,48,False,False,False,False,0,0,0.0,0.0,0.0,0.0,0.0,0.0,0,0.0,0.5,0.5,26889,0,5,0.024509803921568627,0.16703548264021367,0.0759252193819153,0.0,0.6306257153758108,0.8735864173979397,0,0,0,0,0.0,0.6046692725829109,0.2504119519214259,8310.0,10390.0,1.2503008423586042,False,489.6875,79.95689655172414
square_root_n18.qasm,square_root_n18,1,reservation_reset__priority_allocation__cq2__ten4__res2000__reset200__noepr__global__per_operation,reservation_reset,priority_allocation,2,4,2000,200,False,global,per_operation,64,48,False,False,False,False,0,36,0.0,0.0,0.0,0.0,0.0,0.0,0,0.0,0.5,0.0,35129,0,48,0.23529411764705882,0.12452830188679245,0.22641509433962265,0.0,0.6632982583454281,1.0142416545718433,0,0,0,0,0.0,0.6687183996482744,0.25029711837292945,12240.0,12305.0,1.0053104575163399,True,344.375,118.81666666666666
square_root_n18.qasm,square_root_n18,2,reservation_reset__priority_allocation__cq2__ten4__res0__reset0__noepr__global__per_operation,reservation_reset,priority_allocation,2,4,0,0,False,global,per_operation,64,48,False,False,False,False,0,0,0.0,10.875,10.875,10.875,240.0,522.0,7,0.14583333333333334,0.5729166666666666,0.8333333333333334,12214,0,0,0.0,0.19648016811137378,0.0,0.0,0.19648016811137378,0.39296033622274756,0,0,0,0,0.0,0.6282608695652174,0.37141818629826706,5760.0,5820.0,1.0104166666666667,False,539.1979166666666,51.189655172413794
square_root_n18.qasm,square_root_n18,2,reservation_reset__priority_allocation__cq2__ten4__res0__reset50__noepr__global__per_operation,reservation_reset,priority_allocation,2,4,0,50,False,global,per_operation,64,48,False,False,False,False,0,0,3.0833333333333335,114.95833333333333,111.875,111.875,1245.0,5370.0,19,0.3958333333333333,0.6979166666666666,0.7916666666666666,24036,0,0,0.0,0.19599109131403117,0.08908685968819599,0.0,0.28507795100222716,0.5701559020044543,0,0,0,0,0.0,0.6282608695652174,0.4469100624929384,8356.0,8356.0,1.0,False,467.9270833333333,60.09051724137931
square_root_n18.qasm,square_root_n18,2,reservation_reset__priority_allocation__cq2__ten4__res0__reset200__noepr__global__per_operation,reservation_reset,priority_allocation,2,4,0,200,False,global,per_operation,64,48,False,False,False,False,0,24,20.666666666666668,1290.2083333333333,1269.5416666666667,1269.5416666666667,3610.0,60938.0,43,0.8958333333333334,0.9479166666666667,0.4375,32960,0,29,0.14215686274509803,0.16817367754335386,0.30577032280609795,0.0,0.4739440003494518,0.9478880006989036,0,0,0,0,0.0,0.6727220806607503,0.7939631113809197,12240.0,12240.0,1.0,True,293.75,110.43478260869566
square_root_n18.qasm,square_root_n18,2,reservation_reset__priority_allocation__cq2__ten4__res500__reset0__noepr__global__per_operation,reservation_reset,priority_allocation,2,4,500,0,False,global,per_operation,64,48,False,False,False,False,0,0,0.0,0.0,0.0,0.0,0.0,0.0,0,0.0,0.5,0.5,16409,0,0,0.0,0.19568345323741007,0.0,0.0,0.5069805973403095,0.7026640505777196,0,0,0,0,0.0,0.6282608695652174,0.2507578239633815,5870.0,7190.0,1.2248722316865417,False,571.6770833333334,59.16379310344828
square_root_n18.qasm,square_root_n18,2,reservation_reset__priority_allocation__cq2__ten4__res500__reset50__noepr__global__per_operation,reservation_reset,priority_allocation,2,4,500,50,False,global,per_operation,64,48,False,False,False,False,0,0,0.0,0.0,0.0,0.0,0.0,0.0,0,0.0,0.5,0.3333333333333333,29595,0,5,0.024509803921568627,0.1872620728003764,0.08511912400017109,0.0,0.5524829975619145,0.824864194362462,0,0,0,0,0.0,0.6046692725829109,0.25044695299171355,8310.0,10390.0,1.2503008423586042,False,500.7708333333333,79.95689655172414
square_root_n18.qasm,square_root_n18,2,reservation_reset__priority_allocation__cq2__ten4__res500__reset200__noepr__global__per_operation,reservation_reset,priority_allocation,2,4,500,200,False,global,per_operation,64,48,False,False,False,False,0,36,0.0,0.0,0.0,0.0,0.0,0.0,0,0.0,0.5,0.375,34846,0,40,0.19607843137254902,0.14577777777777778,0.26505050505050504,0.0,0.636989898989899,1.0478181818181818,0,0,0,0,0.0,0.7188368612358349,0.2503364306618374,12240.0,12240.0,1.0,True,348.4375,112.01086956521739
square_root_n18.qasm,square_root_n18,2,reservation_reset__priority_allocation__cq2__ten4__res2000__reset0__noepr__global__per_operation,reservation_reset,priority_allocation,2,4,2000,0,False,global,per_operation,64,48,False,False,False,False,0,0,0.0,0.0,0.0,0.0,0.0,0.0,0,0.0,0.5,0.5,15408,0,3,0.014705882352941176,0.16317343173431734,0.0,0.0,0.5803542435424355,0.7435276752767528,0,0,0,0,0.0,0.6140342877986503,0.25057761726354755,5760.0,7190.0,1.2482638888888888,False,538.125,63.36206896551724
square_root_n18.qasm,square_root_n18,2,reservation_reset__priority_allocation__cq2__ten4__res2000__reset50__noepr__global__per_operation,reservation_reset,priority_allocation,2,4,2000,50,False,global,per_operation,64,48,False,False,False,False,0,0,0.0,0.0,0.0,0.0,0.0,0.0,0,0.0,0.5,0.0,28840,0,14,0.06862745098039216,0.16004901022322626,0.07274955010146648,0.0,0.634253551326722,0.8670521116514148,0,0,0,0,0.0,0.5595164290142591,0.25046176464679265,8310.0,10390.0,1.2503008423586042,False,489.6875,79.95689655172414
square_root_n18.qasm,square_root_n18,2,reservation_reset__priority_allocation__cq2__ten4__res2000__reset200__noepr__global__per_operation,reservation_reset,priority_allocation,2,4,2000,200,False,global,per_operation,64,48,False,False,False,False,0,36,0.0,0.0,0.0,0.0,0.0,0.0,0,0.0,0.5,0.5,35031,0,50,0.24509803921568626,0.12697698823176673,0.23086725133048497,0.0,0.6529533018514354,1.0107975414136872,0,0,0,0,0.0,0.6521117465904092,0.25029862432404304,12240.0,12240.0,1.0,True,344.375,121.46739130434783
bv_n19.qasm,bv_n19,0,reservation_reset__random_allocation__cq2__ten4__res0__reset0__noepr__global__per_operation,reservation_reset,random_allocation,2,4,0,0,False,global,per_operation,64,48,False,False,False,False,0,0,1.0208333333333333,1.0208333333333333,0.0,0.0,0.0,0.0,0,0.0,0.5,0.020833333333333332,185,0,0,0.0,0.09635177155870889,0.0,0.0,0.09635177155870889,0.19270354311741777,0,0,0,0,0.0,0.7697044334975369,0.6727738233197114,765.0,765.0,1.0,False,551.3229166666666,252.54166666666666
bv_n19.qasm,bv_n19,0,reservation_reset__random_allocation__cq2__ten4__res0__reset50__noepr__global__per_operation,reservation_reset,random_allocation,2,4,0,50,False,global,per_operation,64,48,False,False,False,False,0,0,1.2083333333333333,1.2083333333333333,0.0,0.0,0.0,0.0,0,0.0,0.5,0.020833333333333332,254,0,0,0.0,0.09929590178732624,0.04513450081242101,0.0,0.14443040259974724,0.2888608051994945,0,0,0,0,0.0,0.7697044334975369,0.6740046402776371,1015.0,1015.0,1.0,False,518.5833333333334,335.625
bv_n19.qasm,bv_n19,0,reservation_reset__random_allocation__cq2__ten4__res0__reset200__noepr__global__per_operation,reservation_reset,random_allocation,2,4,0,200,False,global,per_operation,64,48,False,False,False,False,0,0,9.5,44.125,34.625,34.625,679.0,1662.0,6,0.125,0.5625,0.08333333333333333,497,0,0,0.0,0.09479489831092727,0.1723543605653223,0.0,0.2671492588762496,0.5342985177524991,0,0,0,0,0.0,0.7697044334975369,0.6844452233284086,1879.0,1879.0,1.0,False,361.5520833333333,225.79166666666666
bv_n19.qasm,bv_n19,0,reservation_reset__random_allocation__cq2__ten4__res500__reset0__noepr__global__per_operation,reservation_reset,random_allocation,2,4,500,0,False,global,per_operation,64,48,False,False,False,False,0,0,0.0,0.0,0.0,0.0,0.0,0.0,0,0.0,0.5,0.0,469,0,0,0.0,0.09572292564069095,0.0,0.0,0.3930426837227516,0.48876560936344254,0,0,0,0,0.0,0.7697044334975369,0.25406490587549535,765.0,1188.0,1.5529411764705883,False,554.4791666666666,274.0416666666667
bv_n19.qasm,bv_n19,0,reservation_reset__random_allocation__cq2__ten4__res500__reset50__noepr__global__per_operation,reservation_reset,random_allocation,2,4,500,50,False,global,per_operation,64,48,False,False,False,False,0,0,0.0,0.0,0.0,0.0,0.0,0.0,0,0.0,0.5,0.16666666666666666,650,0,0,0.0,0.09542812527110263,0.043376420577773925,0.0,0.4094994361065325,0.5483039819554091,0,0,0,0,0.0,0.7697044334975369,0.25455247063242953,1015.0,1015.0,1.0,False,508.5416666666667,335.625
bv_n19.qasm,bv_n19,0,reservation_reset__random_allocation__cq2__ten4__res500__reset200__noepr__global__per_operation,reservation_reset,random_allocation,2,4,500,200,False,global,per_operation,64,48,False,False,False,False,0,0,0.0,0.0,0.0,0.0,0.0,0.0,0,0.0,0.5,0.8125,925,0,0,0.0,0.09235936188077246,0.16792611251049538,0.0,0.4606381192275399,0.7209235936188078,0,0,0,0,0.0,0.7697044334975369,0.25228158664796185,1765.0,1765.0,1.0,False,344.375,318.5833333333333
bv_n19.qasm,bv_n19,0,reservation_reset__random_allocation__cq2__ten4__res2000__reset0__noepr__global__per_operation,reservation_reset,random_allocation,2,4,2000,0,False,global,per_operation,64,48,False,False,False,False,0,0,0.0,0.0,0.0,0.0,0.0,0.0,0,0.0,0.5,0.5208333333333334,1465,0,2,0.02,0.08441660140955363,0.0,0.0,0.5223570869224745,0.6067736883320282,0,0,0,0,0.0,0.7569356872635561,0.253000130638385,765.0,765.0,1.0,False,533.75,321.4583333333333
bv_n19.qasm,bv_n19,0,reservation_reset__random_allocation__cq2__ten4__res2000__reset50__noepr__global__per_operation,reservation_reset,random_allocation,2,4,2000,50,False,global,per_operation,64,48,False,False,False,False,0,0,0.0,0.0,0.0,0.0,0.0,0.0,0,0.0,0.5,0.0,2453,0,0,0.0,0.08547672701841635,0.03885305773564379,0.0,0.5572810630196596,0.6816108477737198,0,0,0,0,0.0,0.7697044334975369,0.2506799546661059,1015.0,3355.0,3.3054187192118225,False,489.6875,256.25
bv_n19.qasm,bv_n19,0,reservation_reset__random_allocation__cq2__ten4__res2000__reset200__noepr__global__per_operation,reservation_reset,random_allocation,2,4,2000,200,False,global,per_operation,64,48,False,False,False,False,0,0,0.0,0.0,0.0,0.0,0.0,0.0,0,0.0,0.5,0.0,2102,0,0,0.0,0.08261359369132558,0.1502065339842283,0.0,0.5397033420953812,0.772523469770935,0,0,0,0,0.0,0.7697044334975369,0.25105995570424633,1765.0,1765.0,1.0,False,340.0,268.3333333333333
bv_n19.qasm,bv_n19,1,reservation_reset__random_allocation__cq2__ten4__res0__reset0__noepr__global__per_operation,reservation_reset,random_allocation,2,4,0,0,False,global,per_operation,64,48,False,False,False,False,0,0,0.10416666666666667,0.10416666666666667,0.0,0.0,0.0,0.0,0,0.0,0.5,0.0,186,0,0,0.0,0.09621692543188279,0.0,0.0,0.09621692543188279,0.19243385086376558,0,0,0,0,0.0,0.7697044334975369,0.5213282934033169,765.0,765.0,1.0,False,582.8333333333334,312.2916666666667
bv_n19.qasm,bv_n19,1,reservation_reset__random_allocation__cq2__ten4__res0__reset50__noepr__global__per_operation,reservation_reset,random_allocation,2,4,0,50,False,global,per_operation,64,48,False,False,False,False,0,0,2.7291666666666665,2.7291666666666665,0.0,0.0,0.0,0.0,0,0.0,0.5,0.041666666666666664,277,0,0,0.0,0.09560644908956586,0.04345747685889357,0.0,0.13906392594845943,0.27812785189691885,0,0,0,0,0.0,0.7697044334975369,0.5644436474231788,1015.0,1015.0,1.0,False,521.5208333333334,335.625
bv_n19.qasm,bv_n19,1,reservation_reset__random_allocation__cq2__ten4__res0__reset200__noepr__global__per_operation,reservation_reset,random_allocation,2,4,0,200,False,global,per_operation,64,48,False,False,False,False,0,0,43.0,118.20833333333333,75.20833333333333,75.20833333333333,910.0,3610.0,9,0.1875,0.59375,0.14583333333333334,643,0,0,0.0,0.10055304172951232,0.18282371223547694,0.0,0.28337675396498924,0.5667535079299785,0,0,0,0,0.0,0.7697044334975369,0.8119720475989584,1800.0,2000.0,1.1111111111111112,False,324.8645833333333,254.375
bv_n19.qasm,bv_n19,1,reservation_reset__random_allocation__cq2__ten4__res500__reset0__noepr__global__per_operation,reservation_reset,random_allocation,2,4,500,0,False,global,per_operation,64,48,False,False,False,False,0,0,0.0,0.0,0.0,0.0,0.0,0.0,0,0.0,0.5,0.0,324,0,0,0.0,0.09618747813920951,0.0,0.0,0.38599597761455057,0.48218345575376004,0,0,0,0,0.0,0.7697044334975369,0.25601484592721957,765.0,765.0,1.0,False,547.9583333333334,312.2916666666667
bv_n19.qasm,bv_n19,1,reservation_reset__random_allocation__cq2__ten4__res500__reset50__noepr__global__per_operation,reservation_reset,random_allocation,2,4,500,50,False,global,per_operation,64,48,False,False,False,False,0,0,0.0,0.0,0.0,0.0,0.0,0.0,0,0.0,0.5,0.041666666666666664,450,0,0,0.0,0.09330732038340826,0.04241241835609467,0.0,0.4031003477818305,0.5388200865213334,0,0,0,0,0.0,0.7697044334975369,0.2573681395713209,1015.0,1015.0,1.0,False,512.7291666666666,335.625
bv_n19.qasm,bv_n19,1,reservation_reset__random_allocation__cq2__ten4__res500__reset200__noepr__global__per_operation,reservation_reset,random_allocation,2,4,500,200,False,global,per_operation,64,48,False,False,False,False,0,0,0.0,0.0,0.0,0.0,0.0,0.0,0,0.0,0.5,0.4166666666666667,1210,0,0,0.0,0.09825815096025012,0.1786511835640911,0.0,0.4504734256364448,0.7273827601607861,0,0,0,0,0.0,0.7697044334975369,0.2516686495055667,1765.0,1765.0,1.0,False,352.3958333333333,340.2083333333333
bv_n19.qasm,bv_n19,1,reservation_reset__random_allocation__cq2__ten4__res2000__reset0__noepr__global__per_operation,reservation_reset,random_allocation,2,4,2000,0,False,global,per_operation,64,48,False,False,False,False,0,0,0.0,0.0,0.0,0.0,0.0,0.0,0,0.0,0.5,0.0,1270,0,1,0.01,0.08513465973498026,0.0,0.0,0.5205292577101982,0.6056639174451784,0,0,0,0,0.0,0.7635556248052353,0.25279492018074495,765.0,765.0,1.0,False,538.125,252.5
bv_n19.qasm,bv_n19,1,reservation_reset__random_allocation__cq2__ten4__res2000__reset50__noepr__global__per_operation,reservation_reset,random_allocation,2,4,2000,50,False,global,per_operation,64,48,False,False,False,False,0,0,0.0,0.0,0.0,0.0,0.0,0.0,0,0.0,0.5,0.0,1685,0,0,0.0,0.08497489378138277,0.03862495171881035,0.0,0.5232753959057551,0.6468752414059482,0,0,0,0,0.0,0.7697044334975369,0.25090705873934216,1970.0,3105.0,1.5761421319796953,False,485.3125,316.6666666666667
bv_n19.qasm,bv_n19,1,reservation_reset__random_allocation__cq2__ten4__res2000__reset200__noepr__global__per_operation,reservation_reset,random_allocation,2,4,2000,200,False,global,per_operation,64,48,False,False,False,False,0,6,0.0,0.0,0.0,0.0,0.0,0.0,0,0.0,0.5,0.0,2587,0,10,0.1,0.07704280155642024,0.14007782101167315,0.0,0.542828793774319,0.7599494163424124,0,0,0,0,0.0,0.6759012016021362,0.25434163763506823,3620.0,1760.0,0.4861878453038674,True,335.625,441.6666666666667
bv_n19.qasm,bv_n19,2,reservation_reset__random_allocation__cq2__ten4__res0__reset0__noepr__global__per_operation,reservation_reset,random_allocation,2,4,0,0,False,global,per_operation,64,48,False,False,False,False,0,0,1.5625,1.5625,0.0,0.0,0.0,0.0,0,0.0,0.5,0.020833333333333332,206,0,0,0.0,0.09602374405307494,0.0,0.0,0.09602374405307494,0.19204748810614988,0,0,0,0,0.0,0.7697044334975369,0.5389600094163851,765.0,765.0,1.0,False,555.8854166666666,261.2916666666667
bv_n19.qasm,bv_n19,2,reservation_reset__random_allocation__cq2__ten4__res0__reset50__noepr__global__per_operation,reservation_reset,random_allocation,2,4,0,50,False,global,per_operation,64,48,False,False,False,False,0,0,2.7291666666666665,2.7291666666666665,0.0,0.0,0.0,0.0,0,0.0,0.5,0.0,298,0,0,0.0,0.09768226622857651,0.04440103010389841,0.0,0.1420832963324749,0.2841665926649498,0,0,0,0,0.0,0.7697044334975369,0.4464742243993468,1123.0,1123.0,1.0,False,506.5,241.375
bv_n19.qasm,bv_n19,2,reservation_reset__random_allocation__cq2__ten4__res0__reset200__noepr__global__per_operation,reservation_reset,random_allocation,2,4,0,200,False,global,per_operation,64,48,False,False,False,False,0,0,62.3125,77.875,15.5625,15.5625,290.0,747.0,5,0.10416666666666667,0.5520833333333334,0.041666666666666664,576,0,0,0.0,0.09520100393785971,0.1730927344324722,0.0,0.2682937383703319,0.5365874767406638,0,0,0,0,0.0,0.7697044334975369,0.6975899412976931,1765.0,1765.0,1.0,False,351.9791666666667,353.125
bv_n19.qasm,bv_n19,2,reservation_reset__random_allocation__cq2__ten4__res500__reset0__noepr__global__per_operation,reservation_reset,random_allocation,2,4,500,0,False,global,per_operation,64,48,False,False,False,False,0,0,0.0,0.0,0.0,0.0,0.0,0.0,0,0.0,0.5,0.0,370,0,0,0.0,0.09366485013623978,0.0,0.0,0.3802792915531335,0.4739441416893733,0,0,0,0,0.0,0.7697044334975369,0.2562629787223258,765.0,765.0,1.0,False,569.7395833333334,252.5
bv_n19.qasm,bv_n19,2,reservation_reset__random_allocation__cq2__ten4__res500__reset50__noepr__global__per_operation,reservation_reset,random_allocation,2,4,500,50,False,global,per_operation,64,48,False,False,False,False,0,0,0.0,0.0,0.0,0.0,0.0,0.0,0,0.0,0.5,0.0,601,0,0,0.0,0.09602793539938892,0.04364906154517678,0.0,0.4164513312963771,0.5561283282409428,0,0,0,0,0.0,0.7697044334975369,0.2543216100388414,1015.0,1015.0,1.0,False,525.75,256.25
bv_n19.qasm,bv_n19,2,reservation_reset__random_allocation__cq2__ten4__res500__reset200__noepr__global__per_operation,reservation_reset,random_allocation,2,4,500,200,False,global,per_operation,64,48,False,False,False,False,0,0,0.0,0.0,0.0,0.0,0.0,0.0,0,0.0,0.5,0.0,1051,0,0,0.0,0.0929564372332784,0.1690117040605062,0.0,0.4593357840030422,0.7213039252968269,0,0,0,0,0.0,0.7697044334975369,0.2516731609071569,1765.0,3379.0,1.9144475920679886,False,335.625,294.1666666666667
bv_n19.qasm,bv_n19,2,reservation_reset__random_allocation__cq2__ten4__res2000__reset0__noepr__global__per_operation,reservation_reset,random_allocation,2,4,2000,0,False,global,per_operation,64,48,False,False,False,False,0,0,0.0,0.0,0.0,0.0,0.0,0.0,0,0.0,0.5,0.0,1207,0,0,0.0,0.0872669575565252,0.0,0.0,0.534613248710829,0.6218802062673542,0,0,0,0,0.0,0.7697044334975369,0.25280813031818733,765.0,765.0,1.0,False,529.375,321.4583333333333
bv_n19.qasm,bv_n19,2,reservation_reset__random_allocation__cq2__ten4__res2000__reset50__noepr__global__per_operation,reservation_reset,random_allocation,2,4,2000,50,False,global,per_operation,64,48,False,False,False,False,0,0,0.0,0.0,0.0,0.0,0.0,0.0,0,0.0,0.5,0.0,2312,0,0,0.0,0.07979688066739209,0.03627130939426913,0.0,0.5023467537178092,0.6184149437794705,0,0,0,0,0.0,0.7697044334975369,0.2517343901845053,1015.0,1015.0,1.0,False,485.3125,308.9583333333333
bv_n19.qasm,bv_n19,2,reservation_reset__random_allocation__cq2__ten4__res2000__reset200__noepr__global__per_operation,reservation_reset,random_allocation,2,4,2000,200,False,global,per_operation,64,48,False,False,False,False,0,0,0.0,0.0,0.0,0.0,0.0,0.0,0,0.0,0.5,0.0,2239,0,0,0.0,0.07878245299910475,0.1432408236347359,0.0,0.5393983885407341,0.7614216651745748,0,0,0,0,0.0,0.7697044334975369,0.2510082261375284,1765.0,1765.0,1.0,False,344.375,391.875
dnn_n16.qasm,dnn_n16,0,reservation_reset__random_allocation__cq2__ten4__res0__reset0__noepr__global__per_operation,reservation_reset,random_allocation,2,4,0,0,False,global,per_operation,64,48,False,False,False,False,0,0,1.1666666666666667,42.729166666666664,41.5625,41.5625,555.0,1995.0,8,0.16666666666666666,0.5833333333333334,0.10416666666666667,923,0,0,0.0,0.1575649059982095,0.0,0.0,0.1575649059982095,0.315129811996419,0,0,0,0,0.0,0.7722007722007722,0.7924156727160571,8985.0,9000.0,1.001669449081803,False,522.0729166666666,190.61805555555554
dnn_n16.qasm,dnn_n16,0,reservation_reset__random_allocation__cq2__ten4__res0__reset50__noepr__global__per_operation,reservation_reset,random_allocation,2,4,0,50,False,global,per_operation,64,48,False,False,False,False,0,0,0.0,111.89583333333333,111.89583333333333,111.89583333333333,1055.0,5371.0,11,0.22916666666666666,0.6145833333333334,0.16666666666666666,1629,0,0,0.0,0.16132728356019982,0.07333058343645446,0.0,0.23465786699665428,0.46931573399330856,0,0,0,0,0.0,0.7722007722007722,0.6395038503025523,9435.0,9450.0,1.0015898251192368,False,465.5833333333333,181.875
dnn_n16.qasm,dnn_n16,0,reservation_reset__random_allocation__cq2__ten4__res0__reset200__noepr__global__per_operation,reservation_reset,random_allocation,2,4,0,200,False,global,per_operation,64,48,False,False,False,False,0,0,34.166666666666664,2724.6875,2690.5208333333335,2690.5208333333335,5060.0,129145.0,43,0.8958333333333334,0.9479166666666667,0.5833333333333334,10129,0,0,0.0,0.15362457993278925,0.2793174180596168,0.0,0.43294199799240607,0.8658839959848121,0,0,0,0,0.0,0.7722007722007722,0.9629614504305286,11945.0,13495.0,1.1297614064462118,False,323.3854166666667,118.04166666666667
dnn_n16.qasm,dnn_n16,0,reservation_reset__random_allocation__cq2__ten4__res500__reset0__noepr__global__per_operation,reservation_reset,random_allocation,2,4,500,0,False,global,per_operation,64,48,False,False,False,False,0,0,0.0,0.0,0.0,0.0,0.0,0.0,0,0.0,0.5,0.22916666666666666,3600,0,0,0.0,0.15172413793103448,0.0,0.0,0.4673275862068966,0.6190517241379311,0,0,0,0,0.0,0.7722007722007722,0.25161578742318974,9673.0,9941.0,1.027705985733485,False,552.0520833333334,215.76388888888889
dnn_n16.qasm,dnn_n16,0,reservation_reset__random_allocation__cq2__ten4__res500__reset50__noepr__global__per_operation,reservation_reset,random_allocation,2,4,500,50,False,global,per_operation,64,48,False,False,False,False,0,0,0.0,0.0,0.0,0.0,0.0,0.0,0,0.0,0.5,0.3125,8335,0,0,0.0,0.15514809590973203,0.07052186177715092,0.0,0.49980165726375175,0.7254716149506347,0,0,0,0,0.0,0.7722007722007722,0.2507490658146838,10459.0,14678.0,1.4033846448035185,False,506.4583333333333,196.54861111111111
dnn_n16.qasm,dnn_n16,0,reservation_reset__random_allocation__cq2__ten4__res500__reset200__noepr__global__per_operation,reservation_reset,random_allocation,2,4,500,200,False,global,per_operation,64,48,False,False,False,False,0,4,0.0,0.0,0.0,0.0,0.0,0.0,0,0.0,0.5,0.0625,15233,0,13,0.08125,0.13043478260869565,0.23715415019762845,0.0,0.5343308865047995,0.9019198193111236,0,0,0,0,0.0,0.7291469833985693,0.2503354844042048,11595.0,18374.0,1.5846485554118155,True,344.375,143.85416666666666
dnn_n16.qasm,dnn_n16,0,reservation_reset__random_allocation__cq2__ten4__res2000__reset0__noepr__global__per_operation,reservation_reset,random_allocation,2,4,2000,0,False,global,per_operation,64,48,False,False,False,False,0,18,0.0,0.0,0.0,0.0,0.0,0.0,0,0.0,0.5,0.0,12296,0,28,0.175,0.11469194312796209,0.0,0.0,0.6572432859399684,0.7719352290679304,0,0,0,0,0.0,0.7615384615384615,0.2507791608907177,9865.0,16231.0,1.6453117080587938,True,538.125,243.86111111111111
dnn_n16.qasm,dnn_n16,0,reservation_reset__random_allocation__cq2__ten4__res2000__reset50__noepr__global__per_operation,reservation_reset,random_allocation,2,4,2000,50,False,global,per_operation,64,48,False,False,False,False,0,0,0.0,0.0,0.0,0.0,0.0,0.0,0,0.0,0.5,0.375,8642,0,4,0.025,0.13506493506493505,0.06139315230224321,0.0,0.6242384887839433,0.8206965761511216,0,0,0,0,0.0,0.7470530451866405,0.25070796228363584,10715.0,10715.0,1.0,False,489.6875,261.8958333333333
dnn_n16.qasm,dnn_n16,0,reservation_reset__random_allocation__cq2__ten4__res2000__reset200__noepr__global__per_operation,reservation_reset,random_allocation,2,4,2000,200,False,global,per_operation,64,48,False,False,False,False,0,48,0.0,0.0,0.0,0.0,0.0,0.0,0,0.0,0.5,0.1875,19105,0,62,0.3875,0.08526794542218706,0.15503262804034013,0.0,0.5778524817085229,0.8181530551710501,0,0,0,0,0.0,0.724065138721351,0.2514725647719939,16181.0,7485.0,0.46257956862987454,True,445.8333333333333,272.78472222222223
dnn_n16.qasm,dnn_n16,1,reservation_reset__random_allocation__cq2__ten4__res0__reset0__noepr__global__per_operation,reservation_reset,random_allocation,2,4,0,0,False,global,per_operation,64,48,False,False,False,False,0,0,0.0,39.270833333333336,39.270833333333336,39.270833333333336,555.0,1885.0,6,0.125,0.5625,0.08333333333333333,890,0,0,0.0,0.15564890559363254,0.0,0.0,0.15564890559363254,0.31129781118726507,0,0,0,0,0.0,0.7722007722007722,0.47884362885710724,8985.0,9000.0,1.001669449081803,False,560.625,210.11805555555554
dnn_n16.qasm,dnn_n16,1,reservation_reset__random_allocation__cq2__ten4__res0__reset50__noepr__global__per_operation,reservation_reset,random_allocation,2,4,0,50,False,global,per_operation,64,48,False,False,False,False,0,0,2.2708333333333335,124.04166666666667,121.77083333333333,121.77083333333333,1055.0,5845.0,14,0.2916666666666667,0.6458333333333334,0.20833333333333334,1761,0,0,0.0,0.1647400196564796,0.07488182711658165,0.0,0.23962184677306125,0.4792436935461225,0,0,0,0,0.0,0.7722007722007722,0.9065771021850783,9435.0,9450.0,1.0015898251192368,False,452.8958333333333,165.36805555555554
dnn_n16.qasm,dnn_n16,1,reservation_reset__random_allocation__cq2__ten4__res0__reset200__noepr__global__per_operation,reservation_reset,random_allocation,2,4,0,200,False,global,per_operation,64,48,False,False,False,False,0,0,15.708333333333334,2604.125,2588.4166666666665,2588.4166666666665,5260.0,124244.0,43,0.8958333333333334,0.9479166666666667,0.4166666666666667,10619,0,0,0.0,0.15319000783357994,0.27852728697014534,0.0,0.4317172948037253,0.8634345896074506,0,0,0,0,0.0,0.7722007722007722,0.981785704252907,11525.0,13718.0,1.1902819956616053,False,326.6666666666667,122.27083333333333
dnn_n16.qasm,dnn_n16,1,reservation_reset__random_allocation__cq2__ten4__res500__reset0__noepr__global__per_operation,reservation_reset,random_allocation,2,4,500,0,False,global,per_operation,64,48,False,False,False,False,0,0,0.0,0.0,0.0,0.0,0.0,0.0,0,0.0,0.5,0.6458333333333334,3182,0,0,0.0,0.15764958796130418,0.0,0.0,0.4737728412755285,0.6314224292368327,0,0,0,0,0.0,0.7722007722007722,0.25158225814150653,8890.0,10455.0,1.1760404949381327,False,558.59375,207.40277777777777
dnn_n16.qasm,dnn_n16,1,reservation_reset__random_allocation__cq2__ten4__res500__reset50__noepr__global__per_operation,reservation_reset,random_allocation,2,4,500,50,False,global,per_operation,64,48,False,False,False,False,0,0,0.0,0.0,0.0,0.0,0.0,0.0,0,0.0,0.5,0.25,11391,0,2,0.0125,0.14810396250532595,0.06731998295696634,0.0,0.46613975287601195,0.6815636983383042,0,0,0,0,0.0,0.759985387238188,0.2505808664366854,10691.0,11589.0,1.0839958843887383,False,526.9895833333334,206.13194444444446
dnn_n16.qasm,dnn_n16,1,reservation_reset__random_allocation__cq2__ten4__res500__reset200__noepr__global__per_operation,reservation_reset,random_allocation,2,4,500,200,False,global,per_operation,64,48,False,False,False,False,0,4,0.0,0.0,0.0,0.0,0.0,0.0,0,0.0,0.5,0.7083333333333334,15302,0,12,0.075,0.12854322937228582,0.23371496249506515,0.0,0.5666798262929332,0.9289380181602842,0,0,0,0,0.0,0.735823703305563,0.25036767387962666,10725.0,18290.0,1.7053613053613053,True,345.4895833333333,99.86111111111111
dnn_n16.qasm,dnn_n16,1,reservation_reset__random_allocation__cq2__ten4__res2000__reset0__noepr__global__per_operation,reservation_reset,random_allocation,2,4,2000,0,False,global,per_operation,64,48,False,False,False,False,0,0,0.0,0.0,0.0,0.0,0.0,0.0,0,0.0,0.5,0.0,4648,0,9,0.05625,0.12825759623180572,0.0,0.0,0.6200648623605266,0.7483224585923324,0,0,0,0,0.0,0.7117305531277313,0.251266368583482,14956.0,9865.0,0.6596014977266649,False,538.125,328.2083333333333
dnn_n16.qasm,dnn_n16,1,reservation_reset__random_allocation__cq2__ten4__res2000__reset50__noepr__global__per_operation,reservation_reset,random_allocation,2,4,2000,50,False,global,per_operation,64,48,False,False,False,False,0,34,0.0,0.0,0.0,0.0,0.0,0.0,0,0.0,0.5,0.875,17410,0,34,0.2125,0.10909090909090909,0.049586776859504134,0.0,0.6235025580480126,0.7821802439984258,0,0,0,0,0.0,0.8726912928759895,0.250388743286404,9595.0,18236.0,1.9005732152162584,True,541.4583333333334,219.70138888888889
dnn_n16.qasm,dnn_n16,1,reservation_reset__random_allocation__cq2__ten4__res2000__reset200__noepr__global__per_operation,reservation_reset,random_allocation,2,4,2000,200,False,global,per_operation,64,48,False,False,False,False,0,45,0.0,0.0,0.0,0.0,0.0,0.0,0,0.0,0.5,0.0,16878,0,58,0.3625,0.07820722824382254,0.1421949604433137,0.0,0.5631094692085178,0.783511657895654,0,0,0,0,0.0,0.7600818234950322,0.2505330429640037,11435.0,18393.0,1.6084827284652383,True,450.2083333333333,155.24305555555554
dnn_n16.qasm,dnn_n16,2,reservation_reset__random_allocation__cq2__ten4__res0__reset0__noepr__global__per_operation,reservation_reset,random_allocation,2,4,0,0,False,global,per_operation,64,48,False,False,False,False,0,0,2.6041666666666665,42.229166666666664,39.625,39.625,555.0,1902.0,7,0.14583333333333334,0.5729166666666666,0.08333333333333333,922,0,0,0.0,0.1598183881952327,0.0,0.0,0.1598183881952327,0.3196367763904654,0,0,0,0,0.0,0.7722007722007722,0.7805900331464266,8985.0,9000.0,1.001669449081803,False,523.0833333333334,194.04861111111111
dnn_n16.qasm,dnn_n16,2,reservation_reset__random_allocation__cq2__ten4__res0__reset50__noepr__global__per_operation,reservation_reset,random_allocation,2,4,0,50,False,global,per_operation,64,48,False,False,False,False,0,0,0.0,130.83333333333334,130.83333333333334,130.83333333333334,1055.0,6280.0,14,0.2916666666666667,0.6458333333333334,0.20833333333333334,1868,0,0,0.0,0.15573154006105383,0.07078706366411538,0.0,0.22651860372516922,0.45303720745033843,0,0,0,0,0.0,0.7722007722007722,0.8578437566237394,9435.0,9450.0,1.0015898251192368,False,487.4166666666667,178.34722222222223
dnn_n16.qasm,dnn_n16,2,reservation_reset__random_allocation__cq2__ten4__res0__reset200__noepr__global__per_operation,reservation_reset,random_allocation,2,4,0,200,False,global,per_operation,64,48,False,False,False,False,0,0,28.666666666666668,2717.9375,2689.2708333333335,2689.2708333333335,5460.0,129085.0,43,0.8958333333333334,0.9479166666666667,0.5625,10000,0,0,0.0,0.1538192623667191,0.2796713861213075,0.0,0.43349064848802654,0.8669812969760531,0,0,0,0,0.0,0.7722007722007722,0.9816182236354722,11601.0,13907.0,1.1987759675890008,False,315.8020833333333,95.59722222222223
dnn_n16.qasm,dnn_n16,2,reservation_reset__random_allocation__cq2__ten4__res500__reset0__noepr__global__per_operation,reservation_reset,random_allocation,2,4,500,0,False,global,per_operation,64,48,False,False,False,False,0,0,0.0,0.0,0.0,0.0,0.0,0.0,0,0.0,0.5,0.16666666666666666,3081,0,0,0.0,0.15260556663487385,0.0,0.0,0.44967484609381775,0.6022804127286916,0,0,0,0,0.0,0.7722007722007722,0.25169706915246354,8890.0,10565.0,1.188413948256468,False,566.6666666666666,213.90972222222223
dnn_n16.qasm,dnn_n16,2,reservation_reset__random_allocation__cq2__ten4__res500__reset50__noepr__global__per_operation,reservation_reset,random_allocation,2,4,500,50,False,global,per_operation,64,48,False,False,False,False,0,0,0.0,0.0,0.0,0.0,0.0,0.0,0,0.0,0.5,0.8125,6752,0,0,0.0,0.15286402918313285,0.06948364962869674,0.0,0.48582099274764406,0.7081686715594736,0,0,0,0,0.0,0.7722007722007722,0.2507688982918872,10285.0,13560.0,1.318424890617404,False,485.3125,213.61805555555554
dnn_n16.qasm,dnn_n16,2,reservation_reset__random_allocation__cq2__ten4__res500__reset200__noepr__global__per_operation,reservation_reset,random_allocation,2,4,500,200,False,global,per_operation,64,48,False,False,False,False,0,7,0.0,0.0,0.0,0.0,0.0,0.0,0,0.0,0.5,0.0625,17104,0,15,0.09375,0.12726402297933456,0.23138913268969918,0.0,0.5538977100454799,0.9125508657145137,0,0,0,0,0.0,0.7446168012466355,0.2503672922152322,10725.0,18336.0,1.7096503496503497,True,353.1354166666667,99.9375
dnn_n16.qasm,dnn_n16,2,reservation_reset__random_allocation__cq2__ten4__res2000__reset0__noepr__global__per_operation,reservation_reset,random_allocation,2,4,2000,0,False,global,per_operation,64,48,False,False,False,False,0,0,0.0,0.0,0.0,0.0,0.0,0.0,0,0.0,0.5,0.0,5272,0,5,0.03125,0.1340935902477389,0.0,0.0,0.6136806920959497,0.7477742823436886,0,0,0,0,0.0,0.7403241710834463,0.2512242346524303,14182.0,9865.0,0.6956000564095333,False,529.375,324.56944444444446
dnn_n16.qasm,dnn_n16,2,reservation_reset__random_allocation__cq2__ten4__res2000__reset50__noepr__global__per_operation,reservation_reset,random_allocation,2,4,2000,50,False,global,per_operation,64,48,False,False,False,False,0,39,1854.125,1854.125,0.0,0.0,0.0,0.0,0,0.0,0.5,0.0,17439,0,41,0.25625,0.10368316831683168,0.04712871287128713,0.0,0.6350732673267326,0.7858851485148515,0,0,0,0,0.0,0.8599101287345154,0.46865264111161564,14333.0,18346.0,1.2799832554245447,True,430.28125,269.36805555555554
dnn_n16.qasm,dnn_n16,2,reservation_reset__random_allocation__cq2__ten4__res2000__reset200__noepr__global__per_operation,reservation_reset,random_allocation,2,4,2000,200,False,global,per_operation,64,48,False,False,False,False,0,10,0.0,0.0,0.0,0.0,0.0,0.0,0,0.0,0.5,0.0,17574,0,25,0.15625,0.10656620021528525,0.193756727664155,0.0,0.669989235737352,0.9703121636167923,0,0,0,0,0.0,0.7051926946293143,0.2502971882201564,11642.0,18292.0,1.5712076962721182,True,344.375,177.8125
qft_n18.qasm,qft_n18,0,reservation_reset__random_allocation__cq2__ten4__res0__reset0__noepr__global__per_operation,reservation_reset,random_allocation,2,4,0,0,False,global,per_operation,64,48,False,False,False,False,0,0,1.4791666666666667,3.5625,2.0833333333333335,2.0833333333333335,40.0,100.0,4,0.08333333333333333,0.5416666666666666,0.08333333333333333,1542,0,0,0.0,0.1528742893240682,0.0,0.0,0.1528742893240682,0.3057485786481364,0,0,0,0,0.0,0.7947721179624665,0.5418802423655946,3745.0,3745.0,1.0,False,540.5104166666666,87.82575757575758
qft_n18.qasm,qft_n18,0,reservation_reset__random_allocation__cq2__ten4__res0__reset50__noepr__global__per_operation,reservation_reset,random_allocation,2,4,0,50,False,global,per_operation,64,48,False,False,False,False,0,0,4.3125,24.166666666666668,19.854166666666668,19.854166666666668,310.0,953.0,7,0.14583333333333334,0.5729166666666666,0.14583333333333334,5322,0,0,0.0,0.1475416975133911,0.06706440796063232,0.0,0.21460610547402342,0.42921221094804685,0,0,0,0,0.0,0.7947721179624665,0.523352320837798,5400.0,5400.0,1.0,False,493.1979166666667,107.61363636363636
qft_n18.qasm,qft_n18,0,reservation_reset__random_allocation__cq2__ten4__res0__reset200__noepr__global__per_operation,reservation_reset,random_allocation,2,4,0,200,False,global,per_operation,64,48,False,False,False,False,0,0,25.4375,752.5,727.0625,727.0625,2733.0,34899.0,38,0.7916666666666666,0.8958333333333333,0.4375,12558,0,0,0.0,0.1465081081081081,0.26637837837837836,0.0,0.41288648648648646,0.8257729729729729,0,0,0,0,0.0,0.7947721179624665,0.7073474950380608,10952.0,10680.0,0.9751643535427319,False,304.7291666666667,162.46969696969697
qft_n18.qasm,qft_n18,0,reservation_reset__random_allocation__cq2__ten4__res500__reset0__noepr__global__per_operation,reservation_reset,random_allocation,2,4,500,0,False,global,per_operation,64,48,False,False,False,False,0,0,0.0,0.0,0.0,0.0,0.0,0.0,0,0.0,0.5,0.020833333333333332,3118,0,0,0.0,0.15301928548846033,0.0,0.0,0.4471433087936408,0.6001625942821011,0,0,0,0,0.0,0.7947721179624665,0.25216251901762127,3745.0,3860.0,1.0307076101468624,False,543.1770833333334,103.78787878787878
qft_n18.qasm,qft_n18,0,reservation_reset__random_allocation__cq2__ten4__res500__reset50__noepr__global__per_operation,reservation_reset,random_allocation,2,4,500,50,False,global,per_operation,64,48,False,False,False,False,0,0,0.0,0.0,0.0,0.0,0.0,0.0,0,0.0,0.5,0.125,6688,0,0,0.0,0.14415181040718206,0.06552355018508275,0.0,0.466604263285538,0.6762796238778028,0,0,0,0,0.0,0.7947721179624665,0.2512267626665134,5250.0,6200.0,1.180952380952381,False,501.8645833333333,112.34848484848484
qft_n18.qasm,qft_n18,0,reservation_reset__random_allocation__cq2__ten4__res500__reset200__noepr__global__per_operation,reservation_reset,random_allocation,2,4,500,200,False,global,per_operation,64,48,False,False,False,False,0,0,0.0,0.0,0.0,0.0,0.0,0.0,0,0.0,0.5,0.4583333333333333,14532,0,10,0.06493506493506493,0.13471106008419442,0.24492920015308076,0.0,0.5602627886209975,0.9399030488582727,0,0,0,0,0.0,0.7258471016521982,0.25045827438050683,9740.0,10660.0,1.0944558521560575,False,340.0,182.34848484848484
qft_n18.qasm,qft_n18,0,reservation_reset__random_allocation__cq2__ten4__res2000__reset0__noepr__global__per_operation,reservation_reset,random_allocation,2,4,2000,0,False,global,per_operation,64,48,False,False,False,False,0,0,0.0,0.0,0.0,0.0,0.0,0.0,0,0.0,0.5,0.9791666666666666,3567,0,1,0.006493506493506494,0.13838184509126789,0.0,0.0,0.5660253247821082,0.704407169873376,0,0,0,0,0.0,0.7886066567847999,0.2515165335817177,3745.0,3860.0,1.0307076101468624,False,533.75,103.78787878787878
qft_n18.qasm,qft_n18,0,reservation_reset__random_allocation__cq2__ten4__res2000__reset50__noepr__global__per_operation,reservation_reset,random_allocation,2,4,2000,50,False,global,per_operation,64,48,False,False,False,False,0,0,0.0,0.0,0.0,0.0,0.0,0.0,0,0.0,0.5,0.08333333333333333,12927,0,7,0.045454545454545456,0.12697290930506477,0.05771495877502945,0.0,0.6006281900274834,0.7853160581075775,0,0,0,0,0.0,0.7473025314704662,0.25034152986613384,5250.0,11780.0,2.243809523809524,False,534.25,115.28787878787878
qft_n18.qasm,qft_n18,0,reservation_reset__random_allocation__cq2__ten4__res2000__reset200__noepr__global__per_operation,reservation_reset,random_allocation,2,4,2000,200,False,global,per_operation,64,48,False,False,False,False,0,0,0.0,0.0,0.0,0.0,0.0,0.0,0,0.0,0.5,0.9791666666666666,13559,0,10,0.06493506493506493,0.11003438574554548,0.20006251953735543,0.0,0.5780278559271995,0.8881247612101004,0,0,0,0,0.0,0.7258471016521982,0.2503608897103448,9740.0,10660.0,1.0944558521560575,False,335.625,182.34848484848484
qft_n18.qasm,qft_n18,1,reservation_reset__random_allocation__cq2__ten4__res0__reset0__noepr__global__per_operation,reservation_reset,random_allocation,2,4,0,0,False,global,per_operation,64,48,False,False,False,False,0,0,0.0,2.25,2.25,2.25,76.0,108.0,3,0.0625,0.53125,0.08333333333333333,1740,0,0,0.0,0.14847927075116135,0.0,0.0,0.14847927075116135,0.2969585415023227,0,0,0,0,0.0,0.7947721179624665,0.43798144477239626,3745.0,3745.0,1.0,False,562.6041666666666,93.8409090909091
qft_n18.qasm,qft_n18,1,reservation_reset__random_allocation__cq2__ten4__res0__reset50__noepr__global__per_operation,reservation_reset,random_allocation,2,4,0,50,False,global,per_operation,64,48,False,False,False,False,0,0,0.4583333333333333,8.375,7.916666666666667,7.916666666666667,110.0,380.0,5,0.10416666666666667,0.5520833333333334,0.125,4749,0,0,0.0,0.14967308711786534,0.06803322141721152,0.0,0.21770630853507686,0.4354126170701537,0,0,0,0,0.0,0.7947721179624665,0.5022588423902151,5400.0,5400.0,1.0,False,483.9270833333333,110.61363636363636
qft_n18.qasm,qft_n18,1,reservation_reset__random_allocation__cq2__ten4__res0__reset200__noepr__global__per_operation,reservation_reset,random_allocation,2,4,0,200,False,global,per_operation,64,48,False,False,False,False,0,0,19.8125,849.5833333333334,829.7708333333334,829.7708333333334,2320.0,39829.0,38,0.7916666666666666,0.8958333333333333,0.4375,12351,0,0,0.0,0.14624250010791212,0.2658954547416584,0.0,0.4121379548495705,0.824275909699141,0,0,0,0,0.0,0.7947721179624665,0.7385408378102503,10660.0,10660.0,1.0,False,301.4479166666667,172.79545454545453
qft_n18.qasm,qft_n18,1,reservation_reset__random_allocation__cq2__ten4__res500__reset0__noepr__global__per_operation,reservation_reset,random_allocation,2,4,500,0,False,global,per_operation,64,48,False,False,False,False,0,0,0.0,0.0,0.0,0.0,0.0,0.0,0,0.0,0.5,0.020833333333333332,2805,0,0,0.0,0.14513987062502678,0.0,0.0,0.4159619586171443,0.5611018292421711,0,0,0,0,0.0,0.7947721179624665,0.2523523369503831,3745.0,3860.0,1.0307076101468624,False,561.78125,103.78787878787878
qft_n18.qasm,qft_n18,1,reservation_reset__random_allocation__cq2__ten4__res500__reset50__noepr__global__per_operation,reservation_reset,random_allocation,2,4,500,50,False,global,per_operation,64,48,False,False,False,False,0,0,0.0,0.0,0.0,0.0,0.0,0.0,0,0.0,0.5,0.08333333333333333,9039,0,0,0.0,0.15634517766497463,0.07106598984771574,0.0,0.4999446239040148,0.7273557914167051,0,0,0,0,0.0,0.7947721179624665,0.2508195244311684,5423.0,6063.0,1.1180158583809698,False,508.0625,107.29545454545455
qft_n18.qasm,qft_n18,1,reservation_reset__random_allocation__cq2__ten4__res500__reset200__noepr__global__per_operation,reservation_reset,random_allocation,2,4,500,200,False,global,per_operation,64,48,False,False,False,False,0,0,0.0,0.0,0.0,0.0,0.0,0.0,0,0.0,0.5,0.08333333333333333,15518,0,5,0.032467532467532464,0.13966766084363016,0.253941201533873,0.0,0.5589262888794205,0.9525351512569238,0,0,0,0,0.0,0.7627112821217534,0.25031473264385173,9740.0,10660.0,1.0944558521560575,False,340.0,182.34848484848484
qft_n18.qasm,qft_n18,1,reservation_reset__random_allocation__cq2__ten4__res2000__reset0__noepr__global__per_operation,reservation_reset,random_allocation,2,4,2000,0,False,global,per_operation,64,48,False,False,False,False,0,0,0.0,0.0,0.0,0.0,0.0,0.0,0,0.0,0.5,0.0,4231,0,10,0.06493506493506493,0.12677070828331333,0.0,0.0,0.5671748699479792,0.6939455782312925,0,0,0,0,0.0,0.7240223463687151,0.25194566386999845,3745.0,3860.0,1.0307076101468624,False,538.125,103.78787878787878
qft_n18.qasm,qft_n18,1,reservation_reset__random_allocation__cq2__ten4__res2000__reset50__noepr__global__per_operation,reservation_reset,random_allocation,2,4,2000,50,False,global,per_operation,64,48,False,False,False,False,0,34,0.0,0.0,0.0,0.0,0.0,0.0,0,0.0,0.5,0.0,13010,0,40,0.2597402597402597,0.09996014348345955,0.045436428856117976,0.0,0.5746273415703468,0.7200239139099243,0,0,0,0,0.0,0.8279816513761468,0.2613629547433153,10200.0,5080.0,0.4980392156862745,True,480.9375,174.84848484848484
qft_n18.qasm,qft_n18,1,reservation_reset__random_allocation__cq2__ten4__res2000__reset200__noepr__global__per_operation,reservation_reset,random_allocation,2,4,2000,200,False,global,per_operation,64,48,False,False,False,False,0,0,0.0,0.0,0.0,0.0,0.0,0.0,0,0.0,0.5,0.0,13734,0,11,0.07142857142857142,0.11415094339622642,0.20754716981132076,0.0,0.607677793904209,0.9293759071117562,0,0,0,0,0.0,0.7195285010555946,0.25037337418845856,9740.0,10660.0,1.0944558521560575,False,331.25,182.34848484848484
qft_n18.qasm,qft_n18,2,reservation_reset__random_allocation__cq2__ten4__res0__reset0__noepr__global__per_operation,reservation_reset,random_allocation,2,4,0,0,False,global,per_operation,64,48,False,False,False,False,0,0,0.0,0.041666666666666664,0.041666666666666664,0.041666666666666664,2.0,2.0,1,0.020833333333333332,0.5104166666666666,0.10416666666666667,2018,0,0,0.0,0.14936954413191075,0.0,0.0,0.14936954413191075,0.2987390882638215,0,0,0,0,0.0,0.7947721179624665,0.345792437485034,3760.0,3830.0,1.0186170212765957,False,538.2291666666666,87.1969696969697
qft_n18.qasm,qft_n18,2,reservation_reset__random_allocation__cq2__ten4__res0__reset50__noepr__global__per_operation,reservation_reset,random_allocation,2,4,0,50,False,global,per_operation,64,48,False,False,False,False,0,0,0.0,15.208333333333334,15.208333333333334,15.208333333333334,260.0,730.0,7,0.14583333333333334,0.5729166666666666,0.125,4774,0,0,0.0,0.14838822704975474,0.06744919411352487,0.0,0.2158374211632796,0.4316748423265592,0,0,0,0,0.0,0.7947721179624665,0.46596593073743414,5320.0,5340.0,1.0037593984962405,False,488.2083333333333,101.68181818181819
qft_n18.qasm,qft_n18,2,reservation_reset__random_allocation__cq2__ten4__res0__reset200__noepr__global__per_operation,reservation_reset,random_allocation,2,4,0,200,False,global,per_operation,64,48,False,False,False,False,0,0,27.395833333333332,1086.9166666666667,1059.5208333333333,1059.5208333333333,2328.0,50857.0,39,0.8125,0.90625,0.3125,12056,0,0,0.0,0.1472915398660986,0.2678027997565429,0.0,0.41509433962264153,0.8301886792452831,0,0,0,0,0.0,0.7947721179624665,0.8268303023973169,10040.0,10040.0,1.0,False,301.4479166666667,153.90151515151516
qft_n18.qasm,qft_n18,2,reservation_reset__random_allocation__cq2__ten4__res500__reset0__noepr__global__per_operation,reservation_reset,random_allocation,2,4,500,0,False,global,per_operation,64,48,False,False,False,False,0,0,0.0,0.0,0.0,0.0,0.0,0.0,0,0.0,0.5,0.1875,4898,0,0,0.0,0.14766387726638772,0.0,0.0,0.44871426080892607,0.5963781380753138,0,0,0,0,0.0,0.7947721179624665,0.25236113468924937,3745.0,6048.0,1.6149532710280374,False,542.8333333333334,82.51515151515152
qft_n18.qasm,qft_n18,2,reservation_reset__random_allocation__cq2__ten4__res500__reset50__noepr__global__per_operation,reservation_reset,random_allocation,2,4,500,50,False,global,per_operation,64,48,False,False,False,False,0,0,0.0,0.0,0.0,0.0,0.0,0.0,0,0.0,0.5,0.25,7302,0,0,0.0,0.1495937831155069,0.06799717414341222,0.0,0.4715648180854822,0.6891557753444013,0,0,0,0,0.0,0.7947721179624665,0.2510504181327684,5090.0,5560.0,1.0923379174852652,False,503.1041666666667,116.43939393939394
qft_n18.qasm,qft_n18,2,reservation_reset__random_allocation__cq2__ten4__res500__reset200__noepr__global__per_operation,reservation_reset,random_allocation,2,4,500,200,False,global,per_operation,64,48,False,False,False,False,0,0,0.0,0.0,0.0,0.0,0.0,0.0,0,0.0,0.5,0.5625,13416,0,6,0.03896103896103896,0.13873029399233064,0.25223689816787387,0.0,0.5415423945462292,0.9325095867064337,0,0,0,0,0.0,0.7565625863498204,0.25045065002769284,9740.0,10660.0,1.0944558521560575,False,344.375,182.34848484848484
qft_n18.qasm,qft_n18,2,reservation_reset__random_allocation__cq2__ten4__res2000__reset0__noepr__global__per_operation,reservation_reset,random_allocation,2,4,2000,0,False,global,per_operation,64,48,False,False,False,False,0,0,0.0,0.0,0.0,0.0,0.0,0.0,0,0.0,0.5,0.4791666666666667,6257,0,5,0.032467532467532464,0.1283476898981989,0.0,0.0,0.5622631166797181,0.690610806577917,0,0,0,0,0.0,0.7618737131091283,0.25075639566615165,4650.0,5970.0,1.2838709677419355,False,533.75,126.06060606060606
qft_n18.qasm,qft_n18,2,reservation_reset__random_allocation__cq2__ten4__res2000__reset50__noepr__global__per_operation,reservation_reset,random_allocation,2,4,2000,50,False,global,per_operation,64,48,False,False,False,False,0,0,0.0,0.0,0.0,0.0,0.0,0.0,0,0.0,0.5,0.0,7901,0,1,0.006493506493506494,0.12864513663290655,0.058475062105866615,0.0,0.5845939231798204,0.7717141219185936,0,0,0,0,0.0,0.7886066567847999,0.2507438935444299,5090.0,5560.0,1.0923379174852652,False,476.5625,116.43939393939394
qft_n18.qasm,qft_n18,2,reservation_reset__random_allocation__cq2__ten4__res2000__reset200__noepr__global__per_operation,reservation_reset,random_allocation,2,4,2000,200,False,global,per_operation,64,48,False,False,False,False,0,10,0.0,0.0,0.0,0.0,0.0,0.0,0,0.0,0.5,0.0,14358,0,20,0.12987012987012986,0.10577682095443129,0.19232149264442053,0.0,0.6269752421959096,0.9250735557947614,0,0,0,0,0.0,0.7618805159538357,0.2504361859032324,10050.0,13618.0,1.3550248756218906,True,344.375,155.6969696969697
sat_n11.qasm,sat_n11,0,reservation_reset__random_allocation__cq2__ten4__res0__reset0__noepr__global__per_operation,reservation_reset,random_allocation,2,4,0,0,False,global,per_operation,64,48,False,False,False,False,0,0,0.4166666666666667,2.0833333333333335,1.6666666666666667,1.6666666666666667,75.0,80.0,2,0.041666666666666664,0.5208333333333334,0.020833333333333332,1816,0,0,0.0,0.11876360470178493,0.0,0.0,0.11876360470178493,0.23752720940356986,0,0,0,0,0.0,0.8736363636363637,0.4020615563701736,2135.0,2135.0,1.0,False,513.53125,133.84722222222223
sat_n11.qasm,sat_n11,0,reservation_reset__random_allocation__cq2__ten4__res0__reset50__noepr__global__per_operation,reservation_reset,random_allocation,2,4,0,50,False,global,per_operation,64,48,False,False,False,False,0,0,0.9166666666666666,6.75,5.833333333333333,5.833333333333333,160.0,280.0,3,0.0625,0.53125,0.0625,2829,0,0,0.0,0.12095415447370754,0.05497916112441252,0.0,0.17593331559812006,0.3518666311962401,0,0,0,0,0.0,0.8736363636363637,0.6374046405815894,2936.0,2936.0,1.0,False,528.1041666666666,121.11111111111111
sat_n11.qasm,sat_n11,0,reservation_reset__random_allocation__cq2__ten4__res0__reset200__noepr__global__per_operation,reservation_reset,random_allocation,2,4,0,200,False,global,per_operation,64,48,False,False,False,False,0,0,41.541666666666664,227.5,185.95833333333334,185.95833333333334,1375.0,8926.0,16,0.3333333333333333,0.6666666666666666,0.20833333333333334,4401,0,0,0.0,0.1185623017080273,0.21556782128732235,0.0,0.33413012299534967,0.6682602459906993,0,0,0,0,0.0,0.8736363636363637,0.6379360340300658,5740.0,5925.0,1.0322299651567943,False,333.5416666666667,209.29166666666666
sat_n11.qasm,sat_n11,0,reservation_reset__random_allocation__cq2__ten4__res500__reset0__noepr__global__per_operation,reservation_reset,random_allocation,2,4,500,0,False,global,per_operation,64,48,False,False,False,False,0,0,0.0,0.0,0.0,0.0,0.0,0.0,0,0.0,0.5,0.125,1863,0,0,0.0,0.11605053813757604,0.0,0.0,0.4132130854639044,0.5292636236014804,0,0,0,0,0.0,0.8736363636363637,0.25450266514400677,2030.0,2030.0,1.0,False,547.7708333333334,137.70833333333334
sat_n11.qasm,sat_n11,0,reservation_reset__random_allocation__cq2__ten4__res500__reset50__noepr__global__per_operation,reservation_reset,random_allocation,2,4,500,50,False,global,per_operation,64,48,False,False,False,False,0,0,0.0,0.0,0.0,0.0,0.0,0.0,0,0.0,0.5,0.3125,3635,0,0,0.0,0.12594063062647154,0.0572457411938507,0.0,0.4592354923595402,0.6424218641798625,0,0,0,0,0.0,0.8736363636363637,0.25170415293382004,2880.0,2880.0,1.0,False,513.7395833333334,160.625
sat_n11.qasm,sat_n11,0,reservation_reset__random_allocation__cq2__ten4__res500__reset200__noepr__global__per_operation,reservation_reset,random_allocation,2,4,500,200,False,global,per_operation,64,48,False,False,False,False,0,0,0.0,0.0,0.0,0.0,0.0,0.0,0,0.0,0.5,0.2708333333333333,6704,0,0,0.0,0.12022917584839136,0.21859850154252974,0.0,0.5211414720141031,0.8599691494050242,0,0,0,0,0.0,0.8736363636363637,0.2504970085061386,5430.0,8606.0,1.5848987108655617,False,344.375,169.16666666666666
sat_n11.qasm,sat_n11,0,reservation_reset__random_allocation__cq2__ten4__res2000__reset0__noepr__global__per_operation,reservation_reset,random_allocation,2,4,2000,0,False,global,per_operation,64,48,False,False,False,False,0,0,0.0,0.0,0.0,0.0,0.0,0.0,0,0.0,0.5,0.0,2859,0,2,0.016129032258064516,0.10740296118447379,0.0,0.0,0.5379071628651461,0.6453101240496198,0,0,0,0,0.0,0.86054579093432,0.25140329550945273,2030.0,2030.0,1.0,False,538.125,137.70833333333334
sat_n11.qasm,sat_n11,0,reservation_reset__random_allocation__cq2__ten4__res2000__reset50__noepr__global__per_operation,reservation_reset,random_allocation,2,4,2000,50,False,global,per_operation,64,48,False,False,False,False,0,0,0.0,0.0,0.0,0.0,0.0,0.0,0,0.0,0.5,0.0,5001,0,0,0.0,0.10735930735930736,0.048799685163321525,0.0,0.5496615505706415,0.7058205430932704,0,0,0,0,0.0,0.8736363636363637,0.25076360001398157,2880.0,2880.0,1.0,False,489.6875,110.55555555555556
sat_n11.qasm,sat_n11,0,reservation_reset__random_allocation__cq2__ten4__res2000__reset200__noepr__global__per_operation,reservation_reset,random_allocation,2,4,2000,200,False,global,per_operation,64,48,False,False,False,False,0,0,0.0,0.0,0.0,0.0,0.0,0.0,0,0.0,0.5,0.0,6348,0,1,0.008064516129032258,0.09709364908503768,0.17653390742734124,0.0,0.5781449587369932,0.851772515249372,0,0,0,0,0.0,0.8672896124742032,0.25046591628102616,7285.0,8244.0,1.1316403568977351,False,344.375,307.3611111111111
sat_n11.qasm,sat_n11,1,reservation_reset__random_allocation__cq2__ten4__res0__reset0__noepr__global__per_operation,reservation_reset,random_allocation,2,4,0,0,False,global,per_operation,64,48,False,False,False,False,0,0,0.0,3.75,3.75,3.75,95.0,180.0,3,0.0625,0.53125,0.08333333333333333,1638,0,0,0.0,0.11953378319165717,0.0,0.0,0.11953378319165717,0.23906756638331433,0,0,0,0,0.0,0.8736363636363637,0.5389721636422405,2030.0,2030.0,1.0,False,516.9895833333334,136.25
sat_n11.qasm,sat_n11,1,reservation_reset__random_allocation__cq2__ten4__res0__reset50__noepr__global__per_operation,reservation_reset,random_allocation,2,4,0,50,False,global,per_operation,64,48,False,False,False,False,0,0,2.3125,6.229166666666667,3.9166666666666665,3.9166666666666665,180.0,188.0,2,0.041666666666666664,0.5208333333333334,0.08333333333333333,3758,0,0,0.0,0.11907463989524225,0.054124836316019206,0.0,0.17319947621126147,0.34639895242252294,0,0,0,0,0.0,0.8736363636363637,0.49641472311594587,3040.0,3040.0,1.0,False,481.125,149.70833333333334
sat_n11.qasm,sat_n11,1,reservation_reset__random_allocation__cq2__ten4__res0__reset200__noepr__global__per_operation,reservation_reset,random_allocation,2,4,0,200,False,global,per_operation,64,48,False,False,False,False,0,0,29.541666666666668,263.8333333333333,234.29166666666666,234.29166666666666,1748.0,11246.0,16,0.3333333333333333,0.6666666666666666,0.20833333333333334,4716,0,0,0.0,0.12077209137595184,0.21958562068354878,0.0,0.3403577120595006,0.6807154241190012,0,0,0,0,0.0,0.8736363636363637,0.6496526433219357,5688.0,5688.0,1.0,False,345.6770833333333,162.05555555555554
sat_n11.qasm,sat_n11,1,reservation_reset__random_allocation__cq2__ten4__res500__reset0__noepr__global__per_operation,reservation_reset,random_allocation,2,4,500,0,False,global,per_operation,64,48,False,False,False,False,0,0,0.0,0.0,0.0,0.0,0.0,0.0,0,0.0,0.5,0.0,1869,0,0,0.0,0.12221674656153399,0.0,0.0,0.4178173020922002,0.5400340486537342,0,0,0,0,0.0,0.8736363636363637,0.254000060568897,2030.0,2030.0,1.0,False,559.2083333333334,137.70833333333334
sat_n11.qasm,sat_n11,1,reservation_reset__random_allocation__cq2__ten4__res500__reset50__noepr__global__per_operation,reservation_reset,random_allocation,2,4,500,50,False,global,per_operation,64,48,False,False,False,False,0,0,0.0,0.0,0.0,0.0,0.0,0.0,0,0.0,0.5,0.0625,3001,0,0,0.0,0.11607028889928946,0.05275922222694975,0.0,0.4370633536144322,0.6058928647406714,0,0,0,0,0.0,0.8736363636363637,0.25281242157523603,2880.0,2880.0,1.0,False,519.1666666666666,139.72222222222223
sat_n11.qasm,sat_n11,1,reservation_reset__random_allocation__cq2__ten4__res500__reset200__noepr__global__per_operation,reservation_reset,random_allocation,2,4,500,200,False,global,per_operation,64,48,False,False,False,False,0,0,0.0,0.0,0.0,0.0,0.0,0.0,0,0.0,0.5,0.8958333333333334,4846,0,0,0.0,0.11722241320041252,0.21313166036438638,0.0,0.5256531454107941,0.856007218975593,0,0,0,0,0.0,0.8736363636363637,0.2508625576777102,5430.0,6740.0,1.2412523020257826,False,344.375,213.88888888888889
sat_n11.qasm,sat_n11,1,reservation_reset__random_allocation__cq2__ten4__res2000__reset0__noepr__global__per_operation,reservation_reset,random_allocation,2,4,2000,0,False,global,per_operation,64,48,False,False,False,False,0,0,0.0,0.0,0.0,0.0,0.0,0.0,0,0.0,0.5,0.0,3000,0,0,0.0,0.10481020439526663,0.0,0.0,0.5439910865222068,0.6488012909174735,0,0,0,0,0.0,0.8736363636363637,0.25111771933216914,2030.0,2030.0,1.0,False,533.75,137.77777777777777
sat_n11.qasm,sat_n11,1,reservation_reset__random_allocation__cq2__ten4__res2000__reset50__noepr__global__per_operation,reservation_reset,random_allocation,2,4,2000,50,False,global,per_operation,64,48,False,False,False,False,0,0,0.0,0.0,0.0,0.0,0.0,0.0,0,0.0,0.5,0.0,6233,0,5,0.04032258064516129,0.10303030303030303,0.046831955922865015,0.0,0.567737111373475,0.717599370326643,0,0,0,0,0.0,0.8379289940828403,0.2505406248647427,2880.0,6417.0,2.228125,False,489.6875,110.55555555555556
sat_n11.qasm,sat_n11,1,reservation_reset__random_allocation__cq2__ten4__res2000__reset200__noepr__global__per_operation,reservation_reset,random_allocation,2,4,2000,200,False,global,per_operation,64,48,False,False,False,False,0,16,0.0,0.0,0.0,0.0,0.0,0.0,0,0.0,0.5,0.0,8056,0,25,0.20161290322580644,0.0837370242214533,0.1522491349480969,0.0,0.5908996539792387,0.826885813148789,0,0,0,0,0.0,0.7597674418604651,0.2513801585646296,10385.0,6050.0,0.5825710158883004,True,340.0,357.79411764705884
sat_n11.qasm,sat_n11,2,reservation_reset__random_allocation__cq2__ten4__res0__reset0__noepr__global__per_operation,reservation_reset,random_allocation,2,4,0,0,False,global,per_operation,64,48,False,False,False,False,0,0,0.0,3.8541666666666665,3.8541666666666665,3.8541666666666665,100.0,185.0,3,0.0625,0.53125,0.041666666666666664,1830,0,0,0.0,0.12164994425863991,0.0,0.0,0.12164994425863991,0.24329988851727982,0,0,0,0,0.0,0.8736363636363637,0.4550748613372236,2135.0,2135.0,1.0,False,522.2708333333334,122.18055555555556
sat_n11.qasm,sat_n11,2,reservation_reset__random_allocation__cq2__ten4__res0__reset50__noepr__global__per_operation,reservation_reset,random_allocation,2,4,0,50,False,global,per_operation,64,48,False,False,False,False,0,0,2.4583333333333335,13.916666666666666,11.458333333333334,11.458333333333334,435.0,550.0,3,0.0625,0.53125,0.10416666666666667,3197,0,0,0.0,0.11978572055853166,0.054448054799332575,0.0,0.17423377535786422,0.34846755071572844,0,0,0,0,0.0,0.8736363636363637,0.5013816721341197,3035.0,3035.0,1.0,False,514.65625,153.77777777777777
sat_n11.qasm,sat_n11,2,reservation_reset__random_allocation__cq2__ten4__res0__reset200__noepr__global__per_operation,reservation_reset,random_allocation,2,4,0,200,False,global,per_operation,64,48,False,False,False,False,0,0,15.104166666666666,213.95833333333334,198.85416666666666,198.85416666666666,1220.0,9545.0,17,0.3541666666666667,0.6770833333333334,0.3333333333333333,3020,0,0,0.0,0.12571428571428572,0.22857142857142856,0.0,0.35428571428571426,0.7085714285714285,0,0,0,0,0.0,0.8736363636363637,0.7283417116886858,5430.0,5440.0,1.0018416206261511,False,337.6875,171.93055555555554
sat_n11.qasm,sat_n11,2,reservation_reset__random_allocation__cq2__ten4__res500__reset0__noepr__global__per_operation,reservation_reset,random_allocation,2,4,500,0,False,global,per_operation,64,48,False,False,False,False,0,0,0.0,0.0,0.0,0.0,0.0,0.0,0,0.0,0.5,0.10416666666666667,1932,0,0,0.0,0.11880498214441251,0.0,0.0,0.4104215660656737,0.5292265482100862,0,0,0,0,0.0,0.8736363636363637,0.2541509414712452,2030.0,2030.0,1.0,False,552.2291666666666,137.70833333333334
sat_n11.qasm,sat_n11,2,reservation_reset__random_allocation__cq2__ten4__res500__reset50__noepr__global__per_operation,reservation_reset,random_allocation,2,4,500,50,False,global,per_operation,64,48,False,False,False,False,0,0,0.0,0.0,0.0,0.0,0.0,0.0,0,0.0,0.5,0.3125,3058,0,0,0.0,0.11780963897046122,0.05354983589566419,0.0,0.4371653135256521,0.6085247883917775,0,0,0,0,0.0,0.8736363636363637,0.2527528320902288,2880.0,3680.0,1.2777777777777777,False,519.125,139.23611111111111
sat_n11.qasm,sat_n11,2,reservation_reset__random_allocation__cq2__ten4__res500__reset200__noepr__global__per_operation,reservation_reset,random_allocation,2,4,500,200,False,global,per_operation,64,48,False,False,False,False,0,0,0.0,0.0,0.0,0.0,0.0,0.0,0,0.0,0.5,0.7083333333333334,5910,0,0,0.0,0.1133408118326478,0.20607420333208692,0.0,0.5065976982840998,0.8260127134488346,0,0,0,0,0.0,0.8736363636363637,0.25061172441847085,5438.0,7360.0,1.353438764251563,False,340.0,157.36111111111111
sat_n11.qasm,sat_n11,2,reservation_reset__random_allocation__cq2__ten4__res2000__reset0__noepr__global__per_operation,reservation_reset,random_allocation,2,4,2000,0,False,global,per_operation,64,48,False,False,False,False,0,0,0.0,0.0,0.0,0.0,0.0,0.0,0,0.0,0.5,0.0,3429,0,2,0.016129032258064516,0.10904806403120303,0.0,0.0,0.5407792629911022,0.6498273270223053,0,0,0,0,0.0,0.86054579093432,0.25104172727554247,2030.0,2030.0,1.0,False,525.0,137.70833333333334
sat_n11.qasm,sat_n11,2,reservation_reset__random_allocation__cq2__ten4__res2000__reset50__noepr__global__per_operation,reservation_reset,random_allocation,2,4,2000,50,False,global,per_operation,64,48,False,False,False,False,0,0,0.0,0.0,0.0,0.0,0.0,0.0,0,0.0,0.5,0.0,4045,0,0,0.0,0.10271084337349398,0.046686746987951805,0.0,0.5554781626506025,0.7048757530120482,0,0,0,0,0.0,0.8736363636363637,0.2509210553611077,2880.0,2880.0,1.0,False,489.6875,160.69444444444446
sat_n11.qasm,sat_n11,2,reservation_reset__random_allocation__cq2__ten4__res2000__reset200__noepr__global__per_operation,reservation_reset,random_allocation,2,4,2000,200,False,global,per_operation,64,48,False,False,False,False,0,0,0.0,0.0,0.0,0.0,0.0,0.0,0,0.0,0.5,0.0,6207,0,7,0.056451612903225805,0.09533686432830846,0.17333975332419718,0.0,0.5888403274195341,0.8575169450720397,0,0,0,0,0.0,0.8208803070280642,0.2505165613452222,5430.0,5430.0,1.0,False,335.625,229.375
square_root_n18.qasm,square_root_n18,0,reservation_reset__random_allocation__cq2__ten4__res0__reset0__noepr__global__per_operation,reservation_reset,random_allocation,2,4,0,0,False,global,per_operation,64,48,False,False,False,False,0,0,1.375,16.5625,15.1875,15.1875,175.0,729.0,8,0.16666666666666666,0.5833333333333334,0.10416666666666667,11764,0,0,0.0,0.19570905285190998,0.0,0.0,0.19570905285190998,0.39141810570381996,0,0,0,0,0.0,0.6282608695652174,0.5123652756778633,5865.0,5865.0,1.0,False,538.9791666666666,54.241379310344826
square_root_n18.qasm,square_root_n18,0,reservation_reset__random_allocation__cq2__ten4__res0__reset50__noepr__global__per_operation,reservation_reset,random_allocation,2,4,0,50,False,global,per_operation,64,48,False,False,False,False,0,0,0.0,150.625,150.625,150.625,1325.0,7230.0,13,0.2708333333333333,0.6354166666666666,0.2916666666666667,18595,0,0,0.0,0.19490163720849438,0.08859165327658836,0.0,0.2834932904850827,0.5669865809701654,0,0,0,0,0.0,0.6282608695652174,0.6250430019161214,8470.0,8470.0,1.0,False,477.3645833333333,72.90517241379311
square_root_n18.qasm,square_root_n18,0,reservation_reset__random_allocation__cq2__ten4__res0__reset200__noepr__global__per_operation,reservation_reset,random_allocation,2,4,0,200,False,global,per_operation,64,48,False,False,False,False,0,26,20.895833333333332,2882.2916666666665,2861.3958333333335,2861.3958333333335,4130.0,137347.0,47,0.9791666666666666,0.9895833333333333,0.6458333333333334,36556,0,27,0.1323529411764706,0.1760397830018083,0.32007233273056057,0.0,0.4961121157323689,0.9922242314647378,0,0,0,0,0.0,0.701500223914017,0.9332931681543082,12240.0,12240.0,1.0,True,310.0,102.7611111111111
square_root_n18.qasm,square_root_n18,0,reservation_reset__random_allocation__cq2__ten4__res500__reset0__noepr__global__per_operation,reservation_reset,random_allocation,2,4,500,0,False,global,per_operation,64,48,False,False,False,False,0,0,0.0,0.0,0.0,0.0,0.0,0.0,0,0.0,0.5,0.5625,18248,0,0,0.0,0.19461428385586055,0.0,0.0,0.47562117861324316,0.6702354624691037,0,0,0,0,0.0,0.6282608695652174,0.2507157509937374,6085.0,7756.0,1.2746096959737059,False,543.0,60.560344827586206
square_root_n18.qasm,square_root_n18,0,reservation_reset__random_allocation__cq2__ten4__res500__reset50__noepr__global__per_operation,reservation_reset,random_allocation,2,4,500,50,False,global,per_operation,64,48,False,False,False,False,0,0,0.0,0.0,0.0,0.0,0.0,0.0,0,0.0,0.5,0.7916666666666666,27978,0,2,0.00980392156862745,0.1961338158707741,0.08915173448671551,0.0,0.5381366404801836,0.8234221908376732,0,0,0,0,0.0,0.6189176070865187,0.25044926197193584,8470.0,10390.0,1.2266824085005903,False,485.3125,70.3103448275862
square_root_n18.qasm,square_root_n18,0,reservation_reset__random_allocation__cq2__ten4__res500__reset200__noepr__global__per_operation,reservation_reset,random_allocation,2,4,500,200,False,global,per_operation,64,48,False,False,False,False,0,36,0.0,0.0,0.0,0.0,0.0,0.0,0,0.0,0.5,0.2708333333333333,37524,0,48,0.23529411764705882,0.14562736029193363,0.2647770187126066,0.0,0.5974837696779395,1.0078881486824798,0,0,0,0,0.0,0.6688654353562006,0.2503384565459876,12240.0,12240.0,1.0,True,340.0,89.8804347826087
square_root_n18.qasm,square_root_n18,0,reservation_reset__random_allocation__cq2__ten4__res2000__reset0__noepr__global__per_operation,reservation_reset,random_allocation,2,4,2000,0,False,global,per_operation,64,48,False,False,False,False,0,0,0.0,0.0,0.0,0.0,0.0,0.0,0,0.0,0.5,0.5,16756,0,0,0.0,0.17572435395458105,0.0,0.0,0.5954346123727486,0.7711589663273297,0,0,0,0,0.0,0.6282608695652174,0.25053827634525216,5760.0,7190.0,1.2482638888888888,False,538.125,62.866379310344826
square_root_n18.qasm,square_root_n18,0,reservation_reset__random_allocation__cq2__ten4__res2000__reset50__noepr__global__per_operation,reservation_reset,random_allocation,2,4,2000,50,False,global,per_operation,64,48,False,False,False,False,0,30,0.0,0.0,0.0,0.0,0.0,0.0,0,0.0,0.5,0.0,35030,0,36,0.17647058823529413,0.14454438795463434,0.06570199452483379,0.0,0.6417403206883067,0.8519867031677747,0,0,0,0,0.0,0.6863813229571984,0.25034788211300746,11982.0,12462.0,1.0400600901352028,True,489.6875,86.45258620689656
square_root_n18.qasm,square_root_n18,0,reservation_reset__random_allocation__cq2__ten4__res2000__reset200__noepr__global__per_operation,reservation_reset,random_allocation,2,4,2000,200,False,global,per_operation,64,48,False,False,False,False,0,36,0.0,0.0,0.0,0.0,0.0,0.0,0,0.0,0.5,0.0,34362,0,52,0.2549019607843137,0.12271559633027523,0.22311926605504587,0.0,0.6388477064220184,0.9846825688073394,0,0,0,0,0.0,0.6387967263879673,0.2504558653237254,12240.0,12240.0,1.0,True,340.0,121.46739130434783
square_root_n18.qasm,square_root_n18,1,reservation_reset__random_allocation__cq2__ten4__res0__reset0__noepr__global__per_operation,reservation_reset,random_allocation,2,4,0,0,False,global,per_operation,64,48,False,False,False,False,0,0,0.375,12.145833333333334,11.770833333333334,11.770833333333334,175.0,565.0,6,0.125,0.5625,0.1875,11089,0,0,0.0,0.19807573483979168,0.0,0.0,0.19807573483979168,0.39615146967958337,0,0,0,0,0.0,0.6282608695652174,0.44934837537107025,5975.0,5975.0,1.0,False,518.9166666666666,60.03448275862069
square_root_n18.qasm,square_root_n18,1,reservation_reset__random_allocation__cq2__ten4__res0__reset50__noepr__global__per_operation,reservation_reset,random_allocation,2,4,0,50,False,global,per_operation,64,48,False,False,False,False,0,0,0.0,144.66666666666666,144.66666666666666,144.66666666666666,1170.0,6944.0,13,0.2708333333333333,0.6354166666666666,0.2708333333333333,18868,0,0,0.0,0.19545335772145284,0.08884243532793311,0.0,0.28429579304938596,0.5685915860987719,0,0,0,0,0.0,0.6282608695652174,0.592533622456605,8470.0,8470.0,1.0,False,472.7708333333333,73.07327586206897
square_root_n18.qasm,square_root_n18,1,reservation_reset__random_allocation__cq2__ten4__res0__reset200__noepr__global__per_operation,reservation_reset,random_allocation,2,4,0,200,False,global,per_operation,64,48,False,False,False,False,0,26,27.479166666666668,2448.3333333333335,2420.8541666666665,2420.8541666666665,4190.0,116201.0,47,0.9791666666666666,0.9895833333333333,0.375,33299,0,26,0.12745098039215685,0.17019427180668434,0.3094441305576079,0.0,0.4796384023642922,0.9592768047285845,0,0,0,0,0.0,0.7069796501249553,0.925879680884359,12240.0,12240.0,1.0,True,303.5416666666667,107.1
square_root_n18.qasm,square_root_n18,1,reservation_reset__random_allocation__cq2__ten4__res500__reset0__noepr__global__per_operation,reservation_reset,random_allocation,2,4,500,0,False,global,per_operation,64,48,False,False,False,False,0,0,0.0,0.0,0.0,0.0,0.0,0.0,0,0.0,0.5,0.2708333333333333,17081,0,0,0.0,0.19103562763376325,0.0,0.0,0.4786744987868727,0.669710126420636,0,0,0,0,0.0,0.6282608695652174,0.25067575762729166,5760.0,7805.0,1.3550347222222223,False,542.5625,58.422413793103445
square_root_n18.qasm,square_root_n18,1,reservation_reset__random_allocation__cq2__ten4__res500__reset50__noepr__global__per_operation,reservation_reset,random_allocation,2,4,500,50,False,global,per_operation,64,48,False,False,False,False,0,0,0.0,0.0,0.0,0.0,0.0,0.0,0,0.0,0.5,0.4791666666666667,29104,0,5,0.024509803921568627,0.18600501338318393,0.0845477333559927,0.0,0.5146025406806305,0.7851552874198071,0,0,0,0,0.0,0.6045215851499054,0.2505336381793231,8310.0,10390.0,1.2503008423586042,False,485.3125,68.125
square_root_n18.qasm,square_root_n18,1,reservation_reset__random_allocation__cq2__ten4__res500__reset200__noepr__global__per_operation,reservation_reset,random_allocation,2,4,500,200,False,global,per_operation,64,48,False,False,False,False,0,36,0.0,0.0,0.0,0.0,0.0,0.0,0,0.0,0.5,0.6875,38547,0,44,0.21568627450980393,0.1509433962264151,0.274442538593482,0.0,0.6015008576329332,1.0268867924528302,0,0,0,0,0.0,0.6930907515702838,0.2502746377459815,12240.0,12305.0,1.0053104575163399,True,341.0208333333333,87.375
square_root_n18.qasm,square_root_n18,1,reservation_reset__random_allocation__cq2__ten4__res2000__reset0__noepr__global__per_operation,reservation_reset,random_allocation,2,4,2000,0,False,global,per_operation,64,48,False,False,False,False,0,0,0.0,0.0,0.0,0.0,0.0,0.0,0,0.0,0.5,0.0,17241,0,6,0.029411764705882353,0.17430972388955582,0.0,0.0,0.6050820328131252,0.7793917567026811,0,0,0,0,0.0,0.5992296404988995,0.250516706501425,5760.0,7190.0,1.2482638888888888,False,538.125,63.36206896551724
square_root_n18.qasm,square_root_n18,1,reservation_reset__random_allocation__cq2__ten4__res2000__reset50__noepr__global__per_operation,reservation_reset,random_allocation,2,4,2000,50,False,global,per_operation,64,48,False,False,False,False,0,0,0.0,0.0,0.0,0.0,0.0,0.0,0,0.0,0.5,0.0,28437,0,11,0.05392156862745098,0.1670995670995671,0.0759543486816214,0.0,0.6148445493900039,0.8578984651711924,0,0,0,0,0.0,0.5746528849120642,0.2504139155181947,8310.0,10390.0,1.2503008423586042,False,485.3125,79.24568965517241
square_root_n18.qasm,square_root_n18,1,reservation_reset__random_allocation__cq2__ten4__res2000__reset200__noepr__global__per_operation,reservation_reset,random_allocation,2,4,2000,200,False,global,per_operation,64,48,False,False,False,False,0,36,0.0,0.0,0.0,0.0,0.0,0.0,0,0.0,0.5,0.0,35798,0,49,0.24019607843137256,0.12940685362984328,0.23528518841789686,0.0,0.6497931767295358,1.014485218777276,0,0,0,0,0.0,0.6562056156451437,0.2502753357094979,12240.0,12240.0,1.0,True,344.375,121.46739130434783
square_root_n18.qasm,square_root_n18,2,reservation_reset__random_allocation__cq2__ten4__res0__reset0__noepr__global__per_operation,reservation_reset,random_allocation,2,4,0,0,False,global,per_operation,64,48,False,False,False,False,0,0,0.875,22.854166666666668,21.979166666666668,21.979166666666668,305.0,1055.0,7,0.14583333333333334,0.5729166666666666,0.14583333333333334,8964,0,0,0.0,0.203168854685378,0.0,0.0,0.203168854685378,0.406337709370756,0,0,0,0,0.0,0.6282608695652174,0.534089888441592,5865.0,5865.0,1.0,False,537.0208333333334,52.702586206896555
square_root_n18.qasm,square_root_n18,2,reservation_reset__random_allocation__cq2__ten4__res0__reset50__noepr__global__per_operation,reservation_reset,random_allocation,2,4,0,50,False,global,per_operation,64,48,False,False,False,False,0,0,0.5208333333333334,82.14583333333333,81.625,81.625,785.0,3918.0,14,0.2916666666666667,0.6458333333333334,0.25,22163,0,0,0.0,0.1953682744210343,0.08880376110047014,0.0,0.28417203552150444,0.5683440710430089,0,0,0,0,0.0,0.6282608695652174,0.5556687389865316,8625.0,8625.0,1.0,False,464.3958333333333,70.3103448275862
square_root_n18.qasm,square_root_n18,2,reservation_reset__random_allocation__cq2__ten4__res0__reset200__noepr__global__per_operation,reservation_reset,random_allocation,2,4,0,200,False,global,per_operation,64,48,False,False,False,False,0,24,29.458333333333332,2758.9583333333335,2729.5,2729.5,4767.0,131016.0,47,0.9791666666666666,0.9895833333333333,0.6041666666666666,35534,0,26,0.12745098039215685,0.16998003298897474,0.30905460543449953,0.0,0.47903463842347427,0.9580692768469485,0,0,0,0,0.0,0.6892620953706926,0.954527412258399,12240.0,12240.0,1.0,True,303.5416666666667,95.66304347826087
square_root_n18.qasm,square_root_n18,2,reservation_reset__random_allocation__cq2__ten4__res500__reset0__noepr__global__per_operation,reservation_reset,random_allocation,2,4,500,0,False,global,per_operation,64,48,False,False,False,False,0,0,0.0,0.0,0.0,0.0,0.0,0.0,0,0.0,0.5,0.4791666666666667,15514,0,0,0.0,0.18852390153742754,0.0,0.0,0.472578341594556,0.6611022431319835,0,0,0,0,0.0,0.6282608695652174,0.2510740832307355,5760.0,7190.0,1.2482638888888888,False,529.7395833333334,63.36206896551724
square_root_n18.qasm,square_root_n18,2,reservation_reset__random_allocation__cq2__ten4__res500__reset50__noepr__global__per_operation,reservation_reset,random_allocation,2,4,500,50,False,global,per_operation,64,48,False,False,False,False,0,0,0.0,0.0,0.0,0.0,0.0,0.0,0,0.0,0.5,0.3541666666666667,27328,0,3,0.014705882352941176,0.19113896693321808,0.08688134860600821,0.0,0.5376053598443916,0.8156256753836179,0,0,0,0,0.0,0.6140342877986503,0.2505254398698084,8310.0,10390.0,1.2503008423586042,False,489.6875,79.95689655172414
square_root_n18.qasm,square_root_n18,2,reservation_reset__random_allocation__cq2__ten4__res500__reset200__noepr__global__per_operation,reservation_reset,random_allocation,2,4,500,200,False,global,per_operation,64,48,False,False,False,False,0,36,0.0,0.0,0.0,0.0,0.0,0.0,0,0.0,0.5,0.125,37047,0,47,0.23039215686274508,0.1472167760634217,0.26766686556985764,0.0,0.5982098712812207,1.0130935129145,0,0,0,0,0.0,0.6744281492831345,0.2503513522803362,12240.0,12240.0,1.0,True,344.375,97.8913043478261
square_root_n18.qasm,square_root_n18,2,reservation_reset__random_allocation__cq2__ten4__res2000__reset0__noepr__global__per_operation,reservation_reset,random_allocation,2,4,2000,0,False,global,per_operation,64,48,False,False,False,False,0,38,0.0,0.0,0.0,0.0,0.0,0.0,0,0.0,0.5,0.0,20543,0,43,0.2107843137254902,0.1380896686159844,0.0,0.0,0.618187134502924,0.7562768031189084,0,0,0,0,0.0,0.7196279844530816,0.2504626375935638,7190.0,12372.0,1.7207232267037553,True,538.125,55.581896551724135
square_root_n18.qasm,square_root_n18,2,reservation_reset__random_allocation__cq2__ten4__res2000__reset50__noepr__global__per_operation,reservation_reset,random_allocation,2,4,2000,50,False,global,per_operation,64,48,False,False,False,False,0,0,0.0,0.0,0.0,0.0,0.0,0.0,0,0.0,0.5,0.4583333333333333,29414,0,8,0.0392156862745098,0.1718612993224392,0.07811877241929055,0.0,0.627720207253886,0.8777002789956158,0,0,0,0,0.0,0.5899262899262899,0.2503461581340126,8310.0,10390.0,1.2503008423586042,False,489.6875,78.57758620689656
square_root_n18.qasm,square_root_n18,2,reservation_reset__random_allocation__cq2__ten4__res2000__reset200__noepr__global__per_operation,reservation_reset,random_allocation,2,4,2000,200,False,global,per_operation,64,48,False,False,False,False,0,36,0.0,0.0,0.0,0.0,0.0,0.0,0,0.0,0.5,0.0,33806,0,47,0.23039215686274508,0.12393254395407248,0.2253318980983136,0.0,0.6339899533548619,0.9832543954072479,0,0,0,0,0.0,0.6750191696790449,0.250319832372668,12240.0,12240.0,1.0,True,340.0,121.44021739130434
bv_n19.qasm,bv_n19,0,reservation_reset__round_robin__cq2__ten4__res0__reset0__noepr__global__per_operation,reservation_reset,round_robin,2,4,0,0,False,global,per_operation,64,48,False,False,False,False,0,0,1.8333333333333333,1.8333333333333333,0.0,0.0,0.0,0.0,0,0.0,0.5,0.9791666666666666,222,0,0,0.0,0.0956604922167145,0.0,0.0,0.0956604922167145,0.191320984433429,0,0,0,0,0.0,0.7697044334975369,0.5064992593525752,870.0,870.0,1.0,False,596.8645833333334,313.625
bv_n19.qasm,bv_n19,0,reservation_reset__round_robin__cq2__ten4__res0__reset50__noepr__global__per_operation,reservation_reset,round_robin,2,4,0,50,False,global,per_operation,64,48,False,False,False,False,0,0,2.7083333333333335,2.7083333333333335,0.0,0.0,0.0,0.0,0,0.0,0.5,0.020833333333333332,280,0,0,0.0,0.09614964380927407,0.04370438354967003,0.0,0.1398540273589441,0.2797080547178882,0,0,0,0,0.0,0.7697044334975369,0.5598703941475619,1043.0,1043.0,1.0,False,526.9166666666666,243.29166666666666
bv_n19.qasm,bv_n19,0,reservation_reset__round_robin__cq2__ten4__res0__reset200__noepr__global__per_operation,reservation_reset,round_robin,2,4,0,200,False,global,per_operation,64,48,False,False,False,False,0,0,24.541666666666668,48.666666666666664,24.125,24.125,503.0,1158.0,3,0.0625,0.53125,0.020833333333333332,421,0,0,0.0,0.09744430172299243,0.17717145767816805,0.0,0.27461575940116045,0.5492315188023209,0,0,0,0,0.0,0.7697044334975369,0.7480116949146773,1765.0,1765.0,1.0,False,378.0416666666667,372.625
bv_n19.qasm,bv_n19,0,reservation_reset__round_robin__cq2__ten4__res500__reset0__noepr__global__per_operation,reservation_reset,round_robin,2,4,500,0,False,global,per_operation,64,48,False,False,False,False,0,0,0.0,0.0,0.0,0.0,0.0,0.0,0,0.0,0.5,0.020833333333333332,650,0,0,0.0,0.09489712289177414,0.0,0.0,0.4100504680153561,0.5049475909071303,0,0,0,0,0.0,0.7697044334975369,0.2543680661606341,1722.0,1722.0,1.0,False,593.6354166666666,233.0
bv_n19.qasm,bv_n19,0,reservation_reset__round_robin__cq2__ten4__res500__reset50__noepr__global__per_operation,reservation_reset,round_robin,2,4,500,50,False,global,per_operation,64,48,False,False,False,False,0,0,0.0,0.0,0.0,0.0,0.0,0.0,0,0.0,0.5,0.020833333333333332,522,0,0,0.0,0.09361702127659574,0.0425531914893617,0.0,0.4350468085106383,0.5712170212765958,0,0,0,0,0.0,0.7697044334975369,0.2547973392114756,1015.0,1015.0,1.0,False,528.625,342.2916666666667
bv_n19.qasm,bv_n19,0,reservation_reset__round_robin__cq2__ten4__res500__reset200__noepr__global__per_operation,reservation_reset,round_robin,2,4,500,200,False,global,per_operation,64,48,False,False,False,False,0,0,0.0,0.0,0.0,0.0,0.0,0.0,0,0.0,0.5,0.4791666666666667,992,0,0,0.0,0.09217362158538629,0.16758840288252053,0.0,0.5093514328808446,0.7691134573487515,0,0,0,0,0.0,0.7697044334975369,0.25183771212699363,1765.0,1765.0,1.0,False,360.8854166666667,404.7916666666667
bv_n19.qasm,bv_n19,0,reservation_reset__round_robin__cq2__ten4__res2000__reset0__noepr__global__per_operation,reservation_reset,round_robin,2,4,2000,0,False,global,per_operation,64,48,False,False,False,False,0,0,0.0,0.0,0.0,0.0,0.0,0.0,0,0.0,0.5,0.0,1341,0,0,0.0,0.08803521408563425,0.0,0.0,0.561188475390156,0.6492236894757903,0,0,0,0,0.0,0.7697044334975369,0.2528477619296109,765.0,765.0,1.0,False,538.125,321.4583333333333
bv_n19.qasm,bv_n19,0,reservation_reset__round_robin__cq2__ten4__res2000__reset50__noepr__global__per_operation,reservation_reset,round_robin,2,4,2000,50,False,global,per_operation,64,48,False,False,False,False,0,0,0.0,0.0,0.0,0.0,0.0,0.0,0,0.0,0.5,0.5,1465,0,0,0.0,0.08712871287128712,0.039603960396039604,0.0,0.5711485148514851,0.6978811881188118,0,0,0,0,0.0,0.7697044334975369,0.25209663924686315,1015.0,1015.0,1.0,False,489.6875,342.2916666666667
bv_n19.qasm,bv_n19,0,reservation_reset__round_robin__cq2__ten4__res2000__reset200__noepr__global__per_operation,reservation_reset,round_robin,2,4,2000,200,False,global,per_operation,64,48,False,False,False,False,0,0,0.0,0.0,0.0,0.0,0.0,0.0,0,0.0,0.5,0.5,2453,0,1,0.01,0.07607404820118757,0.13831645127488648,0.0,0.5526091512399581,0.7669996507160322,0,0,0,0,0.0,0.7635556248052353,0.2509837566297471,1765.0,1765.0,1.0,False,344.375,404.7916666666667
bv_n19.qasm,bv_n19,1,reservation_reset__round_robin__cq2__ten4__res0__reset0__noepr__global__per_operation,reservation_reset,round_robin,2,4,0,0,False,global,per_operation,64,48,False,False,False,False,0,0,0.0,0.0,0.0,0.0,0.0,0.0,0,0.0,0.5,0.9583333333333334,184,0,0,0.0,0.09588563458856346,0.0,0.0,0.09588563458856346,0.19177126917712692,0,0,0,0,0.0,0.7697044334975369,0.3325220653906686,765.0,765.0,1.0,False,599.5,321.4583333333333
bv_n19.qasm,bv_n19,1,reservation_reset__round_robin__cq2__ten4__res0__reset50__noepr__global__per_operation,reservation_reset,round_robin,2,4,0,50,False,global,per_operation,64,48,False,False,False,False,0,0,0.2708333333333333,0.2708333333333333,0.0,0.0,0.0,0.0,0,0.0,0.5,0.041666666666666664,316,0,0,0.0,0.09568545581071677,0.04349338900487126,0.0,0.13917884481558804,0.2783576896311761,0,0,0,0,0.0,0.7697044334975369,0.37137783590543944,1015.0,1015.0,1.0,False,532.1979166666666,332.0416666666667
bv_n19.qasm,bv_n19,1,reservation_reset__round_robin__cq2__ten4__res0__reset200__noepr__global__per_operation,reservation_reset,round_robin,2,4,0,200,False,global,per_operation,64,48,False,False,False,False,0,0,36.291666666666664,50.270833333333336,13.979166666666666,13.979166666666666,247.0,671.0,5,0.10416666666666667,0.5520833333333334,0.020833333333333332,497,0,0,0.0,0.09913929070343833,0.18025325582443333,0.0,0.27939254652787165,0.5587850930557433,0,0,0,0,0.0,0.7697044334975369,0.6581193759946453,1765.0,1765.0,1.0,False,375.3958333333333,330.5
bv_n19.qasm,bv_n19,1,reservation_reset__round_robin__cq2__ten4__res500__reset0__noepr__global__per_operation,reservation_reset,round_robin,2,4,500,0,False,global,per_operation,64,48,False,False,False,False,0,0,0.0,0.0,0.0,0.0,0.0,0.0,0,0.0,0.5,0.14583333333333334,410,0,0,0.0,0.09455858334049687,0.0,0.0,0.41889882231582565,0.5134574056563226,0,0,0,0,0.0,0.7697044334975369,0.2559199199645549,765.0,1576.0,2.060130718954248,False,577.8645833333334,252.5
bv_n19.qasm,bv_n19,1,reservation_reset__round_robin__cq2__ten4__res500__reset50__noepr__global__per_operation,reservation_reset,round_robin,2,4,500,50,False,global,per_operation,64,48,False,False,False,False,0,0,0.0,0.0,0.0,0.0,0.0,0.0,0,0.0,0.5,0.0,670,0,0,0.0,0.09455451927622814,0.042979326943740064,0.0,0.44383031761722613,0.5813641638371944,0,0,0,0,0.0,0.7697044334975369,0.2542283408072344,1015.0,1015.0,1.0,False,529.6145833333334,262.9166666666667
bv_n19.qasm,bv_n19,1,reservation_reset__round_robin__cq2__ten4__res500__reset200__noepr__global__per_operation,reservation_reset,round_robin,2,4,500,200,False,global,per_operation,64,48,False,False,False,False,0,0,0.0,0.0,0.0,0.0,0.0,0.0,0,0.0,0.5,0.020833333333333332,947,0,0,0.0,0.09470104601609917,0.17218372002927124,0.0,0.5230209633679136,0.789905729413284,0,0,0,0,0.0,0.7697044334975369,0.2521553024526768,1765.0,1765.0,1.0,False,344.375,404.7916666666667
bv_n19.qasm,bv_n19,1,reservation_reset__round_robin__cq2__ten4__res2000__reset0__noepr__global__per_operation,reservation_reset,round_robin,2,4,2000,0,False,global,per_operation,64,48,False,False,False,False,0,0,0.0,0.0,0.0,0.0,0.0,0.0,0,0.0,0.5,0.5,854,0,0,0.0,0.08540372670807453,0.0,0.0,0.5663159937888199,0.6517197204968944,0,0,0,0,0.0,0.7697044334975369,0.2529378384543011,765.0,765.0,1.0,False,538.125,321.4583333333333
bv_n19.qasm,bv_n19,1,reservation_reset__round_robin__cq2__ten4__res2000__reset50__noepr__global__per_operation,reservation_reset,round_robin,2,4,2000,50,False,global,per_operation,64,48,False,False,False,False,0,0,0.0,0.0,0.0,0.0,0.0,0.0,0,0.0,0.5,0.5,2113,0,1,0.01,0.08444478908188585,0.03838399503722084,0.0,0.5623604218362283,0.685189205955335,0,0,0,0,0.0,0.7635556248052353,0.25188147687284523,1015.0,1015.0,1.0,False,489.6875,342.2916666666667
bv_n19.qasm,bv_n19,1,reservation_reset__round_robin__cq2__ten4__res2000__reset200__noepr__global__per_operation,reservation_reset,round_robin,2,4,2000,200,False,global,per_operation,64,48,False,False,False,False,0,0,0.0,0.0,0.0,0.0,0.0,0.0,0,0.0,0.5,0.0,2211,0,2,0.02,0.08389105058365759,0.15252918287937745,0.0,0.5827354085603113,0.8191556420233463,0,0,0,0,0.0,0.7569356872635561,0.2506991805634472,1765.0,5242.0,2.969971671388102,False,344.375,294.1666666666667
bv_n19.qasm,bv_n19,2,reservation_reset__round_robin__cq2__ten4__res0__reset0__noepr__global__per_operation,reservation_reset,round_robin,2,4,0,0,False,global,per_operation,64,48,False,False,False,False,0,0,0.0,0.0,0.0,0.0,0.0,0.0,0,0.0,0.5,0.0,157,0,0,0.0,0.10482679754133511,0.0,0.0,0.10482679754133511,0.20965359508267023,0,0,0,0,0.0,0.7697044334975369,0.6850413821155084,765.0,765.0,1.0,False,570.4583333333334,321.4583333333333
bv_n19.qasm,bv_n19,2,reservation_reset__round_robin__cq2__ten4__res0__reset50__noepr__global__per_operation,reservation_reset,round_robin,2,4,0,50,False,global,per_operation,64,48,False,False,False,False,0,0,0.0,0.0,0.0,0.0,0.0,0.0,0,0.0,0.5,0.9791666666666666,305,0,0,0.0,0.09669904619577162,0.043954111907168913,0.0,0.14065315810294052,0.28130631620588104,0,0,0,0,0.0,0.7697044334975369,0.35233159698607064,1015.0,1015.0,1.0,False,521.8541666666666,333.5
bv_n19.qasm,bv_n19,2,reservation_reset__round_robin__cq2__ten4__res0__reset200__noepr__global__per_operation,reservation_reset,round_robin,2,4,0,200,False,global,per_operation,64,48,False,False,False,False,0,0,29.479166666666668,90.14583333333333,60.666666666666664,60.666666666666664,890.0,2912.0,6,0.125,0.5625,0.8125,589,0,0,0.0,0.09499546612548038,0.17271902931905522,0.0,0.2677144954445356,0.5354289908890713,0,0,0,0,0.0,0.7697044334975369,0.5164334905089882,2070.0,2070.0,1.0,False,373.0520833333333,294.5833333333333
bv_n19.qasm,bv_n19,2,reservation_reset__round_robin__cq2__ten4__res500__reset0__noepr__global__per_operation,reservation_reset,round_robin,2,4,500,0,False,global,per_operation,64,48,False,False,False,False,0,0,0.0,0.0,0.0,0.0,0.0,0.0,0,0.0,0.5,0.020833333333333332,369,0,0,0.0,0.09391675560298826,0.0,0.0,0.40790608324439703,0.5018228388473853,0,0,0,0,0.0,0.7697044334975369,0.2557363693426574,765.0,765.0,1.0,False,576.0729166666666,321.4583333333333
bv_n19.qasm,bv_n19,2,reservation_reset__round_robin__cq2__ten4__res500__reset50__noepr__global__per_operation,reservation_reset,round_robin,2,4,500,50,False,global,per_operation,64,48,False,False,False,False,0,0,0.0,0.0,0.0,0.0,0.0,0.0,0,0.0,0.5,0.0,741,0,0,0.0,0.09391274652095961,0.042687612054981644,0.0,0.4439340903269871,0.5805344489029284,0,0,0,0,0.0,0.7697044334975369,0.2535121402468665,1490.0,1884.0,1.2644295302013422,False,515.9375,290.3333333333333
bv_n19.qasm,bv_n19,2,reservation_reset__round_robin__cq2__ten4__res500__reset200__noepr__global__per_operation,reservation_reset,round_robin,2,4,500,200,False,global,per_operation,64,48,False,False,False,False,0,0,0.0,0.0,0.0,0.0,0.0,0.0,0,0.0,0.5,0.041666666666666664,952,0,0,0.0,0.09403316806291674,0.17096939647803044,0.0,0.5118823730552231,0.7768849375961703,0,0,0,0,0.0,0.7697044334975369,0.2520636417571435,1765.0,1765.0,1.0,False,356.6145833333333,294.1666666666667
bv_n19.qasm,bv_n19,2,reservation_reset__round_robin__cq2__ten4__res2000__reset0__noepr__global__per_operation,reservation_reset,round_robin,2,4,2000,0,False,global,per_operation,64,48,False,False,False,False,0,0,0.0,0.0,0.0,0.0,0.0,0.0,0,0.0,0.5,0.0,2141,0,1,0.01,0.08419018167761887,0.0,0.0,0.5683842288364901,0.652574410514109,0,0,0,0,0.0,0.7635556248052353,0.251106329202107,765.0,10207.0,13.34248366013072,False,538.125,252.5
bv_n19.qasm,bv_n19,2,reservation_reset__round_robin__cq2__ten4__res2000__reset50__noepr__global__per_operation,reservation_reset,round_robin,2,4,2000,50,False,global,per_operation,64,48,False,False,False,False,0,0,0.0,0.0,0.0,0.0,0.0,0.0,0,0.0,0.5,0.5,1594,0,0,0.0,0.08393742846241893,0.03815337657382678,0.0,0.5663754292254864,0.6884662342617321,0,0,0,0,0.0,0.7697044334975369,0.2519417711559187,1015.0,1015.0,1.0,False,489.6875,342.2916666666667
bv_n19.qasm,bv_n19,2,reservation_reset__round_robin__cq2__ten4__res2000__reset200__noepr__global__per_operation,reservation_reset,round_robin,2,4,2000,200,False,global,per_operation,64,48,False,False,False,False,0,0,0.0,0.0,0.0,0.0,0.0,0.0,0,0.0,0.5,0.0,2328,0,0,0.0,0.07964089197799015,0.1448016217781639,0.0,0.5649362872864176,0.7893788010425716,0,0,0,0,0.0,0.7697044334975369,0.25099195725981577,1765.0,1765.0,1.0,False,344.375,294.1666666666667
dnn_n16.qasm,dnn_n16,0,reservation_reset__round_robin__cq2__ten4__res0__reset0__noepr__global__per_operation,reservation_reset,round_robin,2,4,0,0,False,global,per_operation,64,48,False,False,False,False,0,0,2.9375,51.854166666666664,48.916666666666664,48.916666666666664,555.0,2348.0,7,0.14583333333333334,0.5729166666666666,0.0625,1112,0,0,0.0,0.1564166370423036,0.0,0.0,0.1564166370423036,0.3128332740846072,0,0,0,0,0.0,0.7722007722007722,0.7921356042781725,8985.0,9000.0,1.001669449081803,False,540.5833333333334,178.39583333333334
dnn_n16.qasm,dnn_n16,0,reservation_reset__round_robin__cq2__ten4__res0__reset50__noepr__global__per_operation,reservation_reset,round_robin,2,4,0,50,False,global,per_operation,64,48,False,False,False,False,0,0,0.3125,120.83333333333333,120.52083333333333,120.52083333333333,1055.0,5785.0,13,0.2708333333333333,0.6354166666666666,0.08333333333333333,1821,0,0,0.0,0.1533234602317275,0.0696924819235125,0.0,0.22301594215524,0.44603188431048,0,0,0,0,0.0,0.7722007722007722,0.859297171240434,9435.0,9450.0,1.0015898251192368,False,474.6979166666667,190.1875
dnn_n16.qasm,dnn_n16,0,reservation_reset__round_robin__cq2__ten4__res0__reset200__noepr__global__per_operation,reservation_reset,round_robin,2,4,0,200,False,global,per_operation,64,48,False,False,False,False,0,0,36.145833333333336,2595.6666666666665,2559.5208333333335,2559.5208333333335,5136.0,122857.0,44,0.9166666666666666,0.9583333333333333,0.10416666666666667,10305,0,0,0.0,0.15347052668294384,0.2790373212417161,0.0,0.4325078479246599,0.8650156958493198,0,0,0,0,0.0,0.7722007722007722,0.9764412021571968,11317.0,13490.0,1.1920120173190776,False,334.5625,101.3125
dnn_n16.qasm,dnn_n16,0,reservation_reset__round_robin__cq2__ten4__res500__reset0__noepr__global__per_operation,reservation_reset,round_robin,2,4,500,0,False,global,per_operation,64,48,False,False,False,False,0,0,0.0,0.0,0.0,0.0,0.0,0.0,0,0.0,0.5,0.4375,3365,0,0,0.0,0.1501962792285373,0.0,0.0,0.4928571428571429,0.6430534220856802,0,0,0,0,0.0,0.7722007722007722,0.25153215191395056,9620.0,10455.0,1.0867983367983367,False,544.375,203.54166666666666
dnn_n16.qasm,dnn_n16,0,reservation_reset__round_robin__cq2__ten4__res500__reset50__noepr__global__per_operation,reservation_reset,round_robin,2,4,500,50,False,global,per_operation,64,48,False,False,False,False,0,0,0.0,0.0,0.0,0.0,0.0,0.0,0,0.0,0.5,0.1875,9460,0,0,0.0,0.15049166310389056,0.06840530141085935,0.0,0.5245190252244549,0.7434159897392048,0,0,0,0,0.0,0.7722007722007722,0.2506542573059182,10125.0,11296.0,1.1156543209876544,False,493.0625,178.36805555555554
dnn_n16.qasm,dnn_n16,0,reservation_reset__round_robin__cq2__ten4__res500__reset200__noepr__global__per_operation,reservation_reset,round_robin,2,4,500,200,False,global,per_operation,64,48,False,False,False,False,0,0,0.0,0.0,0.0,0.0,0.0,0.0,0,0.0,0.5,0.8541666666666666,14655,0,16,0.1,0.13063917525773197,0.23752577319587628,0.0,0.5996082474226804,0.9677731958762886,0,0,0,0,0.0,0.6639344262295082,0.25041540013953056,11215.0,16485.0,1.4699063753901025,False,358.3333333333333,150.34027777777777
dnn_n16.qasm,dnn_n16,0,reservation_reset__round_robin__cq2__ten4__res2000__reset0__noepr__global__per_operation,reservation_reset,round_robin,2,4,2000,0,False,global,per_operation,64,48,False,False,False,False,0,48,0.0,0.0,0.0,0.0,0.0,0.0,0,0.0,0.5,0.0,13040,0,67,0.41875,0.07869230769230769,0.0,0.0,0.5101153846153846,0.5888076923076923,0,0,0,0,0.0,0.69192,0.2550577744936591,10481.0,6685.0,0.637820818624177,True,751.25,265.3611111111111
dnn_n16.qasm,dnn_n16,0,reservation_reset__round_robin__cq2__ten4__res2000__reset50__noepr__global__per_operation,reservation_reset,round_robin,2,4,2000,50,False,global,per_operation,64,48,False,False,False,False,0,48,0.0,0.0,0.0,0.0,0.0,0.0,0,0.0,0.5,0.0,15767,0,62,0.3875,0.07935222672064778,0.0360691939639308,0.0,0.5152005888847994,0.630622009569378,0,0,0,0,0.0,0.7456521739130435,0.25301925519533236,12000.0,6885.0,0.57375,True,703.3333333333334,218.04166666666666
dnn_n16.qasm,dnn_n16,0,reservation_reset__round_robin__cq2__ten4__res2000__reset200__noepr__global__per_operation,reservation_reset,round_robin,2,4,2000,200,False,global,per_operation,64,48,False,False,False,False,0,8,0.0,0.0,0.0,0.0,0.0,0.0,0,0.0,0.5,0.0,15529,0,18,0.1125,0.10847222222222222,0.19722222222222222,0.0,0.6999756944444444,1.005670138888889,0,0,0,0,0.0,0.7339836924868958,0.2503147613148256,11530.0,18350.0,1.5915004336513443,True,344.375,154.23611111111111
dnn_n16.qasm,dnn_n16,1,reservation_reset__round_robin__cq2__ten4__res0__reset0__noepr__global__per_operation,reservation_reset,round_robin,2,4,0,0,False,global,per_operation,64,48,False,False,False,False,0,0,0.0,45.583333333333336,45.583333333333336,45.583333333333336,555.0,2188.0,7,0.14583333333333334,0.5729166666666666,0.0625,1065,0,0,0.0,0.16103206917059334,0.0,0.0,0.16103206917059334,0.3220641383411867,0,0,0,0,0.0,0.7722007722007722,0.7993954446038238,8985.0,9000.0,1.001669449081803,False,553.0520833333334,192.86805555555554
dnn_n16.qasm,dnn_n16,1,reservation_reset__round_robin__cq2__ten4__res0__reset50__noepr__global__per_operation,reservation_reset,round_robin,2,4,0,50,False,global,per_operation,64,48,False,False,False,False,0,0,0.6041666666666666,143.5625,142.95833333333334,142.95833333333334,1055.0,6862.0,14,0.2916666666666667,0.6458333333333334,0.08333333333333333,2000,0,0,0.0,0.15662543383465338,0.07119337901575154,0.0,0.22781881285040492,0.45563762570080985,0,0,0,0,0.0,0.7722007722007722,0.9074757591151873,9290.0,9435.0,1.0156081808396125,False,489.375,150.88888888888889
dnn_n16.qasm,dnn_n16,1,reservation_reset__round_robin__cq2__ten4__res0__reset200__noepr__global__per_operation,reservation_reset,round_robin,2,4,0,200,False,global,per_operation,64,48,False,False,False,False,0,0,16.25,2031.25,2015.0,2015.0,4423.0,96720.0,44,0.9166666666666666,0.9583333333333333,0.875,8261,0,0,0.0,0.15358436231947292,0.27924429512631443,0.0,0.43282865744578736,0.8656573148915747,0,0,0,0,0.0,0.7722007722007722,0.9868242217494646,11030.0,12875.0,1.1672710788757934,False,319.9583333333333,111.63194444444444
dnn_n16.qasm,dnn_n16,1,reservation_reset__round_robin__cq2__ten4__res500__reset0__noepr__global__per_operation,reservation_reset,round_robin,2,4,500,0,False,global,per_operation,64,48,False,False,False,False,0,0,0.0,0.0,0.0,0.0,0.0,0.0,0,0.0,0.5,0.6666666666666666,4022,0,0,0.0,0.1497744872776785,0.0,0.0,0.4817547442770828,0.6315292315547613,0,0,0,0,0.0,0.7722007722007722,0.251277928262363,9072.0,11676.0,1.287037037037037,False,560.53125,197.48611111111111
dnn_n16.qasm,dnn_n16,1,reservation_reset__round_robin__cq2__ten4__res500__reset50__noepr__global__per_operation,reservation_reset,round_robin,2,4,500,50,False,global,per_operation,64,48,False,False,False,False,0,0,0.0,0.0,0.0,0.0,0.0,0.0,0,0.0,0.5,0.3333333333333333,9772,0,0,0.0,0.1517503017761683,0.06897740989825832,0.0,0.5134505949301603,0.734178306604587,0,0,0,0,0.0,0.7722007722007722,0.2505950046283691,9800.0,16184.0,1.6514285714285715,False,502.0833333333333,197.6875
dnn_n16.qasm,dnn_n16,1,reservation_reset__round_robin__cq2__ten4__res500__reset200__noepr__global__per_operation,reservation_reset,round_robin,2,4,500,200,False,global,per_operation,64,48,False,False,False,False,0,0,0.0,0.0,0.0,0.0,0.0,0.0,0,0.0,0.5,0.0,15687,0,14,0.0875,0.12915158825894651,0.23482106956172094,0.0,0.6043224768797748,0.9682951347004423,0,0,0,0,0.0,0.6802399795762063,0.2503399196431605,13782.0,17900.0,1.2987955304019736,False,358.53125,178.95138888888889
dnn_n16.qasm,dnn_n16,1,reservation_reset__round_robin__cq2__ten4__res2000__reset0__noepr__global__per_operation,reservation_reset,round_robin,2,4,2000,0,False,global,per_operation,64,48,False,False,False,False,0,48,0.0,0.0,0.0,0.0,0.0,0.0,0,0.0,0.5,0.5,13131,0,68,0.425,0.07823734054889833,0.0,0.0,0.511403169694627,0.5896405102435254,0,0,0,0,0.0,0.6865671641791045,0.2550693280638366,9865.0,6685.0,0.6776482513938166,True,751.25,250.45138888888889
dnn_n16.qasm,dnn_n16,1,reservation_reset__round_robin__cq2__ten4__res2000__reset50__noepr__global__per_operation,reservation_reset,round_robin,2,4,2000,50,False,global,per_operation,64,48,False,False,False,False,0,48,0.0,0.0,0.0,0.0,0.0,0.0,0,0.0,0.5,0.0,14918,0,53,0.33125,0.08981304845478826,0.040824112933994655,0.0,0.599351392598245,0.7299885539870279,0,0,0,0,0.0,0.8166191155492154,0.2514790942104112,15940.0,7525.0,0.4720828105395232,True,489.6875,422.0925925925926
dnn_n16.qasm,dnn_n16,1,reservation_reset__round_robin__cq2__ten4__res2000__reset200__noepr__global__per_operation,reservation_reset,round_robin,2,4,2000,200,False,global,per_operation,64,48,False,False,False,False,0,45,0.0,0.0,0.0,0.0,0.0,0.0,0,0.0,0.5,0.0,16568,0,45,0.28125,0.09669775263721143,0.1758140957040208,0.0,0.6942745757529429,0.9667864240941753,0,0,0,0,0.0,0.8625750065223063,0.2506261152465472,13694.0,18174.0,1.3271505768949905,True,344.375,211.45833333333334
dnn_n16.qasm,dnn_n16,2,reservation_reset__round_robin__cq2__ten4__res0__reset0__noepr__global__per_operation,reservation_reset,round_robin,2,4,0,0,False,global,per_operation,64,48,False,False,False,False,0,0,2.7916666666666665,41.333333333333336,38.541666666666664,38.541666666666664,460.0,1850.0,7,0.14583333333333334,0.5729166666666666,0.2708333333333333,879,0,0,0.0,0.1561876026090429,0.0,0.0,0.1561876026090429,0.3123752052180858,0,0,0,0,0.0,0.7722007722007722,0.687707240911027,8890.0,8985.0,1.0106861642294713,False,531.4375,221.45138888888889
dnn_n16.qasm,dnn_n16,2,reservation_reset__round_robin__cq2__ten4__res0__reset50__noepr__global__per_operation,reservation_reset,round_robin,2,4,0,50,False,global,per_operation,64,48,False,False,False,False,0,0,0.0,125.72916666666667,125.72916666666667,125.72916666666667,1015.0,6035.0,11,0.22916666666666666,0.6145833333333334,0.08333333333333333,1783,0,0,0.0,0.15368494586098497,0.069856793573175,0.0,0.22354173943415998,0.44708347886831995,0,0,0,0,0.0,0.7722007722007722,0.8638059781656463,9290.0,9435.0,1.0156081808396125,False,495.9583333333333,174.875
dnn_n16.qasm,dnn_n16,2,reservation_reset__round_robin__cq2__ten4__res0__reset200__noepr__global__per_operation,reservation_reset,round_robin,2,4,0,200,False,global,per_operation,64,48,False,False,False,False,0,0,32.145833333333336,3091.4583333333335,3059.3125,3059.3125,5465.0,146847.0,43,0.8958333333333334,0.9479166666666667,0.10416666666666667,12402,0,0,0.0,0.15130023640661938,0.27509133892112614,0.0,0.4263915753277455,0.852783150655491,0,0,0,0,0.0,0.7722007722007722,0.965467213060989,11835.0,13910.0,1.1753274186734264,False,358.1770833333333,155.72916666666666
dnn_n16.qasm,dnn_n16,2,reservation_reset__round_robin__cq2__ten4__res500__reset0__noepr__global__per_operation,reservation_reset,round_robin,2,4,500,0,False,global,per_operation,64,48,False,False,False,False,0,0,0.0,0.0,0.0,0.0,0.0,0.0,0,0.0,0.5,0.75,3618,0,0,0.0,0.15345045555603992,0.0,0.0,0.5020837874362439,0.6555342429922839,0,0,0,0,0.0,0.7722007722007722,0.25169192957110426,9294.0,11444.0,1.2313320421777492,False,542.4479166666666,203.78472222222223
dnn_n16.qasm,dnn_n16,2,reservation_reset__round_robin__cq2__ten4__res500__reset50__noepr__global__per_operation,reservation_reset,round_robin,2,4,500,50,False,global,per_operation,64,48,False,False,False,False,0,0,0.0,0.0,0.0,0.0,0.0,0.0,0,0.0,0.5,0.4375,7582,0,0,0.0,0.14990843660832162,0.06814019845832801,0.0,0.5242408756015502,0.7422895106681998,0,0,0,0,0.0,0.7722007722007722,0.25081365861390476,9645.0,11104.0,1.151270088128564,False,504.7916666666667,175.22916666666666
dnn_n16.qasm,dnn_n16,2,reservation_reset__round_robin__cq2__ten4__res500__reset200__noepr__global__per_operation,reservation_reset,round_robin,2,4,500,200,False,global,per_operation,64,48,False,False,False,False,0,0,0.0,0.0,0.0,0.0,0.0,0.0,0,0.0,0.5,0.16666666666666666,15495,0,14,0.0875,0.13078175895765473,0.23778501628664495,0.0,0.6016245928338763,0.9701913680781759,0,0,0,0,0.0,0.6781623822855688,0.25033083789984467,14875.0,16905.0,1.1364705882352941,False,344.375,186.40277777777777
dnn_n16.qasm,dnn_n16,2,reservation_reset__round_robin__cq2__ten4__res2000__reset0__noepr__global__per_operation,reservation_reset,round_robin,2,4,2000,0,False,global,per_operation,64,48,False,False,False,False,0,48,0.0,0.0,0.0,0.0,0.0,0.0,0,0.0,0.5,0.0,11046,0,48,0.3,0.09805013927576602,0.0,0.0,0.6416673298846001,0.7397174691603661,0,0,0,0,0.0,0.8521739130434782,0.25351809831626054,9865.0,6685.0,0.6776482513938166,True,538.125,234.32638888888889
dnn_n16.qasm,dnn_n16,2,reservation_reset__round_robin__cq2__ten4__res2000__reset50__noepr__global__per_operation,reservation_reset,round_robin,2,4,2000,50,False,global,per_operation,64,48,False,False,False,False,0,48,0.0,0.0,0.0,0.0,0.0,0.0,0,0.0,0.5,0.0,16063,0,72,0.45,0.07341676147136898,0.03337125521425863,0.0,0.5126279863481229,0.6194160030337504,0,0,0,0,0.0,0.6431893687707642,0.253092391060754,9290.0,6885.0,0.7411194833153929,True,703.3333333333334,228.73611111111111
dnn_n16.qasm,dnn_n16,2,reservation_reset__round_robin__cq2__ten4__res2000__reset200__noepr__global__per_operation,reservation_reset,round_robin,2,4,2000,200,False,global,per_operation,64,48,False,False,False,False,0,0,0.0,0.0,0.0,0.0,0.0,0.0,0,0.0,0.5,0.0,12837,0,16,0.1,0.11494920174165457,0.20899854862119013,0.0,0.6689949201741655,0.9929426705370101,0,0,0,0,0.0,0.6639344262295082,0.2503716459452995,11370.0,16950.0,1.4907651715039578,False,344.375,185.55555555555554
qft_n18.qasm,qft_n18,0,reservation_reset__round_robin__cq2__ten4__res0__reset0__noepr__global__per_operation,reservation_reset,round_robin,2,4,0,0,False,global,per_operation,64,48,False,False,False,False,0,0,0.0625,1.1041666666666667,1.0416666666666667,1.0416666666666667,30.0,50.0,2,0.041666666666666664,0.5208333333333334,0.0625,1682,0,0,0.0,0.15625864772622453,0.0,0.0,0.15625864772622453,0.31251729545244905,0,0,0,0,0.0,0.7947721179624665,0.398593889078285,3767.0,3767.0,1.0,False,542.7916666666666,88.17424242424242
qft_n18.qasm,qft_n18,0,reservation_reset__round_robin__cq2__ten4__res0__reset50__noepr__global__per_operation,reservation_reset,round_robin,2,4,0,50,False,global,per_operation,64,48,False,False,False,False,0,0,5.0625,40.25,35.1875,35.1875,440.0,1689.0,10,0.20833333333333334,0.6041666666666666,0.125,6161,0,0,0.0,0.1477347054463001,0.06715213883922731,0.0,0.2148868442855274,0.4297736885710548,0,0,0,0,0.0,0.7947721179624665,0.534744071754666,5720.0,5720.0,1.0,False,498.0104166666667,114.18939393939394
qft_n18.qasm,qft_n18,0,reservation_reset__round_robin__cq2__ten4__res0__reset200__noepr__global__per_operation,reservation_reset,round_robin,2,4,0,200,False,global,per_operation,64,48,False,False,False,False,0,0,20.833333333333332,865.6458333333334,844.8125,844.8125,2966.0,40551.0,39,0.8125,0.90625,0.8125,9158,0,0,0.0,0.15049751243781095,0.2736318407960199,0.0,0.42412935323383083,0.8482587064676617,0,0,0,0,0.0,0.7947721179624665,0.735539677260505,10050.0,10350.0,1.0298507462686568,False,302.8333333333333,135.74242424242425
qft_n18.qasm,qft_n18,0,reservation_reset__round_robin__cq2__ten4__res500__reset0__noepr__global__per_operation,reservation_reset,round_robin,2,4,500,0,False,global,per_operation,64,48,False,False,False,False,0,0,0.0,0.0,0.0,0.0,0.0,0.0,0,0.0,0.5,0.3958333333333333,3163,0,0,0.0,0.14823241162058104,0.0,0.0,0.4747331116555828,0.6229655232761638,0,0,0,0,0.0,0.7947721179624665,0.2523153811424592,3745.0,4459.0,1.1906542056074767,False,563.9583333333334,94.5530303030303
qft_n18.qasm,qft_n18,0,reservation_reset__round_robin__cq2__ten4__res500__reset50__noepr__global__per_operation,reservation_reset,round_robin,2,4,500,50,False,global,per_operation,64,48,False,False,False,False,0,0,0.0,0.0,0.0,0.0,0.0,0.0,0,0.0,0.5,0.10416666666666667,6671,0,0,0.0,0.15375538915361925,0.06988881325164512,0.0,0.5342909008395734,0.7579351032448377,0,0,0,0,0.0,0.7947721179624665,0.2511517961882145,5152.0,6040.0,1.1723602484472049,False,496.1041666666667,110.03030303030303
qft_n18.qasm,qft_n18,0,reservation_reset__round_robin__cq2__ten4__res500__reset200__noepr__global__per_operation,reservation_reset,round_robin,2,4,500,200,False,global,per_operation,64,48,False,False,False,False,0,0,0.0,0.0,0.0,0.0,0.0,0.0,0,0.0,0.5,0.9375,13253,0,6,0.03896103896103896,0.13294136861015843,0.24171157929119713,0.0,0.6094030703903316,0.9840560182916871,0,0,0,0,0.0,0.7546857772877619,0.2504527553414868,9740.0,10660.0,1.0944558521560575,False,344.375,182.34848484848484
qft_n18.qasm,qft_n18,0,reservation_reset__round_robin__cq2__ten4__res2000__reset0__noepr__global__per_operation,reservation_reset,round_robin,2,4,2000,0,False,global,per_operation,64,48,False,False,False,False,0,0,0.0,0.0,0.0,0.0,0.0,0.0,0,0.0,0.5,0.0,4060,0,0,0.0,0.13040800615858353,0.0,0.0,0.5874403387220939,0.7178483448806774,0,0,0,0,0.0,0.7947721179624665,0.2516019421903908,3745.0,3860.0,1.0307076101468624,False,538.125,103.78787878787878
qft_n18.qasm,qft_n18,0,reservation_reset__round_robin__cq2__ten4__res2000__reset50__noepr__global__per_operation,reservation_reset,round_robin,2,4,2000,50,False,global,per_operation,64,48,False,False,False,False,0,0,0.0,0.0,0.0,0.0,0.0,0.0,0,0.0,0.5,0.0,7709,0,1,0.006493506493506494,0.1316386390301134,0.059835745013687915,0.0,0.5975283535393039,0.7890027375831052,0,0,0,0,0.0,0.7886066567847999,0.2507378866243593,5090.0,5560.0,1.0923379174852652,False,489.6875,116.43939393939394
qft_n18.qasm,qft_n18,0,reservation_reset__round_robin__cq2__ten4__res2000__reset200__noepr__global__per_operation,reservation_reset,round_robin,2,4,2000,200,False,global,per_operation,64,48,False,False,False,False,0,17,0.0,0.0,0.0,0.0,0.0,0.0,0,0.0,0.5,0.0,14338,0,23,0.14935064935064934,0.10576146788990826,0.19229357798165136,0.0,0.6503963302752294,0.948451376146789,0,0,0,0,0.0,0.8117786187322611,0.2504072257836275,10050.0,13376.0,1.3309452736318408,True,344.375,141.0909090909091
qft_n18.qasm,qft_n18,1,reservation_reset__round_robin__cq2__ten4__res0__reset0__noepr__global__per_operation,reservation_reset,round_robin,2,4,0,0,False,global,per_operation,64,48,False,False,False,False,0,0,2.75,8.666666666666666,5.916666666666667,5.916666666666667,150.0,284.0,7,0.14583333333333334,0.5729166666666666,0.875,1570,0,0,0.0,0.14925767654962774,0.0,0.0,0.14925767654962774,0.2985153530992555,0,0,0,0,0.0,0.7947721179624665,0.5310701601956722,3745.0,3745.0,1.0,False,567.03125,95.04545454545455
qft_n18.qasm,qft_n18,1,reservation_reset__round_robin__cq2__ten4__res0__reset50__noepr__global__per_operation,reservation_reset,round_robin,2,4,0,50,False,global,per_operation,64,48,False,False,False,False,0,0,1.4375,10.8125,9.375,9.375,120.0,450.0,6,0.125,0.5625,0.8541666666666666,4729,0,0,0.0,0.1502638932008693,0.06830176963675877,0.0,0.21856566283762807,0.43713132567525614,0,0,0,0,0.0,0.7947721179624665,0.4574083159875057,5400.0,5400.0,1.0,False,505.0833333333333,113.23484848484848
qft_n18.qasm,qft_n18,1,reservation_reset__round_robin__cq2__ten4__res0__reset200__noepr__global__per_operation,reservation_reset,round_robin,2,4,0,200,False,global,per_operation,64,48,False,False,False,False,0,0,31.583333333333332,314.8958333333333,283.3125,283.3125,1280.0,13599.0,32,0.6666666666666666,0.8333333333333333,0.5416666666666666,9834,0,0,0.0,0.14507150809283206,0.26376637835060374,0.0,0.4088378864434358,0.8176757728868717,0,0,0,0,0.0,0.7947721179624665,0.6157910887096393,10148.0,10139.0,0.9991131257390619,False,321.3020833333333,164.3181818181818
qft_n18.qasm,qft_n18,1,reservation_reset__round_robin__cq2__ten4__res500__reset0__noepr__global__per_operation,reservation_reset,round_robin,2,4,500,0,False,global,per_operation,64,48,False,False,False,False,0,0,0.0,0.0,0.0,0.0,0.0,0.0,0,0.0,0.5,0.125,2742,0,0,0.0,0.14400476048795002,0.0,0.0,0.45556169507374505,0.5995664555616951,0,0,0,0,0.0,0.7947721179624665,0.2524085274653832,3745.0,3860.0,1.0307076101468624,False,562.1145833333334,103.78787878787878
qft_n18.qasm,qft_n18,1,reservation_reset__round_robin__cq2__ten4__res500__reset50__noepr__global__per_operation,reservation_reset,round_robin,2,4,500,50,False,global,per_operation,64,48,False,False,False,False,0,0,0.0,0.0,0.0,0.0,0.0,0.0,0,0.0,0.5,0.0625,7474,0,0,0.0,0.14410276041002085,0.06550125473182765,0.0,0.5062523924971291,0.7158564076389775,0,0,0,0,0.0,0.7947721179624665,0.25101402965227654,5090.0,5560.0,1.0923379174852652,False,512.6979166666666,116.43939393939394
qft_n18.qasm,qft_n18,1,reservation_reset__round_robin__cq2__ten4__res500__reset200__noepr__global__per_operation,reservation_reset,round_robin,2,4,500,200,False,global,per_operation,64,48,False,False,False,False,0,0,0.0,0.0,0.0,0.0,0.0,0.0,0,0.0,0.5,0.5416666666666666,13677,0,7,0.045454545454545456,0.13811659192825113,0.25112107623318386,0.0,0.6186205423873585,1.0078582105487934,0,0,0,0,0.0,0.748545101842871,0.25045622780130655,9740.0,10660.0,1.0944558521560575,False,344.375,182.34848484848484
qft_n18.qasm,qft_n18,1,reservation_reset__round_robin__cq2__ten4__res2000__reset0__noepr__global__per_operation,reservation_reset,round_robin,2,4,2000,0,False,global,per_operation,64,48,False,False,False,False,0,0,0.0,0.0,0.0,0.0,0.0,0.0,0,0.0,0.5,0.0,4523,0,12,0.07792207792207792,0.12307934756914349,0.0,0.0,0.5807225592939879,0.7038019068631314,0,0,0,0,0.0,0.7076080853453116,0.25165799754945095,3745.0,3860.0,1.0307076101468624,False,538.125,103.78787878787878
qft_n18.qasm,qft_n18,1,reservation_reset__round_robin__cq2__ten4__res2000__reset50__noepr__global__per_operation,reservation_reset,round_robin,2,4,2000,50,False,global,per_operation,64,48,False,False,False,False,0,0,0.0,0.0,0.0,0.0,0.0,0.0,0,0.0,0.5,0.5,8158,0,7,0.045454545454545456,0.12909664284858888,0.058680292203904034,0.0,0.5922917248812423,0.7800686599337352,0,0,0,0,0.0,0.7473025314704662,0.2507830807744208,5090.0,5560.0,1.0923379174852652,False,489.6875,116.43939393939394
qft_n18.qasm,qft_n18,1,reservation_reset__round_robin__cq2__ten4__res2000__reset200__noepr__global__per_operation,reservation_reset,round_robin,2,4,2000,200,False,global,per_operation,64,48,False,False,False,False,0,0,0.0,0.0,0.0,0.0,0.0,0.0,0,0.0,0.5,0.5,13913,0,11,0.07142857142857142,0.11415094339622642,0.20754716981132076,0.0,0.6294412191582003,0.9511393323657474,0,0,0,0,0.0,0.7159011342949166,0.2503319892599893,9740.0,10660.0,1.0944558521560575,False,344.375,182.34848484848484
qft_n18.qasm,qft_n18,2,reservation_reset__round_robin__cq2__ten4__res0__reset0__noepr__global__per_operation,reservation_reset,round_robin,2,4,0,0,False,global,per_operation,64,48,False,False,False,False,0,0,1.1458333333333333,3.5833333333333335,2.4375,2.4375,60.0,117.0,3,0.0625,0.53125,0.8958333333333334,1547,0,0,0.0,0.1476510067114094,0.0,0.0,0.1476510067114094,0.2953020134228188,0,0,0,0,0.0,0.7947721179624665,0.4821513807286858,3745.0,3745.0,1.0,False,547.4270833333334,95.08333333333333
qft_n18.qasm,qft_n18,2,reservation_reset__round_robin__cq2__ten4__res0__reset50__noepr__global__per_operation,reservation_reset,round_robin,2,4,0,50,False,global,per_operation,64,48,False,False,False,False,0,0,0.6666666666666666,12.875,12.208333333333334,12.208333333333334,139.0,586.0,8,0.16666666666666666,0.5833333333333334,0.1875,4788,0,0,0.0,0.14758025874460948,0.06708193579300431,0.0,0.2146621945376138,0.4293243890752276,0,0,0,0,0.0,0.7947721179624665,0.5086714184593969,5410.0,5410.0,1.0,False,494.15625,115.85606060606061
qft_n18.qasm,qft_n18,2,reservation_reset__round_robin__cq2__ten4__res0__reset200__noepr__global__per_operation,reservation_reset,round_robin,2,4,0,200,False,global,per_operation,64,48,False,False,False,False,0,0,23.958333333333332,704.875,680.9166666666666,680.9166666666666,2430.0,32684.0,33,0.6875,0.84375,0.20833333333333334,11165,0,0,0.0,0.15032389741769456,0.27331617712308104,0.0,0.42364007454077557,0.8472801490815511,0,0,0,0,0.0,0.7947721179624665,0.7062749784491877,10040.0,10040.0,1.0,False,309.1979166666667,145.71212121212122
qft_n18.qasm,qft_n18,2,reservation_reset__round_robin__cq2__ten4__res500__reset0__noepr__global__per_operation,reservation_reset,round_robin,2,4,500,0,False,global,per_operation,64,48,False,False,False,False,0,0,0.0,0.0,0.0,0.0,0.0,0.0,0,0.0,0.5,0.375,3068,0,0,0.0,0.14425001064418613,0.0,0.0,0.4670754034146549,0.6113254140588411,0,0,0,0,0.0,0.7947721179624665,0.2525619584543673,3745.0,3860.0,1.0307076101468624,False,568.90625,103.78787878787878
qft_n18.qasm,qft_n18,2,reservation_reset__round_robin__cq2__ten4__res500__reset50__noepr__global__per_operation,reservation_reset,round_robin,2,4,500,50,False,global,per_operation,64,48,False,False,False,False,0,0,0.0,0.0,0.0,0.0,0.0,0.0,0,0.0,0.5,0.3541666666666667,6708,0,0,0.0,0.14637518361703966,0.06653417437138166,0.0,0.5080359457357643,0.7209453037241856,0,0,0,0,0.0,0.7947721179624665,0.25113377555138555,5180.0,6040.0,1.166023166023166,False,497.8541666666667,110.45454545454545
qft_n18.qasm,qft_n18,2,reservation_reset__round_robin__cq2__ten4__res500__reset200__noepr__global__per_operation,reservation_reset,round_robin,2,4,500,200,False,global,per_operation,64,48,False,False,False,False,0,0,0.0,0.0,0.0,0.0,0.0,0.0,0,0.0,0.5,0.2708333333333333,14009,0,5,0.032467532467532464,0.139430029774564,0.2535091450446618,0.0,0.6288387920034028,1.0217779668226286,0,0,0,0,0.0,0.7618737131091283,0.250389531486846,9740.0,10660.0,1.0944558521560575,False,344.375,182.34848484848484
qft_n18.qasm,qft_n18,2,reservation_reset__round_robin__cq2__ten4__res2000__reset0__noepr__global__per_operation,reservation_reset,round_robin,2,4,2000,0,False,global,per_operation,64,48,False,False,False,False,0,0,0.0,0.0,0.0,0.0,0.0,0.0,0,0.0,0.5,0.5,3453,0,5,0.032467532467532464,0.12890287062524577,0.0,0.0,0.5983287455760913,0.727231616201337,0,0,0,0,0.0,0.7618737131091283,0.2517934333118316,3745.0,3860.0,1.0307076101468624,False,538.125,103.78787878787878
qft_n18.qasm,qft_n18,2,reservation_reset__round_robin__cq2__ten4__res2000__reset50__noepr__global__per_operation,reservation_reset,round_robin,2,4,2000,50,False,global,per_operation,64,48,False,False,False,False,0,34,0.0,0.0,0.0,0.0,0.0,0.0,0,0.0,0.5,0.4583333333333333,12255,0,52,0.33766233766233766,0.0825910931174089,0.03754140596245859,0.0,0.4882591093117409,0.6083916083916084,0,0,0,0,0.0,0.7220988339811216,0.25653659790226474,5250.0,3635.0,0.6923809523809524,True,691.6875,115.24242424242425
qft_n18.qasm,qft_n18,2,reservation_reset__round_robin__cq2__ten4__res2000__reset200__noepr__global__per_operation,reservation_reset,round_robin,2,4,2000,200,False,global,per_operation,64,48,False,False,False,False,0,0,0.0,0.0,0.0,0.0,0.0,0.0,0,0.0,0.5,0.5,12718,0,14,0.09090909090909091,0.11360702297960237,0.20655822359927706,0.0,0.6303456161705581,0.9505108627494375,0,0,0,0,0.0,0.693069306930693,0.25055102002616925,9740.0,10660.0,1.0944558521560575,False,344.375,182.34848484848484
sat_n11.qasm,sat_n11,0,reservation_reset__round_robin__cq2__ten4__res0__reset0__noepr__global__per_operation,reservation_reset,round_robin,2,4,0,0,False,global,per_operation,64,48,False,False,False,False,0,0,1.5416666666666667,5.291666666666667,3.75,3.75,100.0,180.0,2,0.041666666666666664,0.5208333333333334,0.020833333333333332,1707,0,0,0.0,0.12233183856502242,0.0,0.0,0.12233183856502242,0.24466367713004483,0,0,0,0,0.0,0.8736363636363637,0.5520861827632785,2030.0,2040.0,1.0049261083743843,False,567.3125,114.81944444444444
sat_n11.qasm,sat_n11,0,reservation_reset__round_robin__cq2__ten4__res0__reset50__noepr__global__per_operation,reservation_reset,round_robin,2,4,0,50,False,global,per_operation,64,48,False,False,False,False,0,0,0.0,7.020833333333333,7.020833333333333,7.020833333333333,155.0,337.0,4,0.08333333333333333,0.5416666666666666,0.875,2838,0,0,0.0,0.1199068172827568,0.05450309876488946,0.0,0.17440991604764625,0.3488198320952925,0,0,0,0,0.0,0.8736363636363637,0.511272359676051,2880.0,2880.0,1.0,False,504.375,155.80555555555554
sat_n11.qasm,sat_n11,0,reservation_reset__round_robin__cq2__ten4__res0__reset200__noepr__global__per_operation,reservation_reset,round_robin,2,4,0,200,False,global,per_operation,64,48,False,False,False,False,0,0,39.875,91.33333333333333,51.458333333333336,51.458333333333336,575.0,2470.0,9,0.1875,0.59375,0.16666666666666666,3990,0,0,0.0,0.11849020544672718,0.21543673717586762,0.0,0.3339269426225948,0.6678538852451896,0,0,0,0,0.0,0.8736363636363637,0.5187502168261814,5430.0,5430.0,1.0,False,343.78125,195.375
sat_n11.qasm,sat_n11,0,reservation_reset__round_robin__cq2__ten4__res500__reset0__noepr__global__per_operation,reservation_reset,round_robin,2,4,500,0,False,global,per_operation,64,48,False,False,False,False,0,0,0.0,0.0,0.0,0.0,0.0,0.0,0,0.0,0.5,0.10416666666666667,1881,0,0,0.0,0.11971212919080218,0.0,0.0,0.443185009654204,0.5628971388450061,0,0,0,0,0.0,0.8736363636363637,0.2545205483328666,2030.0,2360.0,1.1625615763546797,False,574.9166666666666,122.95833333333333
sat_n11.qasm,sat_n11,0,reservation_reset__round_robin__cq2__ten4__res500__reset50__noepr__global__per_operation,reservation_reset,round_robin,2,4,500,50,False,global,per_operation,64,48,False,False,False,False,0,0,0.0,0.0,0.0,0.0,0.0,0.0,0,0.0,0.5,0.20833333333333334,3183,0,0,0.0,0.11824880797572605,0.05374945817078457,0.0,0.4728565236237538,0.6448547897702644,0,0,0,0,0.0,0.8736363636363637,0.2523840179586822,2880.0,2880.0,1.0,False,506.5208333333333,160.69444444444446
sat_n11.qasm,sat_n11,0,reservation_reset__round_robin__cq2__ten4__res500__reset200__noepr__global__per_operation,reservation_reset,round_robin,2,4,500,200,False,global,per_operation,64,48,False,False,False,False,0,1,0.0,0.0,0.0,0.0,0.0,0.0,0,0.0,0.5,0.7083333333333334,7201,0,2,0.016129032258064516,0.11987494417150514,0.21795444394819116,0.0,0.5892407324698526,0.9270701205895489,0,0,0,0,0.0,0.8673659673659674,0.25059740337011166,5819.0,10341.0,1.7771094689809246,True,344.375,167.83333333333334
sat_n11.qasm,sat_n11,0,reservation_reset__round_robin__cq2__ten4__res2000__reset0__noepr__global__per_operation,reservation_reset,round_robin,2,4,2000,0,False,global,per_operation,64,48,False,False,False,False,0,0,0.0,0.0,0.0,0.0,0.0,0.0,0,0.0,0.5,0.5,2942,0,1,0.008064516129032258,0.10595144870790917,0.0,0.0,0.5802153484729835,0.6861667971808927,0,0,0,0,0.0,0.8672896124742032,0.2512190442460082,2030.0,2030.0,1.0,False,538.125,137.77777777777777
sat_n11.qasm,sat_n11,0,reservation_reset__round_robin__cq2__ten4__res2000__reset50__noepr__global__per_operation,reservation_reset,round_robin,2,4,2000,50,False,global,per_operation,64,48,False,False,False,False,0,0,0.0,0.0,0.0,0.0,0.0,0.0,0,0.0,0.5,0.0,6256,0,2,0.016129032258064516,0.10697489039457951,0.04862495017935432,0.0,0.5886249501793543,0.7442247907532882,0,0,0,0,0.0,0.8609440074039797,0.2507150673232272,5755.0,9401.0,1.6335360556038228,False,489.6875,211.38888888888889
sat_n11.qasm,sat_n11,0,reservation_reset__round_robin__cq2__ten4__res2000__reset200__noepr__global__per_operation,reservation_reset,round_robin,2,4,2000,200,False,global,per_operation,64,48,False,False,False,False,0,0,0.0,0.0,0.0,0.0,0.0,0.0,0,0.0,0.5,0.0,6517,0,6,0.04838709677419355,0.09314675278076785,0.16935773232866883,0.0,0.5888302834589164,0.8513347685683531,0,0,0,0,0.0,0.8295996186844614,0.25048132606159385,5430.0,5430.0,1.0,False,344.375,145.97222222222223
sat_n11.qasm,sat_n11,1,reservation_reset__round_robin__cq2__ten4__res0__reset0__noepr__global__per_operation,reservation_reset,round_robin,2,4,0,0,False,global,per_operation,64,48,False,False,False,False,0,0,3.3541666666666665,6.895833333333333,3.5416666666666665,3.5416666666666665,95.0,170.0,2,0.041666666666666664,0.5208333333333334,0.0625,1704,0,0,0.0,0.11929855249923471,0.0,0.0,0.11929855249923471,0.23859710499846942,0,0,0,0,0.0,0.8736363636363637,0.7063339858778125,2030.0,2030.0,1.0,False,588.3020833333334,118.69444444444444
sat_n11.qasm,sat_n11,1,reservation_reset__round_robin__cq2__ten4__res0__reset50__noepr__global__per_operation,reservation_reset,round_robin,2,4,0,50,False,global,per_operation,64,48,False,False,False,False,0,0,0.3958333333333333,6.0,5.604166666666667,5.604166666666667,120.0,269.0,3,0.0625,0.53125,0.08333333333333333,2894,0,0,0.0,0.1303392259913999,0.05924510272336359,0.0,0.1895843287147635,0.379168657429527,0,0,0,0,0.0,0.8736363636363637,0.5131745923135537,2880.0,2890.0,1.0034722222222223,False,507.5625,135.73611111111111
sat_n11.qasm,sat_n11,1,reservation_reset__round_robin__cq2__ten4__res0__reset200__noepr__global__per_operation,reservation_reset,round_robin,2,4,0,200,False,global,per_operation,64,48,False,False,False,False,0,0,9.395833333333334,76.625,67.22916666666667,67.22916666666667,760.0,3227.0,11,0.22916666666666666,0.6145833333333334,0.7916666666666666,3319,0,0,0.0,0.1164021164021164,0.21164021164021163,0.0,0.328042328042328,0.656084656084656,0,0,0,0,0.0,0.8736363636363637,0.5756901352809495,5740.0,5750.0,1.0017421602787457,False,365.1145833333333,203.72222222222223
sat_n11.qasm,sat_n11,1,reservation_reset__round_robin__cq2__ten4__res500__reset0__noepr__global__per_operation,reservation_reset,round_robin,2,4,500,0,False,global,per_operation,64,48,False,False,False,False,0,0,0.0,0.0,0.0,0.0,0.0,0.0,0,0.0,0.5,0.0,2130,0,0,0.0,0.11826931414202722,0.0,0.0,0.4385155640336426,0.5567848781756698,0,0,0,0,0.0,0.8736363636363637,0.2530852635876716,2030.0,2030.0,1.0,False,565.1770833333334,137.77777777777777
sat_n11.qasm,sat_n11,1,reservation_reset__round_robin__cq2__ten4__res500__reset50__noepr__global__per_operation,reservation_reset,round_robin,2,4,500,50,False,global,per_operation,64,48,False,False,False,False,0,0,0.0,0.0,0.0,0.0,0.0,0.0,0,0.0,0.5,0.0625,4160,0,0,0.0,0.11606535057862491,0.052756977535738596,0.0,0.45270166780122534,0.6215239959155888,0,0,0,0,0.0,0.8736363636363637,0.2513227017293853,2880.0,2880.0,1.0,False,517.0,160.69444444444446
sat_n11.qasm,sat_n11,1,reservation_reset__round_robin__cq2__ten4__res500__reset200__noepr__global__per_operation,reservation_reset,round_robin,2,4,500,200,False,global,per_operation,64,48,False,False,False,False,0,0,0.0,0.0,0.0,0.0,0.0,0.0,0,0.0,0.5,0.14583333333333334,4215,0,0,0.0,0.11191335740072202,0.2034788316376764,0.0,0.5571217591073186,0.8725139481457171,0,0,0,0,0.0,0.8736363636363637,0.25113344530428905,5430.0,6355.0,1.1703499079189688,False,348.8020833333333,218.19444444444446
sat_n11.qasm,sat_n11,1,reservation_reset__round_robin__cq2__ten4__res2000__reset0__noepr__global__per_operation,reservation_reset,round_robin,2,4,2000,0,False,global,per_operation,64,48,False,False,False,False,0,0,0.0,0.0,0.0,0.0,0.0,0.0,0,0.0,0.5,0.0,5300,0,0,0.0,0.11081772758662713,0.0,0.0,0.5690985904050047,0.6799163179916318,0,0,0,0,0.0,0.8736363636363637,0.2504456894907824,4005.0,7551.0,1.8853932584269664,False,538.125,163.47222222222223
sat_n11.qasm,sat_n11,1,reservation_reset__round_robin__cq2__ten4__res2000__reset50__noepr__global__per_operation,reservation_reset,round_robin,2,4,2000,50,False,global,per_operation,64,48,False,False,False,False,0,0,0.0,0.0,0.0,0.0,0.0,0.0,0,0.0,0.5,0.5,4969,0,1,0.008064516129032258,0.10199773840934791,0.046362608367885416,0.0,0.5700866943083301,0.7184470410855636,0,0,0,0,0.0,0.8672896124742032,0.2506950210703983,2880.0,2880.0,1.0,False,489.6875,160.69444444444446
sat_n11.qasm,sat_n11,1,reservation_reset__round_robin__cq2__ten4__res2000__reset200__noepr__global__per_operation,reservation_reset,round_robin,2,4,2000,200,False,global,per_operation,64,48,False,False,False,False,0,0,0.0,0.0,0.0,0.0,0.0,0.0,0,0.0,0.5,0.5,6397,0,3,0.024193548387096774,0.10113981762917933,0.1838905775075988,0.0,0.6022986322188449,0.8873290273556231,0,0,0,0,0.0,0.8534040568897179,0.25047013079806846,5430.0,5430.0,1.0,False,344.375,229.44444444444446
sat_n11.qasm,sat_n11,2,reservation_reset__round_robin__cq2__ten4__res0__reset0__noepr__global__per_operation,reservation_reset,round_robin,2,4,0,0,False,global,per_operation,64,48,False,False,False,False,0,0,0.0,3.5416666666666665,3.5416666666666665,3.5416666666666665,95.0,170.0,2,0.041666666666666664,0.5208333333333334,0.0625,1595,0,0,0.0,0.12313803376365443,0.0,0.0,0.12313803376365443,0.24627606752730885,0,0,0,0,0.0,0.8736363636363637,0.45857485263350045,2030.0,2030.0,1.0,False,560.40625,136.18055555555554
sat_n11.qasm,sat_n11,2,reservation_reset__round_robin__cq2__ten4__res0__reset50__noepr__global__per_operation,reservation_reset,round_robin,2,4,0,50,False,global,per_operation,64,48,False,False,False,False,0,0,5.8125,10.1875,4.375,4.375,155.0,210.0,2,0.041666666666666664,0.5208333333333334,0.10416666666666667,2488,0,0,0.0,0.11870159255069185,0.05395526934122356,0.0,0.17265686189191543,0.34531372378383085,0,0,0,0,0.0,0.8736363636363637,0.7328489595318731,2880.0,2880.0,1.0,False,511.8854166666667,158.40277777777777
sat_n11.qasm,sat_n11,2,reservation_reset__round_robin__cq2__ten4__res0__reset200__noepr__global__per_operation,reservation_reset,round_robin,2,4,0,200,False,global,per_operation,64,48,False,False,False,False,0,0,49.4375,231.89583333333334,182.45833333333334,182.45833333333334,1250.0,8758.0,18,0.375,0.6875,0.14583333333333334,5048,0,0,0.0,0.1293810765947356,0.23523832108133744,0.0,0.36461939767607304,0.7292387953521461,0,0,0,0,0.0,0.8736363636363637,0.6215334329018818,5735.0,5735.0,1.0,False,359.5208333333333,182.13888888888889
sat_n11.qasm,sat_n11,2,reservation_reset__round_robin__cq2__ten4__res500__reset0__noepr__global__per_operation,reservation_reset,round_robin,2,4,500,0,False,global,per_operation,64,48,False,False,False,False,0,0,0.0,0.0,0.0,0.0,0.0,0.0,0,0.0,0.5,0.20833333333333334,2641,0,0,0.0,0.11793186927200415,0.0,0.0,0.42784454435414143,0.5457764136261456,0,0,0,0,0.0,0.8736363636363637,0.25280946889551725,2030.0,2030.0,1.0,False,590.90625,137.77777777777777
sat_n11.qasm,sat_n11,2,reservation_reset__round_robin__cq2__ten4__res500__reset50__noepr__global__per_operation,reservation_reset,round_robin,2,4,500,50,False,global,per_operation,64,48,False,False,False,False,0,0,0.0,0.0,0.0,0.0,0.0,0.0,0,0.0,0.5,0.6458333333333334,3717,0,0,0.0,0.1162037825864713,0.05281990117566877,0.0,0.45958425626171406,0.6286079400238541,0,0,0,0,0.0,0.8736363636363637,0.25157584348161227,2880.0,2880.0,1.0,False,507.5833333333333,160.69444444444446
sat_n11.qasm,sat_n11,2,reservation_reset__round_robin__cq2__ten4__res500__reset200__noepr__global__per_operation,reservation_reset,round_robin,2,4,500,200,False,global,per_operation,64,48,False,False,False,False,0,0,0.0,0.0,0.0,0.0,0.0,0.0,0,0.0,0.5,0.2916666666666667,5136,0,0,0.0,0.1169811320754717,0.21269296740994853,0.0,0.5824828473413379,0.9121569468267582,0,0,0,0,0.0,0.8736363636363637,0.25081223195546865,5430.0,7793.0,1.4351749539594842,False,344.375,202.43055555555554
sat_n11.qasm,sat_n11,2,reservation_reset__round_robin__cq2__ten4__res2000__reset0__noepr__global__per_operation,reservation_reset,round_robin,2,4,2000,0,False,global,per_operation,64,48,False,False,False,False,0,16,0.0,0.0,0.0,0.0,0.0,0.0,0,0.0,0.5,0.0,4923,0,21,0.1693548387096774,0.09067627050820327,0.0,0.0,0.5752861144457783,0.6659623849539816,0,0,0,0,0.0,0.7967107239411234,0.2514818527719805,4005.0,2250.0,0.5617977528089888,True,538.125,163.47222222222223
sat_n11.qasm,sat_n11,2,reservation_reset__round_robin__cq2__ten4__res2000__reset50__noepr__global__per_operation,reservation_reset,round_robin,2,4,2000,50,False,global,per_operation,64,48,False,False,False,False,0,0,0.0,0.0,0.0,0.0,0.0,0.0,0,0.0,0.5,0.0,4312,0,1,0.008064516129032258,0.1051690633501749,0.047804119704624955,0.0,0.5636066848037311,0.7165798678585309,0,0,0,0,0.0,0.8672896124742032,0.25101219878231157,2880.0,2880.0,1.0,False,489.6875,110.55555555555556
sat_n11.qasm,sat_n11,2,reservation_reset__round_robin__cq2__ten4__res2000__reset200__noepr__global__per_operation,reservation_reset,round_robin,2,4,2000,200,False,global,per_operation,64,48,False,False,False,False,0,0,0.0,0.0,0.0,0.0,0.0,0.0,0,0.0,0.5,0.5,7340,0,8,0.06451612903225806,0.09962523422860713,0.1811367895065584,0.0,0.5996057151780138,0.8803677389131792,0,0,0,0,0.0,0.8117760617760618,0.25043976377291893,5430.0,5430.0,1.0,False,344.375,229.44444444444446
square_root_n18.qasm,square_root_n18,0,reservation_reset__round_robin__cq2__ten4__res0__reset0__noepr__global__per_operation,reservation_reset,round_robin,2,4,0,0,False,global,per_operation,64,48,False,False,False,False,0,0,1.3958333333333333,8.583333333333334,7.1875,7.1875,135.0,345.0,5,0.10416666666666667,0.5520833333333334,0.8333333333333334,10282,0,0,0.0,0.19910385519719623,0.0,0.0,0.19910385519719623,0.39820771039439246,0,0,0,0,0.0,0.6282608695652174,0.5147174189826699,5760.0,5760.0,1.0,False,524.9270833333334,61.581896551724135
square_root_n18.qasm,square_root_n18,0,reservation_reset__round_robin__cq2__ten4__res0__reset50__noepr__global__per_operation,reservation_reset,round_robin,2,4,0,50,False,global,per_operation,64,48,False,False,False,False,0,0,2.5625,68.4375,65.875,65.875,509.0,3162.0,17,0.3541666666666667,0.6770833333333334,0.20833333333333334,20316,0,0,0.0,0.1998308027962064,0.09083218308918474,0.0,0.29066298588539113,0.5813259717707823,0,0,0,0,0.0,0.6282608695652174,0.535407911604001,8310.0,8310.0,1.0,False,461.1770833333333,71.74568965517241
square_root_n18.qasm,square_root_n18,0,reservation_reset__round_robin__cq2__ten4__res0__reset200__noepr__global__per_operation,reservation_reset,round_robin,2,4,0,200,False,global,per_operation,64,48,False,False,False,False,0,25,54.958333333333336,2419.875,2364.9166666666665,2364.9166666666665,3780.0,113516.0,47,0.9791666666666666,0.9895833333333333,0.1875,33543,0,25,0.12254901960784313,0.1723715311214217,0.31340278385713033,0.0,0.48577431497855206,0.9715486299571041,0,0,0,0,0.0,0.7035792709705753,0.9432353178989852,12235.0,12235.0,1.0,True,300.2083333333333,91.75824175824175
square_root_n18.qasm,square_root_n18,0,reservation_reset__round_robin__cq2__ten4__res500__reset0__noepr__global__per_operation,reservation_reset,round_robin,2,4,500,0,False,global,per_operation,64,48,False,False,False,False,0,0,0.0,0.0,0.0,0.0,0.0,0.0,0,0.0,0.5,0.4583333333333333,16316,0,0,0.0,0.19111697823957757,0.0,0.0,0.4917301877954265,0.6828471660350041,0,0,0,0,0.0,0.6282608695652174,0.2507537124536925,5760.0,7190.0,1.2482638888888888,False,564.2708333333334,63.36206896551724
square_root_n18.qasm,square_root_n18,0,reservation_reset__round_robin__cq2__ten4__res500__reset50__noepr__global__per_operation,reservation_reset,round_robin,2,4,500,50,False,global,per_operation,64,48,False,False,False,False,0,0,0.0,0.0,0.0,0.0,0.0,0.0,0,0.0,0.5,0.020833333333333332,31194,0,5,0.024509803921568627,0.18979494515975204,0.0862704296180691,0.0,0.5656652360515021,0.8417306108293233,0,0,0,0,0.0,0.604226426609704,0.250388634387226,8465.0,11735.0,1.3862965150620201,False,489.6875,75.07758620689656
square_root_n18.qasm,square_root_n18,0,reservation_reset__round_robin__cq2__ten4__res500__reset200__noepr__global__per_operation,reservation_reset,round_robin,2,4,500,200,False,global,per_operation,64,48,False,False,False,False,0,36,0.0,0.0,0.0,0.0,0.0,0.0,0,0.0,0.5,0.3958333333333333,35652,0,39,0.19117647058823528,0.14969072164948455,0.2721649484536082,0.0,0.653818556701031,1.0756742268041237,0,0,0,0,0.0,0.7246087511977004,0.25035450497081735,12240.0,12305.0,1.0053104575163399,True,344.375,97.02717391304348
square_root_n18.qasm,square_root_n18,0,reservation_reset__round_robin__cq2__ten4__res2000__reset0__noepr__global__per_operation,reservation_reset,round_robin,2,4,2000,0,False,global,per_operation,64,48,False,False,False,False,0,0,0.0,0.0,0.0,0.0,0.0,0.0,0,0.0,0.5,0.5,16532,0,3,0.014705882352941176,0.17540658468861564,0.0,0.0,0.620353034510115,0.7957596191987306,0,0,0,0,0.0,0.6140342877986503,0.2505607563554928,5760.0,7190.0,1.2482638888888888,False,538.125,62.866379310344826
square_root_n18.qasm,square_root_n18,0,reservation_reset__round_robin__cq2__ten4__res2000__reset50__noepr__global__per_operation,reservation_reset,round_robin,2,4,2000,50,False,global,per_operation,64,48,False,False,False,False,0,0,0.0,0.0,0.0,0.0,0.0,0.0,0,0.0,0.5,0.0,28200,0,6,0.029411764705882353,0.17361498605021922,0.07891590275009965,0.0,0.6437425269031487,0.8962734157034675,0,0,0,0,0.0,0.5998898273962542,0.250408344043576,8785.0,10390.0,1.182697780307342,False,489.6875,75.94396551724138
square_root_n18.qasm,square_root_n18,0,reservation_reset__round_robin__cq2__ten4__res2000__reset200__noepr__global__per_operation,reservation_reset,round_robin,2,4,2000,200,False,global,per_operation,64,48,False,False,False,False,0,36,0.0,0.0,0.0,0.0,0.0,0.0,0,0.0,0.5,0.0,35867,0,54,0.2647058823529412,0.12110091743119267,0.22018348623853212,0.0,0.6477394495412844,0.9890238532110092,0,0,0,0,0.0,0.6282108554835828,0.2503012320615388,12240.0,12240.0,1.0,True,344.375,108.0
square_root_n18.qasm,square_root_n18,1,reservation_reset__round_robin__cq2__ten4__res0__reset0__noepr__global__per_operation,reservation_reset,round_robin,2,4,0,0,False,global,per_operation,64,48,False,False,False,False,0,0,0.6875,5.0,4.3125,4.3125,135.0,207.0,4,0.08333333333333333,0.5416666666666666,0.8958333333333334,11534,0,0,0.0,0.1986280150475769,0.0,0.0,0.1986280150475769,0.3972560300951538,0,0,0,0,0.0,0.6282608695652174,0.43441538487383924,5975.0,5975.0,1.0,False,529.6354166666666,61.668103448275865
square_root_n18.qasm,square_root_n18,1,reservation_reset__round_robin__cq2__ten4__res0__reset50__noepr__global__per_operation,reservation_reset,round_robin,2,4,0,50,False,global,per_operation,64,48,False,False,False,False,0,0,2.875,84.27083333333333,81.39583333333333,81.39583333333333,725.0,3907.0,15,0.3125,0.65625,0.7916666666666666,23257,0,0,0.0,0.19663512092534174,0.08937960042060988,0.0,0.28601472134595163,0.5720294426919033,0,0,0,0,0.0,0.6282608695652174,0.5391713406164061,8470.0,8470.0,1.0,False,498.0,69.9396551724138
square_root_n18.qasm,square_root_n18,1,reservation_reset__round_robin__cq2__ten4__res0__reset200__noepr__global__per_operation,reservation_reset,round_robin,2,4,0,200,False,global,per_operation,64,48,False,False,False,False,0,24,19.875,1979.4791666666667,1959.6041666666667,1959.6041666666667,3685.0,94061.0,47,0.9791666666666666,0.9895833333333333,0.7916666666666666,23417,0,24,0.11764705882352941,0.16923800162400102,0.3077054574981837,0.0,0.4769434591221847,0.9538869182443694,0,0,0,0,0.0,0.700207468879668,0.8881115793711893,12240.0,12305.0,1.0053104575163399,True,293.8541666666667,102.48913043478261
square_root_n18.qasm,square_root_n18,1,reservation_reset__round_robin__cq2__ten4__res500__reset0__noepr__global__per_operation,reservation_reset,round_robin,2,4,500,0,False,global,per_operation,64,48,False,False,False,False,0,0,0.0,0.0,0.0,0.0,0.0,0.0,0,0.0,0.5,0.3541666666666667,15900,0,0,0.0,0.19190148373027752,0.0,0.0,0.5087655535126352,0.7006670372429127,0,0,0,0,0.0,0.6282608695652174,0.25092218414040285,5760.0,7190.0,1.2482638888888888,False,554.5833333333334,63.36206896551724
square_root_n18.qasm,square_root_n18,1,reservation_reset__round_robin__cq2__ten4__res500__reset50__noepr__global__per_operation,reservation_reset,round_robin,2,4,500,50,False,global,per_operation,64,48,False,False,False,False,0,0,0.0,0.0,0.0,0.0,0.0,0.0,0,0.0,0.5,0.8125,27470,0,1,0.004901960784313725,0.20136164840614995,0.09152802200279543,0.0,0.5846160782722395,0.8775057486811849,0,0,0,0,0.0,0.6235851340717874,0.25046613326861206,8310.0,10390.0,1.2503008423586042,False,489.6875,79.24568965517241
square_root_n18.qasm,square_root_n18,1,reservation_reset__round_robin__cq2__ten4__res500__reset200__noepr__global__per_operation,reservation_reset,round_robin,2,4,500,200,False,global,per_operation,64,48,False,False,False,False,0,36,0.0,0.0,0.0,0.0,0.0,0.0,0,0.0,0.5,0.8958333333333334,37965,0,47,0.23039215686274508,0.1467913302167446,0.26689332766680834,0.0,0.6408627284317892,1.054547386315342,0,0,0,0,0.0,0.6744281492831345,0.25033321933982866,12240.0,12240.0,1.0,True,344.375,99.81521739130434
square_root_n18.qasm,square_root_n18,1,reservation_reset__round_robin__cq2__ten4__res2000__reset0__noepr__global__per_operation,reservation_reset,round_robin,2,4,2000,0,False,global,per_operation,64,48,False,False,False,False,0,0,0.0,0.0,0.0,0.0,0.0,0.0,0,0.0,0.5,0.0,15549,0,8,0.0392156862745098,0.16956350766810854,0.0,0.0,0.6145182854895792,0.7840817931576878,0,0,0,0,0.0,0.5890578999018645,0.25084110892643113,5760.0,7190.0,1.2482638888888888,False,538.125,63.36206896551724
square_root_n18.qasm,square_root_n18,1,reservation_reset__round_robin__cq2__ten4__res2000__reset50__noepr__global__per_operation,reservation_reset,round_robin,2,4,2000,50,False,global,per_operation,64,48,False,False,False,False,0,0,0.0,0.0,0.0,0.0,0.0,0.0,0,0.0,0.5,0.5,28461,0,10,0.049019607843137254,0.16691435275713726,0.07587016034415331,0.0,0.640027375831052,0.8828118889323426,0,0,0,0,0.0,0.5793005787464598,0.2503935932568091,8310.0,10390.0,1.2503008423586042,False,489.6875,79.95689655172414
square_root_n18.qasm,square_root_n18,1,reservation_reset__round_robin__cq2__ten4__res2000__reset200__noepr__global__per_operation,reservation_reset,round_robin,2,4,2000,200,False,global,per_operation,64,48,False,False,False,False,0,36,0.0,0.0,0.0,0.0,0.0,0.0,0,0.0,0.5,0.5,34848,0,48,0.23529411764705882,0.12452830188679245,0.22641509433962265,0.0,0.648766328011611,0.9997097242380262,0,0,0,0,0.0,0.6675444371296906,0.2502850701527267,12240.0,12240.0,1.0,True,344.375,121.46739130434783
square_root_n18.qasm,square_root_n18,2,reservation_reset__round_robin__cq2__ten4__res0__reset0__noepr__global__per_operation,reservation_reset,round_robin,2,4,0,0,False,global,per_operation,64,48,False,False,False,False,0,0,0.9166666666666666,16.541666666666668,15.625,15.625,180.0,750.0,7,0.14583333333333334,0.5729166666666666,0.7916666666666666,10487,0,0,0.0,0.2005361930294906,0.0,0.0,0.2005361930294906,0.4010723860589812,0,0,0,0,0.0,0.6282608695652174,0.5235775407823964,5975.0,5975.0,1.0,False,520.34375,62.93103448275862
square_root_n18.qasm,square_root_n18,2,reservation_reset__round_robin__cq2__ten4__res0__reset50__noepr__global__per_operation,reservation_reset,round_robin,2,4,0,50,False,global,per_operation,64,48,False,False,False,False,0,0,0.25,101.85416666666667,101.60416666666667,101.60416666666667,785.0,4877.0,18,0.375,0.6875,0.7916666666666666,22138,0,0,0.0,0.19837340876944837,0.09016973125884017,0.0,0.28854314002828857,0.5770862800565771,0,0,0,0,0.0,0.6282608695652174,0.5522743303425891,8310.0,8310.0,1.0,False,472.0729166666667,71.56896551724138
square_root_n18.qasm,square_root_n18,2,reservation_reset__round_robin__cq2__ten4__res0__reset200__noepr__global__per_operation,reservation_reset,round_robin,2,4,0,200,False,global,per_operation,64,48,False,False,False,False,0,26,23.895833333333332,3295.8333333333335,3271.9375,3271.9375,4930.0,157053.0,47,0.9791666666666666,0.9895833333333333,0.8125,37259,0,26,0.12745098039215685,0.17026827253358842,0.3095786773337971,0.0,0.4798469498673855,0.959693899734771,0,0,0,0,0.0,0.7069796501249553,0.9713777685220968,12240.0,12240.0,1.0,True,313.3333333333333,91.13333333333334
square_root_n18.qasm,square_root_n18,2,reservation_reset__round_robin__cq2__ten4__res500__reset0__noepr__global__per_operation,reservation_reset,round_robin,2,4,500,0,False,global,per_operation,64,48,False,False,False,False,0,0,0.0,0.0,0.0,0.0,0.0,0.0,0,0.0,0.5,0.4791666666666667,16115,0,0,0.0,0.19135328728575082,0.0,0.0,0.5111750660868082,0.702528353372559,0,0,0,0,0.0,0.6282608695652174,0.25087901498247006,5760.0,7770.0,1.3489583333333333,False,538.125,58.2198275862069
square_root_n18.qasm,square_root_n18,2,reservation_reset__round_robin__cq2__ten4__res500__reset50__noepr__global__per_operation,reservation_reset,round_robin,2,4,500,50,False,global,per_operation,64,48,False,False,False,False,0,0,0.0,0.0,0.0,0.0,0.0,0.0,0,0.0,0.5,0.5416666666666666,29445,0,4,0.0196078431372549,0.18799401837214272,0.08545182653279214,0.0,0.5662678914761803,0.8397137363811151,0,0,0,0,0.0,0.6094588005850804,0.2504569904419606,8310.0,10390.0,1.2503008423586042,False,489.6875,74.0
square_root_n18.qasm,square_root_n18,2,reservation_reset__round_robin__cq2__ten4__res500__reset200__noepr__global__per_operation,reservation_reset,round_robin,2,4,500,200,False,global,per_operation,64,48,False,False,False,False,0,36,0.0,0.0,0.0,0.0,0.0,0.0,0,0.0,0.5,0.4791666666666667,38459,0,44,0.21568627450980393,0.14587650227932034,0.2652300041442188,0.0,0.6378574388727725,1.0489639452963115,0,0,0,0,0.0,0.6930907515702838,0.25028467376787356,12240.0,12240.0,1.0,True,344.375,91.95108695652173
square_root_n18.qasm,square_root_n18,2,reservation_reset__round_robin__cq2__ten4__res2000__reset0__noepr__global__per_operation,reservation_reset,round_robin,2,4,2000,0,False,global,per_operation,64,48,False,False,False,False,0,0,0.0,0.0,0.0,0.0,0.0,0.0,0,0.0,0.5,0.0,16082,0,1,0.004901960784313725,0.17411306042884991,0.0,0.0,0.6161091617933723,0.7902222222222223,0,0,0,0,0.0,0.6235851340717874,0.25053359930304436,6200.0,7190.0,1.1596774193548387,False,538.125,60.0301724137931
square_root_n18.qasm,square_root_n18,2,reservation_reset__round_robin__cq2__ten4__res2000__reset50__noepr__global__per_operation,reservation_reset,round_robin,2,4,2000,50,False,global,per_operation,64,48,False,False,False,False,0,0,0.0,0.0,0.0,0.0,0.0,0.0,0,0.0,0.5,0.5,29490,0,10,0.049019607843137254,0.16691435275713726,0.07587016034415331,0.0,0.642534219788815,0.8853187328901055,0,0,0,0,0.0,0.5798003450825733,0.2503465316225669,8310.0,10390.0,1.2503008423586042,False,489.6875,79.95689655172414
square_root_n18.qasm,square_root_n18,2,reservation_reset__round_robin__cq2__ten4__res2000__reset200__noepr__global__per_operation,reservation_reset,round_robin,2,4,2000,200,False,global,per_operation,64,48,False,False,False,False,0,36,0.0,0.0,0.0,0.0,0.0,0.0,0,0.0,0.5,0.0,34637,0,50,0.24509803921568626,0.1243302752293578,0.22605504587155964,0.0,0.6583119266055046,1.008697247706422,0,0,0,0,0.0,0.6521117465904092,0.2503392975028208,12240.0,12240.0,1.0,True,344.375,121.46739130434783
bv_n19.qasm,bv_n19,0,reservation_reset__shared_global_pool__cq2__ten4__res0__reset0__noepr__global__per_operation,reservation_reset,shared_global_pool,2,4,0,0,False,global,per_operation,64,48,False,False,False,False,0,0,0.0,0.0,0.0,0.0,0.0,0.0,0,0.0,0.5,0.9791666666666666,70,200,0,0.0,0.09845603043186395,0.0,0.0,0.09845603043186395,0.1969120608637279,0,0,0,0,0.0,0.7697044334975369,0.7590758101168179,435.0,435.0,1.0,False,1026.8958333333333,470.0
bv_n19.qasm,bv_n19,0,reservation_reset__shared_global_pool__cq2__ten4__res0__reset50__noepr__global__per_operation,reservation_reset,shared_global_pool,2,4,0,50,False,global,per_operation,64,48,False,False,False,False,0,0,0.0,0.20833333333333334,0.20833333333333334,0.20833333333333334,10.0,10.0,1,0.020833333333333332,0.5104166666666666,0.9791666666666666,129,200,0,0.0,0.09609504673713637,0.04367956669869835,0.0,0.13977461343583472,0.27954922687166944,0,0,0,0,0.0,0.7697044334975369,0.7497684954972081,535.0,535.0,1.0,False,1119.6875,470.0
bv_n19.qasm,bv_n19,0,reservation_reset__shared_global_pool__cq2__ten4__res0__reset200__noepr__global__per_operation,reservation_reset,shared_global_pool,2,4,0,200,False,global,per_operation,64,48,False,False,False,False,0,0,0.0,8.333333333333334,8.333333333333334,8.333333333333334,310.0,400.0,2,0.041666666666666664,0.5208333333333334,0.9791666666666666,165,200,0,0.0,0.09562307123918808,0.1738601295257965,0.0,0.26948320076498455,0.5389664015299691,0,0,0,0,0.0,0.7697044334975369,0.3693774776635106,835.0,835.0,1.0,False,835.6458333333334,470.0
bv_n19.qasm,bv_n19,0,reservation_reset__shared_global_pool__cq2__ten4__res500__reset0__noepr__global__per_operation,reservation_reset,shared_global_pool,2,4,500,0,False,global,per_operation,64,48,False,False,False,False,0,0,0.0,0.0,0.0,0.0,0.0,0.0,0,0.0,0.5,0.9791666666666666,129,200,0,0.0,0.09568129430696298,0.0,0.0,0.48097246988213804,0.5766537641891011,0,0,0,0,0.0,0.7697044334975369,0.6348640639892289,475.0,580.0,1.2210526315789474,False,1114.7708333333333,374.1666666666667
bv_n19.qasm,bv_n19,0,reservation_reset__shared_global_pool__cq2__ten4__res500__reset50__noepr__global__per_operation,reservation_reset,shared_global_pool,2,4,500,50,False,global,per_operation,64,48,False,False,False,False,0,0,0.0,0.0,0.0,0.0,0.0,0.0,0,0.0,0.5,0.375,253,200,0,0.0,0.0944733112895607,0.04294241422252759,0.0,0.5154549748786876,0.652870700390776,0,0,0,0,0.0,0.7697044334975369,0.37170869404619644,575.0,730.0,1.2695652173913043,False,1038.9375,374.1666666666667
bv_n19.qasm,bv_n19,0,reservation_reset__shared_global_pool__cq2__ten4__res500__reset200__noepr__global__per_operation,reservation_reset,shared_global_pool,2,4,500,200,False,global,per_operation,64,48,False,False,False,False,0,0,0.0,0.0,0.0,0.0,0.0,0.0,0,0.0,0.5,0.9791666666666666,148,200,0,0.0,0.09481941211964486,0.17239893112662702,0.0,0.6468666494267735,0.9140849926730454,0,0,0,0,0.0,0.7697044334975369,0.7517772411813377,835.0,875.0,1.0479041916167664,False,818.3958333333334,470.0
bv_n19.qasm,bv_n19,0,reservation_reset__shared_global_pool__cq2__ten4__res2000__reset0__noepr__global__per_operation,reservation_reset,shared_global_pool,2,4,2000,0,False,global,per_operation,64,48,False,False,False,False,0,0,0.0,0.0,0.0,0.0,0.0,0.0,0,0.0,0.5,0.875,370,200,0,0.0,0.09096923585841879,0.0,0.0,0.9141002315580549,1.0050694674164737,0,0,0,0,0.0,0.7697044334975369,0.2591887399592663,475.0,580.0,1.2210526315789474,False,1177.75,374.1666666666667
bv_n19.qasm,bv_n19,0,reservation_reset__shared_global_pool__cq2__ten4__res2000__reset50__noepr__global__per_operation,reservation_reset,shared_global_pool,2,4,2000,50,False,global,per_operation,64,48,False,False,False,False,0,0,0.0,0.0,0.0,0.0,0.0,0.0,0,0.0,0.5,0.4375,1864,200,0,0.0,0.08795426378283293,0.039979210810378606,0.0,0.925134929836485,1.0530684044296965,0,0,0,0,0.0,0.7697044334975369,0.25283938717976767,575.0,730.0,1.2695652173913043,False,1372.5833333333333,374.1666666666667
bv_n19.qasm,bv_n19,0,reservation_reset__shared_global_pool__cq2__ten4__res2000__reset200__noepr__global__per_operation,reservation_reset,shared_global_pool,2,4,2000,200,False,global,per_operation,64,48,False,False,False,False,0,0,0.0,0.0,0.0,0.0,0.0,0.0,0,0.0,0.5,0.8125,541,200,0,0.0,0.08832503613296933,0.16059097478721696,0.0,0.9156335313955356,1.164549542315722,0,0,0,0,0.0,0.7697044334975369,0.2534099739082322,835.0,875.0,1.0479041916167664,False,741.4375,470.0
bv_n19.qasm,bv_n19,1,reservation_reset__shared_global_pool__cq2__ten4__res0__reset0__noepr__global__per_operation,reservation_reset,shared_global_pool,2,4,0,0,False,global,per_operation,64,48,False,False,False,False,0,0,0.0,0.0,0.0,0.0,0.0,0.0,0,0.0,0.5,0.9791666666666666,70,200,0,0.0,0.09636443276390715,0.0,0.0,0.09636443276390715,0.1927288655278143,0,0,0,0,0.0,0.7697044334975369,0.7590758101168179,435.0,435.0,1.0,False,1062.3333333333333,470.0
bv_n19.qasm,bv_n19,1,reservation_reset__shared_global_pool__cq2__ten4__res0__reset50__noepr__global__per_operation,reservation_reset,shared_global_pool,2,4,0,50,False,global,per_operation,64,48,False,False,False,False,0,0,0.0,0.20833333333333334,0.20833333333333334,0.20833333333333334,10.0,10.0,1,0.020833333333333332,0.5104166666666666,0.9791666666666666,160,200,0,0.0,0.10304449648711944,0.0468384074941452,0.0,0.14988290398126464,0.2997658079625293,0,0,0,0,0.0,0.7697044334975369,0.7489800286659173,535.0,535.0,1.0,False,1011.1666666666666,374.1666666666667
bv_n19.qasm,bv_n19,1,reservation_reset__shared_global_pool__cq2__ten4__res0__reset200__noepr__global__per_operation,reservation_reset,shared_global_pool,2,4,0,200,False,global,per_operation,64,48,False,False,False,False,0,0,0.0,14.0625,14.0625,14.0625,510.0,675.0,2,0.041666666666666664,0.5208333333333334,0.9791666666666666,281,200,0,0.0,0.10436432637571158,0.18975332068311196,0.0,0.29411764705882354,0.5882352941176471,0,0,0,0,0.0,0.7697044334975369,0.6569489560126578,835.0,835.0,1.0,False,831.4375,374.1666666666667
bv_n19.qasm,bv_n19,1,reservation_reset__shared_global_pool__cq2__ten4__res500__reset0__noepr__global__per_operation,reservation_reset,shared_global_pool,2,4,500,0,False,global,per_operation,64,48,False,False,False,False,0,0,0.0,0.0,0.0,0.0,0.0,0.0,0,0.0,0.5,0.9791666666666666,153,200,0,0.0,0.09575208913649025,0.0,0.0,0.4868558495821727,0.5826079387186629,0,0,0,0,0.0,0.7697044334975369,0.5283306800011247,475.0,580.0,1.2210526315789474,False,1048.6041666666667,374.1666666666667
bv_n19.qasm,bv_n19,1,reservation_reset__shared_global_pool__cq2__ten4__res500__reset50__noepr__global__per_operation,reservation_reset,shared_global_pool,2,4,500,50,False,global,per_operation,64,48,False,False,False,False,0,0,0.0,0.0,0.0,0.0,0.0,0.0,0,0.0,0.5,0.9791666666666666,209,200,0,0.0,0.09596091773532234,0.043618598970601066,0.0,0.5199860420483294,0.6595655587542528,0,0,0,0,0.0,0.7697044334975369,0.5586490652318117,575.0,730.0,1.2695652173913043,False,1023.1666666666666,374.1666666666667
bv_n19.qasm,bv_n19,1,reservation_reset__shared_global_pool__cq2__ten4__res500__reset200__noepr__global__per_operation,reservation_reset,shared_global_pool,2,4,500,200,False,global,per_operation,64,48,False,False,False,False,0,0,0.0,0.0,0.0,0.0,0.0,0.0,0,0.0,0.5,0.9791666666666666,223,200,0,0.0,0.09591489732746218,0.1743907224135676,0.0,0.6378340672276235,0.9081396869686532,0,0,0,0,0.0,0.7697044334975369,0.2669171135865579,835.0,875.0,1.0479041916167664,False,864.4166666666666,470.0
bv_n19.qasm,bv_n19,1,reservation_reset__shared_global_pool__cq2__ten4__res2000__reset0__noepr__global__per_operation,reservation_reset,shared_global_pool,2,4,2000,0,False,global,per_operation,64,48,False,False,False,False,0,0,0.0,0.0,0.0,0.0,0.0,0.0,0,0.0,0.5,0.5416666666666666,904,200,0,0.0,0.08959478721238037,0.0,0.0,0.8963958460598656,0.985990633272246,0,0,0,0,0.0,0.7697044334975369,0.2580986230080135,435.0,475.0,1.0919540229885059,False,1270.5833333333333,470.0
bv_n19.qasm,bv_n19,1,reservation_reset__shared_global_pool__cq2__ten4__res2000__reset50__noepr__global__per_operation,reservation_reset,shared_global_pool,2,4,2000,50,False,global,per_operation,64,48,False,False,False,False,0,0,0.0,0.0,0.0,0.0,0.0,0.0,0,0.0,0.5,0.7708333333333334,648,200,0,0.0,0.08990600735594606,0.04086636697997548,0.0,0.9129709848794442,1.0437433592153658,0,0,0,0,0.0,0.7697044334975369,0.25387549261477266,575.0,730.0,1.2695652173913043,False,1250.2291666666667,374.1666666666667
bv_n19.qasm,bv_n19,1,reservation_reset__shared_global_pool__cq2__ten4__res2000__reset200__noepr__global__per_operation,reservation_reset,shared_global_pool,2,4,2000,200,False,global,per_operation,64,48,False,False,False,False,0,0,0.0,0.0,0.0,0.0,0.0,0.0,0,0.0,0.5,0.7083333333333334,1391,200,0,0.0,0.08849557522123894,0.16090104585679807,0.0,0.9056074014481094,1.1550040225261464,0,0,0,0,0.0,0.7697044334975369,0.2515045119003241,1180.0,1765.0,1.4957627118644068,False,1197.9791666666667,278.75
bv_n19.qasm,bv_n19,2,reservation_reset__shared_global_pool__cq2__ten4__res0__reset0__noepr__global__per_operation,reservation_reset,shared_global_pool,2,4,0,0,False,global,per_operation,64,48,False,False,False,False,0,0,0.0,0.0,0.0,0.0,0.0,0.0,0,0.0,0.5,0.9791666666666666,92,200,0,0.0,0.0997551464586923,0.0,0.0,0.0997551464586923,0.1995102929173846,0,0,0,0,0.0,0.7697044334975369,0.5944431091860135,470.0,470.0,1.0,False,1100.7291666666667,383.1666666666667
bv_n19.qasm,bv_n19,2,reservation_reset__shared_global_pool__cq2__ten4__res0__reset50__noepr__global__per_operation,reservation_reset,shared_global_pool,2,4,0,50,False,global,per_operation,64,48,False,False,False,False,0,0,0.0,1.3541666666666667,1.3541666666666667,1.3541666666666667,65.0,65.0,1,0.020833333333333332,0.5104166666666666,0.9791666666666666,215,200,0,0.0,0.09824498727280846,0.044656812396731124,0.0,0.1429017996695396,0.2858035993390792,0,0,0,0,0.0,0.7697044334975369,0.44526213417810473,535.0,535.0,1.0,False,1037.0416666666667,279.8333333333333
bv_n19.qasm,bv_n19,2,reservation_reset__shared_global_pool__cq2__ten4__res0__reset200__noepr__global__per_operation,reservation_reset,shared_global_pool,2,4,0,200,False,global,per_operation,64,48,False,False,False,False,0,0,0.0,8.4375,8.4375,8.4375,315.0,405.0,2,0.041666666666666664,0.5208333333333334,0.9791666666666666,192,200,0,0.0,0.0998003992015968,0.18145527127563055,0.0,0.2812556704772274,0.5625113409544548,0,0,0,0,0.0,0.7697044334975369,0.6665071630170187,835.0,835.0,1.0,False,871.3958333333334,470.0
bv_n19.qasm,bv_n19,2,reservation_reset__shared_global_pool__cq2__ten4__res500__reset0__noepr__global__per_operation,reservation_reset,shared_global_pool,2,4,500,0,False,global,per_operation,64,48,False,False,False,False,0,0,0.0,0.0,0.0,0.0,0.0,0.0,0,0.0,0.5,0.7291666666666666,260,200,0,0.0,0.0957562568008705,0.0,0.0,0.48957562568008706,0.5853318824809576,0,0,0,0,0.0,0.7697044334975369,0.7508873102028937,778.0,987.0,1.268637532133676,False,1065.4166666666667,258.3333333333333
bv_n19.qasm,bv_n19,2,reservation_reset__shared_global_pool__cq2__ten4__res500__reset50__noepr__global__per_operation,reservation_reset,shared_global_pool,2,4,500,50,False,global,per_operation,64,48,False,False,False,False,0,0,0.0,0.0,0.0,0.0,0.0,0.0,0,0.0,0.5,0.9583333333333334,264,200,0,0.0,0.0949585635359116,0.043162983425414365,0.0,0.5183011049723757,0.6564226519337016,0,0,0,0,0.0,0.7697044334975369,0.513777250240042,575.0,730.0,1.2695652173913043,False,986.9166666666666,374.1666666666667
bv_n19.qasm,bv_n19,2,reservation_reset__shared_global_pool__cq2__ten4__res500__reset200__noepr__global__per_operation,reservation_reset,shared_global_pool,2,4,500,200,False,global,per_operation,64,48,False,False,False,False,0,0,0.0,0.0,0.0,0.0,0.0,0.0,0,0.0,0.5,0.9791666666666666,165,200,0,0.0,0.09360905454854906,0.17019828099736192,0.0,0.6266360309760871,0.8904433665219982,0,0,0,0,0.0,0.7697044334975369,0.31040665417610563,835.0,875.0,1.0479041916167664,False,860.6041666666666,470.0
bv_n19.qasm,bv_n19,2,reservation_reset__shared_global_pool__cq2__ten4__res2000__reset0__noepr__global__per_operation,reservation_reset,shared_global_pool,2,4,2000,0,False,global,per_operation,64,48,False,False,False,False,0,0,0.0,0.0,0.0,0.0,0.0,0.0,0,0.0,0.5,0.6875,189,200,0,0.0,0.09071042757596998,0.0,0.0,0.9143776027707913,1.0050880303467613,0,0,0,0,0.0,0.7697044334975369,0.26086722594398154,435.0,475.0,1.0919540229885059,False,980.9166666666666,470.0
bv_n19.qasm,bv_n19,2,reservation_reset__shared_global_pool__cq2__ten4__res2000__reset50__noepr__global__per_operation,reservation_reset,shared_global_pool,2,4,2000,50,False,global,per_operation,64,48,False,False,False,False,0,0,0.0,0.0,0.0,0.0,0.0,0.0,0,0.0,0.5,0.9166666666666666,1208,200,0,0.0,0.09012699713232282,0.04096681687832855,0.0,0.9116263826300697,1.042720196640721,0,0,0,0,0.0,0.7697044334975369,0.2545484124268102,535.0,575.0,1.074766355140187,False,1250.875,470.0
bv_n19.qasm,bv_n19,2,reservation_reset__shared_global_pool__cq2__ten4__res2000__reset200__noepr__global__per_operation,reservation_reset,shared_global_pool,2,4,2000,200,False,global,per_operation,64,48,False,False,False,False,0,0,0.0,0.0,0.0,0.0,0.0,0.0,0,0.0,0.5,0.7708333333333334,654,200,0,0.0,0.0880951427541745,0.16017298682577183,0.0,0.9167821246946702,1.1650502542746166,0,0,0,0,0.0,0.7697044334975369,0.25406714846930134,835.0,875.0,1.0479041916167664,False,731.3125,470.0
dnn_n16.qasm,dnn_n16,0,reservation_reset__shared_global_pool__cq2__ten4__res0__reset0__noepr__global__per_operation,reservation_reset,shared_global_pool,2,4,0,0,False,global,per_operation,64,48,False,False,False,False,0,0,0.0,1.3541666666666667,1.3541666666666667,1.3541666666666667,50.0,65.0,2,0.041666666666666664,0.5208333333333334,0.9166666666666666,82,320,0,0.0,0.1555732343321842,0.0,0.0,0.1555732343321842,0.3111464686643684,0,0,0,0,0.0,0.7722007722007722,0.6002627138756959,8415.0,8415.0,1.0,False,765.0208333333334,448.1388888888889
dnn_n16.qasm,dnn_n16,0,reservation_reset__shared_global_pool__cq2__ten4__res0__reset50__noepr__global__per_operation,reservation_reset,shared_global_pool,2,4,0,50,False,global,per_operation,64,48,False,False,False,False,0,0,0.0,8.4375,8.4375,8.4375,95.0,405.0,6,0.125,0.5625,0.9166666666666666,434,320,0,0.0,0.15340364333652926,0.06972892878933147,0.0,0.2231325721258607,0.4462651442517214,0,0,0,0,0.0,0.7722007722007722,0.6942986013968072,8505.0,8535.0,1.0035273368606703,False,764.7291666666666,355.0833333333333
dnn_n16.qasm,dnn_n16,0,reservation_reset__shared_global_pool__cq2__ten4__res0__reset200__noepr__global__per_operation,reservation_reset,shared_global_pool,2,4,0,200,False,global,per_operation,64,48,False,False,False,False,0,0,0.0,61.875,61.875,61.875,510.0,2970.0,12,0.25,0.625,0.9166666666666666,946,320,0,0.0,0.1517764746464298,0.2759572266298724,0.0,0.42773370127630217,0.8554674025526043,0,0,0,0,0.0,0.7722007722007722,0.8321717942162639,8955.0,8985.0,1.003350083752094,False,579.1666666666666,243.70833333333334
dnn_n16.qasm,dnn_n16,0,reservation_reset__shared_global_pool__cq2__ten4__res500__reset0__noepr__global__per_operation,reservation_reset,shared_global_pool,2,4,500,0,False,global,per_operation,64,48,False,False,False,False,0,0,0.0,0.0,0.0,0.0,0.0,0.0,0,0.0,0.5,0.5416666666666666,595,320,0,0.0,0.15260556663487385,0.0,0.0,0.5988901413335646,0.7514957079684383,0,0,0,0,0.0,0.7722007722007722,0.33509590085974855,8415.0,8465.0,1.005941770647653,False,809.1458333333334,356.30555555555554
dnn_n16.qasm,dnn_n16,0,reservation_reset__shared_global_pool__cq2__ten4__res500__reset50__noepr__global__per_operation,reservation_reset,shared_global_pool,2,4,500,50,False,global,per_operation,64,48,False,False,False,False,0,0,0.0,0.0,0.0,0.0,0.0,0.0,0,0.0,0.5,0.5625,1113,320,0,0.0,0.15750145420376752,0.0715915700926216,0.0,0.6708667054454338,0.8999597297418229,0,0,0,0,0.0,0.7722007722007722,0.2612335491743071,8505.0,8650.0,1.0170487948265725,False,772.6666666666666,333.81944444444446
dnn_n16.qasm,dnn_n16,0,reservation_reset__shared_global_pool__cq2__ten4__res500__reset200__noepr__global__per_operation,reservation_reset,shared_global_pool,2,4,500,200,False,global,per_operation,64,48,False,False,False,False,0,0,0.0,0.0,0.0,0.0,0.0,0.0,0,0.0,0.5,0.9166666666666666,1969,320,0,0.0,0.15154124332701913,0.2755295333218529,0.0,0.7648613742035475,1.1919321508524194,0,0,0,0,0.0,0.7722007722007722,0.257301455785509,9250.0,9640.0,1.0421621621621622,False,545.0208333333334,236.34722222222223
dnn_n16.qasm,dnn_n16,0,reservation_reset__shared_global_pool__cq2__ten4__res2000__reset0__noepr__global__per_operation,reservation_reset,shared_global_pool,2,4,2000,0,False,global,per_operation,64,48,False,False,False,False,0,0,0.0,0.0,0.0,0.0,0.0,0.0,0,0.0,0.5,0.7708333333333334,1927,320,0,0.0,0.14630091438071488,0.0,0.0,0.9048379052369078,1.0511388196176226,0,0,0,0,0.0,0.7722007722007722,0.2626413415211568,8575.0,8575.0,1.0,False,672.4375,380.55555555555554
dnn_n16.qasm,dnn_n16,0,reservation_reset__shared_global_pool__cq2__ten4__res2000__reset50__noepr__global__per_operation,reservation_reset,shared_global_pool,2,4,2000,50,False,global,per_operation,64,48,False,False,False,False,0,0,0.0,0.0,0.0,0.0,0.0,0.0,0,0.0,0.5,0.7291666666666666,5778,314,3,0.01875,0.13847572465220703,0.06294351120554866,0.0,0.8964118189471996,1.0978310548049552,0,0,0,0,0.0,0.753976508014193,0.2571454808916651,8825.0,8650.0,0.9801699716713881,False,621.1041666666666,347.15277777777777
dnn_n16.qasm,dnn_n16,0,reservation_reset__shared_global_pool__cq2__ten4__res2000__reset200__noepr__global__per_operation,reservation_reset,shared_global_pool,2,4,2000,200,False,global,per_operation,64,48,False,False,False,False,0,0,0.0,0.0,0.0,0.0,0.0,0.0,0,0.0,0.5,0.75,3230,318,1,0.00625,0.13990880729541635,0.2543796496280298,0.0,0.9281497480201584,1.3224382049436045,0,0,0,0,0.0,0.7661837798521033,0.2526159245235224,8955.0,9250.0,1.0329424902289224,False,333.1458333333333,387.0138888888889
dnn_n16.qasm,dnn_n16,1,reservation_reset__shared_global_pool__cq2__ten4__res0__reset0__noepr__global__per_operation,reservation_reset,shared_global_pool,2,4,0,0,False,global,per_operation,64,48,False,False,False,False,0,0,0.0,1.3541666666666667,1.3541666666666667,1.3541666666666667,50.0,65.0,2,0.041666666666666664,0.5208333333333334,0.9166666666666666,74,320,0,0.0,0.15347052668294384,0.0,0.0,0.15347052668294384,0.3069410533658877,0,0,0,0,0.0,0.7722007722007722,0.673264535145509,8415.0,8415.0,1.0,False,810.2083333333334,441.8333333333333
dnn_n16.qasm,dnn_n16,1,reservation_reset__shared_global_pool__cq2__ten4__res0__reset50__noepr__global__per_operation,reservation_reset,shared_global_pool,2,4,0,50,False,global,per_operation,64,48,False,False,False,False,0,0,0.0,8.4375,8.4375,8.4375,125.0,405.0,5,0.10416666666666667,0.5520833333333334,0.9166666666666666,491,320,0,0.0,0.1561598864291735,0.07098176655871523,0.0,0.22714165298788874,0.4542833059757775,0,0,0,0,0.0,0.7722007722007722,0.7191874688114996,8505.0,8535.0,1.0035273368606703,False,783.0833333333334,341.94444444444446
dnn_n16.qasm,dnn_n16,1,reservation_reset__shared_global_pool__cq2__ten4__res0__reset200__noepr__global__per_operation,reservation_reset,shared_global_pool,2,4,0,200,False,global,per_operation,64,48,False,False,False,False,0,0,0.0,59.166666666666664,59.166666666666664,59.166666666666664,510.0,2840.0,12,0.25,0.625,0.9166666666666666,985,320,0,0.0,0.15269162364985034,0.2776211339088188,0.0,0.43031275755866916,0.8606255151173383,0,0,0,0,0.0,0.7722007722007722,0.6953247642200991,8955.0,8985.0,1.003350083752094,False,622.2916666666666,243.19444444444446
dnn_n16.qasm,dnn_n16,1,reservation_reset__shared_global_pool__cq2__ten4__res500__reset0__noepr__global__per_operation,reservation_reset,shared_global_pool,2,4,500,0,False,global,per_operation,64,48,False,False,False,False,0,0,0.0,0.0,0.0,0.0,0.0,0.0,0,0.0,0.5,0.8958333333333334,580,320,0,0.0,0.15427093833545164,0.0,0.0,0.5779900951045274,0.732261033439979,0,0,0,0,0.0,0.7722007722007722,0.26656485293402526,8415.0,8465.0,1.005941770647653,False,889.875,305.22222222222223
dnn_n16.qasm,dnn_n16,1,reservation_reset__shared_global_pool__cq2__ten4__res500__reset50__noepr__global__per_operation,reservation_reset,shared_global_pool,2,4,500,50,False,global,per_operation,64,48,False,False,False,False,0,0,0.0,0.0,0.0,0.0,0.0,0.0,0,0.0,0.5,0.875,1111,320,0,0.0,0.15844436442203816,0.07202016564638099,0.0,0.6512963629816348,0.881760893050054,0,0,0,0,0.0,0.7722007722007722,0.2632105005068517,8505.0,8650.0,1.0170487948265725,False,798.4375,353.1388888888889
dnn_n16.qasm,dnn_n16,1,reservation_reset__shared_global_pool__cq2__ten4__res500__reset200__noepr__global__per_operation,reservation_reset,shared_global_pool,2,4,500,200,False,global,per_operation,64,48,False,False,False,False,0,0,0.0,0.0,0.0,0.0,0.0,0.0,0,0.0,0.5,0.7916666666666666,2219,320,0,0.0,0.14912726656498898,0.27114048466361634,0.0,0.7562955431282833,1.1765632943568887,0,0,0,0,0.0,0.7722007722007722,0.2611434896372729,9250.0,10400.0,1.1243243243243244,False,524.2083333333334,263.68055555555554
dnn_n16.qasm,dnn_n16,1,reservation_reset__shared_global_pool__cq2__ten4__res2000__reset0__noepr__global__per_operation,reservation_reset,shared_global_pool,2,4,2000,0,False,global,per_operation,64,48,False,False,False,False,0,0,0.0,0.0,0.0,0.0,0.0,0.0,0,0.0,0.5,0.6458333333333334,2618,320,0,0.0,0.14394961763382816,0.0,0.0,0.9019670388091441,1.0459166564429723,0,0,0,0,0.0,0.7722007722007722,0.2625727580989774,8575.0,8575.0,1.0,False,786.2916666666666,380.55555555555554
dnn_n16.qasm,dnn_n16,1,reservation_reset__shared_global_pool__cq2__ten4__res2000__reset50__noepr__global__per_operation,reservation_reset,shared_global_pool,2,4,2000,50,False,global,per_operation,64,48,False,False,False,False,0,0,0.0,0.0,0.0,0.0,0.0,0.0,0,0.0,0.5,0.5625,2085,320,0,0.0,0.14195838038393288,0.06452653653815131,0.0,0.9245120180674302,1.1309969349895144,0,0,0,0,0.0,0.7722007722007722,0.2557398714917709,8650.0,8825.0,1.0202312138728324,False,808.9583333333334,375.06944444444446
dnn_n16.qasm,dnn_n16,1,reservation_reset__shared_global_pool__cq2__ten4__res2000__reset200__noepr__global__per_operation,reservation_reset,shared_global_pool,2,4,2000,200,False,global,per_operation,64,48,False,False,False,False,0,0,0.0,0.0,0.0,0.0,0.0,0.0,0,0.0,0.5,0.7291666666666666,5007,318,1,0.00625,0.13921279898117564,0.25311417996577384,0.0,0.9158514745094918,1.3081784534564413,0,0,0,0,0.0,0.7661837798521033,0.25238831127558686,8955.0,9250.0,1.0329424902289224,False,415.7708333333333,387.0138888888889
dnn_n16.qasm,dnn_n16,2,reservation_reset__shared_global_pool__cq2__ten4__res0__reset0__noepr__global__per_operation,reservation_reset,shared_global_pool,2,4,0,0,False,global,per_operation,64,48,False,False,False,False,0,0,0.0,1.5625,1.5625,1.5625,35.0,75.0,3,0.0625,0.53125,0.9166666666666666,81,320,0,0.0,0.1550797427086087,0.0,0.0,0.1550797427086087,0.3101594854172174,0,0,0,0,0.0,0.7722007722007722,0.6019851388368485,8415.0,8415.0,1.0,False,806.7708333333334,411.375
dnn_n16.qasm,dnn_n16,2,reservation_reset__shared_global_pool__cq2__ten4__res0__reset50__noepr__global__per_operation,reservation_reset,shared_global_pool,2,4,0,50,False,global,per_operation,64,48,False,False,False,False,0,0,0.0,7.604166666666667,7.604166666666667,7.604166666666667,110.0,365.0,5,0.10416666666666667,0.5520833333333334,0.9166666666666666,465,320,0,0.0,0.1532300191537524,0.06965000870625108,0.0,0.2228800278600035,0.445760055720007,0,0,0,0,0.0,0.7722007722007722,0.6837968730751898,8535.0,8550.0,1.0017574692442883,False,731.4791666666666,425.56944444444446
dnn_n16.qasm,dnn_n16,2,reservation_reset__shared_global_pool__cq2__ten4__res0__reset200__noepr__global__per_operation,reservation_reset,shared_global_pool,2,4,0,200,False,global,per_operation,64,48,False,False,False,False,0,0,0.0,73.33333333333333,73.33333333333333,73.33333333333333,695.0,3520.0,13,0.2708333333333333,0.6354166666666666,0.9166666666666666,1298,320,0,0.0,0.1547797027526163,0.28141764136839326,0.0,0.4361973441210096,0.8723946882420192,0,0,0,0,0.0,0.7722007722007722,0.643260766507727,8980.0,9221.0,1.026837416481069,False,549.375,202.73611111111111
dnn_n16.qasm,dnn_n16,2,reservation_reset__shared_global_pool__cq2__ten4__res500__reset0__noepr__global__per_operation,reservation_reset,shared_global_pool,2,4,500,0,False,global,per_operation,64,48,False,False,False,False,0,0,0.0,0.0,0.0,0.0,0.0,0.0,0,0.0,0.5,0.8958333333333334,510,320,0,0.0,0.15359106379265205,0.0,0.0,0.6047909939785322,0.7583820577711842,0,0,0,0,0.0,0.7722007722007722,0.27533312069212923,8465.0,8545.0,1.0094506792675724,False,813.8541666666666,386.3611111111111
dnn_n16.qasm,dnn_n16,2,reservation_reset__shared_global_pool__cq2__ten4__res500__reset50__noepr__global__per_operation,reservation_reset,shared_global_pool,2,4,500,50,False,global,per_operation,64,48,False,False,False,False,0,0,0.0,0.0,0.0,0.0,0.0,0.0,0,0.0,0.5,0.7083333333333334,1171,320,0,0.0,0.15324336090552895,0.0696560731388768,0.0,0.6760208968219417,0.8989203308663474,0,0,0,0,0.0,0.7722007722007722,0.26103034436436606,8650.0,8798.0,1.0171098265895955,False,704.125,383.8333333333333
dnn_n16.qasm,dnn_n16,2,reservation_reset__shared_global_pool__cq2__ten4__res500__reset200__noepr__global__per_operation,reservation_reset,shared_global_pool,2,4,500,200,False,global,per_operation,64,48,False,False,False,False,0,0,0.0,0.0,0.0,0.0,0.0,0.0,0,0.0,0.5,0.75,2475,320,0,0.0,0.15593160272880305,0.28351200496146006,0.0,0.7773101798529282,1.2167537875431913,0,0,0,0,0.0,0.7722007722007722,0.2546273870194317,9265.0,10026.0,1.0821370750134915,False,492.9791666666667,222.56944444444446
dnn_n16.qasm,dnn_n16,2,reservation_reset__shared_global_pool__cq2__ten4__res2000__reset0__noepr__global__per_operation,reservation_reset,shared_global_pool,2,4,2000,0,False,global,per_operation,64,48,False,False,False,False,0,0,0.0,0.0,0.0,0.0,0.0,0.0,0,0.0,0.5,0.7083333333333334,1701,320,0,0.0,0.148673762459875,0.0,0.0,0.9113955059976347,1.0600692684575097,0,0,0,0,0.0,0.7722007722007722,0.26269469796961303,8575.0,8575.0,1.0,False,667.0833333333334,380.55555555555554
dnn_n16.qasm,dnn_n16,2,reservation_reset__shared_global_pool__cq2__ten4__res2000__reset50__noepr__global__per_operation,reservation_reset,shared_global_pool,2,4,2000,50,False,global,per_operation,64,48,False,False,False,False,0,0,0.0,0.0,0.0,0.0,0.0,0.0,0,0.0,0.5,0.7916666666666666,4768,320,0,0.0,0.14328747048766588,0.06513066840348448,0.0,0.901644549377188,1.1100626882683384,0,0,0,0,0.0,0.7722007722007722,0.25718882396382076,8650.0,8650.0,1.0,False,610.4166666666666,374.93055555555554
dnn_n16.qasm,dnn_n16,2,reservation_reset__shared_global_pool__cq2__ten4__res2000__reset200__noepr__global__per_operation,reservation_reset,shared_global_pool,2,4,2000,200,False,global,per_operation,64,48,False,False,False,False,0,0,0.0,0.0,0.0,0.0,0.0,0.0,0,0.0,0.5,0.7291666666666666,4909,314,3,0.01875,0.14069246435845215,0.25580448065173117,0.0,0.9138900203665988,1.3103869653767821,0,0,0,0,0.0,0.7536076800782683,0.2524877130113036,8955.0,9250.0,1.0329424902289224,False,276.3541666666667,387.0138888888889
qft_n18.qasm,qft_n18,0,reservation_reset__shared_global_pool__cq2__ten4__res0__reset0__noepr__global__per_operation,reservation_reset,shared_global_pool,2,4,0,0,False,global,per_operation,64,48,False,False,False,False,0,0,0.0,0.20833333333333334,0.20833333333333334,0.20833333333333334,10.0,10.0,1,0.020833333333333332,0.5104166666666666,0.9375,77,308,0,0.0,0.14969292625811867,0.0,0.0,0.14969292625811867,0.29938585251623734,0,0,0,0,0.0,0.7947721179624665,0.7989585588643672,3660.0,3660.0,1.0,False,906.125,224.6969696969697
qft_n18.qasm,qft_n18,0,reservation_reset__shared_global_pool__cq2__ten4__res0__reset50__noepr__global__per_operation,reservation_reset,shared_global_pool,2,4,0,50,False,global,per_operation,64,48,False,False,False,False,0,0,0.0,7.5,7.5,7.5,210.0,360.0,3,0.0625,0.53125,0.9375,607,308,0,0.0,0.1478572052020599,0.06720782054639085,0.0,0.21506502574845074,0.4301300514969015,0,0,0,0,0.0,0.7947721179624665,0.3798905981983368,3660.0,3660.0,1.0,False,871.375,168.42424242424244
qft_n18.qasm,qft_n18,0,reservation_reset__shared_global_pool__cq2__ten4__res0__reset200__noepr__global__per_operation,reservation_reset,shared_global_pool,2,4,0,200,False,global,per_operation,64,48,False,False,False,False,0,0,0.0,243.54166666666666,243.54166666666666,243.54166666666666,1390.0,11690.0,11,0.22916666666666666,0.6145833333333334,0.9375,4960,308,0,0.0,0.14635621409132143,0.2661022074387663,0.0,0.4124584215300877,0.8249168430601754,0,0,0,0,0.0,0.7947721179624665,0.5451578432571292,4470.0,5080.0,1.1364653243847875,False,584.1458333333334,78.56060606060606
qft_n18.qasm,qft_n18,0,reservation_reset__shared_global_pool__cq2__ten4__res500__reset0__noepr__global__per_operation,reservation_reset,shared_global_pool,2,4,500,0,False,global,per_operation,64,48,False,False,False,False,0,0,0.0,0.0,0.0,0.0,0.0,0.0,0,0.0,0.5,0.9375,873,308,0,0.0,0.14418248361562686,0.0,0.0,0.5595029364201208,0.7036854200357477,0,0,0,0,0.0,0.7947721179624665,0.2754422678700482,3660.0,3660.0,1.0,False,893.1458333333334,219.6969696969697
qft_n18.qasm,qft_n18,0,reservation_reset__shared_global_pool__cq2__ten4__res500__reset50__noepr__global__per_operation,reservation_reset,shared_global_pool,2,4,500,50,False,global,per_operation,64,48,False,False,False,False,0,0,0.0,0.0,0.0,0.0,0.0,0.0,0,0.0,0.5,0.8333333333333334,1613,308,0,0.0,0.14551389425761285,0.06614267920800584,0.0,0.5974831422067602,0.809139715672379,0,0,0,0,0.0,0.7947721179624665,0.25724682450845904,3660.0,3660.0,1.0,False,852.3333333333334,178.4848484848485
qft_n18.qasm,qft_n18,0,reservation_reset__shared_global_pool__cq2__ten4__res500__reset200__noepr__global__per_operation,reservation_reset,shared_global_pool,2,4,500,200,False,global,per_operation,64,48,False,False,False,False,0,0,0.0,0.0,0.0,0.0,0.0,0.0,0,0.0,0.5,0.9583333333333334,6630,308,0,0.0,0.14469357249626308,0.26307922272047835,0.0,0.6965107836856715,1.104283578902413,0,0,0,0,0.0,0.7947721179624665,0.2513354715192105,4150.0,5090.0,1.2265060240963856,False,624.9166666666666,78.56060606060606
qft_n18.qasm,qft_n18,0,reservation_reset__shared_global_pool__cq2__ten4__res2000__reset0__noepr__global__per_operation,reservation_reset,shared_global_pool,2,4,2000,0,False,global,per_operation,64,48,False,False,False,False,0,0,0.0,0.0,0.0,0.0,0.0,0.0,0,0.0,0.5,0.75,1387,308,0,0.0,0.1389321741983105,0.0,0.0,0.9089805626178955,1.047912736816206,0,0,0,0,0.0,0.7947721179624665,0.27247652420386403,3660.0,3660.0,1.0,False,1075.2291666666667,235.83333333333334
qft_n18.qasm,qft_n18,0,reservation_reset__shared_global_pool__cq2__ten4__res2000__reset50__noepr__global__per_operation,reservation_reset,shared_global_pool,2,4,2000,50,False,global,per_operation,64,48,False,False,False,False,0,0,0.0,0.0,0.0,0.0,0.0,0.0,0,0.0,0.5,0.8125,1927,308,0,0.0,0.1369165487977369,0.06223479490806223,0.0,0.9231763992725803,1.1223277429783796,0,0,0,0,0.0,0.7947721179624665,0.2551804054738462,3660.0,3660.0,1.0,False,920.0,189.62121212121212
qft_n18.qasm,qft_n18,0,reservation_reset__shared_global_pool__cq2__ten4__res2000__reset200__noepr__global__per_operation,reservation_reset,shared_global_pool,2,4,2000,200,False,global,per_operation,64,48,False,False,False,False,0,0,0.0,0.0,0.0,0.0,0.0,0.0,0,0.0,0.5,0.8333333333333334,8113,308,0,0.0,0.1356828193832599,0.24669603524229075,0.0,0.927184621545855,1.3095634761714057,0,0,0,0,0.0,0.7947721179624665,0.2520453032534101,5090.0,6660.0,1.3084479371316307,False,569.5833333333334,62.42424242424242
qft_n18.qasm,qft_n18,1,reservation_reset__shared_global_pool__cq2__ten4__res0__reset0__noepr__global__per_operation,reservation_reset,shared_global_pool,2,4,0,0,False,global,per_operation,64,48,False,False,False,False,0,0,0.0,0.625,0.625,0.625,20.0,30.0,2,0.041666666666666664,0.5208333333333334,0.9375,101,308,0,0.0,0.15075868820362212,0.0,0.0,0.15075868820362212,0.30151737640724424,0,0,0,0,0.0,0.7947721179624665,0.6467811987252847,3660.0,3660.0,1.0,False,960.8333333333334,205.5909090909091
qft_n18.qasm,qft_n18,1,reservation_reset__shared_global_pool__cq2__ten4__res0__reset50__noepr__global__per_operation,reservation_reset,shared_global_pool,2,4,0,50,False,global,per_operation,64,48,False,False,False,False,0,0,0.0,13.75,13.75,13.75,270.0,660.0,3,0.0625,0.53125,0.9375,954,308,0,0.0,0.15735451209883425,0.07152477822674283,0.0,0.22887929032557708,0.45775858065115416,0,0,0,0,0.0,0.7947721179624665,0.7627042334956604,3660.0,3660.0,1.0,False,822.4375,174.16666666666666
qft_n18.qasm,qft_n18,1,reservation_reset__shared_global_pool__cq2__ten4__res0__reset200__noepr__global__per_operation,reservation_reset,shared_global_pool,2,4,0,200,False,global,per_operation,64,48,False,False,False,False,0,0,0.0,373.75,373.75,373.75,1800.0,17940.0,14,0.2916666666666667,0.6458333333333334,0.9375,7626,308,0,0.0,0.16072106261859584,0.2922201138519924,0.0,0.45294117647058824,0.9058823529411765,0,0,0,0,0.0,0.7947721179624665,0.8441400353396158,4810.0,5410.0,1.1247401247401247,False,664.1666666666666,78.56060606060606
qft_n18.qasm,qft_n18,1,reservation_reset__shared_global_pool__cq2__ten4__res500__reset0__noepr__global__per_operation,reservation_reset,shared_global_pool,2,4,500,0,False,global,per_operation,64,48,False,False,False,False,0,0,0.0,0.0,0.0,0.0,0.0,0.0,0,0.0,0.5,0.9583333333333334,1156,308,0,0.0,0.1492511013215859,0.0,0.0,0.5676387665198238,0.7168898678414097,0,0,0,0,0.0,0.7947721179624665,0.2749677005016893,3660.0,3660.0,1.0,False,974.6041666666666,219.6969696969697
qft_n18.qasm,qft_n18,1,reservation_reset__shared_global_pool__cq2__ten4__res500__reset50__noepr__global__per_operation,reservation_reset,shared_global_pool,2,4,500,50,False,global,per_operation,64,48,False,False,False,False,0,0,0.0,0.0,0.0,0.0,0.0,0.0,0,0.0,0.5,0.9791666666666666,1004,308,0,0.0,0.14652711703139867,0.06660323501427212,0.0,0.61803477207854,0.8311651241242107,0,0,0,0,0.0,0.7947721179624665,0.2628026818799272,3660.0,3660.0,1.0,False,859.5416666666666,178.4848484848485
qft_n18.qasm,qft_n18,1,reservation_reset__shared_global_pool__cq2__ten4__res500__reset200__noepr__global__per_operation,reservation_reset,shared_global_pool,2,4,500,200,False,global,per_operation,64,48,False,False,False,False,0,0,0.0,0.0,0.0,0.0,0.0,0.0,0,0.0,0.5,0.6875,5108,308,0,0.0,0.1497392380447273,0.2722531600813224,0.0,0.743896402368956,1.1658888004950057,0,0,0,0,0.0,0.7947721179624665,0.2526367327887803,4150.0,5090.0,1.2265060240963856,False,586.375,78.56060606060606
qft_n18.qasm,qft_n18,1,reservation_reset__shared_global_pool__cq2__ten4__res2000__reset0__noepr__global__per_operation,reservation_reset,shared_global_pool,2,4,2000,0,False,global,per_operation,64,48,False,False,False,False,0,0,0.0,0.0,0.0,0.0,0.0,0.0,0,0.0,0.5,0.7708333333333334,1053,308,0,0.0,0.13838173426459177,0.0,0.0,0.917951231466732,1.0563329657313238,0,0,0,0,0.0,0.7947721179624665,0.2725860125965877,3660.0,3660.0,1.0,False,882.1666666666666,235.83333333333334
qft_n18.qasm,qft_n18,1,reservation_reset__shared_global_pool__cq2__ten4__res2000__reset50__noepr__global__per_operation,reservation_reset,shared_global_pool,2,4,2000,50,False,global,per_operation,64,48,False,False,False,False,0,0,0.0,0.0,0.0,0.0,0.0,0.0,0,0.0,0.5,0.8333333333333334,2434,308,0,0.0,0.13603694037341899,0.061834972897008636,0.0,0.9162818711102189,1.1141537843806464,0,0,0,0,0.0,0.7947721179624665,0.2549040829628919,3660.0,3660.0,1.0,False,986.25,189.62121212121212
qft_n18.qasm,qft_n18,1,reservation_reset__shared_global_pool__cq2__ten4__res2000__reset200__noepr__global__per_operation,reservation_reset,shared_global_pool,2,4,2000,200,False,global,per_operation,64,48,False,False,False,False,0,0,0.0,0.0,0.0,0.0,0.0,0.0,0,0.0,0.5,0.625,7959,308,0,0.0,0.1345458877725269,0.24462888685913983,0.0,0.9119574282196895,1.291132202851356,0,0,0,0,0.0,0.7947721179624665,0.2513780827952496,5090.0,6660.0,1.3084479371316307,False,633.6666666666666,62.42424242424242
qft_n18.qasm,qft_n18,2,reservation_reset__shared_global_pool__cq2__ten4__res0__reset0__noepr__global__per_operation,reservation_reset,shared_global_pool,2,4,0,0,False,global,per_operation,64,48,False,False,False,False,0,0,0.0,0.8541666666666666,0.8541666666666666,0.8541666666666666,30.0,41.0,2,0.041666666666666664,0.5208333333333334,0.9375,106,308,0,0.0,0.14790884484414563,0.0,0.0,0.14790884484414563,0.29581768968829125,0,0,0,0,0.0,0.7947721179624665,0.6758647442592425,3660.0,3660.0,1.0,False,945.1458333333334,215.66666666666666
qft_n18.qasm,qft_n18,2,reservation_reset__shared_global_pool__cq2__ten4__res0__reset50__noepr__global__per_operation,reservation_reset,shared_global_pool,2,4,0,50,False,global,per_operation,64,48,False,False,False,False,0,0,0.0,7.083333333333333,7.083333333333333,7.083333333333333,210.0,340.0,3,0.0625,0.53125,0.9375,545,308,0,0.0,0.15125,0.06875,0.0,0.22,0.44,0,0,0,0,0.0,0.7947721179624665,0.45005687276955875,3660.0,3660.0,1.0,False,844.2083333333334,159.42424242424244
qft_n18.qasm,qft_n18,2,reservation_reset__shared_global_pool__cq2__ten4__res0__reset200__noepr__global__per_operation,reservation_reset,shared_global_pool,2,4,0,200,False,global,per_operation,64,48,False,False,False,False,0,0,0.0,242.625,242.625,242.625,1310.0,11646.0,12,0.25,0.625,0.9375,5121,308,0,0.0,0.14694019169883332,0.2671639849069697,0.0,0.414104176605803,0.828208353211606,0,0,0,0,0.0,0.7947721179624665,0.8231015623445255,4470.0,5080.0,1.1364653243847875,False,668.0833333333334,62.42424242424242
qft_n18.qasm,qft_n18,2,reservation_reset__shared_global_pool__cq2__ten4__res500__reset0__noepr__global__per_operation,reservation_reset,shared_global_pool,2,4,500,0,False,global,per_operation,64,48,False,False,False,False,0,0,0.0,0.0,0.0,0.0,0.0,0.0,0,0.0,0.5,0.8333333333333334,926,308,0,0.0,0.14697843911327058,0.0,0.0,0.5667346319031712,0.7137130710164418,0,0,0,0,0.0,0.7947721179624665,0.27426987296566063,3660.0,3660.0,1.0,False,981.0416666666666,219.6969696969697
qft_n18.qasm,qft_n18,2,reservation_reset__shared_global_pool__cq2__ten4__res500__reset50__noepr__global__per_operation,reservation_reset,shared_global_pool,2,4,500,50,False,global,per_operation,64,48,False,False,False,False,0,0,0.0,0.0,0.0,0.0,0.0,0.0,0,0.0,0.5,0.7291666666666666,1809,308,0,0.0,0.14396804487315684,0.06544002039688948,0.0,0.5789317129137806,0.788339778183827,0,0,0,0,0.0,0.7947721179624665,0.2567853598408954,3660.0,3660.0,1.0,False,881.6458333333334,178.4848484848485
qft_n18.qasm,qft_n18,2,reservation_reset__shared_global_pool__cq2__ten4__res500__reset200__noepr__global__per_operation,reservation_reset,shared_global_pool,2,4,500,200,False,global,per_operation,64,48,False,False,False,False,0,0,0.0,0.0,0.0,0.0,0.0,0.0,0,0.0,0.5,0.8125,4599,308,0,0.0,0.1442377282983524,0.26225041508791347,0.0,0.737724041040487,1.144212184426753,0,0,0,0,0.0,0.7947721179624665,0.25660179652114695,4150.0,5090.0,1.2265060240963856,False,569.4166666666666,78.56060606060606
qft_n18.qasm,qft_n18,2,reservation_reset__shared_global_pool__cq2__ten4__res2000__reset0__noepr__global__per_operation,reservation_reset,shared_global_pool,2,4,2000,0,False,global,per_operation,64,48,False,False,False,False,0,0,0.0,0.0,0.0,0.0,0.0,0.0,0,0.0,0.5,0.6666666666666666,1396,308,0,0.0,0.13611345466232774,0.0,0.0,0.9075087380981077,1.0436221927604354,0,0,0,0,0.0,0.7947721179624665,0.27242221414996826,3660.0,3660.0,1.0,False,984.7083333333334,235.83333333333334
qft_n18.qasm,qft_n18,2,reservation_reset__shared_global_pool__cq2__ten4__res2000__reset50__noepr__global__per_operation,reservation_reset,shared_global_pool,2,4,2000,50,False,global,per_operation,64,48,False,False,False,False,0,0,0.0,0.0,0.0,0.0,0.0,0.0,0,0.0,0.5,0.7708333333333334,4745,308,0,0.0,0.13557965504822123,0.06162711593100965,0.0,0.9026771779583016,1.0998839489375325,0,0,0,0,0.0,0.7947721179624665,0.2534666930436076,3660.0,4077.0,1.1139344262295081,False,693.125,103.68181818181819
qft_n18.qasm,qft_n18,2,reservation_reset__shared_global_pool__cq2__ten4__res2000__reset200__noepr__global__per_operation,reservation_reset,shared_global_pool,2,4,2000,200,False,global,per_operation,64,48,False,False,False,False,0,0,0.0,0.0,0.0,0.0,0.0,0.0,0,0.0,0.5,0.7291666666666666,6588,308,0,0.0,0.13343836155966915,0.2426152028357621,0.0,0.9442300118156755,1.3202835762111067,0,0,0,0,0.0,0.7947721179624665,0.25103295340535514,4150.0,5090.0,1.2265060240963856,False,713.3541666666666,78.56060606060606
sat_n11.qasm,sat_n11,0,reservation_reset__shared_global_pool__cq2__ten4__res0__reset0__noepr__global__per_operation,reservation_reset,shared_global_pool,2,4,0,0,False,global,per_operation,64,48,False,False,False,False,0,0,0.0,7.916666666666667,7.916666666666667,7.916666666666667,380.0,380.0,1,0.020833333333333332,0.5104166666666666,0.9791666666666666,978,248,0,0.0,0.12085234572276614,0.0,0.0,0.12085234572276614,0.24170469144553228,0,0,0,0,0.0,0.8736363636363637,0.33527470081734867,925.0,925.0,1.0,False,1002.6875,147.36111111111111
sat_n11.qasm,sat_n11,0,reservation_reset__shared_global_pool__cq2__ten4__res0__reset50__noepr__global__per_operation,reservation_reset,shared_global_pool,2,4,0,50,False,global,per_operation,64,48,False,False,False,False,0,0,0.0,21.979166666666668,21.979166666666668,21.979166666666668,720.0,1055.0,3,0.0625,0.53125,0.9791666666666666,1697,248,0,0.0,0.12003872216844143,0.05456305553110974,0.0,0.17460177769955118,0.34920355539910236,0,0,0,0,0.0,0.8736363636363637,0.29056597400800777,1275.0,1275.0,1.0,False,1024.5625,147.36111111111111
sat_n11.qasm,sat_n11,0,reservation_reset__shared_global_pool__cq2__ten4__res0__reset200__noepr__global__per_operation,reservation_reset,shared_global_pool,2,4,0,200,False,global,per_operation,64,48,False,False,False,False,0,0,0.0,110.20833333333333,110.20833333333333,110.20833333333333,1770.0,5290.0,5,0.10416666666666667,0.5520833333333334,0.8958333333333334,2229,248,0,0.0,0.11933508311461068,0.2169728783902012,0.0,0.3363079615048119,0.6726159230096238,0,0,0,0,0.0,0.8736363636363637,0.3414865805678868,2325.0,2325.0,1.0,False,809.7916666666666,147.36111111111111
sat_n11.qasm,sat_n11,0,reservation_reset__shared_global_pool__cq2__ten4__res500__reset0__noepr__global__per_operation,reservation_reset,shared_global_pool,2,4,500,0,False,global,per_operation,64,48,False,False,False,False,0,0,0.0,0.0,0.0,0.0,0.0,0.0,0,0.0,0.5,0.9583333333333334,1113,248,0,0.0,0.1275958840037418,0.0,0.0,0.5515622076707203,0.6791580916744621,0,0,0,0,0.0,0.8736363636363637,0.28086468106706375,925.0,1055.0,1.1405405405405404,False,944.1458333333334,147.36111111111111
sat_n11.qasm,sat_n11,0,reservation_reset__shared_global_pool__cq2__ten4__res500__reset50__noepr__global__per_operation,reservation_reset,shared_global_pool,2,4,500,50,False,global,per_operation,64,48,False,False,False,False,0,0,0.0,0.0,0.0,0.0,0.0,0.0,0,0.0,0.5,0.9583333333333334,1874,248,0,0.0,0.11706144867833848,0.05320974939924476,0.0,0.5509182972880192,0.7211894953656025,0,0,0,0,0.0,0.8736363636363637,0.2700119685219409,1275.0,1455.0,1.1411764705882352,False,953.625,147.36111111111111
sat_n11.qasm,sat_n11,0,reservation_reset__shared_global_pool__cq2__ten4__res500__reset200__noepr__global__per_operation,reservation_reset,shared_global_pool,2,4,500,200,False,global,per_operation,64,48,False,False,False,False,0,0,0.0,0.0,0.0,0.0,0.0,0.0,0,0.0,0.5,0.9583333333333334,2337,248,0,0.0,0.115110342208532,0.20929153128824002,0.0,0.6706021351111862,0.9950040086079581,0,0,0,0,0.0,0.8736363636363637,0.261286754717984,2325.0,2655.0,1.1419354838709677,False,767.7916666666666,147.36111111111111
sat_n11.qasm,sat_n11,0,reservation_reset__shared_global_pool__cq2__ten4__res2000__reset0__noepr__global__per_operation,reservation_reset,shared_global_pool,2,4,2000,0,False,global,per_operation,64,48,False,False,False,False,0,0,0.0,0.0,0.0,0.0,0.0,0.0,0,0.0,0.5,0.7708333333333334,1248,248,0,0.0,0.10987594651200258,0.0,0.0,0.9112212018688577,1.0210971483808604,0,0,0,0,0.0,0.8736363636363637,0.25643939088713114,925.0,1055.0,1.1405405405405404,False,1072.6041666666667,147.36111111111111
sat_n11.qasm,sat_n11,0,reservation_reset__shared_global_pool__cq2__ten4__res2000__reset50__noepr__global__per_operation,reservation_reset,shared_global_pool,2,4,2000,50,False,global,per_operation,64,48,False,False,False,False,0,0,0.0,0.0,0.0,0.0,0.0,0.0,0,0.0,0.5,0.875,2415,248,0,0.0,0.11015990954611533,0.05007268615732515,0.0,0.9158536585365854,1.0760862542400258,0,0,0,0,0.0,0.8736363636363637,0.2524903588032248,1275.0,1455.0,1.1411764705882352,False,995.4166666666666,147.36111111111111
sat_n11.qasm,sat_n11,0,reservation_reset__shared_global_pool__cq2__ten4__res2000__reset200__noepr__global__per_operation,reservation_reset,shared_global_pool,2,4,2000,200,False,global,per_operation,64,48,False,False,False,False,0,0,0.0,0.0,0.0,0.0,0.0,0.0,0,0.0,0.5,0.5208333333333334,4090,248,0,0.0,0.10891089108910891,0.19801980198019803,0.0,0.9264691791759821,1.233399872245289,0,0,0,0,0.0,0.8736363636363637,0.25100582515327147,2655.0,3580.0,1.3483992467043315,False,892.1041666666666,117.22222222222223
sat_n11.qasm,sat_n11,1,reservation_reset__shared_global_pool__cq2__ten4__res0__reset0__noepr__global__per_operation,reservation_reset,shared_global_pool,2,4,0,0,False,global,per_operation,64,48,False,False,False,False,0,0,0.0,7.708333333333333,7.708333333333333,7.708333333333333,370.0,370.0,1,0.020833333333333332,0.5104166666666666,0.9791666666666666,923,248,0,0.0,0.12045745573365126,0.0,0.0,0.12045745573365126,0.2409149114673025,0,0,0,0,0.0,0.8736363636363637,0.5579487987344456,925.0,925.0,1.0,False,1048.8958333333333,147.36111111111111
sat_n11.qasm,sat_n11,1,reservation_reset__shared_global_pool__cq2__ten4__res0__reset50__noepr__global__per_operation,reservation_reset,shared_global_pool,2,4,0,50,False,global,per_operation,64,48,False,False,False,False,0,0,0.0,25.3125,25.3125,25.3125,735.0,1215.0,3,0.0625,0.53125,0.9791666666666666,1827,248,0,0.0,0.11863964512481517,0.05392711142037053,0.0,0.1725667565451857,0.3451335130903714,0,0,0,0,0.0,0.8736363636363637,0.7483072953490577,1290.0,1290.0,1.0,False,972.7291666666666,147.36111111111111
sat_n11.qasm,sat_n11,1,reservation_reset__shared_global_pool__cq2__ten4__res0__reset200__noepr__global__per_operation,reservation_reset,shared_global_pool,2,4,0,200,False,global,per_operation,64,48,False,False,False,False,0,0,0.0,125.14583333333333,125.14583333333333,125.14583333333333,1780.0,6007.0,6,0.125,0.5625,0.9791666666666666,2513,248,0,0.0,0.11753554502369669,0.2137009909521758,0.0,0.3312365359758725,0.662473071951745,0,0,0,0,0.0,0.8736363636363637,0.6144285618441961,2330.0,2330.0,1.0,False,723.125,117.22222222222223
sat_n11.qasm,sat_n11,1,reservation_reset__shared_global_pool__cq2__ten4__res500__reset0__noepr__global__per_operation,reservation_reset,shared_global_pool,2,4,500,0,False,global,per_operation,64,48,False,False,False,False,0,0,0.0,0.0,0.0,0.0,0.0,0.0,0,0.0,0.5,0.9583333333333334,1276,248,0,0.0,0.12101317482145234,0.0,0.0,0.509914385840394,0.6309275606618463,0,0,0,0,0.0,0.8736363636363637,0.26462150606239987,925.0,1055.0,1.1405405405405404,False,1080.8958333333333,147.36111111111111
sat_n11.qasm,sat_n11,1,reservation_reset__shared_global_pool__cq2__ten4__res500__reset50__noepr__global__per_operation,reservation_reset,shared_global_pool,2,4,500,50,False,global,per_operation,64,48,False,False,False,False,0,0,0.0,0.0,0.0,0.0,0.0,0.0,0,0.0,0.5,0.3958333333333333,2089,248,0,0.0,0.11870675775640746,0.053957617162003396,0.0,0.5536399634480658,0.7263043383664767,0,0,0,0,0.0,0.8736363636363637,0.7507714387749799,1435.0,1755.0,1.2229965156794425,False,976.75,131.11111111111111
sat_n11.qasm,sat_n11,1,reservation_reset__shared_global_pool__cq2__ten4__res500__reset200__noepr__global__per_operation,reservation_reset,shared_global_pool,2,4,500,200,False,global,per_operation,64,48,False,False,False,False,0,0,0.0,0.0,0.0,0.0,0.0,0.0,0,0.0,0.5,0.6458333333333334,2580,248,0,0.0,0.1150860614242322,0.20924738440769491,0.0,0.6672629092136348,0.991596355045562,0,0,0,0,0.0,0.8736363636363637,0.2549362665793181,2325.0,2655.0,1.1419354838709677,False,724.1875,147.36111111111111
sat_n11.qasm,sat_n11,1,reservation_reset__shared_global_pool__cq2__ten4__res2000__reset0__noepr__global__per_operation,reservation_reset,shared_global_pool,2,4,2000,0,False,global,per_operation,64,48,False,False,False,False,0,0,0.0,0.0,0.0,0.0,0.0,0.0,0,0.0,0.5,0.9166666666666666,1801,248,0,0.0,0.10908073093686273,0.0,0.0,0.9120156743572314,1.021096405294094,0,0,0,0,0.0,0.8736363636363637,0.252568353956442,925.0,1055.0,1.1405405405405404,False,1275.6875,147.36111111111111
sat_n11.qasm,sat_n11,1,reservation_reset__shared_global_pool__cq2__ten4__res2000__reset50__noepr__global__per_operation,reservation_reset,shared_global_pool,2,4,2000,50,False,global,per_operation,64,48,False,False,False,False,0,0,0.0,0.0,0.0,0.0,0.0,0.0,0,0.0,0.5,0.7291666666666666,2656,248,0,0.0,0.10906764752918599,0.049576203422357266,0.0,0.916791939868863,1.0754357908204062,0,0,0,0,0.0,0.8736363636363637,0.25189074738171063,1275.0,1455.0,1.1411764705882352,False,1154.5208333333333,147.36111111111111
sat_n11.qasm,sat_n11,1,reservation_reset__shared_global_pool__cq2__ten4__res2000__reset200__noepr__global__per_operation,reservation_reset,shared_global_pool,2,4,2000,200,False,global,per_operation,64,48,False,False,False,False,0,0,0.0,0.0,0.0,0.0,0.0,0.0,0,0.0,0.5,0.7291666666666666,3026,248,0,0.0,0.1086506292815039,0.19754659869364347,0.0,0.9074557909829536,1.213653018958101,0,0,0,0,0.0,0.8736363636363637,0.2517634824452094,2325.0,2655.0,1.1419354838709677,False,611.2916666666666,147.36111111111111
sat_n11.qasm,sat_n11,2,reservation_reset__shared_global_pool__cq2__ten4__res0__reset0__noepr__global__per_operation,reservation_reset,shared_global_pool,2,4,0,0,False,global,per_operation,64,48,False,False,False,False,0,0,0.0,8.75,8.75,8.75,380.0,420.0,2,0.041666666666666664,0.5208333333333334,0.9791666666666666,1073,248,0,0.0,0.11911103348906257,0.0,0.0,0.11911103348906257,0.23822206697812515,0,0,0,0,0.0,0.8736363636363637,0.32794182017374074,925.0,925.0,1.0,False,1073.8541666666667,117.22222222222223
sat_n11.qasm,sat_n11,2,reservation_reset__shared_global_pool__cq2__ten4__res0__reset50__noepr__global__per_operation,reservation_reset,shared_global_pool,2,4,0,50,False,global,per_operation,64,48,False,False,False,False,0,0,0.0,23.354166666666668,23.354166666666668,23.354166666666668,730.0,1121.0,3,0.0625,0.53125,0.9791666666666666,1819,248,0,0.0,0.12062790183506522,0.05483086447048419,0.0,0.1754587663055494,0.3509175326110988,0,0,0,0,0.0,0.8736363636363637,0.3137068434456073,1280.0,1280.0,1.0,False,1036.3333333333333,117.22222222222223
sat_n11.qasm,sat_n11,2,reservation_reset__shared_global_pool__cq2__ten4__res0__reset200__noepr__global__per_operation,reservation_reset,shared_global_pool,2,4,0,200,False,global,per_operation,64,48,False,False,False,False,0,0,0.0,138.52083333333334,138.52083333333334,138.52083333333334,1777.0,6649.0,7,0.14583333333333334,0.5729166666666666,0.9791666666666666,2699,248,0,0.0,0.12257368799424874,0.22286125089863407,0.0,0.3454349388928828,0.6908698777857656,0,0,0,0,0.0,0.8736363636363637,0.6296363649370543,2330.0,2330.0,1.0,False,748.0833333333334,117.22222222222223
sat_n11.qasm,sat_n11,2,reservation_reset__shared_global_pool__cq2__ten4__res500__reset0__noepr__global__per_operation,reservation_reset,shared_global_pool,2,4,500,0,False,global,per_operation,64,48,False,False,False,False,0,0,0.0,0.0,0.0,0.0,0.0,0.0,0,0.0,0.5,0.9791666666666666,1053,248,0,0.0,0.11679082113194623,0.0,0.0,0.49447726688928845,0.6112680880212347,0,0,0,0,0.0,0.8736363636363637,0.5812385239901097,925.0,1055.0,1.1405405405405404,False,1057.8333333333333,147.36111111111111
sat_n11.qasm,sat_n11,2,reservation_reset__shared_global_pool__cq2__ten4__res500__reset50__noepr__global__per_operation,reservation_reset,shared_global_pool,2,4,500,50,False,global,per_operation,64,48,False,False,False,False,0,0,0.0,0.0,0.0,0.0,0.0,0.0,0,0.0,0.5,0.5208333333333334,2190,248,0,0.0,0.11582388655372988,0.05264722116078631,0.0,0.5303782957585021,0.6988494034730183,0,0,0,0,0.0,0.8736363636363637,0.25776688285338706,1275.0,1455.0,1.1411764705882352,False,1016.3125,147.36111111111111
sat_n11.qasm,sat_n11,2,reservation_reset__shared_global_pool__cq2__ten4__res500__reset200__noepr__global__per_operation,reservation_reset,shared_global_pool,2,4,500,200,False,global,per_operation,64,48,False,False,False,False,0,0,0.0,0.0,0.0,0.0,0.0,0.0,0,0.0,0.5,0.6666666666666666,2692,248,0,0.0,0.11679582138117053,0.2123560388748555,0.0,0.6586547929956759,0.9878066532517018,0,0,0,0,0.0,0.8736363636363637,0.25389617657675,2325.0,2655.0,1.1419354838709677,False,796.5625,147.36111111111111
sat_n11.qasm,sat_n11,2,reservation_reset__shared_global_pool__cq2__ten4__res2000__reset0__noepr__global__per_operation,reservation_reset,shared_global_pool,2,4,2000,0,False,global,per_operation,64,48,False,False,False,False,0,0,0.0,0.0,0.0,0.0,0.0,0.0,0,0.0,0.5,0.6458333333333334,1434,248,0,0.0,0.10989807839503686,0.0,0.0,0.888740281190831,0.998638359585868,0,0,0,0,0.0,0.8736363636363637,0.25370214954616616,925.0,1055.0,1.1405405405405404,False,1090.7291666666667,147.36111111111111
sat_n11.qasm,sat_n11,2,reservation_reset__shared_global_pool__cq2__ten4__res2000__reset50__noepr__global__per_operation,reservation_reset,shared_global_pool,2,4,2000,50,False,global,per_operation,64,48,False,False,False,False,0,0,0.0,0.0,0.0,0.0,0.0,0.0,0,0.0,0.5,0.8541666666666666,1886,248,0,0.0,0.11057965139845967,0.05026347790839076,0.0,0.9259829752736116,1.0868261045804621,0,0,0,0,0.0,0.8736363636363637,0.26432189937735545,1275.0,1455.0,1.1411764705882352,False,832.5416666666666,147.36111111111111
sat_n11.qasm,sat_n11,2,reservation_reset__shared_global_pool__cq2__ten4__res2000__reset200__noepr__global__per_operation,reservation_reset,shared_global_pool,2,4,2000,200,False,global,per_operation,64,48,False,False,False,False,0,0,0.0,0.0,0.0,0.0,0.0,0.0,0,0.0,0.5,0.625,3656,248,0,0.0,0.10915492957746478,0.19846350832266324,0.0,0.9370758642765685,1.2446943021766965,0,0,0,0,0.0,0.8736363636363637,0.2511349500095343,2655.0,2655.0,1.0,False,874.8958333333334,117.22222222222223
square_root_n18.qasm,square_root_n18,0,reservation_reset__shared_global_pool__cq2__ten4__res0__reset0__noepr__global__per_operation,reservation_reset,shared_global_pool,2,4,0,0,False,global,per_operation,64,48,False,False,False,False,0,0,0.0,28.916666666666668,28.916666666666668,28.916666666666668,320.0,1388.0,6,0.125,0.5625,0.9583333333333334,3401,408,0,0.0,0.1988480283562251,0.0,0.0,0.1988480283562251,0.3976960567124502,0,0,0,0,0.0,0.6282608695652174,0.5224846136826456,2785.0,2895.0,1.0394973070017954,False,970.7291666666666,36.525862068965516
square_root_n18.qasm,square_root_n18,0,reservation_reset__shared_global_pool__cq2__ten4__res0__reset50__noepr__global__per_operation,reservation_reset,shared_global_pool,2,4,0,50,False,global,per_operation,64,48,False,False,False,False,0,0,0.0,167.5,167.5,167.5,1490.0,8040.0,9,0.1875,0.59375,0.9583333333333334,11537,408,0,0.0,0.20134589502018843,0.09152086137281291,0.0,0.29286675639300136,0.5857335127860027,0,0,0,0,0.0,0.6282608695652174,0.7250379858076915,3985.0,4145.0,1.040150564617315,False,764.8125,46.077586206896555
square_root_n18.qasm,square_root_n18,0,reservation_reset__shared_global_pool__cq2__ten4__res0__reset200__noepr__global__per_operation,reservation_reset,shared_global_pool,2,4,0,200,False,global,per_operation,64,48,False,False,False,False,0,0,0.0,1285.625,1285.625,1285.625,5240.0,61710.0,23,0.4791666666666667,0.7395833333333334,0.9583333333333334,25424,408,0,0.0,0.19682483992632224,0.3578633453205859,0.0,0.5546881852469082,1.1093763704938164,0,0,0,0,0.0,0.6282608695652174,0.9463742127451468,7350.0,7890.0,1.073469387755102,False,510.0833333333333,46.077586206896555
square_root_n18.qasm,square_root_n18,0,reservation_reset__shared_global_pool__cq2__ten4__res500__reset0__noepr__global__per_operation,reservation_reset,shared_global_pool,2,4,500,0,False,global,per_operation,64,48,False,False,False,False,0,0,0.0,0.0,0.0,0.0,0.0,0.0,0,0.0,0.5,0.75,5650,408,0,0.0,0.19653179190751446,0.0,0.0,0.5768523384130321,0.7733841303205465,0,0,0,0,0.0,0.6282608695652174,0.2553585607049907,2710.0,3295.0,1.2158671586715868,False,956.2708333333334,46.939655172413794
square_root_n18.qasm,square_root_n18,0,reservation_reset__shared_global_pool__cq2__ten4__res500__reset50__noepr__global__per_operation,reservation_reset,shared_global_pool,2,4,500,50,False,global,per_operation,64,48,False,False,False,False,0,0,0.0,0.0,0.0,0.0,0.0,0.0,0,0.0,0.5,0.7708333333333334,13803,408,0,0.0,0.19486778689592288,0.08857626677087405,0.0,0.6244539967869394,0.9078980504537363,0,0,0,0,0.0,0.6282608695652174,0.2521466987963832,3825.0,4695.0,1.227450980392157,False,778.1458333333334,46.077586206896555
square_root_n18.qasm,square_root_n18,0,reservation_reset__shared_global_pool__cq2__ten4__res500__reset200__noepr__global__per_operation,reservation_reset,shared_global_pool,2,4,500,200,False,global,per_operation,64,48,False,False,False,False,0,0,0.0,0.0,0.0,0.0,0.0,0.0,0,0.0,0.5,0.8125,26006,408,0,0.0,0.19194251988709263,0.3489863997947139,0.0,0.7662903087845351,1.3072192284663415,0,0,0,0,0.0,0.6282608695652174,0.25060139660688086,7275.0,8895.0,1.2226804123711341,False,444.9791666666667,46.077586206896555
square_root_n18.qasm,square_root_n18,0,reservation_reset__shared_global_pool__cq2__ten4__res2000__reset0__noepr__global__per_operation,reservation_reset,shared_global_pool,2,4,2000,0,False,global,per_operation,64,48,False,False,False,False,0,0,0.0,0.0,0.0,0.0,0.0,0.0,0,0.0,0.5,0.8333333333333334,5658,408,0,0.0,0.1846229791435271,0.0,0.0,0.9140894318976511,1.0987124110411781,0,0,0,0,0.0,0.6282608695652174,0.2525421988522734,2710.0,3295.0,1.2158671586715868,False,1104.4791666666667,46.939655172413794
square_root_n18.qasm,square_root_n18,0,reservation_reset__shared_global_pool__cq2__ten4__res2000__reset50__noepr__global__per_operation,reservation_reset,shared_global_pool,2,4,2000,50,False,global,per_operation,64,48,False,False,False,False,0,0,0.0,0.0,0.0,0.0,0.0,0.0,0,0.0,0.5,0.7708333333333334,13473,408,0,0.0,0.18074909383809906,0.08215867901731776,0.0,0.9099798630688684,1.1728876359242852,0,0,0,0,0.0,0.6282608695652174,0.2518404223619326,3825.0,4695.0,1.227450980392157,False,748.3125,46.077586206896555
square_root_n18.qasm,square_root_n18,0,reservation_reset__shared_global_pool__cq2__ten4__res2000__reset200__noepr__global__per_operation,reservation_reset,shared_global_pool,2,4,2000,200,False,global,per_operation,64,48,False,False,False,False,0,0,0.0,0.0,0.0,0.0,0.0,0.0,0,0.0,0.5,0.6875,26980,404,2,0.00980392156862745,0.17834497150654147,0.3242635845573481,0.0,0.892391042619793,1.3949995986836825,0,0,0,0,0.0,0.618842513952924,0.2504994068399196,7275.0,8895.0,1.2226804123711341,False,222.1875,46.077586206896555
square_root_n18.qasm,square_root_n18,1,reservation_reset__shared_global_pool__cq2__ten4__res0__reset0__noepr__global__per_operation,reservation_reset,shared_global_pool,2,4,0,0,False,global,per_operation,64,48,False,False,False,False,0,0,0.0,24.6875,24.6875,24.6875,270.0,1185.0,6,0.125,0.5625,0.9583333333333334,2605,408,0,0.0,0.19631687152792965,0.0,0.0,0.19631687152792965,0.3926337430558593,0,0,0,0,0.0,0.6282608695652174,0.6144687299987884,2750.0,2890.0,1.050909090909091,False,964.7708333333334,46.85344827586207
square_root_n18.qasm,square_root_n18,1,reservation_reset__shared_global_pool__cq2__ten4__res0__reset50__noepr__global__per_operation,reservation_reset,shared_global_pool,2,4,0,50,False,global,per_operation,64,48,False,False,False,False,0,0,0.0,170.58333333333334,170.58333333333334,170.58333333333334,1485.0,8188.0,10,0.20833333333333334,0.6041666666666666,0.9583333333333334,12312,408,0,0.0,0.19621387662309273,0.08918812573776942,0.0,0.28540200236086216,0.5708040047217243,0,0,0,0,0.0,0.6282608695652174,0.6602285185899005,3970.0,4140.0,1.0428211586901763,False,892.6041666666666,17.887931034482758
square_root_n18.qasm,square_root_n18,1,reservation_reset__shared_global_pool__cq2__ten4__res0__reset200__noepr__global__per_operation,reservation_reset,shared_global_pool,2,4,0,200,False,global,per_operation,64,48,False,False,False,False,0,0,0.0,1210.0416666666667,1210.0416666666667,1210.0416666666667,5230.0,58082.0,22,0.4583333333333333,0.7291666666666666,0.9583333333333334,23857,408,0,0.0,0.19623961521644076,0.35679930039352864,0.0,0.5530389156099694,1.1060778312199389,0,0,0,0,0.0,0.6282608695652174,0.8554058493850789,7345.0,7839.0,1.0672566371681416,False,466.6041666666667,36.508620689655174
square_root_n18.qasm,square_root_n18,1,reservation_reset__shared_global_pool__cq2__ten4__res500__reset0__noepr__global__per_operation,reservation_reset,shared_global_pool,2,4,500,0,False,global,per_operation,64,48,False,False,False,False,0,0,0.0,0.0,0.0,0.0,0.0,0.0,0,0.0,0.5,0.7916666666666666,6212,408,0,0.0,0.19276694442058243,0.0,0.0,0.5329181341809123,0.7256850786014947,0,0,0,0,0.0,0.6282608695652174,0.2533501592391731,2710.0,3295.0,1.2158671586715868,False,993.6458333333334,46.939655172413794
square_root_n18.qasm,square_root_n18,1,reservation_reset__shared_global_pool__cq2__ten4__res500__reset50__noepr__global__per_operation,reservation_reset,shared_global_pool,2,4,500,50,False,global,per_operation,64,48,False,False,False,False,0,0,0.0,0.0,0.0,0.0,0.0,0.0,0,0.0,0.5,0.9166666666666666,12857,408,0,0.0,0.19453836150845252,0.08842652795838751,0.0,0.6409449501517122,0.9239098396185522,0,0,0,0,0.0,0.6282608695652174,0.25486585667172634,3825.0,4695.0,1.227450980392157,False,772.7291666666666,46.077586206896555
square_root_n18.qasm,square_root_n18,1,reservation_reset__shared_global_pool__cq2__ten4__res500__reset200__noepr__global__per_operation,reservation_reset,shared_global_pool,2,4,500,200,False,global,per_operation,64,48,False,False,False,False,0,0,0.0,0.0,0.0,0.0,0.0,0.0,0,0.0,0.5,0.8125,24428,408,0,0.0,0.1929326799071447,0.3507866907402631,0.0,0.7754363339351732,1.319155704582581,0,0,0,0,0.0,0.6282608695652174,0.250784730780474,7275.0,8895.0,1.2226804123711341,False,505.0833333333333,46.077586206896555
square_root_n18.qasm,square_root_n18,1,reservation_reset__shared_global_pool__cq2__ten4__res2000__reset0__noepr__global__per_operation,reservation_reset,shared_global_pool,2,4,2000,0,False,global,per_operation,64,48,False,False,False,False,0,0,0.0,0.0,0.0,0.0,0.0,0.0,0,0.0,0.5,0.75,6243,408,0,0.0,0.1817151186330877,0.0,0.0,0.9249412907927768,1.1066564094258644,0,0,0,0,0.0,0.6282608695652174,0.2516189290662816,2710.0,3295.0,1.2158671586715868,False,1228.2083333333333,46.939655172413794
square_root_n18.qasm,square_root_n18,1,reservation_reset__shared_global_pool__cq2__ten4__res2000__reset50__noepr__global__per_operation,reservation_reset,shared_global_pool,2,4,2000,50,False,global,per_operation,64,48,False,False,False,False,0,0,0.0,0.0,0.0,0.0,0.0,0.0,0,0.0,0.5,0.5416666666666666,30982,408,0,0.0,0.1801252207416921,0.08187510033713277,0.0,0.8883448386578905,1.1503451597367154,0,0,0,0,0.0,0.6282608695652174,0.28054931480986117,6870.0,9909.0,1.44235807860262,False,761.1041666666666,35.12931034482759
square_root_n18.qasm,square_root_n18,1,reservation_reset__shared_global_pool__cq2__ten4__res2000__reset200__noepr__global__per_operation,reservation_reset,shared_global_pool,2,4,2000,200,False,global,per_operation,64,48,False,False,False,False,0,0,0.0,0.0,0.0,0.0,0.0,0.0,0,0.0,0.5,0.7291666666666666,25173,406,1,0.004901960784313725,0.17743345252284465,0.322606277314263,0.0,0.9244497417560588,1.4244894715931664,0,0,0,0,0.0,0.6235851340717874,0.2505866804239134,7275.0,8895.0,1.2226804123711341,False,340.5416666666667,46.077586206896555
square_root_n18.qasm,square_root_n18,2,reservation_reset__shared_global_pool__cq2__ten4__res0__reset0__noepr__global__per_operation,reservation_reset,shared_global_pool,2,4,0,0,False,global,per_operation,64,48,False,False,False,False,0,0,0.0,21.458333333333332,21.458333333333332,21.458333333333332,250.0,1030.0,6,0.125,0.5625,0.9583333333333334,2196,408,0,0.0,0.1984260323636042,0.0,0.0,0.1984260323636042,0.3968520647272084,0,0,0,0,0.0,0.6282608695652174,0.29939534459359063,2715.0,2825.0,1.0405156537753222,False,942.7916666666666,46.85344827586207
square_root_n18.qasm,square_root_n18,2,reservation_reset__shared_global_pool__cq2__ten4__res0__reset50__noepr__global__per_operation,reservation_reset,shared_global_pool,2,4,0,50,False,global,per_operation,64,48,False,False,False,False,0,0,0.0,166.5625,166.5625,166.5625,1490.0,7995.0,9,0.1875,0.59375,0.9583333333333334,12265,408,0,0.0,0.2051375811317305,0.0932443550598775,0.0,0.298381936191608,0.596763872383216,0,0,0,0,0.0,0.6282608695652174,0.7622155406054388,3960.0,4140.0,1.0454545454545454,False,825.9166666666666,36.508620689655174
square_root_n18.qasm,square_root_n18,2,reservation_reset__shared_global_pool__cq2__ten4__res0__reset200__noepr__global__per_operation,reservation_reset,shared_global_pool,2,4,0,200,False,global,per_operation,64,48,False,False,False,False,0,0,0.0,1249.7916666666667,1249.7916666666667,1249.7916666666667,5226.0,59990.0,22,0.4583333333333333,0.7291666666666666,0.9583333333333334,24622,408,0,0.0,0.19530876017233126,0.3551068366769659,0.0,0.5504155968492972,1.1008311936985944,0,0,0,0,0.0,0.6282608695652174,0.8491572615826525,7514.0,7866.0,1.0468458876763376,False,485.8958333333333,17.887931034482758
square_root_n18.qasm,square_root_n18,2,reservation_reset__shared_global_pool__cq2__ten4__res500__reset0__noepr__global__per_operation,reservation_reset,shared_global_pool,2,4,500,0,False,global,per_operation,64,48,False,False,False,False,0,0,0.0,0.0,0.0,0.0,0.0,0.0,0,0.0,0.5,0.7708333333333334,6652,408,0,0.0,0.19114139693356047,0.0,0.0,0.5667802385008518,0.7579216354344123,0,0,0,0,0.0,0.6282608695652174,0.25600539348566453,2785.0,3445.0,1.236983842010772,False,950.75,40.94827586206897
square_root_n18.qasm,square_root_n18,2,reservation_reset__shared_global_pool__cq2__ten4__res500__reset50__noepr__global__per_operation,reservation_reset,shared_global_pool,2,4,500,50,False,global,per_operation,64,48,False,False,False,False,0,0,0.0,0.0,0.0,0.0,0.0,0.0,0,0.0,0.5,0.6041666666666666,17385,408,0,0.0,0.19359848158053664,0.08799930980933483,0.0,0.6347683547580019,0.9163661461478734,0,0,0,0,0.0,0.6282608695652174,0.25488377946766744,4215.0,5270.0,1.2502965599051008,False,796.375,40.81896551724138
square_root_n18.qasm,square_root_n18,2,reservation_reset__shared_global_pool__cq2__ten4__res500__reset200__noepr__global__per_operation,reservation_reset,shared_global_pool,2,4,500,200,False,global,per_operation,64,48,False,False,False,False,0,0,0.0,0.0,0.0,0.0,0.0,0.0,0,0.0,0.5,0.8958333333333334,27626,408,0,0.0,0.19150025601638504,0.3481822836661546,0.0,0.7589179040791943,1.298600443761734,0,0,0,0,0.0,0.6282608695652174,0.2504784522687512,7275.0,8895.0,1.2226804123711341,False,475.5833333333333,46.077586206896555
square_root_n18.qasm,square_root_n18,2,reservation_reset__shared_global_pool__cq2__ten4__res2000__reset0__noepr__global__per_operation,reservation_reset,shared_global_pool,2,4,2000,0,False,global,per_operation,64,48,False,False,False,False,0,0,0.0,0.0,0.0,0.0,0.0,0.0,0,0.0,0.5,0.8333333333333334,5558,408,0,0.0,0.18739039665970772,0.0,0.0,0.9073486430062631,1.0947390396659709,0,0,0,0,0.0,0.6282608695652174,0.2527757982559335,2710.0,3295.0,1.2158671586715868,False,1080.3958333333333,46.939655172413794
square_root_n18.qasm,square_root_n18,2,reservation_reset__shared_global_pool__cq2__ten4__res2000__reset50__noepr__global__per_operation,reservation_reset,shared_global_pool,2,4,2000,50,False,global,per_operation,64,48,False,False,False,False,0,0,0.0,0.0,0.0,0.0,0.0,0.0,0,0.0,0.5,0.8541666666666666,13759,408,0,0.0,0.1792690233672858,0.08148591971240264,0.0,0.9242660275614141,1.1850209706411026,0,0,0,0,0.0,0.6282608695652174,0.2516991165603187,3825.0,4695.0,1.227450980392157,False,893.1875,46.077586206896555
square_root_n18.qasm,square_root_n18,2,reservation_reset__shared_global_pool__cq2__ten4__res2000__reset200__noepr__global__per_operation,reservation_reset,shared_global_pool,2,4,2000,200,False,global,per_operation,64,48,False,False,False,False,0,0,0.0,0.0,0.0,0.0,0.0,0.0,0,0.0,0.5,0.75,28390,408,0,0.0,0.18177399756986634,0.330498177399757,0.0,0.9087160793843662,1.4209882543539896,0,0,0,0,0.0,0.6282608695652174,0.250966573412218,8895.0,11930.0,1.341202922990444,False,129.16666666666666,36.508620689655174
bv_n19.qasm,bv_n19,0,reservation_reset__static_assignment__cq2__ten4__res0__reset0__noepr__global__per_operation,reservation_reset,static_assignment,2,4,0,0,False,global,per_operation,64,48,False,False,False,False,0,0,0.0,0.0,0.0,0.0,0.0,0.0,0,0.0,0.5,0.0,282,0,0,0.0,0.09655475093263112,0.0,0.0,0.09655475093263112,0.19310950186526224,0,0,0,0,0.0,0.7697044334975369,0.3521993311468531,1420.0,1420.0,1.0,False,325.0,133.16666666666666
bv_n19.qasm,bv_n19,0,reservation_reset__static_assignment__cq2__ten4__res0__reset50__noepr__global__per_operation,reservation_reset,static_assignment,2,4,0,50,False,global,per_operation,64,48,False,False,False,False,0,0,0.0,0.0,0.0,0.0,0.0,0.0,0,0.0,0.5,0.0,550,0,0,0.0,0.09804795436313397,0.04456725198324271,0.0,0.14261520634637667,0.28523041269275334,0,0,0,0,0.0,0.7697044334975369,0.2854403666581656,1970.0,1970.0,1.0,False,276.0416666666667,141.0
bv_n19.qasm,bv_n19,0,reservation_reset__static_assignment__cq2__ten4__res0__reset200__noepr__global__per_operation,reservation_reset,static_assignment,2,4,0,200,False,global,per_operation,64,48,False,False,False,False,0,0,0.0,0.0,0.0,0.0,0.0,0.0,0,0.0,0.5,0.0,841,0,0,0.0,0.09763458039320108,0.17751741889672923,0.0,0.27515199928993034,0.5503039985798607,0,0,0,0,0.0,0.7697044334975369,0.2528110793808572,3620.0,3620.0,1.0,False,129.16666666666666,279.5833333333333
bv_n19.qasm,bv_n19,0,reservation_reset__static_assignment__cq2__ten4__res500__reset0__noepr__global__per_operation,reservation_reset,static_assignment,2,4,500,0,False,global,per_operation,64,48,False,False,False,False,0,0,0.0,0.0,0.0,0.0,0.0,0.0,0,0.0,0.5,0.0,394,0,0,0.0,0.09553172087368102,0.0,0.0,0.338972599765513,0.4345043206391941,0,0,0,0,0.0,0.7697044334975369,0.25444964695433525,1420.0,1420.0,1.0,False,325.0,187.91666666666666
bv_n19.qasm,bv_n19,0,reservation_reset__static_assignment__cq2__ten4__res500__reset50__noepr__global__per_operation,reservation_reset,static_assignment,2,4,500,50,False,global,per_operation,64,48,False,False,False,False,0,0,0.0,0.0,0.0,0.0,0.0,0.0,0,0.0,0.5,0.0,740,0,0,0.0,0.08910490076954232,0.04050222762251924,0.0,0.33654921020656137,0.46615633859862293,0,0,0,0,0.0,0.7697044334975369,0.25234681331398673,1970.0,1970.0,1.0,False,276.0416666666667,210.83333333333334
bv_n19.qasm,bv_n19,0,reservation_reset__static_assignment__cq2__ten4__res500__reset200__noepr__global__per_operation,reservation_reset,static_assignment,2,4,500,200,False,global,per_operation,64,48,False,False,False,False,0,0,0.0,0.0,0.0,0.0,0.0,0.0,0,0.0,0.5,0.0,1459,0,0,0.0,0.08807750820722235,0.16014092401313157,0.0,0.36046921290735845,0.6086876451277123,0,0,0,0,0.0,0.7697044334975369,0.25115252578163727,3620.0,3620.0,1.0,False,129.16666666666666,216.95833333333334
bv_n19.qasm,bv_n19,0,reservation_reset__static_assignment__cq2__ten4__res2000__reset0__noepr__global__per_operation,reservation_reset,static_assignment,2,4,2000,0,False,global,per_operation,64,48,False,False,False,False,0,6,0.0,0.0,0.0,0.0,0.0,0.0,0,0.0,0.5,0.0,2480,0,9,0.09,0.07511067757184663,0.0,0.0,0.3771591505965334,0.45226982816837996,0,0,0,0,0.0,0.6834763948497854,0.25055665505800734,9360.0,9360.0,1.0,True,325.0,975.0
bv_n19.qasm,bv_n19,0,reservation_reset__static_assignment__cq2__ten4__res2000__reset50__noepr__global__per_operation,reservation_reset,static_assignment,2,4,2000,50,False,global,per_operation,64,48,False,False,False,False,0,0,0.0,0.0,0.0,0.0,0.0,0.0,0,0.0,0.5,0.0,1938,0,0,0.0,0.08181480104127929,0.03718854592785422,0.0,0.3680922275939011,0.4870955745630346,0,0,0,0,0.0,0.7697044334975369,0.251034304599373,1970.0,1970.0,1.0,False,276.0416666666667,210.83333333333334
bv_n19.qasm,bv_n19,0,reservation_reset__static_assignment__cq2__ten4__res2000__reset200__noepr__global__per_operation,reservation_reset,static_assignment,2,4,2000,200,False,global,per_operation,64,48,False,False,False,False,0,0,0.0,0.0,0.0,0.0,0.0,0.0,0,0.0,0.5,0.0,3330,0,12,0.12,0.06573184395477541,0.1195124435541371,0.0,0.3595762740637626,0.5448205615726751,0,0,0,0,0.0,0.6648351648351648,0.250744915488205,3620.0,3620.0,1.0,False,129.16666666666666,279.5833333333333
bv_n19.qasm,bv_n19,1,reservation_reset__static_assignment__cq2__ten4__res0__reset0__noepr__global__per_operation,reservation_reset,static_assignment,2,4,0,0,False,global,per_operation,64,48,False,False,False,False,0,0,0.0,0.0,0.0,0.0,0.0,0.0,0,0.0,0.5,0.0,323,0,0,0.0,0.09563554164493132,0.0,0.0,0.09563554164493132,0.19127108328986264,0,0,0,0,0.0,0.7697044334975369,0.2765746901946737,1420.0,1420.0,1.0,False,325.0,121.75
bv_n19.qasm,bv_n19,1,reservation_reset__static_assignment__cq2__ten4__res0__reset50__noepr__global__per_operation,reservation_reset,static_assignment,2,4,0,50,False,global,per_operation,64,48,False,False,False,False,0,0,0.0,0.0,0.0,0.0,0.0,0.0,0,0.0,0.5,0.0,448,0,0,0.0,0.0955607679610807,0.04343671270958214,0.0,0.13899748067066284,0.2779949613413257,0,0,0,0,0.0,0.7697044334975369,0.2670368052709326,1970.0,1970.0,1.0,False,276.0416666666667,197.5
bv_n19.qasm,bv_n19,1,reservation_reset__static_assignment__cq2__ten4__res0__reset200__noepr__global__per_operation,reservation_reset,static_assignment,2,4,0,200,False,global,per_operation,64,48,False,False,False,False,0,0,0.0,0.0,0.0,0.0,0.0,0.0,0,0.0,0.5,0.0,1013,0,0,0.0,0.0966226009047389,0.17567745619043437,0.0,0.27230005709517324,0.5446001141903465,0,0,0,0,0.0,0.7697044334975369,0.2537541164673357,3620.0,3620.0,1.0,False,129.16666666666666,184.54166666666666
bv_n19.qasm,bv_n19,1,reservation_reset__static_assignment__cq2__ten4__res500__reset0__noepr__global__per_operation,reservation_reset,static_assignment,2,4,500,0,False,global,per_operation,64,48,False,False,False,False,0,0,0.0,0.0,0.0,0.0,0.0,0.0,0,0.0,0.5,0.0,522,0,0,0.0,0.09341032608695653,0.0,0.0,0.33767832880434784,0.4310886548913043,0,0,0,0,0.0,0.7697044334975369,0.254091786038923,2079.0,2079.0,1.0,False,325.0,114.95833333333333
bv_n19.qasm,bv_n19,1,reservation_reset__static_assignment__cq2__ten4__res500__reset50__noepr__global__per_operation,reservation_reset,static_assignment,2,4,500,50,False,global,per_operation,64,48,False,False,False,False,0,0,0.0,0.0,0.0,0.0,0.0,0.0,0,0.0,0.5,0.0,767,0,0,0.0,0.09686935846065783,0.04403152657302629,0.0,0.35935890097309675,0.5002597860067809,0,0,0,0,0.0,0.7697044334975369,0.25258430431527357,1970.0,1970.0,1.0,False,276.0416666666667,164.375
bv_n19.qasm,bv_n19,1,reservation_reset__static_assignment__cq2__ten4__res500__reset200__noepr__global__per_operation,reservation_reset,static_assignment,2,4,500,200,False,global,per_operation,64,48,False,False,False,False,0,0,0.0,0.0,0.0,0.0,0.0,0.0,0,0.0,0.5,0.0,2129,0,0,0.0,0.09679690249912003,0.17599436818021824,0.0,0.3800158394931362,0.6528071101724745,0,0,0,0,0.0,0.7697044334975369,0.25078760697300034,3620.0,3620.0,1.0,False,129.16666666666666,279.5833333333333
bv_n19.qasm,bv_n19,1,reservation_reset__static_assignment__cq2__ten4__res2000__reset0__noepr__global__per_operation,reservation_reset,static_assignment,2,4,2000,0,False,global,per_operation,64,48,False,False,False,False,0,0,0.0,0.0,0.0,0.0,0.0,0.0,0,0.0,0.5,0.0,1916,0,4,0.04,0.07778146061208706,0.0,0.0,0.37336574227525504,0.4511472028873421,0,0,0,0,0.0,0.7422680412371134,0.25061302974179683,8010.0,8010.0,1.0,False,325.0,449.5833333333333
bv_n19.qasm,bv_n19,1,reservation_reset__static_assignment__cq2__ten4__res2000__reset50__noepr__global__per_operation,reservation_reset,static_assignment,2,4,2000,50,False,global,per_operation,64,48,False,False,False,False,0,0,0.0,0.0,0.0,0.0,0.0,0.0,0,0.0,0.5,0.0,3081,0,0,0.0,0.08163568221455342,0.03710712827934246,0.0,0.3775056588370626,0.49624846933095845,0,0,0,0,0.0,0.7697044334975369,0.2503897251956813,8785.0,8785.0,1.0,False,276.0416666666667,496.4583333333333
bv_n19.qasm,bv_n19,1,reservation_reset__static_assignment__cq2__ten4__res2000__reset200__noepr__global__per_operation,reservation_reset,static_assignment,2,4,2000,200,False,global,per_operation,64,48,False,False,False,False,0,0,0.0,0.0,0.0,0.0,0.0,0.0,0,0.0,0.5,0.0,2574,0,1,0.01,0.07270906359539309,0.13219829744616926,0.0,0.36100817893506926,0.5659155399766316,0,0,0,0,0.0,0.7635556248052353,0.2506002784621932,3910.0,3910.0,1.0,False,129.16666666666666,187.08333333333334
bv_n19.qasm,bv_n19,2,reservation_reset__static_assignment__cq2__ten4__res0__reset0__noepr__global__per_operation,reservation_reset,static_assignment,2,4,0,0,False,global,per_operation,64,48,False,False,False,False,0,0,0.0,0.0,0.0,0.0,0.0,0.0,0,0.0,0.5,0.0,233,0,0,0.0,0.09737098344693282,0.0,0.0,0.09737098344693282,0.19474196689386564,0,0,0,0,0.0,0.7697044334975369,0.31223129705006675,1420.0,1420.0,1.0,False,325.0,187.91666666666666
bv_n19.qasm,bv_n19,2,reservation_reset__static_assignment__cq2__ten4__res0__reset50__noepr__global__per_operation,reservation_reset,static_assignment,2,4,0,50,False,global,per_operation,64,48,False,False,False,False,0,0,0.0,0.0,0.0,0.0,0.0,0.0,0,0.0,0.5,0.0,485,0,0,0.0,0.09713024282560706,0.04415011037527594,0.0,0.141280353200883,0.282560706401766,0,0,0,0,0.0,0.7697044334975369,0.26637760215046147,2130.0,2130.0,1.0,False,276.0416666666667,204.16666666666666
bv_n19.qasm,bv_n19,2,reservation_reset__static_assignment__cq2__ten4__res0__reset200__noepr__global__per_operation,reservation_reset,static_assignment,2,4,0,200,False,global,per_operation,64,48,False,False,False,False,0,0,0.0,0.0,0.0,0.0,0.0,0.0,0,0.0,0.5,0.0,728,0,0,0.0,0.09502008379043753,0.1727637887098864,0.0,0.2677838725003239,0.5355677450006479,0,0,0,0,0.0,0.7697044334975369,0.2541493912902988,3620.0,3620.0,1.0,False,129.16666666666666,220.875
bv_n19.qasm,bv_n19,2,reservation_reset__static_assignment__cq2__ten4__res500__reset0__noepr__global__per_operation,reservation_reset,static_assignment,2,4,500,0,False,global,per_operation,64,48,False,False,False,False,0,0,0.0,0.0,0.0,0.0,0.0,0.0,0,0.0,0.5,0.0,361,0,0,0.0,0.09298000929800093,0.0,0.0,0.3276953636786273,0.4206753729766282,0,0,0,0,0.0,0.7697044334975369,0.2557244952824921,1420.0,1420.0,1.0,False,325.0,187.91666666666666
bv_n19.qasm,bv_n19,2,reservation_reset__static_assignment__cq2__ten4__res500__reset50__noepr__global__per_operation,reservation_reset,static_assignment,2,4,500,50,False,global,per_operation,64,48,False,False,False,False,0,0,0.0,0.0,0.0,0.0,0.0,0.0,0,0.0,0.5,0.0,543,0,0,0.0,0.094283020485129,0.04285591840233136,0.0,0.3584126167823776,0.495551555669838,0,0,0,0,0.0,0.7697044334975369,0.25449490749244885,1970.0,1970.0,1.0,False,276.0416666666667,210.83333333333334
bv_n19.qasm,bv_n19,2,reservation_reset__static_assignment__cq2__ten4__res500__reset200__noepr__global__per_operation,reservation_reset,static_assignment,2,4,500,200,False,global,per_operation,64,48,False,False,False,False,0,0,0.0,0.0,0.0,0.0,0.0,0.0,0,0.0,0.5,0.0,2007,0,0,0.0,0.09301932265020507,0.16912604118219102,0.0,0.37920595323664963,0.6413513170690457,0,0,0,0,0.0,0.7697044334975369,0.25088157950268264,3620.0,3620.0,1.0,False,129.16666666666666,279.5833333333333
bv_n19.qasm,bv_n19,2,reservation_reset__static_assignment__cq2__ten4__res2000__reset0__noepr__global__per_operation,reservation_reset,static_assignment,2,4,2000,0,False,global,per_operation,64,48,False,False,False,False,0,0,0.0,0.0,0.0,0.0,0.0,0.0,0,0.0,0.5,0.0,1831,0,10,0.1,0.0740796168811733,0.0,0.0,0.3668662077222388,0.44094582460341214,0,0,0,0,0.0,0.6869063772048847,0.25187348151737765,1420.0,1420.0,1.0,False,325.0,187.91666666666666
bv_n19.qasm,bv_n19,2,reservation_reset__static_assignment__cq2__ten4__res2000__reset50__noepr__global__per_operation,reservation_reset,static_assignment,2,4,2000,50,False,global,per_operation,64,48,False,False,False,False,0,0,0.0,0.0,0.0,0.0,0.0,0.0,0,0.0,0.5,0.0,1568,0,0,0.0,0.0859677230276269,0.03907623773983041,0.0,0.37662459458403347,0.5016685553514908,0,0,0,0,0.0,0.7697044334975369,0.2511117925852931,1970.0,1970.0,1.0,False,276.0416666666667,210.83333333333334
bv_n19.qasm,bv_n19,2,reservation_reset__static_assignment__cq2__ten4__res2000__reset200__noepr__global__per_operation,reservation_reset,static_assignment,2,4,2000,200,False,global,per_operation,64,48,False,False,False,False,0,0,0.0,0.0,0.0,0.0,0.0,0.0,0,0.0,0.5,0.0,2460,0,2,0.02,0.07517958016598089,0.1366901457563289,0.0,0.363888695167027,0.5757584210893367,0,0,0,0,0.0,0.7569356872635561,0.2506276441556723,3620.0,3620.0,1.0,False,129.16666666666666,279.5833333333333
dnn_n16.qasm,dnn_n16,0,reservation_reset__static_assignment__cq2__ten4__res0__reset0__noepr__global__per_operation,reservation_reset,static_assignment,2,4,0,0,False,global,per_operation,64,48,False,False,False,False,0,0,0.0,0.0,0.0,0.0,0.0,0.0,0,0.0,0.5,0.0,1780,0,0,0.0,0.15559386465101888,0.0,0.0,0.15559386465101888,0.31118772930203775,0,0,0,0,0.0,0.7722007722007722,0.25540662553443616,9865.0,9865.0,1.0,False,325.0,65.36805555555556
dnn_n16.qasm,dnn_n16,0,reservation_reset__static_assignment__cq2__ten4__res0__reset50__noepr__global__per_operation,reservation_reset,static_assignment,2,4,0,50,False,global,per_operation,64,48,False,False,False,False,0,0,0.0,0.0,0.0,0.0,0.0,0.0,0,0.0,0.5,0.0,7106,0,0,0.0,0.1543859649122807,0.07017543859649122,0.0,0.22456140350877193,0.44912280701754387,0,0,0,0,0.0,0.7722007722007722,0.2510512220434262,13125.0,13125.0,1.0,False,276.0416666666667,67.98611111111111
dnn_n16.qasm,dnn_n16,0,reservation_reset__static_assignment__cq2__ten4__res0__reset200__noepr__global__per_operation,reservation_reset,static_assignment,2,4,0,200,False,global,per_operation,64,48,False,False,False,False,0,23,0.0,0.0,0.0,0.0,0.0,0.0,0,0.0,0.5,0.0,18223,0,25,0.15625,0.11797418073485601,0.21449851042701093,0.0,0.33247269116186695,0.6649453823237339,0,0,0,0,0.0,0.8392429545035919,0.2502617795592103,18085.0,18085.0,1.0,True,129.16666666666666,130.35714285714286
dnn_n16.qasm,dnn_n16,0,reservation_reset__static_assignment__cq2__ten4__res500__reset0__noepr__global__per_operation,reservation_reset,static_assignment,2,4,500,0,False,global,per_operation,64,48,False,False,False,False,0,0,0.0,0.0,0.0,0.0,0.0,0.0,0,0.0,0.5,0.0,4489,0,0,0.0,0.15469127664249616,0.0,0.0,0.3919138650845968,0.546605141727093,0,0,0,0,0.0,0.7722007722007722,0.25123630270315145,11389.0,11389.0,1.0,False,325.0,84.38888888888889
dnn_n16.qasm,dnn_n16,0,reservation_reset__static_assignment__cq2__ten4__res500__reset50__noepr__global__per_operation,reservation_reset,static_assignment,2,4,500,50,False,global,per_operation,64,48,False,False,False,False,0,0,0.0,0.0,0.0,0.0,0.0,0.0,0,0.0,0.5,0.0,8885,0,2,0.0125,0.1481986783201876,0.06736303560008527,0.0,0.4036879130249414,0.6192496269452142,0,0,0,0,0.0,0.759985387238188,0.2506795573303937,12526.0,12526.0,1.0,False,276.0416666666667,77.3125
dnn_n16.qasm,dnn_n16,0,reservation_reset__static_assignment__cq2__ten4__res500__reset200__noepr__global__per_operation,reservation_reset,static_assignment,2,4,500,200,False,global,per_operation,64,48,False,False,False,False,0,20,0.0,0.0,0.0,0.0,0.0,0.0,0,0.0,0.5,0.0,16965,0,28,0.175,0.11675779993567063,0.21228690897394661,0.0,0.41877211321968477,0.747816822129302,0,0,0,0,0.0,0.7845821325648416,0.2504607663001016,16092.0,16092.0,1.0,True,129.16666666666666,116.4423076923077
dnn_n16.qasm,dnn_n16,0,reservation_reset__static_assignment__cq2__ten4__res2000__reset0__noepr__global__per_operation,reservation_reset,static_assignment,2,4,2000,0,False,global,per_operation,64,48,False,False,False,False,0,0,0.0,0.0,0.0,0.0,0.0,0.0,0,0.0,0.5,0.0,11702,0,7,0.04375,0.12274368231046931,0.0,0.0,0.42062502279108777,0.5433687051015571,0,0,0,0,0.0,0.7281634938409854,0.2504374765916877,14503.0,14503.0,1.0,False,325.0,149.0
dnn_n16.qasm,dnn_n16,0,reservation_reset__static_assignment__cq2__ten4__res2000__reset50__noepr__global__per_operation,reservation_reset,static_assignment,2,4,2000,50,False,global,per_operation,64,48,False,False,False,False,0,0,0.0,0.0,0.0,0.0,0.0,0.0,0,0.0,0.5,0.0,9591,0,14,0.0875,0.11352230154803139,0.051601046158196086,0.0,0.3849508729766028,0.5500742206828303,0,0,0,0,0.0,0.6793727689954105,0.2505752662785522,11835.0,11835.0,1.0,False,276.0416666666667,98.4375
dnn_n16.qasm,dnn_n16,0,reservation_reset__static_assignment__cq2__ten4__res2000__reset200__noepr__global__per_operation,reservation_reset,static_assignment,2,4,2000,200,False,global,per_operation,64,48,False,False,False,False,0,48,0.0,0.0,0.0,0.0,0.0,0.0,0,0.0,0.5,0.0,18724,0,51,0.31875,0.08057795698924732,0.14650537634408603,0.0,0.403125,0.6302083333333334,0,0,0,0,0.0,0.8322359204258896,0.25036754654249466,18220.0,18220.0,1.0,True,129.16666666666666,332.9166666666667
dnn_n16.qasm,dnn_n16,1,reservation_reset__static_assignment__cq2__ten4__res0__reset0__noepr__global__per_operation,reservation_reset,static_assignment,2,4,0,0,False,global,per_operation,64,48,False,False,False,False,0,0,0.0,0.0,0.0,0.0,0.0,0.0,0,0.0,0.5,0.0,1601,0,0,0.0,0.1541020926363716,0.0,0.0,0.1541020926363716,0.3082041852727432,0,0,0,0,0.0,0.7722007722007722,0.2653432131395105,9946.0,9946.0,1.0,False,325.0,62.166666666666664
dnn_n16.qasm,dnn_n16,1,reservation_reset__static_assignment__cq2__ten4__res0__reset50__noepr__global__per_operation,reservation_reset,static_assignment,2,4,0,50,False,global,per_operation,64,48,False,False,False,False,0,0,0.0,0.0,0.0,0.0,0.0,0.0,0,0.0,0.5,0.0,6623,0,0,0.0,0.16036446469248292,0.07289293849658314,0.0,0.23325740318906607,0.46651480637813214,0,0,0,0,0.0,0.7722007722007722,0.2511818967955393,12805.0,12805.0,1.0,False,276.0416666666667,75.86805555555556
dnn_n16.qasm,dnn_n16,1,reservation_reset__static_assignment__cq2__ten4__res0__reset200__noepr__global__per_operation,reservation_reset,static_assignment,2,4,0,200,False,global,per_operation,64,48,False,False,False,False,0,17,0.0,0.0,0.0,0.0,0.0,0.0,0,0.0,0.5,0.0,15298,0,17,0.10625,0.11479656996898376,0.2087210363072432,0.0,0.32351760627622694,0.6470352125524539,0,0,0,0,0.0,0.8341083374123022,0.25031354890274626,18145.0,18145.0,1.0,True,129.16666666666666,129.0909090909091
dnn_n16.qasm,dnn_n16,1,reservation_reset__static_assignment__cq2__ten4__res500__reset0__noepr__global__per_operation,reservation_reset,static_assignment,2,4,500,0,False,global,per_operation,64,48,False,False,False,False,0,0,0.0,0.0,0.0,0.0,0.0,0.0,0,0.0,0.5,0.0,3937,0,0,0.0,0.148123211580542,0.0,0.0,0.38655108567581214,0.5346742972563542,0,0,0,0,0.0,0.7722007722007722,0.251389368540639,11314.0,11314.0,1.0,False,325.0,86.10416666666667
dnn_n16.qasm,dnn_n16,1,reservation_reset__static_assignment__cq2__ten4__res500__reset50__noepr__global__per_operation,reservation_reset,static_assignment,2,4,500,50,False,global,per_operation,64,48,False,False,False,False,0,0,0.0,0.0,0.0,0.0,0.0,0.0,0,0.0,0.5,0.0,10104,0,0,0.0,0.14967259120673526,0.06803299600306148,0.0,0.4064716387447912,0.624177225954588,0,0,0,0,0.0,0.7722007722007722,0.25069599216376726,15369.0,15369.0,1.0,False,276.0416666666667,105.23611111111111
dnn_n16.qasm,dnn_n16,1,reservation_reset__static_assignment__cq2__ten4__res500__reset200__noepr__global__per_operation,reservation_reset,static_assignment,2,4,500,200,False,global,per_operation,64,48,False,False,False,False,0,13,0.0,0.0,0.0,0.0,0.0,0.0,0,0.0,0.5,0.0,17731,0,25,0.15625,0.11372774267662263,0.2067777139574957,0.0,0.39892781926096116,0.7194332758950794,0,0,0,0,0.0,0.7291166586653864,0.2503568599839927,18145.0,18145.0,1.0,True,129.16666666666666,134.61864406779662
dnn_n16.qasm,dnn_n16,1,reservation_reset__static_assignment__cq2__ten4__res2000__reset0__noepr__global__per_operation,reservation_reset,static_assignment,2,4,2000,0,False,global,per_operation,64,48,False,False,False,False,0,6,0.0,0.0,0.0,0.0,0.0,0.0,0,0.0,0.5,0.0,14915,0,16,0.1,0.11783084133006025,0.0,0.0,0.3985196756676337,0.516350516997694,0,0,0,0,0.0,0.7240223463687151,0.25040927243961075,17212.0,17212.0,1.0,True,325.0,161.2651515151515
dnn_n16.qasm,dnn_n16,1,reservation_reset__static_assignment__cq2__ten4__res2000__reset50__noepr__global__per_operation,reservation_reset,static_assignment,2,4,2000,50,False,global,per_operation,64,48,False,False,False,False,0,5,0.0,0.0,0.0,0.0,0.0,0.0,0,0.0,0.5,0.0,20653,0,11,0.06875,0.11784160764999821,0.05356436711363555,0.0,0.4031563432433404,0.5745623180069741,0,0,0,0,0.0,0.7521683154899038,0.25029405671717536,17356.0,17356.0,1.0,True,276.0416666666667,130.98507462686567
dnn_n16.qasm,dnn_n16,1,reservation_reset__static_assignment__cq2__ten4__res2000__reset200__noepr__global__per_operation,reservation_reset,static_assignment,2,4,2000,200,False,global,per_operation,64,48,False,False,False,False,0,17,0.0,0.0,0.0,0.0,0.0,0.0,0,0.0,0.5,0.0,18257,0,36,0.225,0.09131380753138076,0.16602510460251046,0.0,0.41221087866108785,0.6695497907949791,0,0,0,0,0.0,0.6789120452137054,0.25027760228385126,18335.0,18335.0,1.0,True,129.16666666666666,161.94545454545454
dnn_n16.qasm,dnn_n16,2,reservation_reset__static_assignment__cq2__ten4__res0__reset0__noepr__global__per_operation,reservation_reset,static_assignment,2,4,0,0,False,global,per_operation,64,48,False,False,False,False,0,0,0.0,0.0,0.0,0.0,0.0,0.0,0,0.0,0.5,0.0,1974,0,0,0.0,0.15629856578304693,0.0,0.0,0.15629856578304693,0.31259713156609387,0,0,0,0,0.0,0.7722007722007722,0.2543181014601242,10088.0,10088.0,1.0,False,325.0,62.173611111111114
dnn_n16.qasm,dnn_n16,2,reservation_reset__static_assignment__cq2__ten4__res0__reset50__noepr__global__per_operation,reservation_reset,static_assignment,2,4,0,50,False,global,per_operation,64,48,False,False,False,False,0,0,0.0,0.0,0.0,0.0,0.0,0.0,0,0.0,0.5,0.0,5910,0,0,0.0,0.15807436680438297,0.07185198491108317,0.0,0.22992635171546613,0.45985270343093226,0,0,0,0,0.0,0.7722007722007722,0.25197079471601735,12979.0,12979.0,1.0,False,276.0416666666667,58.53472222222222
dnn_n16.qasm,dnn_n16,2,reservation_reset__static_assignment__cq2__ten4__res0__reset200__noepr__global__per_operation,reservation_reset,static_assignment,2,4,0,200,False,global,per_operation,64,48,False,False,False,False,0,22,0.0,0.0,0.0,0.0,0.0,0.0,0,0.0,0.5,0.0,16250,0,22,0.1375,0.11623277182235835,0.2113323124042879,0.0,0.32756508422664626,0.6551301684532925,0,0,0,0,0.0,0.8495717344753747,0.25029163876723015,18100.0,18100.0,1.0,True,129.16666666666666,131.0
dnn_n16.qasm,dnn_n16,2,reservation_reset__static_assignment__cq2__ten4__res500__reset0__noepr__global__per_operation,reservation_reset,static_assignment,2,4,500,0,False,global,per_operation,64,48,False,False,False,False,0,0,0.0,0.0,0.0,0.0,0.0,0.0,0,0.0,0.5,0.0,5500,0,0,0.0,0.15497732576057766,0.0,0.0,0.37532690529652624,0.5303042310571039,0,0,0,0,0.0,0.7722007722007722,0.2509197316185045,12565.0,12565.0,1.0,False,325.0,94.79166666666667
dnn_n16.qasm,dnn_n16,2,reservation_reset__static_assignment__cq2__ten4__res500__reset50__noepr__global__per_operation,reservation_reset,static_assignment,2,4,500,50,False,global,per_operation,64,48,False,False,False,False,0,0,0.0,0.0,0.0,0.0,0.0,0.0,0,0.0,0.5,0.0,8118,0,0,0.0,0.14682572787186118,0.06673896721448236,0.0,0.39543672311670974,0.6090014182030533,0,0,0,0,0.0,0.7722007722007722,0.25074891744278077,12303.0,12303.0,1.0,False,276.0416666666667,78.19444444444444
dnn_n16.qasm,dnn_n16,2,reservation_reset__static_assignment__cq2__ten4__res500__reset200__noepr__global__per_operation,reservation_reset,static_assignment,2,4,500,200,False,global,per_operation,64,48,False,False,False,False,0,23,0.0,0.0,0.0,0.0,0.0,0.0,0,0.0,0.5,0.0,18935,0,28,0.175,0.11493252067914671,0.20896821941663038,0.0,0.4128784580678355,0.7367791981636126,0,0,0,0,0.0,0.8172607879924954,0.2504021436285946,18227.0,18227.0,1.0,True,129.16666666666666,150.83673469387756
dnn_n16.qasm,dnn_n16,2,reservation_reset__static_assignment__cq2__ten4__res2000__reset0__noepr__global__per_operation,reservation_reset,static_assignment,2,4,2000,0,False,global,per_operation,64,48,False,False,False,False,0,0,0.0,0.0,0.0,0.0,0.0,0.0,0,0.0,0.5,0.0,9588,0,4,0.025,0.12978860189842303,0.0,0.0,0.4253299549975419,0.5551185568959649,0,0,0,0,0.0,0.7477876106194691,0.25059402091655353,12405.0,12405.0,1.0,False,325.0,121.9375
dnn_n16.qasm,dnn_n16,2,reservation_reset__static_assignment__cq2__ten4__res2000__reset50__noepr__global__per_operation,reservation_reset,static_assignment,2,4,2000,50,False,global,per_operation,64,48,False,False,False,False,0,0,0.0,0.0,0.0,0.0,0.0,0.0,0,0.0,0.5,0.0,9595,0,16,0.1,0.11559512515507553,0.05254323870685251,0.0,0.39094358899511056,0.5590819528570387,0,0,0,0,0.0,0.6605504587155964,0.2506326487870988,11835.0,11835.0,1.0,False,276.0416666666667,98.4375
dnn_n16.qasm,dnn_n16,2,reservation_reset__static_assignment__cq2__ten4__res2000__reset200__noepr__global__per_operation,reservation_reset,static_assignment,2,4,2000,200,False,global,per_operation,64,48,False,False,False,False,0,16,0.0,0.0,0.0,0.0,0.0,0.0,0,0.0,0.5,0.0,18512,0,37,0.23125,0.08768632534024627,0.1594296824368114,0.0,0.40733635774465327,0.6544523655217109,0,0,0,0,0.0,0.6657718711494455,0.25024638839488533,18390.0,18390.0,1.0,True,129.16666666666666,174.65178571428572
qft_n18.qasm,qft_n18,0,reservation_reset__static_assignment__cq2__ten4__res0__reset0__noepr__global__per_operation,reservation_reset,static_assignment,2,4,0,0,False,global,per_operation,64,48,False,False,False,False,0,0,0.0,0.0,0.0,0.0,0.0,0.0,0,0.0,0.5,0.0,6836,0,0,0.0,0.14890998593530239,0.0,0.0,0.14890998593530239,0.29781997187060477,0,0,0,0,0.0,0.7947721179624665,0.2624502027209788,7951.0,7951.0,1.0,False,325.0,56.24242424242424
qft_n18.qasm,qft_n18,0,reservation_reset__static_assignment__cq2__ten4__res0__reset50__noepr__global__per_operation,reservation_reset,static_assignment,2,4,0,50,False,global,per_operation,64,48,False,False,False,False,0,0,0.0,0.0,0.0,0.0,0.0,0.0,0,0.0,0.5,0.0,10853,0,0,0.0,0.14706137685562984,0.06684608038892265,0.0,0.21390745724455248,0.42781491448910497,0,0,0,0,0.0,0.7947721179624665,0.25371268649453915,10840.0,10840.0,1.0,False,276.0416666666667,86.06060606060606
qft_n18.qasm,qft_n18,0,reservation_reset__static_assignment__cq2__ten4__res0__reset200__noepr__global__per_operation,reservation_reset,static_assignment,2,4,0,200,False,global,per_operation,64,48,False,False,False,False,0,24,0.0,0.0,0.0,0.0,0.0,0.0,0,0.0,0.5,0.0,13349,0,25,0.16233766233766234,0.12009648343277898,0.21835724260505268,0.0,0.33845372603783164,0.6769074520756633,0,0,0,0,0.0,0.8615137709670739,0.251488473901508,13450.0,13450.0,1.0,True,129.16666666666666,143.83333333333334
qft_n18.qasm,qft_n18,0,reservation_reset__static_assignment__cq2__ten4__res500__reset0__noepr__global__per_operation,reservation_reset,static_assignment,2,4,500,0,False,global,per_operation,64,48,False,False,False,False,0,0,0.0,0.0,0.0,0.0,0.0,0.0,0,0.0,0.5,0.0,8566,0,0,0.0,0.14510257398603796,0.0,0.0,0.3661141804788214,0.5112167544648593,0,0,0,0,0.0,0.7947721179624665,0.25055764814710535,7270.0,7270.0,1.0,False,325.0,67.9090909090909
qft_n18.qasm,qft_n18,0,reservation_reset__static_assignment__cq2__ten4__res500__reset50__noepr__global__per_operation,reservation_reset,static_assignment,2,4,500,50,False,global,per_operation,64,48,False,False,False,False,0,0,0.0,0.0,0.0,0.0,0.0,0.0,0,0.0,0.5,0.0,13571,0,2,0.012987012987012988,0.14375994153303814,0.06534542796956279,0.0,0.40763509737328574,0.6167404668758867,0,0,0,0,0.0,0.7822318526543879,0.2503844108774661,10520.0,10520.0,1.0,False,276.0416666666667,100.53030303030303
qft_n18.qasm,qft_n18,0,reservation_reset__static_assignment__cq2__ten4__res500__reset200__noepr__global__per_operation,reservation_reset,static_assignment,2,4,500,200,False,global,per_operation,64,48,False,False,False,False,0,22,0.0,0.0,0.0,0.0,0.0,0.0,0,0.0,0.5,0.0,17393,0,25,0.16233766233766234,0.11839799749687109,0.21526908635794745,0.0,0.42856904463913226,0.7622361284939507,0,0,0,0,0.0,0.8440353012781497,0.2504875417444707,13450.0,13450.0,1.0,True,129.16666666666666,111.48863636363636
qft_n18.qasm,qft_n18,0,reservation_reset__static_assignment__cq2__ten4__res2000__reset0__noepr__global__per_operation,reservation_reset,static_assignment,2,4,2000,0,False,global,per_operation,64,48,False,False,False,False,0,5,0.0,0.0,0.0,0.0,0.0,0.0,0,0.0,0.5,0.0,13076,0,5,0.032467532467532464,0.13158845489944201,0.0,0.0,0.4208823411344386,0.5524707960338806,0,0,0,0,0.0,0.8132234432234432,0.25042059328096855,12778.0,12778.0,1.0,True,325.0,113.39344262295081
qft_n18.qasm,qft_n18,0,reservation_reset__static_assignment__cq2__ten4__res2000__reset50__noepr__global__per_operation,reservation_reset,static_assignment,2,4,2000,50,False,global,per_operation,64,48,False,False,False,False,0,0,0.0,0.0,0.0,0.0,0.0,0.0,0,0.0,0.5,0.0,13550,0,15,0.09740259740259741,0.1131796143454606,0.05144527924793664,0.0,0.39874902846145305,0.5633739220548503,0,0,0,0,0.0,0.6867979525095976,0.25045227879319387,10520.0,10520.0,1.0,False,276.0416666666667,100.53030303030303
qft_n18.qasm,qft_n18,0,reservation_reset__static_assignment__cq2__ten4__res2000__reset200__noepr__global__per_operation,reservation_reset,static_assignment,2,4,2000,200,False,global,per_operation,64,48,False,False,False,False,0,22,0.0,0.0,0.0,0.0,0.0,0.0,0,0.0,0.5,0.0,16536,0,35,0.22727272727272727,0.09185642609031262,0.1670116838005684,0.0,0.4252692887968843,0.6841373986877654,0,0,0,0,0.0,0.7550117295798677,0.2505867299282146,13450.0,13450.0,1.0,True,129.16666666666666,101.54545454545455
qft_n18.qasm,qft_n18,1,reservation_reset__static_assignment__cq2__ten4__res0__reset0__noepr__global__per_operation,reservation_reset,static_assignment,2,4,0,0,False,global,per_operation,64,48,False,False,False,False,0,0,0.0,0.0,0.0,0.0,0.0,0.0,0,0.0,0.5,0.0,5842,0,0,0.0,0.14827133479212254,0.0,0.0,0.14827133479212254,0.2965426695842451,0,0,0,0,0.0,0.7947721179624665,0.26001725018480537,7490.0,7490.0,1.0,False,325.0,72.42424242424242
qft_n18.qasm,qft_n18,1,reservation_reset__static_assignment__cq2__ten4__res0__reset50__noepr__global__per_operation,reservation_reset,static_assignment,2,4,0,50,False,global,per_operation,64,48,False,False,False,False,0,0,0.0,0.0,0.0,0.0,0.0,0.0,0,0.0,0.5,0.0,10626,0,0,0.0,0.1470805296288257,0.06685478619492077,0.0,0.21393531582374647,0.42787063164749295,0,0,0,0,0.0,0.7947721179624665,0.25245888164592245,10840.0,10840.0,1.0,False,276.0416666666667,78.75
qft_n18.qasm,qft_n18,1,reservation_reset__static_assignment__cq2__ten4__res0__reset200__noepr__global__per_operation,reservation_reset,static_assignment,2,4,0,200,False,global,per_operation,64,48,False,False,False,False,0,24,0.0,0.0,0.0,0.0,0.0,0.0,0,0.0,0.5,0.0,15399,0,26,0.16883116883116883,0.12194699463017496,0.22172180841849992,0.0,0.34366880304867486,0.6873376060973497,0,0,0,0,0.0,0.8547579298831386,0.25065843856913533,13450.0,13450.0,1.0,True,129.16666666666666,128.85714285714286
qft_n18.qasm,qft_n18,1,reservation_reset__static_assignment__cq2__ten4__res500__reset0__noepr__global__per_operation,reservation_reset,static_assignment,2,4,500,0,False,global,per_operation,64,48,False,False,False,False,0,0,0.0,0.0,0.0,0.0,0.0,0.0,0,0.0,0.5,0.0,6972,0,0,0.0,0.14436679734106017,0.0,0.0,0.37917163797511505,0.5235384353161752,0,0,0,0,0.0,0.7947721179624665,0.2508578660893334,7270.0,7270.0,1.0,False,325.0,76.28787878787878
qft_n18.qasm,qft_n18,1,reservation_reset__static_assignment__cq2__ten4__res500__reset50__noepr__global__per_operation,reservation_reset,static_assignment,2,4,500,50,False,global,per_operation,64,48,False,False,False,False,0,0,0.0,0.0,0.0,0.0,0.0,0.0,0,0.0,0.5,0.0,13904,0,8,0.05194805194805195,0.13381103149475088,0.06082319613397767,0.0,0.40748208631894683,0.6021163139476754,0,0,0,0,0.0,0.7430284439486894,0.2505216774980008,10520.0,10520.0,1.0,False,276.0416666666667,89.48484848484848
qft_n18.qasm,qft_n18,1,reservation_reset__static_assignment__cq2__ten4__res500__reset200__noepr__global__per_operation,reservation_reset,static_assignment,2,4,500,200,False,global,per_operation,64,48,False,False,False,False,0,22,0.0,0.0,0.0,0.0,0.0,0.0,0,0.0,0.5,0.0,17453,0,28,0.18181818181818182,0.11330935251798561,0.20601700457815567,0.0,0.4256948986265533,0.7450212557226946,0,0,0,0,0.0,0.8207196029776674,0.2506312036821562,13450.0,13450.0,1.0,True,129.16666666666666,93.70454545454545
qft_n18.qasm,qft_n18,1,reservation_reset__static_assignment__cq2__ten4__res2000__reset0__noepr__global__per_operation,reservation_reset,static_assignment,2,4,2000,0,False,global,per_operation,64,48,False,False,False,False,0,0,0.0,0.0,0.0,0.0,0.0,0.0,0,0.0,0.5,0.0,7237,0,3,0.01948051948051948,0.12495298277288798,0.0,0.0,0.38994959753253594,0.5149025803054239,0,0,0,0,0.0,0.77564974826507,0.25053219187007203,7270.0,7270.0,1.0,False,325.0,76.28787878787878
qft_n18.qasm,qft_n18,1,reservation_reset__static_assignment__cq2__ten4__res2000__reset50__noepr__global__per_operation,reservation_reset,static_assignment,2,4,2000,50,False,global,per_operation,64,48,False,False,False,False,0,0,0.0,0.0,0.0,0.0,0.0,0.0,0,0.0,0.5,0.0,13777,0,8,0.05194805194805195,0.11846715597683768,0.053848707262198946,0.0,0.39805997123151254,0.5703758344705492,0,0,0,0,0.0,0.742821299135768,0.2504041166529682,10520.0,10520.0,1.0,False,276.0416666666667,100.53030303030303
qft_n18.qasm,qft_n18,1,reservation_reset__static_assignment__cq2__ten4__res2000__reset200__noepr__global__per_operation,reservation_reset,static_assignment,2,4,2000,200,False,global,per_operation,64,48,False,False,False,False,0,34,0.0,0.0,0.0,0.0,0.0,0.0,0,0.0,0.5,0.0,16542,0,38,0.24675324675324675,0.09011617641865885,0.16384759348847064,0.0,0.431978530315336,0.6859423002224655,0,0,0,0,0.0,0.8443775100401606,0.2504790393283511,9730.0,9730.0,1.0,True,129.16666666666666,31.5625
qft_n18.qasm,qft_n18,2,reservation_reset__static_assignment__cq2__ten4__res0__reset0__noepr__global__per_operation,reservation_reset,static_assignment,2,4,0,0,False,global,per_operation,64,48,False,False,False,False,0,0,0.0,0.0,0.0,0.0,0.0,0.0,0,0.0,0.5,0.0,6522,0,0,0.0,0.15055770341732214,0.0,0.0,0.15055770341732214,0.3011154068346443,0,0,0,0,0.0,0.7947721179624665,0.25617484692883524,7710.0,7710.0,1.0,False,325.0,64.17424242424242
qft_n18.qasm,qft_n18,2,reservation_reset__static_assignment__cq2__ten4__res0__reset50__noepr__global__per_operation,reservation_reset,static_assignment,2,4,0,50,False,global,per_operation,64,48,False,False,False,False,0,0,0.0,0.0,0.0,0.0,0.0,0.0,0,0.0,0.5,0.0,10660,0,0,0.0,0.14808339525328904,0.06731063420604047,0.0,0.2153940294593295,0.430788058918659,0,0,0,0,0.0,0.7947721179624665,0.2542437444654178,11027.0,11027.0,1.0,False,276.0416666666667,87.6590909090909
qft_n18.qasm,qft_n18,2,reservation_reset__static_assignment__cq2__ten4__res0__reset200__noepr__global__per_operation,reservation_reset,static_assignment,2,4,0,200,False,global,per_operation,64,48,False,False,False,False,0,24,0.0,0.0,0.0,0.0,0.0,0.0,0,0.0,0.5,0.0,14824,0,24,0.15584415584415584,0.12225879536613517,0.2222887188475185,0.0,0.34454751421365365,0.6890950284273073,0,0,0,0,0.0,0.8679129005751849,0.25096238190275,13450.0,13450.0,1.0,True,129.16666666666666,128.91666666666666
qft_n18.qasm,qft_n18,2,reservation_reset__static_assignment__cq2__ten4__res500__reset0__noepr__global__per_operation,reservation_reset,static_assignment,2,4,500,0,False,global,per_operation,64,48,False,False,False,False,0,0,0.0,0.0,0.0,0.0,0.0,0.0,0,0.0,0.5,0.0,6822,0,0,0.0,0.14370546318289787,0.0,0.0,0.37536477774007465,0.5190702409229725,0,0,0,0,0.0,0.7947721179624665,0.25081769360164496,7270.0,7270.0,1.0,False,325.0,76.28787878787878
qft_n18.qasm,qft_n18,2,reservation_reset__static_assignment__cq2__ten4__res500__reset50__noepr__global__per_operation,reservation_reset,static_assignment,2,4,500,50,False,global,per_operation,64,48,False,False,False,False,0,0,0.0,0.0,0.0,0.0,0.0,0.0,0,0.0,0.5,0.0,13473,0,3,0.01948051948051948,0.14302320575192665,0.06501054806905757,0.0,0.4083609592284841,0.6163947130494682,0,0,0,0,0.0,0.776072157930565,0.25042178620658184,10520.0,10520.0,1.0,False,276.0416666666667,100.53030303030303
qft_n18.qasm,qft_n18,2,reservation_reset__static_assignment__cq2__ten4__res500__reset200__noepr__global__per_operation,reservation_reset,static_assignment,2,4,500,200,False,global,per_operation,64,48,False,False,False,False,0,22,0.0,0.0,0.0,0.0,0.0,0.0,0,0.0,0.5,0.0,17787,0,29,0.18831168831168832,0.11373035566583954,0.20678246484698098,0.0,0.42930521091811413,0.7498180314309346,0,0,0,0,0.0,0.812279060095654,0.25045276848855397,13450.0,13450.0,1.0,True,129.16666666666666,116.63636363636364
qft_n18.qasm,qft_n18,2,reservation_reset__static_assignment__cq2__ten4__res2000__reset0__noepr__global__per_operation,reservation_reset,static_assignment,2,4,2000,0,False,global,per_operation,64,48,False,False,False,False,0,0,0.0,0.0,0.0,0.0,0.0,0.0,0,0.0,0.5,0.0,8162,0,4,0.025974025974025976,0.12291418355184744,0.0,0.0,0.38809594755661503,0.5110101311084625,0,0,0,0,0.0,0.7688627665390924,0.2505180416881357,7270.0,7270.0,1.0,False,325.0,76.28787878787878
qft_n18.qasm,qft_n18,2,reservation_reset__static_assignment__cq2__ten4__res2000__reset50__noepr__global__per_operation,reservation_reset,static_assignment,2,4,2000,50,False,global,per_operation,64,48,False,False,False,False,0,0,0.0,0.0,0.0,0.0,0.0,0.0,0,0.0,0.5,0.0,13623,0,10,0.06493506493506493,0.12104076720284263,0.055018530546746644,0.0,0.40517327016390936,0.5812325679134986,0,0,0,0,0.0,0.7272727272727273,0.2504190483317155,10520.0,10520.0,1.0,False,276.0416666666667,100.53030303030303
qft_n18.qasm,qft_n18,2,reservation_reset__static_assignment__cq2__ten4__res2000__reset200__noepr__global__per_operation,reservation_reset,static_assignment,2,4,2000,200,False,global,per_operation,64,48,False,False,False,False,0,22,0.0,0.0,0.0,0.0,0.0,0.0,0,0.0,0.5,0.0,16047,0,28,0.18181818181818182,0.09137658227848101,0.1661392405063291,0.0,0.40692246835443036,0.6644382911392405,0,0,0,0,0.0,0.8207196029776674,0.25034611686772157,13450.0,13450.0,1.0,True,129.16666666666666,107.18181818181819
sat_n11.qasm,sat_n11,0,reservation_reset__static_assignment__cq2__ten4__res0__reset0__noepr__global__per_operation,reservation_reset,static_assignment,2,4,0,0,False,global,per_operation,64,48,False,False,False,False,0,0,0.0,0.0,0.0,0.0,0.0,0.0,0,0.0,0.5,0.0,2505,0,0,0.0,0.12057991513437058,0.0,0.0,0.12057991513437058,0.24115983026874116,0,0,0,0,0.0,0.8736363636363637,0.26254773344660676,4005.0,4005.0,1.0,False,325.0,89.5
sat_n11.qasm,sat_n11,0,reservation_reset__static_assignment__cq2__ten4__res0__reset50__noepr__global__per_operation,reservation_reset,static_assignment,2,4,0,50,False,global,per_operation,64,48,False,False,False,False,0,0,0.0,0.0,0.0,0.0,0.0,0.0,0,0.0,0.5,0.0,3521,0,0,0.0,0.1233328812333288,0.056060400560604004,0.0,0.17939328179393282,0.35878656358786565,0,0,0,0,0.0,0.8736363636363637,0.26391657693184095,5851.0,5851.0,1.0,False,276.0416666666667,103.29166666666667
sat_n11.qasm,sat_n11,0,reservation_reset__static_assignment__cq2__ten4__res0__reset200__noepr__global__per_operation,reservation_reset,static_assignment,2,4,0,200,False,global,per_operation,64,48,False,False,False,False,0,2,0.0,0.0,0.0,0.0,0.0,0.0,0,0.0,0.5,0.0,6990,0,3,0.024193548387096774,0.11657032755298652,0.2119460500963391,0.0,0.3285163776493256,0.6570327552986512,0,0,0,0,0.0,0.867152333570244,0.2508197871148552,10385.0,10385.0,1.0,True,129.16666666666666,131.80882352941177
sat_n11.qasm,sat_n11,0,reservation_reset__static_assignment__cq2__ten4__res500__reset0__noepr__global__per_operation,reservation_reset,static_assignment,2,4,500,0,False,global,per_operation,64,48,False,False,False,False,0,0,0.0,0.0,0.0,0.0,0.0,0.0,0,0.0,0.5,0.0,2884,0,0,0.0,0.11680582316420467,0.0,0.0,0.36836651680582316,0.48517233997002784,0,0,0,0,0.0,0.8736363636363637,0.25232677483402893,4529.0,4529.0,1.0,False,325.0,89.15277777777777
sat_n11.qasm,sat_n11,0,reservation_reset__static_assignment__cq2__ten4__res500__reset50__noepr__global__per_operation,reservation_reset,static_assignment,2,4,500,50,False,global,per_operation,64,48,False,False,False,False,0,0,0.0,0.0,0.0,0.0,0.0,0.0,0,0.0,0.5,0.0,4717,0,0,0.0,0.11895003052236854,0.0540681956919857,0.0,0.3837446585855062,0.5567628847998605,0,0,0,0,0.0,0.8736363636363637,0.2512434394509902,5755.0,5755.0,1.0,False,276.0416666666667,99.84722222222223
sat_n11.qasm,sat_n11,0,reservation_reset__static_assignment__cq2__ten4__res500__reset200__noepr__global__per_operation,reservation_reset,static_assignment,2,4,500,200,False,global,per_operation,64,48,False,False,False,False,0,5,0.0,0.0,0.0,0.0,0.0,0.0,0,0.0,0.5,0.0,7806,0,6,0.04838709677419355,0.11522926006480536,0.2095077455723734,0.0,0.4271294775622531,0.7518664831994318,0,0,0,0,0.0,0.8646299056135122,0.2506782443919125,9455.0,9455.0,1.0,True,129.16666666666666,133.0483870967742
sat_n11.qasm,sat_n11,0,reservation_reset__static_assignment__cq2__ten4__res2000__reset0__noepr__global__per_operation,reservation_reset,static_assignment,2,4,2000,0,False,global,per_operation,64,48,False,False,False,False,0,0,0.0,0.0,0.0,0.0,0.0,0.0,0,0.0,0.5,0.0,4670,0,1,0.008064516129032258,0.10826598383612067,0.0,0.0,0.3894454669120589,0.4977114507481796,0,0,0,0,0.0,0.8672896124742032,0.2505812359267082,4005.0,4005.0,1.0,False,325.0,97.01388888888889
sat_n11.qasm,sat_n11,0,reservation_reset__static_assignment__cq2__ten4__res2000__reset50__noepr__global__per_operation,reservation_reset,static_assignment,2,4,2000,50,False,global,per_operation,64,48,False,False,False,False,0,0,0.0,0.0,0.0,0.0,0.0,0.0,0,0.0,0.5,0.0,7907,0,7,0.056451612903225805,0.10106403863520358,0.045938199379637994,0.0,0.39297970081275274,0.5399819388275944,0,0,0,0,0.0,0.8208803070280642,0.2504457100041273,5755.0,5755.0,1.0,False,276.0416666666667,121.31944444444444
sat_n11.qasm,sat_n11,0,reservation_reset__static_assignment__cq2__ten4__res2000__reset200__noepr__global__per_operation,reservation_reset,static_assignment,2,4,2000,200,False,global,per_operation,64,48,False,False,False,False,0,2,0.0,0.0,0.0,0.0,0.0,0.0,0,0.0,0.5,0.0,8107,0,11,0.08870967741935484,0.08512241054613937,0.15476801917479885,0.0,0.38784454716658107,0.6277349768875192,0,0,0,0,0.0,0.8051071878940731,0.2504198436629164,10385.0,10385.0,1.0,True,129.16666666666666,191.98529411764707
sat_n11.qasm,sat_n11,1,reservation_reset__static_assignment__cq2__ten4__res0__reset0__noepr__global__per_operation,reservation_reset,static_assignment,2,4,0,0,False,global,per_operation,64,48,False,False,False,False,0,0,0.0,0.0,0.0,0.0,0.0,0.0,0,0.0,0.5,0.0,2459,0,0,0.0,0.11978572055853166,0.0,0.0,0.11978572055853166,0.23957144111706333,0,0,0,0,0.0,0.8736363636363637,0.2737630374789782,4120.0,4120.0,1.0,False,325.0,72.29166666666667
sat_n11.qasm,sat_n11,1,reservation_reset__static_assignment__cq2__ten4__res0__reset50__noepr__global__per_operation,reservation_reset,static_assignment,2,4,0,50,False,global,per_operation,64,48,False,False,False,False,0,0,0.0,0.0,0.0,0.0,0.0,0.0,0,0.0,0.5,0.0,3965,0,0,0.0,0.1186654486928531,0.05393884031493323,0.0,0.17260428900778632,0.34520857801557264,0,0,0,0,0.0,0.8736363636363637,0.26318961340782865,5802.0,5802.0,1.0,False,276.0416666666667,75.66666666666667
sat_n11.qasm,sat_n11,1,reservation_reset__static_assignment__cq2__ten4__res0__reset200__noepr__global__per_operation,reservation_reset,static_assignment,2,4,0,200,False,global,per_operation,64,48,False,False,False,False,0,2,0.0,0.0,0.0,0.0,0.0,0.0,0,0.0,0.5,0.0,6118,0,2,0.016129032258064516,0.11599464108215567,0.2108993474221012,0.0,0.3268939885042569,0.6537879770085138,0,0,0,0,0.0,0.8734741784037559,0.25408743471455303,10385.0,10385.0,1.0,True,129.16666666666666,136.5
sat_n11.qasm,sat_n11,1,reservation_reset__static_assignment__cq2__ten4__res500__reset0__noepr__global__per_operation,reservation_reset,static_assignment,2,4,500,0,False,global,per_operation,64,48,False,False,False,False,0,0,0.0,0.0,0.0,0.0,0.0,0.0,0,0.0,0.5,0.0,2756,0,0,0.0,0.12231538358068421,0.0,0.0,0.3652782136932251,0.48759359727390933,0,0,0,0,0.0,0.8736363636363637,0.25244329586906045,4557.0,4557.0,1.0,False,325.0,78.01388888888889
sat_n11.qasm,sat_n11,1,reservation_reset__static_assignment__cq2__ten4__res500__reset50__noepr__global__per_operation,reservation_reset,static_assignment,2,4,500,50,False,global,per_operation,64,48,False,False,False,False,0,0,0.0,0.0,0.0,0.0,0.0,0.0,0,0.0,0.5,0.0,4795,0,0,0.0,0.11776895182179244,0.05353134173717838,0.0,0.38204109825591437,0.5533413918148852,0,0,0,0,0.0,0.8736363636363637,0.25121302963769215,6270.0,6270.0,1.0,False,276.0416666666667,104.16666666666667
sat_n11.qasm,sat_n11,1,reservation_reset__static_assignment__cq2__ten4__res500__reset200__noepr__global__per_operation,reservation_reset,static_assignment,2,4,500,200,False,global,per_operation,64,48,False,False,False,False,0,3,0.0,0.0,0.0,0.0,0.0,0.0,0,0.0,0.5,0.0,7546,0,3,0.024193548387096774,0.11107865637387858,0.20196119340705196,0.0,0.41149593156686837,0.7245357813477988,0,0,0,0,0.0,0.8729430002384927,0.25053398753041234,10494.0,10494.0,1.0,True,129.16666666666666,114.9090909090909
sat_n11.qasm,sat_n11,1,reservation_reset__static_assignment__cq2__ten4__res2000__reset0__noepr__global__per_operation,reservation_reset,static_assignment,2,4,2000,0,False,global,per_operation,64,48,False,False,False,False,0,0,0.0,0.0,0.0,0.0,0.0,0.0,0,0.0,0.5,0.0,4227,0,11,0.08870967741935484,0.08903373683833536,0.0,0.0,0.3695795430126782,0.4586132798510135,0,0,0,0,0.0,0.7822224944866454,0.25082328469845294,4005.0,4005.0,1.0,False,325.0,97.01388888888889
sat_n11.qasm,sat_n11,1,reservation_reset__static_assignment__cq2__ten4__res2000__reset50__noepr__global__per_operation,reservation_reset,static_assignment,2,4,2000,50,False,global,per_operation,64,48,False,False,False,False,0,0,0.0,0.0,0.0,0.0,0.0,0.0,0,0.0,0.5,0.0,6331,0,3,0.024193548387096774,0.1016573741694035,0.04620789734972886,0.0,0.3876957152677003,0.5355609867868326,0,0,0,0,0.0,0.8534040568897179,0.2505344649517195,5755.0,5755.0,1.0,False,276.0416666666667,121.31944444444444
sat_n11.qasm,sat_n11,1,reservation_reset__static_assignment__cq2__ten4__res2000__reset200__noepr__global__per_operation,reservation_reset,static_assignment,2,4,2000,200,False,global,per_operation,64,48,False,False,False,False,0,2,0.0,0.0,0.0,0.0,0.0,0.0,0,0.0,0.5,0.0,9546,0,16,0.12903225806451613,0.08152901211268572,0.1482345674776104,0.0,0.3882441752736506,0.6180077548639468,0,0,0,0,0.0,0.7613577023498694,0.25033554842850647,10385.0,10385.0,1.0,True,129.16666666666666,191.98529411764707
sat_n11.qasm,sat_n11,2,reservation_reset__static_assignment__cq2__ten4__res0__reset0__noepr__global__per_operation,reservation_reset,static_assignment,2,4,0,0,False,global,per_operation,64,48,False,False,False,False,0,0,0.0,0.0,0.0,0.0,0.0,0.0,0,0.0,0.5,0.0,3034,0,0,0.0,0.12075070821529744,0.0,0.0,0.12075070821529744,0.2415014164305949,0,0,0,0,0.0,0.8736363636363637,0.2600125805362337,4225.0,4225.0,1.0,False,325.0,88.80555555555556
sat_n11.qasm,sat_n11,2,reservation_reset__static_assignment__cq2__ten4__res0__reset50__noepr__global__per_operation,reservation_reset,static_assignment,2,4,0,50,False,global,per_operation,64,48,False,False,False,False,0,0,0.0,0.0,0.0,0.0,0.0,0.0,0,0.0,0.5,0.0,4080,0,0,0.0,0.12547720896002942,0.05703509498183156,0.0,0.182512303941861,0.365024607883722,0,0,0,0,0.0,0.8736363636363637,0.2560011801974873,6075.0,6075.0,1.0,False,276.0416666666667,102.63888888888889
sat_n11.qasm,sat_n11,2,reservation_reset__static_assignment__cq2__ten4__res0__reset200__noepr__global__per_operation,reservation_reset,static_assignment,2,4,0,200,False,global,per_operation,64,48,False,False,False,False,0,3,0.0,0.0,0.0,0.0,0.0,0.0,0,0.0,0.5,0.0,6828,0,3,0.024193548387096774,0.11989370805746971,0.2179885601044904,0.0,0.3378822681619601,0.6757645363239202,0,0,0,0,0.0,0.8729430002384927,0.2506681094173019,10385.0,10385.0,1.0,True,129.16666666666666,153.92424242424244
sat_n11.qasm,sat_n11,2,reservation_reset__static_assignment__cq2__ten4__res500__reset0__noepr__global__per_operation,reservation_reset,static_assignment,2,4,500,0,False,global,per_operation,64,48,False,False,False,False,0,0,0.0,0.0,0.0,0.0,0.0,0.0,0,0.0,0.5,0.0,2873,0,0,0.0,0.11345865912493762,0.0,0.0,0.3438279820329396,0.4572866411578772,0,0,0,0,0.0,0.8736363636363637,0.25218311701749635,4005.0,4005.0,1.0,False,325.0,71.73611111111111
sat_n11.qasm,sat_n11,2,reservation_reset__static_assignment__cq2__ten4__res500__reset50__noepr__global__per_operation,reservation_reset,static_assignment,2,4,500,50,False,global,per_operation,64,48,False,False,False,False,0,0,0.0,0.0,0.0,0.0,0.0,0.0,0,0.0,0.5,0.0,4521,0,0,0.0,0.11183077806017873,0.05083217184553579,0.0,0.36276133475444783,0.5254242846601623,0,0,0,0,0.0,0.8736363636363637,0.2513829735951922,5755.0,5755.0,1.0,False,276.0416666666667,105.48611111111111
sat_n11.qasm,sat_n11,2,reservation_reset__static_assignment__cq2__ten4__res500__reset200__noepr__global__per_operation,reservation_reset,static_assignment,2,4,500,200,False,global,per_operation,64,48,False,False,False,False,0,3,0.0,0.0,0.0,0.0,0.0,0.0,0,0.0,0.5,0.0,7390,0,3,0.024193548387096774,0.10694198939418287,0.19443998071669613,0.0,0.4049574160372811,0.70633938614816,0,0,0,0,0.0,0.8729430002384927,0.25070756921545023,10075.0,10075.0,1.0,True,129.16666666666666,126.60606060606061
sat_n11.qasm,sat_n11,2,reservation_reset__static_assignment__cq2__ten4__res2000__reset0__noepr__global__per_operation,reservation_reset,static_assignment,2,4,2000,0,False,global,per_operation,64,48,False,False,False,False,0,0,0.0,0.0,0.0,0.0,0.0,0.0,0,0.0,0.5,0.0,3981,0,4,0.03225806451612903,0.0963820232923223,0.0,0.0,0.372867000109525,0.4692490234018473,0,0,0,0,0.0,0.847457627118644,0.2506304379005236,4005.0,4005.0,1.0,False,325.0,97.01388888888889
sat_n11.qasm,sat_n11,2,reservation_reset__static_assignment__cq2__ten4__res2000__reset50__noepr__global__per_operation,reservation_reset,static_assignment,2,4,2000,50,False,global,per_operation,64,48,False,False,False,False,0,0,0.0,0.0,0.0,0.0,0.0,0.0,0,0.0,0.5,0.0,8709,0,4,0.03225806451612903,0.10831657982193411,0.04923480900997005,0.0,0.4027243260985517,0.5602757149304558,0,0,0,0,0.0,0.8458646616541353,0.25033993034928115,7785.0,7785.0,1.0,False,276.0416666666667,176.04166666666666
sat_n11.qasm,sat_n11,2,reservation_reset__static_assignment__cq2__ten4__res2000__reset200__noepr__global__per_operation,reservation_reset,static_assignment,2,4,2000,200,False,global,per_operation,64,48,False,False,False,False,0,2,0.0,0.0,0.0,0.0,0.0,0.0,0,0.0,0.5,0.0,9858,0,14,0.11290322580645161,0.08753843371314886,0.15916078856936156,0.0,0.39844456502079945,0.6451437873033098,0,0,0,0,0.0,0.7816537467700259,0.25029306600093804,10385.0,10385.0,1.0,True,129.16666666666666,191.98529411764707
square_root_n18.qasm,square_root_n18,0,reservation_reset__static_assignment__cq2__ten4__res0__reset0__noepr__global__per_operation,reservation_reset,static_assignment,2,4,0,0,False,global,per_operation,64,48,False,False,False,False,0,6,0.0,0.0,0.0,0.0,0.0,0.0,0,0.0,0.5,0.0,23076,0,7,0.03431372549019608,0.19381959661911363,0.0,0.0,0.19381959661911363,0.38763919323822726,0,0,0,0,0.0,0.6397790966040224,0.26188592344301553,12465.0,12465.0,1.0,True,325.0,55.086363636363636
square_root_n18.qasm,square_root_n18,0,reservation_reset__static_assignment__cq2__ten4__res0__reset50__noepr__global__per_operation,reservation_reset,static_assignment,2,4,0,50,False,global,per_operation,64,48,False,False,False,False,0,40,0.0,0.0,0.0,0.0,0.0,0.0,0,0.0,0.5,0.0,33673,0,42,0.20588235294117646,0.15508463513337103,0.0704930159697141,0.0,0.22557765110308517,0.45115530220617034,0,0,0,0,0.0,0.7452294411631076,0.25318008545971543,12382.0,12382.0,1.0,True,276.0416666666667,67.73026315789474
square_root_n18.qasm,square_root_n18,0,reservation_reset__static_assignment__cq2__ten4__res0__reset200__noepr__global__per_operation,reservation_reset,static_assignment,2,4,0,200,False,global,per_operation,64,48,False,False,False,False,0,79,0.0,0.0,0.0,0.0,0.0,0.0,0,0.0,0.5,0.0,31663,0,80,0.39215686274509803,0.12667161961367013,0.2303120356612184,0.0,0.35698365527488857,0.7139673105497771,0,0,0,0,0.0,0.8669373026612539,0.25076351653972256,12235.0,12235.0,1.0,True,129.16666666666666,128.90540540540542
square_root_n18.qasm,square_root_n18,0,reservation_reset__static_assignment__cq2__ten4__res500__reset0__noepr__global__per_operation,reservation_reset,static_assignment,2,4,500,0,False,global,per_operation,64,48,False,False,False,False,0,3,0.0,0.0,0.0,0.0,0.0,0.0,0,0.0,0.5,0.0,24194,0,8,0.0392156862745098,0.18248762114351008,0.0,0.0,0.4057556392568454,0.5882432604003555,0,0,0,0,0.0,0.6122657146500063,0.250459450870983,12465.0,12465.0,1.0,True,325.0,68.25221238938053
square_root_n18.qasm,square_root_n18,0,reservation_reset__static_assignment__cq2__ten4__res500__reset50__noepr__global__per_operation,reservation_reset,static_assignment,2,4,500,50,False,global,per_operation,64,48,False,False,False,False,0,43,0.0,0.0,0.0,0.0,0.0,0.0,0,0.0,0.5,0.0,35524,0,47,0.23039215686274508,0.1507770211279902,0.06853500960363192,0.0,0.4286100925440894,0.6479221232757115,0,0,0,0,0.0,0.7434250211123176,0.2504312562234515,12440.0,12440.0,1.0,True,276.0416666666667,79.64383561643835
square_root_n18.qasm,square_root_n18,0,reservation_reset__static_assignment__cq2__ten4__res500__reset200__noepr__global__per_operation,reservation_reset,static_assignment,2,4,500,200,False,global,per_operation,64,48,False,False,False,False,0,76,0.0,0.0,0.0,0.0,0.0,0.0,0,0.0,0.5,0.0,34639,0,83,0.4068627450980392,0.11179237359314631,0.20325886107844784,0.0,0.42772551654627916,0.7427767512178733,0,0,0,0,0.0,0.8182986809747373,0.25113436863242183,12235.0,12235.0,1.0,True,129.16666666666666,129.4375
square_root_n18.qasm,square_root_n18,0,reservation_reset__static_assignment__cq2__ten4__res2000__reset0__noepr__global__per_operation,reservation_reset,static_assignment,2,4,2000,0,False,global,per_operation,64,48,False,False,False,False,0,3,0.0,0.0,0.0,0.0,0.0,0.0,0,0.0,0.5,0.0,25107,0,11,0.05392156862745098,0.15751010869162,0.0,0.0,0.407144711948659,0.5646548206402789,0,0,0,0,0.0,0.5974369667030217,0.25032012637221307,12465.0,12465.0,1.0,True,325.0,68.25221238938053
square_root_n18.qasm,square_root_n18,0,reservation_reset__static_assignment__cq2__ten4__res2000__reset50__noepr__global__per_operation,reservation_reset,static_assignment,2,4,2000,50,False,global,per_operation,64,48,False,False,False,False,0,38,0.0,0.0,0.0,0.0,0.0,0.0,0,0.0,0.5,0.0,34891,0,54,0.2647058823529412,0.11877766979807797,0.05398984990821726,0.0,0.40116618075801747,0.5739337004643127,0,0,0,0,0.0,0.6446252578501032,0.2503749992849533,12465.0,12465.0,1.0,True,276.0416666666667,98.87820512820512
square_root_n18.qasm,square_root_n18,0,reservation_reset__static_assignment__cq2__ten4__res2000__reset200__noepr__global__per_operation,reservation_reset,static_assignment,2,4,2000,200,False,global,per_operation,64,48,False,False,False,False,0,76,0.0,0.0,0.0,0.0,0.0,0.0,0,0.0,0.5,0.0,31798,0,87,0.4264705882352941,0.08754804258358559,0.1591782592428829,0.0,0.3961497908234414,0.6428760926499099,0,0,0,0,0.0,0.784020618556701,0.2504230033208456,12235.0,12235.0,1.0,True,129.16666666666666,174.4375
square_root_n18.qasm,square_root_n18,1,reservation_reset__static_assignment__cq2__ten4__res0__reset0__noepr__global__per_operation,reservation_reset,static_assignment,2,4,0,0,False,global,per_operation,64,48,False,False,False,False,0,5,0.0,0.0,0.0,0.0,0.0,0.0,0,0.0,0.5,0.0,21387,0,5,0.024509803921568627,0.19496771320418615,0.0,0.0,0.19496771320418615,0.3899354264083723,0,0,0,0,0.0,0.6418314424635332,0.2546122439097937,12465.0,12465.0,1.0,True,325.0,59.56306306306306
square_root_n18.qasm,square_root_n18,1,reservation_reset__static_assignment__cq2__ten4__res0__reset50__noepr__global__per_operation,reservation_reset,static_assignment,2,4,0,50,False,global,per_operation,64,48,False,False,False,False,0,40,0.0,0.0,0.0,0.0,0.0,0.0,0,0.0,0.5,0.0,30922,0,40,0.19607843137254902,0.15745145101461924,0.07156884137028148,0.0,0.2290202923849007,0.4580405847698014,0,0,0,0,0.0,0.7572072072072072,0.2519774356444882,12465.0,12465.0,1.0,True,276.0416666666667,91.51315789473684
square_root_n18.qasm,square_root_n18,1,reservation_reset__static_assignment__cq2__ten4__res0__reset200__noepr__global__per_operation,reservation_reset,static_assignment,2,4,0,200,False,global,per_operation,64,48,False,False,False,False,0,78,0.0,0.0,0.0,0.0,0.0,0.0,0,0.0,0.5,0.0,33130,0,79,0.3872549019607843,0.12259272467902996,0.22289586305278175,0.0,0.3454885877318117,0.6909771754636234,0,0,0,0,0.0,0.8663229097360834,0.2506674524564399,12235.0,12235.0,1.0,True,129.16666666666666,134.25
square_root_n18.qasm,square_root_n18,1,reservation_reset__static_assignment__cq2__ten4__res500__reset0__noepr__global__per_operation,reservation_reset,static_assignment,2,4,500,0,False,global,per_operation,64,48,False,False,False,False,0,3,0.0,0.0,0.0,0.0,0.0,0.0,0,0.0,0.5,0.0,24588,0,9,0.04411764705882353,0.18593160837342348,0.0,0.0,0.41167598491743596,0.5976075932908594,0,0,0,0,0.0,0.6066915565766801,0.2504237644143514,12465.0,12465.0,1.0,True,325.0,68.25221238938053
square_root_n18.qasm,square_root_n18,1,reservation_reset__static_assignment__cq2__ten4__res500__reset50__noepr__global__per_operation,reservation_reset,static_assignment,2,4,500,50,False,global,per_operation,64,48,False,False,False,False,0,38,0.0,0.0,0.0,0.0,0.0,0.0,0,0.0,0.5,0.0,34612,0,44,0.21568627450980393,0.15050453223875493,0.06841115101761587,0.0,0.41873610398494954,0.6376517872413203,0,0,0,0,0.0,0.7138077180459513,0.2504211716749696,12465.0,12465.0,1.0,True,276.0416666666667,92.72435897435898
square_root_n18.qasm,square_root_n18,1,reservation_reset__static_assignment__cq2__ten4__res500__reset200__noepr__global__per_operation,reservation_reset,static_assignment,2,4,500,200,False,global,per_operation,64,48,False,False,False,False,0,76,0.0,0.0,0.0,0.0,0.0,0.0,0,0.0,0.5,0.0,34292,0,78,0.38235294117647056,0.11261425959780622,0.20475319926873858,0.0,0.4166565102579728,0.7340239691245176,0,0,0,0,0.0,0.8576058772687987,0.25039339146727246,12235.0,12235.0,1.0,True,129.16666666666666,140.05
square_root_n18.qasm,square_root_n18,1,reservation_reset__static_assignment__cq2__ten4__res2000__reset0__noepr__global__per_operation,reservation_reset,static_assignment,2,4,2000,0,False,global,per_operation,64,48,False,False,False,False,0,65,0.0,0.0,0.0,0.0,0.0,0.0,0,0.0,0.5,0.0,28196,0,71,0.3480392156862745,0.10755771210116159,0.0,0.0,0.4099323628878106,0.5174900749889723,0,0,0,0,0.0,0.8038992910379931,0.25056324099701693,10472.0,10472.0,1.0,True,325.0,77.07843137254902
square_root_n18.qasm,square_root_n18,1,reservation_reset__static_assignment__cq2__ten4__res2000__reset50__noepr__global__per_operation,reservation_reset,static_assignment,2,4,2000,50,False,global,per_operation,64,48,False,False,False,False,0,41,0.0,0.0,0.0,0.0,0.0,0.0,0,0.0,0.5,0.0,34155,0,42,0.20588235294117646,0.13363329583802025,0.06074240719910011,0.0,0.4409148856392951,0.6352905886764154,0,0,0,0,0.0,0.755005753739931,0.2503615085679687,12402.0,12402.0,1.0,True,276.0416666666667,57.22666666666667
square_root_n18.qasm,square_root_n18,1,reservation_reset__static_assignment__cq2__ten4__res2000__reset200__noepr__global__per_operation,reservation_reset,static_assignment,2,4,2000,200,False,global,per_operation,64,48,False,False,False,False,0,76,0.0,0.0,0.0,0.0,0.0,0.0,0,0.0,0.5,0.0,34729,0,93,0.45588235294117646,0.08933928440769737,0.16243506255944978,0.0,0.41098265895953756,0.6627570059266847,0,0,0,0,0.0,0.7283636793568219,0.2503235922783305,12235.0,12235.0,1.0,True,129.16666666666666,174.4375
square_root_n18.qasm,square_root_n18,2,reservation_reset__static_assignment__cq2__ten4__res0__reset0__noepr__global__per_operation,reservation_reset,static_assignment,2,4,0,0,False,global,per_operation,64,48,False,False,False,False,0,5,0.0,0.0,0.0,0.0,0.0,0.0,0,0.0,0.5,0.0,22189,0,5,0.024509803921568627,0.19598012444603607,0.0,0.0,0.19598012444603607,0.39196024889207215,0,0,0,0,0.0,0.6418314424635332,0.2540616618877555,12465.0,12465.0,1.0,True,325.0,60.12162162162162
square_root_n18.qasm,square_root_n18,2,reservation_reset__static_assignment__cq2__ten4__res0__reset50__noepr__global__per_operation,reservation_reset,static_assignment,2,4,0,50,False,global,per_operation,64,48,False,False,False,False,0,38,0.0,0.0,0.0,0.0,0.0,0.0,0,0.0,0.5,0.0,32999,0,39,0.19117647058823528,0.16199571581578007,0.07363441627990004,0.0,0.23563013209568012,0.47126026419136025,0,0,0,0,0.0,0.7439337632528145,0.2556090934592229,12465.0,12465.0,1.0,True,276.0416666666667,81.57692307692308
square_root_n18.qasm,square_root_n18,2,reservation_reset__static_assignment__cq2__ten4__res0__reset200__noepr__global__per_operation,reservation_reset,static_assignment,2,4,0,200,False,global,per_operation,64,48,False,False,False,False,0,77,0.0,0.0,0.0,0.0,0.0,0.0,0,0.0,0.5,0.0,32083,0,80,0.39215686274509803,0.11938208393505755,0.21705833442737735,0.0,0.3364404183624349,0.6728808367248698,0,0,0,0,0.0,0.8515728843597696,0.2509083952946228,12235.0,12235.0,1.0,True,129.16666666666666,135.19230769230768
square_root_n18.qasm,square_root_n18,2,reservation_reset__static_assignment__cq2__ten4__res500__reset0__noepr__global__per_operation,reservation_reset,static_assignment,2,4,500,0,False,global,per_operation,64,48,False,False,False,False,0,9,0.0,0.0,0.0,0.0,0.0,0.0,0,0.0,0.5,0.0,26601,0,13,0.06372549019607843,0.17474113194993138,0.0,0.0,0.4020626273547636,0.576803759304695,0,0,0,0,0.0,0.6329550975085017,0.2504357461714055,12406.0,12406.0,1.0,True,325.0,65.77570093457943
square_root_n18.qasm,square_root_n18,2,reservation_reset__static_assignment__cq2__ten4__res500__reset50__noepr__global__per_operation,reservation_reset,static_assignment,2,4,500,50,False,global,per_operation,64,48,False,False,False,False,0,38,0.0,0.0,0.0,0.0,0.0,0.0,0,0.0,0.5,0.0,34999,0,45,0.22058823529411764,0.14350180505415164,0.06522809320643255,0.0,0.4025845093534624,0.6113144076140467,0,0,0,0,0.0,0.7065679150363331,0.25041304122593067,12465.0,12465.0,1.0,True,276.0416666666667,92.72435897435898
square_root_n18.qasm,square_root_n18,2,reservation_reset__static_assignment__cq2__ten4__res500__reset200__noepr__global__per_operation,reservation_reset,static_assignment,2,4,500,200,False,global,per_operation,64,48,False,False,False,False,0,76,0.0,0.0,0.0,0.0,0.0,0.0,0,0.0,0.5,0.0,34577,0,83,0.4068627450980392,0.10929545081294137,0.19871900147807522,0.0,0.42134176383642635,0.729356216127443,0,0,0,0,0.0,0.8182986809747373,0.2504980057667094,12235.0,12235.0,1.0,True,129.16666666666666,119.9375
square_root_n18.qasm,square_root_n18,2,reservation_reset__static_assignment__cq2__ten4__res2000__reset0__noepr__global__per_operation,reservation_reset,static_assignment,2,4,2000,0,False,global,per_operation,64,48,False,False,False,False,0,48,0.0,0.0,0.0,0.0,0.0,0.0,0,0.0,0.5,0.0,28321,0,49,0.24019607843137256,0.1281328673956337,0.0,0.0,0.4154736407019126,0.5436065080975463,0,0,0,0,0.0,0.781148393809338,0.2504343355737836,12410.0,12410.0,1.0,True,325.0,87.54411764705883
square_root_n18.qasm,square_root_n18,2,reservation_reset__static_assignment__cq2__ten4__res2000__reset50__noepr__global__per_operation,reservation_reset,static_assignment,2,4,2000,50,False,global,per_operation,64,48,False,False,False,False,0,38,0.0,0.0,0.0,0.0,0.0,0.0,0,0.0,0.5,0.0,35482,0,52,0.2549019607843137,0.1290223011034802,0.05864650050158191,0.0,0.4156416390153561,0.6033104406204183,0,0,0,0,0.0,0.6613235630867873,0.2503417796902475,12465.0,12465.0,1.0,True,276.0416666666667,98.87820512820512
square_root_n18.qasm,square_root_n18,2,reservation_reset__static_assignment__cq2__ten4__res2000__reset200__noepr__global__per_operation,reservation_reset,static_assignment,2,4,2000,200,False,global,per_operation,64,48,False,False,False,False,0,76,0.0,0.0,0.0,0.0,0.0,0.0,0,0.0,0.5,0.0,32687,0,87,0.4264705882352941,0.08947752633225571,0.1626864115131922,0.0,0.41377967810338234,0.6659436159488302,0,0,0,0,0.0,0.7804446978335233,0.25041136406484144,12235.0,12235.0,1.0,True,129.16666666666666,138.525
