protocol_context,spatial_mode,base_schedule_id,repeat_id,probe_index,release_ns,probe_region
direct_coherent_all_shared_local_route,localized_only,base_0000,0,0,30.0,module_4
direct_coherent_all_shared_local_route,localized_only,base_0000,0,1,450.0,module_3
direct_coherent_all_shared_local_route,localized_only,base_0000,0,2,870.0,module_1
direct_coherent_all_shared_local_route,localized_only,base_0000,0,3,1290.0,module_2
direct_coherent_all_shared_local_route,localized_only,base_0000,0,4,1710.0,module_4
direct_coherent_all_shared_local_route,localized_only,base_0000,0,5,2130.0,module_3
direct_coherent_all_shared_local_route,localized_only,base_0000,0,6,2550.0,module_1
direct_coherent_all_shared_local_route,localized_only,base_0000,0,7,2970.0,module_2
direct_coherent_all_shared_local_route,localized_only,base_0000,0,8,3390.0,module_1
direct_coherent_all_shared_local_route,localized_only,base_0000,0,9,3810.0,module_4
direct_coherent_all_shared_local_route,localized_only,base_0000,0,10,4230.0,module_3
direct_coherent_all_shared_local_route,localized_only,base_0000,0,11,4650.0,module_2
direct_coherent_all_shared_local_route,localized_only,base_0000,0,12,5070.0,module_2
direct_coherent_all_shared_local_route,localized_only,base_0000,0,13,5490.0,module_1
direct_coherent_all_shared_local_route,localized_only,base_0000,0,14,5910.0,module_3
direct_coherent_all_shared_local_route,localized_only,base_0000,0,15,6330.0,module_4
direct_coherent_all_shared_local_route,localized_only,base_0000,0,16,6750.0,module_4
direct_coherent_all_shared_local_route,localized_only,base_0000,0,17,7170.0,module_2
direct_coherent_all_shared_local_route,localized_only,base_0000,0,18,7590.0,module_3
direct_coherent_all_shared_local_route,localized_only,base_0000,0,19,8010.0,module_1
direct_coherent_all_shared_local_route,localized_only,base_0000,0,20,8430.0,module_4
direct_coherent_all_shared_local_route,localized_only,base_0000,0,21,8850.0,module_3
direct_coherent_all_shared_local_route,localized_only,base_0000,0,22,9270.0,module_2
direct_coherent_all_shared_local_route,localized_only,base_0000,0,23,9690.0,module_1
direct_coherent_all_shared_local_route,localized_only,base_0000,0,24,10110.0,module_2
direct_coherent_all_shared_local_route,localized_only,base_0000,0,25,10530.0,module_1
direct_coherent_all_shared_local_route,localized_only,base_0000,0,26,10950.0,module_3
direct_coherent_all_shared_local_route,localized_only,base_0000,0,27,11370.0,module_4
direct_coherent_all_shared_local_route,localized_only,base_0000,0,28,11790.0,module_3
direct_coherent_all_shared_local_route,localized_only,base_0000,0,29,12210.0,module_2
direct_coherent_all_shared_local_route,localized_only,base_0000,0,30,12630.0,module_4
direct_coherent_all_shared_local_route,localized_only,base_0000,0,31,13050.0,module_1
direct_coherent_all_shared_local_route,localized_only,base_0000,0,32,13470.0,module_4
direct_coherent_all_shared_local_route,localized_only,base_0000,0,33,13890.0,module_2
direct_coherent_all_shared_local_route,localized_only,base_0000,0,34,14310.0,module_3
direct_coherent_all_shared_local_route,localized_only,base_0000,0,35,14730.0,module_1
direct_coherent_all_shared_local_route,localized_only,base_0000,0,36,15150.0,module_3
direct_coherent_all_shared_local_route,localized_only,base_0000,0,37,15570.0,module_4
direct_coherent_all_shared_local_route,localized_only,base_0000,0,38,15990.0,module_2
direct_coherent_all_shared_local_route,localized_only,base_0000,0,39,16410.0,module_1
direct_coherent_all_shared_local_route,localized_only,base_0000,0,40,16830.0,module_1
direct_coherent_all_shared_local_route,localized_only,base_0000,0,41,17250.0,module_4
direct_coherent_all_shared_local_route,localized_only,base_0000,0,42,17670.0,module_3
direct_coherent_all_shared_local_route,localized_only,base_0000,0,43,18090.0,module_2
direct_coherent_all_shared_local_route,localized_only,base_0000,0,44,18510.0,module_3
direct_coherent_all_shared_local_route,localized_only,base_0000,0,45,18930.0,module_2
direct_coherent_all_shared_local_route,localized_only,base_0000,0,46,19350.0,module_1
direct_coherent_all_shared_local_route,localized_only,base_0000,0,47,19770.0,module_4
direct_coherent_all_shared_local_route,localized_only,base_0000,1,0,30.0,module_1
direct_coherent_all_shared_local_route,localized_only,base_0000,1,1,450.0,module_3
direct_coherent_all_shared_local_route,localized_only,base_0000,1,2,870.0,module_4
direct_coherent_all_shared_local_route,localized_only,base_0000,1,3,1290.0,module_2
direct_coherent_all_shared_local_route,localized_only,base_0000,1,4,1710.0,module_3
direct_coherent_all_shared_local_route,localized_only,base_0000,1,5,2130.0,module_2
direct_coherent_all_shared_local_route,localized_only,base_0000,1,6,2550.0,module_4
direct_coherent_all_shared_local_route,localized_only,base_0000,1,7,2970.0,module_1
direct_coherent_all_shared_local_route,localized_only,base_0000,1,8,3390.0,module_1
direct_coherent_all_shared_local_route,localized_only,base_0000,1,9,3810.0,module_3
direct_coherent_all_shared_local_route,localized_only,base_0000,1,10,4230.0,module_2
direct_coherent_all_shared_local_route,localized_only,base_0000,1,11,4650.0,module_4
direct_coherent_all_shared_local_route,localized_only,base_0000,1,12,5070.0,module_2
direct_coherent_all_shared_local_route,localized_only,base_0000,1,13,5490.0,module_3
direct_coherent_all_shared_local_route,localized_only,base_0000,1,14,5910.0,module_4
direct_coherent_all_shared_local_route,localized_only,base_0000,1,15,6330.0,module_1
direct_coherent_all_shared_local_route,localized_only,base_0000,1,16,6750.0,module_2
direct_coherent_all_shared_local_route,localized_only,base_0000,1,17,7170.0,module_3
direct_coherent_all_shared_local_route,localized_only,base_0000,1,18,7590.0,module_1
direct_coherent_all_shared_local_route,localized_only,base_0000,1,19,8010.0,module_4
direct_coherent_all_shared_local_route,localized_only,base_0000,1,20,8430.0,module_4
direct_coherent_all_shared_local_route,localized_only,base_0000,1,21,8850.0,module_1
direct_coherent_all_shared_local_route,localized_only,base_0000,1,22,9270.0,module_3
direct_coherent_all_shared_local_route,localized_only,base_0000,1,23,9690.0,module_2
direct_coherent_all_shared_local_route,localized_only,base_0000,1,24,10110.0,module_4
direct_coherent_all_shared_local_route,localized_only,base_0000,1,25,10530.0,module_2
direct_coherent_all_shared_local_route,localized_only,base_0000,1,26,10950.0,module_3
direct_coherent_all_shared_local_route,localized_only,base_0000,1,27,11370.0,module_1
direct_coherent_all_shared_local_route,localized_only,base_0000,1,28,11790.0,module_1
direct_coherent_all_shared_local_route,localized_only,base_0000,1,29,12210.0,module_2
direct_coherent_all_shared_local_route,localized_only,base_0000,1,30,12630.0,module_3
direct_coherent_all_shared_local_route,localized_only,base_0000,1,31,13050.0,module_4
direct_coherent_all_shared_local_route,localized_only,base_0000,1,32,13470.0,module_3
direct_coherent_all_shared_local_route,localized_only,base_0000,1,33,13890.0,module_1
direct_coherent_all_shared_local_route,localized_only,base_0000,1,34,14310.0,module_2
direct_coherent_all_shared_local_route,localized_only,base_0000,1,35,14730.0,module_4
direct_coherent_all_shared_local_route,localized_only,base_0000,1,36,15150.0,module_3
direct_coherent_all_shared_local_route,localized_only,base_0000,1,37,15570.0,module_2
direct_coherent_all_shared_local_route,localized_only,base_0000,1,38,15990.0,module_1
direct_coherent_all_shared_local_route,localized_only,base_0000,1,39,16410.0,module_4
direct_coherent_all_shared_local_route,localized_only,base_0000,1,40,16830.0,module_3
direct_coherent_all_shared_local_route,localized_only,base_0000,1,41,17250.0,module_2
direct_coherent_all_shared_local_route,localized_only,base_0000,1,42,17670.0,module_1
direct_coherent_all_shared_local_route,localized_only,base_0000,1,43,18090.0,module_4
direct_coherent_all_shared_local_route,localized_only,base_0000,1,44,18510.0,module_1
direct_coherent_all_shared_local_route,localized_only,base_0000,1,45,18930.0,module_4
direct_coherent_all_shared_local_route,localized_only,base_0000,1,46,19350.0,module_2
direct_coherent_all_shared_local_route,localized_only,base_0000,1,47,19770.0,module_3
direct_coherent_all_shared_local_route,localized_only,base_0001,0,0,30.0,module_3
direct_coherent_all_shared_local_route,localized_only,base_0001,0,1,450.0,module_1
direct_coherent_all_shared_local_route,localized_only,base_0001,0,2,870.0,module_2
direct_coherent_all_shared_local_route,localized_only,base_0001,0,3,1290.0,module_4
direct_coherent_all_shared_local_route,localized_only,base_0001,0,4,1710.0,module_2
direct_coherent_all_shared_local_route,localized_only,base_0001,0,5,2130.0,module_4
direct_coherent_all_shared_local_route,localized_only,base_0001,0,6,2550.0,module_1
direct_coherent_all_shared_local_route,localized_only,base_0001,0,7,2970.0,module_3
direct_coherent_all_shared_local_route,localized_only,base_0001,0,8,3390.0,module_4
direct_coherent_all_shared_local_route,localized_only,base_0001,0,9,3810.0,module_3
direct_coherent_all_shared_local_route,localized_only,base_0001,0,10,4230.0,module_2
direct_coherent_all_shared_local_route,localized_only,base_0001,0,11,4650.0,module_1
direct_coherent_all_shared_local_route,localized_only,base_0001,0,12,5070.0,module_4
direct_coherent_all_shared_local_route,localized_only,base_0001,0,13,5490.0,module_2
direct_coherent_all_shared_local_route,localized_only,base_0001,0,14,5910.0,module_1
direct_coherent_all_shared_local_route,localized_only,base_0001,0,15,6330.0,module_3
direct_coherent_all_shared_local_route,localized_only,base_0001,0,16,6750.0,module_3
direct_coherent_all_shared_local_route,localized_only,base_0001,0,17,7170.0,module_1
direct_coherent_all_shared_local_route,localized_only,base_0001,0,18,7590.0,module_4
direct_coherent_all_shared_local_route,localized_only,base_0001,0,19,8010.0,module_2
direct_coherent_all_shared_local_route,localized_only,base_0001,0,20,8430.0,module_3
direct_coherent_all_shared_local_route,localized_only,base_0001,0,21,8850.0,module_2
direct_coherent_all_shared_local_route,localized_only,base_0001,0,22,9270.0,module_4
direct_coherent_all_shared_local_route,localized_only,base_0001,0,23,9690.0,module_1
direct_coherent_all_shared_local_route,localized_only,base_0001,0,24,10110.0,module_3
direct_coherent_all_shared_local_route,localized_only,base_0001,0,25,10530.0,module_1
direct_coherent_all_shared_local_route,localized_only,base_0001,0,26,10950.0,module_2
direct_coherent_all_shared_local_route,localized_only,base_0001,0,27,11370.0,module_4
direct_coherent_all_shared_local_route,localized_only,base_0001,0,28,11790.0,module_1
direct_coherent_all_shared_local_route,localized_only,base_0001,0,29,12210.0,module_3
direct_coherent_all_shared_local_route,localized_only,base_0001,0,30,12630.0,module_4
direct_coherent_all_shared_local_route,localized_only,base_0001,0,31,13050.0,module_2
direct_coherent_all_shared_local_route,localized_only,base_0001,0,32,13470.0,module_4
direct_coherent_all_shared_local_route,localized_only,base_0001,0,33,13890.0,module_1
direct_coherent_all_shared_local_route,localized_only,base_0001,0,34,14310.0,module_2
direct_coherent_all_shared_local_route,localized_only,base_0001,0,35,14730.0,module_3
direct_coherent_all_shared_local_route,localized_only,base_0001,0,36,15150.0,module_1
direct_coherent_all_shared_local_route,localized_only,base_0001,0,37,15570.0,module_4
direct_coherent_all_shared_local_route,localized_only,base_0001,0,38,15990.0,module_3
direct_coherent_all_shared_local_route,localized_only,base_0001,0,39,16410.0,module_2
direct_coherent_all_shared_local_route,localized_only,base_0001,0,40,16830.0,module_1
direct_coherent_all_shared_local_route,localized_only,base_0001,0,41,17250.0,module_3
direct_coherent_all_shared_local_route,localized_only,base_0001,0,42,17670.0,module_4
direct_coherent_all_shared_local_route,localized_only,base_0001,0,43,18090.0,module_2
direct_coherent_all_shared_local_route,localized_only,base_0001,0,44,18510.0,module_1
direct_coherent_all_shared_local_route,localized_only,base_0001,0,45,18930.0,module_3
direct_coherent_all_shared_local_route,localized_only,base_0001,0,46,19350.0,module_2
direct_coherent_all_shared_local_route,localized_only,base_0001,0,47,19770.0,module_4
direct_coherent_all_shared_local_route,localized_only,base_0001,1,0,30.0,module_3
direct_coherent_all_shared_local_route,localized_only,base_0001,1,1,450.0,module_4
direct_coherent_all_shared_local_route,localized_only,base_0001,1,2,870.0,module_2
direct_coherent_all_shared_local_route,localized_only,base_0001,1,3,1290.0,module_1
direct_coherent_all_shared_local_route,localized_only,base_0001,1,4,1710.0,module_3
direct_coherent_all_shared_local_route,localized_only,base_0001,1,5,2130.0,module_1
direct_coherent_all_shared_local_route,localized_only,base_0001,1,6,2550.0,module_4
direct_coherent_all_shared_local_route,localized_only,base_0001,1,7,2970.0,module_2
direct_coherent_all_shared_local_route,localized_only,base_0001,1,8,3390.0,module_1
direct_coherent_all_shared_local_route,localized_only,base_0001,1,9,3810.0,module_3
direct_coherent_all_shared_local_route,localized_only,base_0001,1,10,4230.0,module_2
direct_coherent_all_shared_local_route,localized_only,base_0001,1,11,4650.0,module_4
direct_coherent_all_shared_local_route,localized_only,base_0001,1,12,5070.0,module_1
direct_coherent_all_shared_local_route,localized_only,base_0001,1,13,5490.0,module_3
direct_coherent_all_shared_local_route,localized_only,base_0001,1,14,5910.0,module_2
direct_coherent_all_shared_local_route,localized_only,base_0001,1,15,6330.0,module_4
direct_coherent_all_shared_local_route,localized_only,base_0001,1,16,6750.0,module_4
direct_coherent_all_shared_local_route,localized_only,base_0001,1,17,7170.0,module_2
direct_coherent_all_shared_local_route,localized_only,base_0001,1,18,7590.0,module_1
direct_coherent_all_shared_local_route,localized_only,base_0001,1,19,8010.0,module_3
direct_coherent_all_shared_local_route,localized_only,base_0001,1,20,8430.0,module_3
direct_coherent_all_shared_local_route,localized_only,base_0001,1,21,8850.0,module_2
direct_coherent_all_shared_local_route,localized_only,base_0001,1,22,9270.0,module_1
direct_coherent_all_shared_local_route,localized_only,base_0001,1,23,9690.0,module_4
direct_coherent_all_shared_local_route,localized_only,base_0001,1,24,10110.0,module_1
direct_coherent_all_shared_local_route,localized_only,base_0001,1,25,10530.0,module_4
direct_coherent_all_shared_local_route,localized_only,base_0001,1,26,10950.0,module_3
direct_coherent_all_shared_local_route,localized_only,base_0001,1,27,11370.0,module_2
direct_coherent_all_shared_local_route,localized_only,base_0001,1,28,11790.0,module_3
direct_coherent_all_shared_local_route,localized_only,base_0001,1,29,12210.0,module_1
direct_coherent_all_shared_local_route,localized_only,base_0001,1,30,12630.0,module_4
direct_coherent_all_shared_local_route,localized_only,base_0001,1,31,13050.0,module_2
direct_coherent_all_shared_local_route,localized_only,base_0001,1,32,13470.0,module_2
direct_coherent_all_shared_local_route,localized_only,base_0001,1,33,13890.0,module_4
direct_coherent_all_shared_local_route,localized_only,base_0001,1,34,14310.0,module_3
direct_coherent_all_shared_local_route,localized_only,base_0001,1,35,14730.0,module_1
direct_coherent_all_shared_local_route,localized_only,base_0001,1,36,15150.0,module_1
direct_coherent_all_shared_local_route,localized_only,base_0001,1,37,15570.0,module_4
direct_coherent_all_shared_local_route,localized_only,base_0001,1,38,15990.0,module_3
direct_coherent_all_shared_local_route,localized_only,base_0001,1,39,16410.0,module_2
direct_coherent_all_shared_local_route,localized_only,base_0001,1,40,16830.0,module_4
direct_coherent_all_shared_local_route,localized_only,base_0001,1,41,17250.0,module_3
direct_coherent_all_shared_local_route,localized_only,base_0001,1,42,17670.0,module_1
direct_coherent_all_shared_local_route,localized_only,base_0001,1,43,18090.0,module_2
direct_coherent_all_shared_local_route,localized_only,base_0001,1,44,18510.0,module_1
direct_coherent_all_shared_local_route,localized_only,base_0001,1,45,18930.0,module_4
direct_coherent_all_shared_local_route,localized_only,base_0001,1,46,19350.0,module_2
direct_coherent_all_shared_local_route,localized_only,base_0001,1,47,19770.0,module_3
direct_coherent_all_shared_local_route,localized_only,base_0002,0,0,30.0,module_2
direct_coherent_all_shared_local_route,localized_only,base_0002,0,1,450.0,module_1
direct_coherent_all_shared_local_route,localized_only,base_0002,0,2,870.0,module_3
direct_coherent_all_shared_local_route,localized_only,base_0002,0,3,1290.0,module_4
direct_coherent_all_shared_local_route,localized_only,base_0002,0,4,1710.0,module_4
direct_coherent_all_shared_local_route,localized_only,base_0002,0,5,2130.0,module_2
direct_coherent_all_shared_local_route,localized_only,base_0002,0,6,2550.0,module_3
direct_coherent_all_shared_local_route,localized_only,base_0002,0,7,2970.0,module_1
direct_coherent_all_shared_local_route,localized_only,base_0002,0,8,3390.0,module_3
direct_coherent_all_shared_local_route,localized_only,base_0002,0,9,3810.0,module_4
direct_coherent_all_shared_local_route,localized_only,base_0002,0,10,4230.0,module_1
direct_coherent_all_shared_local_route,localized_only,base_0002,0,11,4650.0,module_2
direct_coherent_all_shared_local_route,localized_only,base_0002,0,12,5070.0,module_2
direct_coherent_all_shared_local_route,localized_only,base_0002,0,13,5490.0,module_1
direct_coherent_all_shared_local_route,localized_only,base_0002,0,14,5910.0,module_3
direct_coherent_all_shared_local_route,localized_only,base_0002,0,15,6330.0,module_4
direct_coherent_all_shared_local_route,localized_only,base_0002,0,16,6750.0,module_1
direct_coherent_all_shared_local_route,localized_only,base_0002,0,17,7170.0,module_3
direct_coherent_all_shared_local_route,localized_only,base_0002,0,18,7590.0,module_2
direct_coherent_all_shared_local_route,localized_only,base_0002,0,19,8010.0,module_4
direct_coherent_all_shared_local_route,localized_only,base_0002,0,20,8430.0,module_2
direct_coherent_all_shared_local_route,localized_only,base_0002,0,21,8850.0,module_4
direct_coherent_all_shared_local_route,localized_only,base_0002,0,22,9270.0,module_1
direct_coherent_all_shared_local_route,localized_only,base_0002,0,23,9690.0,module_3
direct_coherent_all_shared_local_route,localized_only,base_0002,0,24,10110.0,module_1
direct_coherent_all_shared_local_route,localized_only,base_0002,0,25,10530.0,module_4
direct_coherent_all_shared_local_route,localized_only,base_0002,0,26,10950.0,module_3
direct_coherent_all_shared_local_route,localized_only,base_0002,0,27,11370.0,module_2
direct_coherent_all_shared_local_route,localized_only,base_0002,0,28,11790.0,module_4
direct_coherent_all_shared_local_route,localized_only,base_0002,0,29,12210.0,module_3
direct_coherent_all_shared_local_route,localized_only,base_0002,0,30,12630.0,module_1
direct_coherent_all_shared_local_route,localized_only,base_0002,0,31,13050.0,module_2
direct_coherent_all_shared_local_route,localized_only,base_0002,0,32,13470.0,module_4
direct_coherent_all_shared_local_route,localized_only,base_0002,0,33,13890.0,module_1
direct_coherent_all_shared_local_route,localized_only,base_0002,0,34,14310.0,module_2
direct_coherent_all_shared_local_route,localized_only,base_0002,0,35,14730.0,module_3
direct_coherent_all_shared_local_route,localized_only,base_0002,0,36,15150.0,module_3
direct_coherent_all_shared_local_route,localized_only,base_0002,0,37,15570.0,module_1
direct_coherent_all_shared_local_route,localized_only,base_0002,0,38,15990.0,module_2
direct_coherent_all_shared_local_route,localized_only,base_0002,0,39,16410.0,module_4
direct_coherent_all_shared_local_route,localized_only,base_0002,0,40,16830.0,module_3
direct_coherent_all_shared_local_route,localized_only,base_0002,0,41,17250.0,module_4
direct_coherent_all_shared_local_route,localized_only,base_0002,0,42,17670.0,module_1
direct_coherent_all_shared_local_route,localized_only,base_0002,0,43,18090.0,module_2
direct_coherent_all_shared_local_route,localized_only,base_0002,0,44,18510.0,module_2
direct_coherent_all_shared_local_route,localized_only,base_0002,0,45,18930.0,module_3
direct_coherent_all_shared_local_route,localized_only,base_0002,0,46,19350.0,module_4
direct_coherent_all_shared_local_route,localized_only,base_0002,0,47,19770.0,module_1
direct_coherent_all_shared_local_route,localized_only,base_0002,1,0,30.0,module_2
direct_coherent_all_shared_local_route,localized_only,base_0002,1,1,450.0,module_3
direct_coherent_all_shared_local_route,localized_only,base_0002,1,2,870.0,module_1
direct_coherent_all_shared_local_route,localized_only,base_0002,1,3,1290.0,module_4
direct_coherent_all_shared_local_route,localized_only,base_0002,1,4,1710.0,module_3
direct_coherent_all_shared_local_route,localized_only,base_0002,1,5,2130.0,module_1
direct_coherent_all_shared_local_route,localized_only,base_0002,1,6,2550.0,module_4
direct_coherent_all_shared_local_route,localized_only,base_0002,1,7,2970.0,module_2
direct_coherent_all_shared_local_route,localized_only,base_0002,1,8,3390.0,module_4
direct_coherent_all_shared_local_route,localized_only,base_0002,1,9,3810.0,module_3
direct_coherent_all_shared_local_route,localized_only,base_0002,1,10,4230.0,module_1
direct_coherent_all_shared_local_route,localized_only,base_0002,1,11,4650.0,module_2
direct_coherent_all_shared_local_route,localized_only,base_0002,1,12,5070.0,module_3
direct_coherent_all_shared_local_route,localized_only,base_0002,1,13,5490.0,module_2
direct_coherent_all_shared_local_route,localized_only,base_0002,1,14,5910.0,module_1
direct_coherent_all_shared_local_route,localized_only,base_0002,1,15,6330.0,module_4
direct_coherent_all_shared_local_route,localized_only,base_0002,1,16,6750.0,module_3
direct_coherent_all_shared_local_route,localized_only,base_0002,1,17,7170.0,module_2
direct_coherent_all_shared_local_route,localized_only,base_0002,1,18,7590.0,module_4
direct_coherent_all_shared_local_route,localized_only,base_0002,1,19,8010.0,module_1
direct_coherent_all_shared_local_route,localized_only,base_0002,1,20,8430.0,module_2
direct_coherent_all_shared_local_route,localized_only,base_0002,1,21,8850.0,module_1
direct_coherent_all_shared_local_route,localized_only,base_0002,1,22,9270.0,module_3
direct_coherent_all_shared_local_route,localized_only,base_0002,1,23,9690.0,module_4
direct_coherent_all_shared_local_route,localized_only,base_0002,1,24,10110.0,module_1
direct_coherent_all_shared_local_route,localized_only,base_0002,1,25,10530.0,module_2
direct_coherent_all_shared_local_route,localized_only,base_0002,1,26,10950.0,module_3
direct_coherent_all_shared_local_route,localized_only,base_0002,1,27,11370.0,module_4
direct_coherent_all_shared_local_route,localized_only,base_0002,1,28,11790.0,module_2
direct_coherent_all_shared_local_route,localized_only,base_0002,1,29,12210.0,module_1
direct_coherent_all_shared_local_route,localized_only,base_0002,1,30,12630.0,module_4
direct_coherent_all_shared_local_route,localized_only,base_0002,1,31,13050.0,module_3
direct_coherent_all_shared_local_route,localized_only,base_0002,1,32,13470.0,module_1
direct_coherent_all_shared_local_route,localized_only,base_0002,1,33,13890.0,module_4
direct_coherent_all_shared_local_route,localized_only,base_0002,1,34,14310.0,module_3
direct_coherent_all_shared_local_route,localized_only,base_0002,1,35,14730.0,module_2
direct_coherent_all_shared_local_route,localized_only,base_0002,1,36,15150.0,module_3
direct_coherent_all_shared_local_route,localized_only,base_0002,1,37,15570.0,module_2
direct_coherent_all_shared_local_route,localized_only,base_0002,1,38,15990.0,module_4
direct_coherent_all_shared_local_route,localized_only,base_0002,1,39,16410.0,module_1
direct_coherent_all_shared_local_route,localized_only,base_0002,1,40,16830.0,module_4
direct_coherent_all_shared_local_route,localized_only,base_0002,1,41,17250.0,module_1
direct_coherent_all_shared_local_route,localized_only,base_0002,1,42,17670.0,module_2
direct_coherent_all_shared_local_route,localized_only,base_0002,1,43,18090.0,module_3
direct_coherent_all_shared_local_route,localized_only,base_0002,1,44,18510.0,module_3
direct_coherent_all_shared_local_route,localized_only,base_0002,1,45,18930.0,module_1
direct_coherent_all_shared_local_route,localized_only,base_0002,1,46,19350.0,module_2
direct_coherent_all_shared_local_route,localized_only,base_0002,1,47,19770.0,module_4
direct_coherent_all_shared_local_route,localized_only,base_0003,0,0,30.0,module_3
direct_coherent_all_shared_local_route,localized_only,base_0003,0,1,450.0,module_2
direct_coherent_all_shared_local_route,localized_only,base_0003,0,2,870.0,module_4
direct_coherent_all_shared_local_route,localized_only,base_0003,0,3,1290.0,module_1
direct_coherent_all_shared_local_route,localized_only,base_0003,0,4,1710.0,module_4
direct_coherent_all_shared_local_route,localized_only,base_0003,0,5,2130.0,module_3
direct_coherent_all_shared_local_route,localized_only,base_0003,0,6,2550.0,module_2
direct_coherent_all_shared_local_route,localized_only,base_0003,0,7,2970.0,module_1
direct_coherent_all_shared_local_route,localized_only,base_0003,0,8,3390.0,module_1
direct_coherent_all_shared_local_route,localized_only,base_0003,0,9,3810.0,module_4
direct_coherent_all_shared_local_route,localized_only,base_0003,0,10,4230.0,module_3
direct_coherent_all_shared_local_route,localized_only,base_0003,0,11,4650.0,module_2
direct_coherent_all_shared_local_route,localized_only,base_0003,0,12,5070.0,module_2
direct_coherent_all_shared_local_route,localized_only,base_0003,0,13,5490.0,module_4
direct_coherent_all_shared_local_route,localized_only,base_0003,0,14,5910.0,module_1
direct_coherent_all_shared_local_route,localized_only,base_0003,0,15,6330.0,module_3
direct_coherent_all_shared_local_route,localized_only,base_0003,0,16,6750.0,module_2
direct_coherent_all_shared_local_route,localized_only,base_0003,0,17,7170.0,module_4
direct_coherent_all_shared_local_route,localized_only,base_0003,0,18,7590.0,module_3
direct_coherent_all_shared_local_route,localized_only,base_0003,0,19,8010.0,module_1
direct_coherent_all_shared_local_route,localized_only,base_0003,0,20,8430.0,module_4
direct_coherent_all_shared_local_route,localized_only,base_0003,0,21,8850.0,module_2
direct_coherent_all_shared_local_route,localized_only,base_0003,0,22,9270.0,module_3
direct_coherent_all_shared_local_route,localized_only,base_0003,0,23,9690.0,module_1
direct_coherent_all_shared_local_route,localized_only,base_0003,0,24,10110.0,module_4
direct_coherent_all_shared_local_route,localized_only,base_0003,0,25,10530.0,module_1
direct_coherent_all_shared_local_route,localized_only,base_0003,0,26,10950.0,module_2
direct_coherent_all_shared_local_route,localized_only,base_0003,0,27,11370.0,module_3
direct_coherent_all_shared_local_route,localized_only,base_0003,0,28,11790.0,module_1
direct_coherent_all_shared_local_route,localized_only,base_0003,0,29,12210.0,module_4
direct_coherent_all_shared_local_route,localized_only,base_0003,0,30,12630.0,module_3
direct_coherent_all_shared_local_route,localized_only,base_0003,0,31,13050.0,module_2
direct_coherent_all_shared_local_route,localized_only,base_0003,0,32,13470.0,module_4
direct_coherent_all_shared_local_route,localized_only,base_0003,0,33,13890.0,module_1
direct_coherent_all_shared_local_route,localized_only,base_0003,0,34,14310.0,module_3
direct_coherent_all_shared_local_route,localized_only,base_0003,0,35,14730.0,module_2
direct_coherent_all_shared_local_route,localized_only,base_0003,0,36,15150.0,module_1
direct_coherent_all_shared_local_route,localized_only,base_0003,0,37,15570.0,module_4
direct_coherent_all_shared_local_route,localized_only,base_0003,0,38,15990.0,module_2
direct_coherent_all_shared_local_route,localized_only,base_0003,0,39,16410.0,module_3
direct_coherent_all_shared_local_route,localized_only,base_0003,0,40,16830.0,module_3
direct_coherent_all_shared_local_route,localized_only,base_0003,0,41,17250.0,module_2
direct_coherent_all_shared_local_route,localized_only,base_0003,0,42,17670.0,module_4
direct_coherent_all_shared_local_route,localized_only,base_0003,0,43,18090.0,module_1
direct_coherent_all_shared_local_route,localized_only,base_0003,0,44,18510.0,module_1
direct_coherent_all_shared_local_route,localized_only,base_0003,0,45,18930.0,module_4
direct_coherent_all_shared_local_route,localized_only,base_0003,0,46,19350.0,module_3
direct_coherent_all_shared_local_route,localized_only,base_0003,0,47,19770.0,module_2
direct_coherent_all_shared_local_route,localized_only,base_0003,1,0,30.0,module_2
direct_coherent_all_shared_local_route,localized_only,base_0003,1,1,450.0,module_4
direct_coherent_all_shared_local_route,localized_only,base_0003,1,2,870.0,module_3
direct_coherent_all_shared_local_route,localized_only,base_0003,1,3,1290.0,module_1
direct_coherent_all_shared_local_route,localized_only,base_0003,1,4,1710.0,module_4
direct_coherent_all_shared_local_route,localized_only,base_0003,1,5,2130.0,module_3
direct_coherent_all_shared_local_route,localized_only,base_0003,1,6,2550.0,module_1
direct_coherent_all_shared_local_route,localized_only,base_0003,1,7,2970.0,module_2
direct_coherent_all_shared_local_route,localized_only,base_0003,1,8,3390.0,module_4
direct_coherent_all_shared_local_route,localized_only,base_0003,1,9,3810.0,module_2
direct_coherent_all_shared_local_route,localized_only,base_0003,1,10,4230.0,module_1
direct_coherent_all_shared_local_route,localized_only,base_0003,1,11,4650.0,module_3
direct_coherent_all_shared_local_route,localized_only,base_0003,1,12,5070.0,module_4
direct_coherent_all_shared_local_route,localized_only,base_0003,1,13,5490.0,module_2
direct_coherent_all_shared_local_route,localized_only,base_0003,1,14,5910.0,module_3
direct_coherent_all_shared_local_route,localized_only,base_0003,1,15,6330.0,module_1
direct_coherent_all_shared_local_route,localized_only,base_0003,1,16,6750.0,module_3
direct_coherent_all_shared_local_route,localized_only,base_0003,1,17,7170.0,module_2
direct_coherent_all_shared_local_route,localized_only,base_0003,1,18,7590.0,module_1
direct_coherent_all_shared_local_route,localized_only,base_0003,1,19,8010.0,module_4
direct_coherent_all_shared_local_route,localized_only,base_0003,1,20,8430.0,module_2
direct_coherent_all_shared_local_route,localized_only,base_0003,1,21,8850.0,module_3
direct_coherent_all_shared_local_route,localized_only,base_0003,1,22,9270.0,module_4
direct_coherent_all_shared_local_route,localized_only,base_0003,1,23,9690.0,module_1
direct_coherent_all_shared_local_route,localized_only,base_0003,1,24,10110.0,module_3
direct_coherent_all_shared_local_route,localized_only,base_0003,1,25,10530.0,module_4
direct_coherent_all_shared_local_route,localized_only,base_0003,1,26,10950.0,module_1
direct_coherent_all_shared_local_route,localized_only,base_0003,1,27,11370.0,module_2
direct_coherent_all_shared_local_route,localized_only,base_0003,1,28,11790.0,module_1
direct_coherent_all_shared_local_route,localized_only,base_0003,1,29,12210.0,module_4
direct_coherent_all_shared_local_route,localized_only,base_0003,1,30,12630.0,module_2
direct_coherent_all_shared_local_route,localized_only,base_0003,1,31,13050.0,module_3
direct_coherent_all_shared_local_route,localized_only,base_0003,1,32,13470.0,module_2
direct_coherent_all_shared_local_route,localized_only,base_0003,1,33,13890.0,module_3
direct_coherent_all_shared_local_route,localized_only,base_0003,1,34,14310.0,module_1
direct_coherent_all_shared_local_route,localized_only,base_0003,1,35,14730.0,module_4
direct_coherent_all_shared_local_route,localized_only,base_0003,1,36,15150.0,module_2
direct_coherent_all_shared_local_route,localized_only,base_0003,1,37,15570.0,module_1
direct_coherent_all_shared_local_route,localized_only,base_0003,1,38,15990.0,module_3
direct_coherent_all_shared_local_route,localized_only,base_0003,1,39,16410.0,module_4
direct_coherent_all_shared_local_route,localized_only,base_0003,1,40,16830.0,module_1
direct_coherent_all_shared_local_route,localized_only,base_0003,1,41,17250.0,module_3
direct_coherent_all_shared_local_route,localized_only,base_0003,1,42,17670.0,module_4
direct_coherent_all_shared_local_route,localized_only,base_0003,1,43,18090.0,module_2
direct_coherent_all_shared_local_route,localized_only,base_0003,1,44,18510.0,module_2
direct_coherent_all_shared_local_route,localized_only,base_0003,1,45,18930.0,module_4
direct_coherent_all_shared_local_route,localized_only,base_0003,1,46,19350.0,module_3
direct_coherent_all_shared_local_route,localized_only,base_0003,1,47,19770.0,module_1
direct_coherent_all_shared_local_route,localized_only,base_0004,0,0,30.0,module_2
direct_coherent_all_shared_local_route,localized_only,base_0004,0,1,450.0,module_4
direct_coherent_all_shared_local_route,localized_only,base_0004,0,2,870.0,module_3
direct_coherent_all_shared_local_route,localized_only,base_0004,0,3,1290.0,module_1
direct_coherent_all_shared_local_route,localized_only,base_0004,0,4,1710.0,module_3
direct_coherent_all_shared_local_route,localized_only,base_0004,0,5,2130.0,module_2
direct_coherent_all_shared_local_route,localized_only,base_0004,0,6,2550.0,module_1
direct_coherent_all_shared_local_route,localized_only,base_0004,0,7,2970.0,module_4
direct_coherent_all_shared_local_route,localized_only,base_0004,0,8,3390.0,module_3
direct_coherent_all_shared_local_route,localized_only,base_0004,0,9,3810.0,module_2
direct_coherent_all_shared_local_route,localized_only,base_0004,0,10,4230.0,module_1
direct_coherent_all_shared_local_route,localized_only,base_0004,0,11,4650.0,module_4
direct_coherent_all_shared_local_route,localized_only,base_0004,0,12,5070.0,module_4
direct_coherent_all_shared_local_route,localized_only,base_0004,0,13,5490.0,module_3
direct_coherent_all_shared_local_route,localized_only,base_0004,0,14,5910.0,module_2
direct_coherent_all_shared_local_route,localized_only,base_0004,0,15,6330.0,module_1
direct_coherent_all_shared_local_route,localized_only,base_0004,0,16,6750.0,module_1
direct_coherent_all_shared_local_route,localized_only,base_0004,0,17,7170.0,module_3
direct_coherent_all_shared_local_route,localized_only,base_0004,0,18,7590.0,module_4
direct_coherent_all_shared_local_route,localized_only,base_0004,0,19,8010.0,module_2
direct_coherent_all_shared_local_route,localized_only,base_0004,0,20,8430.0,module_1
direct_coherent_all_shared_local_route,localized_only,base_0004,0,21,8850.0,module_4
direct_coherent_all_shared_local_route,localized_only,base_0004,0,22,9270.0,module_2
direct_coherent_all_shared_local_route,localized_only,base_0004,0,23,9690.0,module_3
direct_coherent_all_shared_local_route,localized_only,base_0004,0,24,10110.0,module_2
direct_coherent_all_shared_local_route,localized_only,base_0004,0,25,10530.0,module_1
direct_coherent_all_shared_local_route,localized_only,base_0004,0,26,10950.0,module_4
direct_coherent_all_shared_local_route,localized_only,base_0004,0,27,11370.0,module_3
direct_coherent_all_shared_local_route,localized_only,base_0004,0,28,11790.0,module_4
direct_coherent_all_shared_local_route,localized_only,base_0004,0,29,12210.0,module_1
direct_coherent_all_shared_local_route,localized_only,base_0004,0,30,12630.0,module_3
direct_coherent_all_shared_local_route,localized_only,base_0004,0,31,13050.0,module_2
direct_coherent_all_shared_local_route,localized_only,base_0004,0,32,13470.0,module_2
direct_coherent_all_shared_local_route,localized_only,base_0004,0,33,13890.0,module_3
direct_coherent_all_shared_local_route,localized_only,base_0004,0,34,14310.0,module_4
direct_coherent_all_shared_local_route,localized_only,base_0004,0,35,14730.0,module_1
direct_coherent_all_shared_local_route,localized_only,base_0004,0,36,15150.0,module_3
direct_coherent_all_shared_local_route,localized_only,base_0004,0,37,15570.0,module_4
direct_coherent_all_shared_local_route,localized_only,base_0004,0,38,15990.0,module_2
direct_coherent_all_shared_local_route,localized_only,base_0004,0,39,16410.0,module_1
direct_coherent_all_shared_local_route,localized_only,base_0004,0,40,16830.0,module_4
direct_coherent_all_shared_local_route,localized_only,base_0004,0,41,17250.0,module_2
direct_coherent_all_shared_local_route,localized_only,base_0004,0,42,17670.0,module_3
direct_coherent_all_shared_local_route,localized_only,base_0004,0,43,18090.0,module_1
direct_coherent_all_shared_local_route,localized_only,base_0004,0,44,18510.0,module_1
direct_coherent_all_shared_local_route,localized_only,base_0004,0,45,18930.0,module_2
direct_coherent_all_shared_local_route,localized_only,base_0004,0,46,19350.0,module_4
direct_coherent_all_shared_local_route,localized_only,base_0004,0,47,19770.0,module_3
direct_coherent_all_shared_local_route,localized_only,base_0004,1,0,30.0,module_4
direct_coherent_all_shared_local_route,localized_only,base_0004,1,1,450.0,module_1
direct_coherent_all_shared_local_route,localized_only,base_0004,1,2,870.0,module_2
direct_coherent_all_shared_local_route,localized_only,base_0004,1,3,1290.0,module_3
direct_coherent_all_shared_local_route,localized_only,base_0004,1,4,1710.0,module_1
direct_coherent_all_shared_local_route,localized_only,base_0004,1,5,2130.0,module_2
direct_coherent_all_shared_local_route,localized_only,base_0004,1,6,2550.0,module_3
direct_coherent_all_shared_local_route,localized_only,base_0004,1,7,2970.0,module_4
direct_coherent_all_shared_local_route,localized_only,base_0004,1,8,3390.0,module_3
direct_coherent_all_shared_local_route,localized_only,base_0004,1,9,3810.0,module_1
direct_coherent_all_shared_local_route,localized_only,base_0004,1,10,4230.0,module_2
direct_coherent_all_shared_local_route,localized_only,base_0004,1,11,4650.0,module_4
direct_coherent_all_shared_local_route,localized_only,base_0004,1,12,5070.0,module_4
direct_coherent_all_shared_local_route,localized_only,base_0004,1,13,5490.0,module_1
direct_coherent_all_shared_local_route,localized_only,base_0004,1,14,5910.0,module_2
direct_coherent_all_shared_local_route,localized_only,base_0004,1,15,6330.0,module_3
direct_coherent_all_shared_local_route,localized_only,base_0004,1,16,6750.0,module_1
direct_coherent_all_shared_local_route,localized_only,base_0004,1,17,7170.0,module_2
direct_coherent_all_shared_local_route,localized_only,base_0004,1,18,7590.0,module_3
direct_coherent_all_shared_local_route,localized_only,base_0004,1,19,8010.0,module_4
direct_coherent_all_shared_local_route,localized_only,base_0004,1,20,8430.0,module_2
direct_coherent_all_shared_local_route,localized_only,base_0004,1,21,8850.0,module_4
direct_coherent_all_shared_local_route,localized_only,base_0004,1,22,9270.0,module_1
direct_coherent_all_shared_local_route,localized_only,base_0004,1,23,9690.0,module_3
direct_coherent_all_shared_local_route,localized_only,base_0004,1,24,10110.0,module_4
direct_coherent_all_shared_local_route,localized_only,base_0004,1,25,10530.0,module_1
direct_coherent_all_shared_local_route,localized_only,base_0004,1,26,10950.0,module_2
direct_coherent_all_shared_local_route,localized_only,base_0004,1,27,11370.0,module_3
direct_coherent_all_shared_local_route,localized_only,base_0004,1,28,11790.0,module_4
direct_coherent_all_shared_local_route,localized_only,base_0004,1,29,12210.0,module_2
direct_coherent_all_shared_local_route,localized_only,base_0004,1,30,12630.0,module_1
direct_coherent_all_shared_local_route,localized_only,base_0004,1,31,13050.0,module_3
direct_coherent_all_shared_local_route,localized_only,base_0004,1,32,13470.0,module_4
direct_coherent_all_shared_local_route,localized_only,base_0004,1,33,13890.0,module_2
direct_coherent_all_shared_local_route,localized_only,base_0004,1,34,14310.0,module_1
direct_coherent_all_shared_local_route,localized_only,base_0004,1,35,14730.0,module_3
direct_coherent_all_shared_local_route,localized_only,base_0004,1,36,15150.0,module_2
direct_coherent_all_shared_local_route,localized_only,base_0004,1,37,15570.0,module_3
direct_coherent_all_shared_local_route,localized_only,base_0004,1,38,15990.0,module_4
direct_coherent_all_shared_local_route,localized_only,base_0004,1,39,16410.0,module_1
direct_coherent_all_shared_local_route,localized_only,base_0004,1,40,16830.0,module_1
direct_coherent_all_shared_local_route,localized_only,base_0004,1,41,17250.0,module_4
direct_coherent_all_shared_local_route,localized_only,base_0004,1,42,17670.0,module_2
direct_coherent_all_shared_local_route,localized_only,base_0004,1,43,18090.0,module_3
direct_coherent_all_shared_local_route,localized_only,base_0004,1,44,18510.0,module_4
direct_coherent_all_shared_local_route,localized_only,base_0004,1,45,18930.0,module_3
direct_coherent_all_shared_local_route,localized_only,base_0004,1,46,19350.0,module_1
direct_coherent_all_shared_local_route,localized_only,base_0004,1,47,19770.0,module_2
direct_coherent_all_shared_local_route,localized_only,base_0005,0,0,30.0,module_1
direct_coherent_all_shared_local_route,localized_only,base_0005,0,1,450.0,module_3
direct_coherent_all_shared_local_route,localized_only,base_0005,0,2,870.0,module_4
direct_coherent_all_shared_local_route,localized_only,base_0005,0,3,1290.0,module_2
direct_coherent_all_shared_local_route,localized_only,base_0005,0,4,1710.0,module_1
direct_coherent_all_shared_local_route,localized_only,base_0005,0,5,2130.0,module_4
direct_coherent_all_shared_local_route,localized_only,base_0005,0,6,2550.0,module_3
direct_coherent_all_shared_local_route,localized_only,base_0005,0,7,2970.0,module_2
direct_coherent_all_shared_local_route,localized_only,base_0005,0,8,3390.0,module_4
direct_coherent_all_shared_local_route,localized_only,base_0005,0,9,3810.0,module_3
direct_coherent_all_shared_local_route,localized_only,base_0005,0,10,4230.0,module_2
direct_coherent_all_shared_local_route,localized_only,base_0005,0,11,4650.0,module_1
direct_coherent_all_shared_local_route,localized_only,base_0005,0,12,5070.0,module_4
direct_coherent_all_shared_local_route,localized_only,base_0005,0,13,5490.0,module_3
direct_coherent_all_shared_local_route,localized_only,base_0005,0,14,5910.0,module_1
direct_coherent_all_shared_local_route,localized_only,base_0005,0,15,6330.0,module_2
direct_coherent_all_shared_local_route,localized_only,base_0005,0,16,6750.0,module_1
direct_coherent_all_shared_local_route,localized_only,base_0005,0,17,7170.0,module_4
direct_coherent_all_shared_local_route,localized_only,base_0005,0,18,7590.0,module_3
direct_coherent_all_shared_local_route,localized_only,base_0005,0,19,8010.0,module_2
direct_coherent_all_shared_local_route,localized_only,base_0005,0,20,8430.0,module_2
direct_coherent_all_shared_local_route,localized_only,base_0005,0,21,8850.0,module_1
direct_coherent_all_shared_local_route,localized_only,base_0005,0,22,9270.0,module_4
direct_coherent_all_shared_local_route,localized_only,base_0005,0,23,9690.0,module_3
direct_coherent_all_shared_local_route,localized_only,base_0005,0,24,10110.0,module_3
direct_coherent_all_shared_local_route,localized_only,base_0005,0,25,10530.0,module_2
direct_coherent_all_shared_local_route,localized_only,base_0005,0,26,10950.0,module_4
direct_coherent_all_shared_local_route,localized_only,base_0005,0,27,11370.0,module_1
direct_coherent_all_shared_local_route,localized_only,base_0005,0,28,11790.0,module_3
direct_coherent_all_shared_local_route,localized_only,base_0005,0,29,12210.0,module_4
direct_coherent_all_shared_local_route,localized_only,base_0005,0,30,12630.0,module_1
direct_coherent_all_shared_local_route,localized_only,base_0005,0,31,13050.0,module_2
direct_coherent_all_shared_local_route,localized_only,base_0005,0,32,13470.0,module_1
direct_coherent_all_shared_local_route,localized_only,base_0005,0,33,13890.0,module_4
direct_coherent_all_shared_local_route,localized_only,base_0005,0,34,14310.0,module_3
direct_coherent_all_shared_local_route,localized_only,base_0005,0,35,14730.0,module_2
direct_coherent_all_shared_local_route,localized_only,base_0005,0,36,15150.0,module_1
direct_coherent_all_shared_local_route,localized_only,base_0005,0,37,15570.0,module_2
direct_coherent_all_shared_local_route,localized_only,base_0005,0,38,15990.0,module_3
direct_coherent_all_shared_local_route,localized_only,base_0005,0,39,16410.0,module_4
direct_coherent_all_shared_local_route,localized_only,base_0005,0,40,16830.0,module_3
direct_coherent_all_shared_local_route,localized_only,base_0005,0,41,17250.0,module_4
direct_coherent_all_shared_local_route,localized_only,base_0005,0,42,17670.0,module_2
direct_coherent_all_shared_local_route,localized_only,base_0005,0,43,18090.0,module_1
direct_coherent_all_shared_local_route,localized_only,base_0005,0,44,18510.0,module_1
direct_coherent_all_shared_local_route,localized_only,base_0005,0,45,18930.0,module_2
direct_coherent_all_shared_local_route,localized_only,base_0005,0,46,19350.0,module_4
direct_coherent_all_shared_local_route,localized_only,base_0005,0,47,19770.0,module_3
direct_coherent_all_shared_local_route,localized_only,base_0005,1,0,30.0,module_2
direct_coherent_all_shared_local_route,localized_only,base_0005,1,1,450.0,module_4
direct_coherent_all_shared_local_route,localized_only,base_0005,1,2,870.0,module_3
direct_coherent_all_shared_local_route,localized_only,base_0005,1,3,1290.0,module_1
direct_coherent_all_shared_local_route,localized_only,base_0005,1,4,1710.0,module_3
direct_coherent_all_shared_local_route,localized_only,base_0005,1,5,2130.0,module_4
direct_coherent_all_shared_local_route,localized_only,base_0005,1,6,2550.0,module_1
direct_coherent_all_shared_local_route,localized_only,base_0005,1,7,2970.0,module_2
direct_coherent_all_shared_local_route,localized_only,base_0005,1,8,3390.0,module_4
direct_coherent_all_shared_local_route,localized_only,base_0005,1,9,3810.0,module_3
direct_coherent_all_shared_local_route,localized_only,base_0005,1,10,4230.0,module_2
direct_coherent_all_shared_local_route,localized_only,base_0005,1,11,4650.0,module_1
direct_coherent_all_shared_local_route,localized_only,base_0005,1,12,5070.0,module_3
direct_coherent_all_shared_local_route,localized_only,base_0005,1,13,5490.0,module_4
direct_coherent_all_shared_local_route,localized_only,base_0005,1,14,5910.0,module_2
direct_coherent_all_shared_local_route,localized_only,base_0005,1,15,6330.0,module_1
direct_coherent_all_shared_local_route,localized_only,base_0005,1,16,6750.0,module_4
direct_coherent_all_shared_local_route,localized_only,base_0005,1,17,7170.0,module_1
direct_coherent_all_shared_local_route,localized_only,base_0005,1,18,7590.0,module_2
direct_coherent_all_shared_local_route,localized_only,base_0005,1,19,8010.0,module_3
direct_coherent_all_shared_local_route,localized_only,base_0005,1,20,8430.0,module_2
direct_coherent_all_shared_local_route,localized_only,base_0005,1,21,8850.0,module_3
direct_coherent_all_shared_local_route,localized_only,base_0005,1,22,9270.0,module_1
direct_coherent_all_shared_local_route,localized_only,base_0005,1,23,9690.0,module_4
direct_coherent_all_shared_local_route,localized_only,base_0005,1,24,10110.0,module_1
direct_coherent_all_shared_local_route,localized_only,base_0005,1,25,10530.0,module_2
direct_coherent_all_shared_local_route,localized_only,base_0005,1,26,10950.0,module_3
direct_coherent_all_shared_local_route,localized_only,base_0005,1,27,11370.0,module_4
direct_coherent_all_shared_local_route,localized_only,base_0005,1,28,11790.0,module_2
direct_coherent_all_shared_local_route,localized_only,base_0005,1,29,12210.0,module_4
direct_coherent_all_shared_local_route,localized_only,base_0005,1,30,12630.0,module_1
direct_coherent_all_shared_local_route,localized_only,base_0005,1,31,13050.0,module_3
direct_coherent_all_shared_local_route,localized_only,base_0005,1,32,13470.0,module_2
direct_coherent_all_shared_local_route,localized_only,base_0005,1,33,13890.0,module_3
direct_coherent_all_shared_local_route,localized_only,base_0005,1,34,14310.0,module_1
direct_coherent_all_shared_local_route,localized_only,base_0005,1,35,14730.0,module_4
direct_coherent_all_shared_local_route,localized_only,base_0005,1,36,15150.0,module_4
direct_coherent_all_shared_local_route,localized_only,base_0005,1,37,15570.0,module_2
direct_coherent_all_shared_local_route,localized_only,base_0005,1,38,15990.0,module_1
direct_coherent_all_shared_local_route,localized_only,base_0005,1,39,16410.0,module_3
direct_coherent_all_shared_local_route,localized_only,base_0005,1,40,16830.0,module_4
direct_coherent_all_shared_local_route,localized_only,base_0005,1,41,17250.0,module_3
direct_coherent_all_shared_local_route,localized_only,base_0005,1,42,17670.0,module_1
direct_coherent_all_shared_local_route,localized_only,base_0005,1,43,18090.0,module_2
direct_coherent_all_shared_local_route,localized_only,base_0005,1,44,18510.0,module_3
direct_coherent_all_shared_local_route,localized_only,base_0005,1,45,18930.0,module_4
direct_coherent_all_shared_local_route,localized_only,base_0005,1,46,19350.0,module_1
direct_coherent_all_shared_local_route,localized_only,base_0005,1,47,19770.0,module_2
direct_coherent_all_shared_local_route,localized_only,base_0006,0,0,30.0,module_4
direct_coherent_all_shared_local_route,localized_only,base_0006,0,1,450.0,module_3
direct_coherent_all_shared_local_route,localized_only,base_0006,0,2,870.0,module_2
direct_coherent_all_shared_local_route,localized_only,base_0006,0,3,1290.0,module_1
direct_coherent_all_shared_local_route,localized_only,base_0006,0,4,1710.0,module_1
direct_coherent_all_shared_local_route,localized_only,base_0006,0,5,2130.0,module_4
direct_coherent_all_shared_local_route,localized_only,base_0006,0,6,2550.0,module_2
direct_coherent_all_shared_local_route,localized_only,base_0006,0,7,2970.0,module_3
direct_coherent_all_shared_local_route,localized_only,base_0006,0,8,3390.0,module_4
direct_coherent_all_shared_local_route,localized_only,base_0006,0,9,3810.0,module_2
direct_coherent_all_shared_local_route,localized_only,base_0006,0,10,4230.0,module_3
direct_coherent_all_shared_local_route,localized_only,base_0006,0,11,4650.0,module_1
direct_coherent_all_shared_local_route,localized_only,base_0006,0,12,5070.0,module_3
direct_coherent_all_shared_local_route,localized_only,base_0006,0,13,5490.0,module_4
direct_coherent_all_shared_local_route,localized_only,base_0006,0,14,5910.0,module_1
direct_coherent_all_shared_local_route,localized_only,base_0006,0,15,6330.0,module_2
direct_coherent_all_shared_local_route,localized_only,base_0006,0,16,6750.0,module_2
direct_coherent_all_shared_local_route,localized_only,base_0006,0,17,7170.0,module_3
direct_coherent_all_shared_local_route,localized_only,base_0006,0,18,7590.0,module_4
direct_coherent_all_shared_local_route,localized_only,base_0006,0,19,8010.0,module_1
direct_coherent_all_shared_local_route,localized_only,base_0006,0,20,8430.0,module_2
direct_coherent_all_shared_local_route,localized_only,base_0006,0,21,8850.0,module_1
direct_coherent_all_shared_local_route,localized_only,base_0006,0,22,9270.0,module_4
direct_coherent_all_shared_local_route,localized_only,base_0006,0,23,9690.0,module_3
direct_coherent_all_shared_local_route,localized_only,base_0006,0,24,10110.0,module_1
direct_coherent_all_shared_local_route,localized_only,base_0006,0,25,10530.0,module_4
direct_coherent_all_shared_local_route,localized_only,base_0006,0,26,10950.0,module_2
direct_coherent_all_shared_local_route,localized_only,base_0006,0,27,11370.0,module_3
direct_coherent_all_shared_local_route,localized_only,base_0006,0,28,11790.0,module_3
direct_coherent_all_shared_local_route,localized_only,base_0006,0,29,12210.0,module_4
direct_coherent_all_shared_local_route,localized_only,base_0006,0,30,12630.0,module_2
direct_coherent_all_shared_local_route,localized_only,base_0006,0,31,13050.0,module_1
direct_coherent_all_shared_local_route,localized_only,base_0006,0,32,13470.0,module_2
direct_coherent_all_shared_local_route,localized_only,base_0006,0,33,13890.0,module_4
direct_coherent_all_shared_local_route,localized_only,base_0006,0,34,14310.0,module_1
direct_coherent_all_shared_local_route,localized_only,base_0006,0,35,14730.0,module_3
direct_coherent_all_shared_local_route,localized_only,base_0006,0,36,15150.0,module_3
direct_coherent_all_shared_local_route,localized_only,base_0006,0,37,15570.0,module_2
direct_coherent_all_shared_local_route,localized_only,base_0006,0,38,15990.0,module_4
direct_coherent_all_shared_local_route,localized_only,base_0006,0,39,16410.0,module_1
direct_coherent_all_shared_local_route,localized_only,base_0006,0,40,16830.0,module_3
direct_coherent_all_shared_local_route,localized_only,base_0006,0,41,17250.0,module_1
direct_coherent_all_shared_local_route,localized_only,base_0006,0,42,17670.0,module_2
direct_coherent_all_shared_local_route,localized_only,base_0006,0,43,18090.0,module_4
direct_coherent_all_shared_local_route,localized_only,base_0006,0,44,18510.0,module_3
direct_coherent_all_shared_local_route,localized_only,base_0006,0,45,18930.0,module_1
direct_coherent_all_shared_local_route,localized_only,base_0006,0,46,19350.0,module_2
direct_coherent_all_shared_local_route,localized_only,base_0006,0,47,19770.0,module_4
direct_coherent_all_shared_local_route,localized_only,base_0006,1,0,30.0,module_1
direct_coherent_all_shared_local_route,localized_only,base_0006,1,1,450.0,module_3
direct_coherent_all_shared_local_route,localized_only,base_0006,1,2,870.0,module_4
direct_coherent_all_shared_local_route,localized_only,base_0006,1,3,1290.0,module_2
direct_coherent_all_shared_local_route,localized_only,base_0006,1,4,1710.0,module_4
direct_coherent_all_shared_local_route,localized_only,base_0006,1,5,2130.0,module_1
direct_coherent_all_shared_local_route,localized_only,base_0006,1,6,2550.0,module_3
direct_coherent_all_shared_local_route,localized_only,base_0006,1,7,2970.0,module_2
direct_coherent_all_shared_local_route,localized_only,base_0006,1,8,3390.0,module_1
direct_coherent_all_shared_local_route,localized_only,base_0006,1,9,3810.0,module_2
direct_coherent_all_shared_local_route,localized_only,base_0006,1,10,4230.0,module_3
direct_coherent_all_shared_local_route,localized_only,base_0006,1,11,4650.0,module_4
direct_coherent_all_shared_local_route,localized_only,base_0006,1,12,5070.0,module_3
direct_coherent_all_shared_local_route,localized_only,base_0006,1,13,5490.0,module_2
direct_coherent_all_shared_local_route,localized_only,base_0006,1,14,5910.0,module_1
direct_coherent_all_shared_local_route,localized_only,base_0006,1,15,6330.0,module_4
direct_coherent_all_shared_local_route,localized_only,base_0006,1,16,6750.0,module_1
direct_coherent_all_shared_local_route,localized_only,base_0006,1,17,7170.0,module_4
direct_coherent_all_shared_local_route,localized_only,base_0006,1,18,7590.0,module_2
direct_coherent_all_shared_local_route,localized_only,base_0006,1,19,8010.0,module_3
direct_coherent_all_shared_local_route,localized_only,base_0006,1,20,8430.0,module_3
direct_coherent_all_shared_local_route,localized_only,base_0006,1,21,8850.0,module_2
direct_coherent_all_shared_local_route,localized_only,base_0006,1,22,9270.0,module_1
direct_coherent_all_shared_local_route,localized_only,base_0006,1,23,9690.0,module_4
direct_coherent_all_shared_local_route,localized_only,base_0006,1,24,10110.0,module_4
direct_coherent_all_shared_local_route,localized_only,base_0006,1,25,10530.0,module_3
direct_coherent_all_shared_local_route,localized_only,base_0006,1,26,10950.0,module_2
direct_coherent_all_shared_local_route,localized_only,base_0006,1,27,11370.0,module_1
direct_coherent_all_shared_local_route,localized_only,base_0006,1,28,11790.0,module_1
direct_coherent_all_shared_local_route,localized_only,base_0006,1,29,12210.0,module_4
direct_coherent_all_shared_local_route,localized_only,base_0006,1,30,12630.0,module_3
direct_coherent_all_shared_local_route,localized_only,base_0006,1,31,13050.0,module_2
direct_coherent_all_shared_local_route,localized_only,base_0006,1,32,13470.0,module_4
direct_coherent_all_shared_local_route,localized_only,base_0006,1,33,13890.0,module_1
direct_coherent_all_shared_local_route,localized_only,base_0006,1,34,14310.0,module_3
direct_coherent_all_shared_local_route,localized_only,base_0006,1,35,14730.0,module_2
direct_coherent_all_shared_local_route,localized_only,base_0006,1,36,15150.0,module_2
direct_coherent_all_shared_local_route,localized_only,base_0006,1,37,15570.0,module_3
direct_coherent_all_shared_local_route,localized_only,base_0006,1,38,15990.0,module_1
direct_coherent_all_shared_local_route,localized_only,base_0006,1,39,16410.0,module_4
direct_coherent_all_shared_local_route,localized_only,base_0006,1,40,16830.0,module_3
direct_coherent_all_shared_local_route,localized_only,base_0006,1,41,17250.0,module_4
direct_coherent_all_shared_local_route,localized_only,base_0006,1,42,17670.0,module_1
direct_coherent_all_shared_local_route,localized_only,base_0006,1,43,18090.0,module_2
direct_coherent_all_shared_local_route,localized_only,base_0006,1,44,18510.0,module_1
direct_coherent_all_shared_local_route,localized_only,base_0006,1,45,18930.0,module_4
direct_coherent_all_shared_local_route,localized_only,base_0006,1,46,19350.0,module_2
direct_coherent_all_shared_local_route,localized_only,base_0006,1,47,19770.0,module_3
direct_coherent_all_shared_local_route,localized_only,base_0007,0,0,30.0,module_1
direct_coherent_all_shared_local_route,localized_only,base_0007,0,1,450.0,module_2
direct_coherent_all_shared_local_route,localized_only,base_0007,0,2,870.0,module_4
direct_coherent_all_shared_local_route,localized_only,base_0007,0,3,1290.0,module_3
direct_coherent_all_shared_local_route,localized_only,base_0007,0,4,1710.0,module_1
direct_coherent_all_shared_local_route,localized_only,base_0007,0,5,2130.0,module_2
direct_coherent_all_shared_local_route,localized_only,base_0007,0,6,2550.0,module_4
direct_coherent_all_shared_local_route,localized_only,base_0007,0,7,2970.0,module_3
direct_coherent_all_shared_local_route,localized_only,base_0007,0,8,3390.0,module_4
direct_coherent_all_shared_local_route,localized_only,base_0007,0,9,3810.0,module_3
direct_coherent_all_shared_local_route,localized_only,base_0007,0,10,4230.0,module_1
direct_coherent_all_shared_local_route,localized_only,base_0007,0,11,4650.0,module_2
direct_coherent_all_shared_local_route,localized_only,base_0007,0,12,5070.0,module_1
direct_coherent_all_shared_local_route,localized_only,base_0007,0,13,5490.0,module_3
direct_coherent_all_shared_local_route,localized_only,base_0007,0,14,5910.0,module_4
direct_coherent_all_shared_local_route,localized_only,base_0007,0,15,6330.0,module_2
direct_coherent_all_shared_local_route,localized_only,base_0007,0,16,6750.0,module_2
direct_coherent_all_shared_local_route,localized_only,base_0007,0,17,7170.0,module_4
direct_coherent_all_shared_local_route,localized_only,base_0007,0,18,7590.0,module_3
direct_coherent_all_shared_local_route,localized_only,base_0007,0,19,8010.0,module_1
direct_coherent_all_shared_local_route,localized_only,base_0007,0,20,8430.0,module_1
direct_coherent_all_shared_local_route,localized_only,base_0007,0,21,8850.0,module_4
direct_coherent_all_shared_local_route,localized_only,base_0007,0,22,9270.0,module_2
direct_coherent_all_shared_local_route,localized_only,base_0007,0,23,9690.0,module_3
direct_coherent_all_shared_local_route,localized_only,base_0007,0,24,10110.0,module_4
direct_coherent_all_shared_local_route,localized_only,base_0007,0,25,10530.0,module_2
direct_coherent_all_shared_local_route,localized_only,base_0007,0,26,10950.0,module_3
direct_coherent_all_shared_local_route,localized_only,base_0007,0,27,11370.0,module_1
direct_coherent_all_shared_local_route,localized_only,base_0007,0,28,11790.0,module_2
direct_coherent_all_shared_local_route,localized_only,base_0007,0,29,12210.0,module_4
direct_coherent_all_shared_local_route,localized_only,base_0007,0,30,12630.0,module_3
direct_coherent_all_shared_local_route,localized_only,base_0007,0,31,13050.0,module_1
direct_coherent_all_shared_local_route,localized_only,base_0007,0,32,13470.0,module_3
direct_coherent_all_shared_local_route,localized_only,base_0007,0,33,13890.0,module_2
direct_coherent_all_shared_local_route,localized_only,base_0007,0,34,14310.0,module_4
direct_coherent_all_shared_local_route,localized_only,base_0007,0,35,14730.0,module_1
direct_coherent_all_shared_local_route,localized_only,base_0007,0,36,15150.0,module_2
direct_coherent_all_shared_local_route,localized_only,base_0007,0,37,15570.0,module_3
direct_coherent_all_shared_local_route,localized_only,base_0007,0,38,15990.0,module_4
direct_coherent_all_shared_local_route,localized_only,base_0007,0,39,16410.0,module_1
direct_coherent_all_shared_local_route,localized_only,base_0007,0,40,16830.0,module_4
direct_coherent_all_shared_local_route,localized_only,base_0007,0,41,17250.0,module_3
direct_coherent_all_shared_local_route,localized_only,base_0007,0,42,17670.0,module_2
direct_coherent_all_shared_local_route,localized_only,base_0007,0,43,18090.0,module_1
direct_coherent_all_shared_local_route,localized_only,base_0007,0,44,18510.0,module_4
direct_coherent_all_shared_local_route,localized_only,base_0007,0,45,18930.0,module_2
direct_coherent_all_shared_local_route,localized_only,base_0007,0,46,19350.0,module_1
direct_coherent_all_shared_local_route,localized_only,base_0007,0,47,19770.0,module_3
direct_coherent_all_shared_local_route,localized_only,base_0007,1,0,30.0,module_3
direct_coherent_all_shared_local_route,localized_only,base_0007,1,1,450.0,module_4
direct_coherent_all_shared_local_route,localized_only,base_0007,1,2,870.0,module_1
direct_coherent_all_shared_local_route,localized_only,base_0007,1,3,1290.0,module_2
direct_coherent_all_shared_local_route,localized_only,base_0007,1,4,1710.0,module_4
direct_coherent_all_shared_local_route,localized_only,base_0007,1,5,2130.0,module_1
direct_coherent_all_shared_local_route,localized_only,base_0007,1,6,2550.0,module_3
direct_coherent_all_shared_local_route,localized_only,base_0007,1,7,2970.0,module_2
direct_coherent_all_shared_local_route,localized_only,base_0007,1,8,3390.0,module_2
direct_coherent_all_shared_local_route,localized_only,base_0007,1,9,3810.0,module_3
direct_coherent_all_shared_local_route,localized_only,base_0007,1,10,4230.0,module_4
direct_coherent_all_shared_local_route,localized_only,base_0007,1,11,4650.0,module_1
direct_coherent_all_shared_local_route,localized_only,base_0007,1,12,5070.0,module_4
direct_coherent_all_shared_local_route,localized_only,base_0007,1,13,5490.0,module_1
direct_coherent_all_shared_local_route,localized_only,base_0007,1,14,5910.0,module_2
direct_coherent_all_shared_local_route,localized_only,base_0007,1,15,6330.0,module_3
direct_coherent_all_shared_local_route,localized_only,base_0007,1,16,6750.0,module_3
direct_coherent_all_shared_local_route,localized_only,base_0007,1,17,7170.0,module_2
direct_coherent_all_shared_local_route,localized_only,base_0007,1,18,7590.0,module_4
direct_coherent_all_shared_local_route,localized_only,base_0007,1,19,8010.0,module_1
direct_coherent_all_shared_local_route,localized_only,base_0007,1,20,8430.0,module_4
direct_coherent_all_shared_local_route,localized_only,base_0007,1,21,8850.0,module_2
direct_coherent_all_shared_local_route,localized_only,base_0007,1,22,9270.0,module_3
direct_coherent_all_shared_local_route,localized_only,base_0007,1,23,9690.0,module_1
direct_coherent_all_shared_local_route,localized_only,base_0007,1,24,10110.0,module_4
direct_coherent_all_shared_local_route,localized_only,base_0007,1,25,10530.0,module_1
direct_coherent_all_shared_local_route,localized_only,base_0007,1,26,10950.0,module_3
direct_coherent_all_shared_local_route,localized_only,base_0007,1,27,11370.0,module_2
direct_coherent_all_shared_local_route,localized_only,base_0007,1,28,11790.0,module_4
direct_coherent_all_shared_local_route,localized_only,base_0007,1,29,12210.0,module_2
direct_coherent_all_shared_local_route,localized_only,base_0007,1,30,12630.0,module_3
direct_coherent_all_shared_local_route,localized_only,base_0007,1,31,13050.0,module_1
direct_coherent_all_shared_local_route,localized_only,base_0007,1,32,13470.0,module_4
direct_coherent_all_shared_local_route,localized_only,base_0007,1,33,13890.0,module_3
direct_coherent_all_shared_local_route,localized_only,base_0007,1,34,14310.0,module_1
direct_coherent_all_shared_local_route,localized_only,base_0007,1,35,14730.0,module_2
direct_coherent_all_shared_local_route,localized_only,base_0007,1,36,15150.0,module_1
direct_coherent_all_shared_local_route,localized_only,base_0007,1,37,15570.0,module_3
direct_coherent_all_shared_local_route,localized_only,base_0007,1,38,15990.0,module_2
direct_coherent_all_shared_local_route,localized_only,base_0007,1,39,16410.0,module_4
direct_coherent_all_shared_local_route,localized_only,base_0007,1,40,16830.0,module_3
direct_coherent_all_shared_local_route,localized_only,base_0007,1,41,17250.0,module_2
direct_coherent_all_shared_local_route,localized_only,base_0007,1,42,17670.0,module_1
direct_coherent_all_shared_local_route,localized_only,base_0007,1,43,18090.0,module_4
direct_coherent_all_shared_local_route,localized_only,base_0007,1,44,18510.0,module_3
direct_coherent_all_shared_local_route,localized_only,base_0007,1,45,18930.0,module_4
direct_coherent_all_shared_local_route,localized_only,base_0007,1,46,19350.0,module_1
direct_coherent_all_shared_local_route,localized_only,base_0007,1,47,19770.0,module_2
direct_coherent_all_shared_local_route,localized_only,base_0008,0,0,30.0,module_4
direct_coherent_all_shared_local_route,localized_only,base_0008,0,1,450.0,module_3
direct_coherent_all_shared_local_route,localized_only,base_0008,0,2,870.0,module_2
direct_coherent_all_shared_local_route,localized_only,base_0008,0,3,1290.0,module_1
direct_coherent_all_shared_local_route,localized_only,base_0008,0,4,1710.0,module_4
direct_coherent_all_shared_local_route,localized_only,base_0008,0,5,2130.0,module_2
direct_coherent_all_shared_local_route,localized_only,base_0008,0,6,2550.0,module_3
direct_coherent_all_shared_local_route,localized_only,base_0008,0,7,2970.0,module_1
direct_coherent_all_shared_local_route,localized_only,base_0008,0,8,3390.0,module_2
direct_coherent_all_shared_local_route,localized_only,base_0008,0,9,3810.0,module_3
direct_coherent_all_shared_local_route,localized_only,base_0008,0,10,4230.0,module_4
direct_coherent_all_shared_local_route,localized_only,base_0008,0,11,4650.0,module_1
direct_coherent_all_shared_local_route,localized_only,base_0008,0,12,5070.0,module_3
direct_coherent_all_shared_local_route,localized_only,base_0008,0,13,5490.0,module_1
direct_coherent_all_shared_local_route,localized_only,base_0008,0,14,5910.0,module_4
direct_coherent_all_shared_local_route,localized_only,base_0008,0,15,6330.0,module_2
direct_coherent_all_shared_local_route,localized_only,base_0008,0,16,6750.0,module_1
direct_coherent_all_shared_local_route,localized_only,base_0008,0,17,7170.0,module_2
direct_coherent_all_shared_local_route,localized_only,base_0008,0,18,7590.0,module_4
direct_coherent_all_shared_local_route,localized_only,base_0008,0,19,8010.0,module_3
direct_coherent_all_shared_local_route,localized_only,base_0008,0,20,8430.0,module_3
direct_coherent_all_shared_local_route,localized_only,base_0008,0,21,8850.0,module_1
direct_coherent_all_shared_local_route,localized_only,base_0008,0,22,9270.0,module_4
direct_coherent_all_shared_local_route,localized_only,base_0008,0,23,9690.0,module_2
direct_coherent_all_shared_local_route,localized_only,base_0008,0,24,10110.0,module_3
direct_coherent_all_shared_local_route,localized_only,base_0008,0,25,10530.0,module_2
direct_coherent_all_shared_local_route,localized_only,base_0008,0,26,10950.0,module_1
direct_coherent_all_shared_local_route,localized_only,base_0008,0,27,11370.0,module_4
direct_coherent_all_shared_local_route,localized_only,base_0008,0,28,11790.0,module_1
direct_coherent_all_shared_local_route,localized_only,base_0008,0,29,12210.0,module_4
direct_coherent_all_shared_local_route,localized_only,base_0008,0,30,12630.0,module_2
direct_coherent_all_shared_local_route,localized_only,base_0008,0,31,13050.0,module_3
direct_coherent_all_shared_local_route,localized_only,base_0008,0,32,13470.0,module_4
direct_coherent_all_shared_local_route,localized_only,base_0008,0,33,13890.0,module_3
direct_coherent_all_shared_local_route,localized_only,base_0008,0,34,14310.0,module_1
direct_coherent_all_shared_local_route,localized_only,base_0008,0,35,14730.0,module_2
direct_coherent_all_shared_local_route,localized_only,base_0008,0,36,15150.0,module_1
direct_coherent_all_shared_local_route,localized_only,base_0008,0,37,15570.0,module_3
direct_coherent_all_shared_local_route,localized_only,base_0008,0,38,15990.0,module_4
direct_coherent_all_shared_local_route,localized_only,base_0008,0,39,16410.0,module_2
direct_coherent_all_shared_local_route,localized_only,base_0008,0,40,16830.0,module_3
direct_coherent_all_shared_local_route,localized_only,base_0008,0,41,17250.0,module_4
direct_coherent_all_shared_local_route,localized_only,base_0008,0,42,17670.0,module_1
direct_coherent_all_shared_local_route,localized_only,base_0008,0,43,18090.0,module_2
direct_coherent_all_shared_local_route,localized_only,base_0008,0,44,18510.0,module_2
direct_coherent_all_shared_local_route,localized_only,base_0008,0,45,18930.0,module_4
direct_coherent_all_shared_local_route,localized_only,base_0008,0,46,19350.0,module_3
direct_coherent_all_shared_local_route,localized_only,base_0008,0,47,19770.0,module_1
direct_coherent_all_shared_local_route,localized_only,base_0008,1,0,30.0,module_1
direct_coherent_all_shared_local_route,localized_only,base_0008,1,1,450.0,module_2
direct_coherent_all_shared_local_route,localized_only,base_0008,1,2,870.0,module_3
direct_coherent_all_shared_local_route,localized_only,base_0008,1,3,1290.0,module_4
direct_coherent_all_shared_local_route,localized_only,base_0008,1,4,1710.0,module_1
direct_coherent_all_shared_local_route,localized_only,base_0008,1,5,2130.0,module_2
direct_coherent_all_shared_local_route,localized_only,base_0008,1,6,2550.0,module_3
direct_coherent_all_shared_local_route,localized_only,base_0008,1,7,2970.0,module_4
direct_coherent_all_shared_local_route,localized_only,base_0008,1,8,3390.0,module_1
direct_coherent_all_shared_local_route,localized_only,base_0008,1,9,3810.0,module_2
direct_coherent_all_shared_local_route,localized_only,base_0008,1,10,4230.0,module_4
direct_coherent_all_shared_local_route,localized_only,base_0008,1,11,4650.0,module_3
direct_coherent_all_shared_local_route,localized_only,base_0008,1,12,5070.0,module_2
direct_coherent_all_shared_local_route,localized_only,base_0008,1,13,5490.0,module_1
direct_coherent_all_shared_local_route,localized_only,base_0008,1,14,5910.0,module_4
direct_coherent_all_shared_local_route,localized_only,base_0008,1,15,6330.0,module_3
direct_coherent_all_shared_local_route,localized_only,base_0008,1,16,6750.0,module_4
direct_coherent_all_shared_local_route,localized_only,base_0008,1,17,7170.0,module_3
direct_coherent_all_shared_local_route,localized_only,base_0008,1,18,7590.0,module_1
direct_coherent_all_shared_local_route,localized_only,base_0008,1,19,8010.0,module_2
direct_coherent_all_shared_local_route,localized_only,base_0008,1,20,8430.0,module_1
direct_coherent_all_shared_local_route,localized_only,base_0008,1,21,8850.0,module_3
direct_coherent_all_shared_local_route,localized_only,base_0008,1,22,9270.0,module_2
direct_coherent_all_shared_local_route,localized_only,base_0008,1,23,9690.0,module_4
direct_coherent_all_shared_local_route,localized_only,base_0008,1,24,10110.0,module_1
direct_coherent_all_shared_local_route,localized_only,base_0008,1,25,10530.0,module_2
direct_coherent_all_shared_local_route,localized_only,base_0008,1,26,10950.0,module_4
direct_coherent_all_shared_local_route,localized_only,base_0008,1,27,11370.0,module_3
direct_coherent_all_shared_local_route,localized_only,base_0008,1,28,11790.0,module_3
direct_coherent_all_shared_local_route,localized_only,base_0008,1,29,12210.0,module_4
direct_coherent_all_shared_local_route,localized_only,base_0008,1,30,12630.0,module_2
direct_coherent_all_shared_local_route,localized_only,base_0008,1,31,13050.0,module_1
direct_coherent_all_shared_local_route,localized_only,base_0008,1,32,13470.0,module_1
direct_coherent_all_shared_local_route,localized_only,base_0008,1,33,13890.0,module_3
direct_coherent_all_shared_local_route,localized_only,base_0008,1,34,14310.0,module_4
direct_coherent_all_shared_local_route,localized_only,base_0008,1,35,14730.0,module_2
direct_coherent_all_shared_local_route,localized_only,base_0008,1,36,15150.0,module_2
direct_coherent_all_shared_local_route,localized_only,base_0008,1,37,15570.0,module_3
direct_coherent_all_shared_local_route,localized_only,base_0008,1,38,15990.0,module_1
direct_coherent_all_shared_local_route,localized_only,base_0008,1,39,16410.0,module_4
direct_coherent_all_shared_local_route,localized_only,base_0008,1,40,16830.0,module_3
direct_coherent_all_shared_local_route,localized_only,base_0008,1,41,17250.0,module_2
direct_coherent_all_shared_local_route,localized_only,base_0008,1,42,17670.0,module_4
direct_coherent_all_shared_local_route,localized_only,base_0008,1,43,18090.0,module_1
direct_coherent_all_shared_local_route,localized_only,base_0008,1,44,18510.0,module_3
direct_coherent_all_shared_local_route,localized_only,base_0008,1,45,18930.0,module_2
direct_coherent_all_shared_local_route,localized_only,base_0008,1,46,19350.0,module_4
direct_coherent_all_shared_local_route,localized_only,base_0008,1,47,19770.0,module_1
direct_coherent_all_shared_local_route,localized_only,base_0009,0,0,30.0,module_2
direct_coherent_all_shared_local_route,localized_only,base_0009,0,1,450.0,module_3
direct_coherent_all_shared_local_route,localized_only,base_0009,0,2,870.0,module_1
direct_coherent_all_shared_local_route,localized_only,base_0009,0,3,1290.0,module_4
direct_coherent_all_shared_local_route,localized_only,base_0009,0,4,1710.0,module_2
direct_coherent_all_shared_local_route,localized_only,base_0009,0,5,2130.0,module_4
direct_coherent_all_shared_local_route,localized_only,base_0009,0,6,2550.0,module_3
direct_coherent_all_shared_local_route,localized_only,base_0009,0,7,2970.0,module_1
direct_coherent_all_shared_local_route,localized_only,base_0009,0,8,3390.0,module_3
direct_coherent_all_shared_local_route,localized_only,base_0009,0,9,3810.0,module_1
direct_coherent_all_shared_local_route,localized_only,base_0009,0,10,4230.0,module_4
direct_coherent_all_shared_local_route,localized_only,base_0009,0,11,4650.0,module_2
direct_coherent_all_shared_local_route,localized_only,base_0009,0,12,5070.0,module_2
direct_coherent_all_shared_local_route,localized_only,base_0009,0,13,5490.0,module_1
direct_coherent_all_shared_local_route,localized_only,base_0009,0,14,5910.0,module_3
direct_coherent_all_shared_local_route,localized_only,base_0009,0,15,6330.0,module_4
direct_coherent_all_shared_local_route,localized_only,base_0009,0,16,6750.0,module_3
direct_coherent_all_shared_local_route,localized_only,base_0009,0,17,7170.0,module_2
direct_coherent_all_shared_local_route,localized_only,base_0009,0,18,7590.0,module_1
direct_coherent_all_shared_local_route,localized_only,base_0009,0,19,8010.0,module_4
direct_coherent_all_shared_local_route,localized_only,base_0009,0,20,8430.0,module_4
direct_coherent_all_shared_local_route,localized_only,base_0009,0,21,8850.0,module_1
direct_coherent_all_shared_local_route,localized_only,base_0009,0,22,9270.0,module_2
direct_coherent_all_shared_local_route,localized_only,base_0009,0,23,9690.0,module_3
direct_coherent_all_shared_local_route,localized_only,base_0009,0,24,10110.0,module_4
direct_coherent_all_shared_local_route,localized_only,base_0009,0,25,10530.0,module_3
direct_coherent_all_shared_local_route,localized_only,base_0009,0,26,10950.0,module_2
direct_coherent_all_shared_local_route,localized_only,base_0009,0,27,11370.0,module_1
direct_coherent_all_shared_local_route,localized_only,base_0009,0,28,11790.0,module_4
direct_coherent_all_shared_local_route,localized_only,base_0009,0,29,12210.0,module_2
direct_coherent_all_shared_local_route,localized_only,base_0009,0,30,12630.0,module_1
direct_coherent_all_shared_local_route,localized_only,base_0009,0,31,13050.0,module_3
direct_coherent_all_shared_local_route,localized_only,base_0009,0,32,13470.0,module_1
direct_coherent_all_shared_local_route,localized_only,base_0009,0,33,13890.0,module_4
direct_coherent_all_shared_local_route,localized_only,base_0009,0,34,14310.0,module_3
direct_coherent_all_shared_local_route,localized_only,base_0009,0,35,14730.0,module_2
direct_coherent_all_shared_local_route,localized_only,base_0009,0,36,15150.0,module_2
direct_coherent_all_shared_local_route,localized_only,base_0009,0,37,15570.0,module_1
direct_coherent_all_shared_local_route,localized_only,base_0009,0,38,15990.0,module_4
direct_coherent_all_shared_local_route,localized_only,base_0009,0,39,16410.0,module_3
direct_coherent_all_shared_local_route,localized_only,base_0009,0,40,16830.0,module_1
direct_coherent_all_shared_local_route,localized_only,base_0009,0,41,17250.0,module_2
direct_coherent_all_shared_local_route,localized_only,base_0009,0,42,17670.0,module_4
direct_coherent_all_shared_local_route,localized_only,base_0009,0,43,18090.0,module_3
direct_coherent_all_shared_local_route,localized_only,base_0009,0,44,18510.0,module_3
direct_coherent_all_shared_local_route,localized_only,base_0009,0,45,18930.0,module_2
direct_coherent_all_shared_local_route,localized_only,base_0009,0,46,19350.0,module_4
direct_coherent_all_shared_local_route,localized_only,base_0009,0,47,19770.0,module_1
direct_coherent_all_shared_local_route,localized_only,base_0009,1,0,30.0,module_4
direct_coherent_all_shared_local_route,localized_only,base_0009,1,1,450.0,module_3
direct_coherent_all_shared_local_route,localized_only,base_0009,1,2,870.0,module_2
direct_coherent_all_shared_local_route,localized_only,base_0009,1,3,1290.0,module_1
direct_coherent_all_shared_local_route,localized_only,base_0009,1,4,1710.0,module_1
direct_coherent_all_shared_local_route,localized_only,base_0009,1,5,2130.0,module_3
direct_coherent_all_shared_local_route,localized_only,base_0009,1,6,2550.0,module_4
direct_coherent_all_shared_local_route,localized_only,base_0009,1,7,2970.0,module_2
direct_coherent_all_shared_local_route,localized_only,base_0009,1,8,3390.0,module_4
direct_coherent_all_shared_local_route,localized_only,base_0009,1,9,3810.0,module_1
direct_coherent_all_shared_local_route,localized_only,base_0009,1,10,4230.0,module_2
direct_coherent_all_shared_local_route,localized_only,base_0009,1,11,4650.0,module_3
direct_coherent_all_shared_local_route,localized_only,base_0009,1,12,5070.0,module_1
direct_coherent_all_shared_local_route,localized_only,base_0009,1,13,5490.0,module_4
direct_coherent_all_shared_local_route,localized_only,base_0009,1,14,5910.0,module_2
direct_coherent_all_shared_local_route,localized_only,base_0009,1,15,6330.0,module_3
direct_coherent_all_shared_local_route,localized_only,base_0009,1,16,6750.0,module_1
direct_coherent_all_shared_local_route,localized_only,base_0009,1,17,7170.0,module_2
direct_coherent_all_shared_local_route,localized_only,base_0009,1,18,7590.0,module_3
direct_coherent_all_shared_local_route,localized_only,base_0009,1,19,8010.0,module_4
direct_coherent_all_shared_local_route,localized_only,base_0009,1,20,8430.0,module_2
direct_coherent_all_shared_local_route,localized_only,base_0009,1,21,8850.0,module_1
direct_coherent_all_shared_local_route,localized_only,base_0009,1,22,9270.0,module_4
direct_coherent_all_shared_local_route,localized_only,base_0009,1,23,9690.0,module_3
direct_coherent_all_shared_local_route,localized_only,base_0009,1,24,10110.0,module_4
direct_coherent_all_shared_local_route,localized_only,base_0009,1,25,10530.0,module_2
direct_coherent_all_shared_local_route,localized_only,base_0009,1,26,10950.0,module_3
direct_coherent_all_shared_local_route,localized_only,base_0009,1,27,11370.0,module_1
direct_coherent_all_shared_local_route,localized_only,base_0009,1,28,11790.0,module_3
direct_coherent_all_shared_local_route,localized_only,base_0009,1,29,12210.0,module_1
direct_coherent_all_shared_local_route,localized_only,base_0009,1,30,12630.0,module_2
direct_coherent_all_shared_local_route,localized_only,base_0009,1,31,13050.0,module_4
direct_coherent_all_shared_local_route,localized_only,base_0009,1,32,13470.0,module_1
direct_coherent_all_shared_local_route,localized_only,base_0009,1,33,13890.0,module_2
direct_coherent_all_shared_local_route,localized_only,base_0009,1,34,14310.0,module_4
direct_coherent_all_shared_local_route,localized_only,base_0009,1,35,14730.0,module_3
direct_coherent_all_shared_local_route,localized_only,base_0009,1,36,15150.0,module_3
direct_coherent_all_shared_local_route,localized_only,base_0009,1,37,15570.0,module_1
direct_coherent_all_shared_local_route,localized_only,base_0009,1,38,15990.0,module_2
direct_coherent_all_shared_local_route,localized_only,base_0009,1,39,16410.0,module_4
direct_coherent_all_shared_local_route,localized_only,base_0009,1,40,16830.0,module_3
direct_coherent_all_shared_local_route,localized_only,base_0009,1,41,17250.0,module_4
direct_coherent_all_shared_local_route,localized_only,base_0009,1,42,17670.0,module_1
direct_coherent_all_shared_local_route,localized_only,base_0009,1,43,18090.0,module_2
direct_coherent_all_shared_local_route,localized_only,base_0009,1,44,18510.0,module_3
direct_coherent_all_shared_local_route,localized_only,base_0009,1,45,18930.0,module_4
direct_coherent_all_shared_local_route,localized_only,base_0009,1,46,19350.0,module_2
direct_coherent_all_shared_local_route,localized_only,base_0009,1,47,19770.0,module_1
direct_coherent_all_shared_local_route,localized_only,base_0010,0,0,30.0,module_4
direct_coherent_all_shared_local_route,localized_only,base_0010,0,1,450.0,module_1
direct_coherent_all_shared_local_route,localized_only,base_0010,0,2,870.0,module_3
direct_coherent_all_shared_local_route,localized_only,base_0010,0,3,1290.0,module_2
direct_coherent_all_shared_local_route,localized_only,base_0010,0,4,1710.0,module_4
direct_coherent_all_shared_local_route,localized_only,base_0010,0,5,2130.0,module_1
direct_coherent_all_shared_local_route,localized_only,base_0010,0,6,2550.0,module_3
direct_coherent_all_shared_local_route,localized_only,base_0010,0,7,2970.0,module_2
direct_coherent_all_shared_local_route,localized_only,base_0010,0,8,3390.0,module_1
direct_coherent_all_shared_local_route,localized_only,base_0010,0,9,3810.0,module_4
direct_coherent_all_shared_local_route,localized_only,base_0010,0,10,4230.0,module_2
direct_coherent_all_shared_local_route,localized_only,base_0010,0,11,4650.0,module_3
direct_coherent_all_shared_local_route,localized_only,base_0010,0,12,5070.0,module_3
direct_coherent_all_shared_local_route,localized_only,base_0010,0,13,5490.0,module_2
direct_coherent_all_shared_local_route,localized_only,base_0010,0,14,5910.0,module_4
direct_coherent_all_shared_local_route,localized_only,base_0010,0,15,6330.0,module_1
direct_coherent_all_shared_local_route,localized_only,base_0010,0,16,6750.0,module_2
direct_coherent_all_shared_local_route,localized_only,base_0010,0,17,7170.0,module_1
direct_coherent_all_shared_local_route,localized_only,base_0010,0,18,7590.0,module_4
direct_coherent_all_shared_local_route,localized_only,base_0010,0,19,8010.0,module_3
direct_coherent_all_shared_local_route,localized_only,base_0010,0,20,8430.0,module_2
direct_coherent_all_shared_local_route,localized_only,base_0010,0,21,8850.0,module_1
direct_coherent_all_shared_local_route,localized_only,base_0010,0,22,9270.0,module_3
direct_coherent_all_shared_local_route,localized_only,base_0010,0,23,9690.0,module_4
direct_coherent_all_shared_local_route,localized_only,base_0010,0,24,10110.0,module_2
direct_coherent_all_shared_local_route,localized_only,base_0010,0,25,10530.0,module_1
direct_coherent_all_shared_local_route,localized_only,base_0010,0,26,10950.0,module_4
direct_coherent_all_shared_local_route,localized_only,base_0010,0,27,11370.0,module_3
direct_coherent_all_shared_local_route,localized_only,base_0010,0,28,11790.0,module_3
direct_coherent_all_shared_local_route,localized_only,base_0010,0,29,12210.0,module_4
direct_coherent_all_shared_local_route,localized_only,base_0010,0,30,12630.0,module_1
direct_coherent_all_shared_local_route,localized_only,base_0010,0,31,13050.0,module_2
direct_coherent_all_shared_local_route,localized_only,base_0010,0,32,13470.0,module_1
direct_coherent_all_shared_local_route,localized_only,base_0010,0,33,13890.0,module_4
direct_coherent_all_shared_local_route,localized_only,base_0010,0,34,14310.0,module_3
direct_coherent_all_shared_local_route,localized_only,base_0010,0,35,14730.0,module_2
direct_coherent_all_shared_local_route,localized_only,base_0010,0,36,15150.0,module_3
direct_coherent_all_shared_local_route,localized_only,base_0010,0,37,15570.0,module_1
direct_coherent_all_shared_local_route,localized_only,base_0010,0,38,15990.0,module_2
direct_coherent_all_shared_local_route,localized_only,base_0010,0,39,16410.0,module_4
direct_coherent_all_shared_local_route,localized_only,base_0010,0,40,16830.0,module_3
direct_coherent_all_shared_local_route,localized_only,base_0010,0,41,17250.0,module_2
direct_coherent_all_shared_local_route,localized_only,base_0010,0,42,17670.0,module_4
direct_coherent_all_shared_local_route,localized_only,base_0010,0,43,18090.0,module_1
direct_coherent_all_shared_local_route,localized_only,base_0010,0,44,18510.0,module_3
direct_coherent_all_shared_local_route,localized_only,base_0010,0,45,18930.0,module_2
direct_coherent_all_shared_local_route,localized_only,base_0010,0,46,19350.0,module_1
direct_coherent_all_shared_local_route,localized_only,base_0010,0,47,19770.0,module_4
direct_coherent_all_shared_local_route,localized_only,base_0010,1,0,30.0,module_1
direct_coherent_all_shared_local_route,localized_only,base_0010,1,1,450.0,module_2
direct_coherent_all_shared_local_route,localized_only,base_0010,1,2,870.0,module_4
direct_coherent_all_shared_local_route,localized_only,base_0010,1,3,1290.0,module_3
direct_coherent_all_shared_local_route,localized_only,base_0010,1,4,1710.0,module_1
direct_coherent_all_shared_local_route,localized_only,base_0010,1,5,2130.0,module_3
direct_coherent_all_shared_local_route,localized_only,base_0010,1,6,2550.0,module_2
direct_coherent_all_shared_local_route,localized_only,base_0010,1,7,2970.0,module_4
direct_coherent_all_shared_local_route,localized_only,base_0010,1,8,3390.0,module_2
direct_coherent_all_shared_local_route,localized_only,base_0010,1,9,3810.0,module_3
direct_coherent_all_shared_local_route,localized_only,base_0010,1,10,4230.0,module_1
direct_coherent_all_shared_local_route,localized_only,base_0010,1,11,4650.0,module_4
direct_coherent_all_shared_local_route,localized_only,base_0010,1,12,5070.0,module_2
direct_coherent_all_shared_local_route,localized_only,base_0010,1,13,5490.0,module_3
direct_coherent_all_shared_local_route,localized_only,base_0010,1,14,5910.0,module_1
direct_coherent_all_shared_local_route,localized_only,base_0010,1,15,6330.0,module_4
direct_coherent_all_shared_local_route,localized_only,base_0010,1,16,6750.0,module_2
direct_coherent_all_shared_local_route,localized_only,base_0010,1,17,7170.0,module_1
direct_coherent_all_shared_local_route,localized_only,base_0010,1,18,7590.0,module_4
direct_coherent_all_shared_local_route,localized_only,base_0010,1,19,8010.0,module_3
direct_coherent_all_shared_local_route,localized_only,base_0010,1,20,8430.0,module_1
direct_coherent_all_shared_local_route,localized_only,base_0010,1,21,8850.0,module_4
direct_coherent_all_shared_local_route,localized_only,base_0010,1,22,9270.0,module_3
direct_coherent_all_shared_local_route,localized_only,base_0010,1,23,9690.0,module_2
direct_coherent_all_shared_local_route,localized_only,base_0010,1,24,10110.0,module_2
direct_coherent_all_shared_local_route,localized_only,base_0010,1,25,10530.0,module_1
direct_coherent_all_shared_local_route,localized_only,base_0010,1,26,10950.0,module_4
direct_coherent_all_shared_local_route,localized_only,base_0010,1,27,11370.0,module_3
direct_coherent_all_shared_local_route,localized_only,base_0010,1,28,11790.0,module_1
direct_coherent_all_shared_local_route,localized_only,base_0010,1,29,12210.0,module_4
direct_coherent_all_shared_local_route,localized_only,base_0010,1,30,12630.0,module_3
direct_coherent_all_shared_local_route,localized_only,base_0010,1,31,13050.0,module_2
direct_coherent_all_shared_local_route,localized_only,base_0010,1,32,13470.0,module_1
direct_coherent_all_shared_local_route,localized_only,base_0010,1,33,13890.0,module_2
direct_coherent_all_shared_local_route,localized_only,base_0010,1,34,14310.0,module_3
direct_coherent_all_shared_local_route,localized_only,base_0010,1,35,14730.0,module_4
direct_coherent_all_shared_local_route,localized_only,base_0010,1,36,15150.0,module_3
direct_coherent_all_shared_local_route,localized_only,base_0010,1,37,15570.0,module_1
direct_coherent_all_shared_local_route,localized_only,base_0010,1,38,15990.0,module_2
direct_coherent_all_shared_local_route,localized_only,base_0010,1,39,16410.0,module_4
direct_coherent_all_shared_local_route,localized_only,base_0010,1,40,16830.0,module_2
direct_coherent_all_shared_local_route,localized_only,base_0010,1,41,17250.0,module_4
direct_coherent_all_shared_local_route,localized_only,base_0010,1,42,17670.0,module_3
direct_coherent_all_shared_local_route,localized_only,base_0010,1,43,18090.0,module_1
direct_coherent_all_shared_local_route,localized_only,base_0010,1,44,18510.0,module_3
direct_coherent_all_shared_local_route,localized_only,base_0010,1,45,18930.0,module_2
direct_coherent_all_shared_local_route,localized_only,base_0010,1,46,19350.0,module_1
direct_coherent_all_shared_local_route,localized_only,base_0010,1,47,19770.0,module_4
direct_coherent_all_shared_local_route,localized_only,base_0011,0,0,30.0,module_3
direct_coherent_all_shared_local_route,localized_only,base_0011,0,1,450.0,module_4
direct_coherent_all_shared_local_route,localized_only,base_0011,0,2,870.0,module_2
direct_coherent_all_shared_local_route,localized_only,base_0011,0,3,1290.0,module_1
direct_coherent_all_shared_local_route,localized_only,base_0011,0,4,1710.0,module_4
direct_coherent_all_shared_local_route,localized_only,base_0011,0,5,2130.0,module_2
direct_coherent_all_shared_local_route,localized_only,base_0011,0,6,2550.0,module_1
direct_coherent_all_shared_local_route,localized_only,base_0011,0,7,2970.0,module_3
direct_coherent_all_shared_local_route,localized_only,base_0011,0,8,3390.0,module_1
direct_coherent_all_shared_local_route,localized_only,base_0011,0,9,3810.0,module_4
direct_coherent_all_shared_local_route,localized_only,base_0011,0,10,4230.0,module_3
direct_coherent_all_shared_local_route,localized_only,base_0011,0,11,4650.0,module_2
direct_coherent_all_shared_local_route,localized_only,base_0011,0,12,5070.0,module_1
direct_coherent_all_shared_local_route,localized_only,base_0011,0,13,5490.0,module_2
direct_coherent_all_shared_local_route,localized_only,base_0011,0,14,5910.0,module_4
direct_coherent_all_shared_local_route,localized_only,base_0011,0,15,6330.0,module_3
direct_coherent_all_shared_local_route,localized_only,base_0011,0,16,6750.0,module_3
direct_coherent_all_shared_local_route,localized_only,base_0011,0,17,7170.0,module_1
direct_coherent_all_shared_local_route,localized_only,base_0011,0,18,7590.0,module_2
direct_coherent_all_shared_local_route,localized_only,base_0011,0,19,8010.0,module_4
direct_coherent_all_shared_local_route,localized_only,base_0011,0,20,8430.0,module_3
direct_coherent_all_shared_local_route,localized_only,base_0011,0,21,8850.0,module_2
direct_coherent_all_shared_local_route,localized_only,base_0011,0,22,9270.0,module_4
direct_coherent_all_shared_local_route,localized_only,base_0011,0,23,9690.0,module_1
direct_coherent_all_shared_local_route,localized_only,base_0011,0,24,10110.0,module_1
direct_coherent_all_shared_local_route,localized_only,base_0011,0,25,10530.0,module_4
direct_coherent_all_shared_local_route,localized_only,base_0011,0,26,10950.0,module_2
direct_coherent_all_shared_local_route,localized_only,base_0011,0,27,11370.0,module_3
direct_coherent_all_shared_local_route,localized_only,base_0011,0,28,11790.0,module_2
direct_coherent_all_shared_local_route,localized_only,base_0011,0,29,12210.0,module_3
direct_coherent_all_shared_local_route,localized_only,base_0011,0,30,12630.0,module_4
direct_coherent_all_shared_local_route,localized_only,base_0011,0,31,13050.0,module_1
direct_coherent_all_shared_local_route,localized_only,base_0011,0,32,13470.0,module_2
direct_coherent_all_shared_local_route,localized_only,base_0011,0,33,13890.0,module_4
direct_coherent_all_shared_local_route,localized_only,base_0011,0,34,14310.0,module_3
direct_coherent_all_shared_local_route,localized_only,base_0011,0,35,14730.0,module_1
direct_coherent_all_shared_local_route,localized_only,base_0011,0,36,15150.0,module_1
direct_coherent_all_shared_local_route,localized_only,base_0011,0,37,15570.0,module_3
direct_coherent_all_shared_local_route,localized_only,base_0011,0,38,15990.0,module_4
direct_coherent_all_shared_local_route,localized_only,base_0011,0,39,16410.0,module_2
direct_coherent_all_shared_local_route,localized_only,base_0011,0,40,16830.0,module_2
direct_coherent_all_shared_local_route,localized_only,base_0011,0,41,17250.0,module_3
direct_coherent_all_shared_local_route,localized_only,base_0011,0,42,17670.0,module_1
direct_coherent_all_shared_local_route,localized_only,base_0011,0,43,18090.0,module_4
direct_coherent_all_shared_local_route,localized_only,base_0011,0,44,18510.0,module_1
direct_coherent_all_shared_local_route,localized_only,base_0011,0,45,18930.0,module_4
direct_coherent_all_shared_local_route,localized_only,base_0011,0,46,19350.0,module_2
direct_coherent_all_shared_local_route,localized_only,base_0011,0,47,19770.0,module_3
direct_coherent_all_shared_local_route,localized_only,base_0011,1,0,30.0,module_2
direct_coherent_all_shared_local_route,localized_only,base_0011,1,1,450.0,module_3
direct_coherent_all_shared_local_route,localized_only,base_0011,1,2,870.0,module_4
direct_coherent_all_shared_local_route,localized_only,base_0011,1,3,1290.0,module_1
direct_coherent_all_shared_local_route,localized_only,base_0011,1,4,1710.0,module_3
direct_coherent_all_shared_local_route,localized_only,base_0011,1,5,2130.0,module_4
direct_coherent_all_shared_local_route,localized_only,base_0011,1,6,2550.0,module_1
direct_coherent_all_shared_local_route,localized_only,base_0011,1,7,2970.0,module_2
direct_coherent_all_shared_local_route,localized_only,base_0011,1,8,3390.0,module_4
direct_coherent_all_shared_local_route,localized_only,base_0011,1,9,3810.0,module_3
direct_coherent_all_shared_local_route,localized_only,base_0011,1,10,4230.0,module_1
direct_coherent_all_shared_local_route,localized_only,base_0011,1,11,4650.0,module_2
direct_coherent_all_shared_local_route,localized_only,base_0011,1,12,5070.0,module_3
direct_coherent_all_shared_local_route,localized_only,base_0011,1,13,5490.0,module_4
direct_coherent_all_shared_local_route,localized_only,base_0011,1,14,5910.0,module_2
direct_coherent_all_shared_local_route,localized_only,base_0011,1,15,6330.0,module_1
direct_coherent_all_shared_local_route,localized_only,base_0011,1,16,6750.0,module_2
direct_coherent_all_shared_local_route,localized_only,base_0011,1,17,7170.0,module_4
direct_coherent_all_shared_local_route,localized_only,base_0011,1,18,7590.0,module_1
direct_coherent_all_shared_local_route,localized_only,base_0011,1,19,8010.0,module_3
direct_coherent_all_shared_local_route,localized_only,base_0011,1,20,8430.0,module_3
direct_coherent_all_shared_local_route,localized_only,base_0011,1,21,8850.0,module_1
direct_coherent_all_shared_local_route,localized_only,base_0011,1,22,9270.0,module_2
direct_coherent_all_shared_local_route,localized_only,base_0011,1,23,9690.0,module_4
direct_coherent_all_shared_local_route,localized_only,base_0011,1,24,10110.0,module_1
direct_coherent_all_shared_local_route,localized_only,base_0011,1,25,10530.0,module_2
direct_coherent_all_shared_local_route,localized_only,base_0011,1,26,10950.0,module_4
direct_coherent_all_shared_local_route,localized_only,base_0011,1,27,11370.0,module_3
direct_coherent_all_shared_local_route,localized_only,base_0011,1,28,11790.0,module_3
direct_coherent_all_shared_local_route,localized_only,base_0011,1,29,12210.0,module_1
direct_coherent_all_shared_local_route,localized_only,base_0011,1,30,12630.0,module_2
direct_coherent_all_shared_local_route,localized_only,base_0011,1,31,13050.0,module_4
direct_coherent_all_shared_local_route,localized_only,base_0011,1,32,13470.0,module_3
direct_coherent_all_shared_local_route,localized_only,base_0011,1,33,13890.0,module_2
direct_coherent_all_shared_local_route,localized_only,base_0011,1,34,14310.0,module_4
direct_coherent_all_shared_local_route,localized_only,base_0011,1,35,14730.0,module_1
direct_coherent_all_shared_local_route,localized_only,base_0011,1,36,15150.0,module_2
direct_coherent_all_shared_local_route,localized_only,base_0011,1,37,15570.0,module_3
direct_coherent_all_shared_local_route,localized_only,base_0011,1,38,15990.0,module_4
direct_coherent_all_shared_local_route,localized_only,base_0011,1,39,16410.0,module_1
direct_coherent_all_shared_local_route,localized_only,base_0011,1,40,16830.0,module_2
direct_coherent_all_shared_local_route,localized_only,base_0011,1,41,17250.0,module_1
direct_coherent_all_shared_local_route,localized_only,base_0011,1,42,17670.0,module_4
direct_coherent_all_shared_local_route,localized_only,base_0011,1,43,18090.0,module_3
direct_coherent_all_shared_local_route,localized_only,base_0011,1,44,18510.0,module_2
direct_coherent_all_shared_local_route,localized_only,base_0011,1,45,18930.0,module_1
direct_coherent_all_shared_local_route,localized_only,base_0011,1,46,19350.0,module_4
direct_coherent_all_shared_local_route,localized_only,base_0011,1,47,19770.0,module_3
direct_coherent_all_shared_local_route,localized_only,base_0012,0,0,30.0,module_2
direct_coherent_all_shared_local_route,localized_only,base_0012,0,1,450.0,module_3
direct_coherent_all_shared_local_route,localized_only,base_0012,0,2,870.0,module_4
direct_coherent_all_shared_local_route,localized_only,base_0012,0,3,1290.0,module_1
direct_coherent_all_shared_local_route,localized_only,base_0012,0,4,1710.0,module_1
direct_coherent_all_shared_local_route,localized_only,base_0012,0,5,2130.0,module_2
direct_coherent_all_shared_local_route,localized_only,base_0012,0,6,2550.0,module_3
direct_coherent_all_shared_local_route,localized_only,base_0012,0,7,2970.0,module_4
direct_coherent_all_shared_local_route,localized_only,base_0012,0,8,3390.0,module_1
direct_coherent_all_shared_local_route,localized_only,base_0012,0,9,3810.0,module_4
direct_coherent_all_shared_local_route,localized_only,base_0012,0,10,4230.0,module_2
direct_coherent_all_shared_local_route,localized_only,base_0012,0,11,4650.0,module_3
direct_coherent_all_shared_local_route,localized_only,base_0012,0,12,5070.0,module_1
direct_coherent_all_shared_local_route,localized_only,base_0012,0,13,5490.0,module_3
direct_coherent_all_shared_local_route,localized_only,base_0012,0,14,5910.0,module_2
direct_coherent_all_shared_local_route,localized_only,base_0012,0,15,6330.0,module_4
direct_coherent_all_shared_local_route,localized_only,base_0012,0,16,6750.0,module_4
direct_coherent_all_shared_local_route,localized_only,base_0012,0,17,7170.0,module_3
direct_coherent_all_shared_local_route,localized_only,base_0012,0,18,7590.0,module_1
direct_coherent_all_shared_local_route,localized_only,base_0012,0,19,8010.0,module_2
direct_coherent_all_shared_local_route,localized_only,base_0012,0,20,8430.0,module_1
direct_coherent_all_shared_local_route,localized_only,base_0012,0,21,8850.0,module_3
direct_coherent_all_shared_local_route,localized_only,base_0012,0,22,9270.0,module_2
direct_coherent_all_shared_local_route,localized_only,base_0012,0,23,9690.0,module_4
direct_coherent_all_shared_local_route,localized_only,base_0012,0,24,10110.0,module_3
direct_coherent_all_shared_local_route,localized_only,base_0012,0,25,10530.0,module_4
direct_coherent_all_shared_local_route,localized_only,base_0012,0,26,10950.0,module_2
direct_coherent_all_shared_local_route,localized_only,base_0012,0,27,11370.0,module_1
direct_coherent_all_shared_local_route,localized_only,base_0012,0,28,11790.0,module_4
direct_coherent_all_shared_local_route,localized_only,base_0012,0,29,12210.0,module_3
direct_coherent_all_shared_local_route,localized_only,base_0012,0,30,12630.0,module_1
direct_coherent_all_shared_local_route,localized_only,base_0012,0,31,13050.0,module_2
direct_coherent_all_shared_local_route,localized_only,base_0012,0,32,13470.0,module_2
direct_coherent_all_shared_local_route,localized_only,base_0012,0,33,13890.0,module_4
direct_coherent_all_shared_local_route,localized_only,base_0012,0,34,14310.0,module_1
direct_coherent_all_shared_local_route,localized_only,base_0012,0,35,14730.0,module_3
direct_coherent_all_shared_local_route,localized_only,base_0012,0,36,15150.0,module_2
direct_coherent_all_shared_local_route,localized_only,base_0012,0,37,15570.0,module_3
direct_coherent_all_shared_local_route,localized_only,base_0012,0,38,15990.0,module_4
direct_coherent_all_shared_local_route,localized_only,base_0012,0,39,16410.0,module_1
direct_coherent_all_shared_local_route,localized_only,base_0012,0,40,16830.0,module_3
direct_coherent_all_shared_local_route,localized_only,base_0012,0,41,17250.0,module_2
direct_coherent_all_shared_local_route,localized_only,base_0012,0,42,17670.0,module_1
direct_coherent_all_shared_local_route,localized_only,base_0012,0,43,18090.0,module_4
direct_coherent_all_shared_local_route,localized_only,base_0012,0,44,18510.0,module_2
direct_coherent_all_shared_local_route,localized_only,base_0012,0,45,18930.0,module_4
direct_coherent_all_shared_local_route,localized_only,base_0012,0,46,19350.0,module_3
direct_coherent_all_shared_local_route,localized_only,base_0012,0,47,19770.0,module_1
direct_coherent_all_shared_local_route,localized_only,base_0012,1,0,30.0,module_3
direct_coherent_all_shared_local_route,localized_only,base_0012,1,1,450.0,module_1
direct_coherent_all_shared_local_route,localized_only,base_0012,1,2,870.0,module_4
direct_coherent_all_shared_local_route,localized_only,base_0012,1,3,1290.0,module_2
direct_coherent_all_shared_local_route,localized_only,base_0012,1,4,1710.0,module_1
direct_coherent_all_shared_local_route,localized_only,base_0012,1,5,2130.0,module_2
direct_coherent_all_shared_local_route,localized_only,base_0012,1,6,2550.0,module_4
direct_coherent_all_shared_local_route,localized_only,base_0012,1,7,2970.0,module_3
direct_coherent_all_shared_local_route,localized_only,base_0012,1,8,3390.0,module_3
direct_coherent_all_shared_local_route,localized_only,base_0012,1,9,3810.0,module_2
direct_coherent_all_shared_local_route,localized_only,base_0012,1,10,4230.0,module_1
direct_coherent_all_shared_local_route,localized_only,base_0012,1,11,4650.0,module_4
direct_coherent_all_shared_local_route,localized_only,base_0012,1,12,5070.0,module_4
direct_coherent_all_shared_local_route,localized_only,base_0012,1,13,5490.0,module_1
direct_coherent_all_shared_local_route,localized_only,base_0012,1,14,5910.0,module_3
direct_coherent_all_shared_local_route,localized_only,base_0012,1,15,6330.0,module_2
direct_coherent_all_shared_local_route,localized_only,base_0012,1,16,6750.0,module_3
direct_coherent_all_shared_local_route,localized_only,base_0012,1,17,7170.0,module_2
direct_coherent_all_shared_local_route,localized_only,base_0012,1,18,7590.0,module_1
direct_coherent_all_shared_local_route,localized_only,base_0012,1,19,8010.0,module_4
direct_coherent_all_shared_local_route,localized_only,base_0012,1,20,8430.0,module_3
direct_coherent_all_shared_local_route,localized_only,base_0012,1,21,8850.0,module_2
direct_coherent_all_shared_local_route,localized_only,base_0012,1,22,9270.0,module_4
direct_coherent_all_shared_local_route,localized_only,base_0012,1,23,9690.0,module_1
direct_coherent_all_shared_local_route,localized_only,base_0012,1,24,10110.0,module_2
direct_coherent_all_shared_local_route,localized_only,base_0012,1,25,10530.0,module_4
direct_coherent_all_shared_local_route,localized_only,base_0012,1,26,10950.0,module_3
direct_coherent_all_shared_local_route,localized_only,base_0012,1,27,11370.0,module_1
direct_coherent_all_shared_local_route,localized_only,base_0012,1,28,11790.0,module_3
direct_coherent_all_shared_local_route,localized_only,base_0012,1,29,12210.0,module_4
direct_coherent_all_shared_local_route,localized_only,base_0012,1,30,12630.0,module_2
direct_coherent_all_shared_local_route,localized_only,base_0012,1,31,13050.0,module_1
direct_coherent_all_shared_local_route,localized_only,base_0012,1,32,13470.0,module_1
direct_coherent_all_shared_local_route,localized_only,base_0012,1,33,13890.0,module_3
direct_coherent_all_shared_local_route,localized_only,base_0012,1,34,14310.0,module_4
direct_coherent_all_shared_local_route,localized_only,base_0012,1,35,14730.0,module_2
direct_coherent_all_shared_local_route,localized_only,base_0012,1,36,15150.0,module_1
direct_coherent_all_shared_local_route,localized_only,base_0012,1,37,15570.0,module_3
direct_coherent_all_shared_local_route,localized_only,base_0012,1,38,15990.0,module_4
direct_coherent_all_shared_local_route,localized_only,base_0012,1,39,16410.0,module_2
direct_coherent_all_shared_local_route,localized_only,base_0012,1,40,16830.0,module_2
direct_coherent_all_shared_local_route,localized_only,base_0012,1,41,17250.0,module_4
direct_coherent_all_shared_local_route,localized_only,base_0012,1,42,17670.0,module_1
direct_coherent_all_shared_local_route,localized_only,base_0012,1,43,18090.0,module_3
direct_coherent_all_shared_local_route,localized_only,base_0012,1,44,18510.0,module_1
direct_coherent_all_shared_local_route,localized_only,base_0012,1,45,18930.0,module_2
direct_coherent_all_shared_local_route,localized_only,base_0012,1,46,19350.0,module_4
direct_coherent_all_shared_local_route,localized_only,base_0012,1,47,19770.0,module_3
direct_coherent_all_shared_local_route,localized_only,base_0013,0,0,30.0,module_3
direct_coherent_all_shared_local_route,localized_only,base_0013,0,1,450.0,module_1
direct_coherent_all_shared_local_route,localized_only,base_0013,0,2,870.0,module_2
direct_coherent_all_shared_local_route,localized_only,base_0013,0,3,1290.0,module_4
direct_coherent_all_shared_local_route,localized_only,base_0013,0,4,1710.0,module_1
direct_coherent_all_shared_local_route,localized_only,base_0013,0,5,2130.0,module_4
direct_coherent_all_shared_local_route,localized_only,base_0013,0,6,2550.0,module_2
direct_coherent_all_shared_local_route,localized_only,base_0013,0,7,2970.0,module_3
direct_coherent_all_shared_local_route,localized_only,base_0013,0,8,3390.0,module_3
direct_coherent_all_shared_local_route,localized_only,base_0013,0,9,3810.0,module_2
direct_coherent_all_shared_local_route,localized_only,base_0013,0,10,4230.0,module_1
direct_coherent_all_shared_local_route,localized_only,base_0013,0,11,4650.0,module_4
direct_coherent_all_shared_local_route,localized_only,base_0013,0,12,5070.0,module_3
direct_coherent_all_shared_local_route,localized_only,base_0013,0,13,5490.0,module_1
direct_coherent_all_shared_local_route,localized_only,base_0013,0,14,5910.0,module_4
direct_coherent_all_shared_local_route,localized_only,base_0013,0,15,6330.0,module_2
direct_coherent_all_shared_local_route,localized_only,base_0013,0,16,6750.0,module_1
direct_coherent_all_shared_local_route,localized_only,base_0013,0,17,7170.0,module_2
direct_coherent_all_shared_local_route,localized_only,base_0013,0,18,7590.0,module_3
direct_coherent_all_shared_local_route,localized_only,base_0013,0,19,8010.0,module_4
direct_coherent_all_shared_local_route,localized_only,base_0013,0,20,8430.0,module_2
direct_coherent_all_shared_local_route,localized_only,base_0013,0,21,8850.0,module_3
direct_coherent_all_shared_local_route,localized_only,base_0013,0,22,9270.0,module_1
direct_coherent_all_shared_local_route,localized_only,base_0013,0,23,9690.0,module_4
direct_coherent_all_shared_local_route,localized_only,base_0013,0,24,10110.0,module_1
direct_coherent_all_shared_local_route,localized_only,base_0013,0,25,10530.0,module_2
direct_coherent_all_shared_local_route,localized_only,base_0013,0,26,10950.0,module_4
direct_coherent_all_shared_local_route,localized_only,base_0013,0,27,11370.0,module_3
direct_coherent_all_shared_local_route,localized_only,base_0013,0,28,11790.0,module_4
direct_coherent_all_shared_local_route,localized_only,base_0013,0,29,12210.0,module_3
direct_coherent_all_shared_local_route,localized_only,base_0013,0,30,12630.0,module_2
direct_coherent_all_shared_local_route,localized_only,base_0013,0,31,13050.0,module_1
direct_coherent_all_shared_local_route,localized_only,base_0013,0,32,13470.0,module_1
direct_coherent_all_shared_local_route,localized_only,base_0013,0,33,13890.0,module_4
direct_coherent_all_shared_local_route,localized_only,base_0013,0,34,14310.0,module_2
direct_coherent_all_shared_local_route,localized_only,base_0013,0,35,14730.0,module_3
direct_coherent_all_shared_local_route,localized_only,base_0013,0,36,15150.0,module_3
direct_coherent_all_shared_local_route,localized_only,base_0013,0,37,15570.0,module_4
direct_coherent_all_shared_local_route,localized_only,base_0013,0,38,15990.0,module_2
direct_coherent_all_shared_local_route,localized_only,base_0013,0,39,16410.0,module_1
direct_coherent_all_shared_local_route,localized_only,base_0013,0,40,16830.0,module_1
direct_coherent_all_shared_local_route,localized_only,base_0013,0,41,17250.0,module_3
direct_coherent_all_shared_local_route,localized_only,base_0013,0,42,17670.0,module_4
direct_coherent_all_shared_local_route,localized_only,base_0013,0,43,18090.0,module_2
direct_coherent_all_shared_local_route,localized_only,base_0013,0,44,18510.0,module_2
direct_coherent_all_shared_local_route,localized_only,base_0013,0,45,18930.0,module_1
direct_coherent_all_shared_local_route,localized_only,base_0013,0,46,19350.0,module_3
direct_coherent_all_shared_local_route,localized_only,base_0013,0,47,19770.0,module_4
direct_coherent_all_shared_local_route,localized_only,base_0013,1,0,30.0,module_4
direct_coherent_all_shared_local_route,localized_only,base_0013,1,1,450.0,module_1
direct_coherent_all_shared_local_route,localized_only,base_0013,1,2,870.0,module_3
direct_coherent_all_shared_local_route,localized_only,base_0013,1,3,1290.0,module_2
direct_coherent_all_shared_local_route,localized_only,base_0013,1,4,1710.0,module_4
direct_coherent_all_shared_local_route,localized_only,base_0013,1,5,2130.0,module_3
direct_coherent_all_shared_local_route,localized_only,base_0013,1,6,2550.0,module_2
direct_coherent_all_shared_local_route,localized_only,base_0013,1,7,2970.0,module_1
direct_coherent_all_shared_local_route,localized_only,base_0013,1,8,3390.0,module_1
direct_coherent_all_shared_local_route,localized_only,base_0013,1,9,3810.0,module_3
direct_coherent_all_shared_local_route,localized_only,base_0013,1,10,4230.0,module_2
direct_coherent_all_shared_local_route,localized_only,base_0013,1,11,4650.0,module_4
direct_coherent_all_shared_local_route,localized_only,base_0013,1,12,5070.0,module_2
direct_coherent_all_shared_local_route,localized_only,base_0013,1,13,5490.0,module_3
direct_coherent_all_shared_local_route,localized_only,base_0013,1,14,5910.0,module_4
direct_coherent_all_shared_local_route,localized_only,base_0013,1,15,6330.0,module_1
direct_coherent_all_shared_local_route,localized_only,base_0013,1,16,6750.0,module_3
direct_coherent_all_shared_local_route,localized_only,base_0013,1,17,7170.0,module_2
direct_coherent_all_shared_local_route,localized_only,base_0013,1,18,7590.0,module_1
direct_coherent_all_shared_local_route,localized_only,base_0013,1,19,8010.0,module_4
direct_coherent_all_shared_local_route,localized_only,base_0013,1,20,8430.0,module_1
direct_coherent_all_shared_local_route,localized_only,base_0013,1,21,8850.0,module_3
direct_coherent_all_shared_local_route,localized_only,base_0013,1,22,9270.0,module_2
direct_coherent_all_shared_local_route,localized_only,base_0013,1,23,9690.0,module_4
direct_coherent_all_shared_local_route,localized_only,base_0013,1,24,10110.0,module_2
direct_coherent_all_shared_local_route,localized_only,base_0013,1,25,10530.0,module_3
direct_coherent_all_shared_local_route,localized_only,base_0013,1,26,10950.0,module_1
direct_coherent_all_shared_local_route,localized_only,base_0013,1,27,11370.0,module_4
direct_coherent_all_shared_local_route,localized_only,base_0013,1,28,11790.0,module_3
direct_coherent_all_shared_local_route,localized_only,base_0013,1,29,12210.0,module_2
direct_coherent_all_shared_local_route,localized_only,base_0013,1,30,12630.0,module_1
direct_coherent_all_shared_local_route,localized_only,base_0013,1,31,13050.0,module_4
direct_coherent_all_shared_local_route,localized_only,base_0013,1,32,13470.0,module_4
direct_coherent_all_shared_local_route,localized_only,base_0013,1,33,13890.0,module_3
direct_coherent_all_shared_local_route,localized_only,base_0013,1,34,14310.0,module_1
direct_coherent_all_shared_local_route,localized_only,base_0013,1,35,14730.0,module_2
direct_coherent_all_shared_local_route,localized_only,base_0013,1,36,15150.0,module_2
direct_coherent_all_shared_local_route,localized_only,base_0013,1,37,15570.0,module_3
direct_coherent_all_shared_local_route,localized_only,base_0013,1,38,15990.0,module_1
direct_coherent_all_shared_local_route,localized_only,base_0013,1,39,16410.0,module_4
direct_coherent_all_shared_local_route,localized_only,base_0013,1,40,16830.0,module_3
direct_coherent_all_shared_local_route,localized_only,base_0013,1,41,17250.0,module_4
direct_coherent_all_shared_local_route,localized_only,base_0013,1,42,17670.0,module_2
direct_coherent_all_shared_local_route,localized_only,base_0013,1,43,18090.0,module_1
direct_coherent_all_shared_local_route,localized_only,base_0013,1,44,18510.0,module_1
direct_coherent_all_shared_local_route,localized_only,base_0013,1,45,18930.0,module_4
direct_coherent_all_shared_local_route,localized_only,base_0013,1,46,19350.0,module_2
direct_coherent_all_shared_local_route,localized_only,base_0013,1,47,19770.0,module_3
direct_coherent_all_shared_local_route,localized_only,base_0014,0,0,30.0,module_3
direct_coherent_all_shared_local_route,localized_only,base_0014,0,1,450.0,module_1
direct_coherent_all_shared_local_route,localized_only,base_0014,0,2,870.0,module_2
direct_coherent_all_shared_local_route,localized_only,base_0014,0,3,1290.0,module_4
direct_coherent_all_shared_local_route,localized_only,base_0014,0,4,1710.0,module_4
direct_coherent_all_shared_local_route,localized_only,base_0014,0,5,2130.0,module_1
direct_coherent_all_shared_local_route,localized_only,base_0014,0,6,2550.0,module_3
direct_coherent_all_shared_local_route,localized_only,base_0014,0,7,2970.0,module_2
direct_coherent_all_shared_local_route,localized_only,base_0014,0,8,3390.0,module_3
direct_coherent_all_shared_local_route,localized_only,base_0014,0,9,3810.0,module_4
direct_coherent_all_shared_local_route,localized_only,base_0014,0,10,4230.0,module_1
direct_coherent_all_shared_local_route,localized_only,base_0014,0,11,4650.0,module_2
direct_coherent_all_shared_local_route,localized_only,base_0014,0,12,5070.0,module_4
direct_coherent_all_shared_local_route,localized_only,base_0014,0,13,5490.0,module_2
direct_coherent_all_shared_local_route,localized_only,base_0014,0,14,5910.0,module_3
direct_coherent_all_shared_local_route,localized_only,base_0014,0,15,6330.0,module_1
direct_coherent_all_shared_local_route,localized_only,base_0014,0,16,6750.0,module_1
direct_coherent_all_shared_local_route,localized_only,base_0014,0,17,7170.0,module_3
direct_coherent_all_shared_local_route,localized_only,base_0014,0,18,7590.0,module_2
direct_coherent_all_shared_local_route,localized_only,base_0014,0,19,8010.0,module_4
direct_coherent_all_shared_local_route,localized_only,base_0014,0,20,8430.0,module_4
direct_coherent_all_shared_local_route,localized_only,base_0014,0,21,8850.0,module_3
direct_coherent_all_shared_local_route,localized_only,base_0014,0,22,9270.0,module_2
direct_coherent_all_shared_local_route,localized_only,base_0014,0,23,9690.0,module_1
direct_coherent_all_shared_local_route,localized_only,base_0014,0,24,10110.0,module_4
direct_coherent_all_shared_local_route,localized_only,base_0014,0,25,10530.0,module_1
direct_coherent_all_shared_local_route,localized_only,base_0014,0,26,10950.0,module_3
direct_coherent_all_shared_local_route,localized_only,base_0014,0,27,11370.0,module_2
direct_coherent_all_shared_local_route,localized_only,base_0014,0,28,11790.0,module_1
direct_coherent_all_shared_local_route,localized_only,base_0014,0,29,12210.0,module_3
direct_coherent_all_shared_local_route,localized_only,base_0014,0,30,12630.0,module_4
direct_coherent_all_shared_local_route,localized_only,base_0014,0,31,13050.0,module_2
direct_coherent_all_shared_local_route,localized_only,base_0014,0,32,13470.0,module_2
direct_coherent_all_shared_local_route,localized_only,base_0014,0,33,13890.0,module_1
direct_coherent_all_shared_local_route,localized_only,base_0014,0,34,14310.0,module_4
direct_coherent_all_shared_local_route,localized_only,base_0014,0,35,14730.0,module_3
direct_coherent_all_shared_local_route,localized_only,base_0014,0,36,15150.0,module_4
direct_coherent_all_shared_local_route,localized_only,base_0014,0,37,15570.0,module_1
direct_coherent_all_shared_local_route,localized_only,base_0014,0,38,15990.0,module_2
direct_coherent_all_shared_local_route,localized_only,base_0014,0,39,16410.0,module_3
direct_coherent_all_shared_local_route,localized_only,base_0014,0,40,16830.0,module_2
direct_coherent_all_shared_local_route,localized_only,base_0014,0,41,17250.0,module_4
direct_coherent_all_shared_local_route,localized_only,base_0014,0,42,17670.0,module_3
direct_coherent_all_shared_local_route,localized_only,base_0014,0,43,18090.0,module_1
direct_coherent_all_shared_local_route,localized_only,base_0014,0,44,18510.0,module_3
direct_coherent_all_shared_local_route,localized_only,base_0014,0,45,18930.0,module_2
direct_coherent_all_shared_local_route,localized_only,base_0014,0,46,19350.0,module_4
direct_coherent_all_shared_local_route,localized_only,base_0014,0,47,19770.0,module_1
direct_coherent_all_shared_local_route,localized_only,base_0014,1,0,30.0,module_4
direct_coherent_all_shared_local_route,localized_only,base_0014,1,1,450.0,module_2
direct_coherent_all_shared_local_route,localized_only,base_0014,1,2,870.0,module_1
direct_coherent_all_shared_local_route,localized_only,base_0014,1,3,1290.0,module_3
direct_coherent_all_shared_local_route,localized_only,base_0014,1,4,1710.0,module_1
direct_coherent_all_shared_local_route,localized_only,base_0014,1,5,2130.0,module_4
direct_coherent_all_shared_local_route,localized_only,base_0014,1,6,2550.0,module_3
direct_coherent_all_shared_local_route,localized_only,base_0014,1,7,2970.0,module_2
direct_coherent_all_shared_local_route,localized_only,base_0014,1,8,3390.0,module_3
direct_coherent_all_shared_local_route,localized_only,base_0014,1,9,3810.0,module_2
direct_coherent_all_shared_local_route,localized_only,base_0014,1,10,4230.0,module_1
direct_coherent_all_shared_local_route,localized_only,base_0014,1,11,4650.0,module_4
direct_coherent_all_shared_local_route,localized_only,base_0014,1,12,5070.0,module_4
direct_coherent_all_shared_local_route,localized_only,base_0014,1,13,5490.0,module_3
direct_coherent_all_shared_local_route,localized_only,base_0014,1,14,5910.0,module_1
direct_coherent_all_shared_local_route,localized_only,base_0014,1,15,6330.0,module_2
direct_coherent_all_shared_local_route,localized_only,base_0014,1,16,6750.0,module_4
direct_coherent_all_shared_local_route,localized_only,base_0014,1,17,7170.0,module_1
direct_coherent_all_shared_local_route,localized_only,base_0014,1,18,7590.0,module_3
direct_coherent_all_shared_local_route,localized_only,base_0014,1,19,8010.0,module_2
direct_coherent_all_shared_local_route,localized_only,base_0014,1,20,8430.0,module_2
direct_coherent_all_shared_local_route,localized_only,base_0014,1,21,8850.0,module_3
direct_coherent_all_shared_local_route,localized_only,base_0014,1,22,9270.0,module_4
direct_coherent_all_shared_local_route,localized_only,base_0014,1,23,9690.0,module_1
direct_coherent_all_shared_local_route,localized_only,base_0014,1,24,10110.0,module_1
direct_coherent_all_shared_local_route,localized_only,base_0014,1,25,10530.0,module_2
direct_coherent_all_shared_local_route,localized_only,base_0014,1,26,10950.0,module_3
direct_coherent_all_shared_local_route,localized_only,base_0014,1,27,11370.0,module_4
direct_coherent_all_shared_local_route,localized_only,base_0014,1,28,11790.0,module_1
direct_coherent_all_shared_local_route,localized_only,base_0014,1,29,12210.0,module_4
direct_coherent_all_shared_local_route,localized_only,base_0014,1,30,12630.0,module_3
direct_coherent_all_shared_local_route,localized_only,base_0014,1,31,13050.0,module_2
direct_coherent_all_shared_local_route,localized_only,base_0014,1,32,13470.0,module_1
direct_coherent_all_shared_local_route,localized_only,base_0014,1,33,13890.0,module_4
direct_coherent_all_shared_local_route,localized_only,base_0014,1,34,14310.0,module_2
direct_coherent_all_shared_local_route,localized_only,base_0014,1,35,14730.0,module_3
direct_coherent_all_shared_local_route,localized_only,base_0014,1,36,15150.0,module_3
direct_coherent_all_shared_local_route,localized_only,base_0014,1,37,15570.0,module_1
direct_coherent_all_shared_local_route,localized_only,base_0014,1,38,15990.0,module_2
direct_coherent_all_shared_local_route,localized_only,base_0014,1,39,16410.0,module_4
direct_coherent_all_shared_local_route,localized_only,base_0014,1,40,16830.0,module_4
direct_coherent_all_shared_local_route,localized_only,base_0014,1,41,17250.0,module_2
direct_coherent_all_shared_local_route,localized_only,base_0014,1,42,17670.0,module_1
direct_coherent_all_shared_local_route,localized_only,base_0014,1,43,18090.0,module_3
direct_coherent_all_shared_local_route,localized_only,base_0014,1,44,18510.0,module_4
direct_coherent_all_shared_local_route,localized_only,base_0014,1,45,18930.0,module_1
direct_coherent_all_shared_local_route,localized_only,base_0014,1,46,19350.0,module_2
direct_coherent_all_shared_local_route,localized_only,base_0014,1,47,19770.0,module_3
direct_coherent_all_shared_local_route,localized_only,base_0015,0,0,30.0,module_1
direct_coherent_all_shared_local_route,localized_only,base_0015,0,1,450.0,module_3
direct_coherent_all_shared_local_route,localized_only,base_0015,0,2,870.0,module_4
direct_coherent_all_shared_local_route,localized_only,base_0015,0,3,1290.0,module_2
direct_coherent_all_shared_local_route,localized_only,base_0015,0,4,1710.0,module_3
direct_coherent_all_shared_local_route,localized_only,base_0015,0,5,2130.0,module_4
direct_coherent_all_shared_local_route,localized_only,base_0015,0,6,2550.0,module_1
direct_coherent_all_shared_local_route,localized_only,base_0015,0,7,2970.0,module_2
direct_coherent_all_shared_local_route,localized_only,base_0015,0,8,3390.0,module_4
direct_coherent_all_shared_local_route,localized_only,base_0015,0,9,3810.0,module_1
direct_coherent_all_shared_local_route,localized_only,base_0015,0,10,4230.0,module_3
direct_coherent_all_shared_local_route,localized_only,base_0015,0,11,4650.0,module_2
direct_coherent_all_shared_local_route,localized_only,base_0015,0,12,5070.0,module_1
direct_coherent_all_shared_local_route,localized_only,base_0015,0,13,5490.0,module_3
direct_coherent_all_shared_local_route,localized_only,base_0015,0,14,5910.0,module_4
direct_coherent_all_shared_local_route,localized_only,base_0015,0,15,6330.0,module_2
direct_coherent_all_shared_local_route,localized_only,base_0015,0,16,6750.0,module_2
direct_coherent_all_shared_local_route,localized_only,base_0015,0,17,7170.0,module_3
direct_coherent_all_shared_local_route,localized_only,base_0015,0,18,7590.0,module_4
direct_coherent_all_shared_local_route,localized_only,base_0015,0,19,8010.0,module_1
direct_coherent_all_shared_local_route,localized_only,base_0015,0,20,8430.0,module_4
direct_coherent_all_shared_local_route,localized_only,base_0015,0,21,8850.0,module_2
direct_coherent_all_shared_local_route,localized_only,base_0015,0,22,9270.0,module_1
direct_coherent_all_shared_local_route,localized_only,base_0015,0,23,9690.0,module_3
direct_coherent_all_shared_local_route,localized_only,base_0015,0,24,10110.0,module_1
direct_coherent_all_shared_local_route,localized_only,base_0015,0,25,10530.0,module_2
direct_coherent_all_shared_local_route,localized_only,base_0015,0,26,10950.0,module_4
direct_coherent_all_shared_local_route,localized_only,base_0015,0,27,11370.0,module_3
direct_coherent_all_shared_local_route,localized_only,base_0015,0,28,11790.0,module_3
direct_coherent_all_shared_local_route,localized_only,base_0015,0,29,12210.0,module_4
direct_coherent_all_shared_local_route,localized_only,base_0015,0,30,12630.0,module_2
direct_coherent_all_shared_local_route,localized_only,base_0015,0,31,13050.0,module_1
direct_coherent_all_shared_local_route,localized_only,base_0015,0,32,13470.0,module_2
direct_coherent_all_shared_local_route,localized_only,base_0015,0,33,13890.0,module_3
direct_coherent_all_shared_local_route,localized_only,base_0015,0,34,14310.0,module_1
direct_coherent_all_shared_local_route,localized_only,base_0015,0,35,14730.0,module_4
direct_coherent_all_shared_local_route,localized_only,base_0015,0,36,15150.0,module_2
direct_coherent_all_shared_local_route,localized_only,base_0015,0,37,15570.0,module_4
direct_coherent_all_shared_local_route,localized_only,base_0015,0,38,15990.0,module_1
direct_coherent_all_shared_local_route,localized_only,base_0015,0,39,16410.0,module_3
direct_coherent_all_shared_local_route,localized_only,base_0015,0,40,16830.0,module_2
direct_coherent_all_shared_local_route,localized_only,base_0015,0,41,17250.0,module_4
direct_coherent_all_shared_local_route,localized_only,base_0015,0,42,17670.0,module_3
direct_coherent_all_shared_local_route,localized_only,base_0015,0,43,18090.0,module_1
direct_coherent_all_shared_local_route,localized_only,base_0015,0,44,18510.0,module_3
direct_coherent_all_shared_local_route,localized_only,base_0015,0,45,18930.0,module_1
direct_coherent_all_shared_local_route,localized_only,base_0015,0,46,19350.0,module_4
direct_coherent_all_shared_local_route,localized_only,base_0015,0,47,19770.0,module_2
direct_coherent_all_shared_local_route,localized_only,base_0015,1,0,30.0,module_3
direct_coherent_all_shared_local_route,localized_only,base_0015,1,1,450.0,module_2
direct_coherent_all_shared_local_route,localized_only,base_0015,1,2,870.0,module_1
direct_coherent_all_shared_local_route,localized_only,base_0015,1,3,1290.0,module_4
direct_coherent_all_shared_local_route,localized_only,base_0015,1,4,1710.0,module_4
direct_coherent_all_shared_local_route,localized_only,base_0015,1,5,2130.0,module_3
direct_coherent_all_shared_local_route,localized_only,base_0015,1,6,2550.0,module_2
direct_coherent_all_shared_local_route,localized_only,base_0015,1,7,2970.0,module_1
direct_coherent_all_shared_local_route,localized_only,base_0015,1,8,3390.0,module_3
direct_coherent_all_shared_local_route,localized_only,base_0015,1,9,3810.0,module_4
direct_coherent_all_shared_local_route,localized_only,base_0015,1,10,4230.0,module_1
direct_coherent_all_shared_local_route,localized_only,base_0015,1,11,4650.0,module_2
direct_coherent_all_shared_local_route,localized_only,base_0015,1,12,5070.0,module_4
direct_coherent_all_shared_local_route,localized_only,base_0015,1,13,5490.0,module_3
direct_coherent_all_shared_local_route,localized_only,base_0015,1,14,5910.0,module_2
direct_coherent_all_shared_local_route,localized_only,base_0015,1,15,6330.0,module_1
direct_coherent_all_shared_local_route,localized_only,base_0015,1,16,6750.0,module_4
direct_coherent_all_shared_local_route,localized_only,base_0015,1,17,7170.0,module_3
direct_coherent_all_shared_local_route,localized_only,base_0015,1,18,7590.0,module_2
direct_coherent_all_shared_local_route,localized_only,base_0015,1,19,8010.0,module_1
direct_coherent_all_shared_local_route,localized_only,base_0015,1,20,8430.0,module_3
direct_coherent_all_shared_local_route,localized_only,base_0015,1,21,8850.0,module_1
direct_coherent_all_shared_local_route,localized_only,base_0015,1,22,9270.0,module_2
direct_coherent_all_shared_local_route,localized_only,base_0015,1,23,9690.0,module_4
direct_coherent_all_shared_local_route,localized_only,base_0015,1,24,10110.0,module_3
direct_coherent_all_shared_local_route,localized_only,base_0015,1,25,10530.0,module_1
direct_coherent_all_shared_local_route,localized_only,base_0015,1,26,10950.0,module_4
direct_coherent_all_shared_local_route,localized_only,base_0015,1,27,11370.0,module_2
direct_coherent_all_shared_local_route,localized_only,base_0015,1,28,11790.0,module_3
direct_coherent_all_shared_local_route,localized_only,base_0015,1,29,12210.0,module_2
direct_coherent_all_shared_local_route,localized_only,base_0015,1,30,12630.0,module_1
direct_coherent_all_shared_local_route,localized_only,base_0015,1,31,13050.0,module_4
direct_coherent_all_shared_local_route,localized_only,base_0015,1,32,13470.0,module_1
direct_coherent_all_shared_local_route,localized_only,base_0015,1,33,13890.0,module_4
direct_coherent_all_shared_local_route,localized_only,base_0015,1,34,14310.0,module_2
direct_coherent_all_shared_local_route,localized_only,base_0015,1,35,14730.0,module_3
direct_coherent_all_shared_local_route,localized_only,base_0015,1,36,15150.0,module_3
direct_coherent_all_shared_local_route,localized_only,base_0015,1,37,15570.0,module_2
direct_coherent_all_shared_local_route,localized_only,base_0015,1,38,15990.0,module_1
direct_coherent_all_shared_local_route,localized_only,base_0015,1,39,16410.0,module_4
direct_coherent_all_shared_local_route,localized_only,base_0015,1,40,16830.0,module_2
direct_coherent_all_shared_local_route,localized_only,base_0015,1,41,17250.0,module_1
direct_coherent_all_shared_local_route,localized_only,base_0015,1,42,17670.0,module_4
direct_coherent_all_shared_local_route,localized_only,base_0015,1,43,18090.0,module_3
direct_coherent_all_shared_local_route,localized_only,base_0015,1,44,18510.0,module_3
direct_coherent_all_shared_local_route,localized_only,base_0015,1,45,18930.0,module_2
direct_coherent_all_shared_local_route,localized_only,base_0015,1,46,19350.0,module_4
direct_coherent_all_shared_local_route,localized_only,base_0015,1,47,19770.0,module_1
direct_coherent_all_shared_local_route,localized_only,base_0016,0,0,30.0,module_2
direct_coherent_all_shared_local_route,localized_only,base_0016,0,1,450.0,module_1
direct_coherent_all_shared_local_route,localized_only,base_0016,0,2,870.0,module_3
direct_coherent_all_shared_local_route,localized_only,base_0016,0,3,1290.0,module_4
direct_coherent_all_shared_local_route,localized_only,base_0016,0,4,1710.0,module_4
direct_coherent_all_shared_local_route,localized_only,base_0016,0,5,2130.0,module_3
direct_coherent_all_shared_local_route,localized_only,base_0016,0,6,2550.0,module_1
direct_coherent_all_shared_local_route,localized_only,base_0016,0,7,2970.0,module_2
direct_coherent_all_shared_local_route,localized_only,base_0016,0,8,3390.0,module_4
direct_coherent_all_shared_local_route,localized_only,base_0016,0,9,3810.0,module_1
direct_coherent_all_shared_local_route,localized_only,base_0016,0,10,4230.0,module_3
direct_coherent_all_shared_local_route,localized_only,base_0016,0,11,4650.0,module_2
direct_coherent_all_shared_local_route,localized_only,base_0016,0,12,5070.0,module_1
direct_coherent_all_shared_local_route,localized_only,base_0016,0,13,5490.0,module_3
direct_coherent_all_shared_local_route,localized_only,base_0016,0,14,5910.0,module_2
direct_coherent_all_shared_local_route,localized_only,base_0016,0,15,6330.0,module_4
direct_coherent_all_shared_local_route,localized_only,base_0016,0,16,6750.0,module_4
direct_coherent_all_shared_local_route,localized_only,base_0016,0,17,7170.0,module_3
direct_coherent_all_shared_local_route,localized_only,base_0016,0,18,7590.0,module_2
direct_coherent_all_shared_local_route,localized_only,base_0016,0,19,8010.0,module_1
direct_coherent_all_shared_local_route,localized_only,base_0016,0,20,8430.0,module_1
direct_coherent_all_shared_local_route,localized_only,base_0016,0,21,8850.0,module_4
direct_coherent_all_shared_local_route,localized_only,base_0016,0,22,9270.0,module_2
direct_coherent_all_shared_local_route,localized_only,base_0016,0,23,9690.0,module_3
direct_coherent_all_shared_local_route,localized_only,base_0016,0,24,10110.0,module_4
direct_coherent_all_shared_local_route,localized_only,base_0016,0,25,10530.0,module_1
direct_coherent_all_shared_local_route,localized_only,base_0016,0,26,10950.0,module_3
direct_coherent_all_shared_local_route,localized_only,base_0016,0,27,11370.0,module_2
direct_coherent_all_shared_local_route,localized_only,base_0016,0,28,11790.0,module_4
direct_coherent_all_shared_local_route,localized_only,base_0016,0,29,12210.0,module_2
direct_coherent_all_shared_local_route,localized_only,base_0016,0,30,12630.0,module_3
direct_coherent_all_shared_local_route,localized_only,base_0016,0,31,13050.0,module_1
direct_coherent_all_shared_local_route,localized_only,base_0016,0,32,13470.0,module_4
direct_coherent_all_shared_local_route,localized_only,base_0016,0,33,13890.0,module_2
direct_coherent_all_shared_local_route,localized_only,base_0016,0,34,14310.0,module_1
direct_coherent_all_shared_local_route,localized_only,base_0016,0,35,14730.0,module_3
direct_coherent_all_shared_local_route,localized_only,base_0016,0,36,15150.0,module_1
direct_coherent_all_shared_local_route,localized_only,base_0016,0,37,15570.0,module_3
direct_coherent_all_shared_local_route,localized_only,base_0016,0,38,15990.0,module_4
direct_coherent_all_shared_local_route,localized_only,base_0016,0,39,16410.0,module_2
direct_coherent_all_shared_local_route,localized_only,base_0016,0,40,16830.0,module_1
direct_coherent_all_shared_local_route,localized_only,base_0016,0,41,17250.0,module_3
direct_coherent_all_shared_local_route,localized_only,base_0016,0,42,17670.0,module_4
direct_coherent_all_shared_local_route,localized_only,base_0016,0,43,18090.0,module_2
direct_coherent_all_shared_local_route,localized_only,base_0016,0,44,18510.0,module_4
direct_coherent_all_shared_local_route,localized_only,base_0016,0,45,18930.0,module_3
direct_coherent_all_shared_local_route,localized_only,base_0016,0,46,19350.0,module_2
direct_coherent_all_shared_local_route,localized_only,base_0016,0,47,19770.0,module_1
direct_coherent_all_shared_local_route,localized_only,base_0016,1,0,30.0,module_3
direct_coherent_all_shared_local_route,localized_only,base_0016,1,1,450.0,module_1
direct_coherent_all_shared_local_route,localized_only,base_0016,1,2,870.0,module_2
direct_coherent_all_shared_local_route,localized_only,base_0016,1,3,1290.0,module_4
direct_coherent_all_shared_local_route,localized_only,base_0016,1,4,1710.0,module_1
direct_coherent_all_shared_local_route,localized_only,base_0016,1,5,2130.0,module_2
direct_coherent_all_shared_local_route,localized_only,base_0016,1,6,2550.0,module_4
direct_coherent_all_shared_local_route,localized_only,base_0016,1,7,2970.0,module_3
direct_coherent_all_shared_local_route,localized_only,base_0016,1,8,3390.0,module_2
direct_coherent_all_shared_local_route,localized_only,base_0016,1,9,3810.0,module_3
direct_coherent_all_shared_local_route,localized_only,base_0016,1,10,4230.0,module_1
direct_coherent_all_shared_local_route,localized_only,base_0016,1,11,4650.0,module_4
direct_coherent_all_shared_local_route,localized_only,base_0016,1,12,5070.0,module_2
direct_coherent_all_shared_local_route,localized_only,base_0016,1,13,5490.0,module_3
direct_coherent_all_shared_local_route,localized_only,base_0016,1,14,5910.0,module_4
direct_coherent_all_shared_local_route,localized_only,base_0016,1,15,6330.0,module_1
direct_coherent_all_shared_local_route,localized_only,base_0016,1,16,6750.0,module_4
direct_coherent_all_shared_local_route,localized_only,base_0016,1,17,7170.0,module_1
direct_coherent_all_shared_local_route,localized_only,base_0016,1,18,7590.0,module_3
direct_coherent_all_shared_local_route,localized_only,base_0016,1,19,8010.0,module_2
direct_coherent_all_shared_local_route,localized_only,base_0016,1,20,8430.0,module_4
direct_coherent_all_shared_local_route,localized_only,base_0016,1,21,8850.0,module_2
direct_coherent_all_shared_local_route,localized_only,base_0016,1,22,9270.0,module_3
direct_coherent_all_shared_local_route,localized_only,base_0016,1,23,9690.0,module_1
direct_coherent_all_shared_local_route,localized_only,base_0016,1,24,10110.0,module_3
direct_coherent_all_shared_local_route,localized_only,base_0016,1,25,10530.0,module_4
direct_coherent_all_shared_local_route,localized_only,base_0016,1,26,10950.0,module_1
direct_coherent_all_shared_local_route,localized_only,base_0016,1,27,11370.0,module_2
direct_coherent_all_shared_local_route,localized_only,base_0016,1,28,11790.0,module_4
direct_coherent_all_shared_local_route,localized_only,base_0016,1,29,12210.0,module_2
direct_coherent_all_shared_local_route,localized_only,base_0016,1,30,12630.0,module_3
direct_coherent_all_shared_local_route,localized_only,base_0016,1,31,13050.0,module_1
direct_coherent_all_shared_local_route,localized_only,base_0016,1,32,13470.0,module_2
direct_coherent_all_shared_local_route,localized_only,base_0016,1,33,13890.0,module_3
direct_coherent_all_shared_local_route,localized_only,base_0016,1,34,14310.0,module_1
direct_coherent_all_shared_local_route,localized_only,base_0016,1,35,14730.0,module_4
direct_coherent_all_shared_local_route,localized_only,base_0016,1,36,15150.0,module_1
direct_coherent_all_shared_local_route,localized_only,base_0016,1,37,15570.0,module_4
direct_coherent_all_shared_local_route,localized_only,base_0016,1,38,15990.0,module_2
direct_coherent_all_shared_local_route,localized_only,base_0016,1,39,16410.0,module_3
direct_coherent_all_shared_local_route,localized_only,base_0016,1,40,16830.0,module_2
direct_coherent_all_shared_local_route,localized_only,base_0016,1,41,17250.0,module_3
direct_coherent_all_shared_local_route,localized_only,base_0016,1,42,17670.0,module_1
direct_coherent_all_shared_local_route,localized_only,base_0016,1,43,18090.0,module_4
direct_coherent_all_shared_local_route,localized_only,base_0016,1,44,18510.0,module_2
direct_coherent_all_shared_local_route,localized_only,base_0016,1,45,18930.0,module_1
direct_coherent_all_shared_local_route,localized_only,base_0016,1,46,19350.0,module_3
direct_coherent_all_shared_local_route,localized_only,base_0016,1,47,19770.0,module_4
direct_coherent_all_shared_local_route,localized_only,base_0017,0,0,30.0,module_3
direct_coherent_all_shared_local_route,localized_only,base_0017,0,1,450.0,module_1
direct_coherent_all_shared_local_route,localized_only,base_0017,0,2,870.0,module_2
direct_coherent_all_shared_local_route,localized_only,base_0017,0,3,1290.0,module_4
direct_coherent_all_shared_local_route,localized_only,base_0017,0,4,1710.0,module_3
direct_coherent_all_shared_local_route,localized_only,base_0017,0,5,2130.0,module_4
direct_coherent_all_shared_local_route,localized_only,base_0017,0,6,2550.0,module_1
direct_coherent_all_shared_local_route,localized_only,base_0017,0,7,2970.0,module_2
direct_coherent_all_shared_local_route,localized_only,base_0017,0,8,3390.0,module_3
direct_coherent_all_shared_local_route,localized_only,base_0017,0,9,3810.0,module_1
direct_coherent_all_shared_local_route,localized_only,base_0017,0,10,4230.0,module_2
direct_coherent_all_shared_local_route,localized_only,base_0017,0,11,4650.0,module_4
direct_coherent_all_shared_local_route,localized_only,base_0017,0,12,5070.0,module_3
direct_coherent_all_shared_local_route,localized_only,base_0017,0,13,5490.0,module_4
direct_coherent_all_shared_local_route,localized_only,base_0017,0,14,5910.0,module_2
direct_coherent_all_shared_local_route,localized_only,base_0017,0,15,6330.0,module_1
direct_coherent_all_shared_local_route,localized_only,base_0017,0,16,6750.0,module_3
direct_coherent_all_shared_local_route,localized_only,base_0017,0,17,7170.0,module_2
direct_coherent_all_shared_local_route,localized_only,base_0017,0,18,7590.0,module_4
direct_coherent_all_shared_local_route,localized_only,base_0017,0,19,8010.0,module_1
direct_coherent_all_shared_local_route,localized_only,base_0017,0,20,8430.0,module_3
direct_coherent_all_shared_local_route,localized_only,base_0017,0,21,8850.0,module_4
direct_coherent_all_shared_local_route,localized_only,base_0017,0,22,9270.0,module_1
direct_coherent_all_shared_local_route,localized_only,base_0017,0,23,9690.0,module_2
direct_coherent_all_shared_local_route,localized_only,base_0017,0,24,10110.0,module_4
direct_coherent_all_shared_local_route,localized_only,base_0017,0,25,10530.0,module_2
direct_coherent_all_shared_local_route,localized_only,base_0017,0,26,10950.0,module_3
direct_coherent_all_shared_local_route,localized_only,base_0017,0,27,11370.0,module_1
direct_coherent_all_shared_local_route,localized_only,base_0017,0,28,11790.0,module_3
direct_coherent_all_shared_local_route,localized_only,base_0017,0,29,12210.0,module_1
direct_coherent_all_shared_local_route,localized_only,base_0017,0,30,12630.0,module_2
direct_coherent_all_shared_local_route,localized_only,base_0017,0,31,13050.0,module_4
direct_coherent_all_shared_local_route,localized_only,base_0017,0,32,13470.0,module_3
direct_coherent_all_shared_local_route,localized_only,base_0017,0,33,13890.0,module_4
direct_coherent_all_shared_local_route,localized_only,base_0017,0,34,14310.0,module_2
direct_coherent_all_shared_local_route,localized_only,base_0017,0,35,14730.0,module_1
direct_coherent_all_shared_local_route,localized_only,base_0017,0,36,15150.0,module_2
direct_coherent_all_shared_local_route,localized_only,base_0017,0,37,15570.0,module_3
direct_coherent_all_shared_local_route,localized_only,base_0017,0,38,15990.0,module_1
direct_coherent_all_shared_local_route,localized_only,base_0017,0,39,16410.0,module_4
direct_coherent_all_shared_local_route,localized_only,base_0017,0,40,16830.0,module_1
direct_coherent_all_shared_local_route,localized_only,base_0017,0,41,17250.0,module_2
direct_coherent_all_shared_local_route,localized_only,base_0017,0,42,17670.0,module_4
direct_coherent_all_shared_local_route,localized_only,base_0017,0,43,18090.0,module_3
direct_coherent_all_shared_local_route,localized_only,base_0017,0,44,18510.0,module_2
direct_coherent_all_shared_local_route,localized_only,base_0017,0,45,18930.0,module_1
direct_coherent_all_shared_local_route,localized_only,base_0017,0,46,19350.0,module_3
direct_coherent_all_shared_local_route,localized_only,base_0017,0,47,19770.0,module_4
direct_coherent_all_shared_local_route,localized_only,base_0017,1,0,30.0,module_2
direct_coherent_all_shared_local_route,localized_only,base_0017,1,1,450.0,module_4
direct_coherent_all_shared_local_route,localized_only,base_0017,1,2,870.0,module_3
direct_coherent_all_shared_local_route,localized_only,base_0017,1,3,1290.0,module_1
direct_coherent_all_shared_local_route,localized_only,base_0017,1,4,1710.0,module_1
direct_coherent_all_shared_local_route,localized_only,base_0017,1,5,2130.0,module_4
direct_coherent_all_shared_local_route,localized_only,base_0017,1,6,2550.0,module_2
direct_coherent_all_shared_local_route,localized_only,base_0017,1,7,2970.0,module_3
direct_coherent_all_shared_local_route,localized_only,base_0017,1,8,3390.0,module_4
direct_coherent_all_shared_local_route,localized_only,base_0017,1,9,3810.0,module_2
direct_coherent_all_shared_local_route,localized_only,base_0017,1,10,4230.0,module_1
direct_coherent_all_shared_local_route,localized_only,base_0017,1,11,4650.0,module_3
direct_coherent_all_shared_local_route,localized_only,base_0017,1,12,5070.0,module_4
direct_coherent_all_shared_local_route,localized_only,base_0017,1,13,5490.0,module_2
direct_coherent_all_shared_local_route,localized_only,base_0017,1,14,5910.0,module_3
direct_coherent_all_shared_local_route,localized_only,base_0017,1,15,6330.0,module_1
direct_coherent_all_shared_local_route,localized_only,base_0017,1,16,6750.0,module_4
direct_coherent_all_shared_local_route,localized_only,base_0017,1,17,7170.0,module_1
direct_coherent_all_shared_local_route,localized_only,base_0017,1,18,7590.0,module_2
direct_coherent_all_shared_local_route,localized_only,base_0017,1,19,8010.0,module_3
direct_coherent_all_shared_local_route,localized_only,base_0017,1,20,8430.0,module_4
direct_coherent_all_shared_local_route,localized_only,base_0017,1,21,8850.0,module_1
direct_coherent_all_shared_local_route,localized_only,base_0017,1,22,9270.0,module_2
direct_coherent_all_shared_local_route,localized_only,base_0017,1,23,9690.0,module_3
direct_coherent_all_shared_local_route,localized_only,base_0017,1,24,10110.0,module_4
direct_coherent_all_shared_local_route,localized_only,base_0017,1,25,10530.0,module_1
direct_coherent_all_shared_local_route,localized_only,base_0017,1,26,10950.0,module_3
direct_coherent_all_shared_local_route,localized_only,base_0017,1,27,11370.0,module_2
direct_coherent_all_shared_local_route,localized_only,base_0017,1,28,11790.0,module_1
direct_coherent_all_shared_local_route,localized_only,base_0017,1,29,12210.0,module_4
direct_coherent_all_shared_local_route,localized_only,base_0017,1,30,12630.0,module_2
direct_coherent_all_shared_local_route,localized_only,base_0017,1,31,13050.0,module_3
direct_coherent_all_shared_local_route,localized_only,base_0017,1,32,13470.0,module_2
direct_coherent_all_shared_local_route,localized_only,base_0017,1,33,13890.0,module_4
direct_coherent_all_shared_local_route,localized_only,base_0017,1,34,14310.0,module_3
direct_coherent_all_shared_local_route,localized_only,base_0017,1,35,14730.0,module_1
direct_coherent_all_shared_local_route,localized_only,base_0017,1,36,15150.0,module_2
direct_coherent_all_shared_local_route,localized_only,base_0017,1,37,15570.0,module_1
direct_coherent_all_shared_local_route,localized_only,base_0017,1,38,15990.0,module_4
direct_coherent_all_shared_local_route,localized_only,base_0017,1,39,16410.0,module_3
direct_coherent_all_shared_local_route,localized_only,base_0017,1,40,16830.0,module_3
direct_coherent_all_shared_local_route,localized_only,base_0017,1,41,17250.0,module_2
direct_coherent_all_shared_local_route,localized_only,base_0017,1,42,17670.0,module_1
direct_coherent_all_shared_local_route,localized_only,base_0017,1,43,18090.0,module_4
direct_coherent_all_shared_local_route,localized_only,base_0017,1,44,18510.0,module_4
direct_coherent_all_shared_local_route,localized_only,base_0017,1,45,18930.0,module_2
direct_coherent_all_shared_local_route,localized_only,base_0017,1,46,19350.0,module_3
direct_coherent_all_shared_local_route,localized_only,base_0017,1,47,19770.0,module_1
direct_coherent_all_shared_local_route,hybrid_local_global,base_0000,0,0,30.0,module_4
direct_coherent_all_shared_local_route,hybrid_local_global,base_0000,0,1,450.0,module_3
direct_coherent_all_shared_local_route,hybrid_local_global,base_0000,0,2,870.0,module_1
direct_coherent_all_shared_local_route,hybrid_local_global,base_0000,0,3,1290.0,module_2
direct_coherent_all_shared_local_route,hybrid_local_global,base_0000,0,4,1710.0,module_4
direct_coherent_all_shared_local_route,hybrid_local_global,base_0000,0,5,2130.0,module_3
direct_coherent_all_shared_local_route,hybrid_local_global,base_0000,0,6,2550.0,module_1
direct_coherent_all_shared_local_route,hybrid_local_global,base_0000,0,7,2970.0,module_2
direct_coherent_all_shared_local_route,hybrid_local_global,base_0000,0,8,3390.0,module_1
direct_coherent_all_shared_local_route,hybrid_local_global,base_0000,0,9,3810.0,module_4
direct_coherent_all_shared_local_route,hybrid_local_global,base_0000,0,10,4230.0,module_3
direct_coherent_all_shared_local_route,hybrid_local_global,base_0000,0,11,4650.0,module_2
direct_coherent_all_shared_local_route,hybrid_local_global,base_0000,0,12,5070.0,module_2
direct_coherent_all_shared_local_route,hybrid_local_global,base_0000,0,13,5490.0,module_1
direct_coherent_all_shared_local_route,hybrid_local_global,base_0000,0,14,5910.0,module_3
direct_coherent_all_shared_local_route,hybrid_local_global,base_0000,0,15,6330.0,module_4
direct_coherent_all_shared_local_route,hybrid_local_global,base_0000,0,16,6750.0,module_4
direct_coherent_all_shared_local_route,hybrid_local_global,base_0000,0,17,7170.0,module_2
direct_coherent_all_shared_local_route,hybrid_local_global,base_0000,0,18,7590.0,module_3
direct_coherent_all_shared_local_route,hybrid_local_global,base_0000,0,19,8010.0,module_1
direct_coherent_all_shared_local_route,hybrid_local_global,base_0000,0,20,8430.0,module_4
direct_coherent_all_shared_local_route,hybrid_local_global,base_0000,0,21,8850.0,module_3
direct_coherent_all_shared_local_route,hybrid_local_global,base_0000,0,22,9270.0,module_2
direct_coherent_all_shared_local_route,hybrid_local_global,base_0000,0,23,9690.0,module_1
direct_coherent_all_shared_local_route,hybrid_local_global,base_0000,0,24,10110.0,module_2
direct_coherent_all_shared_local_route,hybrid_local_global,base_0000,0,25,10530.0,module_1
direct_coherent_all_shared_local_route,hybrid_local_global,base_0000,0,26,10950.0,module_3
direct_coherent_all_shared_local_route,hybrid_local_global,base_0000,0,27,11370.0,module_4
direct_coherent_all_shared_local_route,hybrid_local_global,base_0000,0,28,11790.0,module_3
direct_coherent_all_shared_local_route,hybrid_local_global,base_0000,0,29,12210.0,module_2
direct_coherent_all_shared_local_route,hybrid_local_global,base_0000,0,30,12630.0,module_4
direct_coherent_all_shared_local_route,hybrid_local_global,base_0000,0,31,13050.0,module_1
direct_coherent_all_shared_local_route,hybrid_local_global,base_0000,0,32,13470.0,module_4
direct_coherent_all_shared_local_route,hybrid_local_global,base_0000,0,33,13890.0,module_2
direct_coherent_all_shared_local_route,hybrid_local_global,base_0000,0,34,14310.0,module_3
direct_coherent_all_shared_local_route,hybrid_local_global,base_0000,0,35,14730.0,module_1
direct_coherent_all_shared_local_route,hybrid_local_global,base_0000,0,36,15150.0,module_3
direct_coherent_all_shared_local_route,hybrid_local_global,base_0000,0,37,15570.0,module_4
direct_coherent_all_shared_local_route,hybrid_local_global,base_0000,0,38,15990.0,module_2
direct_coherent_all_shared_local_route,hybrid_local_global,base_0000,0,39,16410.0,module_1
direct_coherent_all_shared_local_route,hybrid_local_global,base_0000,0,40,16830.0,module_1
direct_coherent_all_shared_local_route,hybrid_local_global,base_0000,0,41,17250.0,module_4
direct_coherent_all_shared_local_route,hybrid_local_global,base_0000,0,42,17670.0,module_3
direct_coherent_all_shared_local_route,hybrid_local_global,base_0000,0,43,18090.0,module_2
direct_coherent_all_shared_local_route,hybrid_local_global,base_0000,0,44,18510.0,module_3
direct_coherent_all_shared_local_route,hybrid_local_global,base_0000,0,45,18930.0,module_2
direct_coherent_all_shared_local_route,hybrid_local_global,base_0000,0,46,19350.0,module_1
direct_coherent_all_shared_local_route,hybrid_local_global,base_0000,0,47,19770.0,module_4
direct_coherent_all_shared_local_route,hybrid_local_global,base_0000,1,0,30.0,module_1
direct_coherent_all_shared_local_route,hybrid_local_global,base_0000,1,1,450.0,module_3
direct_coherent_all_shared_local_route,hybrid_local_global,base_0000,1,2,870.0,module_4
direct_coherent_all_shared_local_route,hybrid_local_global,base_0000,1,3,1290.0,module_2
direct_coherent_all_shared_local_route,hybrid_local_global,base_0000,1,4,1710.0,module_3
direct_coherent_all_shared_local_route,hybrid_local_global,base_0000,1,5,2130.0,module_2
direct_coherent_all_shared_local_route,hybrid_local_global,base_0000,1,6,2550.0,module_4
direct_coherent_all_shared_local_route,hybrid_local_global,base_0000,1,7,2970.0,module_1
direct_coherent_all_shared_local_route,hybrid_local_global,base_0000,1,8,3390.0,module_1
direct_coherent_all_shared_local_route,hybrid_local_global,base_0000,1,9,3810.0,module_3
direct_coherent_all_shared_local_route,hybrid_local_global,base_0000,1,10,4230.0,module_2
direct_coherent_all_shared_local_route,hybrid_local_global,base_0000,1,11,4650.0,module_4
direct_coherent_all_shared_local_route,hybrid_local_global,base_0000,1,12,5070.0,module_2
direct_coherent_all_shared_local_route,hybrid_local_global,base_0000,1,13,5490.0,module_3
direct_coherent_all_shared_local_route,hybrid_local_global,base_0000,1,14,5910.0,module_4
direct_coherent_all_shared_local_route,hybrid_local_global,base_0000,1,15,6330.0,module_1
direct_coherent_all_shared_local_route,hybrid_local_global,base_0000,1,16,6750.0,module_2
direct_coherent_all_shared_local_route,hybrid_local_global,base_0000,1,17,7170.0,module_3
direct_coherent_all_shared_local_route,hybrid_local_global,base_0000,1,18,7590.0,module_1
direct_coherent_all_shared_local_route,hybrid_local_global,base_0000,1,19,8010.0,module_4
direct_coherent_all_shared_local_route,hybrid_local_global,base_0000,1,20,8430.0,module_4
direct_coherent_all_shared_local_route,hybrid_local_global,base_0000,1,21,8850.0,module_1
direct_coherent_all_shared_local_route,hybrid_local_global,base_0000,1,22,9270.0,module_3
direct_coherent_all_shared_local_route,hybrid_local_global,base_0000,1,23,9690.0,module_2
direct_coherent_all_shared_local_route,hybrid_local_global,base_0000,1,24,10110.0,module_4
direct_coherent_all_shared_local_route,hybrid_local_global,base_0000,1,25,10530.0,module_2
direct_coherent_all_shared_local_route,hybrid_local_global,base_0000,1,26,10950.0,module_3
direct_coherent_all_shared_local_route,hybrid_local_global,base_0000,1,27,11370.0,module_1
direct_coherent_all_shared_local_route,hybrid_local_global,base_0000,1,28,11790.0,module_1
direct_coherent_all_shared_local_route,hybrid_local_global,base_0000,1,29,12210.0,module_2
direct_coherent_all_shared_local_route,hybrid_local_global,base_0000,1,30,12630.0,module_3
direct_coherent_all_shared_local_route,hybrid_local_global,base_0000,1,31,13050.0,module_4
direct_coherent_all_shared_local_route,hybrid_local_global,base_0000,1,32,13470.0,module_3
direct_coherent_all_shared_local_route,hybrid_local_global,base_0000,1,33,13890.0,module_1
direct_coherent_all_shared_local_route,hybrid_local_global,base_0000,1,34,14310.0,module_2
direct_coherent_all_shared_local_route,hybrid_local_global,base_0000,1,35,14730.0,module_4
direct_coherent_all_shared_local_route,hybrid_local_global,base_0000,1,36,15150.0,module_3
direct_coherent_all_shared_local_route,hybrid_local_global,base_0000,1,37,15570.0,module_2
direct_coherent_all_shared_local_route,hybrid_local_global,base_0000,1,38,15990.0,module_1
direct_coherent_all_shared_local_route,hybrid_local_global,base_0000,1,39,16410.0,module_4
direct_coherent_all_shared_local_route,hybrid_local_global,base_0000,1,40,16830.0,module_3
direct_coherent_all_shared_local_route,hybrid_local_global,base_0000,1,41,17250.0,module_2
direct_coherent_all_shared_local_route,hybrid_local_global,base_0000,1,42,17670.0,module_1
direct_coherent_all_shared_local_route,hybrid_local_global,base_0000,1,43,18090.0,module_4
direct_coherent_all_shared_local_route,hybrid_local_global,base_0000,1,44,18510.0,module_1
direct_coherent_all_shared_local_route,hybrid_local_global,base_0000,1,45,18930.0,module_4
direct_coherent_all_shared_local_route,hybrid_local_global,base_0000,1,46,19350.0,module_2
direct_coherent_all_shared_local_route,hybrid_local_global,base_0000,1,47,19770.0,module_3
direct_coherent_all_shared_local_route,hybrid_local_global,base_0001,0,0,30.0,module_3
direct_coherent_all_shared_local_route,hybrid_local_global,base_0001,0,1,450.0,module_1
direct_coherent_all_shared_local_route,hybrid_local_global,base_0001,0,2,870.0,module_2
direct_coherent_all_shared_local_route,hybrid_local_global,base_0001,0,3,1290.0,module_4
direct_coherent_all_shared_local_route,hybrid_local_global,base_0001,0,4,1710.0,module_2
direct_coherent_all_shared_local_route,hybrid_local_global,base_0001,0,5,2130.0,module_4
direct_coherent_all_shared_local_route,hybrid_local_global,base_0001,0,6,2550.0,module_1
direct_coherent_all_shared_local_route,hybrid_local_global,base_0001,0,7,2970.0,module_3
direct_coherent_all_shared_local_route,hybrid_local_global,base_0001,0,8,3390.0,module_4
direct_coherent_all_shared_local_route,hybrid_local_global,base_0001,0,9,3810.0,module_3
direct_coherent_all_shared_local_route,hybrid_local_global,base_0001,0,10,4230.0,module_2
direct_coherent_all_shared_local_route,hybrid_local_global,base_0001,0,11,4650.0,module_1
direct_coherent_all_shared_local_route,hybrid_local_global,base_0001,0,12,5070.0,module_4
direct_coherent_all_shared_local_route,hybrid_local_global,base_0001,0,13,5490.0,module_2
direct_coherent_all_shared_local_route,hybrid_local_global,base_0001,0,14,5910.0,module_1
direct_coherent_all_shared_local_route,hybrid_local_global,base_0001,0,15,6330.0,module_3
direct_coherent_all_shared_local_route,hybrid_local_global,base_0001,0,16,6750.0,module_3
direct_coherent_all_shared_local_route,hybrid_local_global,base_0001,0,17,7170.0,module_1
direct_coherent_all_shared_local_route,hybrid_local_global,base_0001,0,18,7590.0,module_4
direct_coherent_all_shared_local_route,hybrid_local_global,base_0001,0,19,8010.0,module_2
direct_coherent_all_shared_local_route,hybrid_local_global,base_0001,0,20,8430.0,module_3
direct_coherent_all_shared_local_route,hybrid_local_global,base_0001,0,21,8850.0,module_2
direct_coherent_all_shared_local_route,hybrid_local_global,base_0001,0,22,9270.0,module_4
direct_coherent_all_shared_local_route,hybrid_local_global,base_0001,0,23,9690.0,module_1
direct_coherent_all_shared_local_route,hybrid_local_global,base_0001,0,24,10110.0,module_3
direct_coherent_all_shared_local_route,hybrid_local_global,base_0001,0,25,10530.0,module_1
direct_coherent_all_shared_local_route,hybrid_local_global,base_0001,0,26,10950.0,module_2
direct_coherent_all_shared_local_route,hybrid_local_global,base_0001,0,27,11370.0,module_4
direct_coherent_all_shared_local_route,hybrid_local_global,base_0001,0,28,11790.0,module_1
direct_coherent_all_shared_local_route,hybrid_local_global,base_0001,0,29,12210.0,module_3
direct_coherent_all_shared_local_route,hybrid_local_global,base_0001,0,30,12630.0,module_4
direct_coherent_all_shared_local_route,hybrid_local_global,base_0001,0,31,13050.0,module_2
direct_coherent_all_shared_local_route,hybrid_local_global,base_0001,0,32,13470.0,module_4
direct_coherent_all_shared_local_route,hybrid_local_global,base_0001,0,33,13890.0,module_1
direct_coherent_all_shared_local_route,hybrid_local_global,base_0001,0,34,14310.0,module_2
direct_coherent_all_shared_local_route,hybrid_local_global,base_0001,0,35,14730.0,module_3
direct_coherent_all_shared_local_route,hybrid_local_global,base_0001,0,36,15150.0,module_1
direct_coherent_all_shared_local_route,hybrid_local_global,base_0001,0,37,15570.0,module_4
direct_coherent_all_shared_local_route,hybrid_local_global,base_0001,0,38,15990.0,module_3
direct_coherent_all_shared_local_route,hybrid_local_global,base_0001,0,39,16410.0,module_2
direct_coherent_all_shared_local_route,hybrid_local_global,base_0001,0,40,16830.0,module_1
direct_coherent_all_shared_local_route,hybrid_local_global,base_0001,0,41,17250.0,module_3
direct_coherent_all_shared_local_route,hybrid_local_global,base_0001,0,42,17670.0,module_4
direct_coherent_all_shared_local_route,hybrid_local_global,base_0001,0,43,18090.0,module_2
direct_coherent_all_shared_local_route,hybrid_local_global,base_0001,0,44,18510.0,module_1
direct_coherent_all_shared_local_route,hybrid_local_global,base_0001,0,45,18930.0,module_3
direct_coherent_all_shared_local_route,hybrid_local_global,base_0001,0,46,19350.0,module_2
direct_coherent_all_shared_local_route,hybrid_local_global,base_0001,0,47,19770.0,module_4
direct_coherent_all_shared_local_route,hybrid_local_global,base_0001,1,0,30.0,module_3
direct_coherent_all_shared_local_route,hybrid_local_global,base_0001,1,1,450.0,module_4
direct_coherent_all_shared_local_route,hybrid_local_global,base_0001,1,2,870.0,module_2
direct_coherent_all_shared_local_route,hybrid_local_global,base_0001,1,3,1290.0,module_1
direct_coherent_all_shared_local_route,hybrid_local_global,base_0001,1,4,1710.0,module_3
direct_coherent_all_shared_local_route,hybrid_local_global,base_0001,1,5,2130.0,module_1
direct_coherent_all_shared_local_route,hybrid_local_global,base_0001,1,6,2550.0,module_4
direct_coherent_all_shared_local_route,hybrid_local_global,base_0001,1,7,2970.0,module_2
direct_coherent_all_shared_local_route,hybrid_local_global,base_0001,1,8,3390.0,module_1
direct_coherent_all_shared_local_route,hybrid_local_global,base_0001,1,9,3810.0,module_3
direct_coherent_all_shared_local_route,hybrid_local_global,base_0001,1,10,4230.0,module_2
direct_coherent_all_shared_local_route,hybrid_local_global,base_0001,1,11,4650.0,module_4
direct_coherent_all_shared_local_route,hybrid_local_global,base_0001,1,12,5070.0,module_1
direct_coherent_all_shared_local_route,hybrid_local_global,base_0001,1,13,5490.0,module_3
direct_coherent_all_shared_local_route,hybrid_local_global,base_0001,1,14,5910.0,module_2
direct_coherent_all_shared_local_route,hybrid_local_global,base_0001,1,15,6330.0,module_4
direct_coherent_all_shared_local_route,hybrid_local_global,base_0001,1,16,6750.0,module_4
direct_coherent_all_shared_local_route,hybrid_local_global,base_0001,1,17,7170.0,module_2
direct_coherent_all_shared_local_route,hybrid_local_global,base_0001,1,18,7590.0,module_1
direct_coherent_all_shared_local_route,hybrid_local_global,base_0001,1,19,8010.0,module_3
direct_coherent_all_shared_local_route,hybrid_local_global,base_0001,1,20,8430.0,module_3
direct_coherent_all_shared_local_route,hybrid_local_global,base_0001,1,21,8850.0,module_2
direct_coherent_all_shared_local_route,hybrid_local_global,base_0001,1,22,9270.0,module_1
direct_coherent_all_shared_local_route,hybrid_local_global,base_0001,1,23,9690.0,module_4
direct_coherent_all_shared_local_route,hybrid_local_global,base_0001,1,24,10110.0,module_1
direct_coherent_all_shared_local_route,hybrid_local_global,base_0001,1,25,10530.0,module_4
direct_coherent_all_shared_local_route,hybrid_local_global,base_0001,1,26,10950.0,module_3
direct_coherent_all_shared_local_route,hybrid_local_global,base_0001,1,27,11370.0,module_2
direct_coherent_all_shared_local_route,hybrid_local_global,base_0001,1,28,11790.0,module_3
direct_coherent_all_shared_local_route,hybrid_local_global,base_0001,1,29,12210.0,module_1
direct_coherent_all_shared_local_route,hybrid_local_global,base_0001,1,30,12630.0,module_4
direct_coherent_all_shared_local_route,hybrid_local_global,base_0001,1,31,13050.0,module_2
direct_coherent_all_shared_local_route,hybrid_local_global,base_0001,1,32,13470.0,module_2
direct_coherent_all_shared_local_route,hybrid_local_global,base_0001,1,33,13890.0,module_4
direct_coherent_all_shared_local_route,hybrid_local_global,base_0001,1,34,14310.0,module_3
direct_coherent_all_shared_local_route,hybrid_local_global,base_0001,1,35,14730.0,module_1
direct_coherent_all_shared_local_route,hybrid_local_global,base_0001,1,36,15150.0,module_1
direct_coherent_all_shared_local_route,hybrid_local_global,base_0001,1,37,15570.0,module_4
direct_coherent_all_shared_local_route,hybrid_local_global,base_0001,1,38,15990.0,module_3
direct_coherent_all_shared_local_route,hybrid_local_global,base_0001,1,39,16410.0,module_2
direct_coherent_all_shared_local_route,hybrid_local_global,base_0001,1,40,16830.0,module_4
direct_coherent_all_shared_local_route,hybrid_local_global,base_0001,1,41,17250.0,module_3
direct_coherent_all_shared_local_route,hybrid_local_global,base_0001,1,42,17670.0,module_1
direct_coherent_all_shared_local_route,hybrid_local_global,base_0001,1,43,18090.0,module_2
direct_coherent_all_shared_local_route,hybrid_local_global,base_0001,1,44,18510.0,module_1
direct_coherent_all_shared_local_route,hybrid_local_global,base_0001,1,45,18930.0,module_4
direct_coherent_all_shared_local_route,hybrid_local_global,base_0001,1,46,19350.0,module_2
direct_coherent_all_shared_local_route,hybrid_local_global,base_0001,1,47,19770.0,module_3
direct_coherent_all_shared_local_route,hybrid_local_global,base_0002,0,0,30.0,module_2
direct_coherent_all_shared_local_route,hybrid_local_global,base_0002,0,1,450.0,module_1
direct_coherent_all_shared_local_route,hybrid_local_global,base_0002,0,2,870.0,module_3
direct_coherent_all_shared_local_route,hybrid_local_global,base_0002,0,3,1290.0,module_4
direct_coherent_all_shared_local_route,hybrid_local_global,base_0002,0,4,1710.0,module_4
direct_coherent_all_shared_local_route,hybrid_local_global,base_0002,0,5,2130.0,module_2
direct_coherent_all_shared_local_route,hybrid_local_global,base_0002,0,6,2550.0,module_3
direct_coherent_all_shared_local_route,hybrid_local_global,base_0002,0,7,2970.0,module_1
direct_coherent_all_shared_local_route,hybrid_local_global,base_0002,0,8,3390.0,module_3
direct_coherent_all_shared_local_route,hybrid_local_global,base_0002,0,9,3810.0,module_4
direct_coherent_all_shared_local_route,hybrid_local_global,base_0002,0,10,4230.0,module_1
direct_coherent_all_shared_local_route,hybrid_local_global,base_0002,0,11,4650.0,module_2
direct_coherent_all_shared_local_route,hybrid_local_global,base_0002,0,12,5070.0,module_2
direct_coherent_all_shared_local_route,hybrid_local_global,base_0002,0,13,5490.0,module_1
direct_coherent_all_shared_local_route,hybrid_local_global,base_0002,0,14,5910.0,module_3
direct_coherent_all_shared_local_route,hybrid_local_global,base_0002,0,15,6330.0,module_4
direct_coherent_all_shared_local_route,hybrid_local_global,base_0002,0,16,6750.0,module_1
direct_coherent_all_shared_local_route,hybrid_local_global,base_0002,0,17,7170.0,module_3
direct_coherent_all_shared_local_route,hybrid_local_global,base_0002,0,18,7590.0,module_2
direct_coherent_all_shared_local_route,hybrid_local_global,base_0002,0,19,8010.0,module_4
direct_coherent_all_shared_local_route,hybrid_local_global,base_0002,0,20,8430.0,module_2
direct_coherent_all_shared_local_route,hybrid_local_global,base_0002,0,21,8850.0,module_4
direct_coherent_all_shared_local_route,hybrid_local_global,base_0002,0,22,9270.0,module_1
direct_coherent_all_shared_local_route,hybrid_local_global,base_0002,0,23,9690.0,module_3
direct_coherent_all_shared_local_route,hybrid_local_global,base_0002,0,24,10110.0,module_1
direct_coherent_all_shared_local_route,hybrid_local_global,base_0002,0,25,10530.0,module_4
direct_coherent_all_shared_local_route,hybrid_local_global,base_0002,0,26,10950.0,module_3
direct_coherent_all_shared_local_route,hybrid_local_global,base_0002,0,27,11370.0,module_2
direct_coherent_all_shared_local_route,hybrid_local_global,base_0002,0,28,11790.0,module_4
direct_coherent_all_shared_local_route,hybrid_local_global,base_0002,0,29,12210.0,module_3
direct_coherent_all_shared_local_route,hybrid_local_global,base_0002,0,30,12630.0,module_1
direct_coherent_all_shared_local_route,hybrid_local_global,base_0002,0,31,13050.0,module_2
direct_coherent_all_shared_local_route,hybrid_local_global,base_0002,0,32,13470.0,module_4
direct_coherent_all_shared_local_route,hybrid_local_global,base_0002,0,33,13890.0,module_1
direct_coherent_all_shared_local_route,hybrid_local_global,base_0002,0,34,14310.0,module_2
direct_coherent_all_shared_local_route,hybrid_local_global,base_0002,0,35,14730.0,module_3
direct_coherent_all_shared_local_route,hybrid_local_global,base_0002,0,36,15150.0,module_3
direct_coherent_all_shared_local_route,hybrid_local_global,base_0002,0,37,15570.0,module_1
direct_coherent_all_shared_local_route,hybrid_local_global,base_0002,0,38,15990.0,module_2
direct_coherent_all_shared_local_route,hybrid_local_global,base_0002,0,39,16410.0,module_4
direct_coherent_all_shared_local_route,hybrid_local_global,base_0002,0,40,16830.0,module_3
direct_coherent_all_shared_local_route,hybrid_local_global,base_0002,0,41,17250.0,module_4
direct_coherent_all_shared_local_route,hybrid_local_global,base_0002,0,42,17670.0,module_1
direct_coherent_all_shared_local_route,hybrid_local_global,base_0002,0,43,18090.0,module_2
direct_coherent_all_shared_local_route,hybrid_local_global,base_0002,0,44,18510.0,module_2
direct_coherent_all_shared_local_route,hybrid_local_global,base_0002,0,45,18930.0,module_3
direct_coherent_all_shared_local_route,hybrid_local_global,base_0002,0,46,19350.0,module_4
direct_coherent_all_shared_local_route,hybrid_local_global,base_0002,0,47,19770.0,module_1
direct_coherent_all_shared_local_route,hybrid_local_global,base_0002,1,0,30.0,module_2
direct_coherent_all_shared_local_route,hybrid_local_global,base_0002,1,1,450.0,module_3
direct_coherent_all_shared_local_route,hybrid_local_global,base_0002,1,2,870.0,module_1
direct_coherent_all_shared_local_route,hybrid_local_global,base_0002,1,3,1290.0,module_4
direct_coherent_all_shared_local_route,hybrid_local_global,base_0002,1,4,1710.0,module_3
direct_coherent_all_shared_local_route,hybrid_local_global,base_0002,1,5,2130.0,module_1
direct_coherent_all_shared_local_route,hybrid_local_global,base_0002,1,6,2550.0,module_4
direct_coherent_all_shared_local_route,hybrid_local_global,base_0002,1,7,2970.0,module_2
direct_coherent_all_shared_local_route,hybrid_local_global,base_0002,1,8,3390.0,module_4
direct_coherent_all_shared_local_route,hybrid_local_global,base_0002,1,9,3810.0,module_3
direct_coherent_all_shared_local_route,hybrid_local_global,base_0002,1,10,4230.0,module_1
direct_coherent_all_shared_local_route,hybrid_local_global,base_0002,1,11,4650.0,module_2
direct_coherent_all_shared_local_route,hybrid_local_global,base_0002,1,12,5070.0,module_3
direct_coherent_all_shared_local_route,hybrid_local_global,base_0002,1,13,5490.0,module_2
direct_coherent_all_shared_local_route,hybrid_local_global,base_0002,1,14,5910.0,module_1
direct_coherent_all_shared_local_route,hybrid_local_global,base_0002,1,15,6330.0,module_4
direct_coherent_all_shared_local_route,hybrid_local_global,base_0002,1,16,6750.0,module_3
direct_coherent_all_shared_local_route,hybrid_local_global,base_0002,1,17,7170.0,module_2
direct_coherent_all_shared_local_route,hybrid_local_global,base_0002,1,18,7590.0,module_4
direct_coherent_all_shared_local_route,hybrid_local_global,base_0002,1,19,8010.0,module_1
direct_coherent_all_shared_local_route,hybrid_local_global,base_0002,1,20,8430.0,module_2
direct_coherent_all_shared_local_route,hybrid_local_global,base_0002,1,21,8850.0,module_1
direct_coherent_all_shared_local_route,hybrid_local_global,base_0002,1,22,9270.0,module_3
direct_coherent_all_shared_local_route,hybrid_local_global,base_0002,1,23,9690.0,module_4
direct_coherent_all_shared_local_route,hybrid_local_global,base_0002,1,24,10110.0,module_1
direct_coherent_all_shared_local_route,hybrid_local_global,base_0002,1,25,10530.0,module_2
direct_coherent_all_shared_local_route,hybrid_local_global,base_0002,1,26,10950.0,module_3
direct_coherent_all_shared_local_route,hybrid_local_global,base_0002,1,27,11370.0,module_4
direct_coherent_all_shared_local_route,hybrid_local_global,base_0002,1,28,11790.0,module_2
direct_coherent_all_shared_local_route,hybrid_local_global,base_0002,1,29,12210.0,module_1
direct_coherent_all_shared_local_route,hybrid_local_global,base_0002,1,30,12630.0,module_4
direct_coherent_all_shared_local_route,hybrid_local_global,base_0002,1,31,13050.0,module_3
direct_coherent_all_shared_local_route,hybrid_local_global,base_0002,1,32,13470.0,module_1
direct_coherent_all_shared_local_route,hybrid_local_global,base_0002,1,33,13890.0,module_4
direct_coherent_all_shared_local_route,hybrid_local_global,base_0002,1,34,14310.0,module_3
direct_coherent_all_shared_local_route,hybrid_local_global,base_0002,1,35,14730.0,module_2
direct_coherent_all_shared_local_route,hybrid_local_global,base_0002,1,36,15150.0,module_3
direct_coherent_all_shared_local_route,hybrid_local_global,base_0002,1,37,15570.0,module_2
direct_coherent_all_shared_local_route,hybrid_local_global,base_0002,1,38,15990.0,module_4
direct_coherent_all_shared_local_route,hybrid_local_global,base_0002,1,39,16410.0,module_1
direct_coherent_all_shared_local_route,hybrid_local_global,base_0002,1,40,16830.0,module_4
direct_coherent_all_shared_local_route,hybrid_local_global,base_0002,1,41,17250.0,module_1
direct_coherent_all_shared_local_route,hybrid_local_global,base_0002,1,42,17670.0,module_2
direct_coherent_all_shared_local_route,hybrid_local_global,base_0002,1,43,18090.0,module_3
direct_coherent_all_shared_local_route,hybrid_local_global,base_0002,1,44,18510.0,module_3
direct_coherent_all_shared_local_route,hybrid_local_global,base_0002,1,45,18930.0,module_1
direct_coherent_all_shared_local_route,hybrid_local_global,base_0002,1,46,19350.0,module_2
direct_coherent_all_shared_local_route,hybrid_local_global,base_0002,1,47,19770.0,module_4
direct_coherent_all_shared_local_route,hybrid_local_global,base_0003,0,0,30.0,module_3
direct_coherent_all_shared_local_route,hybrid_local_global,base_0003,0,1,450.0,module_2
direct_coherent_all_shared_local_route,hybrid_local_global,base_0003,0,2,870.0,module_4
direct_coherent_all_shared_local_route,hybrid_local_global,base_0003,0,3,1290.0,module_1
direct_coherent_all_shared_local_route,hybrid_local_global,base_0003,0,4,1710.0,module_4
direct_coherent_all_shared_local_route,hybrid_local_global,base_0003,0,5,2130.0,module_3
direct_coherent_all_shared_local_route,hybrid_local_global,base_0003,0,6,2550.0,module_2
direct_coherent_all_shared_local_route,hybrid_local_global,base_0003,0,7,2970.0,module_1
direct_coherent_all_shared_local_route,hybrid_local_global,base_0003,0,8,3390.0,module_1
direct_coherent_all_shared_local_route,hybrid_local_global,base_0003,0,9,3810.0,module_4
direct_coherent_all_shared_local_route,hybrid_local_global,base_0003,0,10,4230.0,module_3
direct_coherent_all_shared_local_route,hybrid_local_global,base_0003,0,11,4650.0,module_2
direct_coherent_all_shared_local_route,hybrid_local_global,base_0003,0,12,5070.0,module_2
direct_coherent_all_shared_local_route,hybrid_local_global,base_0003,0,13,5490.0,module_4
direct_coherent_all_shared_local_route,hybrid_local_global,base_0003,0,14,5910.0,module_1
direct_coherent_all_shared_local_route,hybrid_local_global,base_0003,0,15,6330.0,module_3
direct_coherent_all_shared_local_route,hybrid_local_global,base_0003,0,16,6750.0,module_2
direct_coherent_all_shared_local_route,hybrid_local_global,base_0003,0,17,7170.0,module_4
direct_coherent_all_shared_local_route,hybrid_local_global,base_0003,0,18,7590.0,module_3
direct_coherent_all_shared_local_route,hybrid_local_global,base_0003,0,19,8010.0,module_1
direct_coherent_all_shared_local_route,hybrid_local_global,base_0003,0,20,8430.0,module_4
direct_coherent_all_shared_local_route,hybrid_local_global,base_0003,0,21,8850.0,module_2
direct_coherent_all_shared_local_route,hybrid_local_global,base_0003,0,22,9270.0,module_3
direct_coherent_all_shared_local_route,hybrid_local_global,base_0003,0,23,9690.0,module_1
direct_coherent_all_shared_local_route,hybrid_local_global,base_0003,0,24,10110.0,module_4
direct_coherent_all_shared_local_route,hybrid_local_global,base_0003,0,25,10530.0,module_1
direct_coherent_all_shared_local_route,hybrid_local_global,base_0003,0,26,10950.0,module_2
direct_coherent_all_shared_local_route,hybrid_local_global,base_0003,0,27,11370.0,module_3
direct_coherent_all_shared_local_route,hybrid_local_global,base_0003,0,28,11790.0,module_1
direct_coherent_all_shared_local_route,hybrid_local_global,base_0003,0,29,12210.0,module_4
direct_coherent_all_shared_local_route,hybrid_local_global,base_0003,0,30,12630.0,module_3
direct_coherent_all_shared_local_route,hybrid_local_global,base_0003,0,31,13050.0,module_2
direct_coherent_all_shared_local_route,hybrid_local_global,base_0003,0,32,13470.0,module_4
direct_coherent_all_shared_local_route,hybrid_local_global,base_0003,0,33,13890.0,module_1
direct_coherent_all_shared_local_route,hybrid_local_global,base_0003,0,34,14310.0,module_3
direct_coherent_all_shared_local_route,hybrid_local_global,base_0003,0,35,14730.0,module_2
direct_coherent_all_shared_local_route,hybrid_local_global,base_0003,0,36,15150.0,module_1
direct_coherent_all_shared_local_route,hybrid_local_global,base_0003,0,37,15570.0,module_4
direct_coherent_all_shared_local_route,hybrid_local_global,base_0003,0,38,15990.0,module_2
direct_coherent_all_shared_local_route,hybrid_local_global,base_0003,0,39,16410.0,module_3
direct_coherent_all_shared_local_route,hybrid_local_global,base_0003,0,40,16830.0,module_3
direct_coherent_all_shared_local_route,hybrid_local_global,base_0003,0,41,17250.0,module_2
direct_coherent_all_shared_local_route,hybrid_local_global,base_0003,0,42,17670.0,module_4
direct_coherent_all_shared_local_route,hybrid_local_global,base_0003,0,43,18090.0,module_1
direct_coherent_all_shared_local_route,hybrid_local_global,base_0003,0,44,18510.0,module_1
direct_coherent_all_shared_local_route,hybrid_local_global,base_0003,0,45,18930.0,module_4
direct_coherent_all_shared_local_route,hybrid_local_global,base_0003,0,46,19350.0,module_3
direct_coherent_all_shared_local_route,hybrid_local_global,base_0003,0,47,19770.0,module_2
direct_coherent_all_shared_local_route,hybrid_local_global,base_0003,1,0,30.0,module_2
direct_coherent_all_shared_local_route,hybrid_local_global,base_0003,1,1,450.0,module_4
direct_coherent_all_shared_local_route,hybrid_local_global,base_0003,1,2,870.0,module_3
direct_coherent_all_shared_local_route,hybrid_local_global,base_0003,1,3,1290.0,module_1
direct_coherent_all_shared_local_route,hybrid_local_global,base_0003,1,4,1710.0,module_4
direct_coherent_all_shared_local_route,hybrid_local_global,base_0003,1,5,2130.0,module_3
direct_coherent_all_shared_local_route,hybrid_local_global,base_0003,1,6,2550.0,module_1
direct_coherent_all_shared_local_route,hybrid_local_global,base_0003,1,7,2970.0,module_2
direct_coherent_all_shared_local_route,hybrid_local_global,base_0003,1,8,3390.0,module_4
direct_coherent_all_shared_local_route,hybrid_local_global,base_0003,1,9,3810.0,module_2
direct_coherent_all_shared_local_route,hybrid_local_global,base_0003,1,10,4230.0,module_1
direct_coherent_all_shared_local_route,hybrid_local_global,base_0003,1,11,4650.0,module_3
direct_coherent_all_shared_local_route,hybrid_local_global,base_0003,1,12,5070.0,module_4
direct_coherent_all_shared_local_route,hybrid_local_global,base_0003,1,13,5490.0,module_2
direct_coherent_all_shared_local_route,hybrid_local_global,base_0003,1,14,5910.0,module_3
direct_coherent_all_shared_local_route,hybrid_local_global,base_0003,1,15,6330.0,module_1
direct_coherent_all_shared_local_route,hybrid_local_global,base_0003,1,16,6750.0,module_3
direct_coherent_all_shared_local_route,hybrid_local_global,base_0003,1,17,7170.0,module_2
direct_coherent_all_shared_local_route,hybrid_local_global,base_0003,1,18,7590.0,module_1
direct_coherent_all_shared_local_route,hybrid_local_global,base_0003,1,19,8010.0,module_4
direct_coherent_all_shared_local_route,hybrid_local_global,base_0003,1,20,8430.0,module_2
direct_coherent_all_shared_local_route,hybrid_local_global,base_0003,1,21,8850.0,module_3
direct_coherent_all_shared_local_route,hybrid_local_global,base_0003,1,22,9270.0,module_4
direct_coherent_all_shared_local_route,hybrid_local_global,base_0003,1,23,9690.0,module_1
direct_coherent_all_shared_local_route,hybrid_local_global,base_0003,1,24,10110.0,module_3
direct_coherent_all_shared_local_route,hybrid_local_global,base_0003,1,25,10530.0,module_4
direct_coherent_all_shared_local_route,hybrid_local_global,base_0003,1,26,10950.0,module_1
direct_coherent_all_shared_local_route,hybrid_local_global,base_0003,1,27,11370.0,module_2
direct_coherent_all_shared_local_route,hybrid_local_global,base_0003,1,28,11790.0,module_1
direct_coherent_all_shared_local_route,hybrid_local_global,base_0003,1,29,12210.0,module_4
direct_coherent_all_shared_local_route,hybrid_local_global,base_0003,1,30,12630.0,module_2
direct_coherent_all_shared_local_route,hybrid_local_global,base_0003,1,31,13050.0,module_3
direct_coherent_all_shared_local_route,hybrid_local_global,base_0003,1,32,13470.0,module_2
direct_coherent_all_shared_local_route,hybrid_local_global,base_0003,1,33,13890.0,module_3
direct_coherent_all_shared_local_route,hybrid_local_global,base_0003,1,34,14310.0,module_1
direct_coherent_all_shared_local_route,hybrid_local_global,base_0003,1,35,14730.0,module_4
direct_coherent_all_shared_local_route,hybrid_local_global,base_0003,1,36,15150.0,module_2
direct_coherent_all_shared_local_route,hybrid_local_global,base_0003,1,37,15570.0,module_1
direct_coherent_all_shared_local_route,hybrid_local_global,base_0003,1,38,15990.0,module_3
direct_coherent_all_shared_local_route,hybrid_local_global,base_0003,1,39,16410.0,module_4
direct_coherent_all_shared_local_route,hybrid_local_global,base_0003,1,40,16830.0,module_1
direct_coherent_all_shared_local_route,hybrid_local_global,base_0003,1,41,17250.0,module_3
direct_coherent_all_shared_local_route,hybrid_local_global,base_0003,1,42,17670.0,module_4
direct_coherent_all_shared_local_route,hybrid_local_global,base_0003,1,43,18090.0,module_2
direct_coherent_all_shared_local_route,hybrid_local_global,base_0003,1,44,18510.0,module_2
direct_coherent_all_shared_local_route,hybrid_local_global,base_0003,1,45,18930.0,module_4
direct_coherent_all_shared_local_route,hybrid_local_global,base_0003,1,46,19350.0,module_3
direct_coherent_all_shared_local_route,hybrid_local_global,base_0003,1,47,19770.0,module_1
direct_coherent_all_shared_local_route,hybrid_local_global,base_0004,0,0,30.0,module_2
direct_coherent_all_shared_local_route,hybrid_local_global,base_0004,0,1,450.0,module_4
direct_coherent_all_shared_local_route,hybrid_local_global,base_0004,0,2,870.0,module_3
direct_coherent_all_shared_local_route,hybrid_local_global,base_0004,0,3,1290.0,module_1
direct_coherent_all_shared_local_route,hybrid_local_global,base_0004,0,4,1710.0,module_3
direct_coherent_all_shared_local_route,hybrid_local_global,base_0004,0,5,2130.0,module_2
direct_coherent_all_shared_local_route,hybrid_local_global,base_0004,0,6,2550.0,module_1
direct_coherent_all_shared_local_route,hybrid_local_global,base_0004,0,7,2970.0,module_4
direct_coherent_all_shared_local_route,hybrid_local_global,base_0004,0,8,3390.0,module_3
direct_coherent_all_shared_local_route,hybrid_local_global,base_0004,0,9,3810.0,module_2
direct_coherent_all_shared_local_route,hybrid_local_global,base_0004,0,10,4230.0,module_1
direct_coherent_all_shared_local_route,hybrid_local_global,base_0004,0,11,4650.0,module_4
direct_coherent_all_shared_local_route,hybrid_local_global,base_0004,0,12,5070.0,module_4
direct_coherent_all_shared_local_route,hybrid_local_global,base_0004,0,13,5490.0,module_3
direct_coherent_all_shared_local_route,hybrid_local_global,base_0004,0,14,5910.0,module_2
direct_coherent_all_shared_local_route,hybrid_local_global,base_0004,0,15,6330.0,module_1
direct_coherent_all_shared_local_route,hybrid_local_global,base_0004,0,16,6750.0,module_1
direct_coherent_all_shared_local_route,hybrid_local_global,base_0004,0,17,7170.0,module_3
direct_coherent_all_shared_local_route,hybrid_local_global,base_0004,0,18,7590.0,module_4
direct_coherent_all_shared_local_route,hybrid_local_global,base_0004,0,19,8010.0,module_2
direct_coherent_all_shared_local_route,hybrid_local_global,base_0004,0,20,8430.0,module_1
direct_coherent_all_shared_local_route,hybrid_local_global,base_0004,0,21,8850.0,module_4
direct_coherent_all_shared_local_route,hybrid_local_global,base_0004,0,22,9270.0,module_2
direct_coherent_all_shared_local_route,hybrid_local_global,base_0004,0,23,9690.0,module_3
direct_coherent_all_shared_local_route,hybrid_local_global,base_0004,0,24,10110.0,module_2
direct_coherent_all_shared_local_route,hybrid_local_global,base_0004,0,25,10530.0,module_1
direct_coherent_all_shared_local_route,hybrid_local_global,base_0004,0,26,10950.0,module_4
direct_coherent_all_shared_local_route,hybrid_local_global,base_0004,0,27,11370.0,module_3
direct_coherent_all_shared_local_route,hybrid_local_global,base_0004,0,28,11790.0,module_4
direct_coherent_all_shared_local_route,hybrid_local_global,base_0004,0,29,12210.0,module_1
direct_coherent_all_shared_local_route,hybrid_local_global,base_0004,0,30,12630.0,module_3
direct_coherent_all_shared_local_route,hybrid_local_global,base_0004,0,31,13050.0,module_2
direct_coherent_all_shared_local_route,hybrid_local_global,base_0004,0,32,13470.0,module_2
direct_coherent_all_shared_local_route,hybrid_local_global,base_0004,0,33,13890.0,module_3
direct_coherent_all_shared_local_route,hybrid_local_global,base_0004,0,34,14310.0,module_4
direct_coherent_all_shared_local_route,hybrid_local_global,base_0004,0,35,14730.0,module_1
direct_coherent_all_shared_local_route,hybrid_local_global,base_0004,0,36,15150.0,module_3
direct_coherent_all_shared_local_route,hybrid_local_global,base_0004,0,37,15570.0,module_4
direct_coherent_all_shared_local_route,hybrid_local_global,base_0004,0,38,15990.0,module_2
direct_coherent_all_shared_local_route,hybrid_local_global,base_0004,0,39,16410.0,module_1
direct_coherent_all_shared_local_route,hybrid_local_global,base_0004,0,40,16830.0,module_4
direct_coherent_all_shared_local_route,hybrid_local_global,base_0004,0,41,17250.0,module_2
direct_coherent_all_shared_local_route,hybrid_local_global,base_0004,0,42,17670.0,module_3
direct_coherent_all_shared_local_route,hybrid_local_global,base_0004,0,43,18090.0,module_1
direct_coherent_all_shared_local_route,hybrid_local_global,base_0004,0,44,18510.0,module_1
direct_coherent_all_shared_local_route,hybrid_local_global,base_0004,0,45,18930.0,module_2
direct_coherent_all_shared_local_route,hybrid_local_global,base_0004,0,46,19350.0,module_4
direct_coherent_all_shared_local_route,hybrid_local_global,base_0004,0,47,19770.0,module_3
direct_coherent_all_shared_local_route,hybrid_local_global,base_0004,1,0,30.0,module_4
direct_coherent_all_shared_local_route,hybrid_local_global,base_0004,1,1,450.0,module_1
direct_coherent_all_shared_local_route,hybrid_local_global,base_0004,1,2,870.0,module_2
direct_coherent_all_shared_local_route,hybrid_local_global,base_0004,1,3,1290.0,module_3
direct_coherent_all_shared_local_route,hybrid_local_global,base_0004,1,4,1710.0,module_1
direct_coherent_all_shared_local_route,hybrid_local_global,base_0004,1,5,2130.0,module_2
direct_coherent_all_shared_local_route,hybrid_local_global,base_0004,1,6,2550.0,module_3
direct_coherent_all_shared_local_route,hybrid_local_global,base_0004,1,7,2970.0,module_4
direct_coherent_all_shared_local_route,hybrid_local_global,base_0004,1,8,3390.0,module_3
direct_coherent_all_shared_local_route,hybrid_local_global,base_0004,1,9,3810.0,module_1
direct_coherent_all_shared_local_route,hybrid_local_global,base_0004,1,10,4230.0,module_2
direct_coherent_all_shared_local_route,hybrid_local_global,base_0004,1,11,4650.0,module_4
direct_coherent_all_shared_local_route,hybrid_local_global,base_0004,1,12,5070.0,module_4
direct_coherent_all_shared_local_route,hybrid_local_global,base_0004,1,13,5490.0,module_1
direct_coherent_all_shared_local_route,hybrid_local_global,base_0004,1,14,5910.0,module_2
direct_coherent_all_shared_local_route,hybrid_local_global,base_0004,1,15,6330.0,module_3
direct_coherent_all_shared_local_route,hybrid_local_global,base_0004,1,16,6750.0,module_1
direct_coherent_all_shared_local_route,hybrid_local_global,base_0004,1,17,7170.0,module_2
direct_coherent_all_shared_local_route,hybrid_local_global,base_0004,1,18,7590.0,module_3
direct_coherent_all_shared_local_route,hybrid_local_global,base_0004,1,19,8010.0,module_4
direct_coherent_all_shared_local_route,hybrid_local_global,base_0004,1,20,8430.0,module_2
direct_coherent_all_shared_local_route,hybrid_local_global,base_0004,1,21,8850.0,module_4
direct_coherent_all_shared_local_route,hybrid_local_global,base_0004,1,22,9270.0,module_1
direct_coherent_all_shared_local_route,hybrid_local_global,base_0004,1,23,9690.0,module_3
direct_coherent_all_shared_local_route,hybrid_local_global,base_0004,1,24,10110.0,module_4
direct_coherent_all_shared_local_route,hybrid_local_global,base_0004,1,25,10530.0,module_1
direct_coherent_all_shared_local_route,hybrid_local_global,base_0004,1,26,10950.0,module_2
direct_coherent_all_shared_local_route,hybrid_local_global,base_0004,1,27,11370.0,module_3
direct_coherent_all_shared_local_route,hybrid_local_global,base_0004,1,28,11790.0,module_4
direct_coherent_all_shared_local_route,hybrid_local_global,base_0004,1,29,12210.0,module_2
direct_coherent_all_shared_local_route,hybrid_local_global,base_0004,1,30,12630.0,module_1
direct_coherent_all_shared_local_route,hybrid_local_global,base_0004,1,31,13050.0,module_3
direct_coherent_all_shared_local_route,hybrid_local_global,base_0004,1,32,13470.0,module_4
direct_coherent_all_shared_local_route,hybrid_local_global,base_0004,1,33,13890.0,module_2
direct_coherent_all_shared_local_route,hybrid_local_global,base_0004,1,34,14310.0,module_1
direct_coherent_all_shared_local_route,hybrid_local_global,base_0004,1,35,14730.0,module_3
direct_coherent_all_shared_local_route,hybrid_local_global,base_0004,1,36,15150.0,module_2
direct_coherent_all_shared_local_route,hybrid_local_global,base_0004,1,37,15570.0,module_3
direct_coherent_all_shared_local_route,hybrid_local_global,base_0004,1,38,15990.0,module_4
direct_coherent_all_shared_local_route,hybrid_local_global,base_0004,1,39,16410.0,module_1
direct_coherent_all_shared_local_route,hybrid_local_global,base_0004,1,40,16830.0,module_1
direct_coherent_all_shared_local_route,hybrid_local_global,base_0004,1,41,17250.0,module_4
direct_coherent_all_shared_local_route,hybrid_local_global,base_0004,1,42,17670.0,module_2
direct_coherent_all_shared_local_route,hybrid_local_global,base_0004,1,43,18090.0,module_3
direct_coherent_all_shared_local_route,hybrid_local_global,base_0004,1,44,18510.0,module_4
direct_coherent_all_shared_local_route,hybrid_local_global,base_0004,1,45,18930.0,module_3
direct_coherent_all_shared_local_route,hybrid_local_global,base_0004,1,46,19350.0,module_1
direct_coherent_all_shared_local_route,hybrid_local_global,base_0004,1,47,19770.0,module_2
direct_coherent_all_shared_local_route,hybrid_local_global,base_0005,0,0,30.0,module_1
direct_coherent_all_shared_local_route,hybrid_local_global,base_0005,0,1,450.0,module_3
direct_coherent_all_shared_local_route,hybrid_local_global,base_0005,0,2,870.0,module_4
direct_coherent_all_shared_local_route,hybrid_local_global,base_0005,0,3,1290.0,module_2
direct_coherent_all_shared_local_route,hybrid_local_global,base_0005,0,4,1710.0,module_1
direct_coherent_all_shared_local_route,hybrid_local_global,base_0005,0,5,2130.0,module_4
direct_coherent_all_shared_local_route,hybrid_local_global,base_0005,0,6,2550.0,module_3
direct_coherent_all_shared_local_route,hybrid_local_global,base_0005,0,7,2970.0,module_2
direct_coherent_all_shared_local_route,hybrid_local_global,base_0005,0,8,3390.0,module_4
direct_coherent_all_shared_local_route,hybrid_local_global,base_0005,0,9,3810.0,module_3
direct_coherent_all_shared_local_route,hybrid_local_global,base_0005,0,10,4230.0,module_2
direct_coherent_all_shared_local_route,hybrid_local_global,base_0005,0,11,4650.0,module_1
direct_coherent_all_shared_local_route,hybrid_local_global,base_0005,0,12,5070.0,module_4
direct_coherent_all_shared_local_route,hybrid_local_global,base_0005,0,13,5490.0,module_3
direct_coherent_all_shared_local_route,hybrid_local_global,base_0005,0,14,5910.0,module_1
direct_coherent_all_shared_local_route,hybrid_local_global,base_0005,0,15,6330.0,module_2
direct_coherent_all_shared_local_route,hybrid_local_global,base_0005,0,16,6750.0,module_1
direct_coherent_all_shared_local_route,hybrid_local_global,base_0005,0,17,7170.0,module_4
direct_coherent_all_shared_local_route,hybrid_local_global,base_0005,0,18,7590.0,module_3
direct_coherent_all_shared_local_route,hybrid_local_global,base_0005,0,19,8010.0,module_2
direct_coherent_all_shared_local_route,hybrid_local_global,base_0005,0,20,8430.0,module_2
direct_coherent_all_shared_local_route,hybrid_local_global,base_0005,0,21,8850.0,module_1
direct_coherent_all_shared_local_route,hybrid_local_global,base_0005,0,22,9270.0,module_4
direct_coherent_all_shared_local_route,hybrid_local_global,base_0005,0,23,9690.0,module_3
direct_coherent_all_shared_local_route,hybrid_local_global,base_0005,0,24,10110.0,module_3
direct_coherent_all_shared_local_route,hybrid_local_global,base_0005,0,25,10530.0,module_2
direct_coherent_all_shared_local_route,hybrid_local_global,base_0005,0,26,10950.0,module_4
direct_coherent_all_shared_local_route,hybrid_local_global,base_0005,0,27,11370.0,module_1
direct_coherent_all_shared_local_route,hybrid_local_global,base_0005,0,28,11790.0,module_3
direct_coherent_all_shared_local_route,hybrid_local_global,base_0005,0,29,12210.0,module_4
direct_coherent_all_shared_local_route,hybrid_local_global,base_0005,0,30,12630.0,module_1
direct_coherent_all_shared_local_route,hybrid_local_global,base_0005,0,31,13050.0,module_2
direct_coherent_all_shared_local_route,hybrid_local_global,base_0005,0,32,13470.0,module_1
direct_coherent_all_shared_local_route,hybrid_local_global,base_0005,0,33,13890.0,module_4
direct_coherent_all_shared_local_route,hybrid_local_global,base_0005,0,34,14310.0,module_3
direct_coherent_all_shared_local_route,hybrid_local_global,base_0005,0,35,14730.0,module_2
direct_coherent_all_shared_local_route,hybrid_local_global,base_0005,0,36,15150.0,module_1
direct_coherent_all_shared_local_route,hybrid_local_global,base_0005,0,37,15570.0,module_2
direct_coherent_all_shared_local_route,hybrid_local_global,base_0005,0,38,15990.0,module_3
direct_coherent_all_shared_local_route,hybrid_local_global,base_0005,0,39,16410.0,module_4
direct_coherent_all_shared_local_route,hybrid_local_global,base_0005,0,40,16830.0,module_3
direct_coherent_all_shared_local_route,hybrid_local_global,base_0005,0,41,17250.0,module_4
direct_coherent_all_shared_local_route,hybrid_local_global,base_0005,0,42,17670.0,module_2
direct_coherent_all_shared_local_route,hybrid_local_global,base_0005,0,43,18090.0,module_1
direct_coherent_all_shared_local_route,hybrid_local_global,base_0005,0,44,18510.0,module_1
direct_coherent_all_shared_local_route,hybrid_local_global,base_0005,0,45,18930.0,module_2
direct_coherent_all_shared_local_route,hybrid_local_global,base_0005,0,46,19350.0,module_4
direct_coherent_all_shared_local_route,hybrid_local_global,base_0005,0,47,19770.0,module_3
direct_coherent_all_shared_local_route,hybrid_local_global,base_0005,1,0,30.0,module_2
direct_coherent_all_shared_local_route,hybrid_local_global,base_0005,1,1,450.0,module_4
direct_coherent_all_shared_local_route,hybrid_local_global,base_0005,1,2,870.0,module_3
direct_coherent_all_shared_local_route,hybrid_local_global,base_0005,1,3,1290.0,module_1
direct_coherent_all_shared_local_route,hybrid_local_global,base_0005,1,4,1710.0,module_3
direct_coherent_all_shared_local_route,hybrid_local_global,base_0005,1,5,2130.0,module_4
direct_coherent_all_shared_local_route,hybrid_local_global,base_0005,1,6,2550.0,module_1
direct_coherent_all_shared_local_route,hybrid_local_global,base_0005,1,7,2970.0,module_2
direct_coherent_all_shared_local_route,hybrid_local_global,base_0005,1,8,3390.0,module_4
direct_coherent_all_shared_local_route,hybrid_local_global,base_0005,1,9,3810.0,module_3
direct_coherent_all_shared_local_route,hybrid_local_global,base_0005,1,10,4230.0,module_2
direct_coherent_all_shared_local_route,hybrid_local_global,base_0005,1,11,4650.0,module_1
direct_coherent_all_shared_local_route,hybrid_local_global,base_0005,1,12,5070.0,module_3
direct_coherent_all_shared_local_route,hybrid_local_global,base_0005,1,13,5490.0,module_4
direct_coherent_all_shared_local_route,hybrid_local_global,base_0005,1,14,5910.0,module_2
direct_coherent_all_shared_local_route,hybrid_local_global,base_0005,1,15,6330.0,module_1
direct_coherent_all_shared_local_route,hybrid_local_global,base_0005,1,16,6750.0,module_4
direct_coherent_all_shared_local_route,hybrid_local_global,base_0005,1,17,7170.0,module_1
direct_coherent_all_shared_local_route,hybrid_local_global,base_0005,1,18,7590.0,module_2
direct_coherent_all_shared_local_route,hybrid_local_global,base_0005,1,19,8010.0,module_3
direct_coherent_all_shared_local_route,hybrid_local_global,base_0005,1,20,8430.0,module_2
direct_coherent_all_shared_local_route,hybrid_local_global,base_0005,1,21,8850.0,module_3
direct_coherent_all_shared_local_route,hybrid_local_global,base_0005,1,22,9270.0,module_1
direct_coherent_all_shared_local_route,hybrid_local_global,base_0005,1,23,9690.0,module_4
direct_coherent_all_shared_local_route,hybrid_local_global,base_0005,1,24,10110.0,module_1
direct_coherent_all_shared_local_route,hybrid_local_global,base_0005,1,25,10530.0,module_2
direct_coherent_all_shared_local_route,hybrid_local_global,base_0005,1,26,10950.0,module_3
direct_coherent_all_shared_local_route,hybrid_local_global,base_0005,1,27,11370.0,module_4
direct_coherent_all_shared_local_route,hybrid_local_global,base_0005,1,28,11790.0,module_2
direct_coherent_all_shared_local_route,hybrid_local_global,base_0005,1,29,12210.0,module_4
direct_coherent_all_shared_local_route,hybrid_local_global,base_0005,1,30,12630.0,module_1
direct_coherent_all_shared_local_route,hybrid_local_global,base_0005,1,31,13050.0,module_3
direct_coherent_all_shared_local_route,hybrid_local_global,base_0005,1,32,13470.0,module_2
direct_coherent_all_shared_local_route,hybrid_local_global,base_0005,1,33,13890.0,module_3
direct_coherent_all_shared_local_route,hybrid_local_global,base_0005,1,34,14310.0,module_1
direct_coherent_all_shared_local_route,hybrid_local_global,base_0005,1,35,14730.0,module_4
direct_coherent_all_shared_local_route,hybrid_local_global,base_0005,1,36,15150.0,module_4
direct_coherent_all_shared_local_route,hybrid_local_global,base_0005,1,37,15570.0,module_2
direct_coherent_all_shared_local_route,hybrid_local_global,base_0005,1,38,15990.0,module_1
direct_coherent_all_shared_local_route,hybrid_local_global,base_0005,1,39,16410.0,module_3
direct_coherent_all_shared_local_route,hybrid_local_global,base_0005,1,40,16830.0,module_4
direct_coherent_all_shared_local_route,hybrid_local_global,base_0005,1,41,17250.0,module_3
direct_coherent_all_shared_local_route,hybrid_local_global,base_0005,1,42,17670.0,module_1
direct_coherent_all_shared_local_route,hybrid_local_global,base_0005,1,43,18090.0,module_2
direct_coherent_all_shared_local_route,hybrid_local_global,base_0005,1,44,18510.0,module_3
direct_coherent_all_shared_local_route,hybrid_local_global,base_0005,1,45,18930.0,module_4
direct_coherent_all_shared_local_route,hybrid_local_global,base_0005,1,46,19350.0,module_1
direct_coherent_all_shared_local_route,hybrid_local_global,base_0005,1,47,19770.0,module_2
direct_coherent_all_shared_local_route,hybrid_local_global,base_0006,0,0,30.0,module_4
direct_coherent_all_shared_local_route,hybrid_local_global,base_0006,0,1,450.0,module_3
direct_coherent_all_shared_local_route,hybrid_local_global,base_0006,0,2,870.0,module_2
direct_coherent_all_shared_local_route,hybrid_local_global,base_0006,0,3,1290.0,module_1
direct_coherent_all_shared_local_route,hybrid_local_global,base_0006,0,4,1710.0,module_1
direct_coherent_all_shared_local_route,hybrid_local_global,base_0006,0,5,2130.0,module_4
direct_coherent_all_shared_local_route,hybrid_local_global,base_0006,0,6,2550.0,module_2
direct_coherent_all_shared_local_route,hybrid_local_global,base_0006,0,7,2970.0,module_3
direct_coherent_all_shared_local_route,hybrid_local_global,base_0006,0,8,3390.0,module_4
direct_coherent_all_shared_local_route,hybrid_local_global,base_0006,0,9,3810.0,module_2
direct_coherent_all_shared_local_route,hybrid_local_global,base_0006,0,10,4230.0,module_3
direct_coherent_all_shared_local_route,hybrid_local_global,base_0006,0,11,4650.0,module_1
direct_coherent_all_shared_local_route,hybrid_local_global,base_0006,0,12,5070.0,module_3
direct_coherent_all_shared_local_route,hybrid_local_global,base_0006,0,13,5490.0,module_4
direct_coherent_all_shared_local_route,hybrid_local_global,base_0006,0,14,5910.0,module_1
direct_coherent_all_shared_local_route,hybrid_local_global,base_0006,0,15,6330.0,module_2
direct_coherent_all_shared_local_route,hybrid_local_global,base_0006,0,16,6750.0,module_2
direct_coherent_all_shared_local_route,hybrid_local_global,base_0006,0,17,7170.0,module_3
direct_coherent_all_shared_local_route,hybrid_local_global,base_0006,0,18,7590.0,module_4
direct_coherent_all_shared_local_route,hybrid_local_global,base_0006,0,19,8010.0,module_1
direct_coherent_all_shared_local_route,hybrid_local_global,base_0006,0,20,8430.0,module_2
direct_coherent_all_shared_local_route,hybrid_local_global,base_0006,0,21,8850.0,module_1
direct_coherent_all_shared_local_route,hybrid_local_global,base_0006,0,22,9270.0,module_4
direct_coherent_all_shared_local_route,hybrid_local_global,base_0006,0,23,9690.0,module_3
direct_coherent_all_shared_local_route,hybrid_local_global,base_0006,0,24,10110.0,module_1
direct_coherent_all_shared_local_route,hybrid_local_global,base_0006,0,25,10530.0,module_4
direct_coherent_all_shared_local_route,hybrid_local_global,base_0006,0,26,10950.0,module_2
direct_coherent_all_shared_local_route,hybrid_local_global,base_0006,0,27,11370.0,module_3
direct_coherent_all_shared_local_route,hybrid_local_global,base_0006,0,28,11790.0,module_3
direct_coherent_all_shared_local_route,hybrid_local_global,base_0006,0,29,12210.0,module_4
direct_coherent_all_shared_local_route,hybrid_local_global,base_0006,0,30,12630.0,module_2
direct_coherent_all_shared_local_route,hybrid_local_global,base_0006,0,31,13050.0,module_1
direct_coherent_all_shared_local_route,hybrid_local_global,base_0006,0,32,13470.0,module_2
direct_coherent_all_shared_local_route,hybrid_local_global,base_0006,0,33,13890.0,module_4
direct_coherent_all_shared_local_route,hybrid_local_global,base_0006,0,34,14310.0,module_1
direct_coherent_all_shared_local_route,hybrid_local_global,base_0006,0,35,14730.0,module_3
direct_coherent_all_shared_local_route,hybrid_local_global,base_0006,0,36,15150.0,module_3
direct_coherent_all_shared_local_route,hybrid_local_global,base_0006,0,37,15570.0,module_2
direct_coherent_all_shared_local_route,hybrid_local_global,base_0006,0,38,15990.0,module_4
direct_coherent_all_shared_local_route,hybrid_local_global,base_0006,0,39,16410.0,module_1
direct_coherent_all_shared_local_route,hybrid_local_global,base_0006,0,40,16830.0,module_3
direct_coherent_all_shared_local_route,hybrid_local_global,base_0006,0,41,17250.0,module_1
direct_coherent_all_shared_local_route,hybrid_local_global,base_0006,0,42,17670.0,module_2
direct_coherent_all_shared_local_route,hybrid_local_global,base_0006,0,43,18090.0,module_4
direct_coherent_all_shared_local_route,hybrid_local_global,base_0006,0,44,18510.0,module_3
direct_coherent_all_shared_local_route,hybrid_local_global,base_0006,0,45,18930.0,module_1
direct_coherent_all_shared_local_route,hybrid_local_global,base_0006,0,46,19350.0,module_2
direct_coherent_all_shared_local_route,hybrid_local_global,base_0006,0,47,19770.0,module_4
direct_coherent_all_shared_local_route,hybrid_local_global,base_0006,1,0,30.0,module_1
direct_coherent_all_shared_local_route,hybrid_local_global,base_0006,1,1,450.0,module_3
direct_coherent_all_shared_local_route,hybrid_local_global,base_0006,1,2,870.0,module_4
direct_coherent_all_shared_local_route,hybrid_local_global,base_0006,1,3,1290.0,module_2
direct_coherent_all_shared_local_route,hybrid_local_global,base_0006,1,4,1710.0,module_4
direct_coherent_all_shared_local_route,hybrid_local_global,base_0006,1,5,2130.0,module_1
direct_coherent_all_shared_local_route,hybrid_local_global,base_0006,1,6,2550.0,module_3
direct_coherent_all_shared_local_route,hybrid_local_global,base_0006,1,7,2970.0,module_2
direct_coherent_all_shared_local_route,hybrid_local_global,base_0006,1,8,3390.0,module_1
direct_coherent_all_shared_local_route,hybrid_local_global,base_0006,1,9,3810.0,module_2
direct_coherent_all_shared_local_route,hybrid_local_global,base_0006,1,10,4230.0,module_3
direct_coherent_all_shared_local_route,hybrid_local_global,base_0006,1,11,4650.0,module_4
direct_coherent_all_shared_local_route,hybrid_local_global,base_0006,1,12,5070.0,module_3
direct_coherent_all_shared_local_route,hybrid_local_global,base_0006,1,13,5490.0,module_2
direct_coherent_all_shared_local_route,hybrid_local_global,base_0006,1,14,5910.0,module_1
direct_coherent_all_shared_local_route,hybrid_local_global,base_0006,1,15,6330.0,module_4
direct_coherent_all_shared_local_route,hybrid_local_global,base_0006,1,16,6750.0,module_1
direct_coherent_all_shared_local_route,hybrid_local_global,base_0006,1,17,7170.0,module_4
direct_coherent_all_shared_local_route,hybrid_local_global,base_0006,1,18,7590.0,module_2
direct_coherent_all_shared_local_route,hybrid_local_global,base_0006,1,19,8010.0,module_3
direct_coherent_all_shared_local_route,hybrid_local_global,base_0006,1,20,8430.0,module_3
direct_coherent_all_shared_local_route,hybrid_local_global,base_0006,1,21,8850.0,module_2
direct_coherent_all_shared_local_route,hybrid_local_global,base_0006,1,22,9270.0,module_1
direct_coherent_all_shared_local_route,hybrid_local_global,base_0006,1,23,9690.0,module_4
direct_coherent_all_shared_local_route,hybrid_local_global,base_0006,1,24,10110.0,module_4
direct_coherent_all_shared_local_route,hybrid_local_global,base_0006,1,25,10530.0,module_3
direct_coherent_all_shared_local_route,hybrid_local_global,base_0006,1,26,10950.0,module_2
direct_coherent_all_shared_local_route,hybrid_local_global,base_0006,1,27,11370.0,module_1
direct_coherent_all_shared_local_route,hybrid_local_global,base_0006,1,28,11790.0,module_1
direct_coherent_all_shared_local_route,hybrid_local_global,base_0006,1,29,12210.0,module_4
direct_coherent_all_shared_local_route,hybrid_local_global,base_0006,1,30,12630.0,module_3
direct_coherent_all_shared_local_route,hybrid_local_global,base_0006,1,31,13050.0,module_2
direct_coherent_all_shared_local_route,hybrid_local_global,base_0006,1,32,13470.0,module_4
direct_coherent_all_shared_local_route,hybrid_local_global,base_0006,1,33,13890.0,module_1
direct_coherent_all_shared_local_route,hybrid_local_global,base_0006,1,34,14310.0,module_3
direct_coherent_all_shared_local_route,hybrid_local_global,base_0006,1,35,14730.0,module_2
direct_coherent_all_shared_local_route,hybrid_local_global,base_0006,1,36,15150.0,module_2
direct_coherent_all_shared_local_route,hybrid_local_global,base_0006,1,37,15570.0,module_3
direct_coherent_all_shared_local_route,hybrid_local_global,base_0006,1,38,15990.0,module_1
direct_coherent_all_shared_local_route,hybrid_local_global,base_0006,1,39,16410.0,module_4
direct_coherent_all_shared_local_route,hybrid_local_global,base_0006,1,40,16830.0,module_3
direct_coherent_all_shared_local_route,hybrid_local_global,base_0006,1,41,17250.0,module_4
direct_coherent_all_shared_local_route,hybrid_local_global,base_0006,1,42,17670.0,module_1
direct_coherent_all_shared_local_route,hybrid_local_global,base_0006,1,43,18090.0,module_2
direct_coherent_all_shared_local_route,hybrid_local_global,base_0006,1,44,18510.0,module_1
direct_coherent_all_shared_local_route,hybrid_local_global,base_0006,1,45,18930.0,module_4
direct_coherent_all_shared_local_route,hybrid_local_global,base_0006,1,46,19350.0,module_2
direct_coherent_all_shared_local_route,hybrid_local_global,base_0006,1,47,19770.0,module_3
direct_coherent_all_shared_local_route,hybrid_local_global,base_0007,0,0,30.0,module_1
direct_coherent_all_shared_local_route,hybrid_local_global,base_0007,0,1,450.0,module_2
direct_coherent_all_shared_local_route,hybrid_local_global,base_0007,0,2,870.0,module_4
direct_coherent_all_shared_local_route,hybrid_local_global,base_0007,0,3,1290.0,module_3
direct_coherent_all_shared_local_route,hybrid_local_global,base_0007,0,4,1710.0,module_1
direct_coherent_all_shared_local_route,hybrid_local_global,base_0007,0,5,2130.0,module_2
direct_coherent_all_shared_local_route,hybrid_local_global,base_0007,0,6,2550.0,module_4
direct_coherent_all_shared_local_route,hybrid_local_global,base_0007,0,7,2970.0,module_3
direct_coherent_all_shared_local_route,hybrid_local_global,base_0007,0,8,3390.0,module_4
direct_coherent_all_shared_local_route,hybrid_local_global,base_0007,0,9,3810.0,module_3
direct_coherent_all_shared_local_route,hybrid_local_global,base_0007,0,10,4230.0,module_1
direct_coherent_all_shared_local_route,hybrid_local_global,base_0007,0,11,4650.0,module_2
direct_coherent_all_shared_local_route,hybrid_local_global,base_0007,0,12,5070.0,module_1
direct_coherent_all_shared_local_route,hybrid_local_global,base_0007,0,13,5490.0,module_3
direct_coherent_all_shared_local_route,hybrid_local_global,base_0007,0,14,5910.0,module_4
direct_coherent_all_shared_local_route,hybrid_local_global,base_0007,0,15,6330.0,module_2
direct_coherent_all_shared_local_route,hybrid_local_global,base_0007,0,16,6750.0,module_2
direct_coherent_all_shared_local_route,hybrid_local_global,base_0007,0,17,7170.0,module_4
direct_coherent_all_shared_local_route,hybrid_local_global,base_0007,0,18,7590.0,module_3
direct_coherent_all_shared_local_route,hybrid_local_global,base_0007,0,19,8010.0,module_1
direct_coherent_all_shared_local_route,hybrid_local_global,base_0007,0,20,8430.0,module_1
direct_coherent_all_shared_local_route,hybrid_local_global,base_0007,0,21,8850.0,module_4
direct_coherent_all_shared_local_route,hybrid_local_global,base_0007,0,22,9270.0,module_2
direct_coherent_all_shared_local_route,hybrid_local_global,base_0007,0,23,9690.0,module_3
direct_coherent_all_shared_local_route,hybrid_local_global,base_0007,0,24,10110.0,module_4
direct_coherent_all_shared_local_route,hybrid_local_global,base_0007,0,25,10530.0,module_2
direct_coherent_all_shared_local_route,hybrid_local_global,base_0007,0,26,10950.0,module_3
direct_coherent_all_shared_local_route,hybrid_local_global,base_0007,0,27,11370.0,module_1
direct_coherent_all_shared_local_route,hybrid_local_global,base_0007,0,28,11790.0,module_2
direct_coherent_all_shared_local_route,hybrid_local_global,base_0007,0,29,12210.0,module_4
direct_coherent_all_shared_local_route,hybrid_local_global,base_0007,0,30,12630.0,module_3
direct_coherent_all_shared_local_route,hybrid_local_global,base_0007,0,31,13050.0,module_1
direct_coherent_all_shared_local_route,hybrid_local_global,base_0007,0,32,13470.0,module_3
direct_coherent_all_shared_local_route,hybrid_local_global,base_0007,0,33,13890.0,module_2
direct_coherent_all_shared_local_route,hybrid_local_global,base_0007,0,34,14310.0,module_4
direct_coherent_all_shared_local_route,hybrid_local_global,base_0007,0,35,14730.0,module_1
direct_coherent_all_shared_local_route,hybrid_local_global,base_0007,0,36,15150.0,module_2
direct_coherent_all_shared_local_route,hybrid_local_global,base_0007,0,37,15570.0,module_3
direct_coherent_all_shared_local_route,hybrid_local_global,base_0007,0,38,15990.0,module_4
direct_coherent_all_shared_local_route,hybrid_local_global,base_0007,0,39,16410.0,module_1
direct_coherent_all_shared_local_route,hybrid_local_global,base_0007,0,40,16830.0,module_4
direct_coherent_all_shared_local_route,hybrid_local_global,base_0007,0,41,17250.0,module_3
direct_coherent_all_shared_local_route,hybrid_local_global,base_0007,0,42,17670.0,module_2
direct_coherent_all_shared_local_route,hybrid_local_global,base_0007,0,43,18090.0,module_1
direct_coherent_all_shared_local_route,hybrid_local_global,base_0007,0,44,18510.0,module_4
direct_coherent_all_shared_local_route,hybrid_local_global,base_0007,0,45,18930.0,module_2
direct_coherent_all_shared_local_route,hybrid_local_global,base_0007,0,46,19350.0,module_1
direct_coherent_all_shared_local_route,hybrid_local_global,base_0007,0,47,19770.0,module_3
direct_coherent_all_shared_local_route,hybrid_local_global,base_0007,1,0,30.0,module_3
direct_coherent_all_shared_local_route,hybrid_local_global,base_0007,1,1,450.0,module_4
direct_coherent_all_shared_local_route,hybrid_local_global,base_0007,1,2,870.0,module_1
direct_coherent_all_shared_local_route,hybrid_local_global,base_0007,1,3,1290.0,module_2
direct_coherent_all_shared_local_route,hybrid_local_global,base_0007,1,4,1710.0,module_4
direct_coherent_all_shared_local_route,hybrid_local_global,base_0007,1,5,2130.0,module_1
direct_coherent_all_shared_local_route,hybrid_local_global,base_0007,1,6,2550.0,module_3
direct_coherent_all_shared_local_route,hybrid_local_global,base_0007,1,7,2970.0,module_2
direct_coherent_all_shared_local_route,hybrid_local_global,base_0007,1,8,3390.0,module_2
direct_coherent_all_shared_local_route,hybrid_local_global,base_0007,1,9,3810.0,module_3
direct_coherent_all_shared_local_route,hybrid_local_global,base_0007,1,10,4230.0,module_4
direct_coherent_all_shared_local_route,hybrid_local_global,base_0007,1,11,4650.0,module_1
direct_coherent_all_shared_local_route,hybrid_local_global,base_0007,1,12,5070.0,module_4
direct_coherent_all_shared_local_route,hybrid_local_global,base_0007,1,13,5490.0,module_1
direct_coherent_all_shared_local_route,hybrid_local_global,base_0007,1,14,5910.0,module_2
direct_coherent_all_shared_local_route,hybrid_local_global,base_0007,1,15,6330.0,module_3
direct_coherent_all_shared_local_route,hybrid_local_global,base_0007,1,16,6750.0,module_3
direct_coherent_all_shared_local_route,hybrid_local_global,base_0007,1,17,7170.0,module_2
direct_coherent_all_shared_local_route,hybrid_local_global,base_0007,1,18,7590.0,module_4
direct_coherent_all_shared_local_route,hybrid_local_global,base_0007,1,19,8010.0,module_1
direct_coherent_all_shared_local_route,hybrid_local_global,base_0007,1,20,8430.0,module_4
direct_coherent_all_shared_local_route,hybrid_local_global,base_0007,1,21,8850.0,module_2
direct_coherent_all_shared_local_route,hybrid_local_global,base_0007,1,22,9270.0,module_3
direct_coherent_all_shared_local_route,hybrid_local_global,base_0007,1,23,9690.0,module_1
direct_coherent_all_shared_local_route,hybrid_local_global,base_0007,1,24,10110.0,module_4
direct_coherent_all_shared_local_route,hybrid_local_global,base_0007,1,25,10530.0,module_1
direct_coherent_all_shared_local_route,hybrid_local_global,base_0007,1,26,10950.0,module_3
direct_coherent_all_shared_local_route,hybrid_local_global,base_0007,1,27,11370.0,module_2
direct_coherent_all_shared_local_route,hybrid_local_global,base_0007,1,28,11790.0,module_4
direct_coherent_all_shared_local_route,hybrid_local_global,base_0007,1,29,12210.0,module_2
direct_coherent_all_shared_local_route,hybrid_local_global,base_0007,1,30,12630.0,module_3
direct_coherent_all_shared_local_route,hybrid_local_global,base_0007,1,31,13050.0,module_1
direct_coherent_all_shared_local_route,hybrid_local_global,base_0007,1,32,13470.0,module_4
direct_coherent_all_shared_local_route,hybrid_local_global,base_0007,1,33,13890.0,module_3
direct_coherent_all_shared_local_route,hybrid_local_global,base_0007,1,34,14310.0,module_1
direct_coherent_all_shared_local_route,hybrid_local_global,base_0007,1,35,14730.0,module_2
direct_coherent_all_shared_local_route,hybrid_local_global,base_0007,1,36,15150.0,module_1
direct_coherent_all_shared_local_route,hybrid_local_global,base_0007,1,37,15570.0,module_3
direct_coherent_all_shared_local_route,hybrid_local_global,base_0007,1,38,15990.0,module_2
direct_coherent_all_shared_local_route,hybrid_local_global,base_0007,1,39,16410.0,module_4
direct_coherent_all_shared_local_route,hybrid_local_global,base_0007,1,40,16830.0,module_3
direct_coherent_all_shared_local_route,hybrid_local_global,base_0007,1,41,17250.0,module_2
direct_coherent_all_shared_local_route,hybrid_local_global,base_0007,1,42,17670.0,module_1
direct_coherent_all_shared_local_route,hybrid_local_global,base_0007,1,43,18090.0,module_4
direct_coherent_all_shared_local_route,hybrid_local_global,base_0007,1,44,18510.0,module_3
direct_coherent_all_shared_local_route,hybrid_local_global,base_0007,1,45,18930.0,module_4
direct_coherent_all_shared_local_route,hybrid_local_global,base_0007,1,46,19350.0,module_1
direct_coherent_all_shared_local_route,hybrid_local_global,base_0007,1,47,19770.0,module_2
direct_coherent_all_shared_local_route,hybrid_local_global,base_0008,0,0,30.0,module_4
direct_coherent_all_shared_local_route,hybrid_local_global,base_0008,0,1,450.0,module_3
direct_coherent_all_shared_local_route,hybrid_local_global,base_0008,0,2,870.0,module_2
direct_coherent_all_shared_local_route,hybrid_local_global,base_0008,0,3,1290.0,module_1
direct_coherent_all_shared_local_route,hybrid_local_global,base_0008,0,4,1710.0,module_4
direct_coherent_all_shared_local_route,hybrid_local_global,base_0008,0,5,2130.0,module_2
direct_coherent_all_shared_local_route,hybrid_local_global,base_0008,0,6,2550.0,module_3
direct_coherent_all_shared_local_route,hybrid_local_global,base_0008,0,7,2970.0,module_1
direct_coherent_all_shared_local_route,hybrid_local_global,base_0008,0,8,3390.0,module_2
direct_coherent_all_shared_local_route,hybrid_local_global,base_0008,0,9,3810.0,module_3
direct_coherent_all_shared_local_route,hybrid_local_global,base_0008,0,10,4230.0,module_4
direct_coherent_all_shared_local_route,hybrid_local_global,base_0008,0,11,4650.0,module_1
direct_coherent_all_shared_local_route,hybrid_local_global,base_0008,0,12,5070.0,module_3
direct_coherent_all_shared_local_route,hybrid_local_global,base_0008,0,13,5490.0,module_1
direct_coherent_all_shared_local_route,hybrid_local_global,base_0008,0,14,5910.0,module_4
direct_coherent_all_shared_local_route,hybrid_local_global,base_0008,0,15,6330.0,module_2
direct_coherent_all_shared_local_route,hybrid_local_global,base_0008,0,16,6750.0,module_1
direct_coherent_all_shared_local_route,hybrid_local_global,base_0008,0,17,7170.0,module_2
direct_coherent_all_shared_local_route,hybrid_local_global,base_0008,0,18,7590.0,module_4
direct_coherent_all_shared_local_route,hybrid_local_global,base_0008,0,19,8010.0,module_3
direct_coherent_all_shared_local_route,hybrid_local_global,base_0008,0,20,8430.0,module_3
direct_coherent_all_shared_local_route,hybrid_local_global,base_0008,0,21,8850.0,module_1
direct_coherent_all_shared_local_route,hybrid_local_global,base_0008,0,22,9270.0,module_4
direct_coherent_all_shared_local_route,hybrid_local_global,base_0008,0,23,9690.0,module_2
direct_coherent_all_shared_local_route,hybrid_local_global,base_0008,0,24,10110.0,module_3
direct_coherent_all_shared_local_route,hybrid_local_global,base_0008,0,25,10530.0,module_2
direct_coherent_all_shared_local_route,hybrid_local_global,base_0008,0,26,10950.0,module_1
direct_coherent_all_shared_local_route,hybrid_local_global,base_0008,0,27,11370.0,module_4
direct_coherent_all_shared_local_route,hybrid_local_global,base_0008,0,28,11790.0,module_1
direct_coherent_all_shared_local_route,hybrid_local_global,base_0008,0,29,12210.0,module_4
direct_coherent_all_shared_local_route,hybrid_local_global,base_0008,0,30,12630.0,module_2
direct_coherent_all_shared_local_route,hybrid_local_global,base_0008,0,31,13050.0,module_3
direct_coherent_all_shared_local_route,hybrid_local_global,base_0008,0,32,13470.0,module_4
direct_coherent_all_shared_local_route,hybrid_local_global,base_0008,0,33,13890.0,module_3
direct_coherent_all_shared_local_route,hybrid_local_global,base_0008,0,34,14310.0,module_1
direct_coherent_all_shared_local_route,hybrid_local_global,base_0008,0,35,14730.0,module_2
direct_coherent_all_shared_local_route,hybrid_local_global,base_0008,0,36,15150.0,module_1
direct_coherent_all_shared_local_route,hybrid_local_global,base_0008,0,37,15570.0,module_3
direct_coherent_all_shared_local_route,hybrid_local_global,base_0008,0,38,15990.0,module_4
direct_coherent_all_shared_local_route,hybrid_local_global,base_0008,0,39,16410.0,module_2
direct_coherent_all_shared_local_route,hybrid_local_global,base_0008,0,40,16830.0,module_3
direct_coherent_all_shared_local_route,hybrid_local_global,base_0008,0,41,17250.0,module_4
direct_coherent_all_shared_local_route,hybrid_local_global,base_0008,0,42,17670.0,module_1
direct_coherent_all_shared_local_route,hybrid_local_global,base_0008,0,43,18090.0,module_2
direct_coherent_all_shared_local_route,hybrid_local_global,base_0008,0,44,18510.0,module_2
direct_coherent_all_shared_local_route,hybrid_local_global,base_0008,0,45,18930.0,module_4
direct_coherent_all_shared_local_route,hybrid_local_global,base_0008,0,46,19350.0,module_3
direct_coherent_all_shared_local_route,hybrid_local_global,base_0008,0,47,19770.0,module_1
direct_coherent_all_shared_local_route,hybrid_local_global,base_0008,1,0,30.0,module_1
direct_coherent_all_shared_local_route,hybrid_local_global,base_0008,1,1,450.0,module_2
direct_coherent_all_shared_local_route,hybrid_local_global,base_0008,1,2,870.0,module_3
direct_coherent_all_shared_local_route,hybrid_local_global,base_0008,1,3,1290.0,module_4
direct_coherent_all_shared_local_route,hybrid_local_global,base_0008,1,4,1710.0,module_1
direct_coherent_all_shared_local_route,hybrid_local_global,base_0008,1,5,2130.0,module_2
direct_coherent_all_shared_local_route,hybrid_local_global,base_0008,1,6,2550.0,module_3
direct_coherent_all_shared_local_route,hybrid_local_global,base_0008,1,7,2970.0,module_4
direct_coherent_all_shared_local_route,hybrid_local_global,base_0008,1,8,3390.0,module_1
direct_coherent_all_shared_local_route,hybrid_local_global,base_0008,1,9,3810.0,module_2
direct_coherent_all_shared_local_route,hybrid_local_global,base_0008,1,10,4230.0,module_4
direct_coherent_all_shared_local_route,hybrid_local_global,base_0008,1,11,4650.0,module_3
direct_coherent_all_shared_local_route,hybrid_local_global,base_0008,1,12,5070.0,module_2
direct_coherent_all_shared_local_route,hybrid_local_global,base_0008,1,13,5490.0,module_1
direct_coherent_all_shared_local_route,hybrid_local_global,base_0008,1,14,5910.0,module_4
direct_coherent_all_shared_local_route,hybrid_local_global,base_0008,1,15,6330.0,module_3
direct_coherent_all_shared_local_route,hybrid_local_global,base_0008,1,16,6750.0,module_4
direct_coherent_all_shared_local_route,hybrid_local_global,base_0008,1,17,7170.0,module_3
direct_coherent_all_shared_local_route,hybrid_local_global,base_0008,1,18,7590.0,module_1
direct_coherent_all_shared_local_route,hybrid_local_global,base_0008,1,19,8010.0,module_2
direct_coherent_all_shared_local_route,hybrid_local_global,base_0008,1,20,8430.0,module_1
direct_coherent_all_shared_local_route,hybrid_local_global,base_0008,1,21,8850.0,module_3
direct_coherent_all_shared_local_route,hybrid_local_global,base_0008,1,22,9270.0,module_2
direct_coherent_all_shared_local_route,hybrid_local_global,base_0008,1,23,9690.0,module_4
direct_coherent_all_shared_local_route,hybrid_local_global,base_0008,1,24,10110.0,module_1
direct_coherent_all_shared_local_route,hybrid_local_global,base_0008,1,25,10530.0,module_2
direct_coherent_all_shared_local_route,hybrid_local_global,base_0008,1,26,10950.0,module_4
direct_coherent_all_shared_local_route,hybrid_local_global,base_0008,1,27,11370.0,module_3
direct_coherent_all_shared_local_route,hybrid_local_global,base_0008,1,28,11790.0,module_3
direct_coherent_all_shared_local_route,hybrid_local_global,base_0008,1,29,12210.0,module_4
direct_coherent_all_shared_local_route,hybrid_local_global,base_0008,1,30,12630.0,module_2
direct_coherent_all_shared_local_route,hybrid_local_global,base_0008,1,31,13050.0,module_1
direct_coherent_all_shared_local_route,hybrid_local_global,base_0008,1,32,13470.0,module_1
direct_coherent_all_shared_local_route,hybrid_local_global,base_0008,1,33,13890.0,module_3
direct_coherent_all_shared_local_route,hybrid_local_global,base_0008,1,34,14310.0,module_4
direct_coherent_all_shared_local_route,hybrid_local_global,base_0008,1,35,14730.0,module_2
direct_coherent_all_shared_local_route,hybrid_local_global,base_0008,1,36,15150.0,module_2
direct_coherent_all_shared_local_route,hybrid_local_global,base_0008,1,37,15570.0,module_3
direct_coherent_all_shared_local_route,hybrid_local_global,base_0008,1,38,15990.0,module_1
direct_coherent_all_shared_local_route,hybrid_local_global,base_0008,1,39,16410.0,module_4
direct_coherent_all_shared_local_route,hybrid_local_global,base_0008,1,40,16830.0,module_3
direct_coherent_all_shared_local_route,hybrid_local_global,base_0008,1,41,17250.0,module_2
direct_coherent_all_shared_local_route,hybrid_local_global,base_0008,1,42,17670.0,module_4
direct_coherent_all_shared_local_route,hybrid_local_global,base_0008,1,43,18090.0,module_1
direct_coherent_all_shared_local_route,hybrid_local_global,base_0008,1,44,18510.0,module_3
direct_coherent_all_shared_local_route,hybrid_local_global,base_0008,1,45,18930.0,module_2
direct_coherent_all_shared_local_route,hybrid_local_global,base_0008,1,46,19350.0,module_4
direct_coherent_all_shared_local_route,hybrid_local_global,base_0008,1,47,19770.0,module_1
direct_coherent_all_shared_local_route,hybrid_local_global,base_0009,0,0,30.0,module_2
direct_coherent_all_shared_local_route,hybrid_local_global,base_0009,0,1,450.0,module_3
direct_coherent_all_shared_local_route,hybrid_local_global,base_0009,0,2,870.0,module_1
direct_coherent_all_shared_local_route,hybrid_local_global,base_0009,0,3,1290.0,module_4
direct_coherent_all_shared_local_route,hybrid_local_global,base_0009,0,4,1710.0,module_2
direct_coherent_all_shared_local_route,hybrid_local_global,base_0009,0,5,2130.0,module_4
direct_coherent_all_shared_local_route,hybrid_local_global,base_0009,0,6,2550.0,module_3
direct_coherent_all_shared_local_route,hybrid_local_global,base_0009,0,7,2970.0,module_1
direct_coherent_all_shared_local_route,hybrid_local_global,base_0009,0,8,3390.0,module_3
direct_coherent_all_shared_local_route,hybrid_local_global,base_0009,0,9,3810.0,module_1
direct_coherent_all_shared_local_route,hybrid_local_global,base_0009,0,10,4230.0,module_4
direct_coherent_all_shared_local_route,hybrid_local_global,base_0009,0,11,4650.0,module_2
direct_coherent_all_shared_local_route,hybrid_local_global,base_0009,0,12,5070.0,module_2
direct_coherent_all_shared_local_route,hybrid_local_global,base_0009,0,13,5490.0,module_1
direct_coherent_all_shared_local_route,hybrid_local_global,base_0009,0,14,5910.0,module_3
direct_coherent_all_shared_local_route,hybrid_local_global,base_0009,0,15,6330.0,module_4
direct_coherent_all_shared_local_route,hybrid_local_global,base_0009,0,16,6750.0,module_3
direct_coherent_all_shared_local_route,hybrid_local_global,base_0009,0,17,7170.0,module_2
direct_coherent_all_shared_local_route,hybrid_local_global,base_0009,0,18,7590.0,module_1
direct_coherent_all_shared_local_route,hybrid_local_global,base_0009,0,19,8010.0,module_4
direct_coherent_all_shared_local_route,hybrid_local_global,base_0009,0,20,8430.0,module_4
direct_coherent_all_shared_local_route,hybrid_local_global,base_0009,0,21,8850.0,module_1
direct_coherent_all_shared_local_route,hybrid_local_global,base_0009,0,22,9270.0,module_2
direct_coherent_all_shared_local_route,hybrid_local_global,base_0009,0,23,9690.0,module_3
direct_coherent_all_shared_local_route,hybrid_local_global,base_0009,0,24,10110.0,module_4
direct_coherent_all_shared_local_route,hybrid_local_global,base_0009,0,25,10530.0,module_3
direct_coherent_all_shared_local_route,hybrid_local_global,base_0009,0,26,10950.0,module_2
direct_coherent_all_shared_local_route,hybrid_local_global,base_0009,0,27,11370.0,module_1
direct_coherent_all_shared_local_route,hybrid_local_global,base_0009,0,28,11790.0,module_4
direct_coherent_all_shared_local_route,hybrid_local_global,base_0009,0,29,12210.0,module_2
direct_coherent_all_shared_local_route,hybrid_local_global,base_0009,0,30,12630.0,module_1
direct_coherent_all_shared_local_route,hybrid_local_global,base_0009,0,31,13050.0,module_3
direct_coherent_all_shared_local_route,hybrid_local_global,base_0009,0,32,13470.0,module_1
direct_coherent_all_shared_local_route,hybrid_local_global,base_0009,0,33,13890.0,module_4
direct_coherent_all_shared_local_route,hybrid_local_global,base_0009,0,34,14310.0,module_3
direct_coherent_all_shared_local_route,hybrid_local_global,base_0009,0,35,14730.0,module_2
direct_coherent_all_shared_local_route,hybrid_local_global,base_0009,0,36,15150.0,module_2
direct_coherent_all_shared_local_route,hybrid_local_global,base_0009,0,37,15570.0,module_1
direct_coherent_all_shared_local_route,hybrid_local_global,base_0009,0,38,15990.0,module_4
direct_coherent_all_shared_local_route,hybrid_local_global,base_0009,0,39,16410.0,module_3
direct_coherent_all_shared_local_route,hybrid_local_global,base_0009,0,40,16830.0,module_1
direct_coherent_all_shared_local_route,hybrid_local_global,base_0009,0,41,17250.0,module_2
direct_coherent_all_shared_local_route,hybrid_local_global,base_0009,0,42,17670.0,module_4
direct_coherent_all_shared_local_route,hybrid_local_global,base_0009,0,43,18090.0,module_3
direct_coherent_all_shared_local_route,hybrid_local_global,base_0009,0,44,18510.0,module_3
direct_coherent_all_shared_local_route,hybrid_local_global,base_0009,0,45,18930.0,module_2
direct_coherent_all_shared_local_route,hybrid_local_global,base_0009,0,46,19350.0,module_4
direct_coherent_all_shared_local_route,hybrid_local_global,base_0009,0,47,19770.0,module_1
direct_coherent_all_shared_local_route,hybrid_local_global,base_0009,1,0,30.0,module_4
direct_coherent_all_shared_local_route,hybrid_local_global,base_0009,1,1,450.0,module_3
direct_coherent_all_shared_local_route,hybrid_local_global,base_0009,1,2,870.0,module_2
direct_coherent_all_shared_local_route,hybrid_local_global,base_0009,1,3,1290.0,module_1
direct_coherent_all_shared_local_route,hybrid_local_global,base_0009,1,4,1710.0,module_1
direct_coherent_all_shared_local_route,hybrid_local_global,base_0009,1,5,2130.0,module_3
direct_coherent_all_shared_local_route,hybrid_local_global,base_0009,1,6,2550.0,module_4
direct_coherent_all_shared_local_route,hybrid_local_global,base_0009,1,7,2970.0,module_2
direct_coherent_all_shared_local_route,hybrid_local_global,base_0009,1,8,3390.0,module_4
direct_coherent_all_shared_local_route,hybrid_local_global,base_0009,1,9,3810.0,module_1
direct_coherent_all_shared_local_route,hybrid_local_global,base_0009,1,10,4230.0,module_2
direct_coherent_all_shared_local_route,hybrid_local_global,base_0009,1,11,4650.0,module_3
direct_coherent_all_shared_local_route,hybrid_local_global,base_0009,1,12,5070.0,module_1
direct_coherent_all_shared_local_route,hybrid_local_global,base_0009,1,13,5490.0,module_4
direct_coherent_all_shared_local_route,hybrid_local_global,base_0009,1,14,5910.0,module_2
direct_coherent_all_shared_local_route,hybrid_local_global,base_0009,1,15,6330.0,module_3
direct_coherent_all_shared_local_route,hybrid_local_global,base_0009,1,16,6750.0,module_1
direct_coherent_all_shared_local_route,hybrid_local_global,base_0009,1,17,7170.0,module_2
direct_coherent_all_shared_local_route,hybrid_local_global,base_0009,1,18,7590.0,module_3
direct_coherent_all_shared_local_route,hybrid_local_global,base_0009,1,19,8010.0,module_4
direct_coherent_all_shared_local_route,hybrid_local_global,base_0009,1,20,8430.0,module_2
direct_coherent_all_shared_local_route,hybrid_local_global,base_0009,1,21,8850.0,module_1
direct_coherent_all_shared_local_route,hybrid_local_global,base_0009,1,22,9270.0,module_4
direct_coherent_all_shared_local_route,hybrid_local_global,base_0009,1,23,9690.0,module_3
direct_coherent_all_shared_local_route,hybrid_local_global,base_0009,1,24,10110.0,module_4
direct_coherent_all_shared_local_route,hybrid_local_global,base_0009,1,25,10530.0,module_2
direct_coherent_all_shared_local_route,hybrid_local_global,base_0009,1,26,10950.0,module_3
direct_coherent_all_shared_local_route,hybrid_local_global,base_0009,1,27,11370.0,module_1
direct_coherent_all_shared_local_route,hybrid_local_global,base_0009,1,28,11790.0,module_3
direct_coherent_all_shared_local_route,hybrid_local_global,base_0009,1,29,12210.0,module_1
direct_coherent_all_shared_local_route,hybrid_local_global,base_0009,1,30,12630.0,module_2
direct_coherent_all_shared_local_route,hybrid_local_global,base_0009,1,31,13050.0,module_4
direct_coherent_all_shared_local_route,hybrid_local_global,base_0009,1,32,13470.0,module_1
direct_coherent_all_shared_local_route,hybrid_local_global,base_0009,1,33,13890.0,module_2
direct_coherent_all_shared_local_route,hybrid_local_global,base_0009,1,34,14310.0,module_4
direct_coherent_all_shared_local_route,hybrid_local_global,base_0009,1,35,14730.0,module_3
direct_coherent_all_shared_local_route,hybrid_local_global,base_0009,1,36,15150.0,module_3
direct_coherent_all_shared_local_route,hybrid_local_global,base_0009,1,37,15570.0,module_1
direct_coherent_all_shared_local_route,hybrid_local_global,base_0009,1,38,15990.0,module_2
direct_coherent_all_shared_local_route,hybrid_local_global,base_0009,1,39,16410.0,module_4
direct_coherent_all_shared_local_route,hybrid_local_global,base_0009,1,40,16830.0,module_3
direct_coherent_all_shared_local_route,hybrid_local_global,base_0009,1,41,17250.0,module_4
direct_coherent_all_shared_local_route,hybrid_local_global,base_0009,1,42,17670.0,module_1
direct_coherent_all_shared_local_route,hybrid_local_global,base_0009,1,43,18090.0,module_2
direct_coherent_all_shared_local_route,hybrid_local_global,base_0009,1,44,18510.0,module_3
direct_coherent_all_shared_local_route,hybrid_local_global,base_0009,1,45,18930.0,module_4
direct_coherent_all_shared_local_route,hybrid_local_global,base_0009,1,46,19350.0,module_2
direct_coherent_all_shared_local_route,hybrid_local_global,base_0009,1,47,19770.0,module_1
direct_coherent_all_shared_local_route,hybrid_local_global,base_0010,0,0,30.0,module_4
direct_coherent_all_shared_local_route,hybrid_local_global,base_0010,0,1,450.0,module_1
direct_coherent_all_shared_local_route,hybrid_local_global,base_0010,0,2,870.0,module_3
direct_coherent_all_shared_local_route,hybrid_local_global,base_0010,0,3,1290.0,module_2
direct_coherent_all_shared_local_route,hybrid_local_global,base_0010,0,4,1710.0,module_4
direct_coherent_all_shared_local_route,hybrid_local_global,base_0010,0,5,2130.0,module_1
direct_coherent_all_shared_local_route,hybrid_local_global,base_0010,0,6,2550.0,module_3
direct_coherent_all_shared_local_route,hybrid_local_global,base_0010,0,7,2970.0,module_2
direct_coherent_all_shared_local_route,hybrid_local_global,base_0010,0,8,3390.0,module_1
direct_coherent_all_shared_local_route,hybrid_local_global,base_0010,0,9,3810.0,module_4
direct_coherent_all_shared_local_route,hybrid_local_global,base_0010,0,10,4230.0,module_2
direct_coherent_all_shared_local_route,hybrid_local_global,base_0010,0,11,4650.0,module_3
direct_coherent_all_shared_local_route,hybrid_local_global,base_0010,0,12,5070.0,module_3
direct_coherent_all_shared_local_route,hybrid_local_global,base_0010,0,13,5490.0,module_2
direct_coherent_all_shared_local_route,hybrid_local_global,base_0010,0,14,5910.0,module_4
direct_coherent_all_shared_local_route,hybrid_local_global,base_0010,0,15,6330.0,module_1
direct_coherent_all_shared_local_route,hybrid_local_global,base_0010,0,16,6750.0,module_2
direct_coherent_all_shared_local_route,hybrid_local_global,base_0010,0,17,7170.0,module_1
direct_coherent_all_shared_local_route,hybrid_local_global,base_0010,0,18,7590.0,module_4
direct_coherent_all_shared_local_route,hybrid_local_global,base_0010,0,19,8010.0,module_3
direct_coherent_all_shared_local_route,hybrid_local_global,base_0010,0,20,8430.0,module_2
direct_coherent_all_shared_local_route,hybrid_local_global,base_0010,0,21,8850.0,module_1
direct_coherent_all_shared_local_route,hybrid_local_global,base_0010,0,22,9270.0,module_3
direct_coherent_all_shared_local_route,hybrid_local_global,base_0010,0,23,9690.0,module_4
direct_coherent_all_shared_local_route,hybrid_local_global,base_0010,0,24,10110.0,module_2
direct_coherent_all_shared_local_route,hybrid_local_global,base_0010,0,25,10530.0,module_1
direct_coherent_all_shared_local_route,hybrid_local_global,base_0010,0,26,10950.0,module_4
direct_coherent_all_shared_local_route,hybrid_local_global,base_0010,0,27,11370.0,module_3
direct_coherent_all_shared_local_route,hybrid_local_global,base_0010,0,28,11790.0,module_3
direct_coherent_all_shared_local_route,hybrid_local_global,base_0010,0,29,12210.0,module_4
direct_coherent_all_shared_local_route,hybrid_local_global,base_0010,0,30,12630.0,module_1
direct_coherent_all_shared_local_route,hybrid_local_global,base_0010,0,31,13050.0,module_2
direct_coherent_all_shared_local_route,hybrid_local_global,base_0010,0,32,13470.0,module_1
direct_coherent_all_shared_local_route,hybrid_local_global,base_0010,0,33,13890.0,module_4
direct_coherent_all_shared_local_route,hybrid_local_global,base_0010,0,34,14310.0,module_3
direct_coherent_all_shared_local_route,hybrid_local_global,base_0010,0,35,14730.0,module_2
direct_coherent_all_shared_local_route,hybrid_local_global,base_0010,0,36,15150.0,module_3
direct_coherent_all_shared_local_route,hybrid_local_global,base_0010,0,37,15570.0,module_1
direct_coherent_all_shared_local_route,hybrid_local_global,base_0010,0,38,15990.0,module_2
direct_coherent_all_shared_local_route,hybrid_local_global,base_0010,0,39,16410.0,module_4
direct_coherent_all_shared_local_route,hybrid_local_global,base_0010,0,40,16830.0,module_3
direct_coherent_all_shared_local_route,hybrid_local_global,base_0010,0,41,17250.0,module_2
direct_coherent_all_shared_local_route,hybrid_local_global,base_0010,0,42,17670.0,module_4
direct_coherent_all_shared_local_route,hybrid_local_global,base_0010,0,43,18090.0,module_1
direct_coherent_all_shared_local_route,hybrid_local_global,base_0010,0,44,18510.0,module_3
direct_coherent_all_shared_local_route,hybrid_local_global,base_0010,0,45,18930.0,module_2
direct_coherent_all_shared_local_route,hybrid_local_global,base_0010,0,46,19350.0,module_1
direct_coherent_all_shared_local_route,hybrid_local_global,base_0010,0,47,19770.0,module_4
direct_coherent_all_shared_local_route,hybrid_local_global,base_0010,1,0,30.0,module_1
direct_coherent_all_shared_local_route,hybrid_local_global,base_0010,1,1,450.0,module_2
direct_coherent_all_shared_local_route,hybrid_local_global,base_0010,1,2,870.0,module_4
direct_coherent_all_shared_local_route,hybrid_local_global,base_0010,1,3,1290.0,module_3
direct_coherent_all_shared_local_route,hybrid_local_global,base_0010,1,4,1710.0,module_1
direct_coherent_all_shared_local_route,hybrid_local_global,base_0010,1,5,2130.0,module_3
direct_coherent_all_shared_local_route,hybrid_local_global,base_0010,1,6,2550.0,module_2
direct_coherent_all_shared_local_route,hybrid_local_global,base_0010,1,7,2970.0,module_4
direct_coherent_all_shared_local_route,hybrid_local_global,base_0010,1,8,3390.0,module_2
direct_coherent_all_shared_local_route,hybrid_local_global,base_0010,1,9,3810.0,module_3
direct_coherent_all_shared_local_route,hybrid_local_global,base_0010,1,10,4230.0,module_1
direct_coherent_all_shared_local_route,hybrid_local_global,base_0010,1,11,4650.0,module_4
direct_coherent_all_shared_local_route,hybrid_local_global,base_0010,1,12,5070.0,module_2
direct_coherent_all_shared_local_route,hybrid_local_global,base_0010,1,13,5490.0,module_3
direct_coherent_all_shared_local_route,hybrid_local_global,base_0010,1,14,5910.0,module_1
direct_coherent_all_shared_local_route,hybrid_local_global,base_0010,1,15,6330.0,module_4
direct_coherent_all_shared_local_route,hybrid_local_global,base_0010,1,16,6750.0,module_2
direct_coherent_all_shared_local_route,hybrid_local_global,base_0010,1,17,7170.0,module_1
direct_coherent_all_shared_local_route,hybrid_local_global,base_0010,1,18,7590.0,module_4
direct_coherent_all_shared_local_route,hybrid_local_global,base_0010,1,19,8010.0,module_3
direct_coherent_all_shared_local_route,hybrid_local_global,base_0010,1,20,8430.0,module_1
direct_coherent_all_shared_local_route,hybrid_local_global,base_0010,1,21,8850.0,module_4
direct_coherent_all_shared_local_route,hybrid_local_global,base_0010,1,22,9270.0,module_3
direct_coherent_all_shared_local_route,hybrid_local_global,base_0010,1,23,9690.0,module_2
direct_coherent_all_shared_local_route,hybrid_local_global,base_0010,1,24,10110.0,module_2
direct_coherent_all_shared_local_route,hybrid_local_global,base_0010,1,25,10530.0,module_1
direct_coherent_all_shared_local_route,hybrid_local_global,base_0010,1,26,10950.0,module_4
direct_coherent_all_shared_local_route,hybrid_local_global,base_0010,1,27,11370.0,module_3
direct_coherent_all_shared_local_route,hybrid_local_global,base_0010,1,28,11790.0,module_1
direct_coherent_all_shared_local_route,hybrid_local_global,base_0010,1,29,12210.0,module_4
direct_coherent_all_shared_local_route,hybrid_local_global,base_0010,1,30,12630.0,module_3
direct_coherent_all_shared_local_route,hybrid_local_global,base_0010,1,31,13050.0,module_2
direct_coherent_all_shared_local_route,hybrid_local_global,base_0010,1,32,13470.0,module_1
direct_coherent_all_shared_local_route,hybrid_local_global,base_0010,1,33,13890.0,module_2
direct_coherent_all_shared_local_route,hybrid_local_global,base_0010,1,34,14310.0,module_3
direct_coherent_all_shared_local_route,hybrid_local_global,base_0010,1,35,14730.0,module_4
direct_coherent_all_shared_local_route,hybrid_local_global,base_0010,1,36,15150.0,module_3
direct_coherent_all_shared_local_route,hybrid_local_global,base_0010,1,37,15570.0,module_1
direct_coherent_all_shared_local_route,hybrid_local_global,base_0010,1,38,15990.0,module_2
direct_coherent_all_shared_local_route,hybrid_local_global,base_0010,1,39,16410.0,module_4
direct_coherent_all_shared_local_route,hybrid_local_global,base_0010,1,40,16830.0,module_2
direct_coherent_all_shared_local_route,hybrid_local_global,base_0010,1,41,17250.0,module_4
direct_coherent_all_shared_local_route,hybrid_local_global,base_0010,1,42,17670.0,module_3
direct_coherent_all_shared_local_route,hybrid_local_global,base_0010,1,43,18090.0,module_1
direct_coherent_all_shared_local_route,hybrid_local_global,base_0010,1,44,18510.0,module_3
direct_coherent_all_shared_local_route,hybrid_local_global,base_0010,1,45,18930.0,module_2
direct_coherent_all_shared_local_route,hybrid_local_global,base_0010,1,46,19350.0,module_1
direct_coherent_all_shared_local_route,hybrid_local_global,base_0010,1,47,19770.0,module_4
direct_coherent_all_shared_local_route,hybrid_local_global,base_0011,0,0,30.0,module_3
direct_coherent_all_shared_local_route,hybrid_local_global,base_0011,0,1,450.0,module_4
direct_coherent_all_shared_local_route,hybrid_local_global,base_0011,0,2,870.0,module_2
direct_coherent_all_shared_local_route,hybrid_local_global,base_0011,0,3,1290.0,module_1
direct_coherent_all_shared_local_route,hybrid_local_global,base_0011,0,4,1710.0,module_4
direct_coherent_all_shared_local_route,hybrid_local_global,base_0011,0,5,2130.0,module_2
direct_coherent_all_shared_local_route,hybrid_local_global,base_0011,0,6,2550.0,module_1
direct_coherent_all_shared_local_route,hybrid_local_global,base_0011,0,7,2970.0,module_3
direct_coherent_all_shared_local_route,hybrid_local_global,base_0011,0,8,3390.0,module_1
direct_coherent_all_shared_local_route,hybrid_local_global,base_0011,0,9,3810.0,module_4
direct_coherent_all_shared_local_route,hybrid_local_global,base_0011,0,10,4230.0,module_3
direct_coherent_all_shared_local_route,hybrid_local_global,base_0011,0,11,4650.0,module_2
direct_coherent_all_shared_local_route,hybrid_local_global,base_0011,0,12,5070.0,module_1
direct_coherent_all_shared_local_route,hybrid_local_global,base_0011,0,13,5490.0,module_2
direct_coherent_all_shared_local_route,hybrid_local_global,base_0011,0,14,5910.0,module_4
direct_coherent_all_shared_local_route,hybrid_local_global,base_0011,0,15,6330.0,module_3
direct_coherent_all_shared_local_route,hybrid_local_global,base_0011,0,16,6750.0,module_3
direct_coherent_all_shared_local_route,hybrid_local_global,base_0011,0,17,7170.0,module_1
direct_coherent_all_shared_local_route,hybrid_local_global,base_0011,0,18,7590.0,module_2
direct_coherent_all_shared_local_route,hybrid_local_global,base_0011,0,19,8010.0,module_4
direct_coherent_all_shared_local_route,hybrid_local_global,base_0011,0,20,8430.0,module_3
direct_coherent_all_shared_local_route,hybrid_local_global,base_0011,0,21,8850.0,module_2
direct_coherent_all_shared_local_route,hybrid_local_global,base_0011,0,22,9270.0,module_4
direct_coherent_all_shared_local_route,hybrid_local_global,base_0011,0,23,9690.0,module_1
direct_coherent_all_shared_local_route,hybrid_local_global,base_0011,0,24,10110.0,module_1
direct_coherent_all_shared_local_route,hybrid_local_global,base_0011,0,25,10530.0,module_4
direct_coherent_all_shared_local_route,hybrid_local_global,base_0011,0,26,10950.0,module_2
direct_coherent_all_shared_local_route,hybrid_local_global,base_0011,0,27,11370.0,module_3
direct_coherent_all_shared_local_route,hybrid_local_global,base_0011,0,28,11790.0,module_2
direct_coherent_all_shared_local_route,hybrid_local_global,base_0011,0,29,12210.0,module_3
direct_coherent_all_shared_local_route,hybrid_local_global,base_0011,0,30,12630.0,module_4
direct_coherent_all_shared_local_route,hybrid_local_global,base_0011,0,31,13050.0,module_1
direct_coherent_all_shared_local_route,hybrid_local_global,base_0011,0,32,13470.0,module_2
direct_coherent_all_shared_local_route,hybrid_local_global,base_0011,0,33,13890.0,module_4
direct_coherent_all_shared_local_route,hybrid_local_global,base_0011,0,34,14310.0,module_3
direct_coherent_all_shared_local_route,hybrid_local_global,base_0011,0,35,14730.0,module_1
direct_coherent_all_shared_local_route,hybrid_local_global,base_0011,0,36,15150.0,module_1
direct_coherent_all_shared_local_route,hybrid_local_global,base_0011,0,37,15570.0,module_3
direct_coherent_all_shared_local_route,hybrid_local_global,base_0011,0,38,15990.0,module_4
direct_coherent_all_shared_local_route,hybrid_local_global,base_0011,0,39,16410.0,module_2
direct_coherent_all_shared_local_route,hybrid_local_global,base_0011,0,40,16830.0,module_2
direct_coherent_all_shared_local_route,hybrid_local_global,base_0011,0,41,17250.0,module_3
direct_coherent_all_shared_local_route,hybrid_local_global,base_0011,0,42,17670.0,module_1
direct_coherent_all_shared_local_route,hybrid_local_global,base_0011,0,43,18090.0,module_4
direct_coherent_all_shared_local_route,hybrid_local_global,base_0011,0,44,18510.0,module_1
direct_coherent_all_shared_local_route,hybrid_local_global,base_0011,0,45,18930.0,module_4
direct_coherent_all_shared_local_route,hybrid_local_global,base_0011,0,46,19350.0,module_2
direct_coherent_all_shared_local_route,hybrid_local_global,base_0011,0,47,19770.0,module_3
direct_coherent_all_shared_local_route,hybrid_local_global,base_0011,1,0,30.0,module_2
direct_coherent_all_shared_local_route,hybrid_local_global,base_0011,1,1,450.0,module_3
direct_coherent_all_shared_local_route,hybrid_local_global,base_0011,1,2,870.0,module_4
direct_coherent_all_shared_local_route,hybrid_local_global,base_0011,1,3,1290.0,module_1
direct_coherent_all_shared_local_route,hybrid_local_global,base_0011,1,4,1710.0,module_3
direct_coherent_all_shared_local_route,hybrid_local_global,base_0011,1,5,2130.0,module_4
direct_coherent_all_shared_local_route,hybrid_local_global,base_0011,1,6,2550.0,module_1
direct_coherent_all_shared_local_route,hybrid_local_global,base_0011,1,7,2970.0,module_2
direct_coherent_all_shared_local_route,hybrid_local_global,base_0011,1,8,3390.0,module_4
direct_coherent_all_shared_local_route,hybrid_local_global,base_0011,1,9,3810.0,module_3
direct_coherent_all_shared_local_route,hybrid_local_global,base_0011,1,10,4230.0,module_1
direct_coherent_all_shared_local_route,hybrid_local_global,base_0011,1,11,4650.0,module_2
direct_coherent_all_shared_local_route,hybrid_local_global,base_0011,1,12,5070.0,module_3
direct_coherent_all_shared_local_route,hybrid_local_global,base_0011,1,13,5490.0,module_4
direct_coherent_all_shared_local_route,hybrid_local_global,base_0011,1,14,5910.0,module_2
direct_coherent_all_shared_local_route,hybrid_local_global,base_0011,1,15,6330.0,module_1
direct_coherent_all_shared_local_route,hybrid_local_global,base_0011,1,16,6750.0,module_2
direct_coherent_all_shared_local_route,hybrid_local_global,base_0011,1,17,7170.0,module_4
direct_coherent_all_shared_local_route,hybrid_local_global,base_0011,1,18,7590.0,module_1
direct_coherent_all_shared_local_route,hybrid_local_global,base_0011,1,19,8010.0,module_3
direct_coherent_all_shared_local_route,hybrid_local_global,base_0011,1,20,8430.0,module_3
direct_coherent_all_shared_local_route,hybrid_local_global,base_0011,1,21,8850.0,module_1
direct_coherent_all_shared_local_route,hybrid_local_global,base_0011,1,22,9270.0,module_2
direct_coherent_all_shared_local_route,hybrid_local_global,base_0011,1,23,9690.0,module_4
direct_coherent_all_shared_local_route,hybrid_local_global,base_0011,1,24,10110.0,module_1
direct_coherent_all_shared_local_route,hybrid_local_global,base_0011,1,25,10530.0,module_2
direct_coherent_all_shared_local_route,hybrid_local_global,base_0011,1,26,10950.0,module_4
direct_coherent_all_shared_local_route,hybrid_local_global,base_0011,1,27,11370.0,module_3
direct_coherent_all_shared_local_route,hybrid_local_global,base_0011,1,28,11790.0,module_3
direct_coherent_all_shared_local_route,hybrid_local_global,base_0011,1,29,12210.0,module_1
direct_coherent_all_shared_local_route,hybrid_local_global,base_0011,1,30,12630.0,module_2
direct_coherent_all_shared_local_route,hybrid_local_global,base_0011,1,31,13050.0,module_4
direct_coherent_all_shared_local_route,hybrid_local_global,base_0011,1,32,13470.0,module_3
direct_coherent_all_shared_local_route,hybrid_local_global,base_0011,1,33,13890.0,module_2
direct_coherent_all_shared_local_route,hybrid_local_global,base_0011,1,34,14310.0,module_4
direct_coherent_all_shared_local_route,hybrid_local_global,base_0011,1,35,14730.0,module_1
direct_coherent_all_shared_local_route,hybrid_local_global,base_0011,1,36,15150.0,module_2
direct_coherent_all_shared_local_route,hybrid_local_global,base_0011,1,37,15570.0,module_3
direct_coherent_all_shared_local_route,hybrid_local_global,base_0011,1,38,15990.0,module_4
direct_coherent_all_shared_local_route,hybrid_local_global,base_0011,1,39,16410.0,module_1
direct_coherent_all_shared_local_route,hybrid_local_global,base_0011,1,40,16830.0,module_2
direct_coherent_all_shared_local_route,hybrid_local_global,base_0011,1,41,17250.0,module_1
direct_coherent_all_shared_local_route,hybrid_local_global,base_0011,1,42,17670.0,module_4
direct_coherent_all_shared_local_route,hybrid_local_global,base_0011,1,43,18090.0,module_3
direct_coherent_all_shared_local_route,hybrid_local_global,base_0011,1,44,18510.0,module_2
direct_coherent_all_shared_local_route,hybrid_local_global,base_0011,1,45,18930.0,module_1
direct_coherent_all_shared_local_route,hybrid_local_global,base_0011,1,46,19350.0,module_4
direct_coherent_all_shared_local_route,hybrid_local_global,base_0011,1,47,19770.0,module_3
direct_coherent_all_shared_local_route,hybrid_local_global,base_0012,0,0,30.0,module_2
direct_coherent_all_shared_local_route,hybrid_local_global,base_0012,0,1,450.0,module_3
direct_coherent_all_shared_local_route,hybrid_local_global,base_0012,0,2,870.0,module_4
direct_coherent_all_shared_local_route,hybrid_local_global,base_0012,0,3,1290.0,module_1
direct_coherent_all_shared_local_route,hybrid_local_global,base_0012,0,4,1710.0,module_1
direct_coherent_all_shared_local_route,hybrid_local_global,base_0012,0,5,2130.0,module_2
direct_coherent_all_shared_local_route,hybrid_local_global,base_0012,0,6,2550.0,module_3
direct_coherent_all_shared_local_route,hybrid_local_global,base_0012,0,7,2970.0,module_4
direct_coherent_all_shared_local_route,hybrid_local_global,base_0012,0,8,3390.0,module_1
direct_coherent_all_shared_local_route,hybrid_local_global,base_0012,0,9,3810.0,module_4
direct_coherent_all_shared_local_route,hybrid_local_global,base_0012,0,10,4230.0,module_2
direct_coherent_all_shared_local_route,hybrid_local_global,base_0012,0,11,4650.0,module_3
direct_coherent_all_shared_local_route,hybrid_local_global,base_0012,0,12,5070.0,module_1
direct_coherent_all_shared_local_route,hybrid_local_global,base_0012,0,13,5490.0,module_3
direct_coherent_all_shared_local_route,hybrid_local_global,base_0012,0,14,5910.0,module_2
direct_coherent_all_shared_local_route,hybrid_local_global,base_0012,0,15,6330.0,module_4
direct_coherent_all_shared_local_route,hybrid_local_global,base_0012,0,16,6750.0,module_4
direct_coherent_all_shared_local_route,hybrid_local_global,base_0012,0,17,7170.0,module_3
direct_coherent_all_shared_local_route,hybrid_local_global,base_0012,0,18,7590.0,module_1
direct_coherent_all_shared_local_route,hybrid_local_global,base_0012,0,19,8010.0,module_2
direct_coherent_all_shared_local_route,hybrid_local_global,base_0012,0,20,8430.0,module_1
direct_coherent_all_shared_local_route,hybrid_local_global,base_0012,0,21,8850.0,module_3
direct_coherent_all_shared_local_route,hybrid_local_global,base_0012,0,22,9270.0,module_2
direct_coherent_all_shared_local_route,hybrid_local_global,base_0012,0,23,9690.0,module_4
direct_coherent_all_shared_local_route,hybrid_local_global,base_0012,0,24,10110.0,module_3
direct_coherent_all_shared_local_route,hybrid_local_global,base_0012,0,25,10530.0,module_4
direct_coherent_all_shared_local_route,hybrid_local_global,base_0012,0,26,10950.0,module_2
direct_coherent_all_shared_local_route,hybrid_local_global,base_0012,0,27,11370.0,module_1
direct_coherent_all_shared_local_route,hybrid_local_global,base_0012,0,28,11790.0,module_4
direct_coherent_all_shared_local_route,hybrid_local_global,base_0012,0,29,12210.0,module_3
direct_coherent_all_shared_local_route,hybrid_local_global,base_0012,0,30,12630.0,module_1
direct_coherent_all_shared_local_route,hybrid_local_global,base_0012,0,31,13050.0,module_2
direct_coherent_all_shared_local_route,hybrid_local_global,base_0012,0,32,13470.0,module_2
direct_coherent_all_shared_local_route,hybrid_local_global,base_0012,0,33,13890.0,module_4
direct_coherent_all_shared_local_route,hybrid_local_global,base_0012,0,34,14310.0,module_1
direct_coherent_all_shared_local_route,hybrid_local_global,base_0012,0,35,14730.0,module_3
direct_coherent_all_shared_local_route,hybrid_local_global,base_0012,0,36,15150.0,module_2
direct_coherent_all_shared_local_route,hybrid_local_global,base_0012,0,37,15570.0,module_3
direct_coherent_all_shared_local_route,hybrid_local_global,base_0012,0,38,15990.0,module_4
direct_coherent_all_shared_local_route,hybrid_local_global,base_0012,0,39,16410.0,module_1
direct_coherent_all_shared_local_route,hybrid_local_global,base_0012,0,40,16830.0,module_3
direct_coherent_all_shared_local_route,hybrid_local_global,base_0012,0,41,17250.0,module_2
direct_coherent_all_shared_local_route,hybrid_local_global,base_0012,0,42,17670.0,module_1
direct_coherent_all_shared_local_route,hybrid_local_global,base_0012,0,43,18090.0,module_4
direct_coherent_all_shared_local_route,hybrid_local_global,base_0012,0,44,18510.0,module_2
direct_coherent_all_shared_local_route,hybrid_local_global,base_0012,0,45,18930.0,module_4
direct_coherent_all_shared_local_route,hybrid_local_global,base_0012,0,46,19350.0,module_3
direct_coherent_all_shared_local_route,hybrid_local_global,base_0012,0,47,19770.0,module_1
direct_coherent_all_shared_local_route,hybrid_local_global,base_0012,1,0,30.0,module_3
direct_coherent_all_shared_local_route,hybrid_local_global,base_0012,1,1,450.0,module_1
direct_coherent_all_shared_local_route,hybrid_local_global,base_0012,1,2,870.0,module_4
direct_coherent_all_shared_local_route,hybrid_local_global,base_0012,1,3,1290.0,module_2
direct_coherent_all_shared_local_route,hybrid_local_global,base_0012,1,4,1710.0,module_1
direct_coherent_all_shared_local_route,hybrid_local_global,base_0012,1,5,2130.0,module_2
direct_coherent_all_shared_local_route,hybrid_local_global,base_0012,1,6,2550.0,module_4
direct_coherent_all_shared_local_route,hybrid_local_global,base_0012,1,7,2970.0,module_3
direct_coherent_all_shared_local_route,hybrid_local_global,base_0012,1,8,3390.0,module_3
direct_coherent_all_shared_local_route,hybrid_local_global,base_0012,1,9,3810.0,module_2
direct_coherent_all_shared_local_route,hybrid_local_global,base_0012,1,10,4230.0,module_1
direct_coherent_all_shared_local_route,hybrid_local_global,base_0012,1,11,4650.0,module_4
direct_coherent_all_shared_local_route,hybrid_local_global,base_0012,1,12,5070.0,module_4
direct_coherent_all_shared_local_route,hybrid_local_global,base_0012,1,13,5490.0,module_1
direct_coherent_all_shared_local_route,hybrid_local_global,base_0012,1,14,5910.0,module_3
direct_coherent_all_shared_local_route,hybrid_local_global,base_0012,1,15,6330.0,module_2
direct_coherent_all_shared_local_route,hybrid_local_global,base_0012,1,16,6750.0,module_3
direct_coherent_all_shared_local_route,hybrid_local_global,base_0012,1,17,7170.0,module_2
direct_coherent_all_shared_local_route,hybrid_local_global,base_0012,1,18,7590.0,module_1
direct_coherent_all_shared_local_route,hybrid_local_global,base_0012,1,19,8010.0,module_4
direct_coherent_all_shared_local_route,hybrid_local_global,base_0012,1,20,8430.0,module_3
direct_coherent_all_shared_local_route,hybrid_local_global,base_0012,1,21,8850.0,module_2
direct_coherent_all_shared_local_route,hybrid_local_global,base_0012,1,22,9270.0,module_4
direct_coherent_all_shared_local_route,hybrid_local_global,base_0012,1,23,9690.0,module_1
direct_coherent_all_shared_local_route,hybrid_local_global,base_0012,1,24,10110.0,module_2
direct_coherent_all_shared_local_route,hybrid_local_global,base_0012,1,25,10530.0,module_4
direct_coherent_all_shared_local_route,hybrid_local_global,base_0012,1,26,10950.0,module_3
direct_coherent_all_shared_local_route,hybrid_local_global,base_0012,1,27,11370.0,module_1
direct_coherent_all_shared_local_route,hybrid_local_global,base_0012,1,28,11790.0,module_3
direct_coherent_all_shared_local_route,hybrid_local_global,base_0012,1,29,12210.0,module_4
direct_coherent_all_shared_local_route,hybrid_local_global,base_0012,1,30,12630.0,module_2
direct_coherent_all_shared_local_route,hybrid_local_global,base_0012,1,31,13050.0,module_1
direct_coherent_all_shared_local_route,hybrid_local_global,base_0012,1,32,13470.0,module_1
direct_coherent_all_shared_local_route,hybrid_local_global,base_0012,1,33,13890.0,module_3
direct_coherent_all_shared_local_route,hybrid_local_global,base_0012,1,34,14310.0,module_4
direct_coherent_all_shared_local_route,hybrid_local_global,base_0012,1,35,14730.0,module_2
direct_coherent_all_shared_local_route,hybrid_local_global,base_0012,1,36,15150.0,module_1
direct_coherent_all_shared_local_route,hybrid_local_global,base_0012,1,37,15570.0,module_3
direct_coherent_all_shared_local_route,hybrid_local_global,base_0012,1,38,15990.0,module_4
direct_coherent_all_shared_local_route,hybrid_local_global,base_0012,1,39,16410.0,module_2
direct_coherent_all_shared_local_route,hybrid_local_global,base_0012,1,40,16830.0,module_2
direct_coherent_all_shared_local_route,hybrid_local_global,base_0012,1,41,17250.0,module_4
direct_coherent_all_shared_local_route,hybrid_local_global,base_0012,1,42,17670.0,module_1
direct_coherent_all_shared_local_route,hybrid_local_global,base_0012,1,43,18090.0,module_3
direct_coherent_all_shared_local_route,hybrid_local_global,base_0012,1,44,18510.0,module_1
direct_coherent_all_shared_local_route,hybrid_local_global,base_0012,1,45,18930.0,module_2
direct_coherent_all_shared_local_route,hybrid_local_global,base_0012,1,46,19350.0,module_4
direct_coherent_all_shared_local_route,hybrid_local_global,base_0012,1,47,19770.0,module_3
direct_coherent_all_shared_local_route,hybrid_local_global,base_0013,0,0,30.0,module_3
direct_coherent_all_shared_local_route,hybrid_local_global,base_0013,0,1,450.0,module_1
direct_coherent_all_shared_local_route,hybrid_local_global,base_0013,0,2,870.0,module_2
direct_coherent_all_shared_local_route,hybrid_local_global,base_0013,0,3,1290.0,module_4
direct_coherent_all_shared_local_route,hybrid_local_global,base_0013,0,4,1710.0,module_1
direct_coherent_all_shared_local_route,hybrid_local_global,base_0013,0,5,2130.0,module_4
direct_coherent_all_shared_local_route,hybrid_local_global,base_0013,0,6,2550.0,module_2
direct_coherent_all_shared_local_route,hybrid_local_global,base_0013,0,7,2970.0,module_3
direct_coherent_all_shared_local_route,hybrid_local_global,base_0013,0,8,3390.0,module_3
direct_coherent_all_shared_local_route,hybrid_local_global,base_0013,0,9,3810.0,module_2
direct_coherent_all_shared_local_route,hybrid_local_global,base_0013,0,10,4230.0,module_1
direct_coherent_all_shared_local_route,hybrid_local_global,base_0013,0,11,4650.0,module_4
direct_coherent_all_shared_local_route,hybrid_local_global,base_0013,0,12,5070.0,module_3
direct_coherent_all_shared_local_route,hybrid_local_global,base_0013,0,13,5490.0,module_1
direct_coherent_all_shared_local_route,hybrid_local_global,base_0013,0,14,5910.0,module_4
direct_coherent_all_shared_local_route,hybrid_local_global,base_0013,0,15,6330.0,module_2
direct_coherent_all_shared_local_route,hybrid_local_global,base_0013,0,16,6750.0,module_1
direct_coherent_all_shared_local_route,hybrid_local_global,base_0013,0,17,7170.0,module_2
direct_coherent_all_shared_local_route,hybrid_local_global,base_0013,0,18,7590.0,module_3
direct_coherent_all_shared_local_route,hybrid_local_global,base_0013,0,19,8010.0,module_4
direct_coherent_all_shared_local_route,hybrid_local_global,base_0013,0,20,8430.0,module_2
direct_coherent_all_shared_local_route,hybrid_local_global,base_0013,0,21,8850.0,module_3
direct_coherent_all_shared_local_route,hybrid_local_global,base_0013,0,22,9270.0,module_1
direct_coherent_all_shared_local_route,hybrid_local_global,base_0013,0,23,9690.0,module_4
direct_coherent_all_shared_local_route,hybrid_local_global,base_0013,0,24,10110.0,module_1
direct_coherent_all_shared_local_route,hybrid_local_global,base_0013,0,25,10530.0,module_2
direct_coherent_all_shared_local_route,hybrid_local_global,base_0013,0,26,10950.0,module_4
direct_coherent_all_shared_local_route,hybrid_local_global,base_0013,0,27,11370.0,module_3
direct_coherent_all_shared_local_route,hybrid_local_global,base_0013,0,28,11790.0,module_4
direct_coherent_all_shared_local_route,hybrid_local_global,base_0013,0,29,12210.0,module_3
direct_coherent_all_shared_local_route,hybrid_local_global,base_0013,0,30,12630.0,module_2
direct_coherent_all_shared_local_route,hybrid_local_global,base_0013,0,31,13050.0,module_1
direct_coherent_all_shared_local_route,hybrid_local_global,base_0013,0,32,13470.0,module_1
direct_coherent_all_shared_local_route,hybrid_local_global,base_0013,0,33,13890.0,module_4
direct_coherent_all_shared_local_route,hybrid_local_global,base_0013,0,34,14310.0,module_2
direct_coherent_all_shared_local_route,hybrid_local_global,base_0013,0,35,14730.0,module_3
direct_coherent_all_shared_local_route,hybrid_local_global,base_0013,0,36,15150.0,module_3
direct_coherent_all_shared_local_route,hybrid_local_global,base_0013,0,37,15570.0,module_4
direct_coherent_all_shared_local_route,hybrid_local_global,base_0013,0,38,15990.0,module_2
direct_coherent_all_shared_local_route,hybrid_local_global,base_0013,0,39,16410.0,module_1
direct_coherent_all_shared_local_route,hybrid_local_global,base_0013,0,40,16830.0,module_1
direct_coherent_all_shared_local_route,hybrid_local_global,base_0013,0,41,17250.0,module_3
direct_coherent_all_shared_local_route,hybrid_local_global,base_0013,0,42,17670.0,module_4
direct_coherent_all_shared_local_route,hybrid_local_global,base_0013,0,43,18090.0,module_2
direct_coherent_all_shared_local_route,hybrid_local_global,base_0013,0,44,18510.0,module_2
direct_coherent_all_shared_local_route,hybrid_local_global,base_0013,0,45,18930.0,module_1
direct_coherent_all_shared_local_route,hybrid_local_global,base_0013,0,46,19350.0,module_3
direct_coherent_all_shared_local_route,hybrid_local_global,base_0013,0,47,19770.0,module_4
direct_coherent_all_shared_local_route,hybrid_local_global,base_0013,1,0,30.0,module_4
direct_coherent_all_shared_local_route,hybrid_local_global,base_0013,1,1,450.0,module_1
direct_coherent_all_shared_local_route,hybrid_local_global,base_0013,1,2,870.0,module_3
direct_coherent_all_shared_local_route,hybrid_local_global,base_0013,1,3,1290.0,module_2
direct_coherent_all_shared_local_route,hybrid_local_global,base_0013,1,4,1710.0,module_4
direct_coherent_all_shared_local_route,hybrid_local_global,base_0013,1,5,2130.0,module_3
direct_coherent_all_shared_local_route,hybrid_local_global,base_0013,1,6,2550.0,module_2
direct_coherent_all_shared_local_route,hybrid_local_global,base_0013,1,7,2970.0,module_1
direct_coherent_all_shared_local_route,hybrid_local_global,base_0013,1,8,3390.0,module_1
direct_coherent_all_shared_local_route,hybrid_local_global,base_0013,1,9,3810.0,module_3
direct_coherent_all_shared_local_route,hybrid_local_global,base_0013,1,10,4230.0,module_2
direct_coherent_all_shared_local_route,hybrid_local_global,base_0013,1,11,4650.0,module_4
direct_coherent_all_shared_local_route,hybrid_local_global,base_0013,1,12,5070.0,module_2
direct_coherent_all_shared_local_route,hybrid_local_global,base_0013,1,13,5490.0,module_3
direct_coherent_all_shared_local_route,hybrid_local_global,base_0013,1,14,5910.0,module_4
direct_coherent_all_shared_local_route,hybrid_local_global,base_0013,1,15,6330.0,module_1
direct_coherent_all_shared_local_route,hybrid_local_global,base_0013,1,16,6750.0,module_3
direct_coherent_all_shared_local_route,hybrid_local_global,base_0013,1,17,7170.0,module_2
direct_coherent_all_shared_local_route,hybrid_local_global,base_0013,1,18,7590.0,module_1
direct_coherent_all_shared_local_route,hybrid_local_global,base_0013,1,19,8010.0,module_4
direct_coherent_all_shared_local_route,hybrid_local_global,base_0013,1,20,8430.0,module_1
direct_coherent_all_shared_local_route,hybrid_local_global,base_0013,1,21,8850.0,module_3
direct_coherent_all_shared_local_route,hybrid_local_global,base_0013,1,22,9270.0,module_2
direct_coherent_all_shared_local_route,hybrid_local_global,base_0013,1,23,9690.0,module_4
direct_coherent_all_shared_local_route,hybrid_local_global,base_0013,1,24,10110.0,module_2
direct_coherent_all_shared_local_route,hybrid_local_global,base_0013,1,25,10530.0,module_3
direct_coherent_all_shared_local_route,hybrid_local_global,base_0013,1,26,10950.0,module_1
direct_coherent_all_shared_local_route,hybrid_local_global,base_0013,1,27,11370.0,module_4
direct_coherent_all_shared_local_route,hybrid_local_global,base_0013,1,28,11790.0,module_3
direct_coherent_all_shared_local_route,hybrid_local_global,base_0013,1,29,12210.0,module_2
direct_coherent_all_shared_local_route,hybrid_local_global,base_0013,1,30,12630.0,module_1
direct_coherent_all_shared_local_route,hybrid_local_global,base_0013,1,31,13050.0,module_4
direct_coherent_all_shared_local_route,hybrid_local_global,base_0013,1,32,13470.0,module_4
direct_coherent_all_shared_local_route,hybrid_local_global,base_0013,1,33,13890.0,module_3
direct_coherent_all_shared_local_route,hybrid_local_global,base_0013,1,34,14310.0,module_1
direct_coherent_all_shared_local_route,hybrid_local_global,base_0013,1,35,14730.0,module_2
direct_coherent_all_shared_local_route,hybrid_local_global,base_0013,1,36,15150.0,module_2
direct_coherent_all_shared_local_route,hybrid_local_global,base_0013,1,37,15570.0,module_3
direct_coherent_all_shared_local_route,hybrid_local_global,base_0013,1,38,15990.0,module_1
direct_coherent_all_shared_local_route,hybrid_local_global,base_0013,1,39,16410.0,module_4
direct_coherent_all_shared_local_route,hybrid_local_global,base_0013,1,40,16830.0,module_3
direct_coherent_all_shared_local_route,hybrid_local_global,base_0013,1,41,17250.0,module_4
direct_coherent_all_shared_local_route,hybrid_local_global,base_0013,1,42,17670.0,module_2
direct_coherent_all_shared_local_route,hybrid_local_global,base_0013,1,43,18090.0,module_1
direct_coherent_all_shared_local_route,hybrid_local_global,base_0013,1,44,18510.0,module_1
direct_coherent_all_shared_local_route,hybrid_local_global,base_0013,1,45,18930.0,module_4
direct_coherent_all_shared_local_route,hybrid_local_global,base_0013,1,46,19350.0,module_2
direct_coherent_all_shared_local_route,hybrid_local_global,base_0013,1,47,19770.0,module_3
direct_coherent_all_shared_local_route,hybrid_local_global,base_0014,0,0,30.0,module_3
direct_coherent_all_shared_local_route,hybrid_local_global,base_0014,0,1,450.0,module_1
direct_coherent_all_shared_local_route,hybrid_local_global,base_0014,0,2,870.0,module_2
direct_coherent_all_shared_local_route,hybrid_local_global,base_0014,0,3,1290.0,module_4
direct_coherent_all_shared_local_route,hybrid_local_global,base_0014,0,4,1710.0,module_4
direct_coherent_all_shared_local_route,hybrid_local_global,base_0014,0,5,2130.0,module_1
direct_coherent_all_shared_local_route,hybrid_local_global,base_0014,0,6,2550.0,module_3
direct_coherent_all_shared_local_route,hybrid_local_global,base_0014,0,7,2970.0,module_2
direct_coherent_all_shared_local_route,hybrid_local_global,base_0014,0,8,3390.0,module_3
direct_coherent_all_shared_local_route,hybrid_local_global,base_0014,0,9,3810.0,module_4
direct_coherent_all_shared_local_route,hybrid_local_global,base_0014,0,10,4230.0,module_1
direct_coherent_all_shared_local_route,hybrid_local_global,base_0014,0,11,4650.0,module_2
direct_coherent_all_shared_local_route,hybrid_local_global,base_0014,0,12,5070.0,module_4
direct_coherent_all_shared_local_route,hybrid_local_global,base_0014,0,13,5490.0,module_2
direct_coherent_all_shared_local_route,hybrid_local_global,base_0014,0,14,5910.0,module_3
direct_coherent_all_shared_local_route,hybrid_local_global,base_0014,0,15,6330.0,module_1
direct_coherent_all_shared_local_route,hybrid_local_global,base_0014,0,16,6750.0,module_1
direct_coherent_all_shared_local_route,hybrid_local_global,base_0014,0,17,7170.0,module_3
direct_coherent_all_shared_local_route,hybrid_local_global,base_0014,0,18,7590.0,module_2
direct_coherent_all_shared_local_route,hybrid_local_global,base_0014,0,19,8010.0,module_4
direct_coherent_all_shared_local_route,hybrid_local_global,base_0014,0,20,8430.0,module_4
direct_coherent_all_shared_local_route,hybrid_local_global,base_0014,0,21,8850.0,module_3
direct_coherent_all_shared_local_route,hybrid_local_global,base_0014,0,22,9270.0,module_2
direct_coherent_all_shared_local_route,hybrid_local_global,base_0014,0,23,9690.0,module_1
direct_coherent_all_shared_local_route,hybrid_local_global,base_0014,0,24,10110.0,module_4
direct_coherent_all_shared_local_route,hybrid_local_global,base_0014,0,25,10530.0,module_1
direct_coherent_all_shared_local_route,hybrid_local_global,base_0014,0,26,10950.0,module_3
direct_coherent_all_shared_local_route,hybrid_local_global,base_0014,0,27,11370.0,module_2
direct_coherent_all_shared_local_route,hybrid_local_global,base_0014,0,28,11790.0,module_1
direct_coherent_all_shared_local_route,hybrid_local_global,base_0014,0,29,12210.0,module_3
direct_coherent_all_shared_local_route,hybrid_local_global,base_0014,0,30,12630.0,module_4
direct_coherent_all_shared_local_route,hybrid_local_global,base_0014,0,31,13050.0,module_2
direct_coherent_all_shared_local_route,hybrid_local_global,base_0014,0,32,13470.0,module_2
direct_coherent_all_shared_local_route,hybrid_local_global,base_0014,0,33,13890.0,module_1
direct_coherent_all_shared_local_route,hybrid_local_global,base_0014,0,34,14310.0,module_4
direct_coherent_all_shared_local_route,hybrid_local_global,base_0014,0,35,14730.0,module_3
direct_coherent_all_shared_local_route,hybrid_local_global,base_0014,0,36,15150.0,module_4
direct_coherent_all_shared_local_route,hybrid_local_global,base_0014,0,37,15570.0,module_1
direct_coherent_all_shared_local_route,hybrid_local_global,base_0014,0,38,15990.0,module_2
direct_coherent_all_shared_local_route,hybrid_local_global,base_0014,0,39,16410.0,module_3
direct_coherent_all_shared_local_route,hybrid_local_global,base_0014,0,40,16830.0,module_2
direct_coherent_all_shared_local_route,hybrid_local_global,base_0014,0,41,17250.0,module_4
direct_coherent_all_shared_local_route,hybrid_local_global,base_0014,0,42,17670.0,module_3
direct_coherent_all_shared_local_route,hybrid_local_global,base_0014,0,43,18090.0,module_1
direct_coherent_all_shared_local_route,hybrid_local_global,base_0014,0,44,18510.0,module_3
direct_coherent_all_shared_local_route,hybrid_local_global,base_0014,0,45,18930.0,module_2
direct_coherent_all_shared_local_route,hybrid_local_global,base_0014,0,46,19350.0,module_4
direct_coherent_all_shared_local_route,hybrid_local_global,base_0014,0,47,19770.0,module_1
direct_coherent_all_shared_local_route,hybrid_local_global,base_0014,1,0,30.0,module_4
direct_coherent_all_shared_local_route,hybrid_local_global,base_0014,1,1,450.0,module_2
direct_coherent_all_shared_local_route,hybrid_local_global,base_0014,1,2,870.0,module_1
direct_coherent_all_shared_local_route,hybrid_local_global,base_0014,1,3,1290.0,module_3
direct_coherent_all_shared_local_route,hybrid_local_global,base_0014,1,4,1710.0,module_1
direct_coherent_all_shared_local_route,hybrid_local_global,base_0014,1,5,2130.0,module_4
direct_coherent_all_shared_local_route,hybrid_local_global,base_0014,1,6,2550.0,module_3
direct_coherent_all_shared_local_route,hybrid_local_global,base_0014,1,7,2970.0,module_2
direct_coherent_all_shared_local_route,hybrid_local_global,base_0014,1,8,3390.0,module_3
direct_coherent_all_shared_local_route,hybrid_local_global,base_0014,1,9,3810.0,module_2
direct_coherent_all_shared_local_route,hybrid_local_global,base_0014,1,10,4230.0,module_1
direct_coherent_all_shared_local_route,hybrid_local_global,base_0014,1,11,4650.0,module_4
direct_coherent_all_shared_local_route,hybrid_local_global,base_0014,1,12,5070.0,module_4
direct_coherent_all_shared_local_route,hybrid_local_global,base_0014,1,13,5490.0,module_3
direct_coherent_all_shared_local_route,hybrid_local_global,base_0014,1,14,5910.0,module_1
direct_coherent_all_shared_local_route,hybrid_local_global,base_0014,1,15,6330.0,module_2
direct_coherent_all_shared_local_route,hybrid_local_global,base_0014,1,16,6750.0,module_4
direct_coherent_all_shared_local_route,hybrid_local_global,base_0014,1,17,7170.0,module_1
direct_coherent_all_shared_local_route,hybrid_local_global,base_0014,1,18,7590.0,module_3
direct_coherent_all_shared_local_route,hybrid_local_global,base_0014,1,19,8010.0,module_2
direct_coherent_all_shared_local_route,hybrid_local_global,base_0014,1,20,8430.0,module_2
direct_coherent_all_shared_local_route,hybrid_local_global,base_0014,1,21,8850.0,module_3
direct_coherent_all_shared_local_route,hybrid_local_global,base_0014,1,22,9270.0,module_4
direct_coherent_all_shared_local_route,hybrid_local_global,base_0014,1,23,9690.0,module_1
direct_coherent_all_shared_local_route,hybrid_local_global,base_0014,1,24,10110.0,module_1
direct_coherent_all_shared_local_route,hybrid_local_global,base_0014,1,25,10530.0,module_2
direct_coherent_all_shared_local_route,hybrid_local_global,base_0014,1,26,10950.0,module_3
direct_coherent_all_shared_local_route,hybrid_local_global,base_0014,1,27,11370.0,module_4
direct_coherent_all_shared_local_route,hybrid_local_global,base_0014,1,28,11790.0,module_1
direct_coherent_all_shared_local_route,hybrid_local_global,base_0014,1,29,12210.0,module_4
direct_coherent_all_shared_local_route,hybrid_local_global,base_0014,1,30,12630.0,module_3
direct_coherent_all_shared_local_route,hybrid_local_global,base_0014,1,31,13050.0,module_2
direct_coherent_all_shared_local_route,hybrid_local_global,base_0014,1,32,13470.0,module_1
direct_coherent_all_shared_local_route,hybrid_local_global,base_0014,1,33,13890.0,module_4
direct_coherent_all_shared_local_route,hybrid_local_global,base_0014,1,34,14310.0,module_2
direct_coherent_all_shared_local_route,hybrid_local_global,base_0014,1,35,14730.0,module_3
direct_coherent_all_shared_local_route,hybrid_local_global,base_0014,1,36,15150.0,module_3
direct_coherent_all_shared_local_route,hybrid_local_global,base_0014,1,37,15570.0,module_1
direct_coherent_all_shared_local_route,hybrid_local_global,base_0014,1,38,15990.0,module_2
direct_coherent_all_shared_local_route,hybrid_local_global,base_0014,1,39,16410.0,module_4
direct_coherent_all_shared_local_route,hybrid_local_global,base_0014,1,40,16830.0,module_4
direct_coherent_all_shared_local_route,hybrid_local_global,base_0014,1,41,17250.0,module_2
direct_coherent_all_shared_local_route,hybrid_local_global,base_0014,1,42,17670.0,module_1
direct_coherent_all_shared_local_route,hybrid_local_global,base_0014,1,43,18090.0,module_3
direct_coherent_all_shared_local_route,hybrid_local_global,base_0014,1,44,18510.0,module_4
direct_coherent_all_shared_local_route,hybrid_local_global,base_0014,1,45,18930.0,module_1
direct_coherent_all_shared_local_route,hybrid_local_global,base_0014,1,46,19350.0,module_2
direct_coherent_all_shared_local_route,hybrid_local_global,base_0014,1,47,19770.0,module_3
direct_coherent_all_shared_local_route,hybrid_local_global,base_0015,0,0,30.0,module_1
direct_coherent_all_shared_local_route,hybrid_local_global,base_0015,0,1,450.0,module_3
direct_coherent_all_shared_local_route,hybrid_local_global,base_0015,0,2,870.0,module_4
direct_coherent_all_shared_local_route,hybrid_local_global,base_0015,0,3,1290.0,module_2
direct_coherent_all_shared_local_route,hybrid_local_global,base_0015,0,4,1710.0,module_3
direct_coherent_all_shared_local_route,hybrid_local_global,base_0015,0,5,2130.0,module_4
direct_coherent_all_shared_local_route,hybrid_local_global,base_0015,0,6,2550.0,module_1
direct_coherent_all_shared_local_route,hybrid_local_global,base_0015,0,7,2970.0,module_2
direct_coherent_all_shared_local_route,hybrid_local_global,base_0015,0,8,3390.0,module_4
direct_coherent_all_shared_local_route,hybrid_local_global,base_0015,0,9,3810.0,module_1
direct_coherent_all_shared_local_route,hybrid_local_global,base_0015,0,10,4230.0,module_3
direct_coherent_all_shared_local_route,hybrid_local_global,base_0015,0,11,4650.0,module_2
direct_coherent_all_shared_local_route,hybrid_local_global,base_0015,0,12,5070.0,module_1
direct_coherent_all_shared_local_route,hybrid_local_global,base_0015,0,13,5490.0,module_3
direct_coherent_all_shared_local_route,hybrid_local_global,base_0015,0,14,5910.0,module_4
direct_coherent_all_shared_local_route,hybrid_local_global,base_0015,0,15,6330.0,module_2
direct_coherent_all_shared_local_route,hybrid_local_global,base_0015,0,16,6750.0,module_2
direct_coherent_all_shared_local_route,hybrid_local_global,base_0015,0,17,7170.0,module_3
direct_coherent_all_shared_local_route,hybrid_local_global,base_0015,0,18,7590.0,module_4
direct_coherent_all_shared_local_route,hybrid_local_global,base_0015,0,19,8010.0,module_1
direct_coherent_all_shared_local_route,hybrid_local_global,base_0015,0,20,8430.0,module_4
direct_coherent_all_shared_local_route,hybrid_local_global,base_0015,0,21,8850.0,module_2
direct_coherent_all_shared_local_route,hybrid_local_global,base_0015,0,22,9270.0,module_1
direct_coherent_all_shared_local_route,hybrid_local_global,base_0015,0,23,9690.0,module_3
direct_coherent_all_shared_local_route,hybrid_local_global,base_0015,0,24,10110.0,module_1
direct_coherent_all_shared_local_route,hybrid_local_global,base_0015,0,25,10530.0,module_2
direct_coherent_all_shared_local_route,hybrid_local_global,base_0015,0,26,10950.0,module_4
direct_coherent_all_shared_local_route,hybrid_local_global,base_0015,0,27,11370.0,module_3
direct_coherent_all_shared_local_route,hybrid_local_global,base_0015,0,28,11790.0,module_3
direct_coherent_all_shared_local_route,hybrid_local_global,base_0015,0,29,12210.0,module_4
direct_coherent_all_shared_local_route,hybrid_local_global,base_0015,0,30,12630.0,module_2
direct_coherent_all_shared_local_route,hybrid_local_global,base_0015,0,31,13050.0,module_1
direct_coherent_all_shared_local_route,hybrid_local_global,base_0015,0,32,13470.0,module_2
direct_coherent_all_shared_local_route,hybrid_local_global,base_0015,0,33,13890.0,module_3
direct_coherent_all_shared_local_route,hybrid_local_global,base_0015,0,34,14310.0,module_1
direct_coherent_all_shared_local_route,hybrid_local_global,base_0015,0,35,14730.0,module_4
direct_coherent_all_shared_local_route,hybrid_local_global,base_0015,0,36,15150.0,module_2
direct_coherent_all_shared_local_route,hybrid_local_global,base_0015,0,37,15570.0,module_4
direct_coherent_all_shared_local_route,hybrid_local_global,base_0015,0,38,15990.0,module_1
direct_coherent_all_shared_local_route,hybrid_local_global,base_0015,0,39,16410.0,module_3
direct_coherent_all_shared_local_route,hybrid_local_global,base_0015,0,40,16830.0,module_2
direct_coherent_all_shared_local_route,hybrid_local_global,base_0015,0,41,17250.0,module_4
direct_coherent_all_shared_local_route,hybrid_local_global,base_0015,0,42,17670.0,module_3
direct_coherent_all_shared_local_route,hybrid_local_global,base_0015,0,43,18090.0,module_1
direct_coherent_all_shared_local_route,hybrid_local_global,base_0015,0,44,18510.0,module_3
direct_coherent_all_shared_local_route,hybrid_local_global,base_0015,0,45,18930.0,module_1
direct_coherent_all_shared_local_route,hybrid_local_global,base_0015,0,46,19350.0,module_4
direct_coherent_all_shared_local_route,hybrid_local_global,base_0015,0,47,19770.0,module_2
direct_coherent_all_shared_local_route,hybrid_local_global,base_0015,1,0,30.0,module_3
direct_coherent_all_shared_local_route,hybrid_local_global,base_0015,1,1,450.0,module_2
direct_coherent_all_shared_local_route,hybrid_local_global,base_0015,1,2,870.0,module_1
direct_coherent_all_shared_local_route,hybrid_local_global,base_0015,1,3,1290.0,module_4
direct_coherent_all_shared_local_route,hybrid_local_global,base_0015,1,4,1710.0,module_4
direct_coherent_all_shared_local_route,hybrid_local_global,base_0015,1,5,2130.0,module_3
direct_coherent_all_shared_local_route,hybrid_local_global,base_0015,1,6,2550.0,module_2
direct_coherent_all_shared_local_route,hybrid_local_global,base_0015,1,7,2970.0,module_1
direct_coherent_all_shared_local_route,hybrid_local_global,base_0015,1,8,3390.0,module_3
direct_coherent_all_shared_local_route,hybrid_local_global,base_0015,1,9,3810.0,module_4
direct_coherent_all_shared_local_route,hybrid_local_global,base_0015,1,10,4230.0,module_1
direct_coherent_all_shared_local_route,hybrid_local_global,base_0015,1,11,4650.0,module_2
direct_coherent_all_shared_local_route,hybrid_local_global,base_0015,1,12,5070.0,module_4
direct_coherent_all_shared_local_route,hybrid_local_global,base_0015,1,13,5490.0,module_3
direct_coherent_all_shared_local_route,hybrid_local_global,base_0015,1,14,5910.0,module_2
direct_coherent_all_shared_local_route,hybrid_local_global,base_0015,1,15,6330.0,module_1
direct_coherent_all_shared_local_route,hybrid_local_global,base_0015,1,16,6750.0,module_4
direct_coherent_all_shared_local_route,hybrid_local_global,base_0015,1,17,7170.0,module_3
direct_coherent_all_shared_local_route,hybrid_local_global,base_0015,1,18,7590.0,module_2
direct_coherent_all_shared_local_route,hybrid_local_global,base_0015,1,19,8010.0,module_1
direct_coherent_all_shared_local_route,hybrid_local_global,base_0015,1,20,8430.0,module_3
direct_coherent_all_shared_local_route,hybrid_local_global,base_0015,1,21,8850.0,module_1
direct_coherent_all_shared_local_route,hybrid_local_global,base_0015,1,22,9270.0,module_2
direct_coherent_all_shared_local_route,hybrid_local_global,base_0015,1,23,9690.0,module_4
direct_coherent_all_shared_local_route,hybrid_local_global,base_0015,1,24,10110.0,module_3
direct_coherent_all_shared_local_route,hybrid_local_global,base_0015,1,25,10530.0,module_1
direct_coherent_all_shared_local_route,hybrid_local_global,base_0015,1,26,10950.0,module_4
direct_coherent_all_shared_local_route,hybrid_local_global,base_0015,1,27,11370.0,module_2
direct_coherent_all_shared_local_route,hybrid_local_global,base_0015,1,28,11790.0,module_3
direct_coherent_all_shared_local_route,hybrid_local_global,base_0015,1,29,12210.0,module_2
direct_coherent_all_shared_local_route,hybrid_local_global,base_0015,1,30,12630.0,module_1
direct_coherent_all_shared_local_route,hybrid_local_global,base_0015,1,31,13050.0,module_4
direct_coherent_all_shared_local_route,hybrid_local_global,base_0015,1,32,13470.0,module_1
direct_coherent_all_shared_local_route,hybrid_local_global,base_0015,1,33,13890.0,module_4
direct_coherent_all_shared_local_route,hybrid_local_global,base_0015,1,34,14310.0,module_2
direct_coherent_all_shared_local_route,hybrid_local_global,base_0015,1,35,14730.0,module_3
direct_coherent_all_shared_local_route,hybrid_local_global,base_0015,1,36,15150.0,module_3
direct_coherent_all_shared_local_route,hybrid_local_global,base_0015,1,37,15570.0,module_2
direct_coherent_all_shared_local_route,hybrid_local_global,base_0015,1,38,15990.0,module_1
direct_coherent_all_shared_local_route,hybrid_local_global,base_0015,1,39,16410.0,module_4
direct_coherent_all_shared_local_route,hybrid_local_global,base_0015,1,40,16830.0,module_2
direct_coherent_all_shared_local_route,hybrid_local_global,base_0015,1,41,17250.0,module_1
direct_coherent_all_shared_local_route,hybrid_local_global,base_0015,1,42,17670.0,module_4
direct_coherent_all_shared_local_route,hybrid_local_global,base_0015,1,43,18090.0,module_3
direct_coherent_all_shared_local_route,hybrid_local_global,base_0015,1,44,18510.0,module_3
direct_coherent_all_shared_local_route,hybrid_local_global,base_0015,1,45,18930.0,module_2
direct_coherent_all_shared_local_route,hybrid_local_global,base_0015,1,46,19350.0,module_4
direct_coherent_all_shared_local_route,hybrid_local_global,base_0015,1,47,19770.0,module_1
direct_coherent_all_shared_local_route,hybrid_local_global,base_0016,0,0,30.0,module_2
direct_coherent_all_shared_local_route,hybrid_local_global,base_0016,0,1,450.0,module_1
direct_coherent_all_shared_local_route,hybrid_local_global,base_0016,0,2,870.0,module_3
direct_coherent_all_shared_local_route,hybrid_local_global,base_0016,0,3,1290.0,module_4
direct_coherent_all_shared_local_route,hybrid_local_global,base_0016,0,4,1710.0,module_4
direct_coherent_all_shared_local_route,hybrid_local_global,base_0016,0,5,2130.0,module_3
direct_coherent_all_shared_local_route,hybrid_local_global,base_0016,0,6,2550.0,module_1
direct_coherent_all_shared_local_route,hybrid_local_global,base_0016,0,7,2970.0,module_2
direct_coherent_all_shared_local_route,hybrid_local_global,base_0016,0,8,3390.0,module_4
direct_coherent_all_shared_local_route,hybrid_local_global,base_0016,0,9,3810.0,module_1
direct_coherent_all_shared_local_route,hybrid_local_global,base_0016,0,10,4230.0,module_3
direct_coherent_all_shared_local_route,hybrid_local_global,base_0016,0,11,4650.0,module_2
direct_coherent_all_shared_local_route,hybrid_local_global,base_0016,0,12,5070.0,module_1
direct_coherent_all_shared_local_route,hybrid_local_global,base_0016,0,13,5490.0,module_3
direct_coherent_all_shared_local_route,hybrid_local_global,base_0016,0,14,5910.0,module_2
direct_coherent_all_shared_local_route,hybrid_local_global,base_0016,0,15,6330.0,module_4
direct_coherent_all_shared_local_route,hybrid_local_global,base_0016,0,16,6750.0,module_4
direct_coherent_all_shared_local_route,hybrid_local_global,base_0016,0,17,7170.0,module_3
direct_coherent_all_shared_local_route,hybrid_local_global,base_0016,0,18,7590.0,module_2
direct_coherent_all_shared_local_route,hybrid_local_global,base_0016,0,19,8010.0,module_1
direct_coherent_all_shared_local_route,hybrid_local_global,base_0016,0,20,8430.0,module_1
direct_coherent_all_shared_local_route,hybrid_local_global,base_0016,0,21,8850.0,module_4
direct_coherent_all_shared_local_route,hybrid_local_global,base_0016,0,22,9270.0,module_2
direct_coherent_all_shared_local_route,hybrid_local_global,base_0016,0,23,9690.0,module_3
direct_coherent_all_shared_local_route,hybrid_local_global,base_0016,0,24,10110.0,module_4
direct_coherent_all_shared_local_route,hybrid_local_global,base_0016,0,25,10530.0,module_1
direct_coherent_all_shared_local_route,hybrid_local_global,base_0016,0,26,10950.0,module_3
direct_coherent_all_shared_local_route,hybrid_local_global,base_0016,0,27,11370.0,module_2
direct_coherent_all_shared_local_route,hybrid_local_global,base_0016,0,28,11790.0,module_4
direct_coherent_all_shared_local_route,hybrid_local_global,base_0016,0,29,12210.0,module_2
direct_coherent_all_shared_local_route,hybrid_local_global,base_0016,0,30,12630.0,module_3
direct_coherent_all_shared_local_route,hybrid_local_global,base_0016,0,31,13050.0,module_1
direct_coherent_all_shared_local_route,hybrid_local_global,base_0016,0,32,13470.0,module_4
direct_coherent_all_shared_local_route,hybrid_local_global,base_0016,0,33,13890.0,module_2
direct_coherent_all_shared_local_route,hybrid_local_global,base_0016,0,34,14310.0,module_1
direct_coherent_all_shared_local_route,hybrid_local_global,base_0016,0,35,14730.0,module_3
direct_coherent_all_shared_local_route,hybrid_local_global,base_0016,0,36,15150.0,module_1
direct_coherent_all_shared_local_route,hybrid_local_global,base_0016,0,37,15570.0,module_3
direct_coherent_all_shared_local_route,hybrid_local_global,base_0016,0,38,15990.0,module_4
direct_coherent_all_shared_local_route,hybrid_local_global,base_0016,0,39,16410.0,module_2
direct_coherent_all_shared_local_route,hybrid_local_global,base_0016,0,40,16830.0,module_1
direct_coherent_all_shared_local_route,hybrid_local_global,base_0016,0,41,17250.0,module_3
direct_coherent_all_shared_local_route,hybrid_local_global,base_0016,0,42,17670.0,module_4
direct_coherent_all_shared_local_route,hybrid_local_global,base_0016,0,43,18090.0,module_2
direct_coherent_all_shared_local_route,hybrid_local_global,base_0016,0,44,18510.0,module_4
direct_coherent_all_shared_local_route,hybrid_local_global,base_0016,0,45,18930.0,module_3
direct_coherent_all_shared_local_route,hybrid_local_global,base_0016,0,46,19350.0,module_2
direct_coherent_all_shared_local_route,hybrid_local_global,base_0016,0,47,19770.0,module_1
direct_coherent_all_shared_local_route,hybrid_local_global,base_0016,1,0,30.0,module_3
direct_coherent_all_shared_local_route,hybrid_local_global,base_0016,1,1,450.0,module_1
direct_coherent_all_shared_local_route,hybrid_local_global,base_0016,1,2,870.0,module_2
direct_coherent_all_shared_local_route,hybrid_local_global,base_0016,1,3,1290.0,module_4
direct_coherent_all_shared_local_route,hybrid_local_global,base_0016,1,4,1710.0,module_1
direct_coherent_all_shared_local_route,hybrid_local_global,base_0016,1,5,2130.0,module_2
direct_coherent_all_shared_local_route,hybrid_local_global,base_0016,1,6,2550.0,module_4
direct_coherent_all_shared_local_route,hybrid_local_global,base_0016,1,7,2970.0,module_3
direct_coherent_all_shared_local_route,hybrid_local_global,base_0016,1,8,3390.0,module_2
direct_coherent_all_shared_local_route,hybrid_local_global,base_0016,1,9,3810.0,module_3
direct_coherent_all_shared_local_route,hybrid_local_global,base_0016,1,10,4230.0,module_1
direct_coherent_all_shared_local_route,hybrid_local_global,base_0016,1,11,4650.0,module_4
direct_coherent_all_shared_local_route,hybrid_local_global,base_0016,1,12,5070.0,module_2
direct_coherent_all_shared_local_route,hybrid_local_global,base_0016,1,13,5490.0,module_3
direct_coherent_all_shared_local_route,hybrid_local_global,base_0016,1,14,5910.0,module_4
direct_coherent_all_shared_local_route,hybrid_local_global,base_0016,1,15,6330.0,module_1
direct_coherent_all_shared_local_route,hybrid_local_global,base_0016,1,16,6750.0,module_4
direct_coherent_all_shared_local_route,hybrid_local_global,base_0016,1,17,7170.0,module_1
direct_coherent_all_shared_local_route,hybrid_local_global,base_0016,1,18,7590.0,module_3
direct_coherent_all_shared_local_route,hybrid_local_global,base_0016,1,19,8010.0,module_2
direct_coherent_all_shared_local_route,hybrid_local_global,base_0016,1,20,8430.0,module_4
direct_coherent_all_shared_local_route,hybrid_local_global,base_0016,1,21,8850.0,module_2
direct_coherent_all_shared_local_route,hybrid_local_global,base_0016,1,22,9270.0,module_3
direct_coherent_all_shared_local_route,hybrid_local_global,base_0016,1,23,9690.0,module_1
direct_coherent_all_shared_local_route,hybrid_local_global,base_0016,1,24,10110.0,module_3
direct_coherent_all_shared_local_route,hybrid_local_global,base_0016,1,25,10530.0,module_4
direct_coherent_all_shared_local_route,hybrid_local_global,base_0016,1,26,10950.0,module_1
direct_coherent_all_shared_local_route,hybrid_local_global,base_0016,1,27,11370.0,module_2
direct_coherent_all_shared_local_route,hybrid_local_global,base_0016,1,28,11790.0,module_4
direct_coherent_all_shared_local_route,hybrid_local_global,base_0016,1,29,12210.0,module_2
direct_coherent_all_shared_local_route,hybrid_local_global,base_0016,1,30,12630.0,module_3
direct_coherent_all_shared_local_route,hybrid_local_global,base_0016,1,31,13050.0,module_1
direct_coherent_all_shared_local_route,hybrid_local_global,base_0016,1,32,13470.0,module_2
direct_coherent_all_shared_local_route,hybrid_local_global,base_0016,1,33,13890.0,module_3
direct_coherent_all_shared_local_route,hybrid_local_global,base_0016,1,34,14310.0,module_1
direct_coherent_all_shared_local_route,hybrid_local_global,base_0016,1,35,14730.0,module_4
direct_coherent_all_shared_local_route,hybrid_local_global,base_0016,1,36,15150.0,module_1
direct_coherent_all_shared_local_route,hybrid_local_global,base_0016,1,37,15570.0,module_4
direct_coherent_all_shared_local_route,hybrid_local_global,base_0016,1,38,15990.0,module_2
direct_coherent_all_shared_local_route,hybrid_local_global,base_0016,1,39,16410.0,module_3
direct_coherent_all_shared_local_route,hybrid_local_global,base_0016,1,40,16830.0,module_2
direct_coherent_all_shared_local_route,hybrid_local_global,base_0016,1,41,17250.0,module_3
direct_coherent_all_shared_local_route,hybrid_local_global,base_0016,1,42,17670.0,module_1
direct_coherent_all_shared_local_route,hybrid_local_global,base_0016,1,43,18090.0,module_4
direct_coherent_all_shared_local_route,hybrid_local_global,base_0016,1,44,18510.0,module_2
direct_coherent_all_shared_local_route,hybrid_local_global,base_0016,1,45,18930.0,module_1
direct_coherent_all_shared_local_route,hybrid_local_global,base_0016,1,46,19350.0,module_3
direct_coherent_all_shared_local_route,hybrid_local_global,base_0016,1,47,19770.0,module_4
direct_coherent_all_shared_local_route,hybrid_local_global,base_0017,0,0,30.0,module_3
direct_coherent_all_shared_local_route,hybrid_local_global,base_0017,0,1,450.0,module_1
direct_coherent_all_shared_local_route,hybrid_local_global,base_0017,0,2,870.0,module_2
direct_coherent_all_shared_local_route,hybrid_local_global,base_0017,0,3,1290.0,module_4
direct_coherent_all_shared_local_route,hybrid_local_global,base_0017,0,4,1710.0,module_3
direct_coherent_all_shared_local_route,hybrid_local_global,base_0017,0,5,2130.0,module_4
direct_coherent_all_shared_local_route,hybrid_local_global,base_0017,0,6,2550.0,module_1
direct_coherent_all_shared_local_route,hybrid_local_global,base_0017,0,7,2970.0,module_2
direct_coherent_all_shared_local_route,hybrid_local_global,base_0017,0,8,3390.0,module_3
direct_coherent_all_shared_local_route,hybrid_local_global,base_0017,0,9,3810.0,module_1
direct_coherent_all_shared_local_route,hybrid_local_global,base_0017,0,10,4230.0,module_2
direct_coherent_all_shared_local_route,hybrid_local_global,base_0017,0,11,4650.0,module_4
direct_coherent_all_shared_local_route,hybrid_local_global,base_0017,0,12,5070.0,module_3
direct_coherent_all_shared_local_route,hybrid_local_global,base_0017,0,13,5490.0,module_4
direct_coherent_all_shared_local_route,hybrid_local_global,base_0017,0,14,5910.0,module_2
direct_coherent_all_shared_local_route,hybrid_local_global,base_0017,0,15,6330.0,module_1
direct_coherent_all_shared_local_route,hybrid_local_global,base_0017,0,16,6750.0,module_3
direct_coherent_all_shared_local_route,hybrid_local_global,base_0017,0,17,7170.0,module_2
direct_coherent_all_shared_local_route,hybrid_local_global,base_0017,0,18,7590.0,module_4
direct_coherent_all_shared_local_route,hybrid_local_global,base_0017,0,19,8010.0,module_1
direct_coherent_all_shared_local_route,hybrid_local_global,base_0017,0,20,8430.0,module_3
direct_coherent_all_shared_local_route,hybrid_local_global,base_0017,0,21,8850.0,module_4
direct_coherent_all_shared_local_route,hybrid_local_global,base_0017,0,22,9270.0,module_1
direct_coherent_all_shared_local_route,hybrid_local_global,base_0017,0,23,9690.0,module_2
direct_coherent_all_shared_local_route,hybrid_local_global,base_0017,0,24,10110.0,module_4
direct_coherent_all_shared_local_route,hybrid_local_global,base_0017,0,25,10530.0,module_2
direct_coherent_all_shared_local_route,hybrid_local_global,base_0017,0,26,10950.0,module_3
direct_coherent_all_shared_local_route,hybrid_local_global,base_0017,0,27,11370.0,module_1
direct_coherent_all_shared_local_route,hybrid_local_global,base_0017,0,28,11790.0,module_3
direct_coherent_all_shared_local_route,hybrid_local_global,base_0017,0,29,12210.0,module_1
direct_coherent_all_shared_local_route,hybrid_local_global,base_0017,0,30,12630.0,module_2
direct_coherent_all_shared_local_route,hybrid_local_global,base_0017,0,31,13050.0,module_4
direct_coherent_all_shared_local_route,hybrid_local_global,base_0017,0,32,13470.0,module_3
direct_coherent_all_shared_local_route,hybrid_local_global,base_0017,0,33,13890.0,module_4
direct_coherent_all_shared_local_route,hybrid_local_global,base_0017,0,34,14310.0,module_2
direct_coherent_all_shared_local_route,hybrid_local_global,base_0017,0,35,14730.0,module_1
direct_coherent_all_shared_local_route,hybrid_local_global,base_0017,0,36,15150.0,module_2
direct_coherent_all_shared_local_route,hybrid_local_global,base_0017,0,37,15570.0,module_3
direct_coherent_all_shared_local_route,hybrid_local_global,base_0017,0,38,15990.0,module_1
direct_coherent_all_shared_local_route,hybrid_local_global,base_0017,0,39,16410.0,module_4
direct_coherent_all_shared_local_route,hybrid_local_global,base_0017,0,40,16830.0,module_1
direct_coherent_all_shared_local_route,hybrid_local_global,base_0017,0,41,17250.0,module_2
direct_coherent_all_shared_local_route,hybrid_local_global,base_0017,0,42,17670.0,module_4
direct_coherent_all_shared_local_route,hybrid_local_global,base_0017,0,43,18090.0,module_3
direct_coherent_all_shared_local_route,hybrid_local_global,base_0017,0,44,18510.0,module_2
direct_coherent_all_shared_local_route,hybrid_local_global,base_0017,0,45,18930.0,module_1
direct_coherent_all_shared_local_route,hybrid_local_global,base_0017,0,46,19350.0,module_3
direct_coherent_all_shared_local_route,hybrid_local_global,base_0017,0,47,19770.0,module_4
direct_coherent_all_shared_local_route,hybrid_local_global,base_0017,1,0,30.0,module_2
direct_coherent_all_shared_local_route,hybrid_local_global,base_0017,1,1,450.0,module_4
direct_coherent_all_shared_local_route,hybrid_local_global,base_0017,1,2,870.0,module_3
direct_coherent_all_shared_local_route,hybrid_local_global,base_0017,1,3,1290.0,module_1
direct_coherent_all_shared_local_route,hybrid_local_global,base_0017,1,4,1710.0,module_1
direct_coherent_all_shared_local_route,hybrid_local_global,base_0017,1,5,2130.0,module_4
direct_coherent_all_shared_local_route,hybrid_local_global,base_0017,1,6,2550.0,module_2
direct_coherent_all_shared_local_route,hybrid_local_global,base_0017,1,7,2970.0,module_3
direct_coherent_all_shared_local_route,hybrid_local_global,base_0017,1,8,3390.0,module_4
direct_coherent_all_shared_local_route,hybrid_local_global,base_0017,1,9,3810.0,module_2
direct_coherent_all_shared_local_route,hybrid_local_global,base_0017,1,10,4230.0,module_1
direct_coherent_all_shared_local_route,hybrid_local_global,base_0017,1,11,4650.0,module_3
direct_coherent_all_shared_local_route,hybrid_local_global,base_0017,1,12,5070.0,module_4
direct_coherent_all_shared_local_route,hybrid_local_global,base_0017,1,13,5490.0,module_2
direct_coherent_all_shared_local_route,hybrid_local_global,base_0017,1,14,5910.0,module_3
direct_coherent_all_shared_local_route,hybrid_local_global,base_0017,1,15,6330.0,module_1
direct_coherent_all_shared_local_route,hybrid_local_global,base_0017,1,16,6750.0,module_4
direct_coherent_all_shared_local_route,hybrid_local_global,base_0017,1,17,7170.0,module_1
direct_coherent_all_shared_local_route,hybrid_local_global,base_0017,1,18,7590.0,module_2
direct_coherent_all_shared_local_route,hybrid_local_global,base_0017,1,19,8010.0,module_3
direct_coherent_all_shared_local_route,hybrid_local_global,base_0017,1,20,8430.0,module_4
direct_coherent_all_shared_local_route,hybrid_local_global,base_0017,1,21,8850.0,module_1
direct_coherent_all_shared_local_route,hybrid_local_global,base_0017,1,22,9270.0,module_2
direct_coherent_all_shared_local_route,hybrid_local_global,base_0017,1,23,9690.0,module_3
direct_coherent_all_shared_local_route,hybrid_local_global,base_0017,1,24,10110.0,module_4
direct_coherent_all_shared_local_route,hybrid_local_global,base_0017,1,25,10530.0,module_1
direct_coherent_all_shared_local_route,hybrid_local_global,base_0017,1,26,10950.0,module_3
direct_coherent_all_shared_local_route,hybrid_local_global,base_0017,1,27,11370.0,module_2
direct_coherent_all_shared_local_route,hybrid_local_global,base_0017,1,28,11790.0,module_1
direct_coherent_all_shared_local_route,hybrid_local_global,base_0017,1,29,12210.0,module_4
direct_coherent_all_shared_local_route,hybrid_local_global,base_0017,1,30,12630.0,module_2
direct_coherent_all_shared_local_route,hybrid_local_global,base_0017,1,31,13050.0,module_3
direct_coherent_all_shared_local_route,hybrid_local_global,base_0017,1,32,13470.0,module_2
direct_coherent_all_shared_local_route,hybrid_local_global,base_0017,1,33,13890.0,module_4
direct_coherent_all_shared_local_route,hybrid_local_global,base_0017,1,34,14310.0,module_3
direct_coherent_all_shared_local_route,hybrid_local_global,base_0017,1,35,14730.0,module_1
direct_coherent_all_shared_local_route,hybrid_local_global,base_0017,1,36,15150.0,module_2
direct_coherent_all_shared_local_route,hybrid_local_global,base_0017,1,37,15570.0,module_1
direct_coherent_all_shared_local_route,hybrid_local_global,base_0017,1,38,15990.0,module_4
direct_coherent_all_shared_local_route,hybrid_local_global,base_0017,1,39,16410.0,module_3
direct_coherent_all_shared_local_route,hybrid_local_global,base_0017,1,40,16830.0,module_3
direct_coherent_all_shared_local_route,hybrid_local_global,base_0017,1,41,17250.0,module_2
direct_coherent_all_shared_local_route,hybrid_local_global,base_0017,1,42,17670.0,module_1
direct_coherent_all_shared_local_route,hybrid_local_global,base_0017,1,43,18090.0,module_4
direct_coherent_all_shared_local_route,hybrid_local_global,base_0017,1,44,18510.0,module_4
direct_coherent_all_shared_local_route,hybrid_local_global,base_0017,1,45,18930.0,module_2
direct_coherent_all_shared_local_route,hybrid_local_global,base_0017,1,46,19350.0,module_3
direct_coherent_all_shared_local_route,hybrid_local_global,base_0017,1,47,19770.0,module_1
direct_coherent_all_shared_local_route,global_only_control,base_0000,0,0,30.0,module_4
direct_coherent_all_shared_local_route,global_only_control,base_0000,0,1,450.0,module_3
direct_coherent_all_shared_local_route,global_only_control,base_0000,0,2,870.0,module_1
direct_coherent_all_shared_local_route,global_only_control,base_0000,0,3,1290.0,module_2
direct_coherent_all_shared_local_route,global_only_control,base_0000,0,4,1710.0,module_4
direct_coherent_all_shared_local_route,global_only_control,base_0000,0,5,2130.0,module_3
direct_coherent_all_shared_local_route,global_only_control,base_0000,0,6,2550.0,module_1
direct_coherent_all_shared_local_route,global_only_control,base_0000,0,7,2970.0,module_2
direct_coherent_all_shared_local_route,global_only_control,base_0000,0,8,3390.0,module_1
direct_coherent_all_shared_local_route,global_only_control,base_0000,0,9,3810.0,module_4
direct_coherent_all_shared_local_route,global_only_control,base_0000,0,10,4230.0,module_3
direct_coherent_all_shared_local_route,global_only_control,base_0000,0,11,4650.0,module_2
direct_coherent_all_shared_local_route,global_only_control,base_0000,0,12,5070.0,module_2
direct_coherent_all_shared_local_route,global_only_control,base_0000,0,13,5490.0,module_1
direct_coherent_all_shared_local_route,global_only_control,base_0000,0,14,5910.0,module_3
direct_coherent_all_shared_local_route,global_only_control,base_0000,0,15,6330.0,module_4
direct_coherent_all_shared_local_route,global_only_control,base_0000,0,16,6750.0,module_4
direct_coherent_all_shared_local_route,global_only_control,base_0000,0,17,7170.0,module_2
direct_coherent_all_shared_local_route,global_only_control,base_0000,0,18,7590.0,module_3
direct_coherent_all_shared_local_route,global_only_control,base_0000,0,19,8010.0,module_1
direct_coherent_all_shared_local_route,global_only_control,base_0000,0,20,8430.0,module_4
direct_coherent_all_shared_local_route,global_only_control,base_0000,0,21,8850.0,module_3
direct_coherent_all_shared_local_route,global_only_control,base_0000,0,22,9270.0,module_2
direct_coherent_all_shared_local_route,global_only_control,base_0000,0,23,9690.0,module_1
direct_coherent_all_shared_local_route,global_only_control,base_0000,0,24,10110.0,module_2
direct_coherent_all_shared_local_route,global_only_control,base_0000,0,25,10530.0,module_1
direct_coherent_all_shared_local_route,global_only_control,base_0000,0,26,10950.0,module_3
direct_coherent_all_shared_local_route,global_only_control,base_0000,0,27,11370.0,module_4
direct_coherent_all_shared_local_route,global_only_control,base_0000,0,28,11790.0,module_3
direct_coherent_all_shared_local_route,global_only_control,base_0000,0,29,12210.0,module_2
direct_coherent_all_shared_local_route,global_only_control,base_0000,0,30,12630.0,module_4
direct_coherent_all_shared_local_route,global_only_control,base_0000,0,31,13050.0,module_1
direct_coherent_all_shared_local_route,global_only_control,base_0000,0,32,13470.0,module_4
direct_coherent_all_shared_local_route,global_only_control,base_0000,0,33,13890.0,module_2
direct_coherent_all_shared_local_route,global_only_control,base_0000,0,34,14310.0,module_3
direct_coherent_all_shared_local_route,global_only_control,base_0000,0,35,14730.0,module_1
direct_coherent_all_shared_local_route,global_only_control,base_0000,0,36,15150.0,module_3
direct_coherent_all_shared_local_route,global_only_control,base_0000,0,37,15570.0,module_4
direct_coherent_all_shared_local_route,global_only_control,base_0000,0,38,15990.0,module_2
direct_coherent_all_shared_local_route,global_only_control,base_0000,0,39,16410.0,module_1
direct_coherent_all_shared_local_route,global_only_control,base_0000,0,40,16830.0,module_1
direct_coherent_all_shared_local_route,global_only_control,base_0000,0,41,17250.0,module_4
direct_coherent_all_shared_local_route,global_only_control,base_0000,0,42,17670.0,module_3
direct_coherent_all_shared_local_route,global_only_control,base_0000,0,43,18090.0,module_2
direct_coherent_all_shared_local_route,global_only_control,base_0000,0,44,18510.0,module_3
direct_coherent_all_shared_local_route,global_only_control,base_0000,0,45,18930.0,module_2
direct_coherent_all_shared_local_route,global_only_control,base_0000,0,46,19350.0,module_1
direct_coherent_all_shared_local_route,global_only_control,base_0000,0,47,19770.0,module_4
direct_coherent_all_shared_local_route,global_only_control,base_0000,1,0,30.0,module_1
direct_coherent_all_shared_local_route,global_only_control,base_0000,1,1,450.0,module_3
direct_coherent_all_shared_local_route,global_only_control,base_0000,1,2,870.0,module_4
direct_coherent_all_shared_local_route,global_only_control,base_0000,1,3,1290.0,module_2
direct_coherent_all_shared_local_route,global_only_control,base_0000,1,4,1710.0,module_3
direct_coherent_all_shared_local_route,global_only_control,base_0000,1,5,2130.0,module_2
direct_coherent_all_shared_local_route,global_only_control,base_0000,1,6,2550.0,module_4
direct_coherent_all_shared_local_route,global_only_control,base_0000,1,7,2970.0,module_1
direct_coherent_all_shared_local_route,global_only_control,base_0000,1,8,3390.0,module_1
direct_coherent_all_shared_local_route,global_only_control,base_0000,1,9,3810.0,module_3
direct_coherent_all_shared_local_route,global_only_control,base_0000,1,10,4230.0,module_2
direct_coherent_all_shared_local_route,global_only_control,base_0000,1,11,4650.0,module_4
direct_coherent_all_shared_local_route,global_only_control,base_0000,1,12,5070.0,module_2
direct_coherent_all_shared_local_route,global_only_control,base_0000,1,13,5490.0,module_3
direct_coherent_all_shared_local_route,global_only_control,base_0000,1,14,5910.0,module_4
direct_coherent_all_shared_local_route,global_only_control,base_0000,1,15,6330.0,module_1
direct_coherent_all_shared_local_route,global_only_control,base_0000,1,16,6750.0,module_2
direct_coherent_all_shared_local_route,global_only_control,base_0000,1,17,7170.0,module_3
direct_coherent_all_shared_local_route,global_only_control,base_0000,1,18,7590.0,module_1
direct_coherent_all_shared_local_route,global_only_control,base_0000,1,19,8010.0,module_4
direct_coherent_all_shared_local_route,global_only_control,base_0000,1,20,8430.0,module_4
direct_coherent_all_shared_local_route,global_only_control,base_0000,1,21,8850.0,module_1
direct_coherent_all_shared_local_route,global_only_control,base_0000,1,22,9270.0,module_3
direct_coherent_all_shared_local_route,global_only_control,base_0000,1,23,9690.0,module_2
direct_coherent_all_shared_local_route,global_only_control,base_0000,1,24,10110.0,module_4
direct_coherent_all_shared_local_route,global_only_control,base_0000,1,25,10530.0,module_2
direct_coherent_all_shared_local_route,global_only_control,base_0000,1,26,10950.0,module_3
direct_coherent_all_shared_local_route,global_only_control,base_0000,1,27,11370.0,module_1
direct_coherent_all_shared_local_route,global_only_control,base_0000,1,28,11790.0,module_1
direct_coherent_all_shared_local_route,global_only_control,base_0000,1,29,12210.0,module_2
direct_coherent_all_shared_local_route,global_only_control,base_0000,1,30,12630.0,module_3
direct_coherent_all_shared_local_route,global_only_control,base_0000,1,31,13050.0,module_4
direct_coherent_all_shared_local_route,global_only_control,base_0000,1,32,13470.0,module_3
direct_coherent_all_shared_local_route,global_only_control,base_0000,1,33,13890.0,module_1
direct_coherent_all_shared_local_route,global_only_control,base_0000,1,34,14310.0,module_2
direct_coherent_all_shared_local_route,global_only_control,base_0000,1,35,14730.0,module_4
direct_coherent_all_shared_local_route,global_only_control,base_0000,1,36,15150.0,module_3
direct_coherent_all_shared_local_route,global_only_control,base_0000,1,37,15570.0,module_2
direct_coherent_all_shared_local_route,global_only_control,base_0000,1,38,15990.0,module_1
direct_coherent_all_shared_local_route,global_only_control,base_0000,1,39,16410.0,module_4
direct_coherent_all_shared_local_route,global_only_control,base_0000,1,40,16830.0,module_3
direct_coherent_all_shared_local_route,global_only_control,base_0000,1,41,17250.0,module_2
direct_coherent_all_shared_local_route,global_only_control,base_0000,1,42,17670.0,module_1
direct_coherent_all_shared_local_route,global_only_control,base_0000,1,43,18090.0,module_4
direct_coherent_all_shared_local_route,global_only_control,base_0000,1,44,18510.0,module_1
direct_coherent_all_shared_local_route,global_only_control,base_0000,1,45,18930.0,module_4
direct_coherent_all_shared_local_route,global_only_control,base_0000,1,46,19350.0,module_2
direct_coherent_all_shared_local_route,global_only_control,base_0000,1,47,19770.0,module_3
direct_coherent_all_shared_local_route,global_only_control,base_0001,0,0,30.0,module_3
direct_coherent_all_shared_local_route,global_only_control,base_0001,0,1,450.0,module_1
direct_coherent_all_shared_local_route,global_only_control,base_0001,0,2,870.0,module_2
direct_coherent_all_shared_local_route,global_only_control,base_0001,0,3,1290.0,module_4
direct_coherent_all_shared_local_route,global_only_control,base_0001,0,4,1710.0,module_2
direct_coherent_all_shared_local_route,global_only_control,base_0001,0,5,2130.0,module_4
direct_coherent_all_shared_local_route,global_only_control,base_0001,0,6,2550.0,module_1
direct_coherent_all_shared_local_route,global_only_control,base_0001,0,7,2970.0,module_3
direct_coherent_all_shared_local_route,global_only_control,base_0001,0,8,3390.0,module_4
direct_coherent_all_shared_local_route,global_only_control,base_0001,0,9,3810.0,module_3
direct_coherent_all_shared_local_route,global_only_control,base_0001,0,10,4230.0,module_2
direct_coherent_all_shared_local_route,global_only_control,base_0001,0,11,4650.0,module_1
direct_coherent_all_shared_local_route,global_only_control,base_0001,0,12,5070.0,module_4
direct_coherent_all_shared_local_route,global_only_control,base_0001,0,13,5490.0,module_2
direct_coherent_all_shared_local_route,global_only_control,base_0001,0,14,5910.0,module_1
direct_coherent_all_shared_local_route,global_only_control,base_0001,0,15,6330.0,module_3
direct_coherent_all_shared_local_route,global_only_control,base_0001,0,16,6750.0,module_3
direct_coherent_all_shared_local_route,global_only_control,base_0001,0,17,7170.0,module_1
direct_coherent_all_shared_local_route,global_only_control,base_0001,0,18,7590.0,module_4
direct_coherent_all_shared_local_route,global_only_control,base_0001,0,19,8010.0,module_2
direct_coherent_all_shared_local_route,global_only_control,base_0001,0,20,8430.0,module_3
direct_coherent_all_shared_local_route,global_only_control,base_0001,0,21,8850.0,module_2
direct_coherent_all_shared_local_route,global_only_control,base_0001,0,22,9270.0,module_4
direct_coherent_all_shared_local_route,global_only_control,base_0001,0,23,9690.0,module_1
direct_coherent_all_shared_local_route,global_only_control,base_0001,0,24,10110.0,module_3
direct_coherent_all_shared_local_route,global_only_control,base_0001,0,25,10530.0,module_1
direct_coherent_all_shared_local_route,global_only_control,base_0001,0,26,10950.0,module_2
direct_coherent_all_shared_local_route,global_only_control,base_0001,0,27,11370.0,module_4
direct_coherent_all_shared_local_route,global_only_control,base_0001,0,28,11790.0,module_1
direct_coherent_all_shared_local_route,global_only_control,base_0001,0,29,12210.0,module_3
direct_coherent_all_shared_local_route,global_only_control,base_0001,0,30,12630.0,module_4
direct_coherent_all_shared_local_route,global_only_control,base_0001,0,31,13050.0,module_2
direct_coherent_all_shared_local_route,global_only_control,base_0001,0,32,13470.0,module_4
direct_coherent_all_shared_local_route,global_only_control,base_0001,0,33,13890.0,module_1
direct_coherent_all_shared_local_route,global_only_control,base_0001,0,34,14310.0,module_2
direct_coherent_all_shared_local_route,global_only_control,base_0001,0,35,14730.0,module_3
direct_coherent_all_shared_local_route,global_only_control,base_0001,0,36,15150.0,module_1
direct_coherent_all_shared_local_route,global_only_control,base_0001,0,37,15570.0,module_4
direct_coherent_all_shared_local_route,global_only_control,base_0001,0,38,15990.0,module_3
direct_coherent_all_shared_local_route,global_only_control,base_0001,0,39,16410.0,module_2
direct_coherent_all_shared_local_route,global_only_control,base_0001,0,40,16830.0,module_1
direct_coherent_all_shared_local_route,global_only_control,base_0001,0,41,17250.0,module_3
direct_coherent_all_shared_local_route,global_only_control,base_0001,0,42,17670.0,module_4
direct_coherent_all_shared_local_route,global_only_control,base_0001,0,43,18090.0,module_2
direct_coherent_all_shared_local_route,global_only_control,base_0001,0,44,18510.0,module_1
direct_coherent_all_shared_local_route,global_only_control,base_0001,0,45,18930.0,module_3
direct_coherent_all_shared_local_route,global_only_control,base_0001,0,46,19350.0,module_2
direct_coherent_all_shared_local_route,global_only_control,base_0001,0,47,19770.0,module_4
direct_coherent_all_shared_local_route,global_only_control,base_0001,1,0,30.0,module_3
direct_coherent_all_shared_local_route,global_only_control,base_0001,1,1,450.0,module_4
direct_coherent_all_shared_local_route,global_only_control,base_0001,1,2,870.0,module_2
direct_coherent_all_shared_local_route,global_only_control,base_0001,1,3,1290.0,module_1
direct_coherent_all_shared_local_route,global_only_control,base_0001,1,4,1710.0,module_3
direct_coherent_all_shared_local_route,global_only_control,base_0001,1,5,2130.0,module_1
direct_coherent_all_shared_local_route,global_only_control,base_0001,1,6,2550.0,module_4
direct_coherent_all_shared_local_route,global_only_control,base_0001,1,7,2970.0,module_2
direct_coherent_all_shared_local_route,global_only_control,base_0001,1,8,3390.0,module_1
direct_coherent_all_shared_local_route,global_only_control,base_0001,1,9,3810.0,module_3
direct_coherent_all_shared_local_route,global_only_control,base_0001,1,10,4230.0,module_2
direct_coherent_all_shared_local_route,global_only_control,base_0001,1,11,4650.0,module_4
direct_coherent_all_shared_local_route,global_only_control,base_0001,1,12,5070.0,module_1
direct_coherent_all_shared_local_route,global_only_control,base_0001,1,13,5490.0,module_3
direct_coherent_all_shared_local_route,global_only_control,base_0001,1,14,5910.0,module_2
direct_coherent_all_shared_local_route,global_only_control,base_0001,1,15,6330.0,module_4
direct_coherent_all_shared_local_route,global_only_control,base_0001,1,16,6750.0,module_4
direct_coherent_all_shared_local_route,global_only_control,base_0001,1,17,7170.0,module_2
direct_coherent_all_shared_local_route,global_only_control,base_0001,1,18,7590.0,module_1
direct_coherent_all_shared_local_route,global_only_control,base_0001,1,19,8010.0,module_3
direct_coherent_all_shared_local_route,global_only_control,base_0001,1,20,8430.0,module_3
direct_coherent_all_shared_local_route,global_only_control,base_0001,1,21,8850.0,module_2
direct_coherent_all_shared_local_route,global_only_control,base_0001,1,22,9270.0,module_1
direct_coherent_all_shared_local_route,global_only_control,base_0001,1,23,9690.0,module_4
direct_coherent_all_shared_local_route,global_only_control,base_0001,1,24,10110.0,module_1
direct_coherent_all_shared_local_route,global_only_control,base_0001,1,25,10530.0,module_4
direct_coherent_all_shared_local_route,global_only_control,base_0001,1,26,10950.0,module_3
direct_coherent_all_shared_local_route,global_only_control,base_0001,1,27,11370.0,module_2
direct_coherent_all_shared_local_route,global_only_control,base_0001,1,28,11790.0,module_3
direct_coherent_all_shared_local_route,global_only_control,base_0001,1,29,12210.0,module_1
direct_coherent_all_shared_local_route,global_only_control,base_0001,1,30,12630.0,module_4
direct_coherent_all_shared_local_route,global_only_control,base_0001,1,31,13050.0,module_2
direct_coherent_all_shared_local_route,global_only_control,base_0001,1,32,13470.0,module_2
direct_coherent_all_shared_local_route,global_only_control,base_0001,1,33,13890.0,module_4
direct_coherent_all_shared_local_route,global_only_control,base_0001,1,34,14310.0,module_3
direct_coherent_all_shared_local_route,global_only_control,base_0001,1,35,14730.0,module_1
direct_coherent_all_shared_local_route,global_only_control,base_0001,1,36,15150.0,module_1
direct_coherent_all_shared_local_route,global_only_control,base_0001,1,37,15570.0,module_4
direct_coherent_all_shared_local_route,global_only_control,base_0001,1,38,15990.0,module_3
direct_coherent_all_shared_local_route,global_only_control,base_0001,1,39,16410.0,module_2
direct_coherent_all_shared_local_route,global_only_control,base_0001,1,40,16830.0,module_4
direct_coherent_all_shared_local_route,global_only_control,base_0001,1,41,17250.0,module_3
direct_coherent_all_shared_local_route,global_only_control,base_0001,1,42,17670.0,module_1
direct_coherent_all_shared_local_route,global_only_control,base_0001,1,43,18090.0,module_2
direct_coherent_all_shared_local_route,global_only_control,base_0001,1,44,18510.0,module_1
direct_coherent_all_shared_local_route,global_only_control,base_0001,1,45,18930.0,module_4
direct_coherent_all_shared_local_route,global_only_control,base_0001,1,46,19350.0,module_2
direct_coherent_all_shared_local_route,global_only_control,base_0001,1,47,19770.0,module_3
direct_coherent_all_shared_local_route,global_only_control,base_0002,0,0,30.0,module_2
direct_coherent_all_shared_local_route,global_only_control,base_0002,0,1,450.0,module_1
direct_coherent_all_shared_local_route,global_only_control,base_0002,0,2,870.0,module_3
direct_coherent_all_shared_local_route,global_only_control,base_0002,0,3,1290.0,module_4
direct_coherent_all_shared_local_route,global_only_control,base_0002,0,4,1710.0,module_4
direct_coherent_all_shared_local_route,global_only_control,base_0002,0,5,2130.0,module_2
direct_coherent_all_shared_local_route,global_only_control,base_0002,0,6,2550.0,module_3
direct_coherent_all_shared_local_route,global_only_control,base_0002,0,7,2970.0,module_1
direct_coherent_all_shared_local_route,global_only_control,base_0002,0,8,3390.0,module_3
direct_coherent_all_shared_local_route,global_only_control,base_0002,0,9,3810.0,module_4
direct_coherent_all_shared_local_route,global_only_control,base_0002,0,10,4230.0,module_1
direct_coherent_all_shared_local_route,global_only_control,base_0002,0,11,4650.0,module_2
direct_coherent_all_shared_local_route,global_only_control,base_0002,0,12,5070.0,module_2
direct_coherent_all_shared_local_route,global_only_control,base_0002,0,13,5490.0,module_1
direct_coherent_all_shared_local_route,global_only_control,base_0002,0,14,5910.0,module_3
direct_coherent_all_shared_local_route,global_only_control,base_0002,0,15,6330.0,module_4
direct_coherent_all_shared_local_route,global_only_control,base_0002,0,16,6750.0,module_1
direct_coherent_all_shared_local_route,global_only_control,base_0002,0,17,7170.0,module_3
direct_coherent_all_shared_local_route,global_only_control,base_0002,0,18,7590.0,module_2
direct_coherent_all_shared_local_route,global_only_control,base_0002,0,19,8010.0,module_4
direct_coherent_all_shared_local_route,global_only_control,base_0002,0,20,8430.0,module_2
direct_coherent_all_shared_local_route,global_only_control,base_0002,0,21,8850.0,module_4
direct_coherent_all_shared_local_route,global_only_control,base_0002,0,22,9270.0,module_1
direct_coherent_all_shared_local_route,global_only_control,base_0002,0,23,9690.0,module_3
direct_coherent_all_shared_local_route,global_only_control,base_0002,0,24,10110.0,module_1
direct_coherent_all_shared_local_route,global_only_control,base_0002,0,25,10530.0,module_4
direct_coherent_all_shared_local_route,global_only_control,base_0002,0,26,10950.0,module_3
direct_coherent_all_shared_local_route,global_only_control,base_0002,0,27,11370.0,module_2
direct_coherent_all_shared_local_route,global_only_control,base_0002,0,28,11790.0,module_4
direct_coherent_all_shared_local_route,global_only_control,base_0002,0,29,12210.0,module_3
direct_coherent_all_shared_local_route,global_only_control,base_0002,0,30,12630.0,module_1
direct_coherent_all_shared_local_route,global_only_control,base_0002,0,31,13050.0,module_2
direct_coherent_all_shared_local_route,global_only_control,base_0002,0,32,13470.0,module_4
direct_coherent_all_shared_local_route,global_only_control,base_0002,0,33,13890.0,module_1
direct_coherent_all_shared_local_route,global_only_control,base_0002,0,34,14310.0,module_2
direct_coherent_all_shared_local_route,global_only_control,base_0002,0,35,14730.0,module_3
direct_coherent_all_shared_local_route,global_only_control,base_0002,0,36,15150.0,module_3
direct_coherent_all_shared_local_route,global_only_control,base_0002,0,37,15570.0,module_1
direct_coherent_all_shared_local_route,global_only_control,base_0002,0,38,15990.0,module_2
direct_coherent_all_shared_local_route,global_only_control,base_0002,0,39,16410.0,module_4
direct_coherent_all_shared_local_route,global_only_control,base_0002,0,40,16830.0,module_3
direct_coherent_all_shared_local_route,global_only_control,base_0002,0,41,17250.0,module_4
direct_coherent_all_shared_local_route,global_only_control,base_0002,0,42,17670.0,module_1
direct_coherent_all_shared_local_route,global_only_control,base_0002,0,43,18090.0,module_2
direct_coherent_all_shared_local_route,global_only_control,base_0002,0,44,18510.0,module_2
direct_coherent_all_shared_local_route,global_only_control,base_0002,0,45,18930.0,module_3
direct_coherent_all_shared_local_route,global_only_control,base_0002,0,46,19350.0,module_4
direct_coherent_all_shared_local_route,global_only_control,base_0002,0,47,19770.0,module_1
direct_coherent_all_shared_local_route,global_only_control,base_0002,1,0,30.0,module_2
direct_coherent_all_shared_local_route,global_only_control,base_0002,1,1,450.0,module_3
direct_coherent_all_shared_local_route,global_only_control,base_0002,1,2,870.0,module_1
direct_coherent_all_shared_local_route,global_only_control,base_0002,1,3,1290.0,module_4
direct_coherent_all_shared_local_route,global_only_control,base_0002,1,4,1710.0,module_3
direct_coherent_all_shared_local_route,global_only_control,base_0002,1,5,2130.0,module_1
direct_coherent_all_shared_local_route,global_only_control,base_0002,1,6,2550.0,module_4
direct_coherent_all_shared_local_route,global_only_control,base_0002,1,7,2970.0,module_2
direct_coherent_all_shared_local_route,global_only_control,base_0002,1,8,3390.0,module_4
direct_coherent_all_shared_local_route,global_only_control,base_0002,1,9,3810.0,module_3
direct_coherent_all_shared_local_route,global_only_control,base_0002,1,10,4230.0,module_1
direct_coherent_all_shared_local_route,global_only_control,base_0002,1,11,4650.0,module_2
direct_coherent_all_shared_local_route,global_only_control,base_0002,1,12,5070.0,module_3
direct_coherent_all_shared_local_route,global_only_control,base_0002,1,13,5490.0,module_2
direct_coherent_all_shared_local_route,global_only_control,base_0002,1,14,5910.0,module_1
direct_coherent_all_shared_local_route,global_only_control,base_0002,1,15,6330.0,module_4
direct_coherent_all_shared_local_route,global_only_control,base_0002,1,16,6750.0,module_3
direct_coherent_all_shared_local_route,global_only_control,base_0002,1,17,7170.0,module_2
direct_coherent_all_shared_local_route,global_only_control,base_0002,1,18,7590.0,module_4
direct_coherent_all_shared_local_route,global_only_control,base_0002,1,19,8010.0,module_1
direct_coherent_all_shared_local_route,global_only_control,base_0002,1,20,8430.0,module_2
direct_coherent_all_shared_local_route,global_only_control,base_0002,1,21,8850.0,module_1
direct_coherent_all_shared_local_route,global_only_control,base_0002,1,22,9270.0,module_3
direct_coherent_all_shared_local_route,global_only_control,base_0002,1,23,9690.0,module_4
direct_coherent_all_shared_local_route,global_only_control,base_0002,1,24,10110.0,module_1
direct_coherent_all_shared_local_route,global_only_control,base_0002,1,25,10530.0,module_2
direct_coherent_all_shared_local_route,global_only_control,base_0002,1,26,10950.0,module_3
direct_coherent_all_shared_local_route,global_only_control,base_0002,1,27,11370.0,module_4
direct_coherent_all_shared_local_route,global_only_control,base_0002,1,28,11790.0,module_2
direct_coherent_all_shared_local_route,global_only_control,base_0002,1,29,12210.0,module_1
direct_coherent_all_shared_local_route,global_only_control,base_0002,1,30,12630.0,module_4
direct_coherent_all_shared_local_route,global_only_control,base_0002,1,31,13050.0,module_3
direct_coherent_all_shared_local_route,global_only_control,base_0002,1,32,13470.0,module_1
direct_coherent_all_shared_local_route,global_only_control,base_0002,1,33,13890.0,module_4
direct_coherent_all_shared_local_route,global_only_control,base_0002,1,34,14310.0,module_3
direct_coherent_all_shared_local_route,global_only_control,base_0002,1,35,14730.0,module_2
direct_coherent_all_shared_local_route,global_only_control,base_0002,1,36,15150.0,module_3
direct_coherent_all_shared_local_route,global_only_control,base_0002,1,37,15570.0,module_2
direct_coherent_all_shared_local_route,global_only_control,base_0002,1,38,15990.0,module_4
direct_coherent_all_shared_local_route,global_only_control,base_0002,1,39,16410.0,module_1
direct_coherent_all_shared_local_route,global_only_control,base_0002,1,40,16830.0,module_4
direct_coherent_all_shared_local_route,global_only_control,base_0002,1,41,17250.0,module_1
direct_coherent_all_shared_local_route,global_only_control,base_0002,1,42,17670.0,module_2
direct_coherent_all_shared_local_route,global_only_control,base_0002,1,43,18090.0,module_3
direct_coherent_all_shared_local_route,global_only_control,base_0002,1,44,18510.0,module_3
direct_coherent_all_shared_local_route,global_only_control,base_0002,1,45,18930.0,module_1
direct_coherent_all_shared_local_route,global_only_control,base_0002,1,46,19350.0,module_2
direct_coherent_all_shared_local_route,global_only_control,base_0002,1,47,19770.0,module_4
direct_coherent_all_shared_local_route,global_only_control,base_0003,0,0,30.0,module_3
direct_coherent_all_shared_local_route,global_only_control,base_0003,0,1,450.0,module_2
direct_coherent_all_shared_local_route,global_only_control,base_0003,0,2,870.0,module_4
direct_coherent_all_shared_local_route,global_only_control,base_0003,0,3,1290.0,module_1
direct_coherent_all_shared_local_route,global_only_control,base_0003,0,4,1710.0,module_4
direct_coherent_all_shared_local_route,global_only_control,base_0003,0,5,2130.0,module_3
direct_coherent_all_shared_local_route,global_only_control,base_0003,0,6,2550.0,module_2
direct_coherent_all_shared_local_route,global_only_control,base_0003,0,7,2970.0,module_1
direct_coherent_all_shared_local_route,global_only_control,base_0003,0,8,3390.0,module_1
direct_coherent_all_shared_local_route,global_only_control,base_0003,0,9,3810.0,module_4
direct_coherent_all_shared_local_route,global_only_control,base_0003,0,10,4230.0,module_3
direct_coherent_all_shared_local_route,global_only_control,base_0003,0,11,4650.0,module_2
direct_coherent_all_shared_local_route,global_only_control,base_0003,0,12,5070.0,module_2
direct_coherent_all_shared_local_route,global_only_control,base_0003,0,13,5490.0,module_4
direct_coherent_all_shared_local_route,global_only_control,base_0003,0,14,5910.0,module_1
direct_coherent_all_shared_local_route,global_only_control,base_0003,0,15,6330.0,module_3
direct_coherent_all_shared_local_route,global_only_control,base_0003,0,16,6750.0,module_2
direct_coherent_all_shared_local_route,global_only_control,base_0003,0,17,7170.0,module_4
direct_coherent_all_shared_local_route,global_only_control,base_0003,0,18,7590.0,module_3
direct_coherent_all_shared_local_route,global_only_control,base_0003,0,19,8010.0,module_1
direct_coherent_all_shared_local_route,global_only_control,base_0003,0,20,8430.0,module_4
direct_coherent_all_shared_local_route,global_only_control,base_0003,0,21,8850.0,module_2
direct_coherent_all_shared_local_route,global_only_control,base_0003,0,22,9270.0,module_3
direct_coherent_all_shared_local_route,global_only_control,base_0003,0,23,9690.0,module_1
direct_coherent_all_shared_local_route,global_only_control,base_0003,0,24,10110.0,module_4
direct_coherent_all_shared_local_route,global_only_control,base_0003,0,25,10530.0,module_1
direct_coherent_all_shared_local_route,global_only_control,base_0003,0,26,10950.0,module_2
direct_coherent_all_shared_local_route,global_only_control,base_0003,0,27,11370.0,module_3
direct_coherent_all_shared_local_route,global_only_control,base_0003,0,28,11790.0,module_1
direct_coherent_all_shared_local_route,global_only_control,base_0003,0,29,12210.0,module_4
direct_coherent_all_shared_local_route,global_only_control,base_0003,0,30,12630.0,module_3
direct_coherent_all_shared_local_route,global_only_control,base_0003,0,31,13050.0,module_2
direct_coherent_all_shared_local_route,global_only_control,base_0003,0,32,13470.0,module_4
direct_coherent_all_shared_local_route,global_only_control,base_0003,0,33,13890.0,module_1
direct_coherent_all_shared_local_route,global_only_control,base_0003,0,34,14310.0,module_3
direct_coherent_all_shared_local_route,global_only_control,base_0003,0,35,14730.0,module_2
direct_coherent_all_shared_local_route,global_only_control,base_0003,0,36,15150.0,module_1
direct_coherent_all_shared_local_route,global_only_control,base_0003,0,37,15570.0,module_4
direct_coherent_all_shared_local_route,global_only_control,base_0003,0,38,15990.0,module_2
direct_coherent_all_shared_local_route,global_only_control,base_0003,0,39,16410.0,module_3
direct_coherent_all_shared_local_route,global_only_control,base_0003,0,40,16830.0,module_3
direct_coherent_all_shared_local_route,global_only_control,base_0003,0,41,17250.0,module_2
direct_coherent_all_shared_local_route,global_only_control,base_0003,0,42,17670.0,module_4
direct_coherent_all_shared_local_route,global_only_control,base_0003,0,43,18090.0,module_1
direct_coherent_all_shared_local_route,global_only_control,base_0003,0,44,18510.0,module_1
direct_coherent_all_shared_local_route,global_only_control,base_0003,0,45,18930.0,module_4
direct_coherent_all_shared_local_route,global_only_control,base_0003,0,46,19350.0,module_3
direct_coherent_all_shared_local_route,global_only_control,base_0003,0,47,19770.0,module_2
direct_coherent_all_shared_local_route,global_only_control,base_0003,1,0,30.0,module_2
direct_coherent_all_shared_local_route,global_only_control,base_0003,1,1,450.0,module_4
direct_coherent_all_shared_local_route,global_only_control,base_0003,1,2,870.0,module_3
direct_coherent_all_shared_local_route,global_only_control,base_0003,1,3,1290.0,module_1
direct_coherent_all_shared_local_route,global_only_control,base_0003,1,4,1710.0,module_4
direct_coherent_all_shared_local_route,global_only_control,base_0003,1,5,2130.0,module_3
direct_coherent_all_shared_local_route,global_only_control,base_0003,1,6,2550.0,module_1
direct_coherent_all_shared_local_route,global_only_control,base_0003,1,7,2970.0,module_2
direct_coherent_all_shared_local_route,global_only_control,base_0003,1,8,3390.0,module_4
direct_coherent_all_shared_local_route,global_only_control,base_0003,1,9,3810.0,module_2
direct_coherent_all_shared_local_route,global_only_control,base_0003,1,10,4230.0,module_1
direct_coherent_all_shared_local_route,global_only_control,base_0003,1,11,4650.0,module_3
direct_coherent_all_shared_local_route,global_only_control,base_0003,1,12,5070.0,module_4
direct_coherent_all_shared_local_route,global_only_control,base_0003,1,13,5490.0,module_2
direct_coherent_all_shared_local_route,global_only_control,base_0003,1,14,5910.0,module_3
direct_coherent_all_shared_local_route,global_only_control,base_0003,1,15,6330.0,module_1
direct_coherent_all_shared_local_route,global_only_control,base_0003,1,16,6750.0,module_3
direct_coherent_all_shared_local_route,global_only_control,base_0003,1,17,7170.0,module_2
direct_coherent_all_shared_local_route,global_only_control,base_0003,1,18,7590.0,module_1
direct_coherent_all_shared_local_route,global_only_control,base_0003,1,19,8010.0,module_4
direct_coherent_all_shared_local_route,global_only_control,base_0003,1,20,8430.0,module_2
direct_coherent_all_shared_local_route,global_only_control,base_0003,1,21,8850.0,module_3
direct_coherent_all_shared_local_route,global_only_control,base_0003,1,22,9270.0,module_4
direct_coherent_all_shared_local_route,global_only_control,base_0003,1,23,9690.0,module_1
direct_coherent_all_shared_local_route,global_only_control,base_0003,1,24,10110.0,module_3
direct_coherent_all_shared_local_route,global_only_control,base_0003,1,25,10530.0,module_4
direct_coherent_all_shared_local_route,global_only_control,base_0003,1,26,10950.0,module_1
direct_coherent_all_shared_local_route,global_only_control,base_0003,1,27,11370.0,module_2
direct_coherent_all_shared_local_route,global_only_control,base_0003,1,28,11790.0,module_1
direct_coherent_all_shared_local_route,global_only_control,base_0003,1,29,12210.0,module_4
direct_coherent_all_shared_local_route,global_only_control,base_0003,1,30,12630.0,module_2
direct_coherent_all_shared_local_route,global_only_control,base_0003,1,31,13050.0,module_3
direct_coherent_all_shared_local_route,global_only_control,base_0003,1,32,13470.0,module_2
direct_coherent_all_shared_local_route,global_only_control,base_0003,1,33,13890.0,module_3
direct_coherent_all_shared_local_route,global_only_control,base_0003,1,34,14310.0,module_1
direct_coherent_all_shared_local_route,global_only_control,base_0003,1,35,14730.0,module_4
direct_coherent_all_shared_local_route,global_only_control,base_0003,1,36,15150.0,module_2
direct_coherent_all_shared_local_route,global_only_control,base_0003,1,37,15570.0,module_1
direct_coherent_all_shared_local_route,global_only_control,base_0003,1,38,15990.0,module_3
direct_coherent_all_shared_local_route,global_only_control,base_0003,1,39,16410.0,module_4
direct_coherent_all_shared_local_route,global_only_control,base_0003,1,40,16830.0,module_1
direct_coherent_all_shared_local_route,global_only_control,base_0003,1,41,17250.0,module_3
direct_coherent_all_shared_local_route,global_only_control,base_0003,1,42,17670.0,module_4
direct_coherent_all_shared_local_route,global_only_control,base_0003,1,43,18090.0,module_2
direct_coherent_all_shared_local_route,global_only_control,base_0003,1,44,18510.0,module_2
direct_coherent_all_shared_local_route,global_only_control,base_0003,1,45,18930.0,module_4
direct_coherent_all_shared_local_route,global_only_control,base_0003,1,46,19350.0,module_3
direct_coherent_all_shared_local_route,global_only_control,base_0003,1,47,19770.0,module_1
direct_coherent_all_shared_local_route,global_only_control,base_0004,0,0,30.0,module_2
direct_coherent_all_shared_local_route,global_only_control,base_0004,0,1,450.0,module_4
direct_coherent_all_shared_local_route,global_only_control,base_0004,0,2,870.0,module_3
direct_coherent_all_shared_local_route,global_only_control,base_0004,0,3,1290.0,module_1
direct_coherent_all_shared_local_route,global_only_control,base_0004,0,4,1710.0,module_3
direct_coherent_all_shared_local_route,global_only_control,base_0004,0,5,2130.0,module_2
direct_coherent_all_shared_local_route,global_only_control,base_0004,0,6,2550.0,module_1
direct_coherent_all_shared_local_route,global_only_control,base_0004,0,7,2970.0,module_4
direct_coherent_all_shared_local_route,global_only_control,base_0004,0,8,3390.0,module_3
direct_coherent_all_shared_local_route,global_only_control,base_0004,0,9,3810.0,module_2
direct_coherent_all_shared_local_route,global_only_control,base_0004,0,10,4230.0,module_1
direct_coherent_all_shared_local_route,global_only_control,base_0004,0,11,4650.0,module_4
direct_coherent_all_shared_local_route,global_only_control,base_0004,0,12,5070.0,module_4
direct_coherent_all_shared_local_route,global_only_control,base_0004,0,13,5490.0,module_3
direct_coherent_all_shared_local_route,global_only_control,base_0004,0,14,5910.0,module_2
direct_coherent_all_shared_local_route,global_only_control,base_0004,0,15,6330.0,module_1
direct_coherent_all_shared_local_route,global_only_control,base_0004,0,16,6750.0,module_1
direct_coherent_all_shared_local_route,global_only_control,base_0004,0,17,7170.0,module_3
direct_coherent_all_shared_local_route,global_only_control,base_0004,0,18,7590.0,module_4
direct_coherent_all_shared_local_route,global_only_control,base_0004,0,19,8010.0,module_2
direct_coherent_all_shared_local_route,global_only_control,base_0004,0,20,8430.0,module_1
direct_coherent_all_shared_local_route,global_only_control,base_0004,0,21,8850.0,module_4
direct_coherent_all_shared_local_route,global_only_control,base_0004,0,22,9270.0,module_2
direct_coherent_all_shared_local_route,global_only_control,base_0004,0,23,9690.0,module_3
direct_coherent_all_shared_local_route,global_only_control,base_0004,0,24,10110.0,module_2
direct_coherent_all_shared_local_route,global_only_control,base_0004,0,25,10530.0,module_1
direct_coherent_all_shared_local_route,global_only_control,base_0004,0,26,10950.0,module_4
direct_coherent_all_shared_local_route,global_only_control,base_0004,0,27,11370.0,module_3
direct_coherent_all_shared_local_route,global_only_control,base_0004,0,28,11790.0,module_4
direct_coherent_all_shared_local_route,global_only_control,base_0004,0,29,12210.0,module_1
direct_coherent_all_shared_local_route,global_only_control,base_0004,0,30,12630.0,module_3
direct_coherent_all_shared_local_route,global_only_control,base_0004,0,31,13050.0,module_2
direct_coherent_all_shared_local_route,global_only_control,base_0004,0,32,13470.0,module_2
direct_coherent_all_shared_local_route,global_only_control,base_0004,0,33,13890.0,module_3
direct_coherent_all_shared_local_route,global_only_control,base_0004,0,34,14310.0,module_4
direct_coherent_all_shared_local_route,global_only_control,base_0004,0,35,14730.0,module_1
direct_coherent_all_shared_local_route,global_only_control,base_0004,0,36,15150.0,module_3
direct_coherent_all_shared_local_route,global_only_control,base_0004,0,37,15570.0,module_4
direct_coherent_all_shared_local_route,global_only_control,base_0004,0,38,15990.0,module_2
direct_coherent_all_shared_local_route,global_only_control,base_0004,0,39,16410.0,module_1
direct_coherent_all_shared_local_route,global_only_control,base_0004,0,40,16830.0,module_4
direct_coherent_all_shared_local_route,global_only_control,base_0004,0,41,17250.0,module_2
direct_coherent_all_shared_local_route,global_only_control,base_0004,0,42,17670.0,module_3
direct_coherent_all_shared_local_route,global_only_control,base_0004,0,43,18090.0,module_1
direct_coherent_all_shared_local_route,global_only_control,base_0004,0,44,18510.0,module_1
direct_coherent_all_shared_local_route,global_only_control,base_0004,0,45,18930.0,module_2
direct_coherent_all_shared_local_route,global_only_control,base_0004,0,46,19350.0,module_4
direct_coherent_all_shared_local_route,global_only_control,base_0004,0,47,19770.0,module_3
direct_coherent_all_shared_local_route,global_only_control,base_0004,1,0,30.0,module_4
direct_coherent_all_shared_local_route,global_only_control,base_0004,1,1,450.0,module_1
direct_coherent_all_shared_local_route,global_only_control,base_0004,1,2,870.0,module_2
direct_coherent_all_shared_local_route,global_only_control,base_0004,1,3,1290.0,module_3
direct_coherent_all_shared_local_route,global_only_control,base_0004,1,4,1710.0,module_1
direct_coherent_all_shared_local_route,global_only_control,base_0004,1,5,2130.0,module_2
direct_coherent_all_shared_local_route,global_only_control,base_0004,1,6,2550.0,module_3
direct_coherent_all_shared_local_route,global_only_control,base_0004,1,7,2970.0,module_4
direct_coherent_all_shared_local_route,global_only_control,base_0004,1,8,3390.0,module_3
direct_coherent_all_shared_local_route,global_only_control,base_0004,1,9,3810.0,module_1
direct_coherent_all_shared_local_route,global_only_control,base_0004,1,10,4230.0,module_2
direct_coherent_all_shared_local_route,global_only_control,base_0004,1,11,4650.0,module_4
direct_coherent_all_shared_local_route,global_only_control,base_0004,1,12,5070.0,module_4
direct_coherent_all_shared_local_route,global_only_control,base_0004,1,13,5490.0,module_1
direct_coherent_all_shared_local_route,global_only_control,base_0004,1,14,5910.0,module_2
direct_coherent_all_shared_local_route,global_only_control,base_0004,1,15,6330.0,module_3
direct_coherent_all_shared_local_route,global_only_control,base_0004,1,16,6750.0,module_1
direct_coherent_all_shared_local_route,global_only_control,base_0004,1,17,7170.0,module_2
direct_coherent_all_shared_local_route,global_only_control,base_0004,1,18,7590.0,module_3
direct_coherent_all_shared_local_route,global_only_control,base_0004,1,19,8010.0,module_4
direct_coherent_all_shared_local_route,global_only_control,base_0004,1,20,8430.0,module_2
direct_coherent_all_shared_local_route,global_only_control,base_0004,1,21,8850.0,module_4
direct_coherent_all_shared_local_route,global_only_control,base_0004,1,22,9270.0,module_1
direct_coherent_all_shared_local_route,global_only_control,base_0004,1,23,9690.0,module_3
direct_coherent_all_shared_local_route,global_only_control,base_0004,1,24,10110.0,module_4
direct_coherent_all_shared_local_route,global_only_control,base_0004,1,25,10530.0,module_1
direct_coherent_all_shared_local_route,global_only_control,base_0004,1,26,10950.0,module_2
direct_coherent_all_shared_local_route,global_only_control,base_0004,1,27,11370.0,module_3
direct_coherent_all_shared_local_route,global_only_control,base_0004,1,28,11790.0,module_4
direct_coherent_all_shared_local_route,global_only_control,base_0004,1,29,12210.0,module_2
direct_coherent_all_shared_local_route,global_only_control,base_0004,1,30,12630.0,module_1
direct_coherent_all_shared_local_route,global_only_control,base_0004,1,31,13050.0,module_3
direct_coherent_all_shared_local_route,global_only_control,base_0004,1,32,13470.0,module_4
direct_coherent_all_shared_local_route,global_only_control,base_0004,1,33,13890.0,module_2
direct_coherent_all_shared_local_route,global_only_control,base_0004,1,34,14310.0,module_1
direct_coherent_all_shared_local_route,global_only_control,base_0004,1,35,14730.0,module_3
direct_coherent_all_shared_local_route,global_only_control,base_0004,1,36,15150.0,module_2
direct_coherent_all_shared_local_route,global_only_control,base_0004,1,37,15570.0,module_3
direct_coherent_all_shared_local_route,global_only_control,base_0004,1,38,15990.0,module_4
direct_coherent_all_shared_local_route,global_only_control,base_0004,1,39,16410.0,module_1
direct_coherent_all_shared_local_route,global_only_control,base_0004,1,40,16830.0,module_1
direct_coherent_all_shared_local_route,global_only_control,base_0004,1,41,17250.0,module_4
direct_coherent_all_shared_local_route,global_only_control,base_0004,1,42,17670.0,module_2
direct_coherent_all_shared_local_route,global_only_control,base_0004,1,43,18090.0,module_3
direct_coherent_all_shared_local_route,global_only_control,base_0004,1,44,18510.0,module_4
direct_coherent_all_shared_local_route,global_only_control,base_0004,1,45,18930.0,module_3
direct_coherent_all_shared_local_route,global_only_control,base_0004,1,46,19350.0,module_1
direct_coherent_all_shared_local_route,global_only_control,base_0004,1,47,19770.0,module_2
direct_coherent_all_shared_local_route,global_only_control,base_0005,0,0,30.0,module_1
direct_coherent_all_shared_local_route,global_only_control,base_0005,0,1,450.0,module_3
direct_coherent_all_shared_local_route,global_only_control,base_0005,0,2,870.0,module_4
direct_coherent_all_shared_local_route,global_only_control,base_0005,0,3,1290.0,module_2
direct_coherent_all_shared_local_route,global_only_control,base_0005,0,4,1710.0,module_1
direct_coherent_all_shared_local_route,global_only_control,base_0005,0,5,2130.0,module_4
direct_coherent_all_shared_local_route,global_only_control,base_0005,0,6,2550.0,module_3
direct_coherent_all_shared_local_route,global_only_control,base_0005,0,7,2970.0,module_2
direct_coherent_all_shared_local_route,global_only_control,base_0005,0,8,3390.0,module_4
direct_coherent_all_shared_local_route,global_only_control,base_0005,0,9,3810.0,module_3
direct_coherent_all_shared_local_route,global_only_control,base_0005,0,10,4230.0,module_2
direct_coherent_all_shared_local_route,global_only_control,base_0005,0,11,4650.0,module_1
direct_coherent_all_shared_local_route,global_only_control,base_0005,0,12,5070.0,module_4
direct_coherent_all_shared_local_route,global_only_control,base_0005,0,13,5490.0,module_3
direct_coherent_all_shared_local_route,global_only_control,base_0005,0,14,5910.0,module_1
direct_coherent_all_shared_local_route,global_only_control,base_0005,0,15,6330.0,module_2
direct_coherent_all_shared_local_route,global_only_control,base_0005,0,16,6750.0,module_1
direct_coherent_all_shared_local_route,global_only_control,base_0005,0,17,7170.0,module_4
direct_coherent_all_shared_local_route,global_only_control,base_0005,0,18,7590.0,module_3
direct_coherent_all_shared_local_route,global_only_control,base_0005,0,19,8010.0,module_2
direct_coherent_all_shared_local_route,global_only_control,base_0005,0,20,8430.0,module_2
direct_coherent_all_shared_local_route,global_only_control,base_0005,0,21,8850.0,module_1
direct_coherent_all_shared_local_route,global_only_control,base_0005,0,22,9270.0,module_4
direct_coherent_all_shared_local_route,global_only_control,base_0005,0,23,9690.0,module_3
direct_coherent_all_shared_local_route,global_only_control,base_0005,0,24,10110.0,module_3
direct_coherent_all_shared_local_route,global_only_control,base_0005,0,25,10530.0,module_2
direct_coherent_all_shared_local_route,global_only_control,base_0005,0,26,10950.0,module_4
direct_coherent_all_shared_local_route,global_only_control,base_0005,0,27,11370.0,module_1
direct_coherent_all_shared_local_route,global_only_control,base_0005,0,28,11790.0,module_3
direct_coherent_all_shared_local_route,global_only_control,base_0005,0,29,12210.0,module_4
direct_coherent_all_shared_local_route,global_only_control,base_0005,0,30,12630.0,module_1
direct_coherent_all_shared_local_route,global_only_control,base_0005,0,31,13050.0,module_2
direct_coherent_all_shared_local_route,global_only_control,base_0005,0,32,13470.0,module_1
direct_coherent_all_shared_local_route,global_only_control,base_0005,0,33,13890.0,module_4
direct_coherent_all_shared_local_route,global_only_control,base_0005,0,34,14310.0,module_3
direct_coherent_all_shared_local_route,global_only_control,base_0005,0,35,14730.0,module_2
direct_coherent_all_shared_local_route,global_only_control,base_0005,0,36,15150.0,module_1
direct_coherent_all_shared_local_route,global_only_control,base_0005,0,37,15570.0,module_2
direct_coherent_all_shared_local_route,global_only_control,base_0005,0,38,15990.0,module_3
direct_coherent_all_shared_local_route,global_only_control,base_0005,0,39,16410.0,module_4
direct_coherent_all_shared_local_route,global_only_control,base_0005,0,40,16830.0,module_3
direct_coherent_all_shared_local_route,global_only_control,base_0005,0,41,17250.0,module_4
direct_coherent_all_shared_local_route,global_only_control,base_0005,0,42,17670.0,module_2
direct_coherent_all_shared_local_route,global_only_control,base_0005,0,43,18090.0,module_1
direct_coherent_all_shared_local_route,global_only_control,base_0005,0,44,18510.0,module_1
direct_coherent_all_shared_local_route,global_only_control,base_0005,0,45,18930.0,module_2
direct_coherent_all_shared_local_route,global_only_control,base_0005,0,46,19350.0,module_4
direct_coherent_all_shared_local_route,global_only_control,base_0005,0,47,19770.0,module_3
direct_coherent_all_shared_local_route,global_only_control,base_0005,1,0,30.0,module_2
direct_coherent_all_shared_local_route,global_only_control,base_0005,1,1,450.0,module_4
direct_coherent_all_shared_local_route,global_only_control,base_0005,1,2,870.0,module_3
direct_coherent_all_shared_local_route,global_only_control,base_0005,1,3,1290.0,module_1
direct_coherent_all_shared_local_route,global_only_control,base_0005,1,4,1710.0,module_3
direct_coherent_all_shared_local_route,global_only_control,base_0005,1,5,2130.0,module_4
direct_coherent_all_shared_local_route,global_only_control,base_0005,1,6,2550.0,module_1
direct_coherent_all_shared_local_route,global_only_control,base_0005,1,7,2970.0,module_2
direct_coherent_all_shared_local_route,global_only_control,base_0005,1,8,3390.0,module_4
direct_coherent_all_shared_local_route,global_only_control,base_0005,1,9,3810.0,module_3
direct_coherent_all_shared_local_route,global_only_control,base_0005,1,10,4230.0,module_2
direct_coherent_all_shared_local_route,global_only_control,base_0005,1,11,4650.0,module_1
direct_coherent_all_shared_local_route,global_only_control,base_0005,1,12,5070.0,module_3
direct_coherent_all_shared_local_route,global_only_control,base_0005,1,13,5490.0,module_4
direct_coherent_all_shared_local_route,global_only_control,base_0005,1,14,5910.0,module_2
direct_coherent_all_shared_local_route,global_only_control,base_0005,1,15,6330.0,module_1
direct_coherent_all_shared_local_route,global_only_control,base_0005,1,16,6750.0,module_4
direct_coherent_all_shared_local_route,global_only_control,base_0005,1,17,7170.0,module_1
direct_coherent_all_shared_local_route,global_only_control,base_0005,1,18,7590.0,module_2
direct_coherent_all_shared_local_route,global_only_control,base_0005,1,19,8010.0,module_3
direct_coherent_all_shared_local_route,global_only_control,base_0005,1,20,8430.0,module_2
direct_coherent_all_shared_local_route,global_only_control,base_0005,1,21,8850.0,module_3
direct_coherent_all_shared_local_route,global_only_control,base_0005,1,22,9270.0,module_1
direct_coherent_all_shared_local_route,global_only_control,base_0005,1,23,9690.0,module_4
direct_coherent_all_shared_local_route,global_only_control,base_0005,1,24,10110.0,module_1
direct_coherent_all_shared_local_route,global_only_control,base_0005,1,25,10530.0,module_2
direct_coherent_all_shared_local_route,global_only_control,base_0005,1,26,10950.0,module_3
direct_coherent_all_shared_local_route,global_only_control,base_0005,1,27,11370.0,module_4
direct_coherent_all_shared_local_route,global_only_control,base_0005,1,28,11790.0,module_2
direct_coherent_all_shared_local_route,global_only_control,base_0005,1,29,12210.0,module_4
direct_coherent_all_shared_local_route,global_only_control,base_0005,1,30,12630.0,module_1
direct_coherent_all_shared_local_route,global_only_control,base_0005,1,31,13050.0,module_3
direct_coherent_all_shared_local_route,global_only_control,base_0005,1,32,13470.0,module_2
direct_coherent_all_shared_local_route,global_only_control,base_0005,1,33,13890.0,module_3
direct_coherent_all_shared_local_route,global_only_control,base_0005,1,34,14310.0,module_1
direct_coherent_all_shared_local_route,global_only_control,base_0005,1,35,14730.0,module_4
direct_coherent_all_shared_local_route,global_only_control,base_0005,1,36,15150.0,module_4
direct_coherent_all_shared_local_route,global_only_control,base_0005,1,37,15570.0,module_2
direct_coherent_all_shared_local_route,global_only_control,base_0005,1,38,15990.0,module_1
direct_coherent_all_shared_local_route,global_only_control,base_0005,1,39,16410.0,module_3
direct_coherent_all_shared_local_route,global_only_control,base_0005,1,40,16830.0,module_4
direct_coherent_all_shared_local_route,global_only_control,base_0005,1,41,17250.0,module_3
direct_coherent_all_shared_local_route,global_only_control,base_0005,1,42,17670.0,module_1
direct_coherent_all_shared_local_route,global_only_control,base_0005,1,43,18090.0,module_2
direct_coherent_all_shared_local_route,global_only_control,base_0005,1,44,18510.0,module_3
direct_coherent_all_shared_local_route,global_only_control,base_0005,1,45,18930.0,module_4
direct_coherent_all_shared_local_route,global_only_control,base_0005,1,46,19350.0,module_1
direct_coherent_all_shared_local_route,global_only_control,base_0005,1,47,19770.0,module_2
direct_coherent_all_shared_local_route,global_only_control,base_0006,0,0,30.0,module_4
direct_coherent_all_shared_local_route,global_only_control,base_0006,0,1,450.0,module_3
direct_coherent_all_shared_local_route,global_only_control,base_0006,0,2,870.0,module_2
direct_coherent_all_shared_local_route,global_only_control,base_0006,0,3,1290.0,module_1
direct_coherent_all_shared_local_route,global_only_control,base_0006,0,4,1710.0,module_1
direct_coherent_all_shared_local_route,global_only_control,base_0006,0,5,2130.0,module_4
direct_coherent_all_shared_local_route,global_only_control,base_0006,0,6,2550.0,module_2
direct_coherent_all_shared_local_route,global_only_control,base_0006,0,7,2970.0,module_3
direct_coherent_all_shared_local_route,global_only_control,base_0006,0,8,3390.0,module_4
direct_coherent_all_shared_local_route,global_only_control,base_0006,0,9,3810.0,module_2
direct_coherent_all_shared_local_route,global_only_control,base_0006,0,10,4230.0,module_3
direct_coherent_all_shared_local_route,global_only_control,base_0006,0,11,4650.0,module_1
direct_coherent_all_shared_local_route,global_only_control,base_0006,0,12,5070.0,module_3
direct_coherent_all_shared_local_route,global_only_control,base_0006,0,13,5490.0,module_4
direct_coherent_all_shared_local_route,global_only_control,base_0006,0,14,5910.0,module_1
direct_coherent_all_shared_local_route,global_only_control,base_0006,0,15,6330.0,module_2
direct_coherent_all_shared_local_route,global_only_control,base_0006,0,16,6750.0,module_2
direct_coherent_all_shared_local_route,global_only_control,base_0006,0,17,7170.0,module_3
direct_coherent_all_shared_local_route,global_only_control,base_0006,0,18,7590.0,module_4
direct_coherent_all_shared_local_route,global_only_control,base_0006,0,19,8010.0,module_1
direct_coherent_all_shared_local_route,global_only_control,base_0006,0,20,8430.0,module_2
direct_coherent_all_shared_local_route,global_only_control,base_0006,0,21,8850.0,module_1
direct_coherent_all_shared_local_route,global_only_control,base_0006,0,22,9270.0,module_4
direct_coherent_all_shared_local_route,global_only_control,base_0006,0,23,9690.0,module_3
direct_coherent_all_shared_local_route,global_only_control,base_0006,0,24,10110.0,module_1
direct_coherent_all_shared_local_route,global_only_control,base_0006,0,25,10530.0,module_4
direct_coherent_all_shared_local_route,global_only_control,base_0006,0,26,10950.0,module_2
direct_coherent_all_shared_local_route,global_only_control,base_0006,0,27,11370.0,module_3
direct_coherent_all_shared_local_route,global_only_control,base_0006,0,28,11790.0,module_3
direct_coherent_all_shared_local_route,global_only_control,base_0006,0,29,12210.0,module_4
direct_coherent_all_shared_local_route,global_only_control,base_0006,0,30,12630.0,module_2
direct_coherent_all_shared_local_route,global_only_control,base_0006,0,31,13050.0,module_1
direct_coherent_all_shared_local_route,global_only_control,base_0006,0,32,13470.0,module_2
direct_coherent_all_shared_local_route,global_only_control,base_0006,0,33,13890.0,module_4
direct_coherent_all_shared_local_route,global_only_control,base_0006,0,34,14310.0,module_1
direct_coherent_all_shared_local_route,global_only_control,base_0006,0,35,14730.0,module_3
direct_coherent_all_shared_local_route,global_only_control,base_0006,0,36,15150.0,module_3
direct_coherent_all_shared_local_route,global_only_control,base_0006,0,37,15570.0,module_2
direct_coherent_all_shared_local_route,global_only_control,base_0006,0,38,15990.0,module_4
direct_coherent_all_shared_local_route,global_only_control,base_0006,0,39,16410.0,module_1
direct_coherent_all_shared_local_route,global_only_control,base_0006,0,40,16830.0,module_3
direct_coherent_all_shared_local_route,global_only_control,base_0006,0,41,17250.0,module_1
direct_coherent_all_shared_local_route,global_only_control,base_0006,0,42,17670.0,module_2
direct_coherent_all_shared_local_route,global_only_control,base_0006,0,43,18090.0,module_4
direct_coherent_all_shared_local_route,global_only_control,base_0006,0,44,18510.0,module_3
direct_coherent_all_shared_local_route,global_only_control,base_0006,0,45,18930.0,module_1
direct_coherent_all_shared_local_route,global_only_control,base_0006,0,46,19350.0,module_2
direct_coherent_all_shared_local_route,global_only_control,base_0006,0,47,19770.0,module_4
direct_coherent_all_shared_local_route,global_only_control,base_0006,1,0,30.0,module_1
direct_coherent_all_shared_local_route,global_only_control,base_0006,1,1,450.0,module_3
direct_coherent_all_shared_local_route,global_only_control,base_0006,1,2,870.0,module_4
direct_coherent_all_shared_local_route,global_only_control,base_0006,1,3,1290.0,module_2
direct_coherent_all_shared_local_route,global_only_control,base_0006,1,4,1710.0,module_4
direct_coherent_all_shared_local_route,global_only_control,base_0006,1,5,2130.0,module_1
direct_coherent_all_shared_local_route,global_only_control,base_0006,1,6,2550.0,module_3
direct_coherent_all_shared_local_route,global_only_control,base_0006,1,7,2970.0,module_2
direct_coherent_all_shared_local_route,global_only_control,base_0006,1,8,3390.0,module_1
direct_coherent_all_shared_local_route,global_only_control,base_0006,1,9,3810.0,module_2
direct_coherent_all_shared_local_route,global_only_control,base_0006,1,10,4230.0,module_3
direct_coherent_all_shared_local_route,global_only_control,base_0006,1,11,4650.0,module_4
direct_coherent_all_shared_local_route,global_only_control,base_0006,1,12,5070.0,module_3
direct_coherent_all_shared_local_route,global_only_control,base_0006,1,13,5490.0,module_2
direct_coherent_all_shared_local_route,global_only_control,base_0006,1,14,5910.0,module_1
direct_coherent_all_shared_local_route,global_only_control,base_0006,1,15,6330.0,module_4
direct_coherent_all_shared_local_route,global_only_control,base_0006,1,16,6750.0,module_1
direct_coherent_all_shared_local_route,global_only_control,base_0006,1,17,7170.0,module_4
direct_coherent_all_shared_local_route,global_only_control,base_0006,1,18,7590.0,module_2
direct_coherent_all_shared_local_route,global_only_control,base_0006,1,19,8010.0,module_3
direct_coherent_all_shared_local_route,global_only_control,base_0006,1,20,8430.0,module_3
direct_coherent_all_shared_local_route,global_only_control,base_0006,1,21,8850.0,module_2
direct_coherent_all_shared_local_route,global_only_control,base_0006,1,22,9270.0,module_1
direct_coherent_all_shared_local_route,global_only_control,base_0006,1,23,9690.0,module_4
direct_coherent_all_shared_local_route,global_only_control,base_0006,1,24,10110.0,module_4
direct_coherent_all_shared_local_route,global_only_control,base_0006,1,25,10530.0,module_3
direct_coherent_all_shared_local_route,global_only_control,base_0006,1,26,10950.0,module_2
direct_coherent_all_shared_local_route,global_only_control,base_0006,1,27,11370.0,module_1
direct_coherent_all_shared_local_route,global_only_control,base_0006,1,28,11790.0,module_1
direct_coherent_all_shared_local_route,global_only_control,base_0006,1,29,12210.0,module_4
direct_coherent_all_shared_local_route,global_only_control,base_0006,1,30,12630.0,module_3
direct_coherent_all_shared_local_route,global_only_control,base_0006,1,31,13050.0,module_2
direct_coherent_all_shared_local_route,global_only_control,base_0006,1,32,13470.0,module_4
direct_coherent_all_shared_local_route,global_only_control,base_0006,1,33,13890.0,module_1
direct_coherent_all_shared_local_route,global_only_control,base_0006,1,34,14310.0,module_3
direct_coherent_all_shared_local_route,global_only_control,base_0006,1,35,14730.0,module_2
direct_coherent_all_shared_local_route,global_only_control,base_0006,1,36,15150.0,module_2
direct_coherent_all_shared_local_route,global_only_control,base_0006,1,37,15570.0,module_3
direct_coherent_all_shared_local_route,global_only_control,base_0006,1,38,15990.0,module_1
direct_coherent_all_shared_local_route,global_only_control,base_0006,1,39,16410.0,module_4
direct_coherent_all_shared_local_route,global_only_control,base_0006,1,40,16830.0,module_3
direct_coherent_all_shared_local_route,global_only_control,base_0006,1,41,17250.0,module_4
direct_coherent_all_shared_local_route,global_only_control,base_0006,1,42,17670.0,module_1
direct_coherent_all_shared_local_route,global_only_control,base_0006,1,43,18090.0,module_2
direct_coherent_all_shared_local_route,global_only_control,base_0006,1,44,18510.0,module_1
direct_coherent_all_shared_local_route,global_only_control,base_0006,1,45,18930.0,module_4
direct_coherent_all_shared_local_route,global_only_control,base_0006,1,46,19350.0,module_2
direct_coherent_all_shared_local_route,global_only_control,base_0006,1,47,19770.0,module_3
direct_coherent_all_shared_local_route,global_only_control,base_0007,0,0,30.0,module_1
direct_coherent_all_shared_local_route,global_only_control,base_0007,0,1,450.0,module_2
direct_coherent_all_shared_local_route,global_only_control,base_0007,0,2,870.0,module_4
direct_coherent_all_shared_local_route,global_only_control,base_0007,0,3,1290.0,module_3
direct_coherent_all_shared_local_route,global_only_control,base_0007,0,4,1710.0,module_1
direct_coherent_all_shared_local_route,global_only_control,base_0007,0,5,2130.0,module_2
direct_coherent_all_shared_local_route,global_only_control,base_0007,0,6,2550.0,module_4
direct_coherent_all_shared_local_route,global_only_control,base_0007,0,7,2970.0,module_3
direct_coherent_all_shared_local_route,global_only_control,base_0007,0,8,3390.0,module_4
direct_coherent_all_shared_local_route,global_only_control,base_0007,0,9,3810.0,module_3
direct_coherent_all_shared_local_route,global_only_control,base_0007,0,10,4230.0,module_1
direct_coherent_all_shared_local_route,global_only_control,base_0007,0,11,4650.0,module_2
direct_coherent_all_shared_local_route,global_only_control,base_0007,0,12,5070.0,module_1
direct_coherent_all_shared_local_route,global_only_control,base_0007,0,13,5490.0,module_3
direct_coherent_all_shared_local_route,global_only_control,base_0007,0,14,5910.0,module_4
direct_coherent_all_shared_local_route,global_only_control,base_0007,0,15,6330.0,module_2
direct_coherent_all_shared_local_route,global_only_control,base_0007,0,16,6750.0,module_2
direct_coherent_all_shared_local_route,global_only_control,base_0007,0,17,7170.0,module_4
direct_coherent_all_shared_local_route,global_only_control,base_0007,0,18,7590.0,module_3
direct_coherent_all_shared_local_route,global_only_control,base_0007,0,19,8010.0,module_1
direct_coherent_all_shared_local_route,global_only_control,base_0007,0,20,8430.0,module_1
direct_coherent_all_shared_local_route,global_only_control,base_0007,0,21,8850.0,module_4
direct_coherent_all_shared_local_route,global_only_control,base_0007,0,22,9270.0,module_2
direct_coherent_all_shared_local_route,global_only_control,base_0007,0,23,9690.0,module_3
direct_coherent_all_shared_local_route,global_only_control,base_0007,0,24,10110.0,module_4
direct_coherent_all_shared_local_route,global_only_control,base_0007,0,25,10530.0,module_2
direct_coherent_all_shared_local_route,global_only_control,base_0007,0,26,10950.0,module_3
direct_coherent_all_shared_local_route,global_only_control,base_0007,0,27,11370.0,module_1
direct_coherent_all_shared_local_route,global_only_control,base_0007,0,28,11790.0,module_2
direct_coherent_all_shared_local_route,global_only_control,base_0007,0,29,12210.0,module_4
direct_coherent_all_shared_local_route,global_only_control,base_0007,0,30,12630.0,module_3
direct_coherent_all_shared_local_route,global_only_control,base_0007,0,31,13050.0,module_1
direct_coherent_all_shared_local_route,global_only_control,base_0007,0,32,13470.0,module_3
direct_coherent_all_shared_local_route,global_only_control,base_0007,0,33,13890.0,module_2
direct_coherent_all_shared_local_route,global_only_control,base_0007,0,34,14310.0,module_4
direct_coherent_all_shared_local_route,global_only_control,base_0007,0,35,14730.0,module_1
direct_coherent_all_shared_local_route,global_only_control,base_0007,0,36,15150.0,module_2
direct_coherent_all_shared_local_route,global_only_control,base_0007,0,37,15570.0,module_3
direct_coherent_all_shared_local_route,global_only_control,base_0007,0,38,15990.0,module_4
direct_coherent_all_shared_local_route,global_only_control,base_0007,0,39,16410.0,module_1
direct_coherent_all_shared_local_route,global_only_control,base_0007,0,40,16830.0,module_4
direct_coherent_all_shared_local_route,global_only_control,base_0007,0,41,17250.0,module_3
direct_coherent_all_shared_local_route,global_only_control,base_0007,0,42,17670.0,module_2
direct_coherent_all_shared_local_route,global_only_control,base_0007,0,43,18090.0,module_1
direct_coherent_all_shared_local_route,global_only_control,base_0007,0,44,18510.0,module_4
direct_coherent_all_shared_local_route,global_only_control,base_0007,0,45,18930.0,module_2
direct_coherent_all_shared_local_route,global_only_control,base_0007,0,46,19350.0,module_1
direct_coherent_all_shared_local_route,global_only_control,base_0007,0,47,19770.0,module_3
direct_coherent_all_shared_local_route,global_only_control,base_0007,1,0,30.0,module_3
direct_coherent_all_shared_local_route,global_only_control,base_0007,1,1,450.0,module_4
direct_coherent_all_shared_local_route,global_only_control,base_0007,1,2,870.0,module_1
direct_coherent_all_shared_local_route,global_only_control,base_0007,1,3,1290.0,module_2
direct_coherent_all_shared_local_route,global_only_control,base_0007,1,4,1710.0,module_4
direct_coherent_all_shared_local_route,global_only_control,base_0007,1,5,2130.0,module_1
direct_coherent_all_shared_local_route,global_only_control,base_0007,1,6,2550.0,module_3
direct_coherent_all_shared_local_route,global_only_control,base_0007,1,7,2970.0,module_2
direct_coherent_all_shared_local_route,global_only_control,base_0007,1,8,3390.0,module_2
direct_coherent_all_shared_local_route,global_only_control,base_0007,1,9,3810.0,module_3
direct_coherent_all_shared_local_route,global_only_control,base_0007,1,10,4230.0,module_4
direct_coherent_all_shared_local_route,global_only_control,base_0007,1,11,4650.0,module_1
direct_coherent_all_shared_local_route,global_only_control,base_0007,1,12,5070.0,module_4
direct_coherent_all_shared_local_route,global_only_control,base_0007,1,13,5490.0,module_1
direct_coherent_all_shared_local_route,global_only_control,base_0007,1,14,5910.0,module_2
direct_coherent_all_shared_local_route,global_only_control,base_0007,1,15,6330.0,module_3
direct_coherent_all_shared_local_route,global_only_control,base_0007,1,16,6750.0,module_3
direct_coherent_all_shared_local_route,global_only_control,base_0007,1,17,7170.0,module_2
direct_coherent_all_shared_local_route,global_only_control,base_0007,1,18,7590.0,module_4
direct_coherent_all_shared_local_route,global_only_control,base_0007,1,19,8010.0,module_1
direct_coherent_all_shared_local_route,global_only_control,base_0007,1,20,8430.0,module_4
direct_coherent_all_shared_local_route,global_only_control,base_0007,1,21,8850.0,module_2
direct_coherent_all_shared_local_route,global_only_control,base_0007,1,22,9270.0,module_3
direct_coherent_all_shared_local_route,global_only_control,base_0007,1,23,9690.0,module_1
direct_coherent_all_shared_local_route,global_only_control,base_0007,1,24,10110.0,module_4
direct_coherent_all_shared_local_route,global_only_control,base_0007,1,25,10530.0,module_1
direct_coherent_all_shared_local_route,global_only_control,base_0007,1,26,10950.0,module_3
direct_coherent_all_shared_local_route,global_only_control,base_0007,1,27,11370.0,module_2
direct_coherent_all_shared_local_route,global_only_control,base_0007,1,28,11790.0,module_4
direct_coherent_all_shared_local_route,global_only_control,base_0007,1,29,12210.0,module_2
direct_coherent_all_shared_local_route,global_only_control,base_0007,1,30,12630.0,module_3
direct_coherent_all_shared_local_route,global_only_control,base_0007,1,31,13050.0,module_1
direct_coherent_all_shared_local_route,global_only_control,base_0007,1,32,13470.0,module_4
direct_coherent_all_shared_local_route,global_only_control,base_0007,1,33,13890.0,module_3
direct_coherent_all_shared_local_route,global_only_control,base_0007,1,34,14310.0,module_1
direct_coherent_all_shared_local_route,global_only_control,base_0007,1,35,14730.0,module_2
direct_coherent_all_shared_local_route,global_only_control,base_0007,1,36,15150.0,module_1
direct_coherent_all_shared_local_route,global_only_control,base_0007,1,37,15570.0,module_3
direct_coherent_all_shared_local_route,global_only_control,base_0007,1,38,15990.0,module_2
direct_coherent_all_shared_local_route,global_only_control,base_0007,1,39,16410.0,module_4
direct_coherent_all_shared_local_route,global_only_control,base_0007,1,40,16830.0,module_3
direct_coherent_all_shared_local_route,global_only_control,base_0007,1,41,17250.0,module_2
direct_coherent_all_shared_local_route,global_only_control,base_0007,1,42,17670.0,module_1
direct_coherent_all_shared_local_route,global_only_control,base_0007,1,43,18090.0,module_4
direct_coherent_all_shared_local_route,global_only_control,base_0007,1,44,18510.0,module_3
direct_coherent_all_shared_local_route,global_only_control,base_0007,1,45,18930.0,module_4
direct_coherent_all_shared_local_route,global_only_control,base_0007,1,46,19350.0,module_1
direct_coherent_all_shared_local_route,global_only_control,base_0007,1,47,19770.0,module_2
direct_coherent_all_shared_local_route,global_only_control,base_0008,0,0,30.0,module_4
direct_coherent_all_shared_local_route,global_only_control,base_0008,0,1,450.0,module_3
direct_coherent_all_shared_local_route,global_only_control,base_0008,0,2,870.0,module_2
direct_coherent_all_shared_local_route,global_only_control,base_0008,0,3,1290.0,module_1
direct_coherent_all_shared_local_route,global_only_control,base_0008,0,4,1710.0,module_4
direct_coherent_all_shared_local_route,global_only_control,base_0008,0,5,2130.0,module_2
direct_coherent_all_shared_local_route,global_only_control,base_0008,0,6,2550.0,module_3
direct_coherent_all_shared_local_route,global_only_control,base_0008,0,7,2970.0,module_1
direct_coherent_all_shared_local_route,global_only_control,base_0008,0,8,3390.0,module_2
direct_coherent_all_shared_local_route,global_only_control,base_0008,0,9,3810.0,module_3
direct_coherent_all_shared_local_route,global_only_control,base_0008,0,10,4230.0,module_4
direct_coherent_all_shared_local_route,global_only_control,base_0008,0,11,4650.0,module_1
direct_coherent_all_shared_local_route,global_only_control,base_0008,0,12,5070.0,module_3
direct_coherent_all_shared_local_route,global_only_control,base_0008,0,13,5490.0,module_1
direct_coherent_all_shared_local_route,global_only_control,base_0008,0,14,5910.0,module_4
direct_coherent_all_shared_local_route,global_only_control,base_0008,0,15,6330.0,module_2
direct_coherent_all_shared_local_route,global_only_control,base_0008,0,16,6750.0,module_1
direct_coherent_all_shared_local_route,global_only_control,base_0008,0,17,7170.0,module_2
direct_coherent_all_shared_local_route,global_only_control,base_0008,0,18,7590.0,module_4
direct_coherent_all_shared_local_route,global_only_control,base_0008,0,19,8010.0,module_3
direct_coherent_all_shared_local_route,global_only_control,base_0008,0,20,8430.0,module_3
direct_coherent_all_shared_local_route,global_only_control,base_0008,0,21,8850.0,module_1
direct_coherent_all_shared_local_route,global_only_control,base_0008,0,22,9270.0,module_4
direct_coherent_all_shared_local_route,global_only_control,base_0008,0,23,9690.0,module_2
direct_coherent_all_shared_local_route,global_only_control,base_0008,0,24,10110.0,module_3
direct_coherent_all_shared_local_route,global_only_control,base_0008,0,25,10530.0,module_2
direct_coherent_all_shared_local_route,global_only_control,base_0008,0,26,10950.0,module_1
direct_coherent_all_shared_local_route,global_only_control,base_0008,0,27,11370.0,module_4
direct_coherent_all_shared_local_route,global_only_control,base_0008,0,28,11790.0,module_1
direct_coherent_all_shared_local_route,global_only_control,base_0008,0,29,12210.0,module_4
direct_coherent_all_shared_local_route,global_only_control,base_0008,0,30,12630.0,module_2
direct_coherent_all_shared_local_route,global_only_control,base_0008,0,31,13050.0,module_3
direct_coherent_all_shared_local_route,global_only_control,base_0008,0,32,13470.0,module_4
direct_coherent_all_shared_local_route,global_only_control,base_0008,0,33,13890.0,module_3
direct_coherent_all_shared_local_route,global_only_control,base_0008,0,34,14310.0,module_1
direct_coherent_all_shared_local_route,global_only_control,base_0008,0,35,14730.0,module_2
direct_coherent_all_shared_local_route,global_only_control,base_0008,0,36,15150.0,module_1
direct_coherent_all_shared_local_route,global_only_control,base_0008,0,37,15570.0,module_3
direct_coherent_all_shared_local_route,global_only_control,base_0008,0,38,15990.0,module_4
direct_coherent_all_shared_local_route,global_only_control,base_0008,0,39,16410.0,module_2
direct_coherent_all_shared_local_route,global_only_control,base_0008,0,40,16830.0,module_3
direct_coherent_all_shared_local_route,global_only_control,base_0008,0,41,17250.0,module_4
direct_coherent_all_shared_local_route,global_only_control,base_0008,0,42,17670.0,module_1
direct_coherent_all_shared_local_route,global_only_control,base_0008,0,43,18090.0,module_2
direct_coherent_all_shared_local_route,global_only_control,base_0008,0,44,18510.0,module_2
direct_coherent_all_shared_local_route,global_only_control,base_0008,0,45,18930.0,module_4
direct_coherent_all_shared_local_route,global_only_control,base_0008,0,46,19350.0,module_3
direct_coherent_all_shared_local_route,global_only_control,base_0008,0,47,19770.0,module_1
direct_coherent_all_shared_local_route,global_only_control,base_0008,1,0,30.0,module_1
direct_coherent_all_shared_local_route,global_only_control,base_0008,1,1,450.0,module_2
direct_coherent_all_shared_local_route,global_only_control,base_0008,1,2,870.0,module_3
direct_coherent_all_shared_local_route,global_only_control,base_0008,1,3,1290.0,module_4
direct_coherent_all_shared_local_route,global_only_control,base_0008,1,4,1710.0,module_1
direct_coherent_all_shared_local_route,global_only_control,base_0008,1,5,2130.0,module_2
direct_coherent_all_shared_local_route,global_only_control,base_0008,1,6,2550.0,module_3
direct_coherent_all_shared_local_route,global_only_control,base_0008,1,7,2970.0,module_4
direct_coherent_all_shared_local_route,global_only_control,base_0008,1,8,3390.0,module_1
direct_coherent_all_shared_local_route,global_only_control,base_0008,1,9,3810.0,module_2
direct_coherent_all_shared_local_route,global_only_control,base_0008,1,10,4230.0,module_4
direct_coherent_all_shared_local_route,global_only_control,base_0008,1,11,4650.0,module_3
direct_coherent_all_shared_local_route,global_only_control,base_0008,1,12,5070.0,module_2
direct_coherent_all_shared_local_route,global_only_control,base_0008,1,13,5490.0,module_1
direct_coherent_all_shared_local_route,global_only_control,base_0008,1,14,5910.0,module_4
direct_coherent_all_shared_local_route,global_only_control,base_0008,1,15,6330.0,module_3
direct_coherent_all_shared_local_route,global_only_control,base_0008,1,16,6750.0,module_4
direct_coherent_all_shared_local_route,global_only_control,base_0008,1,17,7170.0,module_3
direct_coherent_all_shared_local_route,global_only_control,base_0008,1,18,7590.0,module_1
direct_coherent_all_shared_local_route,global_only_control,base_0008,1,19,8010.0,module_2
direct_coherent_all_shared_local_route,global_only_control,base_0008,1,20,8430.0,module_1
direct_coherent_all_shared_local_route,global_only_control,base_0008,1,21,8850.0,module_3
direct_coherent_all_shared_local_route,global_only_control,base_0008,1,22,9270.0,module_2
direct_coherent_all_shared_local_route,global_only_control,base_0008,1,23,9690.0,module_4
direct_coherent_all_shared_local_route,global_only_control,base_0008,1,24,10110.0,module_1
direct_coherent_all_shared_local_route,global_only_control,base_0008,1,25,10530.0,module_2
direct_coherent_all_shared_local_route,global_only_control,base_0008,1,26,10950.0,module_4
direct_coherent_all_shared_local_route,global_only_control,base_0008,1,27,11370.0,module_3
direct_coherent_all_shared_local_route,global_only_control,base_0008,1,28,11790.0,module_3
direct_coherent_all_shared_local_route,global_only_control,base_0008,1,29,12210.0,module_4
direct_coherent_all_shared_local_route,global_only_control,base_0008,1,30,12630.0,module_2
direct_coherent_all_shared_local_route,global_only_control,base_0008,1,31,13050.0,module_1
direct_coherent_all_shared_local_route,global_only_control,base_0008,1,32,13470.0,module_1
direct_coherent_all_shared_local_route,global_only_control,base_0008,1,33,13890.0,module_3
direct_coherent_all_shared_local_route,global_only_control,base_0008,1,34,14310.0,module_4
direct_coherent_all_shared_local_route,global_only_control,base_0008,1,35,14730.0,module_2
direct_coherent_all_shared_local_route,global_only_control,base_0008,1,36,15150.0,module_2
direct_coherent_all_shared_local_route,global_only_control,base_0008,1,37,15570.0,module_3
direct_coherent_all_shared_local_route,global_only_control,base_0008,1,38,15990.0,module_1
direct_coherent_all_shared_local_route,global_only_control,base_0008,1,39,16410.0,module_4
direct_coherent_all_shared_local_route,global_only_control,base_0008,1,40,16830.0,module_3
direct_coherent_all_shared_local_route,global_only_control,base_0008,1,41,17250.0,module_2
direct_coherent_all_shared_local_route,global_only_control,base_0008,1,42,17670.0,module_4
direct_coherent_all_shared_local_route,global_only_control,base_0008,1,43,18090.0,module_1
direct_coherent_all_shared_local_route,global_only_control,base_0008,1,44,18510.0,module_3
direct_coherent_all_shared_local_route,global_only_control,base_0008,1,45,18930.0,module_2
direct_coherent_all_shared_local_route,global_only_control,base_0008,1,46,19350.0,module_4
direct_coherent_all_shared_local_route,global_only_control,base_0008,1,47,19770.0,module_1
direct_coherent_all_shared_local_route,global_only_control,base_0009,0,0,30.0,module_2
direct_coherent_all_shared_local_route,global_only_control,base_0009,0,1,450.0,module_3
direct_coherent_all_shared_local_route,global_only_control,base_0009,0,2,870.0,module_1
direct_coherent_all_shared_local_route,global_only_control,base_0009,0,3,1290.0,module_4
direct_coherent_all_shared_local_route,global_only_control,base_0009,0,4,1710.0,module_2
direct_coherent_all_shared_local_route,global_only_control,base_0009,0,5,2130.0,module_4
direct_coherent_all_shared_local_route,global_only_control,base_0009,0,6,2550.0,module_3
direct_coherent_all_shared_local_route,global_only_control,base_0009,0,7,2970.0,module_1
direct_coherent_all_shared_local_route,global_only_control,base_0009,0,8,3390.0,module_3
direct_coherent_all_shared_local_route,global_only_control,base_0009,0,9,3810.0,module_1
direct_coherent_all_shared_local_route,global_only_control,base_0009,0,10,4230.0,module_4
direct_coherent_all_shared_local_route,global_only_control,base_0009,0,11,4650.0,module_2
direct_coherent_all_shared_local_route,global_only_control,base_0009,0,12,5070.0,module_2
direct_coherent_all_shared_local_route,global_only_control,base_0009,0,13,5490.0,module_1
direct_coherent_all_shared_local_route,global_only_control,base_0009,0,14,5910.0,module_3
direct_coherent_all_shared_local_route,global_only_control,base_0009,0,15,6330.0,module_4
direct_coherent_all_shared_local_route,global_only_control,base_0009,0,16,6750.0,module_3
direct_coherent_all_shared_local_route,global_only_control,base_0009,0,17,7170.0,module_2
direct_coherent_all_shared_local_route,global_only_control,base_0009,0,18,7590.0,module_1
direct_coherent_all_shared_local_route,global_only_control,base_0009,0,19,8010.0,module_4
direct_coherent_all_shared_local_route,global_only_control,base_0009,0,20,8430.0,module_4
direct_coherent_all_shared_local_route,global_only_control,base_0009,0,21,8850.0,module_1
direct_coherent_all_shared_local_route,global_only_control,base_0009,0,22,9270.0,module_2
direct_coherent_all_shared_local_route,global_only_control,base_0009,0,23,9690.0,module_3
direct_coherent_all_shared_local_route,global_only_control,base_0009,0,24,10110.0,module_4
direct_coherent_all_shared_local_route,global_only_control,base_0009,0,25,10530.0,module_3
direct_coherent_all_shared_local_route,global_only_control,base_0009,0,26,10950.0,module_2
direct_coherent_all_shared_local_route,global_only_control,base_0009,0,27,11370.0,module_1
direct_coherent_all_shared_local_route,global_only_control,base_0009,0,28,11790.0,module_4
direct_coherent_all_shared_local_route,global_only_control,base_0009,0,29,12210.0,module_2
direct_coherent_all_shared_local_route,global_only_control,base_0009,0,30,12630.0,module_1
direct_coherent_all_shared_local_route,global_only_control,base_0009,0,31,13050.0,module_3
direct_coherent_all_shared_local_route,global_only_control,base_0009,0,32,13470.0,module_1
direct_coherent_all_shared_local_route,global_only_control,base_0009,0,33,13890.0,module_4
direct_coherent_all_shared_local_route,global_only_control,base_0009,0,34,14310.0,module_3
direct_coherent_all_shared_local_route,global_only_control,base_0009,0,35,14730.0,module_2
direct_coherent_all_shared_local_route,global_only_control,base_0009,0,36,15150.0,module_2
direct_coherent_all_shared_local_route,global_only_control,base_0009,0,37,15570.0,module_1
direct_coherent_all_shared_local_route,global_only_control,base_0009,0,38,15990.0,module_4
direct_coherent_all_shared_local_route,global_only_control,base_0009,0,39,16410.0,module_3
direct_coherent_all_shared_local_route,global_only_control,base_0009,0,40,16830.0,module_1
direct_coherent_all_shared_local_route,global_only_control,base_0009,0,41,17250.0,module_2
direct_coherent_all_shared_local_route,global_only_control,base_0009,0,42,17670.0,module_4
direct_coherent_all_shared_local_route,global_only_control,base_0009,0,43,18090.0,module_3
direct_coherent_all_shared_local_route,global_only_control,base_0009,0,44,18510.0,module_3
direct_coherent_all_shared_local_route,global_only_control,base_0009,0,45,18930.0,module_2
direct_coherent_all_shared_local_route,global_only_control,base_0009,0,46,19350.0,module_4
direct_coherent_all_shared_local_route,global_only_control,base_0009,0,47,19770.0,module_1
direct_coherent_all_shared_local_route,global_only_control,base_0009,1,0,30.0,module_4
direct_coherent_all_shared_local_route,global_only_control,base_0009,1,1,450.0,module_3
direct_coherent_all_shared_local_route,global_only_control,base_0009,1,2,870.0,module_2
direct_coherent_all_shared_local_route,global_only_control,base_0009,1,3,1290.0,module_1
direct_coherent_all_shared_local_route,global_only_control,base_0009,1,4,1710.0,module_1
direct_coherent_all_shared_local_route,global_only_control,base_0009,1,5,2130.0,module_3
direct_coherent_all_shared_local_route,global_only_control,base_0009,1,6,2550.0,module_4
direct_coherent_all_shared_local_route,global_only_control,base_0009,1,7,2970.0,module_2
direct_coherent_all_shared_local_route,global_only_control,base_0009,1,8,3390.0,module_4
direct_coherent_all_shared_local_route,global_only_control,base_0009,1,9,3810.0,module_1
direct_coherent_all_shared_local_route,global_only_control,base_0009,1,10,4230.0,module_2
direct_coherent_all_shared_local_route,global_only_control,base_0009,1,11,4650.0,module_3
direct_coherent_all_shared_local_route,global_only_control,base_0009,1,12,5070.0,module_1
direct_coherent_all_shared_local_route,global_only_control,base_0009,1,13,5490.0,module_4
direct_coherent_all_shared_local_route,global_only_control,base_0009,1,14,5910.0,module_2
direct_coherent_all_shared_local_route,global_only_control,base_0009,1,15,6330.0,module_3
direct_coherent_all_shared_local_route,global_only_control,base_0009,1,16,6750.0,module_1
direct_coherent_all_shared_local_route,global_only_control,base_0009,1,17,7170.0,module_2
direct_coherent_all_shared_local_route,global_only_control,base_0009,1,18,7590.0,module_3
direct_coherent_all_shared_local_route,global_only_control,base_0009,1,19,8010.0,module_4
direct_coherent_all_shared_local_route,global_only_control,base_0009,1,20,8430.0,module_2
direct_coherent_all_shared_local_route,global_only_control,base_0009,1,21,8850.0,module_1
direct_coherent_all_shared_local_route,global_only_control,base_0009,1,22,9270.0,module_4
direct_coherent_all_shared_local_route,global_only_control,base_0009,1,23,9690.0,module_3
direct_coherent_all_shared_local_route,global_only_control,base_0009,1,24,10110.0,module_4
direct_coherent_all_shared_local_route,global_only_control,base_0009,1,25,10530.0,module_2
direct_coherent_all_shared_local_route,global_only_control,base_0009,1,26,10950.0,module_3
direct_coherent_all_shared_local_route,global_only_control,base_0009,1,27,11370.0,module_1
direct_coherent_all_shared_local_route,global_only_control,base_0009,1,28,11790.0,module_3
direct_coherent_all_shared_local_route,global_only_control,base_0009,1,29,12210.0,module_1
direct_coherent_all_shared_local_route,global_only_control,base_0009,1,30,12630.0,module_2
direct_coherent_all_shared_local_route,global_only_control,base_0009,1,31,13050.0,module_4
direct_coherent_all_shared_local_route,global_only_control,base_0009,1,32,13470.0,module_1
direct_coherent_all_shared_local_route,global_only_control,base_0009,1,33,13890.0,module_2
direct_coherent_all_shared_local_route,global_only_control,base_0009,1,34,14310.0,module_4
direct_coherent_all_shared_local_route,global_only_control,base_0009,1,35,14730.0,module_3
direct_coherent_all_shared_local_route,global_only_control,base_0009,1,36,15150.0,module_3
direct_coherent_all_shared_local_route,global_only_control,base_0009,1,37,15570.0,module_1
direct_coherent_all_shared_local_route,global_only_control,base_0009,1,38,15990.0,module_2
direct_coherent_all_shared_local_route,global_only_control,base_0009,1,39,16410.0,module_4
direct_coherent_all_shared_local_route,global_only_control,base_0009,1,40,16830.0,module_3
direct_coherent_all_shared_local_route,global_only_control,base_0009,1,41,17250.0,module_4
direct_coherent_all_shared_local_route,global_only_control,base_0009,1,42,17670.0,module_1
direct_coherent_all_shared_local_route,global_only_control,base_0009,1,43,18090.0,module_2
direct_coherent_all_shared_local_route,global_only_control,base_0009,1,44,18510.0,module_3
direct_coherent_all_shared_local_route,global_only_control,base_0009,1,45,18930.0,module_4
direct_coherent_all_shared_local_route,global_only_control,base_0009,1,46,19350.0,module_2
direct_coherent_all_shared_local_route,global_only_control,base_0009,1,47,19770.0,module_1
direct_coherent_all_shared_local_route,global_only_control,base_0010,0,0,30.0,module_4
direct_coherent_all_shared_local_route,global_only_control,base_0010,0,1,450.0,module_1
direct_coherent_all_shared_local_route,global_only_control,base_0010,0,2,870.0,module_3
direct_coherent_all_shared_local_route,global_only_control,base_0010,0,3,1290.0,module_2
direct_coherent_all_shared_local_route,global_only_control,base_0010,0,4,1710.0,module_4
direct_coherent_all_shared_local_route,global_only_control,base_0010,0,5,2130.0,module_1
direct_coherent_all_shared_local_route,global_only_control,base_0010,0,6,2550.0,module_3
direct_coherent_all_shared_local_route,global_only_control,base_0010,0,7,2970.0,module_2
direct_coherent_all_shared_local_route,global_only_control,base_0010,0,8,3390.0,module_1
direct_coherent_all_shared_local_route,global_only_control,base_0010,0,9,3810.0,module_4
direct_coherent_all_shared_local_route,global_only_control,base_0010,0,10,4230.0,module_2
direct_coherent_all_shared_local_route,global_only_control,base_0010,0,11,4650.0,module_3
direct_coherent_all_shared_local_route,global_only_control,base_0010,0,12,5070.0,module_3
direct_coherent_all_shared_local_route,global_only_control,base_0010,0,13,5490.0,module_2
direct_coherent_all_shared_local_route,global_only_control,base_0010,0,14,5910.0,module_4
direct_coherent_all_shared_local_route,global_only_control,base_0010,0,15,6330.0,module_1
direct_coherent_all_shared_local_route,global_only_control,base_0010,0,16,6750.0,module_2
direct_coherent_all_shared_local_route,global_only_control,base_0010,0,17,7170.0,module_1
direct_coherent_all_shared_local_route,global_only_control,base_0010,0,18,7590.0,module_4
direct_coherent_all_shared_local_route,global_only_control,base_0010,0,19,8010.0,module_3
direct_coherent_all_shared_local_route,global_only_control,base_0010,0,20,8430.0,module_2
direct_coherent_all_shared_local_route,global_only_control,base_0010,0,21,8850.0,module_1
direct_coherent_all_shared_local_route,global_only_control,base_0010,0,22,9270.0,module_3
direct_coherent_all_shared_local_route,global_only_control,base_0010,0,23,9690.0,module_4
direct_coherent_all_shared_local_route,global_only_control,base_0010,0,24,10110.0,module_2
direct_coherent_all_shared_local_route,global_only_control,base_0010,0,25,10530.0,module_1
direct_coherent_all_shared_local_route,global_only_control,base_0010,0,26,10950.0,module_4
direct_coherent_all_shared_local_route,global_only_control,base_0010,0,27,11370.0,module_3
direct_coherent_all_shared_local_route,global_only_control,base_0010,0,28,11790.0,module_3
direct_coherent_all_shared_local_route,global_only_control,base_0010,0,29,12210.0,module_4
direct_coherent_all_shared_local_route,global_only_control,base_0010,0,30,12630.0,module_1
direct_coherent_all_shared_local_route,global_only_control,base_0010,0,31,13050.0,module_2
direct_coherent_all_shared_local_route,global_only_control,base_0010,0,32,13470.0,module_1
direct_coherent_all_shared_local_route,global_only_control,base_0010,0,33,13890.0,module_4
direct_coherent_all_shared_local_route,global_only_control,base_0010,0,34,14310.0,module_3
direct_coherent_all_shared_local_route,global_only_control,base_0010,0,35,14730.0,module_2
direct_coherent_all_shared_local_route,global_only_control,base_0010,0,36,15150.0,module_3
direct_coherent_all_shared_local_route,global_only_control,base_0010,0,37,15570.0,module_1
direct_coherent_all_shared_local_route,global_only_control,base_0010,0,38,15990.0,module_2
direct_coherent_all_shared_local_route,global_only_control,base_0010,0,39,16410.0,module_4
direct_coherent_all_shared_local_route,global_only_control,base_0010,0,40,16830.0,module_3
direct_coherent_all_shared_local_route,global_only_control,base_0010,0,41,17250.0,module_2
direct_coherent_all_shared_local_route,global_only_control,base_0010,0,42,17670.0,module_4
direct_coherent_all_shared_local_route,global_only_control,base_0010,0,43,18090.0,module_1
direct_coherent_all_shared_local_route,global_only_control,base_0010,0,44,18510.0,module_3
direct_coherent_all_shared_local_route,global_only_control,base_0010,0,45,18930.0,module_2
direct_coherent_all_shared_local_route,global_only_control,base_0010,0,46,19350.0,module_1
direct_coherent_all_shared_local_route,global_only_control,base_0010,0,47,19770.0,module_4
direct_coherent_all_shared_local_route,global_only_control,base_0010,1,0,30.0,module_1
direct_coherent_all_shared_local_route,global_only_control,base_0010,1,1,450.0,module_2
direct_coherent_all_shared_local_route,global_only_control,base_0010,1,2,870.0,module_4
direct_coherent_all_shared_local_route,global_only_control,base_0010,1,3,1290.0,module_3
direct_coherent_all_shared_local_route,global_only_control,base_0010,1,4,1710.0,module_1
direct_coherent_all_shared_local_route,global_only_control,base_0010,1,5,2130.0,module_3
direct_coherent_all_shared_local_route,global_only_control,base_0010,1,6,2550.0,module_2
direct_coherent_all_shared_local_route,global_only_control,base_0010,1,7,2970.0,module_4
direct_coherent_all_shared_local_route,global_only_control,base_0010,1,8,3390.0,module_2
direct_coherent_all_shared_local_route,global_only_control,base_0010,1,9,3810.0,module_3
direct_coherent_all_shared_local_route,global_only_control,base_0010,1,10,4230.0,module_1
direct_coherent_all_shared_local_route,global_only_control,base_0010,1,11,4650.0,module_4
direct_coherent_all_shared_local_route,global_only_control,base_0010,1,12,5070.0,module_2
direct_coherent_all_shared_local_route,global_only_control,base_0010,1,13,5490.0,module_3
direct_coherent_all_shared_local_route,global_only_control,base_0010,1,14,5910.0,module_1
direct_coherent_all_shared_local_route,global_only_control,base_0010,1,15,6330.0,module_4
direct_coherent_all_shared_local_route,global_only_control,base_0010,1,16,6750.0,module_2
direct_coherent_all_shared_local_route,global_only_control,base_0010,1,17,7170.0,module_1
direct_coherent_all_shared_local_route,global_only_control,base_0010,1,18,7590.0,module_4
direct_coherent_all_shared_local_route,global_only_control,base_0010,1,19,8010.0,module_3
direct_coherent_all_shared_local_route,global_only_control,base_0010,1,20,8430.0,module_1
direct_coherent_all_shared_local_route,global_only_control,base_0010,1,21,8850.0,module_4
direct_coherent_all_shared_local_route,global_only_control,base_0010,1,22,9270.0,module_3
direct_coherent_all_shared_local_route,global_only_control,base_0010,1,23,9690.0,module_2
direct_coherent_all_shared_local_route,global_only_control,base_0010,1,24,10110.0,module_2
direct_coherent_all_shared_local_route,global_only_control,base_0010,1,25,10530.0,module_1
direct_coherent_all_shared_local_route,global_only_control,base_0010,1,26,10950.0,module_4
direct_coherent_all_shared_local_route,global_only_control,base_0010,1,27,11370.0,module_3
direct_coherent_all_shared_local_route,global_only_control,base_0010,1,28,11790.0,module_1
direct_coherent_all_shared_local_route,global_only_control,base_0010,1,29,12210.0,module_4
direct_coherent_all_shared_local_route,global_only_control,base_0010,1,30,12630.0,module_3
direct_coherent_all_shared_local_route,global_only_control,base_0010,1,31,13050.0,module_2
direct_coherent_all_shared_local_route,global_only_control,base_0010,1,32,13470.0,module_1
direct_coherent_all_shared_local_route,global_only_control,base_0010,1,33,13890.0,module_2
direct_coherent_all_shared_local_route,global_only_control,base_0010,1,34,14310.0,module_3
direct_coherent_all_shared_local_route,global_only_control,base_0010,1,35,14730.0,module_4
direct_coherent_all_shared_local_route,global_only_control,base_0010,1,36,15150.0,module_3
direct_coherent_all_shared_local_route,global_only_control,base_0010,1,37,15570.0,module_1
direct_coherent_all_shared_local_route,global_only_control,base_0010,1,38,15990.0,module_2
direct_coherent_all_shared_local_route,global_only_control,base_0010,1,39,16410.0,module_4
direct_coherent_all_shared_local_route,global_only_control,base_0010,1,40,16830.0,module_2
direct_coherent_all_shared_local_route,global_only_control,base_0010,1,41,17250.0,module_4
direct_coherent_all_shared_local_route,global_only_control,base_0010,1,42,17670.0,module_3
direct_coherent_all_shared_local_route,global_only_control,base_0010,1,43,18090.0,module_1
direct_coherent_all_shared_local_route,global_only_control,base_0010,1,44,18510.0,module_3
direct_coherent_all_shared_local_route,global_only_control,base_0010,1,45,18930.0,module_2
direct_coherent_all_shared_local_route,global_only_control,base_0010,1,46,19350.0,module_1
direct_coherent_all_shared_local_route,global_only_control,base_0010,1,47,19770.0,module_4
direct_coherent_all_shared_local_route,global_only_control,base_0011,0,0,30.0,module_3
direct_coherent_all_shared_local_route,global_only_control,base_0011,0,1,450.0,module_4
direct_coherent_all_shared_local_route,global_only_control,base_0011,0,2,870.0,module_2
direct_coherent_all_shared_local_route,global_only_control,base_0011,0,3,1290.0,module_1
direct_coherent_all_shared_local_route,global_only_control,base_0011,0,4,1710.0,module_4
direct_coherent_all_shared_local_route,global_only_control,base_0011,0,5,2130.0,module_2
direct_coherent_all_shared_local_route,global_only_control,base_0011,0,6,2550.0,module_1
direct_coherent_all_shared_local_route,global_only_control,base_0011,0,7,2970.0,module_3
direct_coherent_all_shared_local_route,global_only_control,base_0011,0,8,3390.0,module_1
direct_coherent_all_shared_local_route,global_only_control,base_0011,0,9,3810.0,module_4
direct_coherent_all_shared_local_route,global_only_control,base_0011,0,10,4230.0,module_3
direct_coherent_all_shared_local_route,global_only_control,base_0011,0,11,4650.0,module_2
direct_coherent_all_shared_local_route,global_only_control,base_0011,0,12,5070.0,module_1
direct_coherent_all_shared_local_route,global_only_control,base_0011,0,13,5490.0,module_2
direct_coherent_all_shared_local_route,global_only_control,base_0011,0,14,5910.0,module_4
direct_coherent_all_shared_local_route,global_only_control,base_0011,0,15,6330.0,module_3
direct_coherent_all_shared_local_route,global_only_control,base_0011,0,16,6750.0,module_3
direct_coherent_all_shared_local_route,global_only_control,base_0011,0,17,7170.0,module_1
direct_coherent_all_shared_local_route,global_only_control,base_0011,0,18,7590.0,module_2
direct_coherent_all_shared_local_route,global_only_control,base_0011,0,19,8010.0,module_4
direct_coherent_all_shared_local_route,global_only_control,base_0011,0,20,8430.0,module_3
direct_coherent_all_shared_local_route,global_only_control,base_0011,0,21,8850.0,module_2
direct_coherent_all_shared_local_route,global_only_control,base_0011,0,22,9270.0,module_4
direct_coherent_all_shared_local_route,global_only_control,base_0011,0,23,9690.0,module_1
direct_coherent_all_shared_local_route,global_only_control,base_0011,0,24,10110.0,module_1
direct_coherent_all_shared_local_route,global_only_control,base_0011,0,25,10530.0,module_4
direct_coherent_all_shared_local_route,global_only_control,base_0011,0,26,10950.0,module_2
direct_coherent_all_shared_local_route,global_only_control,base_0011,0,27,11370.0,module_3
direct_coherent_all_shared_local_route,global_only_control,base_0011,0,28,11790.0,module_2
direct_coherent_all_shared_local_route,global_only_control,base_0011,0,29,12210.0,module_3
direct_coherent_all_shared_local_route,global_only_control,base_0011,0,30,12630.0,module_4
direct_coherent_all_shared_local_route,global_only_control,base_0011,0,31,13050.0,module_1
direct_coherent_all_shared_local_route,global_only_control,base_0011,0,32,13470.0,module_2
direct_coherent_all_shared_local_route,global_only_control,base_0011,0,33,13890.0,module_4
direct_coherent_all_shared_local_route,global_only_control,base_0011,0,34,14310.0,module_3
direct_coherent_all_shared_local_route,global_only_control,base_0011,0,35,14730.0,module_1
direct_coherent_all_shared_local_route,global_only_control,base_0011,0,36,15150.0,module_1
direct_coherent_all_shared_local_route,global_only_control,base_0011,0,37,15570.0,module_3
direct_coherent_all_shared_local_route,global_only_control,base_0011,0,38,15990.0,module_4
direct_coherent_all_shared_local_route,global_only_control,base_0011,0,39,16410.0,module_2
direct_coherent_all_shared_local_route,global_only_control,base_0011,0,40,16830.0,module_2
direct_coherent_all_shared_local_route,global_only_control,base_0011,0,41,17250.0,module_3
direct_coherent_all_shared_local_route,global_only_control,base_0011,0,42,17670.0,module_1
direct_coherent_all_shared_local_route,global_only_control,base_0011,0,43,18090.0,module_4
direct_coherent_all_shared_local_route,global_only_control,base_0011,0,44,18510.0,module_1
direct_coherent_all_shared_local_route,global_only_control,base_0011,0,45,18930.0,module_4
direct_coherent_all_shared_local_route,global_only_control,base_0011,0,46,19350.0,module_2
direct_coherent_all_shared_local_route,global_only_control,base_0011,0,47,19770.0,module_3
direct_coherent_all_shared_local_route,global_only_control,base_0011,1,0,30.0,module_2
direct_coherent_all_shared_local_route,global_only_control,base_0011,1,1,450.0,module_3
direct_coherent_all_shared_local_route,global_only_control,base_0011,1,2,870.0,module_4
direct_coherent_all_shared_local_route,global_only_control,base_0011,1,3,1290.0,module_1
direct_coherent_all_shared_local_route,global_only_control,base_0011,1,4,1710.0,module_3
direct_coherent_all_shared_local_route,global_only_control,base_0011,1,5,2130.0,module_4
direct_coherent_all_shared_local_route,global_only_control,base_0011,1,6,2550.0,module_1
direct_coherent_all_shared_local_route,global_only_control,base_0011,1,7,2970.0,module_2
direct_coherent_all_shared_local_route,global_only_control,base_0011,1,8,3390.0,module_4
direct_coherent_all_shared_local_route,global_only_control,base_0011,1,9,3810.0,module_3
direct_coherent_all_shared_local_route,global_only_control,base_0011,1,10,4230.0,module_1
direct_coherent_all_shared_local_route,global_only_control,base_0011,1,11,4650.0,module_2
direct_coherent_all_shared_local_route,global_only_control,base_0011,1,12,5070.0,module_3
direct_coherent_all_shared_local_route,global_only_control,base_0011,1,13,5490.0,module_4
direct_coherent_all_shared_local_route,global_only_control,base_0011,1,14,5910.0,module_2
direct_coherent_all_shared_local_route,global_only_control,base_0011,1,15,6330.0,module_1
direct_coherent_all_shared_local_route,global_only_control,base_0011,1,16,6750.0,module_2
direct_coherent_all_shared_local_route,global_only_control,base_0011,1,17,7170.0,module_4
direct_coherent_all_shared_local_route,global_only_control,base_0011,1,18,7590.0,module_1
direct_coherent_all_shared_local_route,global_only_control,base_0011,1,19,8010.0,module_3
direct_coherent_all_shared_local_route,global_only_control,base_0011,1,20,8430.0,module_3
direct_coherent_all_shared_local_route,global_only_control,base_0011,1,21,8850.0,module_1
direct_coherent_all_shared_local_route,global_only_control,base_0011,1,22,9270.0,module_2
direct_coherent_all_shared_local_route,global_only_control,base_0011,1,23,9690.0,module_4
direct_coherent_all_shared_local_route,global_only_control,base_0011,1,24,10110.0,module_1
direct_coherent_all_shared_local_route,global_only_control,base_0011,1,25,10530.0,module_2
direct_coherent_all_shared_local_route,global_only_control,base_0011,1,26,10950.0,module_4
direct_coherent_all_shared_local_route,global_only_control,base_0011,1,27,11370.0,module_3
direct_coherent_all_shared_local_route,global_only_control,base_0011,1,28,11790.0,module_3
direct_coherent_all_shared_local_route,global_only_control,base_0011,1,29,12210.0,module_1
direct_coherent_all_shared_local_route,global_only_control,base_0011,1,30,12630.0,module_2
direct_coherent_all_shared_local_route,global_only_control,base_0011,1,31,13050.0,module_4
direct_coherent_all_shared_local_route,global_only_control,base_0011,1,32,13470.0,module_3
direct_coherent_all_shared_local_route,global_only_control,base_0011,1,33,13890.0,module_2
direct_coherent_all_shared_local_route,global_only_control,base_0011,1,34,14310.0,module_4
direct_coherent_all_shared_local_route,global_only_control,base_0011,1,35,14730.0,module_1
direct_coherent_all_shared_local_route,global_only_control,base_0011,1,36,15150.0,module_2
direct_coherent_all_shared_local_route,global_only_control,base_0011,1,37,15570.0,module_3
direct_coherent_all_shared_local_route,global_only_control,base_0011,1,38,15990.0,module_4
direct_coherent_all_shared_local_route,global_only_control,base_0011,1,39,16410.0,module_1
direct_coherent_all_shared_local_route,global_only_control,base_0011,1,40,16830.0,module_2
direct_coherent_all_shared_local_route,global_only_control,base_0011,1,41,17250.0,module_1
direct_coherent_all_shared_local_route,global_only_control,base_0011,1,42,17670.0,module_4
direct_coherent_all_shared_local_route,global_only_control,base_0011,1,43,18090.0,module_3
direct_coherent_all_shared_local_route,global_only_control,base_0011,1,44,18510.0,module_2
direct_coherent_all_shared_local_route,global_only_control,base_0011,1,45,18930.0,module_1
direct_coherent_all_shared_local_route,global_only_control,base_0011,1,46,19350.0,module_4
direct_coherent_all_shared_local_route,global_only_control,base_0011,1,47,19770.0,module_3
direct_coherent_all_shared_local_route,global_only_control,base_0012,0,0,30.0,module_2
direct_coherent_all_shared_local_route,global_only_control,base_0012,0,1,450.0,module_3
direct_coherent_all_shared_local_route,global_only_control,base_0012,0,2,870.0,module_4
direct_coherent_all_shared_local_route,global_only_control,base_0012,0,3,1290.0,module_1
direct_coherent_all_shared_local_route,global_only_control,base_0012,0,4,1710.0,module_1
direct_coherent_all_shared_local_route,global_only_control,base_0012,0,5,2130.0,module_2
direct_coherent_all_shared_local_route,global_only_control,base_0012,0,6,2550.0,module_3
direct_coherent_all_shared_local_route,global_only_control,base_0012,0,7,2970.0,module_4
direct_coherent_all_shared_local_route,global_only_control,base_0012,0,8,3390.0,module_1
direct_coherent_all_shared_local_route,global_only_control,base_0012,0,9,3810.0,module_4
direct_coherent_all_shared_local_route,global_only_control,base_0012,0,10,4230.0,module_2
direct_coherent_all_shared_local_route,global_only_control,base_0012,0,11,4650.0,module_3
direct_coherent_all_shared_local_route,global_only_control,base_0012,0,12,5070.0,module_1
direct_coherent_all_shared_local_route,global_only_control,base_0012,0,13,5490.0,module_3
direct_coherent_all_shared_local_route,global_only_control,base_0012,0,14,5910.0,module_2
direct_coherent_all_shared_local_route,global_only_control,base_0012,0,15,6330.0,module_4
direct_coherent_all_shared_local_route,global_only_control,base_0012,0,16,6750.0,module_4
direct_coherent_all_shared_local_route,global_only_control,base_0012,0,17,7170.0,module_3
direct_coherent_all_shared_local_route,global_only_control,base_0012,0,18,7590.0,module_1
direct_coherent_all_shared_local_route,global_only_control,base_0012,0,19,8010.0,module_2
direct_coherent_all_shared_local_route,global_only_control,base_0012,0,20,8430.0,module_1
direct_coherent_all_shared_local_route,global_only_control,base_0012,0,21,8850.0,module_3
direct_coherent_all_shared_local_route,global_only_control,base_0012,0,22,9270.0,module_2
direct_coherent_all_shared_local_route,global_only_control,base_0012,0,23,9690.0,module_4
direct_coherent_all_shared_local_route,global_only_control,base_0012,0,24,10110.0,module_3
direct_coherent_all_shared_local_route,global_only_control,base_0012,0,25,10530.0,module_4
direct_coherent_all_shared_local_route,global_only_control,base_0012,0,26,10950.0,module_2
direct_coherent_all_shared_local_route,global_only_control,base_0012,0,27,11370.0,module_1
direct_coherent_all_shared_local_route,global_only_control,base_0012,0,28,11790.0,module_4
direct_coherent_all_shared_local_route,global_only_control,base_0012,0,29,12210.0,module_3
direct_coherent_all_shared_local_route,global_only_control,base_0012,0,30,12630.0,module_1
direct_coherent_all_shared_local_route,global_only_control,base_0012,0,31,13050.0,module_2
direct_coherent_all_shared_local_route,global_only_control,base_0012,0,32,13470.0,module_2
direct_coherent_all_shared_local_route,global_only_control,base_0012,0,33,13890.0,module_4
direct_coherent_all_shared_local_route,global_only_control,base_0012,0,34,14310.0,module_1
direct_coherent_all_shared_local_route,global_only_control,base_0012,0,35,14730.0,module_3
direct_coherent_all_shared_local_route,global_only_control,base_0012,0,36,15150.0,module_2
direct_coherent_all_shared_local_route,global_only_control,base_0012,0,37,15570.0,module_3
direct_coherent_all_shared_local_route,global_only_control,base_0012,0,38,15990.0,module_4
direct_coherent_all_shared_local_route,global_only_control,base_0012,0,39,16410.0,module_1
direct_coherent_all_shared_local_route,global_only_control,base_0012,0,40,16830.0,module_3
direct_coherent_all_shared_local_route,global_only_control,base_0012,0,41,17250.0,module_2
direct_coherent_all_shared_local_route,global_only_control,base_0012,0,42,17670.0,module_1
direct_coherent_all_shared_local_route,global_only_control,base_0012,0,43,18090.0,module_4
direct_coherent_all_shared_local_route,global_only_control,base_0012,0,44,18510.0,module_2
direct_coherent_all_shared_local_route,global_only_control,base_0012,0,45,18930.0,module_4
direct_coherent_all_shared_local_route,global_only_control,base_0012,0,46,19350.0,module_3
direct_coherent_all_shared_local_route,global_only_control,base_0012,0,47,19770.0,module_1
direct_coherent_all_shared_local_route,global_only_control,base_0012,1,0,30.0,module_3
direct_coherent_all_shared_local_route,global_only_control,base_0012,1,1,450.0,module_1
direct_coherent_all_shared_local_route,global_only_control,base_0012,1,2,870.0,module_4
direct_coherent_all_shared_local_route,global_only_control,base_0012,1,3,1290.0,module_2
direct_coherent_all_shared_local_route,global_only_control,base_0012,1,4,1710.0,module_1
direct_coherent_all_shared_local_route,global_only_control,base_0012,1,5,2130.0,module_2
direct_coherent_all_shared_local_route,global_only_control,base_0012,1,6,2550.0,module_4
direct_coherent_all_shared_local_route,global_only_control,base_0012,1,7,2970.0,module_3
direct_coherent_all_shared_local_route,global_only_control,base_0012,1,8,3390.0,module_3
direct_coherent_all_shared_local_route,global_only_control,base_0012,1,9,3810.0,module_2
direct_coherent_all_shared_local_route,global_only_control,base_0012,1,10,4230.0,module_1
direct_coherent_all_shared_local_route,global_only_control,base_0012,1,11,4650.0,module_4
direct_coherent_all_shared_local_route,global_only_control,base_0012,1,12,5070.0,module_4
direct_coherent_all_shared_local_route,global_only_control,base_0012,1,13,5490.0,module_1
direct_coherent_all_shared_local_route,global_only_control,base_0012,1,14,5910.0,module_3
direct_coherent_all_shared_local_route,global_only_control,base_0012,1,15,6330.0,module_2
direct_coherent_all_shared_local_route,global_only_control,base_0012,1,16,6750.0,module_3
direct_coherent_all_shared_local_route,global_only_control,base_0012,1,17,7170.0,module_2
direct_coherent_all_shared_local_route,global_only_control,base_0012,1,18,7590.0,module_1
direct_coherent_all_shared_local_route,global_only_control,base_0012,1,19,8010.0,module_4
direct_coherent_all_shared_local_route,global_only_control,base_0012,1,20,8430.0,module_3
direct_coherent_all_shared_local_route,global_only_control,base_0012,1,21,8850.0,module_2
direct_coherent_all_shared_local_route,global_only_control,base_0012,1,22,9270.0,module_4
direct_coherent_all_shared_local_route,global_only_control,base_0012,1,23,9690.0,module_1
direct_coherent_all_shared_local_route,global_only_control,base_0012,1,24,10110.0,module_2
direct_coherent_all_shared_local_route,global_only_control,base_0012,1,25,10530.0,module_4
direct_coherent_all_shared_local_route,global_only_control,base_0012,1,26,10950.0,module_3
direct_coherent_all_shared_local_route,global_only_control,base_0012,1,27,11370.0,module_1
direct_coherent_all_shared_local_route,global_only_control,base_0012,1,28,11790.0,module_3
direct_coherent_all_shared_local_route,global_only_control,base_0012,1,29,12210.0,module_4
direct_coherent_all_shared_local_route,global_only_control,base_0012,1,30,12630.0,module_2
direct_coherent_all_shared_local_route,global_only_control,base_0012,1,31,13050.0,module_1
direct_coherent_all_shared_local_route,global_only_control,base_0012,1,32,13470.0,module_1
direct_coherent_all_shared_local_route,global_only_control,base_0012,1,33,13890.0,module_3
direct_coherent_all_shared_local_route,global_only_control,base_0012,1,34,14310.0,module_4
direct_coherent_all_shared_local_route,global_only_control,base_0012,1,35,14730.0,module_2
direct_coherent_all_shared_local_route,global_only_control,base_0012,1,36,15150.0,module_1
direct_coherent_all_shared_local_route,global_only_control,base_0012,1,37,15570.0,module_3
direct_coherent_all_shared_local_route,global_only_control,base_0012,1,38,15990.0,module_4
direct_coherent_all_shared_local_route,global_only_control,base_0012,1,39,16410.0,module_2
direct_coherent_all_shared_local_route,global_only_control,base_0012,1,40,16830.0,module_2
direct_coherent_all_shared_local_route,global_only_control,base_0012,1,41,17250.0,module_4
direct_coherent_all_shared_local_route,global_only_control,base_0012,1,42,17670.0,module_1
direct_coherent_all_shared_local_route,global_only_control,base_0012,1,43,18090.0,module_3
direct_coherent_all_shared_local_route,global_only_control,base_0012,1,44,18510.0,module_1
direct_coherent_all_shared_local_route,global_only_control,base_0012,1,45,18930.0,module_2
direct_coherent_all_shared_local_route,global_only_control,base_0012,1,46,19350.0,module_4
direct_coherent_all_shared_local_route,global_only_control,base_0012,1,47,19770.0,module_3
direct_coherent_all_shared_local_route,global_only_control,base_0013,0,0,30.0,module_3
direct_coherent_all_shared_local_route,global_only_control,base_0013,0,1,450.0,module_1
direct_coherent_all_shared_local_route,global_only_control,base_0013,0,2,870.0,module_2
direct_coherent_all_shared_local_route,global_only_control,base_0013,0,3,1290.0,module_4
direct_coherent_all_shared_local_route,global_only_control,base_0013,0,4,1710.0,module_1
direct_coherent_all_shared_local_route,global_only_control,base_0013,0,5,2130.0,module_4
direct_coherent_all_shared_local_route,global_only_control,base_0013,0,6,2550.0,module_2
direct_coherent_all_shared_local_route,global_only_control,base_0013,0,7,2970.0,module_3
direct_coherent_all_shared_local_route,global_only_control,base_0013,0,8,3390.0,module_3
direct_coherent_all_shared_local_route,global_only_control,base_0013,0,9,3810.0,module_2
direct_coherent_all_shared_local_route,global_only_control,base_0013,0,10,4230.0,module_1
direct_coherent_all_shared_local_route,global_only_control,base_0013,0,11,4650.0,module_4
direct_coherent_all_shared_local_route,global_only_control,base_0013,0,12,5070.0,module_3
direct_coherent_all_shared_local_route,global_only_control,base_0013,0,13,5490.0,module_1
direct_coherent_all_shared_local_route,global_only_control,base_0013,0,14,5910.0,module_4
direct_coherent_all_shared_local_route,global_only_control,base_0013,0,15,6330.0,module_2
direct_coherent_all_shared_local_route,global_only_control,base_0013,0,16,6750.0,module_1
direct_coherent_all_shared_local_route,global_only_control,base_0013,0,17,7170.0,module_2
direct_coherent_all_shared_local_route,global_only_control,base_0013,0,18,7590.0,module_3
direct_coherent_all_shared_local_route,global_only_control,base_0013,0,19,8010.0,module_4
direct_coherent_all_shared_local_route,global_only_control,base_0013,0,20,8430.0,module_2
direct_coherent_all_shared_local_route,global_only_control,base_0013,0,21,8850.0,module_3
direct_coherent_all_shared_local_route,global_only_control,base_0013,0,22,9270.0,module_1
direct_coherent_all_shared_local_route,global_only_control,base_0013,0,23,9690.0,module_4
direct_coherent_all_shared_local_route,global_only_control,base_0013,0,24,10110.0,module_1
direct_coherent_all_shared_local_route,global_only_control,base_0013,0,25,10530.0,module_2
direct_coherent_all_shared_local_route,global_only_control,base_0013,0,26,10950.0,module_4
direct_coherent_all_shared_local_route,global_only_control,base_0013,0,27,11370.0,module_3
direct_coherent_all_shared_local_route,global_only_control,base_0013,0,28,11790.0,module_4
direct_coherent_all_shared_local_route,global_only_control,base_0013,0,29,12210.0,module_3
direct_coherent_all_shared_local_route,global_only_control,base_0013,0,30,12630.0,module_2
direct_coherent_all_shared_local_route,global_only_control,base_0013,0,31,13050.0,module_1
direct_coherent_all_shared_local_route,global_only_control,base_0013,0,32,13470.0,module_1
direct_coherent_all_shared_local_route,global_only_control,base_0013,0,33,13890.0,module_4
direct_coherent_all_shared_local_route,global_only_control,base_0013,0,34,14310.0,module_2
direct_coherent_all_shared_local_route,global_only_control,base_0013,0,35,14730.0,module_3
direct_coherent_all_shared_local_route,global_only_control,base_0013,0,36,15150.0,module_3
direct_coherent_all_shared_local_route,global_only_control,base_0013,0,37,15570.0,module_4
direct_coherent_all_shared_local_route,global_only_control,base_0013,0,38,15990.0,module_2
direct_coherent_all_shared_local_route,global_only_control,base_0013,0,39,16410.0,module_1
direct_coherent_all_shared_local_route,global_only_control,base_0013,0,40,16830.0,module_1
direct_coherent_all_shared_local_route,global_only_control,base_0013,0,41,17250.0,module_3
direct_coherent_all_shared_local_route,global_only_control,base_0013,0,42,17670.0,module_4
direct_coherent_all_shared_local_route,global_only_control,base_0013,0,43,18090.0,module_2
direct_coherent_all_shared_local_route,global_only_control,base_0013,0,44,18510.0,module_2
direct_coherent_all_shared_local_route,global_only_control,base_0013,0,45,18930.0,module_1
direct_coherent_all_shared_local_route,global_only_control,base_0013,0,46,19350.0,module_3
direct_coherent_all_shared_local_route,global_only_control,base_0013,0,47,19770.0,module_4
direct_coherent_all_shared_local_route,global_only_control,base_0013,1,0,30.0,module_4
direct_coherent_all_shared_local_route,global_only_control,base_0013,1,1,450.0,module_1
direct_coherent_all_shared_local_route,global_only_control,base_0013,1,2,870.0,module_3
direct_coherent_all_shared_local_route,global_only_control,base_0013,1,3,1290.0,module_2
direct_coherent_all_shared_local_route,global_only_control,base_0013,1,4,1710.0,module_4
direct_coherent_all_shared_local_route,global_only_control,base_0013,1,5,2130.0,module_3
direct_coherent_all_shared_local_route,global_only_control,base_0013,1,6,2550.0,module_2
direct_coherent_all_shared_local_route,global_only_control,base_0013,1,7,2970.0,module_1
direct_coherent_all_shared_local_route,global_only_control,base_0013,1,8,3390.0,module_1
direct_coherent_all_shared_local_route,global_only_control,base_0013,1,9,3810.0,module_3
direct_coherent_all_shared_local_route,global_only_control,base_0013,1,10,4230.0,module_2
direct_coherent_all_shared_local_route,global_only_control,base_0013,1,11,4650.0,module_4
direct_coherent_all_shared_local_route,global_only_control,base_0013,1,12,5070.0,module_2
direct_coherent_all_shared_local_route,global_only_control,base_0013,1,13,5490.0,module_3
direct_coherent_all_shared_local_route,global_only_control,base_0013,1,14,5910.0,module_4
direct_coherent_all_shared_local_route,global_only_control,base_0013,1,15,6330.0,module_1
direct_coherent_all_shared_local_route,global_only_control,base_0013,1,16,6750.0,module_3
direct_coherent_all_shared_local_route,global_only_control,base_0013,1,17,7170.0,module_2
direct_coherent_all_shared_local_route,global_only_control,base_0013,1,18,7590.0,module_1
direct_coherent_all_shared_local_route,global_only_control,base_0013,1,19,8010.0,module_4
direct_coherent_all_shared_local_route,global_only_control,base_0013,1,20,8430.0,module_1
direct_coherent_all_shared_local_route,global_only_control,base_0013,1,21,8850.0,module_3
direct_coherent_all_shared_local_route,global_only_control,base_0013,1,22,9270.0,module_2
direct_coherent_all_shared_local_route,global_only_control,base_0013,1,23,9690.0,module_4
direct_coherent_all_shared_local_route,global_only_control,base_0013,1,24,10110.0,module_2
direct_coherent_all_shared_local_route,global_only_control,base_0013,1,25,10530.0,module_3
direct_coherent_all_shared_local_route,global_only_control,base_0013,1,26,10950.0,module_1
direct_coherent_all_shared_local_route,global_only_control,base_0013,1,27,11370.0,module_4
direct_coherent_all_shared_local_route,global_only_control,base_0013,1,28,11790.0,module_3
direct_coherent_all_shared_local_route,global_only_control,base_0013,1,29,12210.0,module_2
direct_coherent_all_shared_local_route,global_only_control,base_0013,1,30,12630.0,module_1
direct_coherent_all_shared_local_route,global_only_control,base_0013,1,31,13050.0,module_4
direct_coherent_all_shared_local_route,global_only_control,base_0013,1,32,13470.0,module_4
direct_coherent_all_shared_local_route,global_only_control,base_0013,1,33,13890.0,module_3
direct_coherent_all_shared_local_route,global_only_control,base_0013,1,34,14310.0,module_1
direct_coherent_all_shared_local_route,global_only_control,base_0013,1,35,14730.0,module_2
direct_coherent_all_shared_local_route,global_only_control,base_0013,1,36,15150.0,module_2
direct_coherent_all_shared_local_route,global_only_control,base_0013,1,37,15570.0,module_3
direct_coherent_all_shared_local_route,global_only_control,base_0013,1,38,15990.0,module_1
direct_coherent_all_shared_local_route,global_only_control,base_0013,1,39,16410.0,module_4
direct_coherent_all_shared_local_route,global_only_control,base_0013,1,40,16830.0,module_3
direct_coherent_all_shared_local_route,global_only_control,base_0013,1,41,17250.0,module_4
direct_coherent_all_shared_local_route,global_only_control,base_0013,1,42,17670.0,module_2
direct_coherent_all_shared_local_route,global_only_control,base_0013,1,43,18090.0,module_1
direct_coherent_all_shared_local_route,global_only_control,base_0013,1,44,18510.0,module_1
direct_coherent_all_shared_local_route,global_only_control,base_0013,1,45,18930.0,module_4
direct_coherent_all_shared_local_route,global_only_control,base_0013,1,46,19350.0,module_2
direct_coherent_all_shared_local_route,global_only_control,base_0013,1,47,19770.0,module_3
direct_coherent_all_shared_local_route,global_only_control,base_0014,0,0,30.0,module_3
direct_coherent_all_shared_local_route,global_only_control,base_0014,0,1,450.0,module_1
direct_coherent_all_shared_local_route,global_only_control,base_0014,0,2,870.0,module_2
direct_coherent_all_shared_local_route,global_only_control,base_0014,0,3,1290.0,module_4
direct_coherent_all_shared_local_route,global_only_control,base_0014,0,4,1710.0,module_4
direct_coherent_all_shared_local_route,global_only_control,base_0014,0,5,2130.0,module_1
direct_coherent_all_shared_local_route,global_only_control,base_0014,0,6,2550.0,module_3
direct_coherent_all_shared_local_route,global_only_control,base_0014,0,7,2970.0,module_2
direct_coherent_all_shared_local_route,global_only_control,base_0014,0,8,3390.0,module_3
direct_coherent_all_shared_local_route,global_only_control,base_0014,0,9,3810.0,module_4
direct_coherent_all_shared_local_route,global_only_control,base_0014,0,10,4230.0,module_1
direct_coherent_all_shared_local_route,global_only_control,base_0014,0,11,4650.0,module_2
direct_coherent_all_shared_local_route,global_only_control,base_0014,0,12,5070.0,module_4
direct_coherent_all_shared_local_route,global_only_control,base_0014,0,13,5490.0,module_2
direct_coherent_all_shared_local_route,global_only_control,base_0014,0,14,5910.0,module_3
direct_coherent_all_shared_local_route,global_only_control,base_0014,0,15,6330.0,module_1
direct_coherent_all_shared_local_route,global_only_control,base_0014,0,16,6750.0,module_1
direct_coherent_all_shared_local_route,global_only_control,base_0014,0,17,7170.0,module_3
direct_coherent_all_shared_local_route,global_only_control,base_0014,0,18,7590.0,module_2
direct_coherent_all_shared_local_route,global_only_control,base_0014,0,19,8010.0,module_4
direct_coherent_all_shared_local_route,global_only_control,base_0014,0,20,8430.0,module_4
direct_coherent_all_shared_local_route,global_only_control,base_0014,0,21,8850.0,module_3
direct_coherent_all_shared_local_route,global_only_control,base_0014,0,22,9270.0,module_2
direct_coherent_all_shared_local_route,global_only_control,base_0014,0,23,9690.0,module_1
direct_coherent_all_shared_local_route,global_only_control,base_0014,0,24,10110.0,module_4
direct_coherent_all_shared_local_route,global_only_control,base_0014,0,25,10530.0,module_1
direct_coherent_all_shared_local_route,global_only_control,base_0014,0,26,10950.0,module_3
direct_coherent_all_shared_local_route,global_only_control,base_0014,0,27,11370.0,module_2
direct_coherent_all_shared_local_route,global_only_control,base_0014,0,28,11790.0,module_1
direct_coherent_all_shared_local_route,global_only_control,base_0014,0,29,12210.0,module_3
direct_coherent_all_shared_local_route,global_only_control,base_0014,0,30,12630.0,module_4
direct_coherent_all_shared_local_route,global_only_control,base_0014,0,31,13050.0,module_2
direct_coherent_all_shared_local_route,global_only_control,base_0014,0,32,13470.0,module_2
direct_coherent_all_shared_local_route,global_only_control,base_0014,0,33,13890.0,module_1
direct_coherent_all_shared_local_route,global_only_control,base_0014,0,34,14310.0,module_4
direct_coherent_all_shared_local_route,global_only_control,base_0014,0,35,14730.0,module_3
direct_coherent_all_shared_local_route,global_only_control,base_0014,0,36,15150.0,module_4
direct_coherent_all_shared_local_route,global_only_control,base_0014,0,37,15570.0,module_1
direct_coherent_all_shared_local_route,global_only_control,base_0014,0,38,15990.0,module_2
direct_coherent_all_shared_local_route,global_only_control,base_0014,0,39,16410.0,module_3
direct_coherent_all_shared_local_route,global_only_control,base_0014,0,40,16830.0,module_2
direct_coherent_all_shared_local_route,global_only_control,base_0014,0,41,17250.0,module_4
direct_coherent_all_shared_local_route,global_only_control,base_0014,0,42,17670.0,module_3
direct_coherent_all_shared_local_route,global_only_control,base_0014,0,43,18090.0,module_1
direct_coherent_all_shared_local_route,global_only_control,base_0014,0,44,18510.0,module_3
direct_coherent_all_shared_local_route,global_only_control,base_0014,0,45,18930.0,module_2
direct_coherent_all_shared_local_route,global_only_control,base_0014,0,46,19350.0,module_4
direct_coherent_all_shared_local_route,global_only_control,base_0014,0,47,19770.0,module_1
direct_coherent_all_shared_local_route,global_only_control,base_0014,1,0,30.0,module_4
direct_coherent_all_shared_local_route,global_only_control,base_0014,1,1,450.0,module_2
direct_coherent_all_shared_local_route,global_only_control,base_0014,1,2,870.0,module_1
direct_coherent_all_shared_local_route,global_only_control,base_0014,1,3,1290.0,module_3
direct_coherent_all_shared_local_route,global_only_control,base_0014,1,4,1710.0,module_1
direct_coherent_all_shared_local_route,global_only_control,base_0014,1,5,2130.0,module_4
direct_coherent_all_shared_local_route,global_only_control,base_0014,1,6,2550.0,module_3
direct_coherent_all_shared_local_route,global_only_control,base_0014,1,7,2970.0,module_2
direct_coherent_all_shared_local_route,global_only_control,base_0014,1,8,3390.0,module_3
direct_coherent_all_shared_local_route,global_only_control,base_0014,1,9,3810.0,module_2
direct_coherent_all_shared_local_route,global_only_control,base_0014,1,10,4230.0,module_1
direct_coherent_all_shared_local_route,global_only_control,base_0014,1,11,4650.0,module_4
direct_coherent_all_shared_local_route,global_only_control,base_0014,1,12,5070.0,module_4
direct_coherent_all_shared_local_route,global_only_control,base_0014,1,13,5490.0,module_3
direct_coherent_all_shared_local_route,global_only_control,base_0014,1,14,5910.0,module_1
direct_coherent_all_shared_local_route,global_only_control,base_0014,1,15,6330.0,module_2
direct_coherent_all_shared_local_route,global_only_control,base_0014,1,16,6750.0,module_4
direct_coherent_all_shared_local_route,global_only_control,base_0014,1,17,7170.0,module_1
direct_coherent_all_shared_local_route,global_only_control,base_0014,1,18,7590.0,module_3
direct_coherent_all_shared_local_route,global_only_control,base_0014,1,19,8010.0,module_2
direct_coherent_all_shared_local_route,global_only_control,base_0014,1,20,8430.0,module_2
direct_coherent_all_shared_local_route,global_only_control,base_0014,1,21,8850.0,module_3
direct_coherent_all_shared_local_route,global_only_control,base_0014,1,22,9270.0,module_4
direct_coherent_all_shared_local_route,global_only_control,base_0014,1,23,9690.0,module_1
direct_coherent_all_shared_local_route,global_only_control,base_0014,1,24,10110.0,module_1
direct_coherent_all_shared_local_route,global_only_control,base_0014,1,25,10530.0,module_2
direct_coherent_all_shared_local_route,global_only_control,base_0014,1,26,10950.0,module_3
direct_coherent_all_shared_local_route,global_only_control,base_0014,1,27,11370.0,module_4
direct_coherent_all_shared_local_route,global_only_control,base_0014,1,28,11790.0,module_1
direct_coherent_all_shared_local_route,global_only_control,base_0014,1,29,12210.0,module_4
direct_coherent_all_shared_local_route,global_only_control,base_0014,1,30,12630.0,module_3
direct_coherent_all_shared_local_route,global_only_control,base_0014,1,31,13050.0,module_2
direct_coherent_all_shared_local_route,global_only_control,base_0014,1,32,13470.0,module_1
direct_coherent_all_shared_local_route,global_only_control,base_0014,1,33,13890.0,module_4
direct_coherent_all_shared_local_route,global_only_control,base_0014,1,34,14310.0,module_2
direct_coherent_all_shared_local_route,global_only_control,base_0014,1,35,14730.0,module_3
direct_coherent_all_shared_local_route,global_only_control,base_0014,1,36,15150.0,module_3
direct_coherent_all_shared_local_route,global_only_control,base_0014,1,37,15570.0,module_1
direct_coherent_all_shared_local_route,global_only_control,base_0014,1,38,15990.0,module_2
direct_coherent_all_shared_local_route,global_only_control,base_0014,1,39,16410.0,module_4
direct_coherent_all_shared_local_route,global_only_control,base_0014,1,40,16830.0,module_4
direct_coherent_all_shared_local_route,global_only_control,base_0014,1,41,17250.0,module_2
direct_coherent_all_shared_local_route,global_only_control,base_0014,1,42,17670.0,module_1
direct_coherent_all_shared_local_route,global_only_control,base_0014,1,43,18090.0,module_3
direct_coherent_all_shared_local_route,global_only_control,base_0014,1,44,18510.0,module_4
direct_coherent_all_shared_local_route,global_only_control,base_0014,1,45,18930.0,module_1
direct_coherent_all_shared_local_route,global_only_control,base_0014,1,46,19350.0,module_2
direct_coherent_all_shared_local_route,global_only_control,base_0014,1,47,19770.0,module_3
direct_coherent_all_shared_local_route,global_only_control,base_0015,0,0,30.0,module_1
direct_coherent_all_shared_local_route,global_only_control,base_0015,0,1,450.0,module_3
direct_coherent_all_shared_local_route,global_only_control,base_0015,0,2,870.0,module_4
direct_coherent_all_shared_local_route,global_only_control,base_0015,0,3,1290.0,module_2
direct_coherent_all_shared_local_route,global_only_control,base_0015,0,4,1710.0,module_3
direct_coherent_all_shared_local_route,global_only_control,base_0015,0,5,2130.0,module_4
direct_coherent_all_shared_local_route,global_only_control,base_0015,0,6,2550.0,module_1
direct_coherent_all_shared_local_route,global_only_control,base_0015,0,7,2970.0,module_2
direct_coherent_all_shared_local_route,global_only_control,base_0015,0,8,3390.0,module_4
direct_coherent_all_shared_local_route,global_only_control,base_0015,0,9,3810.0,module_1
direct_coherent_all_shared_local_route,global_only_control,base_0015,0,10,4230.0,module_3
direct_coherent_all_shared_local_route,global_only_control,base_0015,0,11,4650.0,module_2
direct_coherent_all_shared_local_route,global_only_control,base_0015,0,12,5070.0,module_1
direct_coherent_all_shared_local_route,global_only_control,base_0015,0,13,5490.0,module_3
direct_coherent_all_shared_local_route,global_only_control,base_0015,0,14,5910.0,module_4
direct_coherent_all_shared_local_route,global_only_control,base_0015,0,15,6330.0,module_2
direct_coherent_all_shared_local_route,global_only_control,base_0015,0,16,6750.0,module_2
direct_coherent_all_shared_local_route,global_only_control,base_0015,0,17,7170.0,module_3
direct_coherent_all_shared_local_route,global_only_control,base_0015,0,18,7590.0,module_4
direct_coherent_all_shared_local_route,global_only_control,base_0015,0,19,8010.0,module_1
direct_coherent_all_shared_local_route,global_only_control,base_0015,0,20,8430.0,module_4
direct_coherent_all_shared_local_route,global_only_control,base_0015,0,21,8850.0,module_2
direct_coherent_all_shared_local_route,global_only_control,base_0015,0,22,9270.0,module_1
direct_coherent_all_shared_local_route,global_only_control,base_0015,0,23,9690.0,module_3
direct_coherent_all_shared_local_route,global_only_control,base_0015,0,24,10110.0,module_1
direct_coherent_all_shared_local_route,global_only_control,base_0015,0,25,10530.0,module_2
direct_coherent_all_shared_local_route,global_only_control,base_0015,0,26,10950.0,module_4
direct_coherent_all_shared_local_route,global_only_control,base_0015,0,27,11370.0,module_3
direct_coherent_all_shared_local_route,global_only_control,base_0015,0,28,11790.0,module_3
direct_coherent_all_shared_local_route,global_only_control,base_0015,0,29,12210.0,module_4
direct_coherent_all_shared_local_route,global_only_control,base_0015,0,30,12630.0,module_2
direct_coherent_all_shared_local_route,global_only_control,base_0015,0,31,13050.0,module_1
direct_coherent_all_shared_local_route,global_only_control,base_0015,0,32,13470.0,module_2
direct_coherent_all_shared_local_route,global_only_control,base_0015,0,33,13890.0,module_3
direct_coherent_all_shared_local_route,global_only_control,base_0015,0,34,14310.0,module_1
direct_coherent_all_shared_local_route,global_only_control,base_0015,0,35,14730.0,module_4
direct_coherent_all_shared_local_route,global_only_control,base_0015,0,36,15150.0,module_2
direct_coherent_all_shared_local_route,global_only_control,base_0015,0,37,15570.0,module_4
direct_coherent_all_shared_local_route,global_only_control,base_0015,0,38,15990.0,module_1
direct_coherent_all_shared_local_route,global_only_control,base_0015,0,39,16410.0,module_3
direct_coherent_all_shared_local_route,global_only_control,base_0015,0,40,16830.0,module_2
direct_coherent_all_shared_local_route,global_only_control,base_0015,0,41,17250.0,module_4
direct_coherent_all_shared_local_route,global_only_control,base_0015,0,42,17670.0,module_3
direct_coherent_all_shared_local_route,global_only_control,base_0015,0,43,18090.0,module_1
direct_coherent_all_shared_local_route,global_only_control,base_0015,0,44,18510.0,module_3
direct_coherent_all_shared_local_route,global_only_control,base_0015,0,45,18930.0,module_1
direct_coherent_all_shared_local_route,global_only_control,base_0015,0,46,19350.0,module_4
direct_coherent_all_shared_local_route,global_only_control,base_0015,0,47,19770.0,module_2
direct_coherent_all_shared_local_route,global_only_control,base_0015,1,0,30.0,module_3
direct_coherent_all_shared_local_route,global_only_control,base_0015,1,1,450.0,module_2
direct_coherent_all_shared_local_route,global_only_control,base_0015,1,2,870.0,module_1
direct_coherent_all_shared_local_route,global_only_control,base_0015,1,3,1290.0,module_4
direct_coherent_all_shared_local_route,global_only_control,base_0015,1,4,1710.0,module_4
direct_coherent_all_shared_local_route,global_only_control,base_0015,1,5,2130.0,module_3
direct_coherent_all_shared_local_route,global_only_control,base_0015,1,6,2550.0,module_2
direct_coherent_all_shared_local_route,global_only_control,base_0015,1,7,2970.0,module_1
direct_coherent_all_shared_local_route,global_only_control,base_0015,1,8,3390.0,module_3
direct_coherent_all_shared_local_route,global_only_control,base_0015,1,9,3810.0,module_4
direct_coherent_all_shared_local_route,global_only_control,base_0015,1,10,4230.0,module_1
direct_coherent_all_shared_local_route,global_only_control,base_0015,1,11,4650.0,module_2
direct_coherent_all_shared_local_route,global_only_control,base_0015,1,12,5070.0,module_4
direct_coherent_all_shared_local_route,global_only_control,base_0015,1,13,5490.0,module_3
direct_coherent_all_shared_local_route,global_only_control,base_0015,1,14,5910.0,module_2
direct_coherent_all_shared_local_route,global_only_control,base_0015,1,15,6330.0,module_1
direct_coherent_all_shared_local_route,global_only_control,base_0015,1,16,6750.0,module_4
direct_coherent_all_shared_local_route,global_only_control,base_0015,1,17,7170.0,module_3
direct_coherent_all_shared_local_route,global_only_control,base_0015,1,18,7590.0,module_2
direct_coherent_all_shared_local_route,global_only_control,base_0015,1,19,8010.0,module_1
direct_coherent_all_shared_local_route,global_only_control,base_0015,1,20,8430.0,module_3
direct_coherent_all_shared_local_route,global_only_control,base_0015,1,21,8850.0,module_1
direct_coherent_all_shared_local_route,global_only_control,base_0015,1,22,9270.0,module_2
direct_coherent_all_shared_local_route,global_only_control,base_0015,1,23,9690.0,module_4
direct_coherent_all_shared_local_route,global_only_control,base_0015,1,24,10110.0,module_3
direct_coherent_all_shared_local_route,global_only_control,base_0015,1,25,10530.0,module_1
direct_coherent_all_shared_local_route,global_only_control,base_0015,1,26,10950.0,module_4
direct_coherent_all_shared_local_route,global_only_control,base_0015,1,27,11370.0,module_2
direct_coherent_all_shared_local_route,global_only_control,base_0015,1,28,11790.0,module_3
direct_coherent_all_shared_local_route,global_only_control,base_0015,1,29,12210.0,module_2
direct_coherent_all_shared_local_route,global_only_control,base_0015,1,30,12630.0,module_1
direct_coherent_all_shared_local_route,global_only_control,base_0015,1,31,13050.0,module_4
direct_coherent_all_shared_local_route,global_only_control,base_0015,1,32,13470.0,module_1
direct_coherent_all_shared_local_route,global_only_control,base_0015,1,33,13890.0,module_4
direct_coherent_all_shared_local_route,global_only_control,base_0015,1,34,14310.0,module_2
direct_coherent_all_shared_local_route,global_only_control,base_0015,1,35,14730.0,module_3
direct_coherent_all_shared_local_route,global_only_control,base_0015,1,36,15150.0,module_3
direct_coherent_all_shared_local_route,global_only_control,base_0015,1,37,15570.0,module_2
direct_coherent_all_shared_local_route,global_only_control,base_0015,1,38,15990.0,module_1
direct_coherent_all_shared_local_route,global_only_control,base_0015,1,39,16410.0,module_4
direct_coherent_all_shared_local_route,global_only_control,base_0015,1,40,16830.0,module_2
direct_coherent_all_shared_local_route,global_only_control,base_0015,1,41,17250.0,module_1
direct_coherent_all_shared_local_route,global_only_control,base_0015,1,42,17670.0,module_4
direct_coherent_all_shared_local_route,global_only_control,base_0015,1,43,18090.0,module_3
direct_coherent_all_shared_local_route,global_only_control,base_0015,1,44,18510.0,module_3
direct_coherent_all_shared_local_route,global_only_control,base_0015,1,45,18930.0,module_2
direct_coherent_all_shared_local_route,global_only_control,base_0015,1,46,19350.0,module_4
direct_coherent_all_shared_local_route,global_only_control,base_0015,1,47,19770.0,module_1
direct_coherent_all_shared_local_route,global_only_control,base_0016,0,0,30.0,module_2
direct_coherent_all_shared_local_route,global_only_control,base_0016,0,1,450.0,module_1
direct_coherent_all_shared_local_route,global_only_control,base_0016,0,2,870.0,module_3
direct_coherent_all_shared_local_route,global_only_control,base_0016,0,3,1290.0,module_4
direct_coherent_all_shared_local_route,global_only_control,base_0016,0,4,1710.0,module_4
direct_coherent_all_shared_local_route,global_only_control,base_0016,0,5,2130.0,module_3
direct_coherent_all_shared_local_route,global_only_control,base_0016,0,6,2550.0,module_1
direct_coherent_all_shared_local_route,global_only_control,base_0016,0,7,2970.0,module_2
direct_coherent_all_shared_local_route,global_only_control,base_0016,0,8,3390.0,module_4
direct_coherent_all_shared_local_route,global_only_control,base_0016,0,9,3810.0,module_1
direct_coherent_all_shared_local_route,global_only_control,base_0016,0,10,4230.0,module_3
direct_coherent_all_shared_local_route,global_only_control,base_0016,0,11,4650.0,module_2
direct_coherent_all_shared_local_route,global_only_control,base_0016,0,12,5070.0,module_1
direct_coherent_all_shared_local_route,global_only_control,base_0016,0,13,5490.0,module_3
direct_coherent_all_shared_local_route,global_only_control,base_0016,0,14,5910.0,module_2
direct_coherent_all_shared_local_route,global_only_control,base_0016,0,15,6330.0,module_4
direct_coherent_all_shared_local_route,global_only_control,base_0016,0,16,6750.0,module_4
direct_coherent_all_shared_local_route,global_only_control,base_0016,0,17,7170.0,module_3
direct_coherent_all_shared_local_route,global_only_control,base_0016,0,18,7590.0,module_2
direct_coherent_all_shared_local_route,global_only_control,base_0016,0,19,8010.0,module_1
direct_coherent_all_shared_local_route,global_only_control,base_0016,0,20,8430.0,module_1
direct_coherent_all_shared_local_route,global_only_control,base_0016,0,21,8850.0,module_4
direct_coherent_all_shared_local_route,global_only_control,base_0016,0,22,9270.0,module_2
direct_coherent_all_shared_local_route,global_only_control,base_0016,0,23,9690.0,module_3
direct_coherent_all_shared_local_route,global_only_control,base_0016,0,24,10110.0,module_4
direct_coherent_all_shared_local_route,global_only_control,base_0016,0,25,10530.0,module_1
direct_coherent_all_shared_local_route,global_only_control,base_0016,0,26,10950.0,module_3
direct_coherent_all_shared_local_route,global_only_control,base_0016,0,27,11370.0,module_2
direct_coherent_all_shared_local_route,global_only_control,base_0016,0,28,11790.0,module_4
direct_coherent_all_shared_local_route,global_only_control,base_0016,0,29,12210.0,module_2
direct_coherent_all_shared_local_route,global_only_control,base_0016,0,30,12630.0,module_3
direct_coherent_all_shared_local_route,global_only_control,base_0016,0,31,13050.0,module_1
direct_coherent_all_shared_local_route,global_only_control,base_0016,0,32,13470.0,module_4
direct_coherent_all_shared_local_route,global_only_control,base_0016,0,33,13890.0,module_2
direct_coherent_all_shared_local_route,global_only_control,base_0016,0,34,14310.0,module_1
direct_coherent_all_shared_local_route,global_only_control,base_0016,0,35,14730.0,module_3
direct_coherent_all_shared_local_route,global_only_control,base_0016,0,36,15150.0,module_1
direct_coherent_all_shared_local_route,global_only_control,base_0016,0,37,15570.0,module_3
direct_coherent_all_shared_local_route,global_only_control,base_0016,0,38,15990.0,module_4
direct_coherent_all_shared_local_route,global_only_control,base_0016,0,39,16410.0,module_2
direct_coherent_all_shared_local_route,global_only_control,base_0016,0,40,16830.0,module_1
direct_coherent_all_shared_local_route,global_only_control,base_0016,0,41,17250.0,module_3
direct_coherent_all_shared_local_route,global_only_control,base_0016,0,42,17670.0,module_4
direct_coherent_all_shared_local_route,global_only_control,base_0016,0,43,18090.0,module_2
direct_coherent_all_shared_local_route,global_only_control,base_0016,0,44,18510.0,module_4
direct_coherent_all_shared_local_route,global_only_control,base_0016,0,45,18930.0,module_3
direct_coherent_all_shared_local_route,global_only_control,base_0016,0,46,19350.0,module_2
direct_coherent_all_shared_local_route,global_only_control,base_0016,0,47,19770.0,module_1
direct_coherent_all_shared_local_route,global_only_control,base_0016,1,0,30.0,module_3
direct_coherent_all_shared_local_route,global_only_control,base_0016,1,1,450.0,module_1
direct_coherent_all_shared_local_route,global_only_control,base_0016,1,2,870.0,module_2
direct_coherent_all_shared_local_route,global_only_control,base_0016,1,3,1290.0,module_4
direct_coherent_all_shared_local_route,global_only_control,base_0016,1,4,1710.0,module_1
direct_coherent_all_shared_local_route,global_only_control,base_0016,1,5,2130.0,module_2
direct_coherent_all_shared_local_route,global_only_control,base_0016,1,6,2550.0,module_4
direct_coherent_all_shared_local_route,global_only_control,base_0016,1,7,2970.0,module_3
direct_coherent_all_shared_local_route,global_only_control,base_0016,1,8,3390.0,module_2
direct_coherent_all_shared_local_route,global_only_control,base_0016,1,9,3810.0,module_3
direct_coherent_all_shared_local_route,global_only_control,base_0016,1,10,4230.0,module_1
direct_coherent_all_shared_local_route,global_only_control,base_0016,1,11,4650.0,module_4
direct_coherent_all_shared_local_route,global_only_control,base_0016,1,12,5070.0,module_2
direct_coherent_all_shared_local_route,global_only_control,base_0016,1,13,5490.0,module_3
direct_coherent_all_shared_local_route,global_only_control,base_0016,1,14,5910.0,module_4
direct_coherent_all_shared_local_route,global_only_control,base_0016,1,15,6330.0,module_1
direct_coherent_all_shared_local_route,global_only_control,base_0016,1,16,6750.0,module_4
direct_coherent_all_shared_local_route,global_only_control,base_0016,1,17,7170.0,module_1
direct_coherent_all_shared_local_route,global_only_control,base_0016,1,18,7590.0,module_3
direct_coherent_all_shared_local_route,global_only_control,base_0016,1,19,8010.0,module_2
direct_coherent_all_shared_local_route,global_only_control,base_0016,1,20,8430.0,module_4
direct_coherent_all_shared_local_route,global_only_control,base_0016,1,21,8850.0,module_2
direct_coherent_all_shared_local_route,global_only_control,base_0016,1,22,9270.0,module_3
direct_coherent_all_shared_local_route,global_only_control,base_0016,1,23,9690.0,module_1
direct_coherent_all_shared_local_route,global_only_control,base_0016,1,24,10110.0,module_3
direct_coherent_all_shared_local_route,global_only_control,base_0016,1,25,10530.0,module_4
direct_coherent_all_shared_local_route,global_only_control,base_0016,1,26,10950.0,module_1
direct_coherent_all_shared_local_route,global_only_control,base_0016,1,27,11370.0,module_2
direct_coherent_all_shared_local_route,global_only_control,base_0016,1,28,11790.0,module_4
direct_coherent_all_shared_local_route,global_only_control,base_0016,1,29,12210.0,module_2
direct_coherent_all_shared_local_route,global_only_control,base_0016,1,30,12630.0,module_3
direct_coherent_all_shared_local_route,global_only_control,base_0016,1,31,13050.0,module_1
direct_coherent_all_shared_local_route,global_only_control,base_0016,1,32,13470.0,module_2
direct_coherent_all_shared_local_route,global_only_control,base_0016,1,33,13890.0,module_3
direct_coherent_all_shared_local_route,global_only_control,base_0016,1,34,14310.0,module_1
direct_coherent_all_shared_local_route,global_only_control,base_0016,1,35,14730.0,module_4
direct_coherent_all_shared_local_route,global_only_control,base_0016,1,36,15150.0,module_1
direct_coherent_all_shared_local_route,global_only_control,base_0016,1,37,15570.0,module_4
direct_coherent_all_shared_local_route,global_only_control,base_0016,1,38,15990.0,module_2
direct_coherent_all_shared_local_route,global_only_control,base_0016,1,39,16410.0,module_3
direct_coherent_all_shared_local_route,global_only_control,base_0016,1,40,16830.0,module_2
direct_coherent_all_shared_local_route,global_only_control,base_0016,1,41,17250.0,module_3
direct_coherent_all_shared_local_route,global_only_control,base_0016,1,42,17670.0,module_1
direct_coherent_all_shared_local_route,global_only_control,base_0016,1,43,18090.0,module_4
direct_coherent_all_shared_local_route,global_only_control,base_0016,1,44,18510.0,module_2
direct_coherent_all_shared_local_route,global_only_control,base_0016,1,45,18930.0,module_1
direct_coherent_all_shared_local_route,global_only_control,base_0016,1,46,19350.0,module_3
direct_coherent_all_shared_local_route,global_only_control,base_0016,1,47,19770.0,module_4
direct_coherent_all_shared_local_route,global_only_control,base_0017,0,0,30.0,module_3
direct_coherent_all_shared_local_route,global_only_control,base_0017,0,1,450.0,module_1
direct_coherent_all_shared_local_route,global_only_control,base_0017,0,2,870.0,module_2
direct_coherent_all_shared_local_route,global_only_control,base_0017,0,3,1290.0,module_4
direct_coherent_all_shared_local_route,global_only_control,base_0017,0,4,1710.0,module_3
direct_coherent_all_shared_local_route,global_only_control,base_0017,0,5,2130.0,module_4
direct_coherent_all_shared_local_route,global_only_control,base_0017,0,6,2550.0,module_1
direct_coherent_all_shared_local_route,global_only_control,base_0017,0,7,2970.0,module_2
direct_coherent_all_shared_local_route,global_only_control,base_0017,0,8,3390.0,module_3
direct_coherent_all_shared_local_route,global_only_control,base_0017,0,9,3810.0,module_1
direct_coherent_all_shared_local_route,global_only_control,base_0017,0,10,4230.0,module_2
direct_coherent_all_shared_local_route,global_only_control,base_0017,0,11,4650.0,module_4
direct_coherent_all_shared_local_route,global_only_control,base_0017,0,12,5070.0,module_3
direct_coherent_all_shared_local_route,global_only_control,base_0017,0,13,5490.0,module_4
direct_coherent_all_shared_local_route,global_only_control,base_0017,0,14,5910.0,module_2
direct_coherent_all_shared_local_route,global_only_control,base_0017,0,15,6330.0,module_1
direct_coherent_all_shared_local_route,global_only_control,base_0017,0,16,6750.0,module_3
direct_coherent_all_shared_local_route,global_only_control,base_0017,0,17,7170.0,module_2
direct_coherent_all_shared_local_route,global_only_control,base_0017,0,18,7590.0,module_4
direct_coherent_all_shared_local_route,global_only_control,base_0017,0,19,8010.0,module_1
direct_coherent_all_shared_local_route,global_only_control,base_0017,0,20,8430.0,module_3
direct_coherent_all_shared_local_route,global_only_control,base_0017,0,21,8850.0,module_4
direct_coherent_all_shared_local_route,global_only_control,base_0017,0,22,9270.0,module_1
direct_coherent_all_shared_local_route,global_only_control,base_0017,0,23,9690.0,module_2
direct_coherent_all_shared_local_route,global_only_control,base_0017,0,24,10110.0,module_4
direct_coherent_all_shared_local_route,global_only_control,base_0017,0,25,10530.0,module_2
direct_coherent_all_shared_local_route,global_only_control,base_0017,0,26,10950.0,module_3
direct_coherent_all_shared_local_route,global_only_control,base_0017,0,27,11370.0,module_1
direct_coherent_all_shared_local_route,global_only_control,base_0017,0,28,11790.0,module_3
direct_coherent_all_shared_local_route,global_only_control,base_0017,0,29,12210.0,module_1
direct_coherent_all_shared_local_route,global_only_control,base_0017,0,30,12630.0,module_2
direct_coherent_all_shared_local_route,global_only_control,base_0017,0,31,13050.0,module_4
direct_coherent_all_shared_local_route,global_only_control,base_0017,0,32,13470.0,module_3
direct_coherent_all_shared_local_route,global_only_control,base_0017,0,33,13890.0,module_4
direct_coherent_all_shared_local_route,global_only_control,base_0017,0,34,14310.0,module_2
direct_coherent_all_shared_local_route,global_only_control,base_0017,0,35,14730.0,module_1
direct_coherent_all_shared_local_route,global_only_control,base_0017,0,36,15150.0,module_2
direct_coherent_all_shared_local_route,global_only_control,base_0017,0,37,15570.0,module_3
direct_coherent_all_shared_local_route,global_only_control,base_0017,0,38,15990.0,module_1
direct_coherent_all_shared_local_route,global_only_control,base_0017,0,39,16410.0,module_4
direct_coherent_all_shared_local_route,global_only_control,base_0017,0,40,16830.0,module_1
direct_coherent_all_shared_local_route,global_only_control,base_0017,0,41,17250.0,module_2
direct_coherent_all_shared_local_route,global_only_control,base_0017,0,42,17670.0,module_4
direct_coherent_all_shared_local_route,global_only_control,base_0017,0,43,18090.0,module_3
direct_coherent_all_shared_local_route,global_only_control,base_0017,0,44,18510.0,module_2
direct_coherent_all_shared_local_route,global_only_control,base_0017,0,45,18930.0,module_1
direct_coherent_all_shared_local_route,global_only_control,base_0017,0,46,19350.0,module_3
direct_coherent_all_shared_local_route,global_only_control,base_0017,0,47,19770.0,module_4
direct_coherent_all_shared_local_route,global_only_control,base_0017,1,0,30.0,module_2
direct_coherent_all_shared_local_route,global_only_control,base_0017,1,1,450.0,module_4
direct_coherent_all_shared_local_route,global_only_control,base_0017,1,2,870.0,module_3
direct_coherent_all_shared_local_route,global_only_control,base_0017,1,3,1290.0,module_1
direct_coherent_all_shared_local_route,global_only_control,base_0017,1,4,1710.0,module_1
direct_coherent_all_shared_local_route,global_only_control,base_0017,1,5,2130.0,module_4
direct_coherent_all_shared_local_route,global_only_control,base_0017,1,6,2550.0,module_2
direct_coherent_all_shared_local_route,global_only_control,base_0017,1,7,2970.0,module_3
direct_coherent_all_shared_local_route,global_only_control,base_0017,1,8,3390.0,module_4
direct_coherent_all_shared_local_route,global_only_control,base_0017,1,9,3810.0,module_2
direct_coherent_all_shared_local_route,global_only_control,base_0017,1,10,4230.0,module_1
direct_coherent_all_shared_local_route,global_only_control,base_0017,1,11,4650.0,module_3
direct_coherent_all_shared_local_route,global_only_control,base_0017,1,12,5070.0,module_4
direct_coherent_all_shared_local_route,global_only_control,base_0017,1,13,5490.0,module_2
direct_coherent_all_shared_local_route,global_only_control,base_0017,1,14,5910.0,module_3
direct_coherent_all_shared_local_route,global_only_control,base_0017,1,15,6330.0,module_1
direct_coherent_all_shared_local_route,global_only_control,base_0017,1,16,6750.0,module_4
direct_coherent_all_shared_local_route,global_only_control,base_0017,1,17,7170.0,module_1
direct_coherent_all_shared_local_route,global_only_control,base_0017,1,18,7590.0,module_2
direct_coherent_all_shared_local_route,global_only_control,base_0017,1,19,8010.0,module_3
direct_coherent_all_shared_local_route,global_only_control,base_0017,1,20,8430.0,module_4
direct_coherent_all_shared_local_route,global_only_control,base_0017,1,21,8850.0,module_1
direct_coherent_all_shared_local_route,global_only_control,base_0017,1,22,9270.0,module_2
direct_coherent_all_shared_local_route,global_only_control,base_0017,1,23,9690.0,module_3
direct_coherent_all_shared_local_route,global_only_control,base_0017,1,24,10110.0,module_4
direct_coherent_all_shared_local_route,global_only_control,base_0017,1,25,10530.0,module_1
direct_coherent_all_shared_local_route,global_only_control,base_0017,1,26,10950.0,module_3
direct_coherent_all_shared_local_route,global_only_control,base_0017,1,27,11370.0,module_2
direct_coherent_all_shared_local_route,global_only_control,base_0017,1,28,11790.0,module_1
direct_coherent_all_shared_local_route,global_only_control,base_0017,1,29,12210.0,module_4
direct_coherent_all_shared_local_route,global_only_control,base_0017,1,30,12630.0,module_2
direct_coherent_all_shared_local_route,global_only_control,base_0017,1,31,13050.0,module_3
direct_coherent_all_shared_local_route,global_only_control,base_0017,1,32,13470.0,module_2
direct_coherent_all_shared_local_route,global_only_control,base_0017,1,33,13890.0,module_4
direct_coherent_all_shared_local_route,global_only_control,base_0017,1,34,14310.0,module_3
direct_coherent_all_shared_local_route,global_only_control,base_0017,1,35,14730.0,module_1
direct_coherent_all_shared_local_route,global_only_control,base_0017,1,36,15150.0,module_2
direct_coherent_all_shared_local_route,global_only_control,base_0017,1,37,15570.0,module_1
direct_coherent_all_shared_local_route,global_only_control,base_0017,1,38,15990.0,module_4
direct_coherent_all_shared_local_route,global_only_control,base_0017,1,39,16410.0,module_3
direct_coherent_all_shared_local_route,global_only_control,base_0017,1,40,16830.0,module_3
direct_coherent_all_shared_local_route,global_only_control,base_0017,1,41,17250.0,module_2
direct_coherent_all_shared_local_route,global_only_control,base_0017,1,42,17670.0,module_1
direct_coherent_all_shared_local_route,global_only_control,base_0017,1,43,18090.0,module_4
direct_coherent_all_shared_local_route,global_only_control,base_0017,1,44,18510.0,module_4
direct_coherent_all_shared_local_route,global_only_control,base_0017,1,45,18930.0,module_2
direct_coherent_all_shared_local_route,global_only_control,base_0017,1,46,19350.0,module_3
direct_coherent_all_shared_local_route,global_only_control,base_0017,1,47,19770.0,module_1
entanglement_assisted_all_shared_local_route,localized_only,base_0000,0,0,30.0,module_4
entanglement_assisted_all_shared_local_route,localized_only,base_0000,0,1,450.0,module_3
entanglement_assisted_all_shared_local_route,localized_only,base_0000,0,2,870.0,module_1
entanglement_assisted_all_shared_local_route,localized_only,base_0000,0,3,1290.0,module_2
entanglement_assisted_all_shared_local_route,localized_only,base_0000,0,4,1710.0,module_4
entanglement_assisted_all_shared_local_route,localized_only,base_0000,0,5,2130.0,module_3
entanglement_assisted_all_shared_local_route,localized_only,base_0000,0,6,2550.0,module_1
entanglement_assisted_all_shared_local_route,localized_only,base_0000,0,7,2970.0,module_2
entanglement_assisted_all_shared_local_route,localized_only,base_0000,0,8,3390.0,module_1
entanglement_assisted_all_shared_local_route,localized_only,base_0000,0,9,3810.0,module_4
entanglement_assisted_all_shared_local_route,localized_only,base_0000,0,10,4230.0,module_3
entanglement_assisted_all_shared_local_route,localized_only,base_0000,0,11,4650.0,module_2
entanglement_assisted_all_shared_local_route,localized_only,base_0000,0,12,5070.0,module_2
entanglement_assisted_all_shared_local_route,localized_only,base_0000,0,13,5490.0,module_1
entanglement_assisted_all_shared_local_route,localized_only,base_0000,0,14,5910.0,module_3
entanglement_assisted_all_shared_local_route,localized_only,base_0000,0,15,6330.0,module_4
entanglement_assisted_all_shared_local_route,localized_only,base_0000,0,16,6750.0,module_4
entanglement_assisted_all_shared_local_route,localized_only,base_0000,0,17,7170.0,module_2
entanglement_assisted_all_shared_local_route,localized_only,base_0000,0,18,7590.0,module_3
entanglement_assisted_all_shared_local_route,localized_only,base_0000,0,19,8010.0,module_1
entanglement_assisted_all_shared_local_route,localized_only,base_0000,0,20,8430.0,module_4
entanglement_assisted_all_shared_local_route,localized_only,base_0000,0,21,8850.0,module_3
entanglement_assisted_all_shared_local_route,localized_only,base_0000,0,22,9270.0,module_2
entanglement_assisted_all_shared_local_route,localized_only,base_0000,0,23,9690.0,module_1
entanglement_assisted_all_shared_local_route,localized_only,base_0000,0,24,10110.0,module_2
entanglement_assisted_all_shared_local_route,localized_only,base_0000,0,25,10530.0,module_1
entanglement_assisted_all_shared_local_route,localized_only,base_0000,0,26,10950.0,module_3
entanglement_assisted_all_shared_local_route,localized_only,base_0000,0,27,11370.0,module_4
entanglement_assisted_all_shared_local_route,localized_only,base_0000,0,28,11790.0,module_3
entanglement_assisted_all_shared_local_route,localized_only,base_0000,0,29,12210.0,module_2
entanglement_assisted_all_shared_local_route,localized_only,base_0000,0,30,12630.0,module_4
entanglement_assisted_all_shared_local_route,localized_only,base_0000,0,31,13050.0,module_1
entanglement_assisted_all_shared_local_route,localized_only,base_0000,0,32,13470.0,module_4
entanglement_assisted_all_shared_local_route,localized_only,base_0000,0,33,13890.0,module_2
entanglement_assisted_all_shared_local_route,localized_only,base_0000,0,34,14310.0,module_3
entanglement_assisted_all_shared_local_route,localized_only,base_0000,0,35,14730.0,module_1
entanglement_assisted_all_shared_local_route,localized_only,base_0000,0,36,15150.0,module_3
entanglement_assisted_all_shared_local_route,localized_only,base_0000,0,37,15570.0,module_4
entanglement_assisted_all_shared_local_route,localized_only,base_0000,0,38,15990.0,module_2
entanglement_assisted_all_shared_local_route,localized_only,base_0000,0,39,16410.0,module_1
entanglement_assisted_all_shared_local_route,localized_only,base_0000,0,40,16830.0,module_1
entanglement_assisted_all_shared_local_route,localized_only,base_0000,0,41,17250.0,module_4
entanglement_assisted_all_shared_local_route,localized_only,base_0000,0,42,17670.0,module_3
entanglement_assisted_all_shared_local_route,localized_only,base_0000,0,43,18090.0,module_2
entanglement_assisted_all_shared_local_route,localized_only,base_0000,0,44,18510.0,module_3
entanglement_assisted_all_shared_local_route,localized_only,base_0000,0,45,18930.0,module_2
entanglement_assisted_all_shared_local_route,localized_only,base_0000,0,46,19350.0,module_1
entanglement_assisted_all_shared_local_route,localized_only,base_0000,0,47,19770.0,module_4
entanglement_assisted_all_shared_local_route,localized_only,base_0000,1,0,30.0,module_1
entanglement_assisted_all_shared_local_route,localized_only,base_0000,1,1,450.0,module_3
entanglement_assisted_all_shared_local_route,localized_only,base_0000,1,2,870.0,module_4
entanglement_assisted_all_shared_local_route,localized_only,base_0000,1,3,1290.0,module_2
entanglement_assisted_all_shared_local_route,localized_only,base_0000,1,4,1710.0,module_3
entanglement_assisted_all_shared_local_route,localized_only,base_0000,1,5,2130.0,module_2
entanglement_assisted_all_shared_local_route,localized_only,base_0000,1,6,2550.0,module_4
entanglement_assisted_all_shared_local_route,localized_only,base_0000,1,7,2970.0,module_1
entanglement_assisted_all_shared_local_route,localized_only,base_0000,1,8,3390.0,module_1
entanglement_assisted_all_shared_local_route,localized_only,base_0000,1,9,3810.0,module_3
entanglement_assisted_all_shared_local_route,localized_only,base_0000,1,10,4230.0,module_2
entanglement_assisted_all_shared_local_route,localized_only,base_0000,1,11,4650.0,module_4
entanglement_assisted_all_shared_local_route,localized_only,base_0000,1,12,5070.0,module_2
entanglement_assisted_all_shared_local_route,localized_only,base_0000,1,13,5490.0,module_3
entanglement_assisted_all_shared_local_route,localized_only,base_0000,1,14,5910.0,module_4
entanglement_assisted_all_shared_local_route,localized_only,base_0000,1,15,6330.0,module_1
entanglement_assisted_all_shared_local_route,localized_only,base_0000,1,16,6750.0,module_2
entanglement_assisted_all_shared_local_route,localized_only,base_0000,1,17,7170.0,module_3
entanglement_assisted_all_shared_local_route,localized_only,base_0000,1,18,7590.0,module_1
entanglement_assisted_all_shared_local_route,localized_only,base_0000,1,19,8010.0,module_4
entanglement_assisted_all_shared_local_route,localized_only,base_0000,1,20,8430.0,module_4
entanglement_assisted_all_shared_local_route,localized_only,base_0000,1,21,8850.0,module_1
entanglement_assisted_all_shared_local_route,localized_only,base_0000,1,22,9270.0,module_3
entanglement_assisted_all_shared_local_route,localized_only,base_0000,1,23,9690.0,module_2
entanglement_assisted_all_shared_local_route,localized_only,base_0000,1,24,10110.0,module_4
entanglement_assisted_all_shared_local_route,localized_only,base_0000,1,25,10530.0,module_2
entanglement_assisted_all_shared_local_route,localized_only,base_0000,1,26,10950.0,module_3
entanglement_assisted_all_shared_local_route,localized_only,base_0000,1,27,11370.0,module_1
entanglement_assisted_all_shared_local_route,localized_only,base_0000,1,28,11790.0,module_1
entanglement_assisted_all_shared_local_route,localized_only,base_0000,1,29,12210.0,module_2
entanglement_assisted_all_shared_local_route,localized_only,base_0000,1,30,12630.0,module_3
entanglement_assisted_all_shared_local_route,localized_only,base_0000,1,31,13050.0,module_4
entanglement_assisted_all_shared_local_route,localized_only,base_0000,1,32,13470.0,module_3
entanglement_assisted_all_shared_local_route,localized_only,base_0000,1,33,13890.0,module_1
entanglement_assisted_all_shared_local_route,localized_only,base_0000,1,34,14310.0,module_2
entanglement_assisted_all_shared_local_route,localized_only,base_0000,1,35,14730.0,module_4
entanglement_assisted_all_shared_local_route,localized_only,base_0000,1,36,15150.0,module_3
entanglement_assisted_all_shared_local_route,localized_only,base_0000,1,37,15570.0,module_2
entanglement_assisted_all_shared_local_route,localized_only,base_0000,1,38,15990.0,module_1
entanglement_assisted_all_shared_local_route,localized_only,base_0000,1,39,16410.0,module_4
entanglement_assisted_all_shared_local_route,localized_only,base_0000,1,40,16830.0,module_3
entanglement_assisted_all_shared_local_route,localized_only,base_0000,1,41,17250.0,module_2
entanglement_assisted_all_shared_local_route,localized_only,base_0000,1,42,17670.0,module_1
entanglement_assisted_all_shared_local_route,localized_only,base_0000,1,43,18090.0,module_4
entanglement_assisted_all_shared_local_route,localized_only,base_0000,1,44,18510.0,module_1
entanglement_assisted_all_shared_local_route,localized_only,base_0000,1,45,18930.0,module_4
entanglement_assisted_all_shared_local_route,localized_only,base_0000,1,46,19350.0,module_2
entanglement_assisted_all_shared_local_route,localized_only,base_0000,1,47,19770.0,module_3
entanglement_assisted_all_shared_local_route,localized_only,base_0001,0,0,30.0,module_3
entanglement_assisted_all_shared_local_route,localized_only,base_0001,0,1,450.0,module_1
entanglement_assisted_all_shared_local_route,localized_only,base_0001,0,2,870.0,module_2
entanglement_assisted_all_shared_local_route,localized_only,base_0001,0,3,1290.0,module_4
entanglement_assisted_all_shared_local_route,localized_only,base_0001,0,4,1710.0,module_2
entanglement_assisted_all_shared_local_route,localized_only,base_0001,0,5,2130.0,module_4
entanglement_assisted_all_shared_local_route,localized_only,base_0001,0,6,2550.0,module_1
entanglement_assisted_all_shared_local_route,localized_only,base_0001,0,7,2970.0,module_3
entanglement_assisted_all_shared_local_route,localized_only,base_0001,0,8,3390.0,module_4
entanglement_assisted_all_shared_local_route,localized_only,base_0001,0,9,3810.0,module_3
entanglement_assisted_all_shared_local_route,localized_only,base_0001,0,10,4230.0,module_2
entanglement_assisted_all_shared_local_route,localized_only,base_0001,0,11,4650.0,module_1
entanglement_assisted_all_shared_local_route,localized_only,base_0001,0,12,5070.0,module_4
entanglement_assisted_all_shared_local_route,localized_only,base_0001,0,13,5490.0,module_2
entanglement_assisted_all_shared_local_route,localized_only,base_0001,0,14,5910.0,module_1
entanglement_assisted_all_shared_local_route,localized_only,base_0001,0,15,6330.0,module_3
entanglement_assisted_all_shared_local_route,localized_only,base_0001,0,16,6750.0,module_3
entanglement_assisted_all_shared_local_route,localized_only,base_0001,0,17,7170.0,module_1
entanglement_assisted_all_shared_local_route,localized_only,base_0001,0,18,7590.0,module_4
entanglement_assisted_all_shared_local_route,localized_only,base_0001,0,19,8010.0,module_2
entanglement_assisted_all_shared_local_route,localized_only,base_0001,0,20,8430.0,module_3
entanglement_assisted_all_shared_local_route,localized_only,base_0001,0,21,8850.0,module_2
entanglement_assisted_all_shared_local_route,localized_only,base_0001,0,22,9270.0,module_4
entanglement_assisted_all_shared_local_route,localized_only,base_0001,0,23,9690.0,module_1
entanglement_assisted_all_shared_local_route,localized_only,base_0001,0,24,10110.0,module_3
entanglement_assisted_all_shared_local_route,localized_only,base_0001,0,25,10530.0,module_1
entanglement_assisted_all_shared_local_route,localized_only,base_0001,0,26,10950.0,module_2
entanglement_assisted_all_shared_local_route,localized_only,base_0001,0,27,11370.0,module_4
entanglement_assisted_all_shared_local_route,localized_only,base_0001,0,28,11790.0,module_1
entanglement_assisted_all_shared_local_route,localized_only,base_0001,0,29,12210.0,module_3
entanglement_assisted_all_shared_local_route,localized_only,base_0001,0,30,12630.0,module_4
entanglement_assisted_all_shared_local_route,localized_only,base_0001,0,31,13050.0,module_2
entanglement_assisted_all_shared_local_route,localized_only,base_0001,0,32,13470.0,module_4
entanglement_assisted_all_shared_local_route,localized_only,base_0001,0,33,13890.0,module_1
entanglement_assisted_all_shared_local_route,localized_only,base_0001,0,34,14310.0,module_2
entanglement_assisted_all_shared_local_route,localized_only,base_0001,0,35,14730.0,module_3
entanglement_assisted_all_shared_local_route,localized_only,base_0001,0,36,15150.0,module_1
entanglement_assisted_all_shared_local_route,localized_only,base_0001,0,37,15570.0,module_4
entanglement_assisted_all_shared_local_route,localized_only,base_0001,0,38,15990.0,module_3
entanglement_assisted_all_shared_local_route,localized_only,base_0001,0,39,16410.0,module_2
entanglement_assisted_all_shared_local_route,localized_only,base_0001,0,40,16830.0,module_1
entanglement_assisted_all_shared_local_route,localized_only,base_0001,0,41,17250.0,module_3
entanglement_assisted_all_shared_local_route,localized_only,base_0001,0,42,17670.0,module_4
entanglement_assisted_all_shared_local_route,localized_only,base_0001,0,43,18090.0,module_2
entanglement_assisted_all_shared_local_route,localized_only,base_0001,0,44,18510.0,module_1
entanglement_assisted_all_shared_local_route,localized_only,base_0001,0,45,18930.0,module_3
entanglement_assisted_all_shared_local_route,localized_only,base_0001,0,46,19350.0,module_2
entanglement_assisted_all_shared_local_route,localized_only,base_0001,0,47,19770.0,module_4
entanglement_assisted_all_shared_local_route,localized_only,base_0001,1,0,30.0,module_3
entanglement_assisted_all_shared_local_route,localized_only,base_0001,1,1,450.0,module_4
entanglement_assisted_all_shared_local_route,localized_only,base_0001,1,2,870.0,module_2
entanglement_assisted_all_shared_local_route,localized_only,base_0001,1,3,1290.0,module_1
entanglement_assisted_all_shared_local_route,localized_only,base_0001,1,4,1710.0,module_3
entanglement_assisted_all_shared_local_route,localized_only,base_0001,1,5,2130.0,module_1
entanglement_assisted_all_shared_local_route,localized_only,base_0001,1,6,2550.0,module_4
entanglement_assisted_all_shared_local_route,localized_only,base_0001,1,7,2970.0,module_2
entanglement_assisted_all_shared_local_route,localized_only,base_0001,1,8,3390.0,module_1
entanglement_assisted_all_shared_local_route,localized_only,base_0001,1,9,3810.0,module_3
entanglement_assisted_all_shared_local_route,localized_only,base_0001,1,10,4230.0,module_2
entanglement_assisted_all_shared_local_route,localized_only,base_0001,1,11,4650.0,module_4
entanglement_assisted_all_shared_local_route,localized_only,base_0001,1,12,5070.0,module_1
entanglement_assisted_all_shared_local_route,localized_only,base_0001,1,13,5490.0,module_3
entanglement_assisted_all_shared_local_route,localized_only,base_0001,1,14,5910.0,module_2
entanglement_assisted_all_shared_local_route,localized_only,base_0001,1,15,6330.0,module_4
entanglement_assisted_all_shared_local_route,localized_only,base_0001,1,16,6750.0,module_4
entanglement_assisted_all_shared_local_route,localized_only,base_0001,1,17,7170.0,module_2
entanglement_assisted_all_shared_local_route,localized_only,base_0001,1,18,7590.0,module_1
entanglement_assisted_all_shared_local_route,localized_only,base_0001,1,19,8010.0,module_3
entanglement_assisted_all_shared_local_route,localized_only,base_0001,1,20,8430.0,module_3
entanglement_assisted_all_shared_local_route,localized_only,base_0001,1,21,8850.0,module_2
entanglement_assisted_all_shared_local_route,localized_only,base_0001,1,22,9270.0,module_1
entanglement_assisted_all_shared_local_route,localized_only,base_0001,1,23,9690.0,module_4
entanglement_assisted_all_shared_local_route,localized_only,base_0001,1,24,10110.0,module_1
entanglement_assisted_all_shared_local_route,localized_only,base_0001,1,25,10530.0,module_4
entanglement_assisted_all_shared_local_route,localized_only,base_0001,1,26,10950.0,module_3
entanglement_assisted_all_shared_local_route,localized_only,base_0001,1,27,11370.0,module_2
entanglement_assisted_all_shared_local_route,localized_only,base_0001,1,28,11790.0,module_3
entanglement_assisted_all_shared_local_route,localized_only,base_0001,1,29,12210.0,module_1
entanglement_assisted_all_shared_local_route,localized_only,base_0001,1,30,12630.0,module_4
entanglement_assisted_all_shared_local_route,localized_only,base_0001,1,31,13050.0,module_2
entanglement_assisted_all_shared_local_route,localized_only,base_0001,1,32,13470.0,module_2
entanglement_assisted_all_shared_local_route,localized_only,base_0001,1,33,13890.0,module_4
entanglement_assisted_all_shared_local_route,localized_only,base_0001,1,34,14310.0,module_3
entanglement_assisted_all_shared_local_route,localized_only,base_0001,1,35,14730.0,module_1
entanglement_assisted_all_shared_local_route,localized_only,base_0001,1,36,15150.0,module_1
entanglement_assisted_all_shared_local_route,localized_only,base_0001,1,37,15570.0,module_4
entanglement_assisted_all_shared_local_route,localized_only,base_0001,1,38,15990.0,module_3
entanglement_assisted_all_shared_local_route,localized_only,base_0001,1,39,16410.0,module_2
entanglement_assisted_all_shared_local_route,localized_only,base_0001,1,40,16830.0,module_4
entanglement_assisted_all_shared_local_route,localized_only,base_0001,1,41,17250.0,module_3
entanglement_assisted_all_shared_local_route,localized_only,base_0001,1,42,17670.0,module_1
entanglement_assisted_all_shared_local_route,localized_only,base_0001,1,43,18090.0,module_2
entanglement_assisted_all_shared_local_route,localized_only,base_0001,1,44,18510.0,module_1
entanglement_assisted_all_shared_local_route,localized_only,base_0001,1,45,18930.0,module_4
entanglement_assisted_all_shared_local_route,localized_only,base_0001,1,46,19350.0,module_2
entanglement_assisted_all_shared_local_route,localized_only,base_0001,1,47,19770.0,module_3
entanglement_assisted_all_shared_local_route,localized_only,base_0002,0,0,30.0,module_2
entanglement_assisted_all_shared_local_route,localized_only,base_0002,0,1,450.0,module_1
entanglement_assisted_all_shared_local_route,localized_only,base_0002,0,2,870.0,module_3
entanglement_assisted_all_shared_local_route,localized_only,base_0002,0,3,1290.0,module_4
entanglement_assisted_all_shared_local_route,localized_only,base_0002,0,4,1710.0,module_4
entanglement_assisted_all_shared_local_route,localized_only,base_0002,0,5,2130.0,module_2
entanglement_assisted_all_shared_local_route,localized_only,base_0002,0,6,2550.0,module_3
entanglement_assisted_all_shared_local_route,localized_only,base_0002,0,7,2970.0,module_1
entanglement_assisted_all_shared_local_route,localized_only,base_0002,0,8,3390.0,module_3
entanglement_assisted_all_shared_local_route,localized_only,base_0002,0,9,3810.0,module_4
entanglement_assisted_all_shared_local_route,localized_only,base_0002,0,10,4230.0,module_1
entanglement_assisted_all_shared_local_route,localized_only,base_0002,0,11,4650.0,module_2
entanglement_assisted_all_shared_local_route,localized_only,base_0002,0,12,5070.0,module_2
entanglement_assisted_all_shared_local_route,localized_only,base_0002,0,13,5490.0,module_1
entanglement_assisted_all_shared_local_route,localized_only,base_0002,0,14,5910.0,module_3
entanglement_assisted_all_shared_local_route,localized_only,base_0002,0,15,6330.0,module_4
entanglement_assisted_all_shared_local_route,localized_only,base_0002,0,16,6750.0,module_1
entanglement_assisted_all_shared_local_route,localized_only,base_0002,0,17,7170.0,module_3
entanglement_assisted_all_shared_local_route,localized_only,base_0002,0,18,7590.0,module_2
entanglement_assisted_all_shared_local_route,localized_only,base_0002,0,19,8010.0,module_4
entanglement_assisted_all_shared_local_route,localized_only,base_0002,0,20,8430.0,module_2
entanglement_assisted_all_shared_local_route,localized_only,base_0002,0,21,8850.0,module_4
entanglement_assisted_all_shared_local_route,localized_only,base_0002,0,22,9270.0,module_1
entanglement_assisted_all_shared_local_route,localized_only,base_0002,0,23,9690.0,module_3
entanglement_assisted_all_shared_local_route,localized_only,base_0002,0,24,10110.0,module_1
entanglement_assisted_all_shared_local_route,localized_only,base_0002,0,25,10530.0,module_4
entanglement_assisted_all_shared_local_route,localized_only,base_0002,0,26,10950.0,module_3
entanglement_assisted_all_shared_local_route,localized_only,base_0002,0,27,11370.0,module_2
entanglement_assisted_all_shared_local_route,localized_only,base_0002,0,28,11790.0,module_4
entanglement_assisted_all_shared_local_route,localized_only,base_0002,0,29,12210.0,module_3
entanglement_assisted_all_shared_local_route,localized_only,base_0002,0,30,12630.0,module_1
entanglement_assisted_all_shared_local_route,localized_only,base_0002,0,31,13050.0,module_2
entanglement_assisted_all_shared_local_route,localized_only,base_0002,0,32,13470.0,module_4
entanglement_assisted_all_shared_local_route,localized_only,base_0002,0,33,13890.0,module_1
entanglement_assisted_all_shared_local_route,localized_only,base_0002,0,34,14310.0,module_2
entanglement_assisted_all_shared_local_route,localized_only,base_0002,0,35,14730.0,module_3
entanglement_assisted_all_shared_local_route,localized_only,base_0002,0,36,15150.0,module_3
entanglement_assisted_all_shared_local_route,localized_only,base_0002,0,37,15570.0,module_1
entanglement_assisted_all_shared_local_route,localized_only,base_0002,0,38,15990.0,module_2
entanglement_assisted_all_shared_local_route,localized_only,base_0002,0,39,16410.0,module_4
entanglement_assisted_all_shared_local_route,localized_only,base_0002,0,40,16830.0,module_3
entanglement_assisted_all_shared_local_route,localized_only,base_0002,0,41,17250.0,module_4
entanglement_assisted_all_shared_local_route,localized_only,base_0002,0,42,17670.0,module_1
entanglement_assisted_all_shared_local_route,localized_only,base_0002,0,43,18090.0,module_2
entanglement_assisted_all_shared_local_route,localized_only,base_0002,0,44,18510.0,module_2
entanglement_assisted_all_shared_local_route,localized_only,base_0002,0,45,18930.0,module_3
entanglement_assisted_all_shared_local_route,localized_only,base_0002,0,46,19350.0,module_4
entanglement_assisted_all_shared_local_route,localized_only,base_0002,0,47,19770.0,module_1
entanglement_assisted_all_shared_local_route,localized_only,base_0002,1,0,30.0,module_2
entanglement_assisted_all_shared_local_route,localized_only,base_0002,1,1,450.0,module_3
entanglement_assisted_all_shared_local_route,localized_only,base_0002,1,2,870.0,module_1
entanglement_assisted_all_shared_local_route,localized_only,base_0002,1,3,1290.0,module_4
entanglement_assisted_all_shared_local_route,localized_only,base_0002,1,4,1710.0,module_3
entanglement_assisted_all_shared_local_route,localized_only,base_0002,1,5,2130.0,module_1
entanglement_assisted_all_shared_local_route,localized_only,base_0002,1,6,2550.0,module_4
entanglement_assisted_all_shared_local_route,localized_only,base_0002,1,7,2970.0,module_2
entanglement_assisted_all_shared_local_route,localized_only,base_0002,1,8,3390.0,module_4
entanglement_assisted_all_shared_local_route,localized_only,base_0002,1,9,3810.0,module_3
entanglement_assisted_all_shared_local_route,localized_only,base_0002,1,10,4230.0,module_1
entanglement_assisted_all_shared_local_route,localized_only,base_0002,1,11,4650.0,module_2
entanglement_assisted_all_shared_local_route,localized_only,base_0002,1,12,5070.0,module_3
entanglement_assisted_all_shared_local_route,localized_only,base_0002,1,13,5490.0,module_2
entanglement_assisted_all_shared_local_route,localized_only,base_0002,1,14,5910.0,module_1
entanglement_assisted_all_shared_local_route,localized_only,base_0002,1,15,6330.0,module_4
entanglement_assisted_all_shared_local_route,localized_only,base_0002,1,16,6750.0,module_3
entanglement_assisted_all_shared_local_route,localized_only,base_0002,1,17,7170.0,module_2
entanglement_assisted_all_shared_local_route,localized_only,base_0002,1,18,7590.0,module_4
entanglement_assisted_all_shared_local_route,localized_only,base_0002,1,19,8010.0,module_1
entanglement_assisted_all_shared_local_route,localized_only,base_0002,1,20,8430.0,module_2
entanglement_assisted_all_shared_local_route,localized_only,base_0002,1,21,8850.0,module_1
entanglement_assisted_all_shared_local_route,localized_only,base_0002,1,22,9270.0,module_3
entanglement_assisted_all_shared_local_route,localized_only,base_0002,1,23,9690.0,module_4
entanglement_assisted_all_shared_local_route,localized_only,base_0002,1,24,10110.0,module_1
entanglement_assisted_all_shared_local_route,localized_only,base_0002,1,25,10530.0,module_2
entanglement_assisted_all_shared_local_route,localized_only,base_0002,1,26,10950.0,module_3
entanglement_assisted_all_shared_local_route,localized_only,base_0002,1,27,11370.0,module_4
entanglement_assisted_all_shared_local_route,localized_only,base_0002,1,28,11790.0,module_2
entanglement_assisted_all_shared_local_route,localized_only,base_0002,1,29,12210.0,module_1
entanglement_assisted_all_shared_local_route,localized_only,base_0002,1,30,12630.0,module_4
entanglement_assisted_all_shared_local_route,localized_only,base_0002,1,31,13050.0,module_3
entanglement_assisted_all_shared_local_route,localized_only,base_0002,1,32,13470.0,module_1
entanglement_assisted_all_shared_local_route,localized_only,base_0002,1,33,13890.0,module_4
entanglement_assisted_all_shared_local_route,localized_only,base_0002,1,34,14310.0,module_3
entanglement_assisted_all_shared_local_route,localized_only,base_0002,1,35,14730.0,module_2
entanglement_assisted_all_shared_local_route,localized_only,base_0002,1,36,15150.0,module_3
entanglement_assisted_all_shared_local_route,localized_only,base_0002,1,37,15570.0,module_2
entanglement_assisted_all_shared_local_route,localized_only,base_0002,1,38,15990.0,module_4
entanglement_assisted_all_shared_local_route,localized_only,base_0002,1,39,16410.0,module_1
entanglement_assisted_all_shared_local_route,localized_only,base_0002,1,40,16830.0,module_4
entanglement_assisted_all_shared_local_route,localized_only,base_0002,1,41,17250.0,module_1
entanglement_assisted_all_shared_local_route,localized_only,base_0002,1,42,17670.0,module_2
entanglement_assisted_all_shared_local_route,localized_only,base_0002,1,43,18090.0,module_3
entanglement_assisted_all_shared_local_route,localized_only,base_0002,1,44,18510.0,module_3
entanglement_assisted_all_shared_local_route,localized_only,base_0002,1,45,18930.0,module_1
entanglement_assisted_all_shared_local_route,localized_only,base_0002,1,46,19350.0,module_2
entanglement_assisted_all_shared_local_route,localized_only,base_0002,1,47,19770.0,module_4
entanglement_assisted_all_shared_local_route,localized_only,base_0003,0,0,30.0,module_3
entanglement_assisted_all_shared_local_route,localized_only,base_0003,0,1,450.0,module_2
entanglement_assisted_all_shared_local_route,localized_only,base_0003,0,2,870.0,module_4
entanglement_assisted_all_shared_local_route,localized_only,base_0003,0,3,1290.0,module_1
entanglement_assisted_all_shared_local_route,localized_only,base_0003,0,4,1710.0,module_4
entanglement_assisted_all_shared_local_route,localized_only,base_0003,0,5,2130.0,module_3
entanglement_assisted_all_shared_local_route,localized_only,base_0003,0,6,2550.0,module_2
entanglement_assisted_all_shared_local_route,localized_only,base_0003,0,7,2970.0,module_1
entanglement_assisted_all_shared_local_route,localized_only,base_0003,0,8,3390.0,module_1
entanglement_assisted_all_shared_local_route,localized_only,base_0003,0,9,3810.0,module_4
entanglement_assisted_all_shared_local_route,localized_only,base_0003,0,10,4230.0,module_3
entanglement_assisted_all_shared_local_route,localized_only,base_0003,0,11,4650.0,module_2
entanglement_assisted_all_shared_local_route,localized_only,base_0003,0,12,5070.0,module_2
entanglement_assisted_all_shared_local_route,localized_only,base_0003,0,13,5490.0,module_4
entanglement_assisted_all_shared_local_route,localized_only,base_0003,0,14,5910.0,module_1
entanglement_assisted_all_shared_local_route,localized_only,base_0003,0,15,6330.0,module_3
entanglement_assisted_all_shared_local_route,localized_only,base_0003,0,16,6750.0,module_2
entanglement_assisted_all_shared_local_route,localized_only,base_0003,0,17,7170.0,module_4
entanglement_assisted_all_shared_local_route,localized_only,base_0003,0,18,7590.0,module_3
entanglement_assisted_all_shared_local_route,localized_only,base_0003,0,19,8010.0,module_1
entanglement_assisted_all_shared_local_route,localized_only,base_0003,0,20,8430.0,module_4
entanglement_assisted_all_shared_local_route,localized_only,base_0003,0,21,8850.0,module_2
entanglement_assisted_all_shared_local_route,localized_only,base_0003,0,22,9270.0,module_3
entanglement_assisted_all_shared_local_route,localized_only,base_0003,0,23,9690.0,module_1
entanglement_assisted_all_shared_local_route,localized_only,base_0003,0,24,10110.0,module_4
entanglement_assisted_all_shared_local_route,localized_only,base_0003,0,25,10530.0,module_1
entanglement_assisted_all_shared_local_route,localized_only,base_0003,0,26,10950.0,module_2
entanglement_assisted_all_shared_local_route,localized_only,base_0003,0,27,11370.0,module_3
entanglement_assisted_all_shared_local_route,localized_only,base_0003,0,28,11790.0,module_1
entanglement_assisted_all_shared_local_route,localized_only,base_0003,0,29,12210.0,module_4
entanglement_assisted_all_shared_local_route,localized_only,base_0003,0,30,12630.0,module_3
entanglement_assisted_all_shared_local_route,localized_only,base_0003,0,31,13050.0,module_2
entanglement_assisted_all_shared_local_route,localized_only,base_0003,0,32,13470.0,module_4
entanglement_assisted_all_shared_local_route,localized_only,base_0003,0,33,13890.0,module_1
entanglement_assisted_all_shared_local_route,localized_only,base_0003,0,34,14310.0,module_3
entanglement_assisted_all_shared_local_route,localized_only,base_0003,0,35,14730.0,module_2
entanglement_assisted_all_shared_local_route,localized_only,base_0003,0,36,15150.0,module_1
entanglement_assisted_all_shared_local_route,localized_only,base_0003,0,37,15570.0,module_4
entanglement_assisted_all_shared_local_route,localized_only,base_0003,0,38,15990.0,module_2
entanglement_assisted_all_shared_local_route,localized_only,base_0003,0,39,16410.0,module_3
entanglement_assisted_all_shared_local_route,localized_only,base_0003,0,40,16830.0,module_3
entanglement_assisted_all_shared_local_route,localized_only,base_0003,0,41,17250.0,module_2
entanglement_assisted_all_shared_local_route,localized_only,base_0003,0,42,17670.0,module_4
entanglement_assisted_all_shared_local_route,localized_only,base_0003,0,43,18090.0,module_1
entanglement_assisted_all_shared_local_route,localized_only,base_0003,0,44,18510.0,module_1
entanglement_assisted_all_shared_local_route,localized_only,base_0003,0,45,18930.0,module_4
entanglement_assisted_all_shared_local_route,localized_only,base_0003,0,46,19350.0,module_3
entanglement_assisted_all_shared_local_route,localized_only,base_0003,0,47,19770.0,module_2
entanglement_assisted_all_shared_local_route,localized_only,base_0003,1,0,30.0,module_2
entanglement_assisted_all_shared_local_route,localized_only,base_0003,1,1,450.0,module_4
entanglement_assisted_all_shared_local_route,localized_only,base_0003,1,2,870.0,module_3
entanglement_assisted_all_shared_local_route,localized_only,base_0003,1,3,1290.0,module_1
entanglement_assisted_all_shared_local_route,localized_only,base_0003,1,4,1710.0,module_4
entanglement_assisted_all_shared_local_route,localized_only,base_0003,1,5,2130.0,module_3
entanglement_assisted_all_shared_local_route,localized_only,base_0003,1,6,2550.0,module_1
entanglement_assisted_all_shared_local_route,localized_only,base_0003,1,7,2970.0,module_2
entanglement_assisted_all_shared_local_route,localized_only,base_0003,1,8,3390.0,module_4
entanglement_assisted_all_shared_local_route,localized_only,base_0003,1,9,3810.0,module_2
entanglement_assisted_all_shared_local_route,localized_only,base_0003,1,10,4230.0,module_1
entanglement_assisted_all_shared_local_route,localized_only,base_0003,1,11,4650.0,module_3
entanglement_assisted_all_shared_local_route,localized_only,base_0003,1,12,5070.0,module_4
entanglement_assisted_all_shared_local_route,localized_only,base_0003,1,13,5490.0,module_2
entanglement_assisted_all_shared_local_route,localized_only,base_0003,1,14,5910.0,module_3
entanglement_assisted_all_shared_local_route,localized_only,base_0003,1,15,6330.0,module_1
entanglement_assisted_all_shared_local_route,localized_only,base_0003,1,16,6750.0,module_3
entanglement_assisted_all_shared_local_route,localized_only,base_0003,1,17,7170.0,module_2
entanglement_assisted_all_shared_local_route,localized_only,base_0003,1,18,7590.0,module_1
entanglement_assisted_all_shared_local_route,localized_only,base_0003,1,19,8010.0,module_4
entanglement_assisted_all_shared_local_route,localized_only,base_0003,1,20,8430.0,module_2
entanglement_assisted_all_shared_local_route,localized_only,base_0003,1,21,8850.0,module_3
entanglement_assisted_all_shared_local_route,localized_only,base_0003,1,22,9270.0,module_4
entanglement_assisted_all_shared_local_route,localized_only,base_0003,1,23,9690.0,module_1
entanglement_assisted_all_shared_local_route,localized_only,base_0003,1,24,10110.0,module_3
entanglement_assisted_all_shared_local_route,localized_only,base_0003,1,25,10530.0,module_4
entanglement_assisted_all_shared_local_route,localized_only,base_0003,1,26,10950.0,module_1
entanglement_assisted_all_shared_local_route,localized_only,base_0003,1,27,11370.0,module_2
entanglement_assisted_all_shared_local_route,localized_only,base_0003,1,28,11790.0,module_1
entanglement_assisted_all_shared_local_route,localized_only,base_0003,1,29,12210.0,module_4
entanglement_assisted_all_shared_local_route,localized_only,base_0003,1,30,12630.0,module_2
entanglement_assisted_all_shared_local_route,localized_only,base_0003,1,31,13050.0,module_3
entanglement_assisted_all_shared_local_route,localized_only,base_0003,1,32,13470.0,module_2
entanglement_assisted_all_shared_local_route,localized_only,base_0003,1,33,13890.0,module_3
entanglement_assisted_all_shared_local_route,localized_only,base_0003,1,34,14310.0,module_1
entanglement_assisted_all_shared_local_route,localized_only,base_0003,1,35,14730.0,module_4
entanglement_assisted_all_shared_local_route,localized_only,base_0003,1,36,15150.0,module_2
entanglement_assisted_all_shared_local_route,localized_only,base_0003,1,37,15570.0,module_1
entanglement_assisted_all_shared_local_route,localized_only,base_0003,1,38,15990.0,module_3
entanglement_assisted_all_shared_local_route,localized_only,base_0003,1,39,16410.0,module_4
entanglement_assisted_all_shared_local_route,localized_only,base_0003,1,40,16830.0,module_1
entanglement_assisted_all_shared_local_route,localized_only,base_0003,1,41,17250.0,module_3
entanglement_assisted_all_shared_local_route,localized_only,base_0003,1,42,17670.0,module_4
entanglement_assisted_all_shared_local_route,localized_only,base_0003,1,43,18090.0,module_2
entanglement_assisted_all_shared_local_route,localized_only,base_0003,1,44,18510.0,module_2
entanglement_assisted_all_shared_local_route,localized_only,base_0003,1,45,18930.0,module_4
entanglement_assisted_all_shared_local_route,localized_only,base_0003,1,46,19350.0,module_3
entanglement_assisted_all_shared_local_route,localized_only,base_0003,1,47,19770.0,module_1
entanglement_assisted_all_shared_local_route,localized_only,base_0004,0,0,30.0,module_2
entanglement_assisted_all_shared_local_route,localized_only,base_0004,0,1,450.0,module_4
entanglement_assisted_all_shared_local_route,localized_only,base_0004,0,2,870.0,module_3
entanglement_assisted_all_shared_local_route,localized_only,base_0004,0,3,1290.0,module_1
entanglement_assisted_all_shared_local_route,localized_only,base_0004,0,4,1710.0,module_3
entanglement_assisted_all_shared_local_route,localized_only,base_0004,0,5,2130.0,module_2
entanglement_assisted_all_shared_local_route,localized_only,base_0004,0,6,2550.0,module_1
entanglement_assisted_all_shared_local_route,localized_only,base_0004,0,7,2970.0,module_4
entanglement_assisted_all_shared_local_route,localized_only,base_0004,0,8,3390.0,module_3
entanglement_assisted_all_shared_local_route,localized_only,base_0004,0,9,3810.0,module_2
entanglement_assisted_all_shared_local_route,localized_only,base_0004,0,10,4230.0,module_1
entanglement_assisted_all_shared_local_route,localized_only,base_0004,0,11,4650.0,module_4
entanglement_assisted_all_shared_local_route,localized_only,base_0004,0,12,5070.0,module_4
entanglement_assisted_all_shared_local_route,localized_only,base_0004,0,13,5490.0,module_3
entanglement_assisted_all_shared_local_route,localized_only,base_0004,0,14,5910.0,module_2
entanglement_assisted_all_shared_local_route,localized_only,base_0004,0,15,6330.0,module_1
entanglement_assisted_all_shared_local_route,localized_only,base_0004,0,16,6750.0,module_1
entanglement_assisted_all_shared_local_route,localized_only,base_0004,0,17,7170.0,module_3
entanglement_assisted_all_shared_local_route,localized_only,base_0004,0,18,7590.0,module_4
entanglement_assisted_all_shared_local_route,localized_only,base_0004,0,19,8010.0,module_2
entanglement_assisted_all_shared_local_route,localized_only,base_0004,0,20,8430.0,module_1
entanglement_assisted_all_shared_local_route,localized_only,base_0004,0,21,8850.0,module_4
entanglement_assisted_all_shared_local_route,localized_only,base_0004,0,22,9270.0,module_2
entanglement_assisted_all_shared_local_route,localized_only,base_0004,0,23,9690.0,module_3
entanglement_assisted_all_shared_local_route,localized_only,base_0004,0,24,10110.0,module_2
entanglement_assisted_all_shared_local_route,localized_only,base_0004,0,25,10530.0,module_1
entanglement_assisted_all_shared_local_route,localized_only,base_0004,0,26,10950.0,module_4
entanglement_assisted_all_shared_local_route,localized_only,base_0004,0,27,11370.0,module_3
entanglement_assisted_all_shared_local_route,localized_only,base_0004,0,28,11790.0,module_4
entanglement_assisted_all_shared_local_route,localized_only,base_0004,0,29,12210.0,module_1
entanglement_assisted_all_shared_local_route,localized_only,base_0004,0,30,12630.0,module_3
entanglement_assisted_all_shared_local_route,localized_only,base_0004,0,31,13050.0,module_2
entanglement_assisted_all_shared_local_route,localized_only,base_0004,0,32,13470.0,module_2
entanglement_assisted_all_shared_local_route,localized_only,base_0004,0,33,13890.0,module_3
entanglement_assisted_all_shared_local_route,localized_only,base_0004,0,34,14310.0,module_4
entanglement_assisted_all_shared_local_route,localized_only,base_0004,0,35,14730.0,module_1
entanglement_assisted_all_shared_local_route,localized_only,base_0004,0,36,15150.0,module_3
entanglement_assisted_all_shared_local_route,localized_only,base_0004,0,37,15570.0,module_4
entanglement_assisted_all_shared_local_route,localized_only,base_0004,0,38,15990.0,module_2
entanglement_assisted_all_shared_local_route,localized_only,base_0004,0,39,16410.0,module_1
entanglement_assisted_all_shared_local_route,localized_only,base_0004,0,40,16830.0,module_4
entanglement_assisted_all_shared_local_route,localized_only,base_0004,0,41,17250.0,module_2
entanglement_assisted_all_shared_local_route,localized_only,base_0004,0,42,17670.0,module_3
entanglement_assisted_all_shared_local_route,localized_only,base_0004,0,43,18090.0,module_1
entanglement_assisted_all_shared_local_route,localized_only,base_0004,0,44,18510.0,module_1
entanglement_assisted_all_shared_local_route,localized_only,base_0004,0,45,18930.0,module_2
entanglement_assisted_all_shared_local_route,localized_only,base_0004,0,46,19350.0,module_4
entanglement_assisted_all_shared_local_route,localized_only,base_0004,0,47,19770.0,module_3
entanglement_assisted_all_shared_local_route,localized_only,base_0004,1,0,30.0,module_4
entanglement_assisted_all_shared_local_route,localized_only,base_0004,1,1,450.0,module_1
entanglement_assisted_all_shared_local_route,localized_only,base_0004,1,2,870.0,module_2
entanglement_assisted_all_shared_local_route,localized_only,base_0004,1,3,1290.0,module_3
entanglement_assisted_all_shared_local_route,localized_only,base_0004,1,4,1710.0,module_1
entanglement_assisted_all_shared_local_route,localized_only,base_0004,1,5,2130.0,module_2
entanglement_assisted_all_shared_local_route,localized_only,base_0004,1,6,2550.0,module_3
entanglement_assisted_all_shared_local_route,localized_only,base_0004,1,7,2970.0,module_4
entanglement_assisted_all_shared_local_route,localized_only,base_0004,1,8,3390.0,module_3
entanglement_assisted_all_shared_local_route,localized_only,base_0004,1,9,3810.0,module_1
entanglement_assisted_all_shared_local_route,localized_only,base_0004,1,10,4230.0,module_2
entanglement_assisted_all_shared_local_route,localized_only,base_0004,1,11,4650.0,module_4
entanglement_assisted_all_shared_local_route,localized_only,base_0004,1,12,5070.0,module_4
entanglement_assisted_all_shared_local_route,localized_only,base_0004,1,13,5490.0,module_1
entanglement_assisted_all_shared_local_route,localized_only,base_0004,1,14,5910.0,module_2
entanglement_assisted_all_shared_local_route,localized_only,base_0004,1,15,6330.0,module_3
entanglement_assisted_all_shared_local_route,localized_only,base_0004,1,16,6750.0,module_1
entanglement_assisted_all_shared_local_route,localized_only,base_0004,1,17,7170.0,module_2
entanglement_assisted_all_shared_local_route,localized_only,base_0004,1,18,7590.0,module_3
entanglement_assisted_all_shared_local_route,localized_only,base_0004,1,19,8010.0,module_4
entanglement_assisted_all_shared_local_route,localized_only,base_0004,1,20,8430.0,module_2
entanglement_assisted_all_shared_local_route,localized_only,base_0004,1,21,8850.0,module_4
entanglement_assisted_all_shared_local_route,localized_only,base_0004,1,22,9270.0,module_1
entanglement_assisted_all_shared_local_route,localized_only,base_0004,1,23,9690.0,module_3
entanglement_assisted_all_shared_local_route,localized_only,base_0004,1,24,10110.0,module_4
entanglement_assisted_all_shared_local_route,localized_only,base_0004,1,25,10530.0,module_1
entanglement_assisted_all_shared_local_route,localized_only,base_0004,1,26,10950.0,module_2
entanglement_assisted_all_shared_local_route,localized_only,base_0004,1,27,11370.0,module_3
entanglement_assisted_all_shared_local_route,localized_only,base_0004,1,28,11790.0,module_4
entanglement_assisted_all_shared_local_route,localized_only,base_0004,1,29,12210.0,module_2
entanglement_assisted_all_shared_local_route,localized_only,base_0004,1,30,12630.0,module_1
entanglement_assisted_all_shared_local_route,localized_only,base_0004,1,31,13050.0,module_3
entanglement_assisted_all_shared_local_route,localized_only,base_0004,1,32,13470.0,module_4
entanglement_assisted_all_shared_local_route,localized_only,base_0004,1,33,13890.0,module_2
entanglement_assisted_all_shared_local_route,localized_only,base_0004,1,34,14310.0,module_1
entanglement_assisted_all_shared_local_route,localized_only,base_0004,1,35,14730.0,module_3
entanglement_assisted_all_shared_local_route,localized_only,base_0004,1,36,15150.0,module_2
entanglement_assisted_all_shared_local_route,localized_only,base_0004,1,37,15570.0,module_3
entanglement_assisted_all_shared_local_route,localized_only,base_0004,1,38,15990.0,module_4
entanglement_assisted_all_shared_local_route,localized_only,base_0004,1,39,16410.0,module_1
entanglement_assisted_all_shared_local_route,localized_only,base_0004,1,40,16830.0,module_1
entanglement_assisted_all_shared_local_route,localized_only,base_0004,1,41,17250.0,module_4
entanglement_assisted_all_shared_local_route,localized_only,base_0004,1,42,17670.0,module_2
entanglement_assisted_all_shared_local_route,localized_only,base_0004,1,43,18090.0,module_3
entanglement_assisted_all_shared_local_route,localized_only,base_0004,1,44,18510.0,module_4
entanglement_assisted_all_shared_local_route,localized_only,base_0004,1,45,18930.0,module_3
entanglement_assisted_all_shared_local_route,localized_only,base_0004,1,46,19350.0,module_1
entanglement_assisted_all_shared_local_route,localized_only,base_0004,1,47,19770.0,module_2
entanglement_assisted_all_shared_local_route,localized_only,base_0005,0,0,30.0,module_1
entanglement_assisted_all_shared_local_route,localized_only,base_0005,0,1,450.0,module_3
entanglement_assisted_all_shared_local_route,localized_only,base_0005,0,2,870.0,module_4
entanglement_assisted_all_shared_local_route,localized_only,base_0005,0,3,1290.0,module_2
entanglement_assisted_all_shared_local_route,localized_only,base_0005,0,4,1710.0,module_1
entanglement_assisted_all_shared_local_route,localized_only,base_0005,0,5,2130.0,module_4
entanglement_assisted_all_shared_local_route,localized_only,base_0005,0,6,2550.0,module_3
entanglement_assisted_all_shared_local_route,localized_only,base_0005,0,7,2970.0,module_2
entanglement_assisted_all_shared_local_route,localized_only,base_0005,0,8,3390.0,module_4
entanglement_assisted_all_shared_local_route,localized_only,base_0005,0,9,3810.0,module_3
entanglement_assisted_all_shared_local_route,localized_only,base_0005,0,10,4230.0,module_2
entanglement_assisted_all_shared_local_route,localized_only,base_0005,0,11,4650.0,module_1
entanglement_assisted_all_shared_local_route,localized_only,base_0005,0,12,5070.0,module_4
entanglement_assisted_all_shared_local_route,localized_only,base_0005,0,13,5490.0,module_3
entanglement_assisted_all_shared_local_route,localized_only,base_0005,0,14,5910.0,module_1
entanglement_assisted_all_shared_local_route,localized_only,base_0005,0,15,6330.0,module_2
entanglement_assisted_all_shared_local_route,localized_only,base_0005,0,16,6750.0,module_1
entanglement_assisted_all_shared_local_route,localized_only,base_0005,0,17,7170.0,module_4
entanglement_assisted_all_shared_local_route,localized_only,base_0005,0,18,7590.0,module_3
entanglement_assisted_all_shared_local_route,localized_only,base_0005,0,19,8010.0,module_2
entanglement_assisted_all_shared_local_route,localized_only,base_0005,0,20,8430.0,module_2
entanglement_assisted_all_shared_local_route,localized_only,base_0005,0,21,8850.0,module_1
entanglement_assisted_all_shared_local_route,localized_only,base_0005,0,22,9270.0,module_4
entanglement_assisted_all_shared_local_route,localized_only,base_0005,0,23,9690.0,module_3
entanglement_assisted_all_shared_local_route,localized_only,base_0005,0,24,10110.0,module_3
entanglement_assisted_all_shared_local_route,localized_only,base_0005,0,25,10530.0,module_2
entanglement_assisted_all_shared_local_route,localized_only,base_0005,0,26,10950.0,module_4
entanglement_assisted_all_shared_local_route,localized_only,base_0005,0,27,11370.0,module_1
entanglement_assisted_all_shared_local_route,localized_only,base_0005,0,28,11790.0,module_3
entanglement_assisted_all_shared_local_route,localized_only,base_0005,0,29,12210.0,module_4
entanglement_assisted_all_shared_local_route,localized_only,base_0005,0,30,12630.0,module_1
entanglement_assisted_all_shared_local_route,localized_only,base_0005,0,31,13050.0,module_2
entanglement_assisted_all_shared_local_route,localized_only,base_0005,0,32,13470.0,module_1
entanglement_assisted_all_shared_local_route,localized_only,base_0005,0,33,13890.0,module_4
entanglement_assisted_all_shared_local_route,localized_only,base_0005,0,34,14310.0,module_3
entanglement_assisted_all_shared_local_route,localized_only,base_0005,0,35,14730.0,module_2
entanglement_assisted_all_shared_local_route,localized_only,base_0005,0,36,15150.0,module_1
entanglement_assisted_all_shared_local_route,localized_only,base_0005,0,37,15570.0,module_2
entanglement_assisted_all_shared_local_route,localized_only,base_0005,0,38,15990.0,module_3
entanglement_assisted_all_shared_local_route,localized_only,base_0005,0,39,16410.0,module_4
entanglement_assisted_all_shared_local_route,localized_only,base_0005,0,40,16830.0,module_3
entanglement_assisted_all_shared_local_route,localized_only,base_0005,0,41,17250.0,module_4
entanglement_assisted_all_shared_local_route,localized_only,base_0005,0,42,17670.0,module_2
entanglement_assisted_all_shared_local_route,localized_only,base_0005,0,43,18090.0,module_1
entanglement_assisted_all_shared_local_route,localized_only,base_0005,0,44,18510.0,module_1
entanglement_assisted_all_shared_local_route,localized_only,base_0005,0,45,18930.0,module_2
entanglement_assisted_all_shared_local_route,localized_only,base_0005,0,46,19350.0,module_4
entanglement_assisted_all_shared_local_route,localized_only,base_0005,0,47,19770.0,module_3
entanglement_assisted_all_shared_local_route,localized_only,base_0005,1,0,30.0,module_2
entanglement_assisted_all_shared_local_route,localized_only,base_0005,1,1,450.0,module_4
entanglement_assisted_all_shared_local_route,localized_only,base_0005,1,2,870.0,module_3
entanglement_assisted_all_shared_local_route,localized_only,base_0005,1,3,1290.0,module_1
entanglement_assisted_all_shared_local_route,localized_only,base_0005,1,4,1710.0,module_3
entanglement_assisted_all_shared_local_route,localized_only,base_0005,1,5,2130.0,module_4
entanglement_assisted_all_shared_local_route,localized_only,base_0005,1,6,2550.0,module_1
entanglement_assisted_all_shared_local_route,localized_only,base_0005,1,7,2970.0,module_2
entanglement_assisted_all_shared_local_route,localized_only,base_0005,1,8,3390.0,module_4
entanglement_assisted_all_shared_local_route,localized_only,base_0005,1,9,3810.0,module_3
entanglement_assisted_all_shared_local_route,localized_only,base_0005,1,10,4230.0,module_2
entanglement_assisted_all_shared_local_route,localized_only,base_0005,1,11,4650.0,module_1
entanglement_assisted_all_shared_local_route,localized_only,base_0005,1,12,5070.0,module_3
entanglement_assisted_all_shared_local_route,localized_only,base_0005,1,13,5490.0,module_4
entanglement_assisted_all_shared_local_route,localized_only,base_0005,1,14,5910.0,module_2
entanglement_assisted_all_shared_local_route,localized_only,base_0005,1,15,6330.0,module_1
entanglement_assisted_all_shared_local_route,localized_only,base_0005,1,16,6750.0,module_4
entanglement_assisted_all_shared_local_route,localized_only,base_0005,1,17,7170.0,module_1
entanglement_assisted_all_shared_local_route,localized_only,base_0005,1,18,7590.0,module_2
entanglement_assisted_all_shared_local_route,localized_only,base_0005,1,19,8010.0,module_3
entanglement_assisted_all_shared_local_route,localized_only,base_0005,1,20,8430.0,module_2
entanglement_assisted_all_shared_local_route,localized_only,base_0005,1,21,8850.0,module_3
entanglement_assisted_all_shared_local_route,localized_only,base_0005,1,22,9270.0,module_1
entanglement_assisted_all_shared_local_route,localized_only,base_0005,1,23,9690.0,module_4
entanglement_assisted_all_shared_local_route,localized_only,base_0005,1,24,10110.0,module_1
entanglement_assisted_all_shared_local_route,localized_only,base_0005,1,25,10530.0,module_2
entanglement_assisted_all_shared_local_route,localized_only,base_0005,1,26,10950.0,module_3
entanglement_assisted_all_shared_local_route,localized_only,base_0005,1,27,11370.0,module_4
entanglement_assisted_all_shared_local_route,localized_only,base_0005,1,28,11790.0,module_2
entanglement_assisted_all_shared_local_route,localized_only,base_0005,1,29,12210.0,module_4
entanglement_assisted_all_shared_local_route,localized_only,base_0005,1,30,12630.0,module_1
entanglement_assisted_all_shared_local_route,localized_only,base_0005,1,31,13050.0,module_3
entanglement_assisted_all_shared_local_route,localized_only,base_0005,1,32,13470.0,module_2
entanglement_assisted_all_shared_local_route,localized_only,base_0005,1,33,13890.0,module_3
entanglement_assisted_all_shared_local_route,localized_only,base_0005,1,34,14310.0,module_1
entanglement_assisted_all_shared_local_route,localized_only,base_0005,1,35,14730.0,module_4
entanglement_assisted_all_shared_local_route,localized_only,base_0005,1,36,15150.0,module_4
entanglement_assisted_all_shared_local_route,localized_only,base_0005,1,37,15570.0,module_2
entanglement_assisted_all_shared_local_route,localized_only,base_0005,1,38,15990.0,module_1
entanglement_assisted_all_shared_local_route,localized_only,base_0005,1,39,16410.0,module_3
entanglement_assisted_all_shared_local_route,localized_only,base_0005,1,40,16830.0,module_4
entanglement_assisted_all_shared_local_route,localized_only,base_0005,1,41,17250.0,module_3
entanglement_assisted_all_shared_local_route,localized_only,base_0005,1,42,17670.0,module_1
entanglement_assisted_all_shared_local_route,localized_only,base_0005,1,43,18090.0,module_2
entanglement_assisted_all_shared_local_route,localized_only,base_0005,1,44,18510.0,module_3
entanglement_assisted_all_shared_local_route,localized_only,base_0005,1,45,18930.0,module_4
entanglement_assisted_all_shared_local_route,localized_only,base_0005,1,46,19350.0,module_1
entanglement_assisted_all_shared_local_route,localized_only,base_0005,1,47,19770.0,module_2
entanglement_assisted_all_shared_local_route,localized_only,base_0006,0,0,30.0,module_4
entanglement_assisted_all_shared_local_route,localized_only,base_0006,0,1,450.0,module_3
entanglement_assisted_all_shared_local_route,localized_only,base_0006,0,2,870.0,module_2
entanglement_assisted_all_shared_local_route,localized_only,base_0006,0,3,1290.0,module_1
entanglement_assisted_all_shared_local_route,localized_only,base_0006,0,4,1710.0,module_1
entanglement_assisted_all_shared_local_route,localized_only,base_0006,0,5,2130.0,module_4
entanglement_assisted_all_shared_local_route,localized_only,base_0006,0,6,2550.0,module_2
entanglement_assisted_all_shared_local_route,localized_only,base_0006,0,7,2970.0,module_3
entanglement_assisted_all_shared_local_route,localized_only,base_0006,0,8,3390.0,module_4
entanglement_assisted_all_shared_local_route,localized_only,base_0006,0,9,3810.0,module_2
entanglement_assisted_all_shared_local_route,localized_only,base_0006,0,10,4230.0,module_3
entanglement_assisted_all_shared_local_route,localized_only,base_0006,0,11,4650.0,module_1
entanglement_assisted_all_shared_local_route,localized_only,base_0006,0,12,5070.0,module_3
entanglement_assisted_all_shared_local_route,localized_only,base_0006,0,13,5490.0,module_4
entanglement_assisted_all_shared_local_route,localized_only,base_0006,0,14,5910.0,module_1
entanglement_assisted_all_shared_local_route,localized_only,base_0006,0,15,6330.0,module_2
entanglement_assisted_all_shared_local_route,localized_only,base_0006,0,16,6750.0,module_2
entanglement_assisted_all_shared_local_route,localized_only,base_0006,0,17,7170.0,module_3
entanglement_assisted_all_shared_local_route,localized_only,base_0006,0,18,7590.0,module_4
entanglement_assisted_all_shared_local_route,localized_only,base_0006,0,19,8010.0,module_1
entanglement_assisted_all_shared_local_route,localized_only,base_0006,0,20,8430.0,module_2
entanglement_assisted_all_shared_local_route,localized_only,base_0006,0,21,8850.0,module_1
entanglement_assisted_all_shared_local_route,localized_only,base_0006,0,22,9270.0,module_4
entanglement_assisted_all_shared_local_route,localized_only,base_0006,0,23,9690.0,module_3
entanglement_assisted_all_shared_local_route,localized_only,base_0006,0,24,10110.0,module_1
entanglement_assisted_all_shared_local_route,localized_only,base_0006,0,25,10530.0,module_4
entanglement_assisted_all_shared_local_route,localized_only,base_0006,0,26,10950.0,module_2
entanglement_assisted_all_shared_local_route,localized_only,base_0006,0,27,11370.0,module_3
entanglement_assisted_all_shared_local_route,localized_only,base_0006,0,28,11790.0,module_3
entanglement_assisted_all_shared_local_route,localized_only,base_0006,0,29,12210.0,module_4
entanglement_assisted_all_shared_local_route,localized_only,base_0006,0,30,12630.0,module_2
entanglement_assisted_all_shared_local_route,localized_only,base_0006,0,31,13050.0,module_1
entanglement_assisted_all_shared_local_route,localized_only,base_0006,0,32,13470.0,module_2
entanglement_assisted_all_shared_local_route,localized_only,base_0006,0,33,13890.0,module_4
entanglement_assisted_all_shared_local_route,localized_only,base_0006,0,34,14310.0,module_1
entanglement_assisted_all_shared_local_route,localized_only,base_0006,0,35,14730.0,module_3
entanglement_assisted_all_shared_local_route,localized_only,base_0006,0,36,15150.0,module_3
entanglement_assisted_all_shared_local_route,localized_only,base_0006,0,37,15570.0,module_2
entanglement_assisted_all_shared_local_route,localized_only,base_0006,0,38,15990.0,module_4
entanglement_assisted_all_shared_local_route,localized_only,base_0006,0,39,16410.0,module_1
entanglement_assisted_all_shared_local_route,localized_only,base_0006,0,40,16830.0,module_3
entanglement_assisted_all_shared_local_route,localized_only,base_0006,0,41,17250.0,module_1
entanglement_assisted_all_shared_local_route,localized_only,base_0006,0,42,17670.0,module_2
entanglement_assisted_all_shared_local_route,localized_only,base_0006,0,43,18090.0,module_4
entanglement_assisted_all_shared_local_route,localized_only,base_0006,0,44,18510.0,module_3
entanglement_assisted_all_shared_local_route,localized_only,base_0006,0,45,18930.0,module_1
entanglement_assisted_all_shared_local_route,localized_only,base_0006,0,46,19350.0,module_2
entanglement_assisted_all_shared_local_route,localized_only,base_0006,0,47,19770.0,module_4
entanglement_assisted_all_shared_local_route,localized_only,base_0006,1,0,30.0,module_1
entanglement_assisted_all_shared_local_route,localized_only,base_0006,1,1,450.0,module_3
entanglement_assisted_all_shared_local_route,localized_only,base_0006,1,2,870.0,module_4
entanglement_assisted_all_shared_local_route,localized_only,base_0006,1,3,1290.0,module_2
entanglement_assisted_all_shared_local_route,localized_only,base_0006,1,4,1710.0,module_4
entanglement_assisted_all_shared_local_route,localized_only,base_0006,1,5,2130.0,module_1
entanglement_assisted_all_shared_local_route,localized_only,base_0006,1,6,2550.0,module_3
entanglement_assisted_all_shared_local_route,localized_only,base_0006,1,7,2970.0,module_2
entanglement_assisted_all_shared_local_route,localized_only,base_0006,1,8,3390.0,module_1
entanglement_assisted_all_shared_local_route,localized_only,base_0006,1,9,3810.0,module_2
entanglement_assisted_all_shared_local_route,localized_only,base_0006,1,10,4230.0,module_3
entanglement_assisted_all_shared_local_route,localized_only,base_0006,1,11,4650.0,module_4
entanglement_assisted_all_shared_local_route,localized_only,base_0006,1,12,5070.0,module_3
entanglement_assisted_all_shared_local_route,localized_only,base_0006,1,13,5490.0,module_2
entanglement_assisted_all_shared_local_route,localized_only,base_0006,1,14,5910.0,module_1
entanglement_assisted_all_shared_local_route,localized_only,base_0006,1,15,6330.0,module_4
entanglement_assisted_all_shared_local_route,localized_only,base_0006,1,16,6750.0,module_1
entanglement_assisted_all_shared_local_route,localized_only,base_0006,1,17,7170.0,module_4
entanglement_assisted_all_shared_local_route,localized_only,base_0006,1,18,7590.0,module_2
entanglement_assisted_all_shared_local_route,localized_only,base_0006,1,19,8010.0,module_3
entanglement_assisted_all_shared_local_route,localized_only,base_0006,1,20,8430.0,module_3
entanglement_assisted_all_shared_local_route,localized_only,base_0006,1,21,8850.0,module_2
entanglement_assisted_all_shared_local_route,localized_only,base_0006,1,22,9270.0,module_1
entanglement_assisted_all_shared_local_route,localized_only,base_0006,1,23,9690.0,module_4
entanglement_assisted_all_shared_local_route,localized_only,base_0006,1,24,10110.0,module_4
entanglement_assisted_all_shared_local_route,localized_only,base_0006,1,25,10530.0,module_3
entanglement_assisted_all_shared_local_route,localized_only,base_0006,1,26,10950.0,module_2
entanglement_assisted_all_shared_local_route,localized_only,base_0006,1,27,11370.0,module_1
entanglement_assisted_all_shared_local_route,localized_only,base_0006,1,28,11790.0,module_1
entanglement_assisted_all_shared_local_route,localized_only,base_0006,1,29,12210.0,module_4
entanglement_assisted_all_shared_local_route,localized_only,base_0006,1,30,12630.0,module_3
entanglement_assisted_all_shared_local_route,localized_only,base_0006,1,31,13050.0,module_2
entanglement_assisted_all_shared_local_route,localized_only,base_0006,1,32,13470.0,module_4
entanglement_assisted_all_shared_local_route,localized_only,base_0006,1,33,13890.0,module_1
entanglement_assisted_all_shared_local_route,localized_only,base_0006,1,34,14310.0,module_3
entanglement_assisted_all_shared_local_route,localized_only,base_0006,1,35,14730.0,module_2
entanglement_assisted_all_shared_local_route,localized_only,base_0006,1,36,15150.0,module_2
entanglement_assisted_all_shared_local_route,localized_only,base_0006,1,37,15570.0,module_3
entanglement_assisted_all_shared_local_route,localized_only,base_0006,1,38,15990.0,module_1
entanglement_assisted_all_shared_local_route,localized_only,base_0006,1,39,16410.0,module_4
entanglement_assisted_all_shared_local_route,localized_only,base_0006,1,40,16830.0,module_3
entanglement_assisted_all_shared_local_route,localized_only,base_0006,1,41,17250.0,module_4
entanglement_assisted_all_shared_local_route,localized_only,base_0006,1,42,17670.0,module_1
entanglement_assisted_all_shared_local_route,localized_only,base_0006,1,43,18090.0,module_2
entanglement_assisted_all_shared_local_route,localized_only,base_0006,1,44,18510.0,module_1
entanglement_assisted_all_shared_local_route,localized_only,base_0006,1,45,18930.0,module_4
entanglement_assisted_all_shared_local_route,localized_only,base_0006,1,46,19350.0,module_2
entanglement_assisted_all_shared_local_route,localized_only,base_0006,1,47,19770.0,module_3
entanglement_assisted_all_shared_local_route,localized_only,base_0007,0,0,30.0,module_1
entanglement_assisted_all_shared_local_route,localized_only,base_0007,0,1,450.0,module_2
entanglement_assisted_all_shared_local_route,localized_only,base_0007,0,2,870.0,module_4
entanglement_assisted_all_shared_local_route,localized_only,base_0007,0,3,1290.0,module_3
entanglement_assisted_all_shared_local_route,localized_only,base_0007,0,4,1710.0,module_1
entanglement_assisted_all_shared_local_route,localized_only,base_0007,0,5,2130.0,module_2
entanglement_assisted_all_shared_local_route,localized_only,base_0007,0,6,2550.0,module_4
entanglement_assisted_all_shared_local_route,localized_only,base_0007,0,7,2970.0,module_3
entanglement_assisted_all_shared_local_route,localized_only,base_0007,0,8,3390.0,module_4
entanglement_assisted_all_shared_local_route,localized_only,base_0007,0,9,3810.0,module_3
entanglement_assisted_all_shared_local_route,localized_only,base_0007,0,10,4230.0,module_1
entanglement_assisted_all_shared_local_route,localized_only,base_0007,0,11,4650.0,module_2
entanglement_assisted_all_shared_local_route,localized_only,base_0007,0,12,5070.0,module_1
entanglement_assisted_all_shared_local_route,localized_only,base_0007,0,13,5490.0,module_3
entanglement_assisted_all_shared_local_route,localized_only,base_0007,0,14,5910.0,module_4
entanglement_assisted_all_shared_local_route,localized_only,base_0007,0,15,6330.0,module_2
entanglement_assisted_all_shared_local_route,localized_only,base_0007,0,16,6750.0,module_2
entanglement_assisted_all_shared_local_route,localized_only,base_0007,0,17,7170.0,module_4
entanglement_assisted_all_shared_local_route,localized_only,base_0007,0,18,7590.0,module_3
entanglement_assisted_all_shared_local_route,localized_only,base_0007,0,19,8010.0,module_1
entanglement_assisted_all_shared_local_route,localized_only,base_0007,0,20,8430.0,module_1
entanglement_assisted_all_shared_local_route,localized_only,base_0007,0,21,8850.0,module_4
entanglement_assisted_all_shared_local_route,localized_only,base_0007,0,22,9270.0,module_2
entanglement_assisted_all_shared_local_route,localized_only,base_0007,0,23,9690.0,module_3
entanglement_assisted_all_shared_local_route,localized_only,base_0007,0,24,10110.0,module_4
entanglement_assisted_all_shared_local_route,localized_only,base_0007,0,25,10530.0,module_2
entanglement_assisted_all_shared_local_route,localized_only,base_0007,0,26,10950.0,module_3
entanglement_assisted_all_shared_local_route,localized_only,base_0007,0,27,11370.0,module_1
entanglement_assisted_all_shared_local_route,localized_only,base_0007,0,28,11790.0,module_2
entanglement_assisted_all_shared_local_route,localized_only,base_0007,0,29,12210.0,module_4
entanglement_assisted_all_shared_local_route,localized_only,base_0007,0,30,12630.0,module_3
entanglement_assisted_all_shared_local_route,localized_only,base_0007,0,31,13050.0,module_1
entanglement_assisted_all_shared_local_route,localized_only,base_0007,0,32,13470.0,module_3
entanglement_assisted_all_shared_local_route,localized_only,base_0007,0,33,13890.0,module_2
entanglement_assisted_all_shared_local_route,localized_only,base_0007,0,34,14310.0,module_4
entanglement_assisted_all_shared_local_route,localized_only,base_0007,0,35,14730.0,module_1
entanglement_assisted_all_shared_local_route,localized_only,base_0007,0,36,15150.0,module_2
entanglement_assisted_all_shared_local_route,localized_only,base_0007,0,37,15570.0,module_3
entanglement_assisted_all_shared_local_route,localized_only,base_0007,0,38,15990.0,module_4
entanglement_assisted_all_shared_local_route,localized_only,base_0007,0,39,16410.0,module_1
entanglement_assisted_all_shared_local_route,localized_only,base_0007,0,40,16830.0,module_4
entanglement_assisted_all_shared_local_route,localized_only,base_0007,0,41,17250.0,module_3
entanglement_assisted_all_shared_local_route,localized_only,base_0007,0,42,17670.0,module_2
entanglement_assisted_all_shared_local_route,localized_only,base_0007,0,43,18090.0,module_1
entanglement_assisted_all_shared_local_route,localized_only,base_0007,0,44,18510.0,module_4
entanglement_assisted_all_shared_local_route,localized_only,base_0007,0,45,18930.0,module_2
entanglement_assisted_all_shared_local_route,localized_only,base_0007,0,46,19350.0,module_1
entanglement_assisted_all_shared_local_route,localized_only,base_0007,0,47,19770.0,module_3
entanglement_assisted_all_shared_local_route,localized_only,base_0007,1,0,30.0,module_3
entanglement_assisted_all_shared_local_route,localized_only,base_0007,1,1,450.0,module_4
entanglement_assisted_all_shared_local_route,localized_only,base_0007,1,2,870.0,module_1
entanglement_assisted_all_shared_local_route,localized_only,base_0007,1,3,1290.0,module_2
entanglement_assisted_all_shared_local_route,localized_only,base_0007,1,4,1710.0,module_4
entanglement_assisted_all_shared_local_route,localized_only,base_0007,1,5,2130.0,module_1
entanglement_assisted_all_shared_local_route,localized_only,base_0007,1,6,2550.0,module_3
entanglement_assisted_all_shared_local_route,localized_only,base_0007,1,7,2970.0,module_2
entanglement_assisted_all_shared_local_route,localized_only,base_0007,1,8,3390.0,module_2
entanglement_assisted_all_shared_local_route,localized_only,base_0007,1,9,3810.0,module_3
entanglement_assisted_all_shared_local_route,localized_only,base_0007,1,10,4230.0,module_4
entanglement_assisted_all_shared_local_route,localized_only,base_0007,1,11,4650.0,module_1
entanglement_assisted_all_shared_local_route,localized_only,base_0007,1,12,5070.0,module_4
entanglement_assisted_all_shared_local_route,localized_only,base_0007,1,13,5490.0,module_1
entanglement_assisted_all_shared_local_route,localized_only,base_0007,1,14,5910.0,module_2
entanglement_assisted_all_shared_local_route,localized_only,base_0007,1,15,6330.0,module_3
entanglement_assisted_all_shared_local_route,localized_only,base_0007,1,16,6750.0,module_3
entanglement_assisted_all_shared_local_route,localized_only,base_0007,1,17,7170.0,module_2
entanglement_assisted_all_shared_local_route,localized_only,base_0007,1,18,7590.0,module_4
entanglement_assisted_all_shared_local_route,localized_only,base_0007,1,19,8010.0,module_1
entanglement_assisted_all_shared_local_route,localized_only,base_0007,1,20,8430.0,module_4
entanglement_assisted_all_shared_local_route,localized_only,base_0007,1,21,8850.0,module_2
entanglement_assisted_all_shared_local_route,localized_only,base_0007,1,22,9270.0,module_3
entanglement_assisted_all_shared_local_route,localized_only,base_0007,1,23,9690.0,module_1
entanglement_assisted_all_shared_local_route,localized_only,base_0007,1,24,10110.0,module_4
entanglement_assisted_all_shared_local_route,localized_only,base_0007,1,25,10530.0,module_1
entanglement_assisted_all_shared_local_route,localized_only,base_0007,1,26,10950.0,module_3
entanglement_assisted_all_shared_local_route,localized_only,base_0007,1,27,11370.0,module_2
entanglement_assisted_all_shared_local_route,localized_only,base_0007,1,28,11790.0,module_4
entanglement_assisted_all_shared_local_route,localized_only,base_0007,1,29,12210.0,module_2
entanglement_assisted_all_shared_local_route,localized_only,base_0007,1,30,12630.0,module_3
entanglement_assisted_all_shared_local_route,localized_only,base_0007,1,31,13050.0,module_1
entanglement_assisted_all_shared_local_route,localized_only,base_0007,1,32,13470.0,module_4
entanglement_assisted_all_shared_local_route,localized_only,base_0007,1,33,13890.0,module_3
entanglement_assisted_all_shared_local_route,localized_only,base_0007,1,34,14310.0,module_1
entanglement_assisted_all_shared_local_route,localized_only,base_0007,1,35,14730.0,module_2
entanglement_assisted_all_shared_local_route,localized_only,base_0007,1,36,15150.0,module_1
entanglement_assisted_all_shared_local_route,localized_only,base_0007,1,37,15570.0,module_3
entanglement_assisted_all_shared_local_route,localized_only,base_0007,1,38,15990.0,module_2
entanglement_assisted_all_shared_local_route,localized_only,base_0007,1,39,16410.0,module_4
entanglement_assisted_all_shared_local_route,localized_only,base_0007,1,40,16830.0,module_3
entanglement_assisted_all_shared_local_route,localized_only,base_0007,1,41,17250.0,module_2
entanglement_assisted_all_shared_local_route,localized_only,base_0007,1,42,17670.0,module_1
entanglement_assisted_all_shared_local_route,localized_only,base_0007,1,43,18090.0,module_4
entanglement_assisted_all_shared_local_route,localized_only,base_0007,1,44,18510.0,module_3
entanglement_assisted_all_shared_local_route,localized_only,base_0007,1,45,18930.0,module_4
entanglement_assisted_all_shared_local_route,localized_only,base_0007,1,46,19350.0,module_1
entanglement_assisted_all_shared_local_route,localized_only,base_0007,1,47,19770.0,module_2
entanglement_assisted_all_shared_local_route,localized_only,base_0008,0,0,30.0,module_4
entanglement_assisted_all_shared_local_route,localized_only,base_0008,0,1,450.0,module_3
entanglement_assisted_all_shared_local_route,localized_only,base_0008,0,2,870.0,module_2
entanglement_assisted_all_shared_local_route,localized_only,base_0008,0,3,1290.0,module_1
entanglement_assisted_all_shared_local_route,localized_only,base_0008,0,4,1710.0,module_4
entanglement_assisted_all_shared_local_route,localized_only,base_0008,0,5,2130.0,module_2
entanglement_assisted_all_shared_local_route,localized_only,base_0008,0,6,2550.0,module_3
entanglement_assisted_all_shared_local_route,localized_only,base_0008,0,7,2970.0,module_1
entanglement_assisted_all_shared_local_route,localized_only,base_0008,0,8,3390.0,module_2
entanglement_assisted_all_shared_local_route,localized_only,base_0008,0,9,3810.0,module_3
entanglement_assisted_all_shared_local_route,localized_only,base_0008,0,10,4230.0,module_4
entanglement_assisted_all_shared_local_route,localized_only,base_0008,0,11,4650.0,module_1
entanglement_assisted_all_shared_local_route,localized_only,base_0008,0,12,5070.0,module_3
entanglement_assisted_all_shared_local_route,localized_only,base_0008,0,13,5490.0,module_1
entanglement_assisted_all_shared_local_route,localized_only,base_0008,0,14,5910.0,module_4
entanglement_assisted_all_shared_local_route,localized_only,base_0008,0,15,6330.0,module_2
entanglement_assisted_all_shared_local_route,localized_only,base_0008,0,16,6750.0,module_1
entanglement_assisted_all_shared_local_route,localized_only,base_0008,0,17,7170.0,module_2
entanglement_assisted_all_shared_local_route,localized_only,base_0008,0,18,7590.0,module_4
entanglement_assisted_all_shared_local_route,localized_only,base_0008,0,19,8010.0,module_3
entanglement_assisted_all_shared_local_route,localized_only,base_0008,0,20,8430.0,module_3
entanglement_assisted_all_shared_local_route,localized_only,base_0008,0,21,8850.0,module_1
entanglement_assisted_all_shared_local_route,localized_only,base_0008,0,22,9270.0,module_4
entanglement_assisted_all_shared_local_route,localized_only,base_0008,0,23,9690.0,module_2
entanglement_assisted_all_shared_local_route,localized_only,base_0008,0,24,10110.0,module_3
entanglement_assisted_all_shared_local_route,localized_only,base_0008,0,25,10530.0,module_2
entanglement_assisted_all_shared_local_route,localized_only,base_0008,0,26,10950.0,module_1
entanglement_assisted_all_shared_local_route,localized_only,base_0008,0,27,11370.0,module_4
entanglement_assisted_all_shared_local_route,localized_only,base_0008,0,28,11790.0,module_1
entanglement_assisted_all_shared_local_route,localized_only,base_0008,0,29,12210.0,module_4
entanglement_assisted_all_shared_local_route,localized_only,base_0008,0,30,12630.0,module_2
entanglement_assisted_all_shared_local_route,localized_only,base_0008,0,31,13050.0,module_3
entanglement_assisted_all_shared_local_route,localized_only,base_0008,0,32,13470.0,module_4
entanglement_assisted_all_shared_local_route,localized_only,base_0008,0,33,13890.0,module_3
entanglement_assisted_all_shared_local_route,localized_only,base_0008,0,34,14310.0,module_1
entanglement_assisted_all_shared_local_route,localized_only,base_0008,0,35,14730.0,module_2
entanglement_assisted_all_shared_local_route,localized_only,base_0008,0,36,15150.0,module_1
entanglement_assisted_all_shared_local_route,localized_only,base_0008,0,37,15570.0,module_3
entanglement_assisted_all_shared_local_route,localized_only,base_0008,0,38,15990.0,module_4
entanglement_assisted_all_shared_local_route,localized_only,base_0008,0,39,16410.0,module_2
entanglement_assisted_all_shared_local_route,localized_only,base_0008,0,40,16830.0,module_3
entanglement_assisted_all_shared_local_route,localized_only,base_0008,0,41,17250.0,module_4
entanglement_assisted_all_shared_local_route,localized_only,base_0008,0,42,17670.0,module_1
entanglement_assisted_all_shared_local_route,localized_only,base_0008,0,43,18090.0,module_2
entanglement_assisted_all_shared_local_route,localized_only,base_0008,0,44,18510.0,module_2
entanglement_assisted_all_shared_local_route,localized_only,base_0008,0,45,18930.0,module_4
entanglement_assisted_all_shared_local_route,localized_only,base_0008,0,46,19350.0,module_3
entanglement_assisted_all_shared_local_route,localized_only,base_0008,0,47,19770.0,module_1
entanglement_assisted_all_shared_local_route,localized_only,base_0008,1,0,30.0,module_1
entanglement_assisted_all_shared_local_route,localized_only,base_0008,1,1,450.0,module_2
entanglement_assisted_all_shared_local_route,localized_only,base_0008,1,2,870.0,module_3
entanglement_assisted_all_shared_local_route,localized_only,base_0008,1,3,1290.0,module_4
entanglement_assisted_all_shared_local_route,localized_only,base_0008,1,4,1710.0,module_1
entanglement_assisted_all_shared_local_route,localized_only,base_0008,1,5,2130.0,module_2
entanglement_assisted_all_shared_local_route,localized_only,base_0008,1,6,2550.0,module_3
entanglement_assisted_all_shared_local_route,localized_only,base_0008,1,7,2970.0,module_4
entanglement_assisted_all_shared_local_route,localized_only,base_0008,1,8,3390.0,module_1
entanglement_assisted_all_shared_local_route,localized_only,base_0008,1,9,3810.0,module_2
entanglement_assisted_all_shared_local_route,localized_only,base_0008,1,10,4230.0,module_4
entanglement_assisted_all_shared_local_route,localized_only,base_0008,1,11,4650.0,module_3
entanglement_assisted_all_shared_local_route,localized_only,base_0008,1,12,5070.0,module_2
entanglement_assisted_all_shared_local_route,localized_only,base_0008,1,13,5490.0,module_1
entanglement_assisted_all_shared_local_route,localized_only,base_0008,1,14,5910.0,module_4
entanglement_assisted_all_shared_local_route,localized_only,base_0008,1,15,6330.0,module_3
entanglement_assisted_all_shared_local_route,localized_only,base_0008,1,16,6750.0,module_4
entanglement_assisted_all_shared_local_route,localized_only,base_0008,1,17,7170.0,module_3
entanglement_assisted_all_shared_local_route,localized_only,base_0008,1,18,7590.0,module_1
entanglement_assisted_all_shared_local_route,localized_only,base_0008,1,19,8010.0,module_2
entanglement_assisted_all_shared_local_route,localized_only,base_0008,1,20,8430.0,module_1
entanglement_assisted_all_shared_local_route,localized_only,base_0008,1,21,8850.0,module_3
entanglement_assisted_all_shared_local_route,localized_only,base_0008,1,22,9270.0,module_2
entanglement_assisted_all_shared_local_route,localized_only,base_0008,1,23,9690.0,module_4
entanglement_assisted_all_shared_local_route,localized_only,base_0008,1,24,10110.0,module_1
entanglement_assisted_all_shared_local_route,localized_only,base_0008,1,25,10530.0,module_2
entanglement_assisted_all_shared_local_route,localized_only,base_0008,1,26,10950.0,module_4
entanglement_assisted_all_shared_local_route,localized_only,base_0008,1,27,11370.0,module_3
entanglement_assisted_all_shared_local_route,localized_only,base_0008,1,28,11790.0,module_3
entanglement_assisted_all_shared_local_route,localized_only,base_0008,1,29,12210.0,module_4
entanglement_assisted_all_shared_local_route,localized_only,base_0008,1,30,12630.0,module_2
entanglement_assisted_all_shared_local_route,localized_only,base_0008,1,31,13050.0,module_1
entanglement_assisted_all_shared_local_route,localized_only,base_0008,1,32,13470.0,module_1
entanglement_assisted_all_shared_local_route,localized_only,base_0008,1,33,13890.0,module_3
entanglement_assisted_all_shared_local_route,localized_only,base_0008,1,34,14310.0,module_4
entanglement_assisted_all_shared_local_route,localized_only,base_0008,1,35,14730.0,module_2
entanglement_assisted_all_shared_local_route,localized_only,base_0008,1,36,15150.0,module_2
entanglement_assisted_all_shared_local_route,localized_only,base_0008,1,37,15570.0,module_3
entanglement_assisted_all_shared_local_route,localized_only,base_0008,1,38,15990.0,module_1
entanglement_assisted_all_shared_local_route,localized_only,base_0008,1,39,16410.0,module_4
entanglement_assisted_all_shared_local_route,localized_only,base_0008,1,40,16830.0,module_3
entanglement_assisted_all_shared_local_route,localized_only,base_0008,1,41,17250.0,module_2
entanglement_assisted_all_shared_local_route,localized_only,base_0008,1,42,17670.0,module_4
entanglement_assisted_all_shared_local_route,localized_only,base_0008,1,43,18090.0,module_1
entanglement_assisted_all_shared_local_route,localized_only,base_0008,1,44,18510.0,module_3
entanglement_assisted_all_shared_local_route,localized_only,base_0008,1,45,18930.0,module_2
entanglement_assisted_all_shared_local_route,localized_only,base_0008,1,46,19350.0,module_4
entanglement_assisted_all_shared_local_route,localized_only,base_0008,1,47,19770.0,module_1
entanglement_assisted_all_shared_local_route,localized_only,base_0009,0,0,30.0,module_2
entanglement_assisted_all_shared_local_route,localized_only,base_0009,0,1,450.0,module_3
entanglement_assisted_all_shared_local_route,localized_only,base_0009,0,2,870.0,module_1
entanglement_assisted_all_shared_local_route,localized_only,base_0009,0,3,1290.0,module_4
entanglement_assisted_all_shared_local_route,localized_only,base_0009,0,4,1710.0,module_2
entanglement_assisted_all_shared_local_route,localized_only,base_0009,0,5,2130.0,module_4
entanglement_assisted_all_shared_local_route,localized_only,base_0009,0,6,2550.0,module_3
entanglement_assisted_all_shared_local_route,localized_only,base_0009,0,7,2970.0,module_1
entanglement_assisted_all_shared_local_route,localized_only,base_0009,0,8,3390.0,module_3
entanglement_assisted_all_shared_local_route,localized_only,base_0009,0,9,3810.0,module_1
entanglement_assisted_all_shared_local_route,localized_only,base_0009,0,10,4230.0,module_4
entanglement_assisted_all_shared_local_route,localized_only,base_0009,0,11,4650.0,module_2
entanglement_assisted_all_shared_local_route,localized_only,base_0009,0,12,5070.0,module_2
entanglement_assisted_all_shared_local_route,localized_only,base_0009,0,13,5490.0,module_1
entanglement_assisted_all_shared_local_route,localized_only,base_0009,0,14,5910.0,module_3
entanglement_assisted_all_shared_local_route,localized_only,base_0009,0,15,6330.0,module_4
entanglement_assisted_all_shared_local_route,localized_only,base_0009,0,16,6750.0,module_3
entanglement_assisted_all_shared_local_route,localized_only,base_0009,0,17,7170.0,module_2
entanglement_assisted_all_shared_local_route,localized_only,base_0009,0,18,7590.0,module_1
entanglement_assisted_all_shared_local_route,localized_only,base_0009,0,19,8010.0,module_4
entanglement_assisted_all_shared_local_route,localized_only,base_0009,0,20,8430.0,module_4
entanglement_assisted_all_shared_local_route,localized_only,base_0009,0,21,8850.0,module_1
entanglement_assisted_all_shared_local_route,localized_only,base_0009,0,22,9270.0,module_2
entanglement_assisted_all_shared_local_route,localized_only,base_0009,0,23,9690.0,module_3
entanglement_assisted_all_shared_local_route,localized_only,base_0009,0,24,10110.0,module_4
entanglement_assisted_all_shared_local_route,localized_only,base_0009,0,25,10530.0,module_3
entanglement_assisted_all_shared_local_route,localized_only,base_0009,0,26,10950.0,module_2
entanglement_assisted_all_shared_local_route,localized_only,base_0009,0,27,11370.0,module_1
entanglement_assisted_all_shared_local_route,localized_only,base_0009,0,28,11790.0,module_4
entanglement_assisted_all_shared_local_route,localized_only,base_0009,0,29,12210.0,module_2
entanglement_assisted_all_shared_local_route,localized_only,base_0009,0,30,12630.0,module_1
entanglement_assisted_all_shared_local_route,localized_only,base_0009,0,31,13050.0,module_3
entanglement_assisted_all_shared_local_route,localized_only,base_0009,0,32,13470.0,module_1
entanglement_assisted_all_shared_local_route,localized_only,base_0009,0,33,13890.0,module_4
entanglement_assisted_all_shared_local_route,localized_only,base_0009,0,34,14310.0,module_3
entanglement_assisted_all_shared_local_route,localized_only,base_0009,0,35,14730.0,module_2
entanglement_assisted_all_shared_local_route,localized_only,base_0009,0,36,15150.0,module_2
entanglement_assisted_all_shared_local_route,localized_only,base_0009,0,37,15570.0,module_1
entanglement_assisted_all_shared_local_route,localized_only,base_0009,0,38,15990.0,module_4
entanglement_assisted_all_shared_local_route,localized_only,base_0009,0,39,16410.0,module_3
entanglement_assisted_all_shared_local_route,localized_only,base_0009,0,40,16830.0,module_1
entanglement_assisted_all_shared_local_route,localized_only,base_0009,0,41,17250.0,module_2
entanglement_assisted_all_shared_local_route,localized_only,base_0009,0,42,17670.0,module_4
entanglement_assisted_all_shared_local_route,localized_only,base_0009,0,43,18090.0,module_3
entanglement_assisted_all_shared_local_route,localized_only,base_0009,0,44,18510.0,module_3
entanglement_assisted_all_shared_local_route,localized_only,base_0009,0,45,18930.0,module_2
entanglement_assisted_all_shared_local_route,localized_only,base_0009,0,46,19350.0,module_4
entanglement_assisted_all_shared_local_route,localized_only,base_0009,0,47,19770.0,module_1
entanglement_assisted_all_shared_local_route,localized_only,base_0009,1,0,30.0,module_4
entanglement_assisted_all_shared_local_route,localized_only,base_0009,1,1,450.0,module_3
entanglement_assisted_all_shared_local_route,localized_only,base_0009,1,2,870.0,module_2
entanglement_assisted_all_shared_local_route,localized_only,base_0009,1,3,1290.0,module_1
entanglement_assisted_all_shared_local_route,localized_only,base_0009,1,4,1710.0,module_1
entanglement_assisted_all_shared_local_route,localized_only,base_0009,1,5,2130.0,module_3
entanglement_assisted_all_shared_local_route,localized_only,base_0009,1,6,2550.0,module_4
entanglement_assisted_all_shared_local_route,localized_only,base_0009,1,7,2970.0,module_2
entanglement_assisted_all_shared_local_route,localized_only,base_0009,1,8,3390.0,module_4
entanglement_assisted_all_shared_local_route,localized_only,base_0009,1,9,3810.0,module_1
entanglement_assisted_all_shared_local_route,localized_only,base_0009,1,10,4230.0,module_2
entanglement_assisted_all_shared_local_route,localized_only,base_0009,1,11,4650.0,module_3
entanglement_assisted_all_shared_local_route,localized_only,base_0009,1,12,5070.0,module_1
entanglement_assisted_all_shared_local_route,localized_only,base_0009,1,13,5490.0,module_4
entanglement_assisted_all_shared_local_route,localized_only,base_0009,1,14,5910.0,module_2
entanglement_assisted_all_shared_local_route,localized_only,base_0009,1,15,6330.0,module_3
entanglement_assisted_all_shared_local_route,localized_only,base_0009,1,16,6750.0,module_1
entanglement_assisted_all_shared_local_route,localized_only,base_0009,1,17,7170.0,module_2
entanglement_assisted_all_shared_local_route,localized_only,base_0009,1,18,7590.0,module_3
entanglement_assisted_all_shared_local_route,localized_only,base_0009,1,19,8010.0,module_4
entanglement_assisted_all_shared_local_route,localized_only,base_0009,1,20,8430.0,module_2
entanglement_assisted_all_shared_local_route,localized_only,base_0009,1,21,8850.0,module_1
entanglement_assisted_all_shared_local_route,localized_only,base_0009,1,22,9270.0,module_4
entanglement_assisted_all_shared_local_route,localized_only,base_0009,1,23,9690.0,module_3
entanglement_assisted_all_shared_local_route,localized_only,base_0009,1,24,10110.0,module_4
entanglement_assisted_all_shared_local_route,localized_only,base_0009,1,25,10530.0,module_2
entanglement_assisted_all_shared_local_route,localized_only,base_0009,1,26,10950.0,module_3
entanglement_assisted_all_shared_local_route,localized_only,base_0009,1,27,11370.0,module_1
entanglement_assisted_all_shared_local_route,localized_only,base_0009,1,28,11790.0,module_3
entanglement_assisted_all_shared_local_route,localized_only,base_0009,1,29,12210.0,module_1
entanglement_assisted_all_shared_local_route,localized_only,base_0009,1,30,12630.0,module_2
entanglement_assisted_all_shared_local_route,localized_only,base_0009,1,31,13050.0,module_4
entanglement_assisted_all_shared_local_route,localized_only,base_0009,1,32,13470.0,module_1
entanglement_assisted_all_shared_local_route,localized_only,base_0009,1,33,13890.0,module_2
entanglement_assisted_all_shared_local_route,localized_only,base_0009,1,34,14310.0,module_4
entanglement_assisted_all_shared_local_route,localized_only,base_0009,1,35,14730.0,module_3
entanglement_assisted_all_shared_local_route,localized_only,base_0009,1,36,15150.0,module_3
entanglement_assisted_all_shared_local_route,localized_only,base_0009,1,37,15570.0,module_1
entanglement_assisted_all_shared_local_route,localized_only,base_0009,1,38,15990.0,module_2
entanglement_assisted_all_shared_local_route,localized_only,base_0009,1,39,16410.0,module_4
entanglement_assisted_all_shared_local_route,localized_only,base_0009,1,40,16830.0,module_3
entanglement_assisted_all_shared_local_route,localized_only,base_0009,1,41,17250.0,module_4
entanglement_assisted_all_shared_local_route,localized_only,base_0009,1,42,17670.0,module_1
entanglement_assisted_all_shared_local_route,localized_only,base_0009,1,43,18090.0,module_2
entanglement_assisted_all_shared_local_route,localized_only,base_0009,1,44,18510.0,module_3
entanglement_assisted_all_shared_local_route,localized_only,base_0009,1,45,18930.0,module_4
entanglement_assisted_all_shared_local_route,localized_only,base_0009,1,46,19350.0,module_2
entanglement_assisted_all_shared_local_route,localized_only,base_0009,1,47,19770.0,module_1
entanglement_assisted_all_shared_local_route,localized_only,base_0010,0,0,30.0,module_4
entanglement_assisted_all_shared_local_route,localized_only,base_0010,0,1,450.0,module_1
entanglement_assisted_all_shared_local_route,localized_only,base_0010,0,2,870.0,module_3
entanglement_assisted_all_shared_local_route,localized_only,base_0010,0,3,1290.0,module_2
entanglement_assisted_all_shared_local_route,localized_only,base_0010,0,4,1710.0,module_4
entanglement_assisted_all_shared_local_route,localized_only,base_0010,0,5,2130.0,module_1
entanglement_assisted_all_shared_local_route,localized_only,base_0010,0,6,2550.0,module_3
entanglement_assisted_all_shared_local_route,localized_only,base_0010,0,7,2970.0,module_2
entanglement_assisted_all_shared_local_route,localized_only,base_0010,0,8,3390.0,module_1
entanglement_assisted_all_shared_local_route,localized_only,base_0010,0,9,3810.0,module_4
entanglement_assisted_all_shared_local_route,localized_only,base_0010,0,10,4230.0,module_2
entanglement_assisted_all_shared_local_route,localized_only,base_0010,0,11,4650.0,module_3
entanglement_assisted_all_shared_local_route,localized_only,base_0010,0,12,5070.0,module_3
entanglement_assisted_all_shared_local_route,localized_only,base_0010,0,13,5490.0,module_2
entanglement_assisted_all_shared_local_route,localized_only,base_0010,0,14,5910.0,module_4
entanglement_assisted_all_shared_local_route,localized_only,base_0010,0,15,6330.0,module_1
entanglement_assisted_all_shared_local_route,localized_only,base_0010,0,16,6750.0,module_2
entanglement_assisted_all_shared_local_route,localized_only,base_0010,0,17,7170.0,module_1
entanglement_assisted_all_shared_local_route,localized_only,base_0010,0,18,7590.0,module_4
entanglement_assisted_all_shared_local_route,localized_only,base_0010,0,19,8010.0,module_3
entanglement_assisted_all_shared_local_route,localized_only,base_0010,0,20,8430.0,module_2
entanglement_assisted_all_shared_local_route,localized_only,base_0010,0,21,8850.0,module_1
entanglement_assisted_all_shared_local_route,localized_only,base_0010,0,22,9270.0,module_3
entanglement_assisted_all_shared_local_route,localized_only,base_0010,0,23,9690.0,module_4
entanglement_assisted_all_shared_local_route,localized_only,base_0010,0,24,10110.0,module_2
entanglement_assisted_all_shared_local_route,localized_only,base_0010,0,25,10530.0,module_1
entanglement_assisted_all_shared_local_route,localized_only,base_0010,0,26,10950.0,module_4
entanglement_assisted_all_shared_local_route,localized_only,base_0010,0,27,11370.0,module_3
entanglement_assisted_all_shared_local_route,localized_only,base_0010,0,28,11790.0,module_3
entanglement_assisted_all_shared_local_route,localized_only,base_0010,0,29,12210.0,module_4
entanglement_assisted_all_shared_local_route,localized_only,base_0010,0,30,12630.0,module_1
entanglement_assisted_all_shared_local_route,localized_only,base_0010,0,31,13050.0,module_2
entanglement_assisted_all_shared_local_route,localized_only,base_0010,0,32,13470.0,module_1
entanglement_assisted_all_shared_local_route,localized_only,base_0010,0,33,13890.0,module_4
entanglement_assisted_all_shared_local_route,localized_only,base_0010,0,34,14310.0,module_3
entanglement_assisted_all_shared_local_route,localized_only,base_0010,0,35,14730.0,module_2
entanglement_assisted_all_shared_local_route,localized_only,base_0010,0,36,15150.0,module_3
entanglement_assisted_all_shared_local_route,localized_only,base_0010,0,37,15570.0,module_1
entanglement_assisted_all_shared_local_route,localized_only,base_0010,0,38,15990.0,module_2
entanglement_assisted_all_shared_local_route,localized_only,base_0010,0,39,16410.0,module_4
entanglement_assisted_all_shared_local_route,localized_only,base_0010,0,40,16830.0,module_3
entanglement_assisted_all_shared_local_route,localized_only,base_0010,0,41,17250.0,module_2
entanglement_assisted_all_shared_local_route,localized_only,base_0010,0,42,17670.0,module_4
entanglement_assisted_all_shared_local_route,localized_only,base_0010,0,43,18090.0,module_1
entanglement_assisted_all_shared_local_route,localized_only,base_0010,0,44,18510.0,module_3
entanglement_assisted_all_shared_local_route,localized_only,base_0010,0,45,18930.0,module_2
entanglement_assisted_all_shared_local_route,localized_only,base_0010,0,46,19350.0,module_1
entanglement_assisted_all_shared_local_route,localized_only,base_0010,0,47,19770.0,module_4
entanglement_assisted_all_shared_local_route,localized_only,base_0010,1,0,30.0,module_1
entanglement_assisted_all_shared_local_route,localized_only,base_0010,1,1,450.0,module_2
entanglement_assisted_all_shared_local_route,localized_only,base_0010,1,2,870.0,module_4
entanglement_assisted_all_shared_local_route,localized_only,base_0010,1,3,1290.0,module_3
entanglement_assisted_all_shared_local_route,localized_only,base_0010,1,4,1710.0,module_1
entanglement_assisted_all_shared_local_route,localized_only,base_0010,1,5,2130.0,module_3
entanglement_assisted_all_shared_local_route,localized_only,base_0010,1,6,2550.0,module_2
entanglement_assisted_all_shared_local_route,localized_only,base_0010,1,7,2970.0,module_4
entanglement_assisted_all_shared_local_route,localized_only,base_0010,1,8,3390.0,module_2
entanglement_assisted_all_shared_local_route,localized_only,base_0010,1,9,3810.0,module_3
entanglement_assisted_all_shared_local_route,localized_only,base_0010,1,10,4230.0,module_1
entanglement_assisted_all_shared_local_route,localized_only,base_0010,1,11,4650.0,module_4
entanglement_assisted_all_shared_local_route,localized_only,base_0010,1,12,5070.0,module_2
entanglement_assisted_all_shared_local_route,localized_only,base_0010,1,13,5490.0,module_3
entanglement_assisted_all_shared_local_route,localized_only,base_0010,1,14,5910.0,module_1
entanglement_assisted_all_shared_local_route,localized_only,base_0010,1,15,6330.0,module_4
entanglement_assisted_all_shared_local_route,localized_only,base_0010,1,16,6750.0,module_2
entanglement_assisted_all_shared_local_route,localized_only,base_0010,1,17,7170.0,module_1
entanglement_assisted_all_shared_local_route,localized_only,base_0010,1,18,7590.0,module_4
entanglement_assisted_all_shared_local_route,localized_only,base_0010,1,19,8010.0,module_3
entanglement_assisted_all_shared_local_route,localized_only,base_0010,1,20,8430.0,module_1
entanglement_assisted_all_shared_local_route,localized_only,base_0010,1,21,8850.0,module_4
entanglement_assisted_all_shared_local_route,localized_only,base_0010,1,22,9270.0,module_3
entanglement_assisted_all_shared_local_route,localized_only,base_0010,1,23,9690.0,module_2
entanglement_assisted_all_shared_local_route,localized_only,base_0010,1,24,10110.0,module_2
entanglement_assisted_all_shared_local_route,localized_only,base_0010,1,25,10530.0,module_1
entanglement_assisted_all_shared_local_route,localized_only,base_0010,1,26,10950.0,module_4
entanglement_assisted_all_shared_local_route,localized_only,base_0010,1,27,11370.0,module_3
entanglement_assisted_all_shared_local_route,localized_only,base_0010,1,28,11790.0,module_1
entanglement_assisted_all_shared_local_route,localized_only,base_0010,1,29,12210.0,module_4
entanglement_assisted_all_shared_local_route,localized_only,base_0010,1,30,12630.0,module_3
entanglement_assisted_all_shared_local_route,localized_only,base_0010,1,31,13050.0,module_2
entanglement_assisted_all_shared_local_route,localized_only,base_0010,1,32,13470.0,module_1
entanglement_assisted_all_shared_local_route,localized_only,base_0010,1,33,13890.0,module_2
entanglement_assisted_all_shared_local_route,localized_only,base_0010,1,34,14310.0,module_3
entanglement_assisted_all_shared_local_route,localized_only,base_0010,1,35,14730.0,module_4
entanglement_assisted_all_shared_local_route,localized_only,base_0010,1,36,15150.0,module_3
entanglement_assisted_all_shared_local_route,localized_only,base_0010,1,37,15570.0,module_1
entanglement_assisted_all_shared_local_route,localized_only,base_0010,1,38,15990.0,module_2
entanglement_assisted_all_shared_local_route,localized_only,base_0010,1,39,16410.0,module_4
entanglement_assisted_all_shared_local_route,localized_only,base_0010,1,40,16830.0,module_2
entanglement_assisted_all_shared_local_route,localized_only,base_0010,1,41,17250.0,module_4
entanglement_assisted_all_shared_local_route,localized_only,base_0010,1,42,17670.0,module_3
entanglement_assisted_all_shared_local_route,localized_only,base_0010,1,43,18090.0,module_1
entanglement_assisted_all_shared_local_route,localized_only,base_0010,1,44,18510.0,module_3
entanglement_assisted_all_shared_local_route,localized_only,base_0010,1,45,18930.0,module_2
entanglement_assisted_all_shared_local_route,localized_only,base_0010,1,46,19350.0,module_1
entanglement_assisted_all_shared_local_route,localized_only,base_0010,1,47,19770.0,module_4
entanglement_assisted_all_shared_local_route,localized_only,base_0011,0,0,30.0,module_3
entanglement_assisted_all_shared_local_route,localized_only,base_0011,0,1,450.0,module_4
entanglement_assisted_all_shared_local_route,localized_only,base_0011,0,2,870.0,module_2
entanglement_assisted_all_shared_local_route,localized_only,base_0011,0,3,1290.0,module_1
entanglement_assisted_all_shared_local_route,localized_only,base_0011,0,4,1710.0,module_4
entanglement_assisted_all_shared_local_route,localized_only,base_0011,0,5,2130.0,module_2
entanglement_assisted_all_shared_local_route,localized_only,base_0011,0,6,2550.0,module_1
entanglement_assisted_all_shared_local_route,localized_only,base_0011,0,7,2970.0,module_3
entanglement_assisted_all_shared_local_route,localized_only,base_0011,0,8,3390.0,module_1
entanglement_assisted_all_shared_local_route,localized_only,base_0011,0,9,3810.0,module_4
entanglement_assisted_all_shared_local_route,localized_only,base_0011,0,10,4230.0,module_3
entanglement_assisted_all_shared_local_route,localized_only,base_0011,0,11,4650.0,module_2
entanglement_assisted_all_shared_local_route,localized_only,base_0011,0,12,5070.0,module_1
entanglement_assisted_all_shared_local_route,localized_only,base_0011,0,13,5490.0,module_2
entanglement_assisted_all_shared_local_route,localized_only,base_0011,0,14,5910.0,module_4
entanglement_assisted_all_shared_local_route,localized_only,base_0011,0,15,6330.0,module_3
entanglement_assisted_all_shared_local_route,localized_only,base_0011,0,16,6750.0,module_3
entanglement_assisted_all_shared_local_route,localized_only,base_0011,0,17,7170.0,module_1
entanglement_assisted_all_shared_local_route,localized_only,base_0011,0,18,7590.0,module_2
entanglement_assisted_all_shared_local_route,localized_only,base_0011,0,19,8010.0,module_4
entanglement_assisted_all_shared_local_route,localized_only,base_0011,0,20,8430.0,module_3
entanglement_assisted_all_shared_local_route,localized_only,base_0011,0,21,8850.0,module_2
entanglement_assisted_all_shared_local_route,localized_only,base_0011,0,22,9270.0,module_4
entanglement_assisted_all_shared_local_route,localized_only,base_0011,0,23,9690.0,module_1
entanglement_assisted_all_shared_local_route,localized_only,base_0011,0,24,10110.0,module_1
entanglement_assisted_all_shared_local_route,localized_only,base_0011,0,25,10530.0,module_4
entanglement_assisted_all_shared_local_route,localized_only,base_0011,0,26,10950.0,module_2
entanglement_assisted_all_shared_local_route,localized_only,base_0011,0,27,11370.0,module_3
entanglement_assisted_all_shared_local_route,localized_only,base_0011,0,28,11790.0,module_2
entanglement_assisted_all_shared_local_route,localized_only,base_0011,0,29,12210.0,module_3
entanglement_assisted_all_shared_local_route,localized_only,base_0011,0,30,12630.0,module_4
entanglement_assisted_all_shared_local_route,localized_only,base_0011,0,31,13050.0,module_1
entanglement_assisted_all_shared_local_route,localized_only,base_0011,0,32,13470.0,module_2
entanglement_assisted_all_shared_local_route,localized_only,base_0011,0,33,13890.0,module_4
entanglement_assisted_all_shared_local_route,localized_only,base_0011,0,34,14310.0,module_3
entanglement_assisted_all_shared_local_route,localized_only,base_0011,0,35,14730.0,module_1
entanglement_assisted_all_shared_local_route,localized_only,base_0011,0,36,15150.0,module_1
entanglement_assisted_all_shared_local_route,localized_only,base_0011,0,37,15570.0,module_3
entanglement_assisted_all_shared_local_route,localized_only,base_0011,0,38,15990.0,module_4
entanglement_assisted_all_shared_local_route,localized_only,base_0011,0,39,16410.0,module_2
entanglement_assisted_all_shared_local_route,localized_only,base_0011,0,40,16830.0,module_2
entanglement_assisted_all_shared_local_route,localized_only,base_0011,0,41,17250.0,module_3
entanglement_assisted_all_shared_local_route,localized_only,base_0011,0,42,17670.0,module_1
entanglement_assisted_all_shared_local_route,localized_only,base_0011,0,43,18090.0,module_4
entanglement_assisted_all_shared_local_route,localized_only,base_0011,0,44,18510.0,module_1
entanglement_assisted_all_shared_local_route,localized_only,base_0011,0,45,18930.0,module_4
entanglement_assisted_all_shared_local_route,localized_only,base_0011,0,46,19350.0,module_2
entanglement_assisted_all_shared_local_route,localized_only,base_0011,0,47,19770.0,module_3
entanglement_assisted_all_shared_local_route,localized_only,base_0011,1,0,30.0,module_2
entanglement_assisted_all_shared_local_route,localized_only,base_0011,1,1,450.0,module_3
entanglement_assisted_all_shared_local_route,localized_only,base_0011,1,2,870.0,module_4
entanglement_assisted_all_shared_local_route,localized_only,base_0011,1,3,1290.0,module_1
entanglement_assisted_all_shared_local_route,localized_only,base_0011,1,4,1710.0,module_3
entanglement_assisted_all_shared_local_route,localized_only,base_0011,1,5,2130.0,module_4
entanglement_assisted_all_shared_local_route,localized_only,base_0011,1,6,2550.0,module_1
entanglement_assisted_all_shared_local_route,localized_only,base_0011,1,7,2970.0,module_2
entanglement_assisted_all_shared_local_route,localized_only,base_0011,1,8,3390.0,module_4
entanglement_assisted_all_shared_local_route,localized_only,base_0011,1,9,3810.0,module_3
entanglement_assisted_all_shared_local_route,localized_only,base_0011,1,10,4230.0,module_1
entanglement_assisted_all_shared_local_route,localized_only,base_0011,1,11,4650.0,module_2
entanglement_assisted_all_shared_local_route,localized_only,base_0011,1,12,5070.0,module_3
entanglement_assisted_all_shared_local_route,localized_only,base_0011,1,13,5490.0,module_4
entanglement_assisted_all_shared_local_route,localized_only,base_0011,1,14,5910.0,module_2
entanglement_assisted_all_shared_local_route,localized_only,base_0011,1,15,6330.0,module_1
entanglement_assisted_all_shared_local_route,localized_only,base_0011,1,16,6750.0,module_2
entanglement_assisted_all_shared_local_route,localized_only,base_0011,1,17,7170.0,module_4
entanglement_assisted_all_shared_local_route,localized_only,base_0011,1,18,7590.0,module_1
entanglement_assisted_all_shared_local_route,localized_only,base_0011,1,19,8010.0,module_3
entanglement_assisted_all_shared_local_route,localized_only,base_0011,1,20,8430.0,module_3
entanglement_assisted_all_shared_local_route,localized_only,base_0011,1,21,8850.0,module_1
entanglement_assisted_all_shared_local_route,localized_only,base_0011,1,22,9270.0,module_2
entanglement_assisted_all_shared_local_route,localized_only,base_0011,1,23,9690.0,module_4
entanglement_assisted_all_shared_local_route,localized_only,base_0011,1,24,10110.0,module_1
entanglement_assisted_all_shared_local_route,localized_only,base_0011,1,25,10530.0,module_2
entanglement_assisted_all_shared_local_route,localized_only,base_0011,1,26,10950.0,module_4
entanglement_assisted_all_shared_local_route,localized_only,base_0011,1,27,11370.0,module_3
entanglement_assisted_all_shared_local_route,localized_only,base_0011,1,28,11790.0,module_3
entanglement_assisted_all_shared_local_route,localized_only,base_0011,1,29,12210.0,module_1
entanglement_assisted_all_shared_local_route,localized_only,base_0011,1,30,12630.0,module_2
entanglement_assisted_all_shared_local_route,localized_only,base_0011,1,31,13050.0,module_4
entanglement_assisted_all_shared_local_route,localized_only,base_0011,1,32,13470.0,module_3
entanglement_assisted_all_shared_local_route,localized_only,base_0011,1,33,13890.0,module_2
entanglement_assisted_all_shared_local_route,localized_only,base_0011,1,34,14310.0,module_4
entanglement_assisted_all_shared_local_route,localized_only,base_0011,1,35,14730.0,module_1
entanglement_assisted_all_shared_local_route,localized_only,base_0011,1,36,15150.0,module_2
entanglement_assisted_all_shared_local_route,localized_only,base_0011,1,37,15570.0,module_3
entanglement_assisted_all_shared_local_route,localized_only,base_0011,1,38,15990.0,module_4
entanglement_assisted_all_shared_local_route,localized_only,base_0011,1,39,16410.0,module_1
entanglement_assisted_all_shared_local_route,localized_only,base_0011,1,40,16830.0,module_2
entanglement_assisted_all_shared_local_route,localized_only,base_0011,1,41,17250.0,module_1
entanglement_assisted_all_shared_local_route,localized_only,base_0011,1,42,17670.0,module_4
entanglement_assisted_all_shared_local_route,localized_only,base_0011,1,43,18090.0,module_3
entanglement_assisted_all_shared_local_route,localized_only,base_0011,1,44,18510.0,module_2
entanglement_assisted_all_shared_local_route,localized_only,base_0011,1,45,18930.0,module_1
entanglement_assisted_all_shared_local_route,localized_only,base_0011,1,46,19350.0,module_4
entanglement_assisted_all_shared_local_route,localized_only,base_0011,1,47,19770.0,module_3
entanglement_assisted_all_shared_local_route,localized_only,base_0012,0,0,30.0,module_2
entanglement_assisted_all_shared_local_route,localized_only,base_0012,0,1,450.0,module_3
entanglement_assisted_all_shared_local_route,localized_only,base_0012,0,2,870.0,module_4
entanglement_assisted_all_shared_local_route,localized_only,base_0012,0,3,1290.0,module_1
entanglement_assisted_all_shared_local_route,localized_only,base_0012,0,4,1710.0,module_1
entanglement_assisted_all_shared_local_route,localized_only,base_0012,0,5,2130.0,module_2
entanglement_assisted_all_shared_local_route,localized_only,base_0012,0,6,2550.0,module_3
entanglement_assisted_all_shared_local_route,localized_only,base_0012,0,7,2970.0,module_4
entanglement_assisted_all_shared_local_route,localized_only,base_0012,0,8,3390.0,module_1
entanglement_assisted_all_shared_local_route,localized_only,base_0012,0,9,3810.0,module_4
entanglement_assisted_all_shared_local_route,localized_only,base_0012,0,10,4230.0,module_2
entanglement_assisted_all_shared_local_route,localized_only,base_0012,0,11,4650.0,module_3
entanglement_assisted_all_shared_local_route,localized_only,base_0012,0,12,5070.0,module_1
entanglement_assisted_all_shared_local_route,localized_only,base_0012,0,13,5490.0,module_3
entanglement_assisted_all_shared_local_route,localized_only,base_0012,0,14,5910.0,module_2
entanglement_assisted_all_shared_local_route,localized_only,base_0012,0,15,6330.0,module_4
entanglement_assisted_all_shared_local_route,localized_only,base_0012,0,16,6750.0,module_4
entanglement_assisted_all_shared_local_route,localized_only,base_0012,0,17,7170.0,module_3
entanglement_assisted_all_shared_local_route,localized_only,base_0012,0,18,7590.0,module_1
entanglement_assisted_all_shared_local_route,localized_only,base_0012,0,19,8010.0,module_2
entanglement_assisted_all_shared_local_route,localized_only,base_0012,0,20,8430.0,module_1
entanglement_assisted_all_shared_local_route,localized_only,base_0012,0,21,8850.0,module_3
entanglement_assisted_all_shared_local_route,localized_only,base_0012,0,22,9270.0,module_2
entanglement_assisted_all_shared_local_route,localized_only,base_0012,0,23,9690.0,module_4
entanglement_assisted_all_shared_local_route,localized_only,base_0012,0,24,10110.0,module_3
entanglement_assisted_all_shared_local_route,localized_only,base_0012,0,25,10530.0,module_4
entanglement_assisted_all_shared_local_route,localized_only,base_0012,0,26,10950.0,module_2
entanglement_assisted_all_shared_local_route,localized_only,base_0012,0,27,11370.0,module_1
entanglement_assisted_all_shared_local_route,localized_only,base_0012,0,28,11790.0,module_4
entanglement_assisted_all_shared_local_route,localized_only,base_0012,0,29,12210.0,module_3
entanglement_assisted_all_shared_local_route,localized_only,base_0012,0,30,12630.0,module_1
entanglement_assisted_all_shared_local_route,localized_only,base_0012,0,31,13050.0,module_2
entanglement_assisted_all_shared_local_route,localized_only,base_0012,0,32,13470.0,module_2
entanglement_assisted_all_shared_local_route,localized_only,base_0012,0,33,13890.0,module_4
entanglement_assisted_all_shared_local_route,localized_only,base_0012,0,34,14310.0,module_1
entanglement_assisted_all_shared_local_route,localized_only,base_0012,0,35,14730.0,module_3
entanglement_assisted_all_shared_local_route,localized_only,base_0012,0,36,15150.0,module_2
entanglement_assisted_all_shared_local_route,localized_only,base_0012,0,37,15570.0,module_3
entanglement_assisted_all_shared_local_route,localized_only,base_0012,0,38,15990.0,module_4
entanglement_assisted_all_shared_local_route,localized_only,base_0012,0,39,16410.0,module_1
entanglement_assisted_all_shared_local_route,localized_only,base_0012,0,40,16830.0,module_3
entanglement_assisted_all_shared_local_route,localized_only,base_0012,0,41,17250.0,module_2
entanglement_assisted_all_shared_local_route,localized_only,base_0012,0,42,17670.0,module_1
entanglement_assisted_all_shared_local_route,localized_only,base_0012,0,43,18090.0,module_4
entanglement_assisted_all_shared_local_route,localized_only,base_0012,0,44,18510.0,module_2
entanglement_assisted_all_shared_local_route,localized_only,base_0012,0,45,18930.0,module_4
entanglement_assisted_all_shared_local_route,localized_only,base_0012,0,46,19350.0,module_3
entanglement_assisted_all_shared_local_route,localized_only,base_0012,0,47,19770.0,module_1
entanglement_assisted_all_shared_local_route,localized_only,base_0012,1,0,30.0,module_3
entanglement_assisted_all_shared_local_route,localized_only,base_0012,1,1,450.0,module_1
entanglement_assisted_all_shared_local_route,localized_only,base_0012,1,2,870.0,module_4
entanglement_assisted_all_shared_local_route,localized_only,base_0012,1,3,1290.0,module_2
entanglement_assisted_all_shared_local_route,localized_only,base_0012,1,4,1710.0,module_1
entanglement_assisted_all_shared_local_route,localized_only,base_0012,1,5,2130.0,module_2
entanglement_assisted_all_shared_local_route,localized_only,base_0012,1,6,2550.0,module_4
entanglement_assisted_all_shared_local_route,localized_only,base_0012,1,7,2970.0,module_3
entanglement_assisted_all_shared_local_route,localized_only,base_0012,1,8,3390.0,module_3
entanglement_assisted_all_shared_local_route,localized_only,base_0012,1,9,3810.0,module_2
entanglement_assisted_all_shared_local_route,localized_only,base_0012,1,10,4230.0,module_1
entanglement_assisted_all_shared_local_route,localized_only,base_0012,1,11,4650.0,module_4
entanglement_assisted_all_shared_local_route,localized_only,base_0012,1,12,5070.0,module_4
entanglement_assisted_all_shared_local_route,localized_only,base_0012,1,13,5490.0,module_1
entanglement_assisted_all_shared_local_route,localized_only,base_0012,1,14,5910.0,module_3
entanglement_assisted_all_shared_local_route,localized_only,base_0012,1,15,6330.0,module_2
entanglement_assisted_all_shared_local_route,localized_only,base_0012,1,16,6750.0,module_3
entanglement_assisted_all_shared_local_route,localized_only,base_0012,1,17,7170.0,module_2
entanglement_assisted_all_shared_local_route,localized_only,base_0012,1,18,7590.0,module_1
entanglement_assisted_all_shared_local_route,localized_only,base_0012,1,19,8010.0,module_4
entanglement_assisted_all_shared_local_route,localized_only,base_0012,1,20,8430.0,module_3
entanglement_assisted_all_shared_local_route,localized_only,base_0012,1,21,8850.0,module_2
entanglement_assisted_all_shared_local_route,localized_only,base_0012,1,22,9270.0,module_4
entanglement_assisted_all_shared_local_route,localized_only,base_0012,1,23,9690.0,module_1
entanglement_assisted_all_shared_local_route,localized_only,base_0012,1,24,10110.0,module_2
entanglement_assisted_all_shared_local_route,localized_only,base_0012,1,25,10530.0,module_4
entanglement_assisted_all_shared_local_route,localized_only,base_0012,1,26,10950.0,module_3
entanglement_assisted_all_shared_local_route,localized_only,base_0012,1,27,11370.0,module_1
entanglement_assisted_all_shared_local_route,localized_only,base_0012,1,28,11790.0,module_3
entanglement_assisted_all_shared_local_route,localized_only,base_0012,1,29,12210.0,module_4
entanglement_assisted_all_shared_local_route,localized_only,base_0012,1,30,12630.0,module_2
entanglement_assisted_all_shared_local_route,localized_only,base_0012,1,31,13050.0,module_1
entanglement_assisted_all_shared_local_route,localized_only,base_0012,1,32,13470.0,module_1
entanglement_assisted_all_shared_local_route,localized_only,base_0012,1,33,13890.0,module_3
entanglement_assisted_all_shared_local_route,localized_only,base_0012,1,34,14310.0,module_4
entanglement_assisted_all_shared_local_route,localized_only,base_0012,1,35,14730.0,module_2
entanglement_assisted_all_shared_local_route,localized_only,base_0012,1,36,15150.0,module_1
entanglement_assisted_all_shared_local_route,localized_only,base_0012,1,37,15570.0,module_3
entanglement_assisted_all_shared_local_route,localized_only,base_0012,1,38,15990.0,module_4
entanglement_assisted_all_shared_local_route,localized_only,base_0012,1,39,16410.0,module_2
entanglement_assisted_all_shared_local_route,localized_only,base_0012,1,40,16830.0,module_2
entanglement_assisted_all_shared_local_route,localized_only,base_0012,1,41,17250.0,module_4
entanglement_assisted_all_shared_local_route,localized_only,base_0012,1,42,17670.0,module_1
entanglement_assisted_all_shared_local_route,localized_only,base_0012,1,43,18090.0,module_3
entanglement_assisted_all_shared_local_route,localized_only,base_0012,1,44,18510.0,module_1
entanglement_assisted_all_shared_local_route,localized_only,base_0012,1,45,18930.0,module_2
entanglement_assisted_all_shared_local_route,localized_only,base_0012,1,46,19350.0,module_4
entanglement_assisted_all_shared_local_route,localized_only,base_0012,1,47,19770.0,module_3
entanglement_assisted_all_shared_local_route,localized_only,base_0013,0,0,30.0,module_3
entanglement_assisted_all_shared_local_route,localized_only,base_0013,0,1,450.0,module_1
entanglement_assisted_all_shared_local_route,localized_only,base_0013,0,2,870.0,module_2
entanglement_assisted_all_shared_local_route,localized_only,base_0013,0,3,1290.0,module_4
entanglement_assisted_all_shared_local_route,localized_only,base_0013,0,4,1710.0,module_1
entanglement_assisted_all_shared_local_route,localized_only,base_0013,0,5,2130.0,module_4
entanglement_assisted_all_shared_local_route,localized_only,base_0013,0,6,2550.0,module_2
entanglement_assisted_all_shared_local_route,localized_only,base_0013,0,7,2970.0,module_3
entanglement_assisted_all_shared_local_route,localized_only,base_0013,0,8,3390.0,module_3
entanglement_assisted_all_shared_local_route,localized_only,base_0013,0,9,3810.0,module_2
entanglement_assisted_all_shared_local_route,localized_only,base_0013,0,10,4230.0,module_1
entanglement_assisted_all_shared_local_route,localized_only,base_0013,0,11,4650.0,module_4
entanglement_assisted_all_shared_local_route,localized_only,base_0013,0,12,5070.0,module_3
entanglement_assisted_all_shared_local_route,localized_only,base_0013,0,13,5490.0,module_1
entanglement_assisted_all_shared_local_route,localized_only,base_0013,0,14,5910.0,module_4
entanglement_assisted_all_shared_local_route,localized_only,base_0013,0,15,6330.0,module_2
entanglement_assisted_all_shared_local_route,localized_only,base_0013,0,16,6750.0,module_1
entanglement_assisted_all_shared_local_route,localized_only,base_0013,0,17,7170.0,module_2
entanglement_assisted_all_shared_local_route,localized_only,base_0013,0,18,7590.0,module_3
entanglement_assisted_all_shared_local_route,localized_only,base_0013,0,19,8010.0,module_4
entanglement_assisted_all_shared_local_route,localized_only,base_0013,0,20,8430.0,module_2
entanglement_assisted_all_shared_local_route,localized_only,base_0013,0,21,8850.0,module_3
entanglement_assisted_all_shared_local_route,localized_only,base_0013,0,22,9270.0,module_1
entanglement_assisted_all_shared_local_route,localized_only,base_0013,0,23,9690.0,module_4
entanglement_assisted_all_shared_local_route,localized_only,base_0013,0,24,10110.0,module_1
entanglement_assisted_all_shared_local_route,localized_only,base_0013,0,25,10530.0,module_2
entanglement_assisted_all_shared_local_route,localized_only,base_0013,0,26,10950.0,module_4
entanglement_assisted_all_shared_local_route,localized_only,base_0013,0,27,11370.0,module_3
entanglement_assisted_all_shared_local_route,localized_only,base_0013,0,28,11790.0,module_4
entanglement_assisted_all_shared_local_route,localized_only,base_0013,0,29,12210.0,module_3
entanglement_assisted_all_shared_local_route,localized_only,base_0013,0,30,12630.0,module_2
entanglement_assisted_all_shared_local_route,localized_only,base_0013,0,31,13050.0,module_1
entanglement_assisted_all_shared_local_route,localized_only,base_0013,0,32,13470.0,module_1
entanglement_assisted_all_shared_local_route,localized_only,base_0013,0,33,13890.0,module_4
entanglement_assisted_all_shared_local_route,localized_only,base_0013,0,34,14310.0,module_2
entanglement_assisted_all_shared_local_route,localized_only,base_0013,0,35,14730.0,module_3
entanglement_assisted_all_shared_local_route,localized_only,base_0013,0,36,15150.0,module_3
entanglement_assisted_all_shared_local_route,localized_only,base_0013,0,37,15570.0,module_4
entanglement_assisted_all_shared_local_route,localized_only,base_0013,0,38,15990.0,module_2
entanglement_assisted_all_shared_local_route,localized_only,base_0013,0,39,16410.0,module_1
entanglement_assisted_all_shared_local_route,localized_only,base_0013,0,40,16830.0,module_1
entanglement_assisted_all_shared_local_route,localized_only,base_0013,0,41,17250.0,module_3
entanglement_assisted_all_shared_local_route,localized_only,base_0013,0,42,17670.0,module_4
entanglement_assisted_all_shared_local_route,localized_only,base_0013,0,43,18090.0,module_2
entanglement_assisted_all_shared_local_route,localized_only,base_0013,0,44,18510.0,module_2
entanglement_assisted_all_shared_local_route,localized_only,base_0013,0,45,18930.0,module_1
entanglement_assisted_all_shared_local_route,localized_only,base_0013,0,46,19350.0,module_3
entanglement_assisted_all_shared_local_route,localized_only,base_0013,0,47,19770.0,module_4
entanglement_assisted_all_shared_local_route,localized_only,base_0013,1,0,30.0,module_4
entanglement_assisted_all_shared_local_route,localized_only,base_0013,1,1,450.0,module_1
entanglement_assisted_all_shared_local_route,localized_only,base_0013,1,2,870.0,module_3
entanglement_assisted_all_shared_local_route,localized_only,base_0013,1,3,1290.0,module_2
entanglement_assisted_all_shared_local_route,localized_only,base_0013,1,4,1710.0,module_4
entanglement_assisted_all_shared_local_route,localized_only,base_0013,1,5,2130.0,module_3
entanglement_assisted_all_shared_local_route,localized_only,base_0013,1,6,2550.0,module_2
entanglement_assisted_all_shared_local_route,localized_only,base_0013,1,7,2970.0,module_1
entanglement_assisted_all_shared_local_route,localized_only,base_0013,1,8,3390.0,module_1
entanglement_assisted_all_shared_local_route,localized_only,base_0013,1,9,3810.0,module_3
entanglement_assisted_all_shared_local_route,localized_only,base_0013,1,10,4230.0,module_2
entanglement_assisted_all_shared_local_route,localized_only,base_0013,1,11,4650.0,module_4
entanglement_assisted_all_shared_local_route,localized_only,base_0013,1,12,5070.0,module_2
entanglement_assisted_all_shared_local_route,localized_only,base_0013,1,13,5490.0,module_3
entanglement_assisted_all_shared_local_route,localized_only,base_0013,1,14,5910.0,module_4
entanglement_assisted_all_shared_local_route,localized_only,base_0013,1,15,6330.0,module_1
entanglement_assisted_all_shared_local_route,localized_only,base_0013,1,16,6750.0,module_3
entanglement_assisted_all_shared_local_route,localized_only,base_0013,1,17,7170.0,module_2
entanglement_assisted_all_shared_local_route,localized_only,base_0013,1,18,7590.0,module_1
entanglement_assisted_all_shared_local_route,localized_only,base_0013,1,19,8010.0,module_4
entanglement_assisted_all_shared_local_route,localized_only,base_0013,1,20,8430.0,module_1
entanglement_assisted_all_shared_local_route,localized_only,base_0013,1,21,8850.0,module_3
entanglement_assisted_all_shared_local_route,localized_only,base_0013,1,22,9270.0,module_2
entanglement_assisted_all_shared_local_route,localized_only,base_0013,1,23,9690.0,module_4
entanglement_assisted_all_shared_local_route,localized_only,base_0013,1,24,10110.0,module_2
entanglement_assisted_all_shared_local_route,localized_only,base_0013,1,25,10530.0,module_3
entanglement_assisted_all_shared_local_route,localized_only,base_0013,1,26,10950.0,module_1
entanglement_assisted_all_shared_local_route,localized_only,base_0013,1,27,11370.0,module_4
entanglement_assisted_all_shared_local_route,localized_only,base_0013,1,28,11790.0,module_3
entanglement_assisted_all_shared_local_route,localized_only,base_0013,1,29,12210.0,module_2
entanglement_assisted_all_shared_local_route,localized_only,base_0013,1,30,12630.0,module_1
entanglement_assisted_all_shared_local_route,localized_only,base_0013,1,31,13050.0,module_4
entanglement_assisted_all_shared_local_route,localized_only,base_0013,1,32,13470.0,module_4
entanglement_assisted_all_shared_local_route,localized_only,base_0013,1,33,13890.0,module_3
entanglement_assisted_all_shared_local_route,localized_only,base_0013,1,34,14310.0,module_1
entanglement_assisted_all_shared_local_route,localized_only,base_0013,1,35,14730.0,module_2
entanglement_assisted_all_shared_local_route,localized_only,base_0013,1,36,15150.0,module_2
entanglement_assisted_all_shared_local_route,localized_only,base_0013,1,37,15570.0,module_3
entanglement_assisted_all_shared_local_route,localized_only,base_0013,1,38,15990.0,module_1
entanglement_assisted_all_shared_local_route,localized_only,base_0013,1,39,16410.0,module_4
entanglement_assisted_all_shared_local_route,localized_only,base_0013,1,40,16830.0,module_3
entanglement_assisted_all_shared_local_route,localized_only,base_0013,1,41,17250.0,module_4
entanglement_assisted_all_shared_local_route,localized_only,base_0013,1,42,17670.0,module_2
entanglement_assisted_all_shared_local_route,localized_only,base_0013,1,43,18090.0,module_1
entanglement_assisted_all_shared_local_route,localized_only,base_0013,1,44,18510.0,module_1
entanglement_assisted_all_shared_local_route,localized_only,base_0013,1,45,18930.0,module_4
entanglement_assisted_all_shared_local_route,localized_only,base_0013,1,46,19350.0,module_2
entanglement_assisted_all_shared_local_route,localized_only,base_0013,1,47,19770.0,module_3
entanglement_assisted_all_shared_local_route,localized_only,base_0014,0,0,30.0,module_3
entanglement_assisted_all_shared_local_route,localized_only,base_0014,0,1,450.0,module_1
entanglement_assisted_all_shared_local_route,localized_only,base_0014,0,2,870.0,module_2
entanglement_assisted_all_shared_local_route,localized_only,base_0014,0,3,1290.0,module_4
entanglement_assisted_all_shared_local_route,localized_only,base_0014,0,4,1710.0,module_4
entanglement_assisted_all_shared_local_route,localized_only,base_0014,0,5,2130.0,module_1
entanglement_assisted_all_shared_local_route,localized_only,base_0014,0,6,2550.0,module_3
entanglement_assisted_all_shared_local_route,localized_only,base_0014,0,7,2970.0,module_2
entanglement_assisted_all_shared_local_route,localized_only,base_0014,0,8,3390.0,module_3
entanglement_assisted_all_shared_local_route,localized_only,base_0014,0,9,3810.0,module_4
entanglement_assisted_all_shared_local_route,localized_only,base_0014,0,10,4230.0,module_1
entanglement_assisted_all_shared_local_route,localized_only,base_0014,0,11,4650.0,module_2
entanglement_assisted_all_shared_local_route,localized_only,base_0014,0,12,5070.0,module_4
entanglement_assisted_all_shared_local_route,localized_only,base_0014,0,13,5490.0,module_2
entanglement_assisted_all_shared_local_route,localized_only,base_0014,0,14,5910.0,module_3
entanglement_assisted_all_shared_local_route,localized_only,base_0014,0,15,6330.0,module_1
entanglement_assisted_all_shared_local_route,localized_only,base_0014,0,16,6750.0,module_1
entanglement_assisted_all_shared_local_route,localized_only,base_0014,0,17,7170.0,module_3
entanglement_assisted_all_shared_local_route,localized_only,base_0014,0,18,7590.0,module_2
entanglement_assisted_all_shared_local_route,localized_only,base_0014,0,19,8010.0,module_4
entanglement_assisted_all_shared_local_route,localized_only,base_0014,0,20,8430.0,module_4
entanglement_assisted_all_shared_local_route,localized_only,base_0014,0,21,8850.0,module_3
entanglement_assisted_all_shared_local_route,localized_only,base_0014,0,22,9270.0,module_2
entanglement_assisted_all_shared_local_route,localized_only,base_0014,0,23,9690.0,module_1
entanglement_assisted_all_shared_local_route,localized_only,base_0014,0,24,10110.0,module_4
entanglement_assisted_all_shared_local_route,localized_only,base_0014,0,25,10530.0,module_1
entanglement_assisted_all_shared_local_route,localized_only,base_0014,0,26,10950.0,module_3
entanglement_assisted_all_shared_local_route,localized_only,base_0014,0,27,11370.0,module_2
entanglement_assisted_all_shared_local_route,localized_only,base_0014,0,28,11790.0,module_1
entanglement_assisted_all_shared_local_route,localized_only,base_0014,0,29,12210.0,module_3
entanglement_assisted_all_shared_local_route,localized_only,base_0014,0,30,12630.0,module_4
entanglement_assisted_all_shared_local_route,localized_only,base_0014,0,31,13050.0,module_2
entanglement_assisted_all_shared_local_route,localized_only,base_0014,0,32,13470.0,module_2
entanglement_assisted_all_shared_local_route,localized_only,base_0014,0,33,13890.0,module_1
entanglement_assisted_all_shared_local_route,localized_only,base_0014,0,34,14310.0,module_4
entanglement_assisted_all_shared_local_route,localized_only,base_0014,0,35,14730.0,module_3
entanglement_assisted_all_shared_local_route,localized_only,base_0014,0,36,15150.0,module_4
entanglement_assisted_all_shared_local_route,localized_only,base_0014,0,37,15570.0,module_1
entanglement_assisted_all_shared_local_route,localized_only,base_0014,0,38,15990.0,module_2
entanglement_assisted_all_shared_local_route,localized_only,base_0014,0,39,16410.0,module_3
entanglement_assisted_all_shared_local_route,localized_only,base_0014,0,40,16830.0,module_2
entanglement_assisted_all_shared_local_route,localized_only,base_0014,0,41,17250.0,module_4
entanglement_assisted_all_shared_local_route,localized_only,base_0014,0,42,17670.0,module_3
entanglement_assisted_all_shared_local_route,localized_only,base_0014,0,43,18090.0,module_1
entanglement_assisted_all_shared_local_route,localized_only,base_0014,0,44,18510.0,module_3
entanglement_assisted_all_shared_local_route,localized_only,base_0014,0,45,18930.0,module_2
entanglement_assisted_all_shared_local_route,localized_only,base_0014,0,46,19350.0,module_4
entanglement_assisted_all_shared_local_route,localized_only,base_0014,0,47,19770.0,module_1
entanglement_assisted_all_shared_local_route,localized_only,base_0014,1,0,30.0,module_4
entanglement_assisted_all_shared_local_route,localized_only,base_0014,1,1,450.0,module_2
entanglement_assisted_all_shared_local_route,localized_only,base_0014,1,2,870.0,module_1
entanglement_assisted_all_shared_local_route,localized_only,base_0014,1,3,1290.0,module_3
entanglement_assisted_all_shared_local_route,localized_only,base_0014,1,4,1710.0,module_1
entanglement_assisted_all_shared_local_route,localized_only,base_0014,1,5,2130.0,module_4
entanglement_assisted_all_shared_local_route,localized_only,base_0014,1,6,2550.0,module_3
entanglement_assisted_all_shared_local_route,localized_only,base_0014,1,7,2970.0,module_2
entanglement_assisted_all_shared_local_route,localized_only,base_0014,1,8,3390.0,module_3
entanglement_assisted_all_shared_local_route,localized_only,base_0014,1,9,3810.0,module_2
entanglement_assisted_all_shared_local_route,localized_only,base_0014,1,10,4230.0,module_1
entanglement_assisted_all_shared_local_route,localized_only,base_0014,1,11,4650.0,module_4
entanglement_assisted_all_shared_local_route,localized_only,base_0014,1,12,5070.0,module_4
entanglement_assisted_all_shared_local_route,localized_only,base_0014,1,13,5490.0,module_3
entanglement_assisted_all_shared_local_route,localized_only,base_0014,1,14,5910.0,module_1
entanglement_assisted_all_shared_local_route,localized_only,base_0014,1,15,6330.0,module_2
entanglement_assisted_all_shared_local_route,localized_only,base_0014,1,16,6750.0,module_4
entanglement_assisted_all_shared_local_route,localized_only,base_0014,1,17,7170.0,module_1
entanglement_assisted_all_shared_local_route,localized_only,base_0014,1,18,7590.0,module_3
entanglement_assisted_all_shared_local_route,localized_only,base_0014,1,19,8010.0,module_2
entanglement_assisted_all_shared_local_route,localized_only,base_0014,1,20,8430.0,module_2
entanglement_assisted_all_shared_local_route,localized_only,base_0014,1,21,8850.0,module_3
entanglement_assisted_all_shared_local_route,localized_only,base_0014,1,22,9270.0,module_4
entanglement_assisted_all_shared_local_route,localized_only,base_0014,1,23,9690.0,module_1
entanglement_assisted_all_shared_local_route,localized_only,base_0014,1,24,10110.0,module_1
entanglement_assisted_all_shared_local_route,localized_only,base_0014,1,25,10530.0,module_2
entanglement_assisted_all_shared_local_route,localized_only,base_0014,1,26,10950.0,module_3
entanglement_assisted_all_shared_local_route,localized_only,base_0014,1,27,11370.0,module_4
entanglement_assisted_all_shared_local_route,localized_only,base_0014,1,28,11790.0,module_1
entanglement_assisted_all_shared_local_route,localized_only,base_0014,1,29,12210.0,module_4
entanglement_assisted_all_shared_local_route,localized_only,base_0014,1,30,12630.0,module_3
entanglement_assisted_all_shared_local_route,localized_only,base_0014,1,31,13050.0,module_2
entanglement_assisted_all_shared_local_route,localized_only,base_0014,1,32,13470.0,module_1
entanglement_assisted_all_shared_local_route,localized_only,base_0014,1,33,13890.0,module_4
entanglement_assisted_all_shared_local_route,localized_only,base_0014,1,34,14310.0,module_2
entanglement_assisted_all_shared_local_route,localized_only,base_0014,1,35,14730.0,module_3
entanglement_assisted_all_shared_local_route,localized_only,base_0014,1,36,15150.0,module_3
entanglement_assisted_all_shared_local_route,localized_only,base_0014,1,37,15570.0,module_1
entanglement_assisted_all_shared_local_route,localized_only,base_0014,1,38,15990.0,module_2
entanglement_assisted_all_shared_local_route,localized_only,base_0014,1,39,16410.0,module_4
entanglement_assisted_all_shared_local_route,localized_only,base_0014,1,40,16830.0,module_4
entanglement_assisted_all_shared_local_route,localized_only,base_0014,1,41,17250.0,module_2
entanglement_assisted_all_shared_local_route,localized_only,base_0014,1,42,17670.0,module_1
entanglement_assisted_all_shared_local_route,localized_only,base_0014,1,43,18090.0,module_3
entanglement_assisted_all_shared_local_route,localized_only,base_0014,1,44,18510.0,module_4
entanglement_assisted_all_shared_local_route,localized_only,base_0014,1,45,18930.0,module_1
entanglement_assisted_all_shared_local_route,localized_only,base_0014,1,46,19350.0,module_2
entanglement_assisted_all_shared_local_route,localized_only,base_0014,1,47,19770.0,module_3
entanglement_assisted_all_shared_local_route,localized_only,base_0015,0,0,30.0,module_1
entanglement_assisted_all_shared_local_route,localized_only,base_0015,0,1,450.0,module_3
entanglement_assisted_all_shared_local_route,localized_only,base_0015,0,2,870.0,module_4
entanglement_assisted_all_shared_local_route,localized_only,base_0015,0,3,1290.0,module_2
entanglement_assisted_all_shared_local_route,localized_only,base_0015,0,4,1710.0,module_3
entanglement_assisted_all_shared_local_route,localized_only,base_0015,0,5,2130.0,module_4
entanglement_assisted_all_shared_local_route,localized_only,base_0015,0,6,2550.0,module_1
entanglement_assisted_all_shared_local_route,localized_only,base_0015,0,7,2970.0,module_2
entanglement_assisted_all_shared_local_route,localized_only,base_0015,0,8,3390.0,module_4
entanglement_assisted_all_shared_local_route,localized_only,base_0015,0,9,3810.0,module_1
entanglement_assisted_all_shared_local_route,localized_only,base_0015,0,10,4230.0,module_3
entanglement_assisted_all_shared_local_route,localized_only,base_0015,0,11,4650.0,module_2
entanglement_assisted_all_shared_local_route,localized_only,base_0015,0,12,5070.0,module_1
entanglement_assisted_all_shared_local_route,localized_only,base_0015,0,13,5490.0,module_3
entanglement_assisted_all_shared_local_route,localized_only,base_0015,0,14,5910.0,module_4
entanglement_assisted_all_shared_local_route,localized_only,base_0015,0,15,6330.0,module_2
entanglement_assisted_all_shared_local_route,localized_only,base_0015,0,16,6750.0,module_2
entanglement_assisted_all_shared_local_route,localized_only,base_0015,0,17,7170.0,module_3
entanglement_assisted_all_shared_local_route,localized_only,base_0015,0,18,7590.0,module_4
entanglement_assisted_all_shared_local_route,localized_only,base_0015,0,19,8010.0,module_1
entanglement_assisted_all_shared_local_route,localized_only,base_0015,0,20,8430.0,module_4
entanglement_assisted_all_shared_local_route,localized_only,base_0015,0,21,8850.0,module_2
entanglement_assisted_all_shared_local_route,localized_only,base_0015,0,22,9270.0,module_1
entanglement_assisted_all_shared_local_route,localized_only,base_0015,0,23,9690.0,module_3
entanglement_assisted_all_shared_local_route,localized_only,base_0015,0,24,10110.0,module_1
entanglement_assisted_all_shared_local_route,localized_only,base_0015,0,25,10530.0,module_2
entanglement_assisted_all_shared_local_route,localized_only,base_0015,0,26,10950.0,module_4
entanglement_assisted_all_shared_local_route,localized_only,base_0015,0,27,11370.0,module_3
entanglement_assisted_all_shared_local_route,localized_only,base_0015,0,28,11790.0,module_3
entanglement_assisted_all_shared_local_route,localized_only,base_0015,0,29,12210.0,module_4
entanglement_assisted_all_shared_local_route,localized_only,base_0015,0,30,12630.0,module_2
entanglement_assisted_all_shared_local_route,localized_only,base_0015,0,31,13050.0,module_1
entanglement_assisted_all_shared_local_route,localized_only,base_0015,0,32,13470.0,module_2
entanglement_assisted_all_shared_local_route,localized_only,base_0015,0,33,13890.0,module_3
entanglement_assisted_all_shared_local_route,localized_only,base_0015,0,34,14310.0,module_1
entanglement_assisted_all_shared_local_route,localized_only,base_0015,0,35,14730.0,module_4
entanglement_assisted_all_shared_local_route,localized_only,base_0015,0,36,15150.0,module_2
entanglement_assisted_all_shared_local_route,localized_only,base_0015,0,37,15570.0,module_4
entanglement_assisted_all_shared_local_route,localized_only,base_0015,0,38,15990.0,module_1
entanglement_assisted_all_shared_local_route,localized_only,base_0015,0,39,16410.0,module_3
entanglement_assisted_all_shared_local_route,localized_only,base_0015,0,40,16830.0,module_2
entanglement_assisted_all_shared_local_route,localized_only,base_0015,0,41,17250.0,module_4
entanglement_assisted_all_shared_local_route,localized_only,base_0015,0,42,17670.0,module_3
entanglement_assisted_all_shared_local_route,localized_only,base_0015,0,43,18090.0,module_1
entanglement_assisted_all_shared_local_route,localized_only,base_0015,0,44,18510.0,module_3
entanglement_assisted_all_shared_local_route,localized_only,base_0015,0,45,18930.0,module_1
entanglement_assisted_all_shared_local_route,localized_only,base_0015,0,46,19350.0,module_4
entanglement_assisted_all_shared_local_route,localized_only,base_0015,0,47,19770.0,module_2
entanglement_assisted_all_shared_local_route,localized_only,base_0015,1,0,30.0,module_3
entanglement_assisted_all_shared_local_route,localized_only,base_0015,1,1,450.0,module_2
entanglement_assisted_all_shared_local_route,localized_only,base_0015,1,2,870.0,module_1
entanglement_assisted_all_shared_local_route,localized_only,base_0015,1,3,1290.0,module_4
entanglement_assisted_all_shared_local_route,localized_only,base_0015,1,4,1710.0,module_4
entanglement_assisted_all_shared_local_route,localized_only,base_0015,1,5,2130.0,module_3
entanglement_assisted_all_shared_local_route,localized_only,base_0015,1,6,2550.0,module_2
entanglement_assisted_all_shared_local_route,localized_only,base_0015,1,7,2970.0,module_1
entanglement_assisted_all_shared_local_route,localized_only,base_0015,1,8,3390.0,module_3
entanglement_assisted_all_shared_local_route,localized_only,base_0015,1,9,3810.0,module_4
entanglement_assisted_all_shared_local_route,localized_only,base_0015,1,10,4230.0,module_1
entanglement_assisted_all_shared_local_route,localized_only,base_0015,1,11,4650.0,module_2
entanglement_assisted_all_shared_local_route,localized_only,base_0015,1,12,5070.0,module_4
entanglement_assisted_all_shared_local_route,localized_only,base_0015,1,13,5490.0,module_3
entanglement_assisted_all_shared_local_route,localized_only,base_0015,1,14,5910.0,module_2
entanglement_assisted_all_shared_local_route,localized_only,base_0015,1,15,6330.0,module_1
entanglement_assisted_all_shared_local_route,localized_only,base_0015,1,16,6750.0,module_4
entanglement_assisted_all_shared_local_route,localized_only,base_0015,1,17,7170.0,module_3
entanglement_assisted_all_shared_local_route,localized_only,base_0015,1,18,7590.0,module_2
entanglement_assisted_all_shared_local_route,localized_only,base_0015,1,19,8010.0,module_1
entanglement_assisted_all_shared_local_route,localized_only,base_0015,1,20,8430.0,module_3
entanglement_assisted_all_shared_local_route,localized_only,base_0015,1,21,8850.0,module_1
entanglement_assisted_all_shared_local_route,localized_only,base_0015,1,22,9270.0,module_2
entanglement_assisted_all_shared_local_route,localized_only,base_0015,1,23,9690.0,module_4
entanglement_assisted_all_shared_local_route,localized_only,base_0015,1,24,10110.0,module_3
entanglement_assisted_all_shared_local_route,localized_only,base_0015,1,25,10530.0,module_1
entanglement_assisted_all_shared_local_route,localized_only,base_0015,1,26,10950.0,module_4
entanglement_assisted_all_shared_local_route,localized_only,base_0015,1,27,11370.0,module_2
entanglement_assisted_all_shared_local_route,localized_only,base_0015,1,28,11790.0,module_3
entanglement_assisted_all_shared_local_route,localized_only,base_0015,1,29,12210.0,module_2
entanglement_assisted_all_shared_local_route,localized_only,base_0015,1,30,12630.0,module_1
entanglement_assisted_all_shared_local_route,localized_only,base_0015,1,31,13050.0,module_4
entanglement_assisted_all_shared_local_route,localized_only,base_0015,1,32,13470.0,module_1
entanglement_assisted_all_shared_local_route,localized_only,base_0015,1,33,13890.0,module_4
entanglement_assisted_all_shared_local_route,localized_only,base_0015,1,34,14310.0,module_2
entanglement_assisted_all_shared_local_route,localized_only,base_0015,1,35,14730.0,module_3
entanglement_assisted_all_shared_local_route,localized_only,base_0015,1,36,15150.0,module_3
entanglement_assisted_all_shared_local_route,localized_only,base_0015,1,37,15570.0,module_2
entanglement_assisted_all_shared_local_route,localized_only,base_0015,1,38,15990.0,module_1
entanglement_assisted_all_shared_local_route,localized_only,base_0015,1,39,16410.0,module_4
entanglement_assisted_all_shared_local_route,localized_only,base_0015,1,40,16830.0,module_2
entanglement_assisted_all_shared_local_route,localized_only,base_0015,1,41,17250.0,module_1
entanglement_assisted_all_shared_local_route,localized_only,base_0015,1,42,17670.0,module_4
entanglement_assisted_all_shared_local_route,localized_only,base_0015,1,43,18090.0,module_3
entanglement_assisted_all_shared_local_route,localized_only,base_0015,1,44,18510.0,module_3
entanglement_assisted_all_shared_local_route,localized_only,base_0015,1,45,18930.0,module_2
entanglement_assisted_all_shared_local_route,localized_only,base_0015,1,46,19350.0,module_4
entanglement_assisted_all_shared_local_route,localized_only,base_0015,1,47,19770.0,module_1
entanglement_assisted_all_shared_local_route,localized_only,base_0016,0,0,30.0,module_2
entanglement_assisted_all_shared_local_route,localized_only,base_0016,0,1,450.0,module_1
entanglement_assisted_all_shared_local_route,localized_only,base_0016,0,2,870.0,module_3
entanglement_assisted_all_shared_local_route,localized_only,base_0016,0,3,1290.0,module_4
entanglement_assisted_all_shared_local_route,localized_only,base_0016,0,4,1710.0,module_4
entanglement_assisted_all_shared_local_route,localized_only,base_0016,0,5,2130.0,module_3
entanglement_assisted_all_shared_local_route,localized_only,base_0016,0,6,2550.0,module_1
entanglement_assisted_all_shared_local_route,localized_only,base_0016,0,7,2970.0,module_2
entanglement_assisted_all_shared_local_route,localized_only,base_0016,0,8,3390.0,module_4
entanglement_assisted_all_shared_local_route,localized_only,base_0016,0,9,3810.0,module_1
entanglement_assisted_all_shared_local_route,localized_only,base_0016,0,10,4230.0,module_3
entanglement_assisted_all_shared_local_route,localized_only,base_0016,0,11,4650.0,module_2
entanglement_assisted_all_shared_local_route,localized_only,base_0016,0,12,5070.0,module_1
entanglement_assisted_all_shared_local_route,localized_only,base_0016,0,13,5490.0,module_3
entanglement_assisted_all_shared_local_route,localized_only,base_0016,0,14,5910.0,module_2
entanglement_assisted_all_shared_local_route,localized_only,base_0016,0,15,6330.0,module_4
entanglement_assisted_all_shared_local_route,localized_only,base_0016,0,16,6750.0,module_4
entanglement_assisted_all_shared_local_route,localized_only,base_0016,0,17,7170.0,module_3
entanglement_assisted_all_shared_local_route,localized_only,base_0016,0,18,7590.0,module_2
entanglement_assisted_all_shared_local_route,localized_only,base_0016,0,19,8010.0,module_1
entanglement_assisted_all_shared_local_route,localized_only,base_0016,0,20,8430.0,module_1
entanglement_assisted_all_shared_local_route,localized_only,base_0016,0,21,8850.0,module_4
entanglement_assisted_all_shared_local_route,localized_only,base_0016,0,22,9270.0,module_2
entanglement_assisted_all_shared_local_route,localized_only,base_0016,0,23,9690.0,module_3
entanglement_assisted_all_shared_local_route,localized_only,base_0016,0,24,10110.0,module_4
entanglement_assisted_all_shared_local_route,localized_only,base_0016,0,25,10530.0,module_1
entanglement_assisted_all_shared_local_route,localized_only,base_0016,0,26,10950.0,module_3
entanglement_assisted_all_shared_local_route,localized_only,base_0016,0,27,11370.0,module_2
entanglement_assisted_all_shared_local_route,localized_only,base_0016,0,28,11790.0,module_4
entanglement_assisted_all_shared_local_route,localized_only,base_0016,0,29,12210.0,module_2
entanglement_assisted_all_shared_local_route,localized_only,base_0016,0,30,12630.0,module_3
entanglement_assisted_all_shared_local_route,localized_only,base_0016,0,31,13050.0,module_1
entanglement_assisted_all_shared_local_route,localized_only,base_0016,0,32,13470.0,module_4
entanglement_assisted_all_shared_local_route,localized_only,base_0016,0,33,13890.0,module_2
entanglement_assisted_all_shared_local_route,localized_only,base_0016,0,34,14310.0,module_1
entanglement_assisted_all_shared_local_route,localized_only,base_0016,0,35,14730.0,module_3
entanglement_assisted_all_shared_local_route,localized_only,base_0016,0,36,15150.0,module_1
entanglement_assisted_all_shared_local_route,localized_only,base_0016,0,37,15570.0,module_3
entanglement_assisted_all_shared_local_route,localized_only,base_0016,0,38,15990.0,module_4
entanglement_assisted_all_shared_local_route,localized_only,base_0016,0,39,16410.0,module_2
entanglement_assisted_all_shared_local_route,localized_only,base_0016,0,40,16830.0,module_1
entanglement_assisted_all_shared_local_route,localized_only,base_0016,0,41,17250.0,module_3
entanglement_assisted_all_shared_local_route,localized_only,base_0016,0,42,17670.0,module_4
entanglement_assisted_all_shared_local_route,localized_only,base_0016,0,43,18090.0,module_2
entanglement_assisted_all_shared_local_route,localized_only,base_0016,0,44,18510.0,module_4
entanglement_assisted_all_shared_local_route,localized_only,base_0016,0,45,18930.0,module_3
entanglement_assisted_all_shared_local_route,localized_only,base_0016,0,46,19350.0,module_2
entanglement_assisted_all_shared_local_route,localized_only,base_0016,0,47,19770.0,module_1
entanglement_assisted_all_shared_local_route,localized_only,base_0016,1,0,30.0,module_3
entanglement_assisted_all_shared_local_route,localized_only,base_0016,1,1,450.0,module_1
entanglement_assisted_all_shared_local_route,localized_only,base_0016,1,2,870.0,module_2
entanglement_assisted_all_shared_local_route,localized_only,base_0016,1,3,1290.0,module_4
entanglement_assisted_all_shared_local_route,localized_only,base_0016,1,4,1710.0,module_1
entanglement_assisted_all_shared_local_route,localized_only,base_0016,1,5,2130.0,module_2
entanglement_assisted_all_shared_local_route,localized_only,base_0016,1,6,2550.0,module_4
entanglement_assisted_all_shared_local_route,localized_only,base_0016,1,7,2970.0,module_3
entanglement_assisted_all_shared_local_route,localized_only,base_0016,1,8,3390.0,module_2
entanglement_assisted_all_shared_local_route,localized_only,base_0016,1,9,3810.0,module_3
entanglement_assisted_all_shared_local_route,localized_only,base_0016,1,10,4230.0,module_1
entanglement_assisted_all_shared_local_route,localized_only,base_0016,1,11,4650.0,module_4
entanglement_assisted_all_shared_local_route,localized_only,base_0016,1,12,5070.0,module_2
entanglement_assisted_all_shared_local_route,localized_only,base_0016,1,13,5490.0,module_3
entanglement_assisted_all_shared_local_route,localized_only,base_0016,1,14,5910.0,module_4
entanglement_assisted_all_shared_local_route,localized_only,base_0016,1,15,6330.0,module_1
entanglement_assisted_all_shared_local_route,localized_only,base_0016,1,16,6750.0,module_4
entanglement_assisted_all_shared_local_route,localized_only,base_0016,1,17,7170.0,module_1
entanglement_assisted_all_shared_local_route,localized_only,base_0016,1,18,7590.0,module_3
entanglement_assisted_all_shared_local_route,localized_only,base_0016,1,19,8010.0,module_2
entanglement_assisted_all_shared_local_route,localized_only,base_0016,1,20,8430.0,module_4
entanglement_assisted_all_shared_local_route,localized_only,base_0016,1,21,8850.0,module_2
entanglement_assisted_all_shared_local_route,localized_only,base_0016,1,22,9270.0,module_3
entanglement_assisted_all_shared_local_route,localized_only,base_0016,1,23,9690.0,module_1
entanglement_assisted_all_shared_local_route,localized_only,base_0016,1,24,10110.0,module_3
entanglement_assisted_all_shared_local_route,localized_only,base_0016,1,25,10530.0,module_4
entanglement_assisted_all_shared_local_route,localized_only,base_0016,1,26,10950.0,module_1
entanglement_assisted_all_shared_local_route,localized_only,base_0016,1,27,11370.0,module_2
entanglement_assisted_all_shared_local_route,localized_only,base_0016,1,28,11790.0,module_4
entanglement_assisted_all_shared_local_route,localized_only,base_0016,1,29,12210.0,module_2
entanglement_assisted_all_shared_local_route,localized_only,base_0016,1,30,12630.0,module_3
entanglement_assisted_all_shared_local_route,localized_only,base_0016,1,31,13050.0,module_1
entanglement_assisted_all_shared_local_route,localized_only,base_0016,1,32,13470.0,module_2
entanglement_assisted_all_shared_local_route,localized_only,base_0016,1,33,13890.0,module_3
entanglement_assisted_all_shared_local_route,localized_only,base_0016,1,34,14310.0,module_1
entanglement_assisted_all_shared_local_route,localized_only,base_0016,1,35,14730.0,module_4
entanglement_assisted_all_shared_local_route,localized_only,base_0016,1,36,15150.0,module_1
entanglement_assisted_all_shared_local_route,localized_only,base_0016,1,37,15570.0,module_4
entanglement_assisted_all_shared_local_route,localized_only,base_0016,1,38,15990.0,module_2
entanglement_assisted_all_shared_local_route,localized_only,base_0016,1,39,16410.0,module_3
entanglement_assisted_all_shared_local_route,localized_only,base_0016,1,40,16830.0,module_2
entanglement_assisted_all_shared_local_route,localized_only,base_0016,1,41,17250.0,module_3
entanglement_assisted_all_shared_local_route,localized_only,base_0016,1,42,17670.0,module_1
entanglement_assisted_all_shared_local_route,localized_only,base_0016,1,43,18090.0,module_4
entanglement_assisted_all_shared_local_route,localized_only,base_0016,1,44,18510.0,module_2
entanglement_assisted_all_shared_local_route,localized_only,base_0016,1,45,18930.0,module_1
entanglement_assisted_all_shared_local_route,localized_only,base_0016,1,46,19350.0,module_3
entanglement_assisted_all_shared_local_route,localized_only,base_0016,1,47,19770.0,module_4
entanglement_assisted_all_shared_local_route,localized_only,base_0017,0,0,30.0,module_3
entanglement_assisted_all_shared_local_route,localized_only,base_0017,0,1,450.0,module_1
entanglement_assisted_all_shared_local_route,localized_only,base_0017,0,2,870.0,module_2
entanglement_assisted_all_shared_local_route,localized_only,base_0017,0,3,1290.0,module_4
entanglement_assisted_all_shared_local_route,localized_only,base_0017,0,4,1710.0,module_3
entanglement_assisted_all_shared_local_route,localized_only,base_0017,0,5,2130.0,module_4
entanglement_assisted_all_shared_local_route,localized_only,base_0017,0,6,2550.0,module_1
entanglement_assisted_all_shared_local_route,localized_only,base_0017,0,7,2970.0,module_2
entanglement_assisted_all_shared_local_route,localized_only,base_0017,0,8,3390.0,module_3
entanglement_assisted_all_shared_local_route,localized_only,base_0017,0,9,3810.0,module_1
entanglement_assisted_all_shared_local_route,localized_only,base_0017,0,10,4230.0,module_2
entanglement_assisted_all_shared_local_route,localized_only,base_0017,0,11,4650.0,module_4
entanglement_assisted_all_shared_local_route,localized_only,base_0017,0,12,5070.0,module_3
entanglement_assisted_all_shared_local_route,localized_only,base_0017,0,13,5490.0,module_4
entanglement_assisted_all_shared_local_route,localized_only,base_0017,0,14,5910.0,module_2
entanglement_assisted_all_shared_local_route,localized_only,base_0017,0,15,6330.0,module_1
entanglement_assisted_all_shared_local_route,localized_only,base_0017,0,16,6750.0,module_3
entanglement_assisted_all_shared_local_route,localized_only,base_0017,0,17,7170.0,module_2
entanglement_assisted_all_shared_local_route,localized_only,base_0017,0,18,7590.0,module_4
entanglement_assisted_all_shared_local_route,localized_only,base_0017,0,19,8010.0,module_1
entanglement_assisted_all_shared_local_route,localized_only,base_0017,0,20,8430.0,module_3
entanglement_assisted_all_shared_local_route,localized_only,base_0017,0,21,8850.0,module_4
entanglement_assisted_all_shared_local_route,localized_only,base_0017,0,22,9270.0,module_1
entanglement_assisted_all_shared_local_route,localized_only,base_0017,0,23,9690.0,module_2
entanglement_assisted_all_shared_local_route,localized_only,base_0017,0,24,10110.0,module_4
entanglement_assisted_all_shared_local_route,localized_only,base_0017,0,25,10530.0,module_2
entanglement_assisted_all_shared_local_route,localized_only,base_0017,0,26,10950.0,module_3
entanglement_assisted_all_shared_local_route,localized_only,base_0017,0,27,11370.0,module_1
entanglement_assisted_all_shared_local_route,localized_only,base_0017,0,28,11790.0,module_3
entanglement_assisted_all_shared_local_route,localized_only,base_0017,0,29,12210.0,module_1
entanglement_assisted_all_shared_local_route,localized_only,base_0017,0,30,12630.0,module_2
entanglement_assisted_all_shared_local_route,localized_only,base_0017,0,31,13050.0,module_4
entanglement_assisted_all_shared_local_route,localized_only,base_0017,0,32,13470.0,module_3
entanglement_assisted_all_shared_local_route,localized_only,base_0017,0,33,13890.0,module_4
entanglement_assisted_all_shared_local_route,localized_only,base_0017,0,34,14310.0,module_2
entanglement_assisted_all_shared_local_route,localized_only,base_0017,0,35,14730.0,module_1
entanglement_assisted_all_shared_local_route,localized_only,base_0017,0,36,15150.0,module_2
entanglement_assisted_all_shared_local_route,localized_only,base_0017,0,37,15570.0,module_3
entanglement_assisted_all_shared_local_route,localized_only,base_0017,0,38,15990.0,module_1
entanglement_assisted_all_shared_local_route,localized_only,base_0017,0,39,16410.0,module_4
entanglement_assisted_all_shared_local_route,localized_only,base_0017,0,40,16830.0,module_1
entanglement_assisted_all_shared_local_route,localized_only,base_0017,0,41,17250.0,module_2
entanglement_assisted_all_shared_local_route,localized_only,base_0017,0,42,17670.0,module_4
entanglement_assisted_all_shared_local_route,localized_only,base_0017,0,43,18090.0,module_3
entanglement_assisted_all_shared_local_route,localized_only,base_0017,0,44,18510.0,module_2
entanglement_assisted_all_shared_local_route,localized_only,base_0017,0,45,18930.0,module_1
entanglement_assisted_all_shared_local_route,localized_only,base_0017,0,46,19350.0,module_3
entanglement_assisted_all_shared_local_route,localized_only,base_0017,0,47,19770.0,module_4
entanglement_assisted_all_shared_local_route,localized_only,base_0017,1,0,30.0,module_2
entanglement_assisted_all_shared_local_route,localized_only,base_0017,1,1,450.0,module_4
entanglement_assisted_all_shared_local_route,localized_only,base_0017,1,2,870.0,module_3
entanglement_assisted_all_shared_local_route,localized_only,base_0017,1,3,1290.0,module_1
entanglement_assisted_all_shared_local_route,localized_only,base_0017,1,4,1710.0,module_1
entanglement_assisted_all_shared_local_route,localized_only,base_0017,1,5,2130.0,module_4
entanglement_assisted_all_shared_local_route,localized_only,base_0017,1,6,2550.0,module_2
entanglement_assisted_all_shared_local_route,localized_only,base_0017,1,7,2970.0,module_3
entanglement_assisted_all_shared_local_route,localized_only,base_0017,1,8,3390.0,module_4
entanglement_assisted_all_shared_local_route,localized_only,base_0017,1,9,3810.0,module_2
entanglement_assisted_all_shared_local_route,localized_only,base_0017,1,10,4230.0,module_1
entanglement_assisted_all_shared_local_route,localized_only,base_0017,1,11,4650.0,module_3
entanglement_assisted_all_shared_local_route,localized_only,base_0017,1,12,5070.0,module_4
entanglement_assisted_all_shared_local_route,localized_only,base_0017,1,13,5490.0,module_2
entanglement_assisted_all_shared_local_route,localized_only,base_0017,1,14,5910.0,module_3
entanglement_assisted_all_shared_local_route,localized_only,base_0017,1,15,6330.0,module_1
entanglement_assisted_all_shared_local_route,localized_only,base_0017,1,16,6750.0,module_4
entanglement_assisted_all_shared_local_route,localized_only,base_0017,1,17,7170.0,module_1
entanglement_assisted_all_shared_local_route,localized_only,base_0017,1,18,7590.0,module_2
entanglement_assisted_all_shared_local_route,localized_only,base_0017,1,19,8010.0,module_3
entanglement_assisted_all_shared_local_route,localized_only,base_0017,1,20,8430.0,module_4
entanglement_assisted_all_shared_local_route,localized_only,base_0017,1,21,8850.0,module_1
entanglement_assisted_all_shared_local_route,localized_only,base_0017,1,22,9270.0,module_2
entanglement_assisted_all_shared_local_route,localized_only,base_0017,1,23,9690.0,module_3
entanglement_assisted_all_shared_local_route,localized_only,base_0017,1,24,10110.0,module_4
entanglement_assisted_all_shared_local_route,localized_only,base_0017,1,25,10530.0,module_1
entanglement_assisted_all_shared_local_route,localized_only,base_0017,1,26,10950.0,module_3
entanglement_assisted_all_shared_local_route,localized_only,base_0017,1,27,11370.0,module_2
entanglement_assisted_all_shared_local_route,localized_only,base_0017,1,28,11790.0,module_1
entanglement_assisted_all_shared_local_route,localized_only,base_0017,1,29,12210.0,module_4
entanglement_assisted_all_shared_local_route,localized_only,base_0017,1,30,12630.0,module_2
entanglement_assisted_all_shared_local_route,localized_only,base_0017,1,31,13050.0,module_3
entanglement_assisted_all_shared_local_route,localized_only,base_0017,1,32,13470.0,module_2
entanglement_assisted_all_shared_local_route,localized_only,base_0017,1,33,13890.0,module_4
entanglement_assisted_all_shared_local_route,localized_only,base_0017,1,34,14310.0,module_3
entanglement_assisted_all_shared_local_route,localized_only,base_0017,1,35,14730.0,module_1
entanglement_assisted_all_shared_local_route,localized_only,base_0017,1,36,15150.0,module_2
entanglement_assisted_all_shared_local_route,localized_only,base_0017,1,37,15570.0,module_1
entanglement_assisted_all_shared_local_route,localized_only,base_0017,1,38,15990.0,module_4
entanglement_assisted_all_shared_local_route,localized_only,base_0017,1,39,16410.0,module_3
entanglement_assisted_all_shared_local_route,localized_only,base_0017,1,40,16830.0,module_3
entanglement_assisted_all_shared_local_route,localized_only,base_0017,1,41,17250.0,module_2
entanglement_assisted_all_shared_local_route,localized_only,base_0017,1,42,17670.0,module_1
entanglement_assisted_all_shared_local_route,localized_only,base_0017,1,43,18090.0,module_4
entanglement_assisted_all_shared_local_route,localized_only,base_0017,1,44,18510.0,module_4
entanglement_assisted_all_shared_local_route,localized_only,base_0017,1,45,18930.0,module_2
entanglement_assisted_all_shared_local_route,localized_only,base_0017,1,46,19350.0,module_3
entanglement_assisted_all_shared_local_route,localized_only,base_0017,1,47,19770.0,module_1
entanglement_assisted_all_shared_local_route,hybrid_local_global,base_0000,0,0,30.0,module_4
entanglement_assisted_all_shared_local_route,hybrid_local_global,base_0000,0,1,450.0,module_3
entanglement_assisted_all_shared_local_route,hybrid_local_global,base_0000,0,2,870.0,module_1
entanglement_assisted_all_shared_local_route,hybrid_local_global,base_0000,0,3,1290.0,module_2
entanglement_assisted_all_shared_local_route,hybrid_local_global,base_0000,0,4,1710.0,module_4
entanglement_assisted_all_shared_local_route,hybrid_local_global,base_0000,0,5,2130.0,module_3
entanglement_assisted_all_shared_local_route,hybrid_local_global,base_0000,0,6,2550.0,module_1
entanglement_assisted_all_shared_local_route,hybrid_local_global,base_0000,0,7,2970.0,module_2
entanglement_assisted_all_shared_local_route,hybrid_local_global,base_0000,0,8,3390.0,module_1
entanglement_assisted_all_shared_local_route,hybrid_local_global,base_0000,0,9,3810.0,module_4
entanglement_assisted_all_shared_local_route,hybrid_local_global,base_0000,0,10,4230.0,module_3
entanglement_assisted_all_shared_local_route,hybrid_local_global,base_0000,0,11,4650.0,module_2
entanglement_assisted_all_shared_local_route,hybrid_local_global,base_0000,0,12,5070.0,module_2
entanglement_assisted_all_shared_local_route,hybrid_local_global,base_0000,0,13,5490.0,module_1
entanglement_assisted_all_shared_local_route,hybrid_local_global,base_0000,0,14,5910.0,module_3
entanglement_assisted_all_shared_local_route,hybrid_local_global,base_0000,0,15,6330.0,module_4
entanglement_assisted_all_shared_local_route,hybrid_local_global,base_0000,0,16,6750.0,module_4
entanglement_assisted_all_shared_local_route,hybrid_local_global,base_0000,0,17,7170.0,module_2
entanglement_assisted_all_shared_local_route,hybrid_local_global,base_0000,0,18,7590.0,module_3
entanglement_assisted_all_shared_local_route,hybrid_local_global,base_0000,0,19,8010.0,module_1
entanglement_assisted_all_shared_local_route,hybrid_local_global,base_0000,0,20,8430.0,module_4
entanglement_assisted_all_shared_local_route,hybrid_local_global,base_0000,0,21,8850.0,module_3
entanglement_assisted_all_shared_local_route,hybrid_local_global,base_0000,0,22,9270.0,module_2
entanglement_assisted_all_shared_local_route,hybrid_local_global,base_0000,0,23,9690.0,module_1
entanglement_assisted_all_shared_local_route,hybrid_local_global,base_0000,0,24,10110.0,module_2
entanglement_assisted_all_shared_local_route,hybrid_local_global,base_0000,0,25,10530.0,module_1
entanglement_assisted_all_shared_local_route,hybrid_local_global,base_0000,0,26,10950.0,module_3
entanglement_assisted_all_shared_local_route,hybrid_local_global,base_0000,0,27,11370.0,module_4
entanglement_assisted_all_shared_local_route,hybrid_local_global,base_0000,0,28,11790.0,module_3
entanglement_assisted_all_shared_local_route,hybrid_local_global,base_0000,0,29,12210.0,module_2
entanglement_assisted_all_shared_local_route,hybrid_local_global,base_0000,0,30,12630.0,module_4
entanglement_assisted_all_shared_local_route,hybrid_local_global,base_0000,0,31,13050.0,module_1
entanglement_assisted_all_shared_local_route,hybrid_local_global,base_0000,0,32,13470.0,module_4
entanglement_assisted_all_shared_local_route,hybrid_local_global,base_0000,0,33,13890.0,module_2
entanglement_assisted_all_shared_local_route,hybrid_local_global,base_0000,0,34,14310.0,module_3
entanglement_assisted_all_shared_local_route,hybrid_local_global,base_0000,0,35,14730.0,module_1
entanglement_assisted_all_shared_local_route,hybrid_local_global,base_0000,0,36,15150.0,module_3
entanglement_assisted_all_shared_local_route,hybrid_local_global,base_0000,0,37,15570.0,module_4
entanglement_assisted_all_shared_local_route,hybrid_local_global,base_0000,0,38,15990.0,module_2
entanglement_assisted_all_shared_local_route,hybrid_local_global,base_0000,0,39,16410.0,module_1
entanglement_assisted_all_shared_local_route,hybrid_local_global,base_0000,0,40,16830.0,module_1
entanglement_assisted_all_shared_local_route,hybrid_local_global,base_0000,0,41,17250.0,module_4
entanglement_assisted_all_shared_local_route,hybrid_local_global,base_0000,0,42,17670.0,module_3
entanglement_assisted_all_shared_local_route,hybrid_local_global,base_0000,0,43,18090.0,module_2
entanglement_assisted_all_shared_local_route,hybrid_local_global,base_0000,0,44,18510.0,module_3
entanglement_assisted_all_shared_local_route,hybrid_local_global,base_0000,0,45,18930.0,module_2
entanglement_assisted_all_shared_local_route,hybrid_local_global,base_0000,0,46,19350.0,module_1
entanglement_assisted_all_shared_local_route,hybrid_local_global,base_0000,0,47,19770.0,module_4
entanglement_assisted_all_shared_local_route,hybrid_local_global,base_0000,1,0,30.0,module_1
entanglement_assisted_all_shared_local_route,hybrid_local_global,base_0000,1,1,450.0,module_3
entanglement_assisted_all_shared_local_route,hybrid_local_global,base_0000,1,2,870.0,module_4
entanglement_assisted_all_shared_local_route,hybrid_local_global,base_0000,1,3,1290.0,module_2
entanglement_assisted_all_shared_local_route,hybrid_local_global,base_0000,1,4,1710.0,module_3
entanglement_assisted_all_shared_local_route,hybrid_local_global,base_0000,1,5,2130.0,module_2
entanglement_assisted_all_shared_local_route,hybrid_local_global,base_0000,1,6,2550.0,module_4
entanglement_assisted_all_shared_local_route,hybrid_local_global,base_0000,1,7,2970.0,module_1
entanglement_assisted_all_shared_local_route,hybrid_local_global,base_0000,1,8,3390.0,module_1
entanglement_assisted_all_shared_local_route,hybrid_local_global,base_0000,1,9,3810.0,module_3
entanglement_assisted_all_shared_local_route,hybrid_local_global,base_0000,1,10,4230.0,module_2
entanglement_assisted_all_shared_local_route,hybrid_local_global,base_0000,1,11,4650.0,module_4
entanglement_assisted_all_shared_local_route,hybrid_local_global,base_0000,1,12,5070.0,module_2
entanglement_assisted_all_shared_local_route,hybrid_local_global,base_0000,1,13,5490.0,module_3
entanglement_assisted_all_shared_local_route,hybrid_local_global,base_0000,1,14,5910.0,module_4
entanglement_assisted_all_shared_local_route,hybrid_local_global,base_0000,1,15,6330.0,module_1
entanglement_assisted_all_shared_local_route,hybrid_local_global,base_0000,1,16,6750.0,module_2
entanglement_assisted_all_shared_local_route,hybrid_local_global,base_0000,1,17,7170.0,module_3
entanglement_assisted_all_shared_local_route,hybrid_local_global,base_0000,1,18,7590.0,module_1
entanglement_assisted_all_shared_local_route,hybrid_local_global,base_0000,1,19,8010.0,module_4
entanglement_assisted_all_shared_local_route,hybrid_local_global,base_0000,1,20,8430.0,module_4
entanglement_assisted_all_shared_local_route,hybrid_local_global,base_0000,1,21,8850.0,module_1
entanglement_assisted_all_shared_local_route,hybrid_local_global,base_0000,1,22,9270.0,module_3
entanglement_assisted_all_shared_local_route,hybrid_local_global,base_0000,1,23,9690.0,module_2
entanglement_assisted_all_shared_local_route,hybrid_local_global,base_0000,1,24,10110.0,module_4
entanglement_assisted_all_shared_local_route,hybrid_local_global,base_0000,1,25,10530.0,module_2
entanglement_assisted_all_shared_local_route,hybrid_local_global,base_0000,1,26,10950.0,module_3
entanglement_assisted_all_shared_local_route,hybrid_local_global,base_0000,1,27,11370.0,module_1
entanglement_assisted_all_shared_local_route,hybrid_local_global,base_0000,1,28,11790.0,module_1
entanglement_assisted_all_shared_local_route,hybrid_local_global,base_0000,1,29,12210.0,module_2
entanglement_assisted_all_shared_local_route,hybrid_local_global,base_0000,1,30,12630.0,module_3
entanglement_assisted_all_shared_local_route,hybrid_local_global,base_0000,1,31,13050.0,module_4
entanglement_assisted_all_shared_local_route,hybrid_local_global,base_0000,1,32,13470.0,module_3
entanglement_assisted_all_shared_local_route,hybrid_local_global,base_0000,1,33,13890.0,module_1
entanglement_assisted_all_shared_local_route,hybrid_local_global,base_0000,1,34,14310.0,module_2
entanglement_assisted_all_shared_local_route,hybrid_local_global,base_0000,1,35,14730.0,module_4
entanglement_assisted_all_shared_local_route,hybrid_local_global,base_0000,1,36,15150.0,module_3
entanglement_assisted_all_shared_local_route,hybrid_local_global,base_0000,1,37,15570.0,module_2
entanglement_assisted_all_shared_local_route,hybrid_local_global,base_0000,1,38,15990.0,module_1
entanglement_assisted_all_shared_local_route,hybrid_local_global,base_0000,1,39,16410.0,module_4
entanglement_assisted_all_shared_local_route,hybrid_local_global,base_0000,1,40,16830.0,module_3
entanglement_assisted_all_shared_local_route,hybrid_local_global,base_0000,1,41,17250.0,module_2
entanglement_assisted_all_shared_local_route,hybrid_local_global,base_0000,1,42,17670.0,module_1
entanglement_assisted_all_shared_local_route,hybrid_local_global,base_0000,1,43,18090.0,module_4
entanglement_assisted_all_shared_local_route,hybrid_local_global,base_0000,1,44,18510.0,module_1
entanglement_assisted_all_shared_local_route,hybrid_local_global,base_0000,1,45,18930.0,module_4
entanglement_assisted_all_shared_local_route,hybrid_local_global,base_0000,1,46,19350.0,module_2
entanglement_assisted_all_shared_local_route,hybrid_local_global,base_0000,1,47,19770.0,module_3
entanglement_assisted_all_shared_local_route,hybrid_local_global,base_0001,0,0,30.0,module_3
entanglement_assisted_all_shared_local_route,hybrid_local_global,base_0001,0,1,450.0,module_1
entanglement_assisted_all_shared_local_route,hybrid_local_global,base_0001,0,2,870.0,module_2
entanglement_assisted_all_shared_local_route,hybrid_local_global,base_0001,0,3,1290.0,module_4
entanglement_assisted_all_shared_local_route,hybrid_local_global,base_0001,0,4,1710.0,module_2
entanglement_assisted_all_shared_local_route,hybrid_local_global,base_0001,0,5,2130.0,module_4
entanglement_assisted_all_shared_local_route,hybrid_local_global,base_0001,0,6,2550.0,module_1
entanglement_assisted_all_shared_local_route,hybrid_local_global,base_0001,0,7,2970.0,module_3
entanglement_assisted_all_shared_local_route,hybrid_local_global,base_0001,0,8,3390.0,module_4
entanglement_assisted_all_shared_local_route,hybrid_local_global,base_0001,0,9,3810.0,module_3
entanglement_assisted_all_shared_local_route,hybrid_local_global,base_0001,0,10,4230.0,module_2
entanglement_assisted_all_shared_local_route,hybrid_local_global,base_0001,0,11,4650.0,module_1
entanglement_assisted_all_shared_local_route,hybrid_local_global,base_0001,0,12,5070.0,module_4
entanglement_assisted_all_shared_local_route,hybrid_local_global,base_0001,0,13,5490.0,module_2
entanglement_assisted_all_shared_local_route,hybrid_local_global,base_0001,0,14,5910.0,module_1
entanglement_assisted_all_shared_local_route,hybrid_local_global,base_0001,0,15,6330.0,module_3
entanglement_assisted_all_shared_local_route,hybrid_local_global,base_0001,0,16,6750.0,module_3
entanglement_assisted_all_shared_local_route,hybrid_local_global,base_0001,0,17,7170.0,module_1
entanglement_assisted_all_shared_local_route,hybrid_local_global,base_0001,0,18,7590.0,module_4
entanglement_assisted_all_shared_local_route,hybrid_local_global,base_0001,0,19,8010.0,module_2
entanglement_assisted_all_shared_local_route,hybrid_local_global,base_0001,0,20,8430.0,module_3
entanglement_assisted_all_shared_local_route,hybrid_local_global,base_0001,0,21,8850.0,module_2
entanglement_assisted_all_shared_local_route,hybrid_local_global,base_0001,0,22,9270.0,module_4
entanglement_assisted_all_shared_local_route,hybrid_local_global,base_0001,0,23,9690.0,module_1
entanglement_assisted_all_shared_local_route,hybrid_local_global,base_0001,0,24,10110.0,module_3
entanglement_assisted_all_shared_local_route,hybrid_local_global,base_0001,0,25,10530.0,module_1
entanglement_assisted_all_shared_local_route,hybrid_local_global,base_0001,0,26,10950.0,module_2
entanglement_assisted_all_shared_local_route,hybrid_local_global,base_0001,0,27,11370.0,module_4
entanglement_assisted_all_shared_local_route,hybrid_local_global,base_0001,0,28,11790.0,module_1
entanglement_assisted_all_shared_local_route,hybrid_local_global,base_0001,0,29,12210.0,module_3
entanglement_assisted_all_shared_local_route,hybrid_local_global,base_0001,0,30,12630.0,module_4
entanglement_assisted_all_shared_local_route,hybrid_local_global,base_0001,0,31,13050.0,module_2
entanglement_assisted_all_shared_local_route,hybrid_local_global,base_0001,0,32,13470.0,module_4
entanglement_assisted_all_shared_local_route,hybrid_local_global,base_0001,0,33,13890.0,module_1
entanglement_assisted_all_shared_local_route,hybrid_local_global,base_0001,0,34,14310.0,module_2
entanglement_assisted_all_shared_local_route,hybrid_local_global,base_0001,0,35,14730.0,module_3
entanglement_assisted_all_shared_local_route,hybrid_local_global,base_0001,0,36,15150.0,module_1
entanglement_assisted_all_shared_local_route,hybrid_local_global,base_0001,0,37,15570.0,module_4
entanglement_assisted_all_shared_local_route,hybrid_local_global,base_0001,0,38,15990.0,module_3
entanglement_assisted_all_shared_local_route,hybrid_local_global,base_0001,0,39,16410.0,module_2
entanglement_assisted_all_shared_local_route,hybrid_local_global,base_0001,0,40,16830.0,module_1
entanglement_assisted_all_shared_local_route,hybrid_local_global,base_0001,0,41,17250.0,module_3
entanglement_assisted_all_shared_local_route,hybrid_local_global,base_0001,0,42,17670.0,module_4
entanglement_assisted_all_shared_local_route,hybrid_local_global,base_0001,0,43,18090.0,module_2
entanglement_assisted_all_shared_local_route,hybrid_local_global,base_0001,0,44,18510.0,module_1
entanglement_assisted_all_shared_local_route,hybrid_local_global,base_0001,0,45,18930.0,module_3
entanglement_assisted_all_shared_local_route,hybrid_local_global,base_0001,0,46,19350.0,module_2
entanglement_assisted_all_shared_local_route,hybrid_local_global,base_0001,0,47,19770.0,module_4
entanglement_assisted_all_shared_local_route,hybrid_local_global,base_0001,1,0,30.0,module_3
entanglement_assisted_all_shared_local_route,hybrid_local_global,base_0001,1,1,450.0,module_4
entanglement_assisted_all_shared_local_route,hybrid_local_global,base_0001,1,2,870.0,module_2
entanglement_assisted_all_shared_local_route,hybrid_local_global,base_0001,1,3,1290.0,module_1
entanglement_assisted_all_shared_local_route,hybrid_local_global,base_0001,1,4,1710.0,module_3
entanglement_assisted_all_shared_local_route,hybrid_local_global,base_0001,1,5,2130.0,module_1
entanglement_assisted_all_shared_local_route,hybrid_local_global,base_0001,1,6,2550.0,module_4
entanglement_assisted_all_shared_local_route,hybrid_local_global,base_0001,1,7,2970.0,module_2
entanglement_assisted_all_shared_local_route,hybrid_local_global,base_0001,1,8,3390.0,module_1
entanglement_assisted_all_shared_local_route,hybrid_local_global,base_0001,1,9,3810.0,module_3
entanglement_assisted_all_shared_local_route,hybrid_local_global,base_0001,1,10,4230.0,module_2
entanglement_assisted_all_shared_local_route,hybrid_local_global,base_0001,1,11,4650.0,module_4
entanglement_assisted_all_shared_local_route,hybrid_local_global,base_0001,1,12,5070.0,module_1
entanglement_assisted_all_shared_local_route,hybrid_local_global,base_0001,1,13,5490.0,module_3
entanglement_assisted_all_shared_local_route,hybrid_local_global,base_0001,1,14,5910.0,module_2
entanglement_assisted_all_shared_local_route,hybrid_local_global,base_0001,1,15,6330.0,module_4
entanglement_assisted_all_shared_local_route,hybrid_local_global,base_0001,1,16,6750.0,module_4
entanglement_assisted_all_shared_local_route,hybrid_local_global,base_0001,1,17,7170.0,module_2
entanglement_assisted_all_shared_local_route,hybrid_local_global,base_0001,1,18,7590.0,module_1
entanglement_assisted_all_shared_local_route,hybrid_local_global,base_0001,1,19,8010.0,module_3
entanglement_assisted_all_shared_local_route,hybrid_local_global,base_0001,1,20,8430.0,module_3
entanglement_assisted_all_shared_local_route,hybrid_local_global,base_0001,1,21,8850.0,module_2
entanglement_assisted_all_shared_local_route,hybrid_local_global,base_0001,1,22,9270.0,module_1
entanglement_assisted_all_shared_local_route,hybrid_local_global,base_0001,1,23,9690.0,module_4
entanglement_assisted_all_shared_local_route,hybrid_local_global,base_0001,1,24,10110.0,module_1
entanglement_assisted_all_shared_local_route,hybrid_local_global,base_0001,1,25,10530.0,module_4
entanglement_assisted_all_shared_local_route,hybrid_local_global,base_0001,1,26,10950.0,module_3
entanglement_assisted_all_shared_local_route,hybrid_local_global,base_0001,1,27,11370.0,module_2
entanglement_assisted_all_shared_local_route,hybrid_local_global,base_0001,1,28,11790.0,module_3
entanglement_assisted_all_shared_local_route,hybrid_local_global,base_0001,1,29,12210.0,module_1
entanglement_assisted_all_shared_local_route,hybrid_local_global,base_0001,1,30,12630.0,module_4
entanglement_assisted_all_shared_local_route,hybrid_local_global,base_0001,1,31,13050.0,module_2
entanglement_assisted_all_shared_local_route,hybrid_local_global,base_0001,1,32,13470.0,module_2
entanglement_assisted_all_shared_local_route,hybrid_local_global,base_0001,1,33,13890.0,module_4
entanglement_assisted_all_shared_local_route,hybrid_local_global,base_0001,1,34,14310.0,module_3
entanglement_assisted_all_shared_local_route,hybrid_local_global,base_0001,1,35,14730.0,module_1
entanglement_assisted_all_shared_local_route,hybrid_local_global,base_0001,1,36,15150.0,module_1
entanglement_assisted_all_shared_local_route,hybrid_local_global,base_0001,1,37,15570.0,module_4
entanglement_assisted_all_shared_local_route,hybrid_local_global,base_0001,1,38,15990.0,module_3
entanglement_assisted_all_shared_local_route,hybrid_local_global,base_0001,1,39,16410.0,module_2
entanglement_assisted_all_shared_local_route,hybrid_local_global,base_0001,1,40,16830.0,module_4
entanglement_assisted_all_shared_local_route,hybrid_local_global,base_0001,1,41,17250.0,module_3
entanglement_assisted_all_shared_local_route,hybrid_local_global,base_0001,1,42,17670.0,module_1
entanglement_assisted_all_shared_local_route,hybrid_local_global,base_0001,1,43,18090.0,module_2
entanglement_assisted_all_shared_local_route,hybrid_local_global,base_0001,1,44,18510.0,module_1
entanglement_assisted_all_shared_local_route,hybrid_local_global,base_0001,1,45,18930.0,module_4
entanglement_assisted_all_shared_local_route,hybrid_local_global,base_0001,1,46,19350.0,module_2
entanglement_assisted_all_shared_local_route,hybrid_local_global,base_0001,1,47,19770.0,module_3
entanglement_assisted_all_shared_local_route,hybrid_local_global,base_0002,0,0,30.0,module_2
entanglement_assisted_all_shared_local_route,hybrid_local_global,base_0002,0,1,450.0,module_1
entanglement_assisted_all_shared_local_route,hybrid_local_global,base_0002,0,2,870.0,module_3
entanglement_assisted_all_shared_local_route,hybrid_local_global,base_0002,0,3,1290.0,module_4
entanglement_assisted_all_shared_local_route,hybrid_local_global,base_0002,0,4,1710.0,module_4
entanglement_assisted_all_shared_local_route,hybrid_local_global,base_0002,0,5,2130.0,module_2
entanglement_assisted_all_shared_local_route,hybrid_local_global,base_0002,0,6,2550.0,module_3
entanglement_assisted_all_shared_local_route,hybrid_local_global,base_0002,0,7,2970.0,module_1
entanglement_assisted_all_shared_local_route,hybrid_local_global,base_0002,0,8,3390.0,module_3
entanglement_assisted_all_shared_local_route,hybrid_local_global,base_0002,0,9,3810.0,module_4
entanglement_assisted_all_shared_local_route,hybrid_local_global,base_0002,0,10,4230.0,module_1
entanglement_assisted_all_shared_local_route,hybrid_local_global,base_0002,0,11,4650.0,module_2
entanglement_assisted_all_shared_local_route,hybrid_local_global,base_0002,0,12,5070.0,module_2
entanglement_assisted_all_shared_local_route,hybrid_local_global,base_0002,0,13,5490.0,module_1
entanglement_assisted_all_shared_local_route,hybrid_local_global,base_0002,0,14,5910.0,module_3
entanglement_assisted_all_shared_local_route,hybrid_local_global,base_0002,0,15,6330.0,module_4
entanglement_assisted_all_shared_local_route,hybrid_local_global,base_0002,0,16,6750.0,module_1
entanglement_assisted_all_shared_local_route,hybrid_local_global,base_0002,0,17,7170.0,module_3
entanglement_assisted_all_shared_local_route,hybrid_local_global,base_0002,0,18,7590.0,module_2
entanglement_assisted_all_shared_local_route,hybrid_local_global,base_0002,0,19,8010.0,module_4
entanglement_assisted_all_shared_local_route,hybrid_local_global,base_0002,0,20,8430.0,module_2
entanglement_assisted_all_shared_local_route,hybrid_local_global,base_0002,0,21,8850.0,module_4
entanglement_assisted_all_shared_local_route,hybrid_local_global,base_0002,0,22,9270.0,module_1
entanglement_assisted_all_shared_local_route,hybrid_local_global,base_0002,0,23,9690.0,module_3
entanglement_assisted_all_shared_local_route,hybrid_local_global,base_0002,0,24,10110.0,module_1
entanglement_assisted_all_shared_local_route,hybrid_local_global,base_0002,0,25,10530.0,module_4
entanglement_assisted_all_shared_local_route,hybrid_local_global,base_0002,0,26,10950.0,module_3
entanglement_assisted_all_shared_local_route,hybrid_local_global,base_0002,0,27,11370.0,module_2
entanglement_assisted_all_shared_local_route,hybrid_local_global,base_0002,0,28,11790.0,module_4
entanglement_assisted_all_shared_local_route,hybrid_local_global,base_0002,0,29,12210.0,module_3
entanglement_assisted_all_shared_local_route,hybrid_local_global,base_0002,0,30,12630.0,module_1
entanglement_assisted_all_shared_local_route,hybrid_local_global,base_0002,0,31,13050.0,module_2
entanglement_assisted_all_shared_local_route,hybrid_local_global,base_0002,0,32,13470.0,module_4
entanglement_assisted_all_shared_local_route,hybrid_local_global,base_0002,0,33,13890.0,module_1
entanglement_assisted_all_shared_local_route,hybrid_local_global,base_0002,0,34,14310.0,module_2
entanglement_assisted_all_shared_local_route,hybrid_local_global,base_0002,0,35,14730.0,module_3
entanglement_assisted_all_shared_local_route,hybrid_local_global,base_0002,0,36,15150.0,module_3
entanglement_assisted_all_shared_local_route,hybrid_local_global,base_0002,0,37,15570.0,module_1
entanglement_assisted_all_shared_local_route,hybrid_local_global,base_0002,0,38,15990.0,module_2
entanglement_assisted_all_shared_local_route,hybrid_local_global,base_0002,0,39,16410.0,module_4
entanglement_assisted_all_shared_local_route,hybrid_local_global,base_0002,0,40,16830.0,module_3
entanglement_assisted_all_shared_local_route,hybrid_local_global,base_0002,0,41,17250.0,module_4
entanglement_assisted_all_shared_local_route,hybrid_local_global,base_0002,0,42,17670.0,module_1
entanglement_assisted_all_shared_local_route,hybrid_local_global,base_0002,0,43,18090.0,module_2
entanglement_assisted_all_shared_local_route,hybrid_local_global,base_0002,0,44,18510.0,module_2
entanglement_assisted_all_shared_local_route,hybrid_local_global,base_0002,0,45,18930.0,module_3
entanglement_assisted_all_shared_local_route,hybrid_local_global,base_0002,0,46,19350.0,module_4
entanglement_assisted_all_shared_local_route,hybrid_local_global,base_0002,0,47,19770.0,module_1
entanglement_assisted_all_shared_local_route,hybrid_local_global,base_0002,1,0,30.0,module_2
entanglement_assisted_all_shared_local_route,hybrid_local_global,base_0002,1,1,450.0,module_3
entanglement_assisted_all_shared_local_route,hybrid_local_global,base_0002,1,2,870.0,module_1
entanglement_assisted_all_shared_local_route,hybrid_local_global,base_0002,1,3,1290.0,module_4
entanglement_assisted_all_shared_local_route,hybrid_local_global,base_0002,1,4,1710.0,module_3
entanglement_assisted_all_shared_local_route,hybrid_local_global,base_0002,1,5,2130.0,module_1
entanglement_assisted_all_shared_local_route,hybrid_local_global,base_0002,1,6,2550.0,module_4
entanglement_assisted_all_shared_local_route,hybrid_local_global,base_0002,1,7,2970.0,module_2
entanglement_assisted_all_shared_local_route,hybrid_local_global,base_0002,1,8,3390.0,module_4
entanglement_assisted_all_shared_local_route,hybrid_local_global,base_0002,1,9,3810.0,module_3
entanglement_assisted_all_shared_local_route,hybrid_local_global,base_0002,1,10,4230.0,module_1
entanglement_assisted_all_shared_local_route,hybrid_local_global,base_0002,1,11,4650.0,module_2
entanglement_assisted_all_shared_local_route,hybrid_local_global,base_0002,1,12,5070.0,module_3
entanglement_assisted_all_shared_local_route,hybrid_local_global,base_0002,1,13,5490.0,module_2
entanglement_assisted_all_shared_local_route,hybrid_local_global,base_0002,1,14,5910.0,module_1
entanglement_assisted_all_shared_local_route,hybrid_local_global,base_0002,1,15,6330.0,module_4
entanglement_assisted_all_shared_local_route,hybrid_local_global,base_0002,1,16,6750.0,module_3
entanglement_assisted_all_shared_local_route,hybrid_local_global,base_0002,1,17,7170.0,module_2
entanglement_assisted_all_shared_local_route,hybrid_local_global,base_0002,1,18,7590.0,module_4
entanglement_assisted_all_shared_local_route,hybrid_local_global,base_0002,1,19,8010.0,module_1
entanglement_assisted_all_shared_local_route,hybrid_local_global,base_0002,1,20,8430.0,module_2
entanglement_assisted_all_shared_local_route,hybrid_local_global,base_0002,1,21,8850.0,module_1
entanglement_assisted_all_shared_local_route,hybrid_local_global,base_0002,1,22,9270.0,module_3
entanglement_assisted_all_shared_local_route,hybrid_local_global,base_0002,1,23,9690.0,module_4
entanglement_assisted_all_shared_local_route,hybrid_local_global,base_0002,1,24,10110.0,module_1
entanglement_assisted_all_shared_local_route,hybrid_local_global,base_0002,1,25,10530.0,module_2
entanglement_assisted_all_shared_local_route,hybrid_local_global,base_0002,1,26,10950.0,module_3
entanglement_assisted_all_shared_local_route,hybrid_local_global,base_0002,1,27,11370.0,module_4
entanglement_assisted_all_shared_local_route,hybrid_local_global,base_0002,1,28,11790.0,module_2
entanglement_assisted_all_shared_local_route,hybrid_local_global,base_0002,1,29,12210.0,module_1
entanglement_assisted_all_shared_local_route,hybrid_local_global,base_0002,1,30,12630.0,module_4
entanglement_assisted_all_shared_local_route,hybrid_local_global,base_0002,1,31,13050.0,module_3
entanglement_assisted_all_shared_local_route,hybrid_local_global,base_0002,1,32,13470.0,module_1
entanglement_assisted_all_shared_local_route,hybrid_local_global,base_0002,1,33,13890.0,module_4
entanglement_assisted_all_shared_local_route,hybrid_local_global,base_0002,1,34,14310.0,module_3
entanglement_assisted_all_shared_local_route,hybrid_local_global,base_0002,1,35,14730.0,module_2
entanglement_assisted_all_shared_local_route,hybrid_local_global,base_0002,1,36,15150.0,module_3
entanglement_assisted_all_shared_local_route,hybrid_local_global,base_0002,1,37,15570.0,module_2
entanglement_assisted_all_shared_local_route,hybrid_local_global,base_0002,1,38,15990.0,module_4
entanglement_assisted_all_shared_local_route,hybrid_local_global,base_0002,1,39,16410.0,module_1
entanglement_assisted_all_shared_local_route,hybrid_local_global,base_0002,1,40,16830.0,module_4
entanglement_assisted_all_shared_local_route,hybrid_local_global,base_0002,1,41,17250.0,module_1
entanglement_assisted_all_shared_local_route,hybrid_local_global,base_0002,1,42,17670.0,module_2
entanglement_assisted_all_shared_local_route,hybrid_local_global,base_0002,1,43,18090.0,module_3
entanglement_assisted_all_shared_local_route,hybrid_local_global,base_0002,1,44,18510.0,module_3
entanglement_assisted_all_shared_local_route,hybrid_local_global,base_0002,1,45,18930.0,module_1
entanglement_assisted_all_shared_local_route,hybrid_local_global,base_0002,1,46,19350.0,module_2
entanglement_assisted_all_shared_local_route,hybrid_local_global,base_0002,1,47,19770.0,module_4
entanglement_assisted_all_shared_local_route,hybrid_local_global,base_0003,0,0,30.0,module_3
entanglement_assisted_all_shared_local_route,hybrid_local_global,base_0003,0,1,450.0,module_2
entanglement_assisted_all_shared_local_route,hybrid_local_global,base_0003,0,2,870.0,module_4
entanglement_assisted_all_shared_local_route,hybrid_local_global,base_0003,0,3,1290.0,module_1
entanglement_assisted_all_shared_local_route,hybrid_local_global,base_0003,0,4,1710.0,module_4
entanglement_assisted_all_shared_local_route,hybrid_local_global,base_0003,0,5,2130.0,module_3
entanglement_assisted_all_shared_local_route,hybrid_local_global,base_0003,0,6,2550.0,module_2
entanglement_assisted_all_shared_local_route,hybrid_local_global,base_0003,0,7,2970.0,module_1
entanglement_assisted_all_shared_local_route,hybrid_local_global,base_0003,0,8,3390.0,module_1
entanglement_assisted_all_shared_local_route,hybrid_local_global,base_0003,0,9,3810.0,module_4
entanglement_assisted_all_shared_local_route,hybrid_local_global,base_0003,0,10,4230.0,module_3
entanglement_assisted_all_shared_local_route,hybrid_local_global,base_0003,0,11,4650.0,module_2
entanglement_assisted_all_shared_local_route,hybrid_local_global,base_0003,0,12,5070.0,module_2
entanglement_assisted_all_shared_local_route,hybrid_local_global,base_0003,0,13,5490.0,module_4
entanglement_assisted_all_shared_local_route,hybrid_local_global,base_0003,0,14,5910.0,module_1
entanglement_assisted_all_shared_local_route,hybrid_local_global,base_0003,0,15,6330.0,module_3
entanglement_assisted_all_shared_local_route,hybrid_local_global,base_0003,0,16,6750.0,module_2
entanglement_assisted_all_shared_local_route,hybrid_local_global,base_0003,0,17,7170.0,module_4
entanglement_assisted_all_shared_local_route,hybrid_local_global,base_0003,0,18,7590.0,module_3
entanglement_assisted_all_shared_local_route,hybrid_local_global,base_0003,0,19,8010.0,module_1
entanglement_assisted_all_shared_local_route,hybrid_local_global,base_0003,0,20,8430.0,module_4
entanglement_assisted_all_shared_local_route,hybrid_local_global,base_0003,0,21,8850.0,module_2
entanglement_assisted_all_shared_local_route,hybrid_local_global,base_0003,0,22,9270.0,module_3
entanglement_assisted_all_shared_local_route,hybrid_local_global,base_0003,0,23,9690.0,module_1
entanglement_assisted_all_shared_local_route,hybrid_local_global,base_0003,0,24,10110.0,module_4
entanglement_assisted_all_shared_local_route,hybrid_local_global,base_0003,0,25,10530.0,module_1
entanglement_assisted_all_shared_local_route,hybrid_local_global,base_0003,0,26,10950.0,module_2
entanglement_assisted_all_shared_local_route,hybrid_local_global,base_0003,0,27,11370.0,module_3
entanglement_assisted_all_shared_local_route,hybrid_local_global,base_0003,0,28,11790.0,module_1
entanglement_assisted_all_shared_local_route,hybrid_local_global,base_0003,0,29,12210.0,module_4
entanglement_assisted_all_shared_local_route,hybrid_local_global,base_0003,0,30,12630.0,module_3
entanglement_assisted_all_shared_local_route,hybrid_local_global,base_0003,0,31,13050.0,module_2
entanglement_assisted_all_shared_local_route,hybrid_local_global,base_0003,0,32,13470.0,module_4
entanglement_assisted_all_shared_local_route,hybrid_local_global,base_0003,0,33,13890.0,module_1
entanglement_assisted_all_shared_local_route,hybrid_local_global,base_0003,0,34,14310.0,module_3
entanglement_assisted_all_shared_local_route,hybrid_local_global,base_0003,0,35,14730.0,module_2
entanglement_assisted_all_shared_local_route,hybrid_local_global,base_0003,0,36,15150.0,module_1
entanglement_assisted_all_shared_local_route,hybrid_local_global,base_0003,0,37,15570.0,module_4
entanglement_assisted_all_shared_local_route,hybrid_local_global,base_0003,0,38,15990.0,module_2
entanglement_assisted_all_shared_local_route,hybrid_local_global,base_0003,0,39,16410.0,module_3
entanglement_assisted_all_shared_local_route,hybrid_local_global,base_0003,0,40,16830.0,module_3
entanglement_assisted_all_shared_local_route,hybrid_local_global,base_0003,0,41,17250.0,module_2
entanglement_assisted_all_shared_local_route,hybrid_local_global,base_0003,0,42,17670.0,module_4
entanglement_assisted_all_shared_local_route,hybrid_local_global,base_0003,0,43,18090.0,module_1
entanglement_assisted_all_shared_local_route,hybrid_local_global,base_0003,0,44,18510.0,module_1
entanglement_assisted_all_shared_local_route,hybrid_local_global,base_0003,0,45,18930.0,module_4
entanglement_assisted_all_shared_local_route,hybrid_local_global,base_0003,0,46,19350.0,module_3
entanglement_assisted_all_shared_local_route,hybrid_local_global,base_0003,0,47,19770.0,module_2
entanglement_assisted_all_shared_local_route,hybrid_local_global,base_0003,1,0,30.0,module_2
entanglement_assisted_all_shared_local_route,hybrid_local_global,base_0003,1,1,450.0,module_4
entanglement_assisted_all_shared_local_route,hybrid_local_global,base_0003,1,2,870.0,module_3
entanglement_assisted_all_shared_local_route,hybrid_local_global,base_0003,1,3,1290.0,module_1
entanglement_assisted_all_shared_local_route,hybrid_local_global,base_0003,1,4,1710.0,module_4
entanglement_assisted_all_shared_local_route,hybrid_local_global,base_0003,1,5,2130.0,module_3
entanglement_assisted_all_shared_local_route,hybrid_local_global,base_0003,1,6,2550.0,module_1
entanglement_assisted_all_shared_local_route,hybrid_local_global,base_0003,1,7,2970.0,module_2
entanglement_assisted_all_shared_local_route,hybrid_local_global,base_0003,1,8,3390.0,module_4
entanglement_assisted_all_shared_local_route,hybrid_local_global,base_0003,1,9,3810.0,module_2
entanglement_assisted_all_shared_local_route,hybrid_local_global,base_0003,1,10,4230.0,module_1
entanglement_assisted_all_shared_local_route,hybrid_local_global,base_0003,1,11,4650.0,module_3
entanglement_assisted_all_shared_local_route,hybrid_local_global,base_0003,1,12,5070.0,module_4
entanglement_assisted_all_shared_local_route,hybrid_local_global,base_0003,1,13,5490.0,module_2
entanglement_assisted_all_shared_local_route,hybrid_local_global,base_0003,1,14,5910.0,module_3
entanglement_assisted_all_shared_local_route,hybrid_local_global,base_0003,1,15,6330.0,module_1
entanglement_assisted_all_shared_local_route,hybrid_local_global,base_0003,1,16,6750.0,module_3
entanglement_assisted_all_shared_local_route,hybrid_local_global,base_0003,1,17,7170.0,module_2
entanglement_assisted_all_shared_local_route,hybrid_local_global,base_0003,1,18,7590.0,module_1
entanglement_assisted_all_shared_local_route,hybrid_local_global,base_0003,1,19,8010.0,module_4
entanglement_assisted_all_shared_local_route,hybrid_local_global,base_0003,1,20,8430.0,module_2
entanglement_assisted_all_shared_local_route,hybrid_local_global,base_0003,1,21,8850.0,module_3
entanglement_assisted_all_shared_local_route,hybrid_local_global,base_0003,1,22,9270.0,module_4
entanglement_assisted_all_shared_local_route,hybrid_local_global,base_0003,1,23,9690.0,module_1
entanglement_assisted_all_shared_local_route,hybrid_local_global,base_0003,1,24,10110.0,module_3
entanglement_assisted_all_shared_local_route,hybrid_local_global,base_0003,1,25,10530.0,module_4
entanglement_assisted_all_shared_local_route,hybrid_local_global,base_0003,1,26,10950.0,module_1
entanglement_assisted_all_shared_local_route,hybrid_local_global,base_0003,1,27,11370.0,module_2
entanglement_assisted_all_shared_local_route,hybrid_local_global,base_0003,1,28,11790.0,module_1
entanglement_assisted_all_shared_local_route,hybrid_local_global,base_0003,1,29,12210.0,module_4
entanglement_assisted_all_shared_local_route,hybrid_local_global,base_0003,1,30,12630.0,module_2
entanglement_assisted_all_shared_local_route,hybrid_local_global,base_0003,1,31,13050.0,module_3
entanglement_assisted_all_shared_local_route,hybrid_local_global,base_0003,1,32,13470.0,module_2
entanglement_assisted_all_shared_local_route,hybrid_local_global,base_0003,1,33,13890.0,module_3
entanglement_assisted_all_shared_local_route,hybrid_local_global,base_0003,1,34,14310.0,module_1
entanglement_assisted_all_shared_local_route,hybrid_local_global,base_0003,1,35,14730.0,module_4
entanglement_assisted_all_shared_local_route,hybrid_local_global,base_0003,1,36,15150.0,module_2
entanglement_assisted_all_shared_local_route,hybrid_local_global,base_0003,1,37,15570.0,module_1
entanglement_assisted_all_shared_local_route,hybrid_local_global,base_0003,1,38,15990.0,module_3
entanglement_assisted_all_shared_local_route,hybrid_local_global,base_0003,1,39,16410.0,module_4
entanglement_assisted_all_shared_local_route,hybrid_local_global,base_0003,1,40,16830.0,module_1
entanglement_assisted_all_shared_local_route,hybrid_local_global,base_0003,1,41,17250.0,module_3
entanglement_assisted_all_shared_local_route,hybrid_local_global,base_0003,1,42,17670.0,module_4
entanglement_assisted_all_shared_local_route,hybrid_local_global,base_0003,1,43,18090.0,module_2
entanglement_assisted_all_shared_local_route,hybrid_local_global,base_0003,1,44,18510.0,module_2
entanglement_assisted_all_shared_local_route,hybrid_local_global,base_0003,1,45,18930.0,module_4
entanglement_assisted_all_shared_local_route,hybrid_local_global,base_0003,1,46,19350.0,module_3
entanglement_assisted_all_shared_local_route,hybrid_local_global,base_0003,1,47,19770.0,module_1
entanglement_assisted_all_shared_local_route,hybrid_local_global,base_0004,0,0,30.0,module_2
entanglement_assisted_all_shared_local_route,hybrid_local_global,base_0004,0,1,450.0,module_4
entanglement_assisted_all_shared_local_route,hybrid_local_global,base_0004,0,2,870.0,module_3
entanglement_assisted_all_shared_local_route,hybrid_local_global,base_0004,0,3,1290.0,module_1
entanglement_assisted_all_shared_local_route,hybrid_local_global,base_0004,0,4,1710.0,module_3
entanglement_assisted_all_shared_local_route,hybrid_local_global,base_0004,0,5,2130.0,module_2
entanglement_assisted_all_shared_local_route,hybrid_local_global,base_0004,0,6,2550.0,module_1
entanglement_assisted_all_shared_local_route,hybrid_local_global,base_0004,0,7,2970.0,module_4
entanglement_assisted_all_shared_local_route,hybrid_local_global,base_0004,0,8,3390.0,module_3
entanglement_assisted_all_shared_local_route,hybrid_local_global,base_0004,0,9,3810.0,module_2
entanglement_assisted_all_shared_local_route,hybrid_local_global,base_0004,0,10,4230.0,module_1
entanglement_assisted_all_shared_local_route,hybrid_local_global,base_0004,0,11,4650.0,module_4
entanglement_assisted_all_shared_local_route,hybrid_local_global,base_0004,0,12,5070.0,module_4
entanglement_assisted_all_shared_local_route,hybrid_local_global,base_0004,0,13,5490.0,module_3
entanglement_assisted_all_shared_local_route,hybrid_local_global,base_0004,0,14,5910.0,module_2
entanglement_assisted_all_shared_local_route,hybrid_local_global,base_0004,0,15,6330.0,module_1
entanglement_assisted_all_shared_local_route,hybrid_local_global,base_0004,0,16,6750.0,module_1
entanglement_assisted_all_shared_local_route,hybrid_local_global,base_0004,0,17,7170.0,module_3
entanglement_assisted_all_shared_local_route,hybrid_local_global,base_0004,0,18,7590.0,module_4
entanglement_assisted_all_shared_local_route,hybrid_local_global,base_0004,0,19,8010.0,module_2
entanglement_assisted_all_shared_local_route,hybrid_local_global,base_0004,0,20,8430.0,module_1
entanglement_assisted_all_shared_local_route,hybrid_local_global,base_0004,0,21,8850.0,module_4
entanglement_assisted_all_shared_local_route,hybrid_local_global,base_0004,0,22,9270.0,module_2
entanglement_assisted_all_shared_local_route,hybrid_local_global,base_0004,0,23,9690.0,module_3
entanglement_assisted_all_shared_local_route,hybrid_local_global,base_0004,0,24,10110.0,module_2
entanglement_assisted_all_shared_local_route,hybrid_local_global,base_0004,0,25,10530.0,module_1
entanglement_assisted_all_shared_local_route,hybrid_local_global,base_0004,0,26,10950.0,module_4
entanglement_assisted_all_shared_local_route,hybrid_local_global,base_0004,0,27,11370.0,module_3
entanglement_assisted_all_shared_local_route,hybrid_local_global,base_0004,0,28,11790.0,module_4
entanglement_assisted_all_shared_local_route,hybrid_local_global,base_0004,0,29,12210.0,module_1
entanglement_assisted_all_shared_local_route,hybrid_local_global,base_0004,0,30,12630.0,module_3
entanglement_assisted_all_shared_local_route,hybrid_local_global,base_0004,0,31,13050.0,module_2
entanglement_assisted_all_shared_local_route,hybrid_local_global,base_0004,0,32,13470.0,module_2
entanglement_assisted_all_shared_local_route,hybrid_local_global,base_0004,0,33,13890.0,module_3
entanglement_assisted_all_shared_local_route,hybrid_local_global,base_0004,0,34,14310.0,module_4
entanglement_assisted_all_shared_local_route,hybrid_local_global,base_0004,0,35,14730.0,module_1
entanglement_assisted_all_shared_local_route,hybrid_local_global,base_0004,0,36,15150.0,module_3
entanglement_assisted_all_shared_local_route,hybrid_local_global,base_0004,0,37,15570.0,module_4
entanglement_assisted_all_shared_local_route,hybrid_local_global,base_0004,0,38,15990.0,module_2
entanglement_assisted_all_shared_local_route,hybrid_local_global,base_0004,0,39,16410.0,module_1
entanglement_assisted_all_shared_local_route,hybrid_local_global,base_0004,0,40,16830.0,module_4
entanglement_assisted_all_shared_local_route,hybrid_local_global,base_0004,0,41,17250.0,module_2
entanglement_assisted_all_shared_local_route,hybrid_local_global,base_0004,0,42,17670.0,module_3
entanglement_assisted_all_shared_local_route,hybrid_local_global,base_0004,0,43,18090.0,module_1
entanglement_assisted_all_shared_local_route,hybrid_local_global,base_0004,0,44,18510.0,module_1
entanglement_assisted_all_shared_local_route,hybrid_local_global,base_0004,0,45,18930.0,module_2
entanglement_assisted_all_shared_local_route,hybrid_local_global,base_0004,0,46,19350.0,module_4
entanglement_assisted_all_shared_local_route,hybrid_local_global,base_0004,0,47,19770.0,module_3
entanglement_assisted_all_shared_local_route,hybrid_local_global,base_0004,1,0,30.0,module_4
entanglement_assisted_all_shared_local_route,hybrid_local_global,base_0004,1,1,450.0,module_1
entanglement_assisted_all_shared_local_route,hybrid_local_global,base_0004,1,2,870.0,module_2
entanglement_assisted_all_shared_local_route,hybrid_local_global,base_0004,1,3,1290.0,module_3
entanglement_assisted_all_shared_local_route,hybrid_local_global,base_0004,1,4,1710.0,module_1
entanglement_assisted_all_shared_local_route,hybrid_local_global,base_0004,1,5,2130.0,module_2
entanglement_assisted_all_shared_local_route,hybrid_local_global,base_0004,1,6,2550.0,module_3
entanglement_assisted_all_shared_local_route,hybrid_local_global,base_0004,1,7,2970.0,module_4
entanglement_assisted_all_shared_local_route,hybrid_local_global,base_0004,1,8,3390.0,module_3
entanglement_assisted_all_shared_local_route,hybrid_local_global,base_0004,1,9,3810.0,module_1
entanglement_assisted_all_shared_local_route,hybrid_local_global,base_0004,1,10,4230.0,module_2
entanglement_assisted_all_shared_local_route,hybrid_local_global,base_0004,1,11,4650.0,module_4
entanglement_assisted_all_shared_local_route,hybrid_local_global,base_0004,1,12,5070.0,module_4
entanglement_assisted_all_shared_local_route,hybrid_local_global,base_0004,1,13,5490.0,module_1
entanglement_assisted_all_shared_local_route,hybrid_local_global,base_0004,1,14,5910.0,module_2
entanglement_assisted_all_shared_local_route,hybrid_local_global,base_0004,1,15,6330.0,module_3
entanglement_assisted_all_shared_local_route,hybrid_local_global,base_0004,1,16,6750.0,module_1
entanglement_assisted_all_shared_local_route,hybrid_local_global,base_0004,1,17,7170.0,module_2
entanglement_assisted_all_shared_local_route,hybrid_local_global,base_0004,1,18,7590.0,module_3
entanglement_assisted_all_shared_local_route,hybrid_local_global,base_0004,1,19,8010.0,module_4
entanglement_assisted_all_shared_local_route,hybrid_local_global,base_0004,1,20,8430.0,module_2
entanglement_assisted_all_shared_local_route,hybrid_local_global,base_0004,1,21,8850.0,module_4
entanglement_assisted_all_shared_local_route,hybrid_local_global,base_0004,1,22,9270.0,module_1
entanglement_assisted_all_shared_local_route,hybrid_local_global,base_0004,1,23,9690.0,module_3
entanglement_assisted_all_shared_local_route,hybrid_local_global,base_0004,1,24,10110.0,module_4
entanglement_assisted_all_shared_local_route,hybrid_local_global,base_0004,1,25,10530.0,module_1
entanglement_assisted_all_shared_local_route,hybrid_local_global,base_0004,1,26,10950.0,module_2
entanglement_assisted_all_shared_local_route,hybrid_local_global,base_0004,1,27,11370.0,module_3
entanglement_assisted_all_shared_local_route,hybrid_local_global,base_0004,1,28,11790.0,module_4
entanglement_assisted_all_shared_local_route,hybrid_local_global,base_0004,1,29,12210.0,module_2
entanglement_assisted_all_shared_local_route,hybrid_local_global,base_0004,1,30,12630.0,module_1
entanglement_assisted_all_shared_local_route,hybrid_local_global,base_0004,1,31,13050.0,module_3
entanglement_assisted_all_shared_local_route,hybrid_local_global,base_0004,1,32,13470.0,module_4
entanglement_assisted_all_shared_local_route,hybrid_local_global,base_0004,1,33,13890.0,module_2
entanglement_assisted_all_shared_local_route,hybrid_local_global,base_0004,1,34,14310.0,module_1
entanglement_assisted_all_shared_local_route,hybrid_local_global,base_0004,1,35,14730.0,module_3
entanglement_assisted_all_shared_local_route,hybrid_local_global,base_0004,1,36,15150.0,module_2
entanglement_assisted_all_shared_local_route,hybrid_local_global,base_0004,1,37,15570.0,module_3
entanglement_assisted_all_shared_local_route,hybrid_local_global,base_0004,1,38,15990.0,module_4
entanglement_assisted_all_shared_local_route,hybrid_local_global,base_0004,1,39,16410.0,module_1
entanglement_assisted_all_shared_local_route,hybrid_local_global,base_0004,1,40,16830.0,module_1
entanglement_assisted_all_shared_local_route,hybrid_local_global,base_0004,1,41,17250.0,module_4
entanglement_assisted_all_shared_local_route,hybrid_local_global,base_0004,1,42,17670.0,module_2
entanglement_assisted_all_shared_local_route,hybrid_local_global,base_0004,1,43,18090.0,module_3
entanglement_assisted_all_shared_local_route,hybrid_local_global,base_0004,1,44,18510.0,module_4
entanglement_assisted_all_shared_local_route,hybrid_local_global,base_0004,1,45,18930.0,module_3
entanglement_assisted_all_shared_local_route,hybrid_local_global,base_0004,1,46,19350.0,module_1
entanglement_assisted_all_shared_local_route,hybrid_local_global,base_0004,1,47,19770.0,module_2
entanglement_assisted_all_shared_local_route,hybrid_local_global,base_0005,0,0,30.0,module_1
entanglement_assisted_all_shared_local_route,hybrid_local_global,base_0005,0,1,450.0,module_3
entanglement_assisted_all_shared_local_route,hybrid_local_global,base_0005,0,2,870.0,module_4
entanglement_assisted_all_shared_local_route,hybrid_local_global,base_0005,0,3,1290.0,module_2
entanglement_assisted_all_shared_local_route,hybrid_local_global,base_0005,0,4,1710.0,module_1
entanglement_assisted_all_shared_local_route,hybrid_local_global,base_0005,0,5,2130.0,module_4
entanglement_assisted_all_shared_local_route,hybrid_local_global,base_0005,0,6,2550.0,module_3
entanglement_assisted_all_shared_local_route,hybrid_local_global,base_0005,0,7,2970.0,module_2
entanglement_assisted_all_shared_local_route,hybrid_local_global,base_0005,0,8,3390.0,module_4
entanglement_assisted_all_shared_local_route,hybrid_local_global,base_0005,0,9,3810.0,module_3
entanglement_assisted_all_shared_local_route,hybrid_local_global,base_0005,0,10,4230.0,module_2
entanglement_assisted_all_shared_local_route,hybrid_local_global,base_0005,0,11,4650.0,module_1
entanglement_assisted_all_shared_local_route,hybrid_local_global,base_0005,0,12,5070.0,module_4
entanglement_assisted_all_shared_local_route,hybrid_local_global,base_0005,0,13,5490.0,module_3
entanglement_assisted_all_shared_local_route,hybrid_local_global,base_0005,0,14,5910.0,module_1
entanglement_assisted_all_shared_local_route,hybrid_local_global,base_0005,0,15,6330.0,module_2
entanglement_assisted_all_shared_local_route,hybrid_local_global,base_0005,0,16,6750.0,module_1
entanglement_assisted_all_shared_local_route,hybrid_local_global,base_0005,0,17,7170.0,module_4
entanglement_assisted_all_shared_local_route,hybrid_local_global,base_0005,0,18,7590.0,module_3
entanglement_assisted_all_shared_local_route,hybrid_local_global,base_0005,0,19,8010.0,module_2
entanglement_assisted_all_shared_local_route,hybrid_local_global,base_0005,0,20,8430.0,module_2
entanglement_assisted_all_shared_local_route,hybrid_local_global,base_0005,0,21,8850.0,module_1
entanglement_assisted_all_shared_local_route,hybrid_local_global,base_0005,0,22,9270.0,module_4
entanglement_assisted_all_shared_local_route,hybrid_local_global,base_0005,0,23,9690.0,module_3
entanglement_assisted_all_shared_local_route,hybrid_local_global,base_0005,0,24,10110.0,module_3
entanglement_assisted_all_shared_local_route,hybrid_local_global,base_0005,0,25,10530.0,module_2
entanglement_assisted_all_shared_local_route,hybrid_local_global,base_0005,0,26,10950.0,module_4
entanglement_assisted_all_shared_local_route,hybrid_local_global,base_0005,0,27,11370.0,module_1
entanglement_assisted_all_shared_local_route,hybrid_local_global,base_0005,0,28,11790.0,module_3
entanglement_assisted_all_shared_local_route,hybrid_local_global,base_0005,0,29,12210.0,module_4
entanglement_assisted_all_shared_local_route,hybrid_local_global,base_0005,0,30,12630.0,module_1
entanglement_assisted_all_shared_local_route,hybrid_local_global,base_0005,0,31,13050.0,module_2
entanglement_assisted_all_shared_local_route,hybrid_local_global,base_0005,0,32,13470.0,module_1
entanglement_assisted_all_shared_local_route,hybrid_local_global,base_0005,0,33,13890.0,module_4
entanglement_assisted_all_shared_local_route,hybrid_local_global,base_0005,0,34,14310.0,module_3
entanglement_assisted_all_shared_local_route,hybrid_local_global,base_0005,0,35,14730.0,module_2
entanglement_assisted_all_shared_local_route,hybrid_local_global,base_0005,0,36,15150.0,module_1
entanglement_assisted_all_shared_local_route,hybrid_local_global,base_0005,0,37,15570.0,module_2
entanglement_assisted_all_shared_local_route,hybrid_local_global,base_0005,0,38,15990.0,module_3
entanglement_assisted_all_shared_local_route,hybrid_local_global,base_0005,0,39,16410.0,module_4
entanglement_assisted_all_shared_local_route,hybrid_local_global,base_0005,0,40,16830.0,module_3
entanglement_assisted_all_shared_local_route,hybrid_local_global,base_0005,0,41,17250.0,module_4
entanglement_assisted_all_shared_local_route,hybrid_local_global,base_0005,0,42,17670.0,module_2
entanglement_assisted_all_shared_local_route,hybrid_local_global,base_0005,0,43,18090.0,module_1
entanglement_assisted_all_shared_local_route,hybrid_local_global,base_0005,0,44,18510.0,module_1
entanglement_assisted_all_shared_local_route,hybrid_local_global,base_0005,0,45,18930.0,module_2
entanglement_assisted_all_shared_local_route,hybrid_local_global,base_0005,0,46,19350.0,module_4
entanglement_assisted_all_shared_local_route,hybrid_local_global,base_0005,0,47,19770.0,module_3
entanglement_assisted_all_shared_local_route,hybrid_local_global,base_0005,1,0,30.0,module_2
entanglement_assisted_all_shared_local_route,hybrid_local_global,base_0005,1,1,450.0,module_4
entanglement_assisted_all_shared_local_route,hybrid_local_global,base_0005,1,2,870.0,module_3
entanglement_assisted_all_shared_local_route,hybrid_local_global,base_0005,1,3,1290.0,module_1
entanglement_assisted_all_shared_local_route,hybrid_local_global,base_0005,1,4,1710.0,module_3
entanglement_assisted_all_shared_local_route,hybrid_local_global,base_0005,1,5,2130.0,module_4
entanglement_assisted_all_shared_local_route,hybrid_local_global,base_0005,1,6,2550.0,module_1
entanglement_assisted_all_shared_local_route,hybrid_local_global,base_0005,1,7,2970.0,module_2
entanglement_assisted_all_shared_local_route,hybrid_local_global,base_0005,1,8,3390.0,module_4
entanglement_assisted_all_shared_local_route,hybrid_local_global,base_0005,1,9,3810.0,module_3
entanglement_assisted_all_shared_local_route,hybrid_local_global,base_0005,1,10,4230.0,module_2
entanglement_assisted_all_shared_local_route,hybrid_local_global,base_0005,1,11,4650.0,module_1
entanglement_assisted_all_shared_local_route,hybrid_local_global,base_0005,1,12,5070.0,module_3
entanglement_assisted_all_shared_local_route,hybrid_local_global,base_0005,1,13,5490.0,module_4
entanglement_assisted_all_shared_local_route,hybrid_local_global,base_0005,1,14,5910.0,module_2
entanglement_assisted_all_shared_local_route,hybrid_local_global,base_0005,1,15,6330.0,module_1
entanglement_assisted_all_shared_local_route,hybrid_local_global,base_0005,1,16,6750.0,module_4
entanglement_assisted_all_shared_local_route,hybrid_local_global,base_0005,1,17,7170.0,module_1
entanglement_assisted_all_shared_local_route,hybrid_local_global,base_0005,1,18,7590.0,module_2
entanglement_assisted_all_shared_local_route,hybrid_local_global,base_0005,1,19,8010.0,module_3
entanglement_assisted_all_shared_local_route,hybrid_local_global,base_0005,1,20,8430.0,module_2
entanglement_assisted_all_shared_local_route,hybrid_local_global,base_0005,1,21,8850.0,module_3
entanglement_assisted_all_shared_local_route,hybrid_local_global,base_0005,1,22,9270.0,module_1
entanglement_assisted_all_shared_local_route,hybrid_local_global,base_0005,1,23,9690.0,module_4
entanglement_assisted_all_shared_local_route,hybrid_local_global,base_0005,1,24,10110.0,module_1
entanglement_assisted_all_shared_local_route,hybrid_local_global,base_0005,1,25,10530.0,module_2
entanglement_assisted_all_shared_local_route,hybrid_local_global,base_0005,1,26,10950.0,module_3
entanglement_assisted_all_shared_local_route,hybrid_local_global,base_0005,1,27,11370.0,module_4
entanglement_assisted_all_shared_local_route,hybrid_local_global,base_0005,1,28,11790.0,module_2
entanglement_assisted_all_shared_local_route,hybrid_local_global,base_0005,1,29,12210.0,module_4
entanglement_assisted_all_shared_local_route,hybrid_local_global,base_0005,1,30,12630.0,module_1
entanglement_assisted_all_shared_local_route,hybrid_local_global,base_0005,1,31,13050.0,module_3
entanglement_assisted_all_shared_local_route,hybrid_local_global,base_0005,1,32,13470.0,module_2
entanglement_assisted_all_shared_local_route,hybrid_local_global,base_0005,1,33,13890.0,module_3
entanglement_assisted_all_shared_local_route,hybrid_local_global,base_0005,1,34,14310.0,module_1
entanglement_assisted_all_shared_local_route,hybrid_local_global,base_0005,1,35,14730.0,module_4
entanglement_assisted_all_shared_local_route,hybrid_local_global,base_0005,1,36,15150.0,module_4
entanglement_assisted_all_shared_local_route,hybrid_local_global,base_0005,1,37,15570.0,module_2
entanglement_assisted_all_shared_local_route,hybrid_local_global,base_0005,1,38,15990.0,module_1
entanglement_assisted_all_shared_local_route,hybrid_local_global,base_0005,1,39,16410.0,module_3
entanglement_assisted_all_shared_local_route,hybrid_local_global,base_0005,1,40,16830.0,module_4
entanglement_assisted_all_shared_local_route,hybrid_local_global,base_0005,1,41,17250.0,module_3
entanglement_assisted_all_shared_local_route,hybrid_local_global,base_0005,1,42,17670.0,module_1
entanglement_assisted_all_shared_local_route,hybrid_local_global,base_0005,1,43,18090.0,module_2
entanglement_assisted_all_shared_local_route,hybrid_local_global,base_0005,1,44,18510.0,module_3
entanglement_assisted_all_shared_local_route,hybrid_local_global,base_0005,1,45,18930.0,module_4
entanglement_assisted_all_shared_local_route,hybrid_local_global,base_0005,1,46,19350.0,module_1
entanglement_assisted_all_shared_local_route,hybrid_local_global,base_0005,1,47,19770.0,module_2
entanglement_assisted_all_shared_local_route,hybrid_local_global,base_0006,0,0,30.0,module_4
entanglement_assisted_all_shared_local_route,hybrid_local_global,base_0006,0,1,450.0,module_3
entanglement_assisted_all_shared_local_route,hybrid_local_global,base_0006,0,2,870.0,module_2
entanglement_assisted_all_shared_local_route,hybrid_local_global,base_0006,0,3,1290.0,module_1
entanglement_assisted_all_shared_local_route,hybrid_local_global,base_0006,0,4,1710.0,module_1
entanglement_assisted_all_shared_local_route,hybrid_local_global,base_0006,0,5,2130.0,module_4
entanglement_assisted_all_shared_local_route,hybrid_local_global,base_0006,0,6,2550.0,module_2
entanglement_assisted_all_shared_local_route,hybrid_local_global,base_0006,0,7,2970.0,module_3
entanglement_assisted_all_shared_local_route,hybrid_local_global,base_0006,0,8,3390.0,module_4
entanglement_assisted_all_shared_local_route,hybrid_local_global,base_0006,0,9,3810.0,module_2
entanglement_assisted_all_shared_local_route,hybrid_local_global,base_0006,0,10,4230.0,module_3
entanglement_assisted_all_shared_local_route,hybrid_local_global,base_0006,0,11,4650.0,module_1
entanglement_assisted_all_shared_local_route,hybrid_local_global,base_0006,0,12,5070.0,module_3
entanglement_assisted_all_shared_local_route,hybrid_local_global,base_0006,0,13,5490.0,module_4
entanglement_assisted_all_shared_local_route,hybrid_local_global,base_0006,0,14,5910.0,module_1
entanglement_assisted_all_shared_local_route,hybrid_local_global,base_0006,0,15,6330.0,module_2
entanglement_assisted_all_shared_local_route,hybrid_local_global,base_0006,0,16,6750.0,module_2
entanglement_assisted_all_shared_local_route,hybrid_local_global,base_0006,0,17,7170.0,module_3
entanglement_assisted_all_shared_local_route,hybrid_local_global,base_0006,0,18,7590.0,module_4
entanglement_assisted_all_shared_local_route,hybrid_local_global,base_0006,0,19,8010.0,module_1
entanglement_assisted_all_shared_local_route,hybrid_local_global,base_0006,0,20,8430.0,module_2
entanglement_assisted_all_shared_local_route,hybrid_local_global,base_0006,0,21,8850.0,module_1
entanglement_assisted_all_shared_local_route,hybrid_local_global,base_0006,0,22,9270.0,module_4
entanglement_assisted_all_shared_local_route,hybrid_local_global,base_0006,0,23,9690.0,module_3
entanglement_assisted_all_shared_local_route,hybrid_local_global,base_0006,0,24,10110.0,module_1
entanglement_assisted_all_shared_local_route,hybrid_local_global,base_0006,0,25,10530.0,module_4
entanglement_assisted_all_shared_local_route,hybrid_local_global,base_0006,0,26,10950.0,module_2
entanglement_assisted_all_shared_local_route,hybrid_local_global,base_0006,0,27,11370.0,module_3
entanglement_assisted_all_shared_local_route,hybrid_local_global,base_0006,0,28,11790.0,module_3
entanglement_assisted_all_shared_local_route,hybrid_local_global,base_0006,0,29,12210.0,module_4
entanglement_assisted_all_shared_local_route,hybrid_local_global,base_0006,0,30,12630.0,module_2
entanglement_assisted_all_shared_local_route,hybrid_local_global,base_0006,0,31,13050.0,module_1
entanglement_assisted_all_shared_local_route,hybrid_local_global,base_0006,0,32,13470.0,module_2
entanglement_assisted_all_shared_local_route,hybrid_local_global,base_0006,0,33,13890.0,module_4
entanglement_assisted_all_shared_local_route,hybrid_local_global,base_0006,0,34,14310.0,module_1
entanglement_assisted_all_shared_local_route,hybrid_local_global,base_0006,0,35,14730.0,module_3
entanglement_assisted_all_shared_local_route,hybrid_local_global,base_0006,0,36,15150.0,module_3
entanglement_assisted_all_shared_local_route,hybrid_local_global,base_0006,0,37,15570.0,module_2
entanglement_assisted_all_shared_local_route,hybrid_local_global,base_0006,0,38,15990.0,module_4
entanglement_assisted_all_shared_local_route,hybrid_local_global,base_0006,0,39,16410.0,module_1
entanglement_assisted_all_shared_local_route,hybrid_local_global,base_0006,0,40,16830.0,module_3
entanglement_assisted_all_shared_local_route,hybrid_local_global,base_0006,0,41,17250.0,module_1
entanglement_assisted_all_shared_local_route,hybrid_local_global,base_0006,0,42,17670.0,module_2
entanglement_assisted_all_shared_local_route,hybrid_local_global,base_0006,0,43,18090.0,module_4
entanglement_assisted_all_shared_local_route,hybrid_local_global,base_0006,0,44,18510.0,module_3
entanglement_assisted_all_shared_local_route,hybrid_local_global,base_0006,0,45,18930.0,module_1
entanglement_assisted_all_shared_local_route,hybrid_local_global,base_0006,0,46,19350.0,module_2
entanglement_assisted_all_shared_local_route,hybrid_local_global,base_0006,0,47,19770.0,module_4
entanglement_assisted_all_shared_local_route,hybrid_local_global,base_0006,1,0,30.0,module_1
entanglement_assisted_all_shared_local_route,hybrid_local_global,base_0006,1,1,450.0,module_3
entanglement_assisted_all_shared_local_route,hybrid_local_global,base_0006,1,2,870.0,module_4
entanglement_assisted_all_shared_local_route,hybrid_local_global,base_0006,1,3,1290.0,module_2
entanglement_assisted_all_shared_local_route,hybrid_local_global,base_0006,1,4,1710.0,module_4
entanglement_assisted_all_shared_local_route,hybrid_local_global,base_0006,1,5,2130.0,module_1
entanglement_assisted_all_shared_local_route,hybrid_local_global,base_0006,1,6,2550.0,module_3
entanglement_assisted_all_shared_local_route,hybrid_local_global,base_0006,1,7,2970.0,module_2
entanglement_assisted_all_shared_local_route,hybrid_local_global,base_0006,1,8,3390.0,module_1
entanglement_assisted_all_shared_local_route,hybrid_local_global,base_0006,1,9,3810.0,module_2
entanglement_assisted_all_shared_local_route,hybrid_local_global,base_0006,1,10,4230.0,module_3
entanglement_assisted_all_shared_local_route,hybrid_local_global,base_0006,1,11,4650.0,module_4
entanglement_assisted_all_shared_local_route,hybrid_local_global,base_0006,1,12,5070.0,module_3
entanglement_assisted_all_shared_local_route,hybrid_local_global,base_0006,1,13,5490.0,module_2
entanglement_assisted_all_shared_local_route,hybrid_local_global,base_0006,1,14,5910.0,module_1
entanglement_assisted_all_shared_local_route,hybrid_local_global,base_0006,1,15,6330.0,module_4
entanglement_assisted_all_shared_local_route,hybrid_local_global,base_0006,1,16,6750.0,module_1
entanglement_assisted_all_shared_local_route,hybrid_local_global,base_0006,1,17,7170.0,module_4
entanglement_assisted_all_shared_local_route,hybrid_local_global,base_0006,1,18,7590.0,module_2
entanglement_assisted_all_shared_local_route,hybrid_local_global,base_0006,1,19,8010.0,module_3
entanglement_assisted_all_shared_local_route,hybrid_local_global,base_0006,1,20,8430.0,module_3
entanglement_assisted_all_shared_local_route,hybrid_local_global,base_0006,1,21,8850.0,module_2
entanglement_assisted_all_shared_local_route,hybrid_local_global,base_0006,1,22,9270.0,module_1
entanglement_assisted_all_shared_local_route,hybrid_local_global,base_0006,1,23,9690.0,module_4
entanglement_assisted_all_shared_local_route,hybrid_local_global,base_0006,1,24,10110.0,module_4
entanglement_assisted_all_shared_local_route,hybrid_local_global,base_0006,1,25,10530.0,module_3
entanglement_assisted_all_shared_local_route,hybrid_local_global,base_0006,1,26,10950.0,module_2
entanglement_assisted_all_shared_local_route,hybrid_local_global,base_0006,1,27,11370.0,module_1
entanglement_assisted_all_shared_local_route,hybrid_local_global,base_0006,1,28,11790.0,module_1
entanglement_assisted_all_shared_local_route,hybrid_local_global,base_0006,1,29,12210.0,module_4
entanglement_assisted_all_shared_local_route,hybrid_local_global,base_0006,1,30,12630.0,module_3
entanglement_assisted_all_shared_local_route,hybrid_local_global,base_0006,1,31,13050.0,module_2
entanglement_assisted_all_shared_local_route,hybrid_local_global,base_0006,1,32,13470.0,module_4
entanglement_assisted_all_shared_local_route,hybrid_local_global,base_0006,1,33,13890.0,module_1
entanglement_assisted_all_shared_local_route,hybrid_local_global,base_0006,1,34,14310.0,module_3
entanglement_assisted_all_shared_local_route,hybrid_local_global,base_0006,1,35,14730.0,module_2
entanglement_assisted_all_shared_local_route,hybrid_local_global,base_0006,1,36,15150.0,module_2
entanglement_assisted_all_shared_local_route,hybrid_local_global,base_0006,1,37,15570.0,module_3
entanglement_assisted_all_shared_local_route,hybrid_local_global,base_0006,1,38,15990.0,module_1
entanglement_assisted_all_shared_local_route,hybrid_local_global,base_0006,1,39,16410.0,module_4
entanglement_assisted_all_shared_local_route,hybrid_local_global,base_0006,1,40,16830.0,module_3
entanglement_assisted_all_shared_local_route,hybrid_local_global,base_0006,1,41,17250.0,module_4
entanglement_assisted_all_shared_local_route,hybrid_local_global,base_0006,1,42,17670.0,module_1
entanglement_assisted_all_shared_local_route,hybrid_local_global,base_0006,1,43,18090.0,module_2
entanglement_assisted_all_shared_local_route,hybrid_local_global,base_0006,1,44,18510.0,module_1
entanglement_assisted_all_shared_local_route,hybrid_local_global,base_0006,1,45,18930.0,module_4
entanglement_assisted_all_shared_local_route,hybrid_local_global,base_0006,1,46,19350.0,module_2
entanglement_assisted_all_shared_local_route,hybrid_local_global,base_0006,1,47,19770.0,module_3
entanglement_assisted_all_shared_local_route,hybrid_local_global,base_0007,0,0,30.0,module_1
entanglement_assisted_all_shared_local_route,hybrid_local_global,base_0007,0,1,450.0,module_2
entanglement_assisted_all_shared_local_route,hybrid_local_global,base_0007,0,2,870.0,module_4
entanglement_assisted_all_shared_local_route,hybrid_local_global,base_0007,0,3,1290.0,module_3
entanglement_assisted_all_shared_local_route,hybrid_local_global,base_0007,0,4,1710.0,module_1
entanglement_assisted_all_shared_local_route,hybrid_local_global,base_0007,0,5,2130.0,module_2
entanglement_assisted_all_shared_local_route,hybrid_local_global,base_0007,0,6,2550.0,module_4
entanglement_assisted_all_shared_local_route,hybrid_local_global,base_0007,0,7,2970.0,module_3
entanglement_assisted_all_shared_local_route,hybrid_local_global,base_0007,0,8,3390.0,module_4
entanglement_assisted_all_shared_local_route,hybrid_local_global,base_0007,0,9,3810.0,module_3
entanglement_assisted_all_shared_local_route,hybrid_local_global,base_0007,0,10,4230.0,module_1
entanglement_assisted_all_shared_local_route,hybrid_local_global,base_0007,0,11,4650.0,module_2
entanglement_assisted_all_shared_local_route,hybrid_local_global,base_0007,0,12,5070.0,module_1
entanglement_assisted_all_shared_local_route,hybrid_local_global,base_0007,0,13,5490.0,module_3
entanglement_assisted_all_shared_local_route,hybrid_local_global,base_0007,0,14,5910.0,module_4
entanglement_assisted_all_shared_local_route,hybrid_local_global,base_0007,0,15,6330.0,module_2
entanglement_assisted_all_shared_local_route,hybrid_local_global,base_0007,0,16,6750.0,module_2
entanglement_assisted_all_shared_local_route,hybrid_local_global,base_0007,0,17,7170.0,module_4
entanglement_assisted_all_shared_local_route,hybrid_local_global,base_0007,0,18,7590.0,module_3
entanglement_assisted_all_shared_local_route,hybrid_local_global,base_0007,0,19,8010.0,module_1
entanglement_assisted_all_shared_local_route,hybrid_local_global,base_0007,0,20,8430.0,module_1
entanglement_assisted_all_shared_local_route,hybrid_local_global,base_0007,0,21,8850.0,module_4
entanglement_assisted_all_shared_local_route,hybrid_local_global,base_0007,0,22,9270.0,module_2
entanglement_assisted_all_shared_local_route,hybrid_local_global,base_0007,0,23,9690.0,module_3
entanglement_assisted_all_shared_local_route,hybrid_local_global,base_0007,0,24,10110.0,module_4
entanglement_assisted_all_shared_local_route,hybrid_local_global,base_0007,0,25,10530.0,module_2
entanglement_assisted_all_shared_local_route,hybrid_local_global,base_0007,0,26,10950.0,module_3
entanglement_assisted_all_shared_local_route,hybrid_local_global,base_0007,0,27,11370.0,module_1
entanglement_assisted_all_shared_local_route,hybrid_local_global,base_0007,0,28,11790.0,module_2
entanglement_assisted_all_shared_local_route,hybrid_local_global,base_0007,0,29,12210.0,module_4
entanglement_assisted_all_shared_local_route,hybrid_local_global,base_0007,0,30,12630.0,module_3
entanglement_assisted_all_shared_local_route,hybrid_local_global,base_0007,0,31,13050.0,module_1
entanglement_assisted_all_shared_local_route,hybrid_local_global,base_0007,0,32,13470.0,module_3
entanglement_assisted_all_shared_local_route,hybrid_local_global,base_0007,0,33,13890.0,module_2
entanglement_assisted_all_shared_local_route,hybrid_local_global,base_0007,0,34,14310.0,module_4
entanglement_assisted_all_shared_local_route,hybrid_local_global,base_0007,0,35,14730.0,module_1
entanglement_assisted_all_shared_local_route,hybrid_local_global,base_0007,0,36,15150.0,module_2
entanglement_assisted_all_shared_local_route,hybrid_local_global,base_0007,0,37,15570.0,module_3
entanglement_assisted_all_shared_local_route,hybrid_local_global,base_0007,0,38,15990.0,module_4
entanglement_assisted_all_shared_local_route,hybrid_local_global,base_0007,0,39,16410.0,module_1
entanglement_assisted_all_shared_local_route,hybrid_local_global,base_0007,0,40,16830.0,module_4
entanglement_assisted_all_shared_local_route,hybrid_local_global,base_0007,0,41,17250.0,module_3
entanglement_assisted_all_shared_local_route,hybrid_local_global,base_0007,0,42,17670.0,module_2
entanglement_assisted_all_shared_local_route,hybrid_local_global,base_0007,0,43,18090.0,module_1
entanglement_assisted_all_shared_local_route,hybrid_local_global,base_0007,0,44,18510.0,module_4
entanglement_assisted_all_shared_local_route,hybrid_local_global,base_0007,0,45,18930.0,module_2
entanglement_assisted_all_shared_local_route,hybrid_local_global,base_0007,0,46,19350.0,module_1
entanglement_assisted_all_shared_local_route,hybrid_local_global,base_0007,0,47,19770.0,module_3
entanglement_assisted_all_shared_local_route,hybrid_local_global,base_0007,1,0,30.0,module_3
entanglement_assisted_all_shared_local_route,hybrid_local_global,base_0007,1,1,450.0,module_4
entanglement_assisted_all_shared_local_route,hybrid_local_global,base_0007,1,2,870.0,module_1
entanglement_assisted_all_shared_local_route,hybrid_local_global,base_0007,1,3,1290.0,module_2
entanglement_assisted_all_shared_local_route,hybrid_local_global,base_0007,1,4,1710.0,module_4
entanglement_assisted_all_shared_local_route,hybrid_local_global,base_0007,1,5,2130.0,module_1
entanglement_assisted_all_shared_local_route,hybrid_local_global,base_0007,1,6,2550.0,module_3
entanglement_assisted_all_shared_local_route,hybrid_local_global,base_0007,1,7,2970.0,module_2
entanglement_assisted_all_shared_local_route,hybrid_local_global,base_0007,1,8,3390.0,module_2
entanglement_assisted_all_shared_local_route,hybrid_local_global,base_0007,1,9,3810.0,module_3
entanglement_assisted_all_shared_local_route,hybrid_local_global,base_0007,1,10,4230.0,module_4
entanglement_assisted_all_shared_local_route,hybrid_local_global,base_0007,1,11,4650.0,module_1
entanglement_assisted_all_shared_local_route,hybrid_local_global,base_0007,1,12,5070.0,module_4
entanglement_assisted_all_shared_local_route,hybrid_local_global,base_0007,1,13,5490.0,module_1
entanglement_assisted_all_shared_local_route,hybrid_local_global,base_0007,1,14,5910.0,module_2
entanglement_assisted_all_shared_local_route,hybrid_local_global,base_0007,1,15,6330.0,module_3
entanglement_assisted_all_shared_local_route,hybrid_local_global,base_0007,1,16,6750.0,module_3
entanglement_assisted_all_shared_local_route,hybrid_local_global,base_0007,1,17,7170.0,module_2
entanglement_assisted_all_shared_local_route,hybrid_local_global,base_0007,1,18,7590.0,module_4
entanglement_assisted_all_shared_local_route,hybrid_local_global,base_0007,1,19,8010.0,module_1
entanglement_assisted_all_shared_local_route,hybrid_local_global,base_0007,1,20,8430.0,module_4
entanglement_assisted_all_shared_local_route,hybrid_local_global,base_0007,1,21,8850.0,module_2
entanglement_assisted_all_shared_local_route,hybrid_local_global,base_0007,1,22,9270.0,module_3
entanglement_assisted_all_shared_local_route,hybrid_local_global,base_0007,1,23,9690.0,module_1
entanglement_assisted_all_shared_local_route,hybrid_local_global,base_0007,1,24,10110.0,module_4
entanglement_assisted_all_shared_local_route,hybrid_local_global,base_0007,1,25,10530.0,module_1
entanglement_assisted_all_shared_local_route,hybrid_local_global,base_0007,1,26,10950.0,module_3
entanglement_assisted_all_shared_local_route,hybrid_local_global,base_0007,1,27,11370.0,module_2
entanglement_assisted_all_shared_local_route,hybrid_local_global,base_0007,1,28,11790.0,module_4
entanglement_assisted_all_shared_local_route,hybrid_local_global,base_0007,1,29,12210.0,module_2
entanglement_assisted_all_shared_local_route,hybrid_local_global,base_0007,1,30,12630.0,module_3
entanglement_assisted_all_shared_local_route,hybrid_local_global,base_0007,1,31,13050.0,module_1
entanglement_assisted_all_shared_local_route,hybrid_local_global,base_0007,1,32,13470.0,module_4
entanglement_assisted_all_shared_local_route,hybrid_local_global,base_0007,1,33,13890.0,module_3
entanglement_assisted_all_shared_local_route,hybrid_local_global,base_0007,1,34,14310.0,module_1
entanglement_assisted_all_shared_local_route,hybrid_local_global,base_0007,1,35,14730.0,module_2
entanglement_assisted_all_shared_local_route,hybrid_local_global,base_0007,1,36,15150.0,module_1
entanglement_assisted_all_shared_local_route,hybrid_local_global,base_0007,1,37,15570.0,module_3
entanglement_assisted_all_shared_local_route,hybrid_local_global,base_0007,1,38,15990.0,module_2
entanglement_assisted_all_shared_local_route,hybrid_local_global,base_0007,1,39,16410.0,module_4
entanglement_assisted_all_shared_local_route,hybrid_local_global,base_0007,1,40,16830.0,module_3
entanglement_assisted_all_shared_local_route,hybrid_local_global,base_0007,1,41,17250.0,module_2
entanglement_assisted_all_shared_local_route,hybrid_local_global,base_0007,1,42,17670.0,module_1
entanglement_assisted_all_shared_local_route,hybrid_local_global,base_0007,1,43,18090.0,module_4
entanglement_assisted_all_shared_local_route,hybrid_local_global,base_0007,1,44,18510.0,module_3
entanglement_assisted_all_shared_local_route,hybrid_local_global,base_0007,1,45,18930.0,module_4
entanglement_assisted_all_shared_local_route,hybrid_local_global,base_0007,1,46,19350.0,module_1
entanglement_assisted_all_shared_local_route,hybrid_local_global,base_0007,1,47,19770.0,module_2
entanglement_assisted_all_shared_local_route,hybrid_local_global,base_0008,0,0,30.0,module_4
entanglement_assisted_all_shared_local_route,hybrid_local_global,base_0008,0,1,450.0,module_3
entanglement_assisted_all_shared_local_route,hybrid_local_global,base_0008,0,2,870.0,module_2
entanglement_assisted_all_shared_local_route,hybrid_local_global,base_0008,0,3,1290.0,module_1
entanglement_assisted_all_shared_local_route,hybrid_local_global,base_0008,0,4,1710.0,module_4
entanglement_assisted_all_shared_local_route,hybrid_local_global,base_0008,0,5,2130.0,module_2
entanglement_assisted_all_shared_local_route,hybrid_local_global,base_0008,0,6,2550.0,module_3
entanglement_assisted_all_shared_local_route,hybrid_local_global,base_0008,0,7,2970.0,module_1
entanglement_assisted_all_shared_local_route,hybrid_local_global,base_0008,0,8,3390.0,module_2
entanglement_assisted_all_shared_local_route,hybrid_local_global,base_0008,0,9,3810.0,module_3
entanglement_assisted_all_shared_local_route,hybrid_local_global,base_0008,0,10,4230.0,module_4
entanglement_assisted_all_shared_local_route,hybrid_local_global,base_0008,0,11,4650.0,module_1
entanglement_assisted_all_shared_local_route,hybrid_local_global,base_0008,0,12,5070.0,module_3
entanglement_assisted_all_shared_local_route,hybrid_local_global,base_0008,0,13,5490.0,module_1
entanglement_assisted_all_shared_local_route,hybrid_local_global,base_0008,0,14,5910.0,module_4
entanglement_assisted_all_shared_local_route,hybrid_local_global,base_0008,0,15,6330.0,module_2
entanglement_assisted_all_shared_local_route,hybrid_local_global,base_0008,0,16,6750.0,module_1
entanglement_assisted_all_shared_local_route,hybrid_local_global,base_0008,0,17,7170.0,module_2
entanglement_assisted_all_shared_local_route,hybrid_local_global,base_0008,0,18,7590.0,module_4
entanglement_assisted_all_shared_local_route,hybrid_local_global,base_0008,0,19,8010.0,module_3
entanglement_assisted_all_shared_local_route,hybrid_local_global,base_0008,0,20,8430.0,module_3
entanglement_assisted_all_shared_local_route,hybrid_local_global,base_0008,0,21,8850.0,module_1
entanglement_assisted_all_shared_local_route,hybrid_local_global,base_0008,0,22,9270.0,module_4
entanglement_assisted_all_shared_local_route,hybrid_local_global,base_0008,0,23,9690.0,module_2
entanglement_assisted_all_shared_local_route,hybrid_local_global,base_0008,0,24,10110.0,module_3
entanglement_assisted_all_shared_local_route,hybrid_local_global,base_0008,0,25,10530.0,module_2
entanglement_assisted_all_shared_local_route,hybrid_local_global,base_0008,0,26,10950.0,module_1
entanglement_assisted_all_shared_local_route,hybrid_local_global,base_0008,0,27,11370.0,module_4
entanglement_assisted_all_shared_local_route,hybrid_local_global,base_0008,0,28,11790.0,module_1
entanglement_assisted_all_shared_local_route,hybrid_local_global,base_0008,0,29,12210.0,module_4
entanglement_assisted_all_shared_local_route,hybrid_local_global,base_0008,0,30,12630.0,module_2
entanglement_assisted_all_shared_local_route,hybrid_local_global,base_0008,0,31,13050.0,module_3
entanglement_assisted_all_shared_local_route,hybrid_local_global,base_0008,0,32,13470.0,module_4
entanglement_assisted_all_shared_local_route,hybrid_local_global,base_0008,0,33,13890.0,module_3
entanglement_assisted_all_shared_local_route,hybrid_local_global,base_0008,0,34,14310.0,module_1
entanglement_assisted_all_shared_local_route,hybrid_local_global,base_0008,0,35,14730.0,module_2
entanglement_assisted_all_shared_local_route,hybrid_local_global,base_0008,0,36,15150.0,module_1
entanglement_assisted_all_shared_local_route,hybrid_local_global,base_0008,0,37,15570.0,module_3
entanglement_assisted_all_shared_local_route,hybrid_local_global,base_0008,0,38,15990.0,module_4
entanglement_assisted_all_shared_local_route,hybrid_local_global,base_0008,0,39,16410.0,module_2
entanglement_assisted_all_shared_local_route,hybrid_local_global,base_0008,0,40,16830.0,module_3
entanglement_assisted_all_shared_local_route,hybrid_local_global,base_0008,0,41,17250.0,module_4
entanglement_assisted_all_shared_local_route,hybrid_local_global,base_0008,0,42,17670.0,module_1
entanglement_assisted_all_shared_local_route,hybrid_local_global,base_0008,0,43,18090.0,module_2
entanglement_assisted_all_shared_local_route,hybrid_local_global,base_0008,0,44,18510.0,module_2
entanglement_assisted_all_shared_local_route,hybrid_local_global,base_0008,0,45,18930.0,module_4
entanglement_assisted_all_shared_local_route,hybrid_local_global,base_0008,0,46,19350.0,module_3
entanglement_assisted_all_shared_local_route,hybrid_local_global,base_0008,0,47,19770.0,module_1
entanglement_assisted_all_shared_local_route,hybrid_local_global,base_0008,1,0,30.0,module_1
entanglement_assisted_all_shared_local_route,hybrid_local_global,base_0008,1,1,450.0,module_2
entanglement_assisted_all_shared_local_route,hybrid_local_global,base_0008,1,2,870.0,module_3
entanglement_assisted_all_shared_local_route,hybrid_local_global,base_0008,1,3,1290.0,module_4
entanglement_assisted_all_shared_local_route,hybrid_local_global,base_0008,1,4,1710.0,module_1
entanglement_assisted_all_shared_local_route,hybrid_local_global,base_0008,1,5,2130.0,module_2
entanglement_assisted_all_shared_local_route,hybrid_local_global,base_0008,1,6,2550.0,module_3
entanglement_assisted_all_shared_local_route,hybrid_local_global,base_0008,1,7,2970.0,module_4
entanglement_assisted_all_shared_local_route,hybrid_local_global,base_0008,1,8,3390.0,module_1
entanglement_assisted_all_shared_local_route,hybrid_local_global,base_0008,1,9,3810.0,module_2
entanglement_assisted_all_shared_local_route,hybrid_local_global,base_0008,1,10,4230.0,module_4
entanglement_assisted_all_shared_local_route,hybrid_local_global,base_0008,1,11,4650.0,module_3
entanglement_assisted_all_shared_local_route,hybrid_local_global,base_0008,1,12,5070.0,module_2
entanglement_assisted_all_shared_local_route,hybrid_local_global,base_0008,1,13,5490.0,module_1
entanglement_assisted_all_shared_local_route,hybrid_local_global,base_0008,1,14,5910.0,module_4
entanglement_assisted_all_shared_local_route,hybrid_local_global,base_0008,1,15,6330.0,module_3
entanglement_assisted_all_shared_local_route,hybrid_local_global,base_0008,1,16,6750.0,module_4
entanglement_assisted_all_shared_local_route,hybrid_local_global,base_0008,1,17,7170.0,module_3
entanglement_assisted_all_shared_local_route,hybrid_local_global,base_0008,1,18,7590.0,module_1
entanglement_assisted_all_shared_local_route,hybrid_local_global,base_0008,1,19,8010.0,module_2
entanglement_assisted_all_shared_local_route,hybrid_local_global,base_0008,1,20,8430.0,module_1
entanglement_assisted_all_shared_local_route,hybrid_local_global,base_0008,1,21,8850.0,module_3
entanglement_assisted_all_shared_local_route,hybrid_local_global,base_0008,1,22,9270.0,module_2
entanglement_assisted_all_shared_local_route,hybrid_local_global,base_0008,1,23,9690.0,module_4
entanglement_assisted_all_shared_local_route,hybrid_local_global,base_0008,1,24,10110.0,module_1
entanglement_assisted_all_shared_local_route,hybrid_local_global,base_0008,1,25,10530.0,module_2
entanglement_assisted_all_shared_local_route,hybrid_local_global,base_0008,1,26,10950.0,module_4
entanglement_assisted_all_shared_local_route,hybrid_local_global,base_0008,1,27,11370.0,module_3
entanglement_assisted_all_shared_local_route,hybrid_local_global,base_0008,1,28,11790.0,module_3
entanglement_assisted_all_shared_local_route,hybrid_local_global,base_0008,1,29,12210.0,module_4
entanglement_assisted_all_shared_local_route,hybrid_local_global,base_0008,1,30,12630.0,module_2
entanglement_assisted_all_shared_local_route,hybrid_local_global,base_0008,1,31,13050.0,module_1
entanglement_assisted_all_shared_local_route,hybrid_local_global,base_0008,1,32,13470.0,module_1
entanglement_assisted_all_shared_local_route,hybrid_local_global,base_0008,1,33,13890.0,module_3
entanglement_assisted_all_shared_local_route,hybrid_local_global,base_0008,1,34,14310.0,module_4
entanglement_assisted_all_shared_local_route,hybrid_local_global,base_0008,1,35,14730.0,module_2
entanglement_assisted_all_shared_local_route,hybrid_local_global,base_0008,1,36,15150.0,module_2
entanglement_assisted_all_shared_local_route,hybrid_local_global,base_0008,1,37,15570.0,module_3
entanglement_assisted_all_shared_local_route,hybrid_local_global,base_0008,1,38,15990.0,module_1
entanglement_assisted_all_shared_local_route,hybrid_local_global,base_0008,1,39,16410.0,module_4
entanglement_assisted_all_shared_local_route,hybrid_local_global,base_0008,1,40,16830.0,module_3
entanglement_assisted_all_shared_local_route,hybrid_local_global,base_0008,1,41,17250.0,module_2
entanglement_assisted_all_shared_local_route,hybrid_local_global,base_0008,1,42,17670.0,module_4
entanglement_assisted_all_shared_local_route,hybrid_local_global,base_0008,1,43,18090.0,module_1
entanglement_assisted_all_shared_local_route,hybrid_local_global,base_0008,1,44,18510.0,module_3
entanglement_assisted_all_shared_local_route,hybrid_local_global,base_0008,1,45,18930.0,module_2
entanglement_assisted_all_shared_local_route,hybrid_local_global,base_0008,1,46,19350.0,module_4
entanglement_assisted_all_shared_local_route,hybrid_local_global,base_0008,1,47,19770.0,module_1
entanglement_assisted_all_shared_local_route,hybrid_local_global,base_0009,0,0,30.0,module_2
entanglement_assisted_all_shared_local_route,hybrid_local_global,base_0009,0,1,450.0,module_3
entanglement_assisted_all_shared_local_route,hybrid_local_global,base_0009,0,2,870.0,module_1
entanglement_assisted_all_shared_local_route,hybrid_local_global,base_0009,0,3,1290.0,module_4
entanglement_assisted_all_shared_local_route,hybrid_local_global,base_0009,0,4,1710.0,module_2
entanglement_assisted_all_shared_local_route,hybrid_local_global,base_0009,0,5,2130.0,module_4
entanglement_assisted_all_shared_local_route,hybrid_local_global,base_0009,0,6,2550.0,module_3
entanglement_assisted_all_shared_local_route,hybrid_local_global,base_0009,0,7,2970.0,module_1
entanglement_assisted_all_shared_local_route,hybrid_local_global,base_0009,0,8,3390.0,module_3
entanglement_assisted_all_shared_local_route,hybrid_local_global,base_0009,0,9,3810.0,module_1
entanglement_assisted_all_shared_local_route,hybrid_local_global,base_0009,0,10,4230.0,module_4
entanglement_assisted_all_shared_local_route,hybrid_local_global,base_0009,0,11,4650.0,module_2
entanglement_assisted_all_shared_local_route,hybrid_local_global,base_0009,0,12,5070.0,module_2
entanglement_assisted_all_shared_local_route,hybrid_local_global,base_0009,0,13,5490.0,module_1
entanglement_assisted_all_shared_local_route,hybrid_local_global,base_0009,0,14,5910.0,module_3
entanglement_assisted_all_shared_local_route,hybrid_local_global,base_0009,0,15,6330.0,module_4
entanglement_assisted_all_shared_local_route,hybrid_local_global,base_0009,0,16,6750.0,module_3
entanglement_assisted_all_shared_local_route,hybrid_local_global,base_0009,0,17,7170.0,module_2
entanglement_assisted_all_shared_local_route,hybrid_local_global,base_0009,0,18,7590.0,module_1
entanglement_assisted_all_shared_local_route,hybrid_local_global,base_0009,0,19,8010.0,module_4
entanglement_assisted_all_shared_local_route,hybrid_local_global,base_0009,0,20,8430.0,module_4
entanglement_assisted_all_shared_local_route,hybrid_local_global,base_0009,0,21,8850.0,module_1
entanglement_assisted_all_shared_local_route,hybrid_local_global,base_0009,0,22,9270.0,module_2
entanglement_assisted_all_shared_local_route,hybrid_local_global,base_0009,0,23,9690.0,module_3
entanglement_assisted_all_shared_local_route,hybrid_local_global,base_0009,0,24,10110.0,module_4
entanglement_assisted_all_shared_local_route,hybrid_local_global,base_0009,0,25,10530.0,module_3
entanglement_assisted_all_shared_local_route,hybrid_local_global,base_0009,0,26,10950.0,module_2
entanglement_assisted_all_shared_local_route,hybrid_local_global,base_0009,0,27,11370.0,module_1
entanglement_assisted_all_shared_local_route,hybrid_local_global,base_0009,0,28,11790.0,module_4
entanglement_assisted_all_shared_local_route,hybrid_local_global,base_0009,0,29,12210.0,module_2
entanglement_assisted_all_shared_local_route,hybrid_local_global,base_0009,0,30,12630.0,module_1
entanglement_assisted_all_shared_local_route,hybrid_local_global,base_0009,0,31,13050.0,module_3
entanglement_assisted_all_shared_local_route,hybrid_local_global,base_0009,0,32,13470.0,module_1
entanglement_assisted_all_shared_local_route,hybrid_local_global,base_0009,0,33,13890.0,module_4
entanglement_assisted_all_shared_local_route,hybrid_local_global,base_0009,0,34,14310.0,module_3
entanglement_assisted_all_shared_local_route,hybrid_local_global,base_0009,0,35,14730.0,module_2
entanglement_assisted_all_shared_local_route,hybrid_local_global,base_0009,0,36,15150.0,module_2
entanglement_assisted_all_shared_local_route,hybrid_local_global,base_0009,0,37,15570.0,module_1
entanglement_assisted_all_shared_local_route,hybrid_local_global,base_0009,0,38,15990.0,module_4
entanglement_assisted_all_shared_local_route,hybrid_local_global,base_0009,0,39,16410.0,module_3
entanglement_assisted_all_shared_local_route,hybrid_local_global,base_0009,0,40,16830.0,module_1
entanglement_assisted_all_shared_local_route,hybrid_local_global,base_0009,0,41,17250.0,module_2
entanglement_assisted_all_shared_local_route,hybrid_local_global,base_0009,0,42,17670.0,module_4
entanglement_assisted_all_shared_local_route,hybrid_local_global,base_0009,0,43,18090.0,module_3
entanglement_assisted_all_shared_local_route,hybrid_local_global,base_0009,0,44,18510.0,module_3
entanglement_assisted_all_shared_local_route,hybrid_local_global,base_0009,0,45,18930.0,module_2
entanglement_assisted_all_shared_local_route,hybrid_local_global,base_0009,0,46,19350.0,module_4
entanglement_assisted_all_shared_local_route,hybrid_local_global,base_0009,0,47,19770.0,module_1
entanglement_assisted_all_shared_local_route,hybrid_local_global,base_0009,1,0,30.0,module_4
entanglement_assisted_all_shared_local_route,hybrid_local_global,base_0009,1,1,450.0,module_3
entanglement_assisted_all_shared_local_route,hybrid_local_global,base_0009,1,2,870.0,module_2
entanglement_assisted_all_shared_local_route,hybrid_local_global,base_0009,1,3,1290.0,module_1
entanglement_assisted_all_shared_local_route,hybrid_local_global,base_0009,1,4,1710.0,module_1
entanglement_assisted_all_shared_local_route,hybrid_local_global,base_0009,1,5,2130.0,module_3
entanglement_assisted_all_shared_local_route,hybrid_local_global,base_0009,1,6,2550.0,module_4
entanglement_assisted_all_shared_local_route,hybrid_local_global,base_0009,1,7,2970.0,module_2
entanglement_assisted_all_shared_local_route,hybrid_local_global,base_0009,1,8,3390.0,module_4
entanglement_assisted_all_shared_local_route,hybrid_local_global,base_0009,1,9,3810.0,module_1
entanglement_assisted_all_shared_local_route,hybrid_local_global,base_0009,1,10,4230.0,module_2
entanglement_assisted_all_shared_local_route,hybrid_local_global,base_0009,1,11,4650.0,module_3
entanglement_assisted_all_shared_local_route,hybrid_local_global,base_0009,1,12,5070.0,module_1
entanglement_assisted_all_shared_local_route,hybrid_local_global,base_0009,1,13,5490.0,module_4
entanglement_assisted_all_shared_local_route,hybrid_local_global,base_0009,1,14,5910.0,module_2
entanglement_assisted_all_shared_local_route,hybrid_local_global,base_0009,1,15,6330.0,module_3
entanglement_assisted_all_shared_local_route,hybrid_local_global,base_0009,1,16,6750.0,module_1
entanglement_assisted_all_shared_local_route,hybrid_local_global,base_0009,1,17,7170.0,module_2
entanglement_assisted_all_shared_local_route,hybrid_local_global,base_0009,1,18,7590.0,module_3
entanglement_assisted_all_shared_local_route,hybrid_local_global,base_0009,1,19,8010.0,module_4
entanglement_assisted_all_shared_local_route,hybrid_local_global,base_0009,1,20,8430.0,module_2
entanglement_assisted_all_shared_local_route,hybrid_local_global,base_0009,1,21,8850.0,module_1
entanglement_assisted_all_shared_local_route,hybrid_local_global,base_0009,1,22,9270.0,module_4
entanglement_assisted_all_shared_local_route,hybrid_local_global,base_0009,1,23,9690.0,module_3
entanglement_assisted_all_shared_local_route,hybrid_local_global,base_0009,1,24,10110.0,module_4
entanglement_assisted_all_shared_local_route,hybrid_local_global,base_0009,1,25,10530.0,module_2
entanglement_assisted_all_shared_local_route,hybrid_local_global,base_0009,1,26,10950.0,module_3
entanglement_assisted_all_shared_local_route,hybrid_local_global,base_0009,1,27,11370.0,module_1
entanglement_assisted_all_shared_local_route,hybrid_local_global,base_0009,1,28,11790.0,module_3
entanglement_assisted_all_shared_local_route,hybrid_local_global,base_0009,1,29,12210.0,module_1
entanglement_assisted_all_shared_local_route,hybrid_local_global,base_0009,1,30,12630.0,module_2
entanglement_assisted_all_shared_local_route,hybrid_local_global,base_0009,1,31,13050.0,module_4
entanglement_assisted_all_shared_local_route,hybrid_local_global,base_0009,1,32,13470.0,module_1
entanglement_assisted_all_shared_local_route,hybrid_local_global,base_0009,1,33,13890.0,module_2
entanglement_assisted_all_shared_local_route,hybrid_local_global,base_0009,1,34,14310.0,module_4
entanglement_assisted_all_shared_local_route,hybrid_local_global,base_0009,1,35,14730.0,module_3
entanglement_assisted_all_shared_local_route,hybrid_local_global,base_0009,1,36,15150.0,module_3
entanglement_assisted_all_shared_local_route,hybrid_local_global,base_0009,1,37,15570.0,module_1
entanglement_assisted_all_shared_local_route,hybrid_local_global,base_0009,1,38,15990.0,module_2
entanglement_assisted_all_shared_local_route,hybrid_local_global,base_0009,1,39,16410.0,module_4
entanglement_assisted_all_shared_local_route,hybrid_local_global,base_0009,1,40,16830.0,module_3
entanglement_assisted_all_shared_local_route,hybrid_local_global,base_0009,1,41,17250.0,module_4
entanglement_assisted_all_shared_local_route,hybrid_local_global,base_0009,1,42,17670.0,module_1
entanglement_assisted_all_shared_local_route,hybrid_local_global,base_0009,1,43,18090.0,module_2
entanglement_assisted_all_shared_local_route,hybrid_local_global,base_0009,1,44,18510.0,module_3
entanglement_assisted_all_shared_local_route,hybrid_local_global,base_0009,1,45,18930.0,module_4
entanglement_assisted_all_shared_local_route,hybrid_local_global,base_0009,1,46,19350.0,module_2
entanglement_assisted_all_shared_local_route,hybrid_local_global,base_0009,1,47,19770.0,module_1
entanglement_assisted_all_shared_local_route,hybrid_local_global,base_0010,0,0,30.0,module_4
entanglement_assisted_all_shared_local_route,hybrid_local_global,base_0010,0,1,450.0,module_1
entanglement_assisted_all_shared_local_route,hybrid_local_global,base_0010,0,2,870.0,module_3
entanglement_assisted_all_shared_local_route,hybrid_local_global,base_0010,0,3,1290.0,module_2
entanglement_assisted_all_shared_local_route,hybrid_local_global,base_0010,0,4,1710.0,module_4
entanglement_assisted_all_shared_local_route,hybrid_local_global,base_0010,0,5,2130.0,module_1
entanglement_assisted_all_shared_local_route,hybrid_local_global,base_0010,0,6,2550.0,module_3
entanglement_assisted_all_shared_local_route,hybrid_local_global,base_0010,0,7,2970.0,module_2
entanglement_assisted_all_shared_local_route,hybrid_local_global,base_0010,0,8,3390.0,module_1
entanglement_assisted_all_shared_local_route,hybrid_local_global,base_0010,0,9,3810.0,module_4
entanglement_assisted_all_shared_local_route,hybrid_local_global,base_0010,0,10,4230.0,module_2
entanglement_assisted_all_shared_local_route,hybrid_local_global,base_0010,0,11,4650.0,module_3
entanglement_assisted_all_shared_local_route,hybrid_local_global,base_0010,0,12,5070.0,module_3
entanglement_assisted_all_shared_local_route,hybrid_local_global,base_0010,0,13,5490.0,module_2
entanglement_assisted_all_shared_local_route,hybrid_local_global,base_0010,0,14,5910.0,module_4
entanglement_assisted_all_shared_local_route,hybrid_local_global,base_0010,0,15,6330.0,module_1
entanglement_assisted_all_shared_local_route,hybrid_local_global,base_0010,0,16,6750.0,module_2
entanglement_assisted_all_shared_local_route,hybrid_local_global,base_0010,0,17,7170.0,module_1
entanglement_assisted_all_shared_local_route,hybrid_local_global,base_0010,0,18,7590.0,module_4
entanglement_assisted_all_shared_local_route,hybrid_local_global,base_0010,0,19,8010.0,module_3
entanglement_assisted_all_shared_local_route,hybrid_local_global,base_0010,0,20,8430.0,module_2
entanglement_assisted_all_shared_local_route,hybrid_local_global,base_0010,0,21,8850.0,module_1
entanglement_assisted_all_shared_local_route,hybrid_local_global,base_0010,0,22,9270.0,module_3
entanglement_assisted_all_shared_local_route,hybrid_local_global,base_0010,0,23,9690.0,module_4
entanglement_assisted_all_shared_local_route,hybrid_local_global,base_0010,0,24,10110.0,module_2
entanglement_assisted_all_shared_local_route,hybrid_local_global,base_0010,0,25,10530.0,module_1
entanglement_assisted_all_shared_local_route,hybrid_local_global,base_0010,0,26,10950.0,module_4
entanglement_assisted_all_shared_local_route,hybrid_local_global,base_0010,0,27,11370.0,module_3
entanglement_assisted_all_shared_local_route,hybrid_local_global,base_0010,0,28,11790.0,module_3
entanglement_assisted_all_shared_local_route,hybrid_local_global,base_0010,0,29,12210.0,module_4
entanglement_assisted_all_shared_local_route,hybrid_local_global,base_0010,0,30,12630.0,module_1
entanglement_assisted_all_shared_local_route,hybrid_local_global,base_0010,0,31,13050.0,module_2
entanglement_assisted_all_shared_local_route,hybrid_local_global,base_0010,0,32,13470.0,module_1
entanglement_assisted_all_shared_local_route,hybrid_local_global,base_0010,0,33,13890.0,module_4
entanglement_assisted_all_shared_local_route,hybrid_local_global,base_0010,0,34,14310.0,module_3
entanglement_assisted_all_shared_local_route,hybrid_local_global,base_0010,0,35,14730.0,module_2
entanglement_assisted_all_shared_local_route,hybrid_local_global,base_0010,0,36,15150.0,module_3
entanglement_assisted_all_shared_local_route,hybrid_local_global,base_0010,0,37,15570.0,module_1
entanglement_assisted_all_shared_local_route,hybrid_local_global,base_0010,0,38,15990.0,module_2
entanglement_assisted_all_shared_local_route,hybrid_local_global,base_0010,0,39,16410.0,module_4
entanglement_assisted_all_shared_local_route,hybrid_local_global,base_0010,0,40,16830.0,module_3
entanglement_assisted_all_shared_local_route,hybrid_local_global,base_0010,0,41,17250.0,module_2
entanglement_assisted_all_shared_local_route,hybrid_local_global,base_0010,0,42,17670.0,module_4
entanglement_assisted_all_shared_local_route,hybrid_local_global,base_0010,0,43,18090.0,module_1
entanglement_assisted_all_shared_local_route,hybrid_local_global,base_0010,0,44,18510.0,module_3
entanglement_assisted_all_shared_local_route,hybrid_local_global,base_0010,0,45,18930.0,module_2
entanglement_assisted_all_shared_local_route,hybrid_local_global,base_0010,0,46,19350.0,module_1
entanglement_assisted_all_shared_local_route,hybrid_local_global,base_0010,0,47,19770.0,module_4
entanglement_assisted_all_shared_local_route,hybrid_local_global,base_0010,1,0,30.0,module_1
entanglement_assisted_all_shared_local_route,hybrid_local_global,base_0010,1,1,450.0,module_2
entanglement_assisted_all_shared_local_route,hybrid_local_global,base_0010,1,2,870.0,module_4
entanglement_assisted_all_shared_local_route,hybrid_local_global,base_0010,1,3,1290.0,module_3
entanglement_assisted_all_shared_local_route,hybrid_local_global,base_0010,1,4,1710.0,module_1
entanglement_assisted_all_shared_local_route,hybrid_local_global,base_0010,1,5,2130.0,module_3
entanglement_assisted_all_shared_local_route,hybrid_local_global,base_0010,1,6,2550.0,module_2
entanglement_assisted_all_shared_local_route,hybrid_local_global,base_0010,1,7,2970.0,module_4
entanglement_assisted_all_shared_local_route,hybrid_local_global,base_0010,1,8,3390.0,module_2
entanglement_assisted_all_shared_local_route,hybrid_local_global,base_0010,1,9,3810.0,module_3
entanglement_assisted_all_shared_local_route,hybrid_local_global,base_0010,1,10,4230.0,module_1
entanglement_assisted_all_shared_local_route,hybrid_local_global,base_0010,1,11,4650.0,module_4
entanglement_assisted_all_shared_local_route,hybrid_local_global,base_0010,1,12,5070.0,module_2
entanglement_assisted_all_shared_local_route,hybrid_local_global,base_0010,1,13,5490.0,module_3
entanglement_assisted_all_shared_local_route,hybrid_local_global,base_0010,1,14,5910.0,module_1
entanglement_assisted_all_shared_local_route,hybrid_local_global,base_0010,1,15,6330.0,module_4
entanglement_assisted_all_shared_local_route,hybrid_local_global,base_0010,1,16,6750.0,module_2
entanglement_assisted_all_shared_local_route,hybrid_local_global,base_0010,1,17,7170.0,module_1
entanglement_assisted_all_shared_local_route,hybrid_local_global,base_0010,1,18,7590.0,module_4
entanglement_assisted_all_shared_local_route,hybrid_local_global,base_0010,1,19,8010.0,module_3
entanglement_assisted_all_shared_local_route,hybrid_local_global,base_0010,1,20,8430.0,module_1
entanglement_assisted_all_shared_local_route,hybrid_local_global,base_0010,1,21,8850.0,module_4
entanglement_assisted_all_shared_local_route,hybrid_local_global,base_0010,1,22,9270.0,module_3
entanglement_assisted_all_shared_local_route,hybrid_local_global,base_0010,1,23,9690.0,module_2
entanglement_assisted_all_shared_local_route,hybrid_local_global,base_0010,1,24,10110.0,module_2
entanglement_assisted_all_shared_local_route,hybrid_local_global,base_0010,1,25,10530.0,module_1
entanglement_assisted_all_shared_local_route,hybrid_local_global,base_0010,1,26,10950.0,module_4
entanglement_assisted_all_shared_local_route,hybrid_local_global,base_0010,1,27,11370.0,module_3
entanglement_assisted_all_shared_local_route,hybrid_local_global,base_0010,1,28,11790.0,module_1
entanglement_assisted_all_shared_local_route,hybrid_local_global,base_0010,1,29,12210.0,module_4
entanglement_assisted_all_shared_local_route,hybrid_local_global,base_0010,1,30,12630.0,module_3
entanglement_assisted_all_shared_local_route,hybrid_local_global,base_0010,1,31,13050.0,module_2
entanglement_assisted_all_shared_local_route,hybrid_local_global,base_0010,1,32,13470.0,module_1
entanglement_assisted_all_shared_local_route,hybrid_local_global,base_0010,1,33,13890.0,module_2
entanglement_assisted_all_shared_local_route,hybrid_local_global,base_0010,1,34,14310.0,module_3
entanglement_assisted_all_shared_local_route,hybrid_local_global,base_0010,1,35,14730.0,module_4
entanglement_assisted_all_shared_local_route,hybrid_local_global,base_0010,1,36,15150.0,module_3
entanglement_assisted_all_shared_local_route,hybrid_local_global,base_0010,1,37,15570.0,module_1
entanglement_assisted_all_shared_local_route,hybrid_local_global,base_0010,1,38,15990.0,module_2
entanglement_assisted_all_shared_local_route,hybrid_local_global,base_0010,1,39,16410.0,module_4
entanglement_assisted_all_shared_local_route,hybrid_local_global,base_0010,1,40,16830.0,module_2
entanglement_assisted_all_shared_local_route,hybrid_local_global,base_0010,1,41,17250.0,module_4
entanglement_assisted_all_shared_local_route,hybrid_local_global,base_0010,1,42,17670.0,module_3
entanglement_assisted_all_shared_local_route,hybrid_local_global,base_0010,1,43,18090.0,module_1
entanglement_assisted_all_shared_local_route,hybrid_local_global,base_0010,1,44,18510.0,module_3
entanglement_assisted_all_shared_local_route,hybrid_local_global,base_0010,1,45,18930.0,module_2
entanglement_assisted_all_shared_local_route,hybrid_local_global,base_0010,1,46,19350.0,module_1
entanglement_assisted_all_shared_local_route,hybrid_local_global,base_0010,1,47,19770.0,module_4
entanglement_assisted_all_shared_local_route,hybrid_local_global,base_0011,0,0,30.0,module_3
entanglement_assisted_all_shared_local_route,hybrid_local_global,base_0011,0,1,450.0,module_4
entanglement_assisted_all_shared_local_route,hybrid_local_global,base_0011,0,2,870.0,module_2
entanglement_assisted_all_shared_local_route,hybrid_local_global,base_0011,0,3,1290.0,module_1
entanglement_assisted_all_shared_local_route,hybrid_local_global,base_0011,0,4,1710.0,module_4
entanglement_assisted_all_shared_local_route,hybrid_local_global,base_0011,0,5,2130.0,module_2
entanglement_assisted_all_shared_local_route,hybrid_local_global,base_0011,0,6,2550.0,module_1
entanglement_assisted_all_shared_local_route,hybrid_local_global,base_0011,0,7,2970.0,module_3
entanglement_assisted_all_shared_local_route,hybrid_local_global,base_0011,0,8,3390.0,module_1
entanglement_assisted_all_shared_local_route,hybrid_local_global,base_0011,0,9,3810.0,module_4
entanglement_assisted_all_shared_local_route,hybrid_local_global,base_0011,0,10,4230.0,module_3
entanglement_assisted_all_shared_local_route,hybrid_local_global,base_0011,0,11,4650.0,module_2
entanglement_assisted_all_shared_local_route,hybrid_local_global,base_0011,0,12,5070.0,module_1
entanglement_assisted_all_shared_local_route,hybrid_local_global,base_0011,0,13,5490.0,module_2
entanglement_assisted_all_shared_local_route,hybrid_local_global,base_0011,0,14,5910.0,module_4
entanglement_assisted_all_shared_local_route,hybrid_local_global,base_0011,0,15,6330.0,module_3
entanglement_assisted_all_shared_local_route,hybrid_local_global,base_0011,0,16,6750.0,module_3
entanglement_assisted_all_shared_local_route,hybrid_local_global,base_0011,0,17,7170.0,module_1
entanglement_assisted_all_shared_local_route,hybrid_local_global,base_0011,0,18,7590.0,module_2
entanglement_assisted_all_shared_local_route,hybrid_local_global,base_0011,0,19,8010.0,module_4
entanglement_assisted_all_shared_local_route,hybrid_local_global,base_0011,0,20,8430.0,module_3
entanglement_assisted_all_shared_local_route,hybrid_local_global,base_0011,0,21,8850.0,module_2
entanglement_assisted_all_shared_local_route,hybrid_local_global,base_0011,0,22,9270.0,module_4
entanglement_assisted_all_shared_local_route,hybrid_local_global,base_0011,0,23,9690.0,module_1
entanglement_assisted_all_shared_local_route,hybrid_local_global,base_0011,0,24,10110.0,module_1
entanglement_assisted_all_shared_local_route,hybrid_local_global,base_0011,0,25,10530.0,module_4
entanglement_assisted_all_shared_local_route,hybrid_local_global,base_0011,0,26,10950.0,module_2
entanglement_assisted_all_shared_local_route,hybrid_local_global,base_0011,0,27,11370.0,module_3
entanglement_assisted_all_shared_local_route,hybrid_local_global,base_0011,0,28,11790.0,module_2
entanglement_assisted_all_shared_local_route,hybrid_local_global,base_0011,0,29,12210.0,module_3
entanglement_assisted_all_shared_local_route,hybrid_local_global,base_0011,0,30,12630.0,module_4
entanglement_assisted_all_shared_local_route,hybrid_local_global,base_0011,0,31,13050.0,module_1
entanglement_assisted_all_shared_local_route,hybrid_local_global,base_0011,0,32,13470.0,module_2
entanglement_assisted_all_shared_local_route,hybrid_local_global,base_0011,0,33,13890.0,module_4
entanglement_assisted_all_shared_local_route,hybrid_local_global,base_0011,0,34,14310.0,module_3
entanglement_assisted_all_shared_local_route,hybrid_local_global,base_0011,0,35,14730.0,module_1
entanglement_assisted_all_shared_local_route,hybrid_local_global,base_0011,0,36,15150.0,module_1
entanglement_assisted_all_shared_local_route,hybrid_local_global,base_0011,0,37,15570.0,module_3
entanglement_assisted_all_shared_local_route,hybrid_local_global,base_0011,0,38,15990.0,module_4
entanglement_assisted_all_shared_local_route,hybrid_local_global,base_0011,0,39,16410.0,module_2
entanglement_assisted_all_shared_local_route,hybrid_local_global,base_0011,0,40,16830.0,module_2
entanglement_assisted_all_shared_local_route,hybrid_local_global,base_0011,0,41,17250.0,module_3
entanglement_assisted_all_shared_local_route,hybrid_local_global,base_0011,0,42,17670.0,module_1
entanglement_assisted_all_shared_local_route,hybrid_local_global,base_0011,0,43,18090.0,module_4
entanglement_assisted_all_shared_local_route,hybrid_local_global,base_0011,0,44,18510.0,module_1
entanglement_assisted_all_shared_local_route,hybrid_local_global,base_0011,0,45,18930.0,module_4
entanglement_assisted_all_shared_local_route,hybrid_local_global,base_0011,0,46,19350.0,module_2
entanglement_assisted_all_shared_local_route,hybrid_local_global,base_0011,0,47,19770.0,module_3
entanglement_assisted_all_shared_local_route,hybrid_local_global,base_0011,1,0,30.0,module_2
entanglement_assisted_all_shared_local_route,hybrid_local_global,base_0011,1,1,450.0,module_3
entanglement_assisted_all_shared_local_route,hybrid_local_global,base_0011,1,2,870.0,module_4
entanglement_assisted_all_shared_local_route,hybrid_local_global,base_0011,1,3,1290.0,module_1
entanglement_assisted_all_shared_local_route,hybrid_local_global,base_0011,1,4,1710.0,module_3
entanglement_assisted_all_shared_local_route,hybrid_local_global,base_0011,1,5,2130.0,module_4
entanglement_assisted_all_shared_local_route,hybrid_local_global,base_0011,1,6,2550.0,module_1
entanglement_assisted_all_shared_local_route,hybrid_local_global,base_0011,1,7,2970.0,module_2
entanglement_assisted_all_shared_local_route,hybrid_local_global,base_0011,1,8,3390.0,module_4
entanglement_assisted_all_shared_local_route,hybrid_local_global,base_0011,1,9,3810.0,module_3
entanglement_assisted_all_shared_local_route,hybrid_local_global,base_0011,1,10,4230.0,module_1
entanglement_assisted_all_shared_local_route,hybrid_local_global,base_0011,1,11,4650.0,module_2
entanglement_assisted_all_shared_local_route,hybrid_local_global,base_0011,1,12,5070.0,module_3
entanglement_assisted_all_shared_local_route,hybrid_local_global,base_0011,1,13,5490.0,module_4
entanglement_assisted_all_shared_local_route,hybrid_local_global,base_0011,1,14,5910.0,module_2
entanglement_assisted_all_shared_local_route,hybrid_local_global,base_0011,1,15,6330.0,module_1
entanglement_assisted_all_shared_local_route,hybrid_local_global,base_0011,1,16,6750.0,module_2
entanglement_assisted_all_shared_local_route,hybrid_local_global,base_0011,1,17,7170.0,module_4
entanglement_assisted_all_shared_local_route,hybrid_local_global,base_0011,1,18,7590.0,module_1
entanglement_assisted_all_shared_local_route,hybrid_local_global,base_0011,1,19,8010.0,module_3
entanglement_assisted_all_shared_local_route,hybrid_local_global,base_0011,1,20,8430.0,module_3
entanglement_assisted_all_shared_local_route,hybrid_local_global,base_0011,1,21,8850.0,module_1
entanglement_assisted_all_shared_local_route,hybrid_local_global,base_0011,1,22,9270.0,module_2
entanglement_assisted_all_shared_local_route,hybrid_local_global,base_0011,1,23,9690.0,module_4
entanglement_assisted_all_shared_local_route,hybrid_local_global,base_0011,1,24,10110.0,module_1
entanglement_assisted_all_shared_local_route,hybrid_local_global,base_0011,1,25,10530.0,module_2
entanglement_assisted_all_shared_local_route,hybrid_local_global,base_0011,1,26,10950.0,module_4
entanglement_assisted_all_shared_local_route,hybrid_local_global,base_0011,1,27,11370.0,module_3
entanglement_assisted_all_shared_local_route,hybrid_local_global,base_0011,1,28,11790.0,module_3
entanglement_assisted_all_shared_local_route,hybrid_local_global,base_0011,1,29,12210.0,module_1
entanglement_assisted_all_shared_local_route,hybrid_local_global,base_0011,1,30,12630.0,module_2
entanglement_assisted_all_shared_local_route,hybrid_local_global,base_0011,1,31,13050.0,module_4
entanglement_assisted_all_shared_local_route,hybrid_local_global,base_0011,1,32,13470.0,module_3
entanglement_assisted_all_shared_local_route,hybrid_local_global,base_0011,1,33,13890.0,module_2
entanglement_assisted_all_shared_local_route,hybrid_local_global,base_0011,1,34,14310.0,module_4
entanglement_assisted_all_shared_local_route,hybrid_local_global,base_0011,1,35,14730.0,module_1
entanglement_assisted_all_shared_local_route,hybrid_local_global,base_0011,1,36,15150.0,module_2
entanglement_assisted_all_shared_local_route,hybrid_local_global,base_0011,1,37,15570.0,module_3
entanglement_assisted_all_shared_local_route,hybrid_local_global,base_0011,1,38,15990.0,module_4
entanglement_assisted_all_shared_local_route,hybrid_local_global,base_0011,1,39,16410.0,module_1
entanglement_assisted_all_shared_local_route,hybrid_local_global,base_0011,1,40,16830.0,module_2
entanglement_assisted_all_shared_local_route,hybrid_local_global,base_0011,1,41,17250.0,module_1
entanglement_assisted_all_shared_local_route,hybrid_local_global,base_0011,1,42,17670.0,module_4
entanglement_assisted_all_shared_local_route,hybrid_local_global,base_0011,1,43,18090.0,module_3
entanglement_assisted_all_shared_local_route,hybrid_local_global,base_0011,1,44,18510.0,module_2
entanglement_assisted_all_shared_local_route,hybrid_local_global,base_0011,1,45,18930.0,module_1
entanglement_assisted_all_shared_local_route,hybrid_local_global,base_0011,1,46,19350.0,module_4
entanglement_assisted_all_shared_local_route,hybrid_local_global,base_0011,1,47,19770.0,module_3
entanglement_assisted_all_shared_local_route,hybrid_local_global,base_0012,0,0,30.0,module_2
entanglement_assisted_all_shared_local_route,hybrid_local_global,base_0012,0,1,450.0,module_3
entanglement_assisted_all_shared_local_route,hybrid_local_global,base_0012,0,2,870.0,module_4
entanglement_assisted_all_shared_local_route,hybrid_local_global,base_0012,0,3,1290.0,module_1
entanglement_assisted_all_shared_local_route,hybrid_local_global,base_0012,0,4,1710.0,module_1
entanglement_assisted_all_shared_local_route,hybrid_local_global,base_0012,0,5,2130.0,module_2
entanglement_assisted_all_shared_local_route,hybrid_local_global,base_0012,0,6,2550.0,module_3
entanglement_assisted_all_shared_local_route,hybrid_local_global,base_0012,0,7,2970.0,module_4
entanglement_assisted_all_shared_local_route,hybrid_local_global,base_0012,0,8,3390.0,module_1
entanglement_assisted_all_shared_local_route,hybrid_local_global,base_0012,0,9,3810.0,module_4
entanglement_assisted_all_shared_local_route,hybrid_local_global,base_0012,0,10,4230.0,module_2
entanglement_assisted_all_shared_local_route,hybrid_local_global,base_0012,0,11,4650.0,module_3
entanglement_assisted_all_shared_local_route,hybrid_local_global,base_0012,0,12,5070.0,module_1
entanglement_assisted_all_shared_local_route,hybrid_local_global,base_0012,0,13,5490.0,module_3
entanglement_assisted_all_shared_local_route,hybrid_local_global,base_0012,0,14,5910.0,module_2
entanglement_assisted_all_shared_local_route,hybrid_local_global,base_0012,0,15,6330.0,module_4
entanglement_assisted_all_shared_local_route,hybrid_local_global,base_0012,0,16,6750.0,module_4
entanglement_assisted_all_shared_local_route,hybrid_local_global,base_0012,0,17,7170.0,module_3
entanglement_assisted_all_shared_local_route,hybrid_local_global,base_0012,0,18,7590.0,module_1
entanglement_assisted_all_shared_local_route,hybrid_local_global,base_0012,0,19,8010.0,module_2
entanglement_assisted_all_shared_local_route,hybrid_local_global,base_0012,0,20,8430.0,module_1
entanglement_assisted_all_shared_local_route,hybrid_local_global,base_0012,0,21,8850.0,module_3
entanglement_assisted_all_shared_local_route,hybrid_local_global,base_0012,0,22,9270.0,module_2
entanglement_assisted_all_shared_local_route,hybrid_local_global,base_0012,0,23,9690.0,module_4
entanglement_assisted_all_shared_local_route,hybrid_local_global,base_0012,0,24,10110.0,module_3
entanglement_assisted_all_shared_local_route,hybrid_local_global,base_0012,0,25,10530.0,module_4
entanglement_assisted_all_shared_local_route,hybrid_local_global,base_0012,0,26,10950.0,module_2
entanglement_assisted_all_shared_local_route,hybrid_local_global,base_0012,0,27,11370.0,module_1
entanglement_assisted_all_shared_local_route,hybrid_local_global,base_0012,0,28,11790.0,module_4
entanglement_assisted_all_shared_local_route,hybrid_local_global,base_0012,0,29,12210.0,module_3
entanglement_assisted_all_shared_local_route,hybrid_local_global,base_0012,0,30,12630.0,module_1
entanglement_assisted_all_shared_local_route,hybrid_local_global,base_0012,0,31,13050.0,module_2
entanglement_assisted_all_shared_local_route,hybrid_local_global,base_0012,0,32,13470.0,module_2
entanglement_assisted_all_shared_local_route,hybrid_local_global,base_0012,0,33,13890.0,module_4
entanglement_assisted_all_shared_local_route,hybrid_local_global,base_0012,0,34,14310.0,module_1
entanglement_assisted_all_shared_local_route,hybrid_local_global,base_0012,0,35,14730.0,module_3
entanglement_assisted_all_shared_local_route,hybrid_local_global,base_0012,0,36,15150.0,module_2
entanglement_assisted_all_shared_local_route,hybrid_local_global,base_0012,0,37,15570.0,module_3
entanglement_assisted_all_shared_local_route,hybrid_local_global,base_0012,0,38,15990.0,module_4
entanglement_assisted_all_shared_local_route,hybrid_local_global,base_0012,0,39,16410.0,module_1
entanglement_assisted_all_shared_local_route,hybrid_local_global,base_0012,0,40,16830.0,module_3
entanglement_assisted_all_shared_local_route,hybrid_local_global,base_0012,0,41,17250.0,module_2
entanglement_assisted_all_shared_local_route,hybrid_local_global,base_0012,0,42,17670.0,module_1
entanglement_assisted_all_shared_local_route,hybrid_local_global,base_0012,0,43,18090.0,module_4
entanglement_assisted_all_shared_local_route,hybrid_local_global,base_0012,0,44,18510.0,module_2
entanglement_assisted_all_shared_local_route,hybrid_local_global,base_0012,0,45,18930.0,module_4
entanglement_assisted_all_shared_local_route,hybrid_local_global,base_0012,0,46,19350.0,module_3
entanglement_assisted_all_shared_local_route,hybrid_local_global,base_0012,0,47,19770.0,module_1
entanglement_assisted_all_shared_local_route,hybrid_local_global,base_0012,1,0,30.0,module_3
entanglement_assisted_all_shared_local_route,hybrid_local_global,base_0012,1,1,450.0,module_1
entanglement_assisted_all_shared_local_route,hybrid_local_global,base_0012,1,2,870.0,module_4
entanglement_assisted_all_shared_local_route,hybrid_local_global,base_0012,1,3,1290.0,module_2
entanglement_assisted_all_shared_local_route,hybrid_local_global,base_0012,1,4,1710.0,module_1
entanglement_assisted_all_shared_local_route,hybrid_local_global,base_0012,1,5,2130.0,module_2
entanglement_assisted_all_shared_local_route,hybrid_local_global,base_0012,1,6,2550.0,module_4
entanglement_assisted_all_shared_local_route,hybrid_local_global,base_0012,1,7,2970.0,module_3
entanglement_assisted_all_shared_local_route,hybrid_local_global,base_0012,1,8,3390.0,module_3
entanglement_assisted_all_shared_local_route,hybrid_local_global,base_0012,1,9,3810.0,module_2
entanglement_assisted_all_shared_local_route,hybrid_local_global,base_0012,1,10,4230.0,module_1
entanglement_assisted_all_shared_local_route,hybrid_local_global,base_0012,1,11,4650.0,module_4
entanglement_assisted_all_shared_local_route,hybrid_local_global,base_0012,1,12,5070.0,module_4
entanglement_assisted_all_shared_local_route,hybrid_local_global,base_0012,1,13,5490.0,module_1
entanglement_assisted_all_shared_local_route,hybrid_local_global,base_0012,1,14,5910.0,module_3
entanglement_assisted_all_shared_local_route,hybrid_local_global,base_0012,1,15,6330.0,module_2
entanglement_assisted_all_shared_local_route,hybrid_local_global,base_0012,1,16,6750.0,module_3
entanglement_assisted_all_shared_local_route,hybrid_local_global,base_0012,1,17,7170.0,module_2
entanglement_assisted_all_shared_local_route,hybrid_local_global,base_0012,1,18,7590.0,module_1
entanglement_assisted_all_shared_local_route,hybrid_local_global,base_0012,1,19,8010.0,module_4
entanglement_assisted_all_shared_local_route,hybrid_local_global,base_0012,1,20,8430.0,module_3
entanglement_assisted_all_shared_local_route,hybrid_local_global,base_0012,1,21,8850.0,module_2
entanglement_assisted_all_shared_local_route,hybrid_local_global,base_0012,1,22,9270.0,module_4
entanglement_assisted_all_shared_local_route,hybrid_local_global,base_0012,1,23,9690.0,module_1
entanglement_assisted_all_shared_local_route,hybrid_local_global,base_0012,1,24,10110.0,module_2
entanglement_assisted_all_shared_local_route,hybrid_local_global,base_0012,1,25,10530.0,module_4
entanglement_assisted_all_shared_local_route,hybrid_local_global,base_0012,1,26,10950.0,module_3
entanglement_assisted_all_shared_local_route,hybrid_local_global,base_0012,1,27,11370.0,module_1
entanglement_assisted_all_shared_local_route,hybrid_local_global,base_0012,1,28,11790.0,module_3
entanglement_assisted_all_shared_local_route,hybrid_local_global,base_0012,1,29,12210.0,module_4
entanglement_assisted_all_shared_local_route,hybrid_local_global,base_0012,1,30,12630.0,module_2
entanglement_assisted_all_shared_local_route,hybrid_local_global,base_0012,1,31,13050.0,module_1
entanglement_assisted_all_shared_local_route,hybrid_local_global,base_0012,1,32,13470.0,module_1
entanglement_assisted_all_shared_local_route,hybrid_local_global,base_0012,1,33,13890.0,module_3
entanglement_assisted_all_shared_local_route,hybrid_local_global,base_0012,1,34,14310.0,module_4
entanglement_assisted_all_shared_local_route,hybrid_local_global,base_0012,1,35,14730.0,module_2
entanglement_assisted_all_shared_local_route,hybrid_local_global,base_0012,1,36,15150.0,module_1
entanglement_assisted_all_shared_local_route,hybrid_local_global,base_0012,1,37,15570.0,module_3
entanglement_assisted_all_shared_local_route,hybrid_local_global,base_0012,1,38,15990.0,module_4
entanglement_assisted_all_shared_local_route,hybrid_local_global,base_0012,1,39,16410.0,module_2
entanglement_assisted_all_shared_local_route,hybrid_local_global,base_0012,1,40,16830.0,module_2
entanglement_assisted_all_shared_local_route,hybrid_local_global,base_0012,1,41,17250.0,module_4
entanglement_assisted_all_shared_local_route,hybrid_local_global,base_0012,1,42,17670.0,module_1
entanglement_assisted_all_shared_local_route,hybrid_local_global,base_0012,1,43,18090.0,module_3
entanglement_assisted_all_shared_local_route,hybrid_local_global,base_0012,1,44,18510.0,module_1
entanglement_assisted_all_shared_local_route,hybrid_local_global,base_0012,1,45,18930.0,module_2
entanglement_assisted_all_shared_local_route,hybrid_local_global,base_0012,1,46,19350.0,module_4
entanglement_assisted_all_shared_local_route,hybrid_local_global,base_0012,1,47,19770.0,module_3
entanglement_assisted_all_shared_local_route,hybrid_local_global,base_0013,0,0,30.0,module_3
entanglement_assisted_all_shared_local_route,hybrid_local_global,base_0013,0,1,450.0,module_1
entanglement_assisted_all_shared_local_route,hybrid_local_global,base_0013,0,2,870.0,module_2
entanglement_assisted_all_shared_local_route,hybrid_local_global,base_0013,0,3,1290.0,module_4
entanglement_assisted_all_shared_local_route,hybrid_local_global,base_0013,0,4,1710.0,module_1
entanglement_assisted_all_shared_local_route,hybrid_local_global,base_0013,0,5,2130.0,module_4
entanglement_assisted_all_shared_local_route,hybrid_local_global,base_0013,0,6,2550.0,module_2
entanglement_assisted_all_shared_local_route,hybrid_local_global,base_0013,0,7,2970.0,module_3
entanglement_assisted_all_shared_local_route,hybrid_local_global,base_0013,0,8,3390.0,module_3
entanglement_assisted_all_shared_local_route,hybrid_local_global,base_0013,0,9,3810.0,module_2
entanglement_assisted_all_shared_local_route,hybrid_local_global,base_0013,0,10,4230.0,module_1
entanglement_assisted_all_shared_local_route,hybrid_local_global,base_0013,0,11,4650.0,module_4
entanglement_assisted_all_shared_local_route,hybrid_local_global,base_0013,0,12,5070.0,module_3
entanglement_assisted_all_shared_local_route,hybrid_local_global,base_0013,0,13,5490.0,module_1
entanglement_assisted_all_shared_local_route,hybrid_local_global,base_0013,0,14,5910.0,module_4
entanglement_assisted_all_shared_local_route,hybrid_local_global,base_0013,0,15,6330.0,module_2
entanglement_assisted_all_shared_local_route,hybrid_local_global,base_0013,0,16,6750.0,module_1
entanglement_assisted_all_shared_local_route,hybrid_local_global,base_0013,0,17,7170.0,module_2
entanglement_assisted_all_shared_local_route,hybrid_local_global,base_0013,0,18,7590.0,module_3
entanglement_assisted_all_shared_local_route,hybrid_local_global,base_0013,0,19,8010.0,module_4
entanglement_assisted_all_shared_local_route,hybrid_local_global,base_0013,0,20,8430.0,module_2
entanglement_assisted_all_shared_local_route,hybrid_local_global,base_0013,0,21,8850.0,module_3
entanglement_assisted_all_shared_local_route,hybrid_local_global,base_0013,0,22,9270.0,module_1
entanglement_assisted_all_shared_local_route,hybrid_local_global,base_0013,0,23,9690.0,module_4
entanglement_assisted_all_shared_local_route,hybrid_local_global,base_0013,0,24,10110.0,module_1
entanglement_assisted_all_shared_local_route,hybrid_local_global,base_0013,0,25,10530.0,module_2
entanglement_assisted_all_shared_local_route,hybrid_local_global,base_0013,0,26,10950.0,module_4
entanglement_assisted_all_shared_local_route,hybrid_local_global,base_0013,0,27,11370.0,module_3
entanglement_assisted_all_shared_local_route,hybrid_local_global,base_0013,0,28,11790.0,module_4
entanglement_assisted_all_shared_local_route,hybrid_local_global,base_0013,0,29,12210.0,module_3
entanglement_assisted_all_shared_local_route,hybrid_local_global,base_0013,0,30,12630.0,module_2
entanglement_assisted_all_shared_local_route,hybrid_local_global,base_0013,0,31,13050.0,module_1
entanglement_assisted_all_shared_local_route,hybrid_local_global,base_0013,0,32,13470.0,module_1
entanglement_assisted_all_shared_local_route,hybrid_local_global,base_0013,0,33,13890.0,module_4
entanglement_assisted_all_shared_local_route,hybrid_local_global,base_0013,0,34,14310.0,module_2
entanglement_assisted_all_shared_local_route,hybrid_local_global,base_0013,0,35,14730.0,module_3
entanglement_assisted_all_shared_local_route,hybrid_local_global,base_0013,0,36,15150.0,module_3
entanglement_assisted_all_shared_local_route,hybrid_local_global,base_0013,0,37,15570.0,module_4
entanglement_assisted_all_shared_local_route,hybrid_local_global,base_0013,0,38,15990.0,module_2
entanglement_assisted_all_shared_local_route,hybrid_local_global,base_0013,0,39,16410.0,module_1
entanglement_assisted_all_shared_local_route,hybrid_local_global,base_0013,0,40,16830.0,module_1
entanglement_assisted_all_shared_local_route,hybrid_local_global,base_0013,0,41,17250.0,module_3
entanglement_assisted_all_shared_local_route,hybrid_local_global,base_0013,0,42,17670.0,module_4
entanglement_assisted_all_shared_local_route,hybrid_local_global,base_0013,0,43,18090.0,module_2
entanglement_assisted_all_shared_local_route,hybrid_local_global,base_0013,0,44,18510.0,module_2
entanglement_assisted_all_shared_local_route,hybrid_local_global,base_0013,0,45,18930.0,module_1
entanglement_assisted_all_shared_local_route,hybrid_local_global,base_0013,0,46,19350.0,module_3
entanglement_assisted_all_shared_local_route,hybrid_local_global,base_0013,0,47,19770.0,module_4
entanglement_assisted_all_shared_local_route,hybrid_local_global,base_0013,1,0,30.0,module_4
entanglement_assisted_all_shared_local_route,hybrid_local_global,base_0013,1,1,450.0,module_1
entanglement_assisted_all_shared_local_route,hybrid_local_global,base_0013,1,2,870.0,module_3
entanglement_assisted_all_shared_local_route,hybrid_local_global,base_0013,1,3,1290.0,module_2
entanglement_assisted_all_shared_local_route,hybrid_local_global,base_0013,1,4,1710.0,module_4
entanglement_assisted_all_shared_local_route,hybrid_local_global,base_0013,1,5,2130.0,module_3
entanglement_assisted_all_shared_local_route,hybrid_local_global,base_0013,1,6,2550.0,module_2
entanglement_assisted_all_shared_local_route,hybrid_local_global,base_0013,1,7,2970.0,module_1
entanglement_assisted_all_shared_local_route,hybrid_local_global,base_0013,1,8,3390.0,module_1
entanglement_assisted_all_shared_local_route,hybrid_local_global,base_0013,1,9,3810.0,module_3
entanglement_assisted_all_shared_local_route,hybrid_local_global,base_0013,1,10,4230.0,module_2
entanglement_assisted_all_shared_local_route,hybrid_local_global,base_0013,1,11,4650.0,module_4
entanglement_assisted_all_shared_local_route,hybrid_local_global,base_0013,1,12,5070.0,module_2
entanglement_assisted_all_shared_local_route,hybrid_local_global,base_0013,1,13,5490.0,module_3
entanglement_assisted_all_shared_local_route,hybrid_local_global,base_0013,1,14,5910.0,module_4
entanglement_assisted_all_shared_local_route,hybrid_local_global,base_0013,1,15,6330.0,module_1
entanglement_assisted_all_shared_local_route,hybrid_local_global,base_0013,1,16,6750.0,module_3
entanglement_assisted_all_shared_local_route,hybrid_local_global,base_0013,1,17,7170.0,module_2
entanglement_assisted_all_shared_local_route,hybrid_local_global,base_0013,1,18,7590.0,module_1
entanglement_assisted_all_shared_local_route,hybrid_local_global,base_0013,1,19,8010.0,module_4
entanglement_assisted_all_shared_local_route,hybrid_local_global,base_0013,1,20,8430.0,module_1
entanglement_assisted_all_shared_local_route,hybrid_local_global,base_0013,1,21,8850.0,module_3
entanglement_assisted_all_shared_local_route,hybrid_local_global,base_0013,1,22,9270.0,module_2
entanglement_assisted_all_shared_local_route,hybrid_local_global,base_0013,1,23,9690.0,module_4
entanglement_assisted_all_shared_local_route,hybrid_local_global,base_0013,1,24,10110.0,module_2
entanglement_assisted_all_shared_local_route,hybrid_local_global,base_0013,1,25,10530.0,module_3
entanglement_assisted_all_shared_local_route,hybrid_local_global,base_0013,1,26,10950.0,module_1
entanglement_assisted_all_shared_local_route,hybrid_local_global,base_0013,1,27,11370.0,module_4
entanglement_assisted_all_shared_local_route,hybrid_local_global,base_0013,1,28,11790.0,module_3
entanglement_assisted_all_shared_local_route,hybrid_local_global,base_0013,1,29,12210.0,module_2
entanglement_assisted_all_shared_local_route,hybrid_local_global,base_0013,1,30,12630.0,module_1
entanglement_assisted_all_shared_local_route,hybrid_local_global,base_0013,1,31,13050.0,module_4
entanglement_assisted_all_shared_local_route,hybrid_local_global,base_0013,1,32,13470.0,module_4
entanglement_assisted_all_shared_local_route,hybrid_local_global,base_0013,1,33,13890.0,module_3
entanglement_assisted_all_shared_local_route,hybrid_local_global,base_0013,1,34,14310.0,module_1
entanglement_assisted_all_shared_local_route,hybrid_local_global,base_0013,1,35,14730.0,module_2
entanglement_assisted_all_shared_local_route,hybrid_local_global,base_0013,1,36,15150.0,module_2
entanglement_assisted_all_shared_local_route,hybrid_local_global,base_0013,1,37,15570.0,module_3
entanglement_assisted_all_shared_local_route,hybrid_local_global,base_0013,1,38,15990.0,module_1
entanglement_assisted_all_shared_local_route,hybrid_local_global,base_0013,1,39,16410.0,module_4
entanglement_assisted_all_shared_local_route,hybrid_local_global,base_0013,1,40,16830.0,module_3
entanglement_assisted_all_shared_local_route,hybrid_local_global,base_0013,1,41,17250.0,module_4
entanglement_assisted_all_shared_local_route,hybrid_local_global,base_0013,1,42,17670.0,module_2
entanglement_assisted_all_shared_local_route,hybrid_local_global,base_0013,1,43,18090.0,module_1
entanglement_assisted_all_shared_local_route,hybrid_local_global,base_0013,1,44,18510.0,module_1
entanglement_assisted_all_shared_local_route,hybrid_local_global,base_0013,1,45,18930.0,module_4
entanglement_assisted_all_shared_local_route,hybrid_local_global,base_0013,1,46,19350.0,module_2
entanglement_assisted_all_shared_local_route,hybrid_local_global,base_0013,1,47,19770.0,module_3
entanglement_assisted_all_shared_local_route,hybrid_local_global,base_0014,0,0,30.0,module_3
entanglement_assisted_all_shared_local_route,hybrid_local_global,base_0014,0,1,450.0,module_1
entanglement_assisted_all_shared_local_route,hybrid_local_global,base_0014,0,2,870.0,module_2
entanglement_assisted_all_shared_local_route,hybrid_local_global,base_0014,0,3,1290.0,module_4
entanglement_assisted_all_shared_local_route,hybrid_local_global,base_0014,0,4,1710.0,module_4
entanglement_assisted_all_shared_local_route,hybrid_local_global,base_0014,0,5,2130.0,module_1
entanglement_assisted_all_shared_local_route,hybrid_local_global,base_0014,0,6,2550.0,module_3
entanglement_assisted_all_shared_local_route,hybrid_local_global,base_0014,0,7,2970.0,module_2
entanglement_assisted_all_shared_local_route,hybrid_local_global,base_0014,0,8,3390.0,module_3
entanglement_assisted_all_shared_local_route,hybrid_local_global,base_0014,0,9,3810.0,module_4
entanglement_assisted_all_shared_local_route,hybrid_local_global,base_0014,0,10,4230.0,module_1
entanglement_assisted_all_shared_local_route,hybrid_local_global,base_0014,0,11,4650.0,module_2
entanglement_assisted_all_shared_local_route,hybrid_local_global,base_0014,0,12,5070.0,module_4
entanglement_assisted_all_shared_local_route,hybrid_local_global,base_0014,0,13,5490.0,module_2
entanglement_assisted_all_shared_local_route,hybrid_local_global,base_0014,0,14,5910.0,module_3
entanglement_assisted_all_shared_local_route,hybrid_local_global,base_0014,0,15,6330.0,module_1
entanglement_assisted_all_shared_local_route,hybrid_local_global,base_0014,0,16,6750.0,module_1
entanglement_assisted_all_shared_local_route,hybrid_local_global,base_0014,0,17,7170.0,module_3
entanglement_assisted_all_shared_local_route,hybrid_local_global,base_0014,0,18,7590.0,module_2
entanglement_assisted_all_shared_local_route,hybrid_local_global,base_0014,0,19,8010.0,module_4
entanglement_assisted_all_shared_local_route,hybrid_local_global,base_0014,0,20,8430.0,module_4
entanglement_assisted_all_shared_local_route,hybrid_local_global,base_0014,0,21,8850.0,module_3
entanglement_assisted_all_shared_local_route,hybrid_local_global,base_0014,0,22,9270.0,module_2
entanglement_assisted_all_shared_local_route,hybrid_local_global,base_0014,0,23,9690.0,module_1
entanglement_assisted_all_shared_local_route,hybrid_local_global,base_0014,0,24,10110.0,module_4
entanglement_assisted_all_shared_local_route,hybrid_local_global,base_0014,0,25,10530.0,module_1
entanglement_assisted_all_shared_local_route,hybrid_local_global,base_0014,0,26,10950.0,module_3
entanglement_assisted_all_shared_local_route,hybrid_local_global,base_0014,0,27,11370.0,module_2
entanglement_assisted_all_shared_local_route,hybrid_local_global,base_0014,0,28,11790.0,module_1
entanglement_assisted_all_shared_local_route,hybrid_local_global,base_0014,0,29,12210.0,module_3
entanglement_assisted_all_shared_local_route,hybrid_local_global,base_0014,0,30,12630.0,module_4
entanglement_assisted_all_shared_local_route,hybrid_local_global,base_0014,0,31,13050.0,module_2
entanglement_assisted_all_shared_local_route,hybrid_local_global,base_0014,0,32,13470.0,module_2
entanglement_assisted_all_shared_local_route,hybrid_local_global,base_0014,0,33,13890.0,module_1
entanglement_assisted_all_shared_local_route,hybrid_local_global,base_0014,0,34,14310.0,module_4
entanglement_assisted_all_shared_local_route,hybrid_local_global,base_0014,0,35,14730.0,module_3
entanglement_assisted_all_shared_local_route,hybrid_local_global,base_0014,0,36,15150.0,module_4
entanglement_assisted_all_shared_local_route,hybrid_local_global,base_0014,0,37,15570.0,module_1
entanglement_assisted_all_shared_local_route,hybrid_local_global,base_0014,0,38,15990.0,module_2
entanglement_assisted_all_shared_local_route,hybrid_local_global,base_0014,0,39,16410.0,module_3
entanglement_assisted_all_shared_local_route,hybrid_local_global,base_0014,0,40,16830.0,module_2
entanglement_assisted_all_shared_local_route,hybrid_local_global,base_0014,0,41,17250.0,module_4
entanglement_assisted_all_shared_local_route,hybrid_local_global,base_0014,0,42,17670.0,module_3
entanglement_assisted_all_shared_local_route,hybrid_local_global,base_0014,0,43,18090.0,module_1
entanglement_assisted_all_shared_local_route,hybrid_local_global,base_0014,0,44,18510.0,module_3
entanglement_assisted_all_shared_local_route,hybrid_local_global,base_0014,0,45,18930.0,module_2
entanglement_assisted_all_shared_local_route,hybrid_local_global,base_0014,0,46,19350.0,module_4
entanglement_assisted_all_shared_local_route,hybrid_local_global,base_0014,0,47,19770.0,module_1
entanglement_assisted_all_shared_local_route,hybrid_local_global,base_0014,1,0,30.0,module_4
entanglement_assisted_all_shared_local_route,hybrid_local_global,base_0014,1,1,450.0,module_2
entanglement_assisted_all_shared_local_route,hybrid_local_global,base_0014,1,2,870.0,module_1
entanglement_assisted_all_shared_local_route,hybrid_local_global,base_0014,1,3,1290.0,module_3
entanglement_assisted_all_shared_local_route,hybrid_local_global,base_0014,1,4,1710.0,module_1
entanglement_assisted_all_shared_local_route,hybrid_local_global,base_0014,1,5,2130.0,module_4
entanglement_assisted_all_shared_local_route,hybrid_local_global,base_0014,1,6,2550.0,module_3
entanglement_assisted_all_shared_local_route,hybrid_local_global,base_0014,1,7,2970.0,module_2
entanglement_assisted_all_shared_local_route,hybrid_local_global,base_0014,1,8,3390.0,module_3
entanglement_assisted_all_shared_local_route,hybrid_local_global,base_0014,1,9,3810.0,module_2
entanglement_assisted_all_shared_local_route,hybrid_local_global,base_0014,1,10,4230.0,module_1
entanglement_assisted_all_shared_local_route,hybrid_local_global,base_0014,1,11,4650.0,module_4
entanglement_assisted_all_shared_local_route,hybrid_local_global,base_0014,1,12,5070.0,module_4
entanglement_assisted_all_shared_local_route,hybrid_local_global,base_0014,1,13,5490.0,module_3
entanglement_assisted_all_shared_local_route,hybrid_local_global,base_0014,1,14,5910.0,module_1
entanglement_assisted_all_shared_local_route,hybrid_local_global,base_0014,1,15,6330.0,module_2
entanglement_assisted_all_shared_local_route,hybrid_local_global,base_0014,1,16,6750.0,module_4
entanglement_assisted_all_shared_local_route,hybrid_local_global,base_0014,1,17,7170.0,module_1
entanglement_assisted_all_shared_local_route,hybrid_local_global,base_0014,1,18,7590.0,module_3
entanglement_assisted_all_shared_local_route,hybrid_local_global,base_0014,1,19,8010.0,module_2
entanglement_assisted_all_shared_local_route,hybrid_local_global,base_0014,1,20,8430.0,module_2
entanglement_assisted_all_shared_local_route,hybrid_local_global,base_0014,1,21,8850.0,module_3
entanglement_assisted_all_shared_local_route,hybrid_local_global,base_0014,1,22,9270.0,module_4
entanglement_assisted_all_shared_local_route,hybrid_local_global,base_0014,1,23,9690.0,module_1
entanglement_assisted_all_shared_local_route,hybrid_local_global,base_0014,1,24,10110.0,module_1
entanglement_assisted_all_shared_local_route,hybrid_local_global,base_0014,1,25,10530.0,module_2
entanglement_assisted_all_shared_local_route,hybrid_local_global,base_0014,1,26,10950.0,module_3
entanglement_assisted_all_shared_local_route,hybrid_local_global,base_0014,1,27,11370.0,module_4
entanglement_assisted_all_shared_local_route,hybrid_local_global,base_0014,1,28,11790.0,module_1
entanglement_assisted_all_shared_local_route,hybrid_local_global,base_0014,1,29,12210.0,module_4
entanglement_assisted_all_shared_local_route,hybrid_local_global,base_0014,1,30,12630.0,module_3
entanglement_assisted_all_shared_local_route,hybrid_local_global,base_0014,1,31,13050.0,module_2
entanglement_assisted_all_shared_local_route,hybrid_local_global,base_0014,1,32,13470.0,module_1
entanglement_assisted_all_shared_local_route,hybrid_local_global,base_0014,1,33,13890.0,module_4
entanglement_assisted_all_shared_local_route,hybrid_local_global,base_0014,1,34,14310.0,module_2
entanglement_assisted_all_shared_local_route,hybrid_local_global,base_0014,1,35,14730.0,module_3
entanglement_assisted_all_shared_local_route,hybrid_local_global,base_0014,1,36,15150.0,module_3
entanglement_assisted_all_shared_local_route,hybrid_local_global,base_0014,1,37,15570.0,module_1
entanglement_assisted_all_shared_local_route,hybrid_local_global,base_0014,1,38,15990.0,module_2
entanglement_assisted_all_shared_local_route,hybrid_local_global,base_0014,1,39,16410.0,module_4
entanglement_assisted_all_shared_local_route,hybrid_local_global,base_0014,1,40,16830.0,module_4
entanglement_assisted_all_shared_local_route,hybrid_local_global,base_0014,1,41,17250.0,module_2
entanglement_assisted_all_shared_local_route,hybrid_local_global,base_0014,1,42,17670.0,module_1
entanglement_assisted_all_shared_local_route,hybrid_local_global,base_0014,1,43,18090.0,module_3
entanglement_assisted_all_shared_local_route,hybrid_local_global,base_0014,1,44,18510.0,module_4
entanglement_assisted_all_shared_local_route,hybrid_local_global,base_0014,1,45,18930.0,module_1
entanglement_assisted_all_shared_local_route,hybrid_local_global,base_0014,1,46,19350.0,module_2
entanglement_assisted_all_shared_local_route,hybrid_local_global,base_0014,1,47,19770.0,module_3
entanglement_assisted_all_shared_local_route,hybrid_local_global,base_0015,0,0,30.0,module_1
entanglement_assisted_all_shared_local_route,hybrid_local_global,base_0015,0,1,450.0,module_3
entanglement_assisted_all_shared_local_route,hybrid_local_global,base_0015,0,2,870.0,module_4
entanglement_assisted_all_shared_local_route,hybrid_local_global,base_0015,0,3,1290.0,module_2
entanglement_assisted_all_shared_local_route,hybrid_local_global,base_0015,0,4,1710.0,module_3
entanglement_assisted_all_shared_local_route,hybrid_local_global,base_0015,0,5,2130.0,module_4
entanglement_assisted_all_shared_local_route,hybrid_local_global,base_0015,0,6,2550.0,module_1
entanglement_assisted_all_shared_local_route,hybrid_local_global,base_0015,0,7,2970.0,module_2
entanglement_assisted_all_shared_local_route,hybrid_local_global,base_0015,0,8,3390.0,module_4
entanglement_assisted_all_shared_local_route,hybrid_local_global,base_0015,0,9,3810.0,module_1
entanglement_assisted_all_shared_local_route,hybrid_local_global,base_0015,0,10,4230.0,module_3
entanglement_assisted_all_shared_local_route,hybrid_local_global,base_0015,0,11,4650.0,module_2
entanglement_assisted_all_shared_local_route,hybrid_local_global,base_0015,0,12,5070.0,module_1
entanglement_assisted_all_shared_local_route,hybrid_local_global,base_0015,0,13,5490.0,module_3
entanglement_assisted_all_shared_local_route,hybrid_local_global,base_0015,0,14,5910.0,module_4
entanglement_assisted_all_shared_local_route,hybrid_local_global,base_0015,0,15,6330.0,module_2
entanglement_assisted_all_shared_local_route,hybrid_local_global,base_0015,0,16,6750.0,module_2
entanglement_assisted_all_shared_local_route,hybrid_local_global,base_0015,0,17,7170.0,module_3
entanglement_assisted_all_shared_local_route,hybrid_local_global,base_0015,0,18,7590.0,module_4
entanglement_assisted_all_shared_local_route,hybrid_local_global,base_0015,0,19,8010.0,module_1
entanglement_assisted_all_shared_local_route,hybrid_local_global,base_0015,0,20,8430.0,module_4
entanglement_assisted_all_shared_local_route,hybrid_local_global,base_0015,0,21,8850.0,module_2
entanglement_assisted_all_shared_local_route,hybrid_local_global,base_0015,0,22,9270.0,module_1
entanglement_assisted_all_shared_local_route,hybrid_local_global,base_0015,0,23,9690.0,module_3
entanglement_assisted_all_shared_local_route,hybrid_local_global,base_0015,0,24,10110.0,module_1
entanglement_assisted_all_shared_local_route,hybrid_local_global,base_0015,0,25,10530.0,module_2
entanglement_assisted_all_shared_local_route,hybrid_local_global,base_0015,0,26,10950.0,module_4
entanglement_assisted_all_shared_local_route,hybrid_local_global,base_0015,0,27,11370.0,module_3
entanglement_assisted_all_shared_local_route,hybrid_local_global,base_0015,0,28,11790.0,module_3
entanglement_assisted_all_shared_local_route,hybrid_local_global,base_0015,0,29,12210.0,module_4
entanglement_assisted_all_shared_local_route,hybrid_local_global,base_0015,0,30,12630.0,module_2
entanglement_assisted_all_shared_local_route,hybrid_local_global,base_0015,0,31,13050.0,module_1
entanglement_assisted_all_shared_local_route,hybrid_local_global,base_0015,0,32,13470.0,module_2
entanglement_assisted_all_shared_local_route,hybrid_local_global,base_0015,0,33,13890.0,module_3
entanglement_assisted_all_shared_local_route,hybrid_local_global,base_0015,0,34,14310.0,module_1
entanglement_assisted_all_shared_local_route,hybrid_local_global,base_0015,0,35,14730.0,module_4
entanglement_assisted_all_shared_local_route,hybrid_local_global,base_0015,0,36,15150.0,module_2
entanglement_assisted_all_shared_local_route,hybrid_local_global,base_0015,0,37,15570.0,module_4
entanglement_assisted_all_shared_local_route,hybrid_local_global,base_0015,0,38,15990.0,module_1
entanglement_assisted_all_shared_local_route,hybrid_local_global,base_0015,0,39,16410.0,module_3
entanglement_assisted_all_shared_local_route,hybrid_local_global,base_0015,0,40,16830.0,module_2
entanglement_assisted_all_shared_local_route,hybrid_local_global,base_0015,0,41,17250.0,module_4
entanglement_assisted_all_shared_local_route,hybrid_local_global,base_0015,0,42,17670.0,module_3
entanglement_assisted_all_shared_local_route,hybrid_local_global,base_0015,0,43,18090.0,module_1
entanglement_assisted_all_shared_local_route,hybrid_local_global,base_0015,0,44,18510.0,module_3
entanglement_assisted_all_shared_local_route,hybrid_local_global,base_0015,0,45,18930.0,module_1
entanglement_assisted_all_shared_local_route,hybrid_local_global,base_0015,0,46,19350.0,module_4
entanglement_assisted_all_shared_local_route,hybrid_local_global,base_0015,0,47,19770.0,module_2
entanglement_assisted_all_shared_local_route,hybrid_local_global,base_0015,1,0,30.0,module_3
entanglement_assisted_all_shared_local_route,hybrid_local_global,base_0015,1,1,450.0,module_2
entanglement_assisted_all_shared_local_route,hybrid_local_global,base_0015,1,2,870.0,module_1
entanglement_assisted_all_shared_local_route,hybrid_local_global,base_0015,1,3,1290.0,module_4
entanglement_assisted_all_shared_local_route,hybrid_local_global,base_0015,1,4,1710.0,module_4
entanglement_assisted_all_shared_local_route,hybrid_local_global,base_0015,1,5,2130.0,module_3
entanglement_assisted_all_shared_local_route,hybrid_local_global,base_0015,1,6,2550.0,module_2
entanglement_assisted_all_shared_local_route,hybrid_local_global,base_0015,1,7,2970.0,module_1
entanglement_assisted_all_shared_local_route,hybrid_local_global,base_0015,1,8,3390.0,module_3
entanglement_assisted_all_shared_local_route,hybrid_local_global,base_0015,1,9,3810.0,module_4
entanglement_assisted_all_shared_local_route,hybrid_local_global,base_0015,1,10,4230.0,module_1
entanglement_assisted_all_shared_local_route,hybrid_local_global,base_0015,1,11,4650.0,module_2
entanglement_assisted_all_shared_local_route,hybrid_local_global,base_0015,1,12,5070.0,module_4
entanglement_assisted_all_shared_local_route,hybrid_local_global,base_0015,1,13,5490.0,module_3
entanglement_assisted_all_shared_local_route,hybrid_local_global,base_0015,1,14,5910.0,module_2
entanglement_assisted_all_shared_local_route,hybrid_local_global,base_0015,1,15,6330.0,module_1
entanglement_assisted_all_shared_local_route,hybrid_local_global,base_0015,1,16,6750.0,module_4
entanglement_assisted_all_shared_local_route,hybrid_local_global,base_0015,1,17,7170.0,module_3
entanglement_assisted_all_shared_local_route,hybrid_local_global,base_0015,1,18,7590.0,module_2
entanglement_assisted_all_shared_local_route,hybrid_local_global,base_0015,1,19,8010.0,module_1
entanglement_assisted_all_shared_local_route,hybrid_local_global,base_0015,1,20,8430.0,module_3
entanglement_assisted_all_shared_local_route,hybrid_local_global,base_0015,1,21,8850.0,module_1
entanglement_assisted_all_shared_local_route,hybrid_local_global,base_0015,1,22,9270.0,module_2
entanglement_assisted_all_shared_local_route,hybrid_local_global,base_0015,1,23,9690.0,module_4
entanglement_assisted_all_shared_local_route,hybrid_local_global,base_0015,1,24,10110.0,module_3
entanglement_assisted_all_shared_local_route,hybrid_local_global,base_0015,1,25,10530.0,module_1
entanglement_assisted_all_shared_local_route,hybrid_local_global,base_0015,1,26,10950.0,module_4
entanglement_assisted_all_shared_local_route,hybrid_local_global,base_0015,1,27,11370.0,module_2
entanglement_assisted_all_shared_local_route,hybrid_local_global,base_0015,1,28,11790.0,module_3
entanglement_assisted_all_shared_local_route,hybrid_local_global,base_0015,1,29,12210.0,module_2
entanglement_assisted_all_shared_local_route,hybrid_local_global,base_0015,1,30,12630.0,module_1
entanglement_assisted_all_shared_local_route,hybrid_local_global,base_0015,1,31,13050.0,module_4
entanglement_assisted_all_shared_local_route,hybrid_local_global,base_0015,1,32,13470.0,module_1
entanglement_assisted_all_shared_local_route,hybrid_local_global,base_0015,1,33,13890.0,module_4
entanglement_assisted_all_shared_local_route,hybrid_local_global,base_0015,1,34,14310.0,module_2
entanglement_assisted_all_shared_local_route,hybrid_local_global,base_0015,1,35,14730.0,module_3
entanglement_assisted_all_shared_local_route,hybrid_local_global,base_0015,1,36,15150.0,module_3
entanglement_assisted_all_shared_local_route,hybrid_local_global,base_0015,1,37,15570.0,module_2
entanglement_assisted_all_shared_local_route,hybrid_local_global,base_0015,1,38,15990.0,module_1
entanglement_assisted_all_shared_local_route,hybrid_local_global,base_0015,1,39,16410.0,module_4
entanglement_assisted_all_shared_local_route,hybrid_local_global,base_0015,1,40,16830.0,module_2
entanglement_assisted_all_shared_local_route,hybrid_local_global,base_0015,1,41,17250.0,module_1
entanglement_assisted_all_shared_local_route,hybrid_local_global,base_0015,1,42,17670.0,module_4
entanglement_assisted_all_shared_local_route,hybrid_local_global,base_0015,1,43,18090.0,module_3
entanglement_assisted_all_shared_local_route,hybrid_local_global,base_0015,1,44,18510.0,module_3
entanglement_assisted_all_shared_local_route,hybrid_local_global,base_0015,1,45,18930.0,module_2
entanglement_assisted_all_shared_local_route,hybrid_local_global,base_0015,1,46,19350.0,module_4
entanglement_assisted_all_shared_local_route,hybrid_local_global,base_0015,1,47,19770.0,module_1
entanglement_assisted_all_shared_local_route,hybrid_local_global,base_0016,0,0,30.0,module_2
entanglement_assisted_all_shared_local_route,hybrid_local_global,base_0016,0,1,450.0,module_1
entanglement_assisted_all_shared_local_route,hybrid_local_global,base_0016,0,2,870.0,module_3
entanglement_assisted_all_shared_local_route,hybrid_local_global,base_0016,0,3,1290.0,module_4
entanglement_assisted_all_shared_local_route,hybrid_local_global,base_0016,0,4,1710.0,module_4
entanglement_assisted_all_shared_local_route,hybrid_local_global,base_0016,0,5,2130.0,module_3
entanglement_assisted_all_shared_local_route,hybrid_local_global,base_0016,0,6,2550.0,module_1
entanglement_assisted_all_shared_local_route,hybrid_local_global,base_0016,0,7,2970.0,module_2
entanglement_assisted_all_shared_local_route,hybrid_local_global,base_0016,0,8,3390.0,module_4
entanglement_assisted_all_shared_local_route,hybrid_local_global,base_0016,0,9,3810.0,module_1
entanglement_assisted_all_shared_local_route,hybrid_local_global,base_0016,0,10,4230.0,module_3
entanglement_assisted_all_shared_local_route,hybrid_local_global,base_0016,0,11,4650.0,module_2
entanglement_assisted_all_shared_local_route,hybrid_local_global,base_0016,0,12,5070.0,module_1
entanglement_assisted_all_shared_local_route,hybrid_local_global,base_0016,0,13,5490.0,module_3
entanglement_assisted_all_shared_local_route,hybrid_local_global,base_0016,0,14,5910.0,module_2
entanglement_assisted_all_shared_local_route,hybrid_local_global,base_0016,0,15,6330.0,module_4
entanglement_assisted_all_shared_local_route,hybrid_local_global,base_0016,0,16,6750.0,module_4
entanglement_assisted_all_shared_local_route,hybrid_local_global,base_0016,0,17,7170.0,module_3
entanglement_assisted_all_shared_local_route,hybrid_local_global,base_0016,0,18,7590.0,module_2
entanglement_assisted_all_shared_local_route,hybrid_local_global,base_0016,0,19,8010.0,module_1
entanglement_assisted_all_shared_local_route,hybrid_local_global,base_0016,0,20,8430.0,module_1
entanglement_assisted_all_shared_local_route,hybrid_local_global,base_0016,0,21,8850.0,module_4
entanglement_assisted_all_shared_local_route,hybrid_local_global,base_0016,0,22,9270.0,module_2
entanglement_assisted_all_shared_local_route,hybrid_local_global,base_0016,0,23,9690.0,module_3
entanglement_assisted_all_shared_local_route,hybrid_local_global,base_0016,0,24,10110.0,module_4
entanglement_assisted_all_shared_local_route,hybrid_local_global,base_0016,0,25,10530.0,module_1
entanglement_assisted_all_shared_local_route,hybrid_local_global,base_0016,0,26,10950.0,module_3
entanglement_assisted_all_shared_local_route,hybrid_local_global,base_0016,0,27,11370.0,module_2
entanglement_assisted_all_shared_local_route,hybrid_local_global,base_0016,0,28,11790.0,module_4
entanglement_assisted_all_shared_local_route,hybrid_local_global,base_0016,0,29,12210.0,module_2
entanglement_assisted_all_shared_local_route,hybrid_local_global,base_0016,0,30,12630.0,module_3
entanglement_assisted_all_shared_local_route,hybrid_local_global,base_0016,0,31,13050.0,module_1
entanglement_assisted_all_shared_local_route,hybrid_local_global,base_0016,0,32,13470.0,module_4
entanglement_assisted_all_shared_local_route,hybrid_local_global,base_0016,0,33,13890.0,module_2
entanglement_assisted_all_shared_local_route,hybrid_local_global,base_0016,0,34,14310.0,module_1
entanglement_assisted_all_shared_local_route,hybrid_local_global,base_0016,0,35,14730.0,module_3
entanglement_assisted_all_shared_local_route,hybrid_local_global,base_0016,0,36,15150.0,module_1
entanglement_assisted_all_shared_local_route,hybrid_local_global,base_0016,0,37,15570.0,module_3
entanglement_assisted_all_shared_local_route,hybrid_local_global,base_0016,0,38,15990.0,module_4
entanglement_assisted_all_shared_local_route,hybrid_local_global,base_0016,0,39,16410.0,module_2
entanglement_assisted_all_shared_local_route,hybrid_local_global,base_0016,0,40,16830.0,module_1
entanglement_assisted_all_shared_local_route,hybrid_local_global,base_0016,0,41,17250.0,module_3
entanglement_assisted_all_shared_local_route,hybrid_local_global,base_0016,0,42,17670.0,module_4
entanglement_assisted_all_shared_local_route,hybrid_local_global,base_0016,0,43,18090.0,module_2
entanglement_assisted_all_shared_local_route,hybrid_local_global,base_0016,0,44,18510.0,module_4
entanglement_assisted_all_shared_local_route,hybrid_local_global,base_0016,0,45,18930.0,module_3
entanglement_assisted_all_shared_local_route,hybrid_local_global,base_0016,0,46,19350.0,module_2
entanglement_assisted_all_shared_local_route,hybrid_local_global,base_0016,0,47,19770.0,module_1
entanglement_assisted_all_shared_local_route,hybrid_local_global,base_0016,1,0,30.0,module_3
entanglement_assisted_all_shared_local_route,hybrid_local_global,base_0016,1,1,450.0,module_1
entanglement_assisted_all_shared_local_route,hybrid_local_global,base_0016,1,2,870.0,module_2
entanglement_assisted_all_shared_local_route,hybrid_local_global,base_0016,1,3,1290.0,module_4
entanglement_assisted_all_shared_local_route,hybrid_local_global,base_0016,1,4,1710.0,module_1
entanglement_assisted_all_shared_local_route,hybrid_local_global,base_0016,1,5,2130.0,module_2
entanglement_assisted_all_shared_local_route,hybrid_local_global,base_0016,1,6,2550.0,module_4
entanglement_assisted_all_shared_local_route,hybrid_local_global,base_0016,1,7,2970.0,module_3
entanglement_assisted_all_shared_local_route,hybrid_local_global,base_0016,1,8,3390.0,module_2
entanglement_assisted_all_shared_local_route,hybrid_local_global,base_0016,1,9,3810.0,module_3
entanglement_assisted_all_shared_local_route,hybrid_local_global,base_0016,1,10,4230.0,module_1
entanglement_assisted_all_shared_local_route,hybrid_local_global,base_0016,1,11,4650.0,module_4
entanglement_assisted_all_shared_local_route,hybrid_local_global,base_0016,1,12,5070.0,module_2
entanglement_assisted_all_shared_local_route,hybrid_local_global,base_0016,1,13,5490.0,module_3
entanglement_assisted_all_shared_local_route,hybrid_local_global,base_0016,1,14,5910.0,module_4
entanglement_assisted_all_shared_local_route,hybrid_local_global,base_0016,1,15,6330.0,module_1
entanglement_assisted_all_shared_local_route,hybrid_local_global,base_0016,1,16,6750.0,module_4
entanglement_assisted_all_shared_local_route,hybrid_local_global,base_0016,1,17,7170.0,module_1
entanglement_assisted_all_shared_local_route,hybrid_local_global,base_0016,1,18,7590.0,module_3
entanglement_assisted_all_shared_local_route,hybrid_local_global,base_0016,1,19,8010.0,module_2
entanglement_assisted_all_shared_local_route,hybrid_local_global,base_0016,1,20,8430.0,module_4
entanglement_assisted_all_shared_local_route,hybrid_local_global,base_0016,1,21,8850.0,module_2
entanglement_assisted_all_shared_local_route,hybrid_local_global,base_0016,1,22,9270.0,module_3
entanglement_assisted_all_shared_local_route,hybrid_local_global,base_0016,1,23,9690.0,module_1
entanglement_assisted_all_shared_local_route,hybrid_local_global,base_0016,1,24,10110.0,module_3
entanglement_assisted_all_shared_local_route,hybrid_local_global,base_0016,1,25,10530.0,module_4
entanglement_assisted_all_shared_local_route,hybrid_local_global,base_0016,1,26,10950.0,module_1
entanglement_assisted_all_shared_local_route,hybrid_local_global,base_0016,1,27,11370.0,module_2
entanglement_assisted_all_shared_local_route,hybrid_local_global,base_0016,1,28,11790.0,module_4
entanglement_assisted_all_shared_local_route,hybrid_local_global,base_0016,1,29,12210.0,module_2
entanglement_assisted_all_shared_local_route,hybrid_local_global,base_0016,1,30,12630.0,module_3
entanglement_assisted_all_shared_local_route,hybrid_local_global,base_0016,1,31,13050.0,module_1
entanglement_assisted_all_shared_local_route,hybrid_local_global,base_0016,1,32,13470.0,module_2
entanglement_assisted_all_shared_local_route,hybrid_local_global,base_0016,1,33,13890.0,module_3
entanglement_assisted_all_shared_local_route,hybrid_local_global,base_0016,1,34,14310.0,module_1
entanglement_assisted_all_shared_local_route,hybrid_local_global,base_0016,1,35,14730.0,module_4
entanglement_assisted_all_shared_local_route,hybrid_local_global,base_0016,1,36,15150.0,module_1
entanglement_assisted_all_shared_local_route,hybrid_local_global,base_0016,1,37,15570.0,module_4
entanglement_assisted_all_shared_local_route,hybrid_local_global,base_0016,1,38,15990.0,module_2
entanglement_assisted_all_shared_local_route,hybrid_local_global,base_0016,1,39,16410.0,module_3
entanglement_assisted_all_shared_local_route,hybrid_local_global,base_0016,1,40,16830.0,module_2
entanglement_assisted_all_shared_local_route,hybrid_local_global,base_0016,1,41,17250.0,module_3
entanglement_assisted_all_shared_local_route,hybrid_local_global,base_0016,1,42,17670.0,module_1
entanglement_assisted_all_shared_local_route,hybrid_local_global,base_0016,1,43,18090.0,module_4
entanglement_assisted_all_shared_local_route,hybrid_local_global,base_0016,1,44,18510.0,module_2
entanglement_assisted_all_shared_local_route,hybrid_local_global,base_0016,1,45,18930.0,module_1
entanglement_assisted_all_shared_local_route,hybrid_local_global,base_0016,1,46,19350.0,module_3
entanglement_assisted_all_shared_local_route,hybrid_local_global,base_0016,1,47,19770.0,module_4
entanglement_assisted_all_shared_local_route,hybrid_local_global,base_0017,0,0,30.0,module_3
entanglement_assisted_all_shared_local_route,hybrid_local_global,base_0017,0,1,450.0,module_1
entanglement_assisted_all_shared_local_route,hybrid_local_global,base_0017,0,2,870.0,module_2
entanglement_assisted_all_shared_local_route,hybrid_local_global,base_0017,0,3,1290.0,module_4
entanglement_assisted_all_shared_local_route,hybrid_local_global,base_0017,0,4,1710.0,module_3
entanglement_assisted_all_shared_local_route,hybrid_local_global,base_0017,0,5,2130.0,module_4
entanglement_assisted_all_shared_local_route,hybrid_local_global,base_0017,0,6,2550.0,module_1
entanglement_assisted_all_shared_local_route,hybrid_local_global,base_0017,0,7,2970.0,module_2
entanglement_assisted_all_shared_local_route,hybrid_local_global,base_0017,0,8,3390.0,module_3
entanglement_assisted_all_shared_local_route,hybrid_local_global,base_0017,0,9,3810.0,module_1
entanglement_assisted_all_shared_local_route,hybrid_local_global,base_0017,0,10,4230.0,module_2
entanglement_assisted_all_shared_local_route,hybrid_local_global,base_0017,0,11,4650.0,module_4
entanglement_assisted_all_shared_local_route,hybrid_local_global,base_0017,0,12,5070.0,module_3
entanglement_assisted_all_shared_local_route,hybrid_local_global,base_0017,0,13,5490.0,module_4
entanglement_assisted_all_shared_local_route,hybrid_local_global,base_0017,0,14,5910.0,module_2
entanglement_assisted_all_shared_local_route,hybrid_local_global,base_0017,0,15,6330.0,module_1
entanglement_assisted_all_shared_local_route,hybrid_local_global,base_0017,0,16,6750.0,module_3
entanglement_assisted_all_shared_local_route,hybrid_local_global,base_0017,0,17,7170.0,module_2
entanglement_assisted_all_shared_local_route,hybrid_local_global,base_0017,0,18,7590.0,module_4
entanglement_assisted_all_shared_local_route,hybrid_local_global,base_0017,0,19,8010.0,module_1
entanglement_assisted_all_shared_local_route,hybrid_local_global,base_0017,0,20,8430.0,module_3
entanglement_assisted_all_shared_local_route,hybrid_local_global,base_0017,0,21,8850.0,module_4
entanglement_assisted_all_shared_local_route,hybrid_local_global,base_0017,0,22,9270.0,module_1
entanglement_assisted_all_shared_local_route,hybrid_local_global,base_0017,0,23,9690.0,module_2
entanglement_assisted_all_shared_local_route,hybrid_local_global,base_0017,0,24,10110.0,module_4
entanglement_assisted_all_shared_local_route,hybrid_local_global,base_0017,0,25,10530.0,module_2
entanglement_assisted_all_shared_local_route,hybrid_local_global,base_0017,0,26,10950.0,module_3
entanglement_assisted_all_shared_local_route,hybrid_local_global,base_0017,0,27,11370.0,module_1
entanglement_assisted_all_shared_local_route,hybrid_local_global,base_0017,0,28,11790.0,module_3
entanglement_assisted_all_shared_local_route,hybrid_local_global,base_0017,0,29,12210.0,module_1
entanglement_assisted_all_shared_local_route,hybrid_local_global,base_0017,0,30,12630.0,module_2
entanglement_assisted_all_shared_local_route,hybrid_local_global,base_0017,0,31,13050.0,module_4
entanglement_assisted_all_shared_local_route,hybrid_local_global,base_0017,0,32,13470.0,module_3
entanglement_assisted_all_shared_local_route,hybrid_local_global,base_0017,0,33,13890.0,module_4
entanglement_assisted_all_shared_local_route,hybrid_local_global,base_0017,0,34,14310.0,module_2
entanglement_assisted_all_shared_local_route,hybrid_local_global,base_0017,0,35,14730.0,module_1
entanglement_assisted_all_shared_local_route,hybrid_local_global,base_0017,0,36,15150.0,module_2
entanglement_assisted_all_shared_local_route,hybrid_local_global,base_0017,0,37,15570.0,module_3
entanglement_assisted_all_shared_local_route,hybrid_local_global,base_0017,0,38,15990.0,module_1
entanglement_assisted_all_shared_local_route,hybrid_local_global,base_0017,0,39,16410.0,module_4
entanglement_assisted_all_shared_local_route,hybrid_local_global,base_0017,0,40,16830.0,module_1
entanglement_assisted_all_shared_local_route,hybrid_local_global,base_0017,0,41,17250.0,module_2
entanglement_assisted_all_shared_local_route,hybrid_local_global,base_0017,0,42,17670.0,module_4
entanglement_assisted_all_shared_local_route,hybrid_local_global,base_0017,0,43,18090.0,module_3
entanglement_assisted_all_shared_local_route,hybrid_local_global,base_0017,0,44,18510.0,module_2
entanglement_assisted_all_shared_local_route,hybrid_local_global,base_0017,0,45,18930.0,module_1
entanglement_assisted_all_shared_local_route,hybrid_local_global,base_0017,0,46,19350.0,module_3
entanglement_assisted_all_shared_local_route,hybrid_local_global,base_0017,0,47,19770.0,module_4
entanglement_assisted_all_shared_local_route,hybrid_local_global,base_0017,1,0,30.0,module_2
entanglement_assisted_all_shared_local_route,hybrid_local_global,base_0017,1,1,450.0,module_4
entanglement_assisted_all_shared_local_route,hybrid_local_global,base_0017,1,2,870.0,module_3
entanglement_assisted_all_shared_local_route,hybrid_local_global,base_0017,1,3,1290.0,module_1
entanglement_assisted_all_shared_local_route,hybrid_local_global,base_0017,1,4,1710.0,module_1
entanglement_assisted_all_shared_local_route,hybrid_local_global,base_0017,1,5,2130.0,module_4
entanglement_assisted_all_shared_local_route,hybrid_local_global,base_0017,1,6,2550.0,module_2
entanglement_assisted_all_shared_local_route,hybrid_local_global,base_0017,1,7,2970.0,module_3
entanglement_assisted_all_shared_local_route,hybrid_local_global,base_0017,1,8,3390.0,module_4
entanglement_assisted_all_shared_local_route,hybrid_local_global,base_0017,1,9,3810.0,module_2
entanglement_assisted_all_shared_local_route,hybrid_local_global,base_0017,1,10,4230.0,module_1
entanglement_assisted_all_shared_local_route,hybrid_local_global,base_0017,1,11,4650.0,module_3
entanglement_assisted_all_shared_local_route,hybrid_local_global,base_0017,1,12,5070.0,module_4
entanglement_assisted_all_shared_local_route,hybrid_local_global,base_0017,1,13,5490.0,module_2
entanglement_assisted_all_shared_local_route,hybrid_local_global,base_0017,1,14,5910.0,module_3
entanglement_assisted_all_shared_local_route,hybrid_local_global,base_0017,1,15,6330.0,module_1
entanglement_assisted_all_shared_local_route,hybrid_local_global,base_0017,1,16,6750.0,module_4
entanglement_assisted_all_shared_local_route,hybrid_local_global,base_0017,1,17,7170.0,module_1
entanglement_assisted_all_shared_local_route,hybrid_local_global,base_0017,1,18,7590.0,module_2
entanglement_assisted_all_shared_local_route,hybrid_local_global,base_0017,1,19,8010.0,module_3
entanglement_assisted_all_shared_local_route,hybrid_local_global,base_0017,1,20,8430.0,module_4
entanglement_assisted_all_shared_local_route,hybrid_local_global,base_0017,1,21,8850.0,module_1
entanglement_assisted_all_shared_local_route,hybrid_local_global,base_0017,1,22,9270.0,module_2
entanglement_assisted_all_shared_local_route,hybrid_local_global,base_0017,1,23,9690.0,module_3
entanglement_assisted_all_shared_local_route,hybrid_local_global,base_0017,1,24,10110.0,module_4
entanglement_assisted_all_shared_local_route,hybrid_local_global,base_0017,1,25,10530.0,module_1
entanglement_assisted_all_shared_local_route,hybrid_local_global,base_0017,1,26,10950.0,module_3
entanglement_assisted_all_shared_local_route,hybrid_local_global,base_0017,1,27,11370.0,module_2
entanglement_assisted_all_shared_local_route,hybrid_local_global,base_0017,1,28,11790.0,module_1
entanglement_assisted_all_shared_local_route,hybrid_local_global,base_0017,1,29,12210.0,module_4
entanglement_assisted_all_shared_local_route,hybrid_local_global,base_0017,1,30,12630.0,module_2
entanglement_assisted_all_shared_local_route,hybrid_local_global,base_0017,1,31,13050.0,module_3
entanglement_assisted_all_shared_local_route,hybrid_local_global,base_0017,1,32,13470.0,module_2
entanglement_assisted_all_shared_local_route,hybrid_local_global,base_0017,1,33,13890.0,module_4
entanglement_assisted_all_shared_local_route,hybrid_local_global,base_0017,1,34,14310.0,module_3
entanglement_assisted_all_shared_local_route,hybrid_local_global,base_0017,1,35,14730.0,module_1
entanglement_assisted_all_shared_local_route,hybrid_local_global,base_0017,1,36,15150.0,module_2
entanglement_assisted_all_shared_local_route,hybrid_local_global,base_0017,1,37,15570.0,module_1
entanglement_assisted_all_shared_local_route,hybrid_local_global,base_0017,1,38,15990.0,module_4
entanglement_assisted_all_shared_local_route,hybrid_local_global,base_0017,1,39,16410.0,module_3
entanglement_assisted_all_shared_local_route,hybrid_local_global,base_0017,1,40,16830.0,module_3
entanglement_assisted_all_shared_local_route,hybrid_local_global,base_0017,1,41,17250.0,module_2
entanglement_assisted_all_shared_local_route,hybrid_local_global,base_0017,1,42,17670.0,module_1
entanglement_assisted_all_shared_local_route,hybrid_local_global,base_0017,1,43,18090.0,module_4
entanglement_assisted_all_shared_local_route,hybrid_local_global,base_0017,1,44,18510.0,module_4
entanglement_assisted_all_shared_local_route,hybrid_local_global,base_0017,1,45,18930.0,module_2
entanglement_assisted_all_shared_local_route,hybrid_local_global,base_0017,1,46,19350.0,module_3
entanglement_assisted_all_shared_local_route,hybrid_local_global,base_0017,1,47,19770.0,module_1
entanglement_assisted_all_shared_local_route,global_only_control,base_0000,0,0,30.0,module_4
entanglement_assisted_all_shared_local_route,global_only_control,base_0000,0,1,450.0,module_3
entanglement_assisted_all_shared_local_route,global_only_control,base_0000,0,2,870.0,module_1
entanglement_assisted_all_shared_local_route,global_only_control,base_0000,0,3,1290.0,module_2
entanglement_assisted_all_shared_local_route,global_only_control,base_0000,0,4,1710.0,module_4
entanglement_assisted_all_shared_local_route,global_only_control,base_0000,0,5,2130.0,module_3
entanglement_assisted_all_shared_local_route,global_only_control,base_0000,0,6,2550.0,module_1
entanglement_assisted_all_shared_local_route,global_only_control,base_0000,0,7,2970.0,module_2
entanglement_assisted_all_shared_local_route,global_only_control,base_0000,0,8,3390.0,module_1
entanglement_assisted_all_shared_local_route,global_only_control,base_0000,0,9,3810.0,module_4
entanglement_assisted_all_shared_local_route,global_only_control,base_0000,0,10,4230.0,module_3
entanglement_assisted_all_shared_local_route,global_only_control,base_0000,0,11,4650.0,module_2
entanglement_assisted_all_shared_local_route,global_only_control,base_0000,0,12,5070.0,module_2
entanglement_assisted_all_shared_local_route,global_only_control,base_0000,0,13,5490.0,module_1
entanglement_assisted_all_shared_local_route,global_only_control,base_0000,0,14,5910.0,module_3
entanglement_assisted_all_shared_local_route,global_only_control,base_0000,0,15,6330.0,module_4
entanglement_assisted_all_shared_local_route,global_only_control,base_0000,0,16,6750.0,module_4
entanglement_assisted_all_shared_local_route,global_only_control,base_0000,0,17,7170.0,module_2
entanglement_assisted_all_shared_local_route,global_only_control,base_0000,0,18,7590.0,module_3
entanglement_assisted_all_shared_local_route,global_only_control,base_0000,0,19,8010.0,module_1
entanglement_assisted_all_shared_local_route,global_only_control,base_0000,0,20,8430.0,module_4
entanglement_assisted_all_shared_local_route,global_only_control,base_0000,0,21,8850.0,module_3
entanglement_assisted_all_shared_local_route,global_only_control,base_0000,0,22,9270.0,module_2
entanglement_assisted_all_shared_local_route,global_only_control,base_0000,0,23,9690.0,module_1
entanglement_assisted_all_shared_local_route,global_only_control,base_0000,0,24,10110.0,module_2
entanglement_assisted_all_shared_local_route,global_only_control,base_0000,0,25,10530.0,module_1
entanglement_assisted_all_shared_local_route,global_only_control,base_0000,0,26,10950.0,module_3
entanglement_assisted_all_shared_local_route,global_only_control,base_0000,0,27,11370.0,module_4
entanglement_assisted_all_shared_local_route,global_only_control,base_0000,0,28,11790.0,module_3
entanglement_assisted_all_shared_local_route,global_only_control,base_0000,0,29,12210.0,module_2
entanglement_assisted_all_shared_local_route,global_only_control,base_0000,0,30,12630.0,module_4
entanglement_assisted_all_shared_local_route,global_only_control,base_0000,0,31,13050.0,module_1
entanglement_assisted_all_shared_local_route,global_only_control,base_0000,0,32,13470.0,module_4
entanglement_assisted_all_shared_local_route,global_only_control,base_0000,0,33,13890.0,module_2
entanglement_assisted_all_shared_local_route,global_only_control,base_0000,0,34,14310.0,module_3
entanglement_assisted_all_shared_local_route,global_only_control,base_0000,0,35,14730.0,module_1
entanglement_assisted_all_shared_local_route,global_only_control,base_0000,0,36,15150.0,module_3
entanglement_assisted_all_shared_local_route,global_only_control,base_0000,0,37,15570.0,module_4
entanglement_assisted_all_shared_local_route,global_only_control,base_0000,0,38,15990.0,module_2
entanglement_assisted_all_shared_local_route,global_only_control,base_0000,0,39,16410.0,module_1
entanglement_assisted_all_shared_local_route,global_only_control,base_0000,0,40,16830.0,module_1
entanglement_assisted_all_shared_local_route,global_only_control,base_0000,0,41,17250.0,module_4
entanglement_assisted_all_shared_local_route,global_only_control,base_0000,0,42,17670.0,module_3
entanglement_assisted_all_shared_local_route,global_only_control,base_0000,0,43,18090.0,module_2
entanglement_assisted_all_shared_local_route,global_only_control,base_0000,0,44,18510.0,module_3
entanglement_assisted_all_shared_local_route,global_only_control,base_0000,0,45,18930.0,module_2
entanglement_assisted_all_shared_local_route,global_only_control,base_0000,0,46,19350.0,module_1
entanglement_assisted_all_shared_local_route,global_only_control,base_0000,0,47,19770.0,module_4
entanglement_assisted_all_shared_local_route,global_only_control,base_0000,1,0,30.0,module_1
entanglement_assisted_all_shared_local_route,global_only_control,base_0000,1,1,450.0,module_3
entanglement_assisted_all_shared_local_route,global_only_control,base_0000,1,2,870.0,module_4
entanglement_assisted_all_shared_local_route,global_only_control,base_0000,1,3,1290.0,module_2
entanglement_assisted_all_shared_local_route,global_only_control,base_0000,1,4,1710.0,module_3
entanglement_assisted_all_shared_local_route,global_only_control,base_0000,1,5,2130.0,module_2
entanglement_assisted_all_shared_local_route,global_only_control,base_0000,1,6,2550.0,module_4
entanglement_assisted_all_shared_local_route,global_only_control,base_0000,1,7,2970.0,module_1
entanglement_assisted_all_shared_local_route,global_only_control,base_0000,1,8,3390.0,module_1
entanglement_assisted_all_shared_local_route,global_only_control,base_0000,1,9,3810.0,module_3
entanglement_assisted_all_shared_local_route,global_only_control,base_0000,1,10,4230.0,module_2
entanglement_assisted_all_shared_local_route,global_only_control,base_0000,1,11,4650.0,module_4
entanglement_assisted_all_shared_local_route,global_only_control,base_0000,1,12,5070.0,module_2
entanglement_assisted_all_shared_local_route,global_only_control,base_0000,1,13,5490.0,module_3
entanglement_assisted_all_shared_local_route,global_only_control,base_0000,1,14,5910.0,module_4
entanglement_assisted_all_shared_local_route,global_only_control,base_0000,1,15,6330.0,module_1
entanglement_assisted_all_shared_local_route,global_only_control,base_0000,1,16,6750.0,module_2
entanglement_assisted_all_shared_local_route,global_only_control,base_0000,1,17,7170.0,module_3
entanglement_assisted_all_shared_local_route,global_only_control,base_0000,1,18,7590.0,module_1
entanglement_assisted_all_shared_local_route,global_only_control,base_0000,1,19,8010.0,module_4
entanglement_assisted_all_shared_local_route,global_only_control,base_0000,1,20,8430.0,module_4
entanglement_assisted_all_shared_local_route,global_only_control,base_0000,1,21,8850.0,module_1
entanglement_assisted_all_shared_local_route,global_only_control,base_0000,1,22,9270.0,module_3
entanglement_assisted_all_shared_local_route,global_only_control,base_0000,1,23,9690.0,module_2
entanglement_assisted_all_shared_local_route,global_only_control,base_0000,1,24,10110.0,module_4
entanglement_assisted_all_shared_local_route,global_only_control,base_0000,1,25,10530.0,module_2
entanglement_assisted_all_shared_local_route,global_only_control,base_0000,1,26,10950.0,module_3
entanglement_assisted_all_shared_local_route,global_only_control,base_0000,1,27,11370.0,module_1
entanglement_assisted_all_shared_local_route,global_only_control,base_0000,1,28,11790.0,module_1
entanglement_assisted_all_shared_local_route,global_only_control,base_0000,1,29,12210.0,module_2
entanglement_assisted_all_shared_local_route,global_only_control,base_0000,1,30,12630.0,module_3
entanglement_assisted_all_shared_local_route,global_only_control,base_0000,1,31,13050.0,module_4
entanglement_assisted_all_shared_local_route,global_only_control,base_0000,1,32,13470.0,module_3
entanglement_assisted_all_shared_local_route,global_only_control,base_0000,1,33,13890.0,module_1
entanglement_assisted_all_shared_local_route,global_only_control,base_0000,1,34,14310.0,module_2
entanglement_assisted_all_shared_local_route,global_only_control,base_0000,1,35,14730.0,module_4
entanglement_assisted_all_shared_local_route,global_only_control,base_0000,1,36,15150.0,module_3
entanglement_assisted_all_shared_local_route,global_only_control,base_0000,1,37,15570.0,module_2
entanglement_assisted_all_shared_local_route,global_only_control,base_0000,1,38,15990.0,module_1
entanglement_assisted_all_shared_local_route,global_only_control,base_0000,1,39,16410.0,module_4
entanglement_assisted_all_shared_local_route,global_only_control,base_0000,1,40,16830.0,module_3
entanglement_assisted_all_shared_local_route,global_only_control,base_0000,1,41,17250.0,module_2
entanglement_assisted_all_shared_local_route,global_only_control,base_0000,1,42,17670.0,module_1
entanglement_assisted_all_shared_local_route,global_only_control,base_0000,1,43,18090.0,module_4
entanglement_assisted_all_shared_local_route,global_only_control,base_0000,1,44,18510.0,module_1
entanglement_assisted_all_shared_local_route,global_only_control,base_0000,1,45,18930.0,module_4
entanglement_assisted_all_shared_local_route,global_only_control,base_0000,1,46,19350.0,module_2
entanglement_assisted_all_shared_local_route,global_only_control,base_0000,1,47,19770.0,module_3
entanglement_assisted_all_shared_local_route,global_only_control,base_0001,0,0,30.0,module_3
entanglement_assisted_all_shared_local_route,global_only_control,base_0001,0,1,450.0,module_1
entanglement_assisted_all_shared_local_route,global_only_control,base_0001,0,2,870.0,module_2
entanglement_assisted_all_shared_local_route,global_only_control,base_0001,0,3,1290.0,module_4
entanglement_assisted_all_shared_local_route,global_only_control,base_0001,0,4,1710.0,module_2
entanglement_assisted_all_shared_local_route,global_only_control,base_0001,0,5,2130.0,module_4
entanglement_assisted_all_shared_local_route,global_only_control,base_0001,0,6,2550.0,module_1
entanglement_assisted_all_shared_local_route,global_only_control,base_0001,0,7,2970.0,module_3
entanglement_assisted_all_shared_local_route,global_only_control,base_0001,0,8,3390.0,module_4
entanglement_assisted_all_shared_local_route,global_only_control,base_0001,0,9,3810.0,module_3
entanglement_assisted_all_shared_local_route,global_only_control,base_0001,0,10,4230.0,module_2
entanglement_assisted_all_shared_local_route,global_only_control,base_0001,0,11,4650.0,module_1
entanglement_assisted_all_shared_local_route,global_only_control,base_0001,0,12,5070.0,module_4
entanglement_assisted_all_shared_local_route,global_only_control,base_0001,0,13,5490.0,module_2
entanglement_assisted_all_shared_local_route,global_only_control,base_0001,0,14,5910.0,module_1
entanglement_assisted_all_shared_local_route,global_only_control,base_0001,0,15,6330.0,module_3
entanglement_assisted_all_shared_local_route,global_only_control,base_0001,0,16,6750.0,module_3
entanglement_assisted_all_shared_local_route,global_only_control,base_0001,0,17,7170.0,module_1
entanglement_assisted_all_shared_local_route,global_only_control,base_0001,0,18,7590.0,module_4
entanglement_assisted_all_shared_local_route,global_only_control,base_0001,0,19,8010.0,module_2
entanglement_assisted_all_shared_local_route,global_only_control,base_0001,0,20,8430.0,module_3
entanglement_assisted_all_shared_local_route,global_only_control,base_0001,0,21,8850.0,module_2
entanglement_assisted_all_shared_local_route,global_only_control,base_0001,0,22,9270.0,module_4
entanglement_assisted_all_shared_local_route,global_only_control,base_0001,0,23,9690.0,module_1
entanglement_assisted_all_shared_local_route,global_only_control,base_0001,0,24,10110.0,module_3
entanglement_assisted_all_shared_local_route,global_only_control,base_0001,0,25,10530.0,module_1
entanglement_assisted_all_shared_local_route,global_only_control,base_0001,0,26,10950.0,module_2
entanglement_assisted_all_shared_local_route,global_only_control,base_0001,0,27,11370.0,module_4
entanglement_assisted_all_shared_local_route,global_only_control,base_0001,0,28,11790.0,module_1
entanglement_assisted_all_shared_local_route,global_only_control,base_0001,0,29,12210.0,module_3
entanglement_assisted_all_shared_local_route,global_only_control,base_0001,0,30,12630.0,module_4
entanglement_assisted_all_shared_local_route,global_only_control,base_0001,0,31,13050.0,module_2
entanglement_assisted_all_shared_local_route,global_only_control,base_0001,0,32,13470.0,module_4
entanglement_assisted_all_shared_local_route,global_only_control,base_0001,0,33,13890.0,module_1
entanglement_assisted_all_shared_local_route,global_only_control,base_0001,0,34,14310.0,module_2
entanglement_assisted_all_shared_local_route,global_only_control,base_0001,0,35,14730.0,module_3
entanglement_assisted_all_shared_local_route,global_only_control,base_0001,0,36,15150.0,module_1
entanglement_assisted_all_shared_local_route,global_only_control,base_0001,0,37,15570.0,module_4
entanglement_assisted_all_shared_local_route,global_only_control,base_0001,0,38,15990.0,module_3
entanglement_assisted_all_shared_local_route,global_only_control,base_0001,0,39,16410.0,module_2
entanglement_assisted_all_shared_local_route,global_only_control,base_0001,0,40,16830.0,module_1
entanglement_assisted_all_shared_local_route,global_only_control,base_0001,0,41,17250.0,module_3
entanglement_assisted_all_shared_local_route,global_only_control,base_0001,0,42,17670.0,module_4
entanglement_assisted_all_shared_local_route,global_only_control,base_0001,0,43,18090.0,module_2
entanglement_assisted_all_shared_local_route,global_only_control,base_0001,0,44,18510.0,module_1
entanglement_assisted_all_shared_local_route,global_only_control,base_0001,0,45,18930.0,module_3
entanglement_assisted_all_shared_local_route,global_only_control,base_0001,0,46,19350.0,module_2
entanglement_assisted_all_shared_local_route,global_only_control,base_0001,0,47,19770.0,module_4
entanglement_assisted_all_shared_local_route,global_only_control,base_0001,1,0,30.0,module_3
entanglement_assisted_all_shared_local_route,global_only_control,base_0001,1,1,450.0,module_4
entanglement_assisted_all_shared_local_route,global_only_control,base_0001,1,2,870.0,module_2
entanglement_assisted_all_shared_local_route,global_only_control,base_0001,1,3,1290.0,module_1
entanglement_assisted_all_shared_local_route,global_only_control,base_0001,1,4,1710.0,module_3
entanglement_assisted_all_shared_local_route,global_only_control,base_0001,1,5,2130.0,module_1
entanglement_assisted_all_shared_local_route,global_only_control,base_0001,1,6,2550.0,module_4
entanglement_assisted_all_shared_local_route,global_only_control,base_0001,1,7,2970.0,module_2
entanglement_assisted_all_shared_local_route,global_only_control,base_0001,1,8,3390.0,module_1
entanglement_assisted_all_shared_local_route,global_only_control,base_0001,1,9,3810.0,module_3
entanglement_assisted_all_shared_local_route,global_only_control,base_0001,1,10,4230.0,module_2
entanglement_assisted_all_shared_local_route,global_only_control,base_0001,1,11,4650.0,module_4
entanglement_assisted_all_shared_local_route,global_only_control,base_0001,1,12,5070.0,module_1
entanglement_assisted_all_shared_local_route,global_only_control,base_0001,1,13,5490.0,module_3
entanglement_assisted_all_shared_local_route,global_only_control,base_0001,1,14,5910.0,module_2
entanglement_assisted_all_shared_local_route,global_only_control,base_0001,1,15,6330.0,module_4
entanglement_assisted_all_shared_local_route,global_only_control,base_0001,1,16,6750.0,module_4
entanglement_assisted_all_shared_local_route,global_only_control,base_0001,1,17,7170.0,module_2
entanglement_assisted_all_shared_local_route,global_only_control,base_0001,1,18,7590.0,module_1
entanglement_assisted_all_shared_local_route,global_only_control,base_0001,1,19,8010.0,module_3
entanglement_assisted_all_shared_local_route,global_only_control,base_0001,1,20,8430.0,module_3
entanglement_assisted_all_shared_local_route,global_only_control,base_0001,1,21,8850.0,module_2
entanglement_assisted_all_shared_local_route,global_only_control,base_0001,1,22,9270.0,module_1
entanglement_assisted_all_shared_local_route,global_only_control,base_0001,1,23,9690.0,module_4
entanglement_assisted_all_shared_local_route,global_only_control,base_0001,1,24,10110.0,module_1
entanglement_assisted_all_shared_local_route,global_only_control,base_0001,1,25,10530.0,module_4
entanglement_assisted_all_shared_local_route,global_only_control,base_0001,1,26,10950.0,module_3
entanglement_assisted_all_shared_local_route,global_only_control,base_0001,1,27,11370.0,module_2
entanglement_assisted_all_shared_local_route,global_only_control,base_0001,1,28,11790.0,module_3
entanglement_assisted_all_shared_local_route,global_only_control,base_0001,1,29,12210.0,module_1
entanglement_assisted_all_shared_local_route,global_only_control,base_0001,1,30,12630.0,module_4
entanglement_assisted_all_shared_local_route,global_only_control,base_0001,1,31,13050.0,module_2
entanglement_assisted_all_shared_local_route,global_only_control,base_0001,1,32,13470.0,module_2
entanglement_assisted_all_shared_local_route,global_only_control,base_0001,1,33,13890.0,module_4
entanglement_assisted_all_shared_local_route,global_only_control,base_0001,1,34,14310.0,module_3
entanglement_assisted_all_shared_local_route,global_only_control,base_0001,1,35,14730.0,module_1
entanglement_assisted_all_shared_local_route,global_only_control,base_0001,1,36,15150.0,module_1
entanglement_assisted_all_shared_local_route,global_only_control,base_0001,1,37,15570.0,module_4
entanglement_assisted_all_shared_local_route,global_only_control,base_0001,1,38,15990.0,module_3
entanglement_assisted_all_shared_local_route,global_only_control,base_0001,1,39,16410.0,module_2
entanglement_assisted_all_shared_local_route,global_only_control,base_0001,1,40,16830.0,module_4
entanglement_assisted_all_shared_local_route,global_only_control,base_0001,1,41,17250.0,module_3
entanglement_assisted_all_shared_local_route,global_only_control,base_0001,1,42,17670.0,module_1
entanglement_assisted_all_shared_local_route,global_only_control,base_0001,1,43,18090.0,module_2
entanglement_assisted_all_shared_local_route,global_only_control,base_0001,1,44,18510.0,module_1
entanglement_assisted_all_shared_local_route,global_only_control,base_0001,1,45,18930.0,module_4
entanglement_assisted_all_shared_local_route,global_only_control,base_0001,1,46,19350.0,module_2
entanglement_assisted_all_shared_local_route,global_only_control,base_0001,1,47,19770.0,module_3
entanglement_assisted_all_shared_local_route,global_only_control,base_0002,0,0,30.0,module_2
entanglement_assisted_all_shared_local_route,global_only_control,base_0002,0,1,450.0,module_1
entanglement_assisted_all_shared_local_route,global_only_control,base_0002,0,2,870.0,module_3
entanglement_assisted_all_shared_local_route,global_only_control,base_0002,0,3,1290.0,module_4
entanglement_assisted_all_shared_local_route,global_only_control,base_0002,0,4,1710.0,module_4
entanglement_assisted_all_shared_local_route,global_only_control,base_0002,0,5,2130.0,module_2
entanglement_assisted_all_shared_local_route,global_only_control,base_0002,0,6,2550.0,module_3
entanglement_assisted_all_shared_local_route,global_only_control,base_0002,0,7,2970.0,module_1
entanglement_assisted_all_shared_local_route,global_only_control,base_0002,0,8,3390.0,module_3
entanglement_assisted_all_shared_local_route,global_only_control,base_0002,0,9,3810.0,module_4
entanglement_assisted_all_shared_local_route,global_only_control,base_0002,0,10,4230.0,module_1
entanglement_assisted_all_shared_local_route,global_only_control,base_0002,0,11,4650.0,module_2
entanglement_assisted_all_shared_local_route,global_only_control,base_0002,0,12,5070.0,module_2
entanglement_assisted_all_shared_local_route,global_only_control,base_0002,0,13,5490.0,module_1
entanglement_assisted_all_shared_local_route,global_only_control,base_0002,0,14,5910.0,module_3
entanglement_assisted_all_shared_local_route,global_only_control,base_0002,0,15,6330.0,module_4
entanglement_assisted_all_shared_local_route,global_only_control,base_0002,0,16,6750.0,module_1
entanglement_assisted_all_shared_local_route,global_only_control,base_0002,0,17,7170.0,module_3
entanglement_assisted_all_shared_local_route,global_only_control,base_0002,0,18,7590.0,module_2
entanglement_assisted_all_shared_local_route,global_only_control,base_0002,0,19,8010.0,module_4
entanglement_assisted_all_shared_local_route,global_only_control,base_0002,0,20,8430.0,module_2
entanglement_assisted_all_shared_local_route,global_only_control,base_0002,0,21,8850.0,module_4
entanglement_assisted_all_shared_local_route,global_only_control,base_0002,0,22,9270.0,module_1
entanglement_assisted_all_shared_local_route,global_only_control,base_0002,0,23,9690.0,module_3
entanglement_assisted_all_shared_local_route,global_only_control,base_0002,0,24,10110.0,module_1
entanglement_assisted_all_shared_local_route,global_only_control,base_0002,0,25,10530.0,module_4
entanglement_assisted_all_shared_local_route,global_only_control,base_0002,0,26,10950.0,module_3
entanglement_assisted_all_shared_local_route,global_only_control,base_0002,0,27,11370.0,module_2
entanglement_assisted_all_shared_local_route,global_only_control,base_0002,0,28,11790.0,module_4
entanglement_assisted_all_shared_local_route,global_only_control,base_0002,0,29,12210.0,module_3
entanglement_assisted_all_shared_local_route,global_only_control,base_0002,0,30,12630.0,module_1
entanglement_assisted_all_shared_local_route,global_only_control,base_0002,0,31,13050.0,module_2
entanglement_assisted_all_shared_local_route,global_only_control,base_0002,0,32,13470.0,module_4
entanglement_assisted_all_shared_local_route,global_only_control,base_0002,0,33,13890.0,module_1
entanglement_assisted_all_shared_local_route,global_only_control,base_0002,0,34,14310.0,module_2
entanglement_assisted_all_shared_local_route,global_only_control,base_0002,0,35,14730.0,module_3
entanglement_assisted_all_shared_local_route,global_only_control,base_0002,0,36,15150.0,module_3
entanglement_assisted_all_shared_local_route,global_only_control,base_0002,0,37,15570.0,module_1
entanglement_assisted_all_shared_local_route,global_only_control,base_0002,0,38,15990.0,module_2
entanglement_assisted_all_shared_local_route,global_only_control,base_0002,0,39,16410.0,module_4
entanglement_assisted_all_shared_local_route,global_only_control,base_0002,0,40,16830.0,module_3
entanglement_assisted_all_shared_local_route,global_only_control,base_0002,0,41,17250.0,module_4
entanglement_assisted_all_shared_local_route,global_only_control,base_0002,0,42,17670.0,module_1
entanglement_assisted_all_shared_local_route,global_only_control,base_0002,0,43,18090.0,module_2
entanglement_assisted_all_shared_local_route,global_only_control,base_0002,0,44,18510.0,module_2
entanglement_assisted_all_shared_local_route,global_only_control,base_0002,0,45,18930.0,module_3
entanglement_assisted_all_shared_local_route,global_only_control,base_0002,0,46,19350.0,module_4
entanglement_assisted_all_shared_local_route,global_only_control,base_0002,0,47,19770.0,module_1
entanglement_assisted_all_shared_local_route,global_only_control,base_0002,1,0,30.0,module_2
entanglement_assisted_all_shared_local_route,global_only_control,base_0002,1,1,450.0,module_3
entanglement_assisted_all_shared_local_route,global_only_control,base_0002,1,2,870.0,module_1
entanglement_assisted_all_shared_local_route,global_only_control,base_0002,1,3,1290.0,module_4
entanglement_assisted_all_shared_local_route,global_only_control,base_0002,1,4,1710.0,module_3
entanglement_assisted_all_shared_local_route,global_only_control,base_0002,1,5,2130.0,module_1
entanglement_assisted_all_shared_local_route,global_only_control,base_0002,1,6,2550.0,module_4
entanglement_assisted_all_shared_local_route,global_only_control,base_0002,1,7,2970.0,module_2
entanglement_assisted_all_shared_local_route,global_only_control,base_0002,1,8,3390.0,module_4
entanglement_assisted_all_shared_local_route,global_only_control,base_0002,1,9,3810.0,module_3
entanglement_assisted_all_shared_local_route,global_only_control,base_0002,1,10,4230.0,module_1
entanglement_assisted_all_shared_local_route,global_only_control,base_0002,1,11,4650.0,module_2
entanglement_assisted_all_shared_local_route,global_only_control,base_0002,1,12,5070.0,module_3
entanglement_assisted_all_shared_local_route,global_only_control,base_0002,1,13,5490.0,module_2
entanglement_assisted_all_shared_local_route,global_only_control,base_0002,1,14,5910.0,module_1
entanglement_assisted_all_shared_local_route,global_only_control,base_0002,1,15,6330.0,module_4
entanglement_assisted_all_shared_local_route,global_only_control,base_0002,1,16,6750.0,module_3
entanglement_assisted_all_shared_local_route,global_only_control,base_0002,1,17,7170.0,module_2
entanglement_assisted_all_shared_local_route,global_only_control,base_0002,1,18,7590.0,module_4
entanglement_assisted_all_shared_local_route,global_only_control,base_0002,1,19,8010.0,module_1
entanglement_assisted_all_shared_local_route,global_only_control,base_0002,1,20,8430.0,module_2
entanglement_assisted_all_shared_local_route,global_only_control,base_0002,1,21,8850.0,module_1
entanglement_assisted_all_shared_local_route,global_only_control,base_0002,1,22,9270.0,module_3
entanglement_assisted_all_shared_local_route,global_only_control,base_0002,1,23,9690.0,module_4
entanglement_assisted_all_shared_local_route,global_only_control,base_0002,1,24,10110.0,module_1
entanglement_assisted_all_shared_local_route,global_only_control,base_0002,1,25,10530.0,module_2
entanglement_assisted_all_shared_local_route,global_only_control,base_0002,1,26,10950.0,module_3
entanglement_assisted_all_shared_local_route,global_only_control,base_0002,1,27,11370.0,module_4
entanglement_assisted_all_shared_local_route,global_only_control,base_0002,1,28,11790.0,module_2
entanglement_assisted_all_shared_local_route,global_only_control,base_0002,1,29,12210.0,module_1
entanglement_assisted_all_shared_local_route,global_only_control,base_0002,1,30,12630.0,module_4
entanglement_assisted_all_shared_local_route,global_only_control,base_0002,1,31,13050.0,module_3
entanglement_assisted_all_shared_local_route,global_only_control,base_0002,1,32,13470.0,module_1
entanglement_assisted_all_shared_local_route,global_only_control,base_0002,1,33,13890.0,module_4
entanglement_assisted_all_shared_local_route,global_only_control,base_0002,1,34,14310.0,module_3
entanglement_assisted_all_shared_local_route,global_only_control,base_0002,1,35,14730.0,module_2
entanglement_assisted_all_shared_local_route,global_only_control,base_0002,1,36,15150.0,module_3
entanglement_assisted_all_shared_local_route,global_only_control,base_0002,1,37,15570.0,module_2
entanglement_assisted_all_shared_local_route,global_only_control,base_0002,1,38,15990.0,module_4
entanglement_assisted_all_shared_local_route,global_only_control,base_0002,1,39,16410.0,module_1
entanglement_assisted_all_shared_local_route,global_only_control,base_0002,1,40,16830.0,module_4
entanglement_assisted_all_shared_local_route,global_only_control,base_0002,1,41,17250.0,module_1
entanglement_assisted_all_shared_local_route,global_only_control,base_0002,1,42,17670.0,module_2
entanglement_assisted_all_shared_local_route,global_only_control,base_0002,1,43,18090.0,module_3
entanglement_assisted_all_shared_local_route,global_only_control,base_0002,1,44,18510.0,module_3
entanglement_assisted_all_shared_local_route,global_only_control,base_0002,1,45,18930.0,module_1
entanglement_assisted_all_shared_local_route,global_only_control,base_0002,1,46,19350.0,module_2
entanglement_assisted_all_shared_local_route,global_only_control,base_0002,1,47,19770.0,module_4
entanglement_assisted_all_shared_local_route,global_only_control,base_0003,0,0,30.0,module_3
entanglement_assisted_all_shared_local_route,global_only_control,base_0003,0,1,450.0,module_2
entanglement_assisted_all_shared_local_route,global_only_control,base_0003,0,2,870.0,module_4
entanglement_assisted_all_shared_local_route,global_only_control,base_0003,0,3,1290.0,module_1
entanglement_assisted_all_shared_local_route,global_only_control,base_0003,0,4,1710.0,module_4
entanglement_assisted_all_shared_local_route,global_only_control,base_0003,0,5,2130.0,module_3
entanglement_assisted_all_shared_local_route,global_only_control,base_0003,0,6,2550.0,module_2
entanglement_assisted_all_shared_local_route,global_only_control,base_0003,0,7,2970.0,module_1
entanglement_assisted_all_shared_local_route,global_only_control,base_0003,0,8,3390.0,module_1
entanglement_assisted_all_shared_local_route,global_only_control,base_0003,0,9,3810.0,module_4
entanglement_assisted_all_shared_local_route,global_only_control,base_0003,0,10,4230.0,module_3
entanglement_assisted_all_shared_local_route,global_only_control,base_0003,0,11,4650.0,module_2
entanglement_assisted_all_shared_local_route,global_only_control,base_0003,0,12,5070.0,module_2
entanglement_assisted_all_shared_local_route,global_only_control,base_0003,0,13,5490.0,module_4
entanglement_assisted_all_shared_local_route,global_only_control,base_0003,0,14,5910.0,module_1
entanglement_assisted_all_shared_local_route,global_only_control,base_0003,0,15,6330.0,module_3
entanglement_assisted_all_shared_local_route,global_only_control,base_0003,0,16,6750.0,module_2
entanglement_assisted_all_shared_local_route,global_only_control,base_0003,0,17,7170.0,module_4
entanglement_assisted_all_shared_local_route,global_only_control,base_0003,0,18,7590.0,module_3
entanglement_assisted_all_shared_local_route,global_only_control,base_0003,0,19,8010.0,module_1
entanglement_assisted_all_shared_local_route,global_only_control,base_0003,0,20,8430.0,module_4
entanglement_assisted_all_shared_local_route,global_only_control,base_0003,0,21,8850.0,module_2
entanglement_assisted_all_shared_local_route,global_only_control,base_0003,0,22,9270.0,module_3
entanglement_assisted_all_shared_local_route,global_only_control,base_0003,0,23,9690.0,module_1
entanglement_assisted_all_shared_local_route,global_only_control,base_0003,0,24,10110.0,module_4
entanglement_assisted_all_shared_local_route,global_only_control,base_0003,0,25,10530.0,module_1
entanglement_assisted_all_shared_local_route,global_only_control,base_0003,0,26,10950.0,module_2
entanglement_assisted_all_shared_local_route,global_only_control,base_0003,0,27,11370.0,module_3
entanglement_assisted_all_shared_local_route,global_only_control,base_0003,0,28,11790.0,module_1
entanglement_assisted_all_shared_local_route,global_only_control,base_0003,0,29,12210.0,module_4
entanglement_assisted_all_shared_local_route,global_only_control,base_0003,0,30,12630.0,module_3
entanglement_assisted_all_shared_local_route,global_only_control,base_0003,0,31,13050.0,module_2
entanglement_assisted_all_shared_local_route,global_only_control,base_0003,0,32,13470.0,module_4
entanglement_assisted_all_shared_local_route,global_only_control,base_0003,0,33,13890.0,module_1
entanglement_assisted_all_shared_local_route,global_only_control,base_0003,0,34,14310.0,module_3
entanglement_assisted_all_shared_local_route,global_only_control,base_0003,0,35,14730.0,module_2
entanglement_assisted_all_shared_local_route,global_only_control,base_0003,0,36,15150.0,module_1
entanglement_assisted_all_shared_local_route,global_only_control,base_0003,0,37,15570.0,module_4
entanglement_assisted_all_shared_local_route,global_only_control,base_0003,0,38,15990.0,module_2
entanglement_assisted_all_shared_local_route,global_only_control,base_0003,0,39,16410.0,module_3
entanglement_assisted_all_shared_local_route,global_only_control,base_0003,0,40,16830.0,module_3
entanglement_assisted_all_shared_local_route,global_only_control,base_0003,0,41,17250.0,module_2
entanglement_assisted_all_shared_local_route,global_only_control,base_0003,0,42,17670.0,module_4
entanglement_assisted_all_shared_local_route,global_only_control,base_0003,0,43,18090.0,module_1
entanglement_assisted_all_shared_local_route,global_only_control,base_0003,0,44,18510.0,module_1
entanglement_assisted_all_shared_local_route,global_only_control,base_0003,0,45,18930.0,module_4
entanglement_assisted_all_shared_local_route,global_only_control,base_0003,0,46,19350.0,module_3
entanglement_assisted_all_shared_local_route,global_only_control,base_0003,0,47,19770.0,module_2
entanglement_assisted_all_shared_local_route,global_only_control,base_0003,1,0,30.0,module_2
entanglement_assisted_all_shared_local_route,global_only_control,base_0003,1,1,450.0,module_4
entanglement_assisted_all_shared_local_route,global_only_control,base_0003,1,2,870.0,module_3
entanglement_assisted_all_shared_local_route,global_only_control,base_0003,1,3,1290.0,module_1
entanglement_assisted_all_shared_local_route,global_only_control,base_0003,1,4,1710.0,module_4
entanglement_assisted_all_shared_local_route,global_only_control,base_0003,1,5,2130.0,module_3
entanglement_assisted_all_shared_local_route,global_only_control,base_0003,1,6,2550.0,module_1
entanglement_assisted_all_shared_local_route,global_only_control,base_0003,1,7,2970.0,module_2
entanglement_assisted_all_shared_local_route,global_only_control,base_0003,1,8,3390.0,module_4
entanglement_assisted_all_shared_local_route,global_only_control,base_0003,1,9,3810.0,module_2
entanglement_assisted_all_shared_local_route,global_only_control,base_0003,1,10,4230.0,module_1
entanglement_assisted_all_shared_local_route,global_only_control,base_0003,1,11,4650.0,module_3
entanglement_assisted_all_shared_local_route,global_only_control,base_0003,1,12,5070.0,module_4
entanglement_assisted_all_shared_local_route,global_only_control,base_0003,1,13,5490.0,module_2
entanglement_assisted_all_shared_local_route,global_only_control,base_0003,1,14,5910.0,module_3
entanglement_assisted_all_shared_local_route,global_only_control,base_0003,1,15,6330.0,module_1
entanglement_assisted_all_shared_local_route,global_only_control,base_0003,1,16,6750.0,module_3
entanglement_assisted_all_shared_local_route,global_only_control,base_0003,1,17,7170.0,module_2
entanglement_assisted_all_shared_local_route,global_only_control,base_0003,1,18,7590.0,module_1
entanglement_assisted_all_shared_local_route,global_only_control,base_0003,1,19,8010.0,module_4
entanglement_assisted_all_shared_local_route,global_only_control,base_0003,1,20,8430.0,module_2
entanglement_assisted_all_shared_local_route,global_only_control,base_0003,1,21,8850.0,module_3
entanglement_assisted_all_shared_local_route,global_only_control,base_0003,1,22,9270.0,module_4
entanglement_assisted_all_shared_local_route,global_only_control,base_0003,1,23,9690.0,module_1
entanglement_assisted_all_shared_local_route,global_only_control,base_0003,1,24,10110.0,module_3
entanglement_assisted_all_shared_local_route,global_only_control,base_0003,1,25,10530.0,module_4
entanglement_assisted_all_shared_local_route,global_only_control,base_0003,1,26,10950.0,module_1
entanglement_assisted_all_shared_local_route,global_only_control,base_0003,1,27,11370.0,module_2
entanglement_assisted_all_shared_local_route,global_only_control,base_0003,1,28,11790.0,module_1
entanglement_assisted_all_shared_local_route,global_only_control,base_0003,1,29,12210.0,module_4
entanglement_assisted_all_shared_local_route,global_only_control,base_0003,1,30,12630.0,module_2
entanglement_assisted_all_shared_local_route,global_only_control,base_0003,1,31,13050.0,module_3
entanglement_assisted_all_shared_local_route,global_only_control,base_0003,1,32,13470.0,module_2
entanglement_assisted_all_shared_local_route,global_only_control,base_0003,1,33,13890.0,module_3
entanglement_assisted_all_shared_local_route,global_only_control,base_0003,1,34,14310.0,module_1
entanglement_assisted_all_shared_local_route,global_only_control,base_0003,1,35,14730.0,module_4
entanglement_assisted_all_shared_local_route,global_only_control,base_0003,1,36,15150.0,module_2
entanglement_assisted_all_shared_local_route,global_only_control,base_0003,1,37,15570.0,module_1
entanglement_assisted_all_shared_local_route,global_only_control,base_0003,1,38,15990.0,module_3
entanglement_assisted_all_shared_local_route,global_only_control,base_0003,1,39,16410.0,module_4
entanglement_assisted_all_shared_local_route,global_only_control,base_0003,1,40,16830.0,module_1
entanglement_assisted_all_shared_local_route,global_only_control,base_0003,1,41,17250.0,module_3
entanglement_assisted_all_shared_local_route,global_only_control,base_0003,1,42,17670.0,module_4
entanglement_assisted_all_shared_local_route,global_only_control,base_0003,1,43,18090.0,module_2
entanglement_assisted_all_shared_local_route,global_only_control,base_0003,1,44,18510.0,module_2
entanglement_assisted_all_shared_local_route,global_only_control,base_0003,1,45,18930.0,module_4
entanglement_assisted_all_shared_local_route,global_only_control,base_0003,1,46,19350.0,module_3
entanglement_assisted_all_shared_local_route,global_only_control,base_0003,1,47,19770.0,module_1
entanglement_assisted_all_shared_local_route,global_only_control,base_0004,0,0,30.0,module_2
entanglement_assisted_all_shared_local_route,global_only_control,base_0004,0,1,450.0,module_4
entanglement_assisted_all_shared_local_route,global_only_control,base_0004,0,2,870.0,module_3
entanglement_assisted_all_shared_local_route,global_only_control,base_0004,0,3,1290.0,module_1
entanglement_assisted_all_shared_local_route,global_only_control,base_0004,0,4,1710.0,module_3
entanglement_assisted_all_shared_local_route,global_only_control,base_0004,0,5,2130.0,module_2
entanglement_assisted_all_shared_local_route,global_only_control,base_0004,0,6,2550.0,module_1
entanglement_assisted_all_shared_local_route,global_only_control,base_0004,0,7,2970.0,module_4
entanglement_assisted_all_shared_local_route,global_only_control,base_0004,0,8,3390.0,module_3
entanglement_assisted_all_shared_local_route,global_only_control,base_0004,0,9,3810.0,module_2
entanglement_assisted_all_shared_local_route,global_only_control,base_0004,0,10,4230.0,module_1
entanglement_assisted_all_shared_local_route,global_only_control,base_0004,0,11,4650.0,module_4
entanglement_assisted_all_shared_local_route,global_only_control,base_0004,0,12,5070.0,module_4
entanglement_assisted_all_shared_local_route,global_only_control,base_0004,0,13,5490.0,module_3
entanglement_assisted_all_shared_local_route,global_only_control,base_0004,0,14,5910.0,module_2
entanglement_assisted_all_shared_local_route,global_only_control,base_0004,0,15,6330.0,module_1
entanglement_assisted_all_shared_local_route,global_only_control,base_0004,0,16,6750.0,module_1
entanglement_assisted_all_shared_local_route,global_only_control,base_0004,0,17,7170.0,module_3
entanglement_assisted_all_shared_local_route,global_only_control,base_0004,0,18,7590.0,module_4
entanglement_assisted_all_shared_local_route,global_only_control,base_0004,0,19,8010.0,module_2
entanglement_assisted_all_shared_local_route,global_only_control,base_0004,0,20,8430.0,module_1
entanglement_assisted_all_shared_local_route,global_only_control,base_0004,0,21,8850.0,module_4
entanglement_assisted_all_shared_local_route,global_only_control,base_0004,0,22,9270.0,module_2
entanglement_assisted_all_shared_local_route,global_only_control,base_0004,0,23,9690.0,module_3
entanglement_assisted_all_shared_local_route,global_only_control,base_0004,0,24,10110.0,module_2
entanglement_assisted_all_shared_local_route,global_only_control,base_0004,0,25,10530.0,module_1
entanglement_assisted_all_shared_local_route,global_only_control,base_0004,0,26,10950.0,module_4
entanglement_assisted_all_shared_local_route,global_only_control,base_0004,0,27,11370.0,module_3
entanglement_assisted_all_shared_local_route,global_only_control,base_0004,0,28,11790.0,module_4
entanglement_assisted_all_shared_local_route,global_only_control,base_0004,0,29,12210.0,module_1
entanglement_assisted_all_shared_local_route,global_only_control,base_0004,0,30,12630.0,module_3
entanglement_assisted_all_shared_local_route,global_only_control,base_0004,0,31,13050.0,module_2
entanglement_assisted_all_shared_local_route,global_only_control,base_0004,0,32,13470.0,module_2
entanglement_assisted_all_shared_local_route,global_only_control,base_0004,0,33,13890.0,module_3
entanglement_assisted_all_shared_local_route,global_only_control,base_0004,0,34,14310.0,module_4
entanglement_assisted_all_shared_local_route,global_only_control,base_0004,0,35,14730.0,module_1
entanglement_assisted_all_shared_local_route,global_only_control,base_0004,0,36,15150.0,module_3
entanglement_assisted_all_shared_local_route,global_only_control,base_0004,0,37,15570.0,module_4
entanglement_assisted_all_shared_local_route,global_only_control,base_0004,0,38,15990.0,module_2
entanglement_assisted_all_shared_local_route,global_only_control,base_0004,0,39,16410.0,module_1
entanglement_assisted_all_shared_local_route,global_only_control,base_0004,0,40,16830.0,module_4
entanglement_assisted_all_shared_local_route,global_only_control,base_0004,0,41,17250.0,module_2
entanglement_assisted_all_shared_local_route,global_only_control,base_0004,0,42,17670.0,module_3
entanglement_assisted_all_shared_local_route,global_only_control,base_0004,0,43,18090.0,module_1
entanglement_assisted_all_shared_local_route,global_only_control,base_0004,0,44,18510.0,module_1
entanglement_assisted_all_shared_local_route,global_only_control,base_0004,0,45,18930.0,module_2
entanglement_assisted_all_shared_local_route,global_only_control,base_0004,0,46,19350.0,module_4
entanglement_assisted_all_shared_local_route,global_only_control,base_0004,0,47,19770.0,module_3
entanglement_assisted_all_shared_local_route,global_only_control,base_0004,1,0,30.0,module_4
entanglement_assisted_all_shared_local_route,global_only_control,base_0004,1,1,450.0,module_1
entanglement_assisted_all_shared_local_route,global_only_control,base_0004,1,2,870.0,module_2
entanglement_assisted_all_shared_local_route,global_only_control,base_0004,1,3,1290.0,module_3
entanglement_assisted_all_shared_local_route,global_only_control,base_0004,1,4,1710.0,module_1
entanglement_assisted_all_shared_local_route,global_only_control,base_0004,1,5,2130.0,module_2
entanglement_assisted_all_shared_local_route,global_only_control,base_0004,1,6,2550.0,module_3
entanglement_assisted_all_shared_local_route,global_only_control,base_0004,1,7,2970.0,module_4
entanglement_assisted_all_shared_local_route,global_only_control,base_0004,1,8,3390.0,module_3
entanglement_assisted_all_shared_local_route,global_only_control,base_0004,1,9,3810.0,module_1
entanglement_assisted_all_shared_local_route,global_only_control,base_0004,1,10,4230.0,module_2
entanglement_assisted_all_shared_local_route,global_only_control,base_0004,1,11,4650.0,module_4
entanglement_assisted_all_shared_local_route,global_only_control,base_0004,1,12,5070.0,module_4
entanglement_assisted_all_shared_local_route,global_only_control,base_0004,1,13,5490.0,module_1
entanglement_assisted_all_shared_local_route,global_only_control,base_0004,1,14,5910.0,module_2
entanglement_assisted_all_shared_local_route,global_only_control,base_0004,1,15,6330.0,module_3
entanglement_assisted_all_shared_local_route,global_only_control,base_0004,1,16,6750.0,module_1
entanglement_assisted_all_shared_local_route,global_only_control,base_0004,1,17,7170.0,module_2
entanglement_assisted_all_shared_local_route,global_only_control,base_0004,1,18,7590.0,module_3
entanglement_assisted_all_shared_local_route,global_only_control,base_0004,1,19,8010.0,module_4
entanglement_assisted_all_shared_local_route,global_only_control,base_0004,1,20,8430.0,module_2
entanglement_assisted_all_shared_local_route,global_only_control,base_0004,1,21,8850.0,module_4
entanglement_assisted_all_shared_local_route,global_only_control,base_0004,1,22,9270.0,module_1
entanglement_assisted_all_shared_local_route,global_only_control,base_0004,1,23,9690.0,module_3
entanglement_assisted_all_shared_local_route,global_only_control,base_0004,1,24,10110.0,module_4
entanglement_assisted_all_shared_local_route,global_only_control,base_0004,1,25,10530.0,module_1
entanglement_assisted_all_shared_local_route,global_only_control,base_0004,1,26,10950.0,module_2
entanglement_assisted_all_shared_local_route,global_only_control,base_0004,1,27,11370.0,module_3
entanglement_assisted_all_shared_local_route,global_only_control,base_0004,1,28,11790.0,module_4
entanglement_assisted_all_shared_local_route,global_only_control,base_0004,1,29,12210.0,module_2
entanglement_assisted_all_shared_local_route,global_only_control,base_0004,1,30,12630.0,module_1
entanglement_assisted_all_shared_local_route,global_only_control,base_0004,1,31,13050.0,module_3
entanglement_assisted_all_shared_local_route,global_only_control,base_0004,1,32,13470.0,module_4
entanglement_assisted_all_shared_local_route,global_only_control,base_0004,1,33,13890.0,module_2
entanglement_assisted_all_shared_local_route,global_only_control,base_0004,1,34,14310.0,module_1
entanglement_assisted_all_shared_local_route,global_only_control,base_0004,1,35,14730.0,module_3
entanglement_assisted_all_shared_local_route,global_only_control,base_0004,1,36,15150.0,module_2
entanglement_assisted_all_shared_local_route,global_only_control,base_0004,1,37,15570.0,module_3
entanglement_assisted_all_shared_local_route,global_only_control,base_0004,1,38,15990.0,module_4
entanglement_assisted_all_shared_local_route,global_only_control,base_0004,1,39,16410.0,module_1
entanglement_assisted_all_shared_local_route,global_only_control,base_0004,1,40,16830.0,module_1
entanglement_assisted_all_shared_local_route,global_only_control,base_0004,1,41,17250.0,module_4
entanglement_assisted_all_shared_local_route,global_only_control,base_0004,1,42,17670.0,module_2
entanglement_assisted_all_shared_local_route,global_only_control,base_0004,1,43,18090.0,module_3
entanglement_assisted_all_shared_local_route,global_only_control,base_0004,1,44,18510.0,module_4
entanglement_assisted_all_shared_local_route,global_only_control,base_0004,1,45,18930.0,module_3
entanglement_assisted_all_shared_local_route,global_only_control,base_0004,1,46,19350.0,module_1
entanglement_assisted_all_shared_local_route,global_only_control,base_0004,1,47,19770.0,module_2
entanglement_assisted_all_shared_local_route,global_only_control,base_0005,0,0,30.0,module_1
entanglement_assisted_all_shared_local_route,global_only_control,base_0005,0,1,450.0,module_3
entanglement_assisted_all_shared_local_route,global_only_control,base_0005,0,2,870.0,module_4
entanglement_assisted_all_shared_local_route,global_only_control,base_0005,0,3,1290.0,module_2
entanglement_assisted_all_shared_local_route,global_only_control,base_0005,0,4,1710.0,module_1
entanglement_assisted_all_shared_local_route,global_only_control,base_0005,0,5,2130.0,module_4
entanglement_assisted_all_shared_local_route,global_only_control,base_0005,0,6,2550.0,module_3
entanglement_assisted_all_shared_local_route,global_only_control,base_0005,0,7,2970.0,module_2
entanglement_assisted_all_shared_local_route,global_only_control,base_0005,0,8,3390.0,module_4
entanglement_assisted_all_shared_local_route,global_only_control,base_0005,0,9,3810.0,module_3
entanglement_assisted_all_shared_local_route,global_only_control,base_0005,0,10,4230.0,module_2
entanglement_assisted_all_shared_local_route,global_only_control,base_0005,0,11,4650.0,module_1
entanglement_assisted_all_shared_local_route,global_only_control,base_0005,0,12,5070.0,module_4
entanglement_assisted_all_shared_local_route,global_only_control,base_0005,0,13,5490.0,module_3
entanglement_assisted_all_shared_local_route,global_only_control,base_0005,0,14,5910.0,module_1
entanglement_assisted_all_shared_local_route,global_only_control,base_0005,0,15,6330.0,module_2
entanglement_assisted_all_shared_local_route,global_only_control,base_0005,0,16,6750.0,module_1
entanglement_assisted_all_shared_local_route,global_only_control,base_0005,0,17,7170.0,module_4
entanglement_assisted_all_shared_local_route,global_only_control,base_0005,0,18,7590.0,module_3
entanglement_assisted_all_shared_local_route,global_only_control,base_0005,0,19,8010.0,module_2
entanglement_assisted_all_shared_local_route,global_only_control,base_0005,0,20,8430.0,module_2
entanglement_assisted_all_shared_local_route,global_only_control,base_0005,0,21,8850.0,module_1
entanglement_assisted_all_shared_local_route,global_only_control,base_0005,0,22,9270.0,module_4
entanglement_assisted_all_shared_local_route,global_only_control,base_0005,0,23,9690.0,module_3
entanglement_assisted_all_shared_local_route,global_only_control,base_0005,0,24,10110.0,module_3
entanglement_assisted_all_shared_local_route,global_only_control,base_0005,0,25,10530.0,module_2
entanglement_assisted_all_shared_local_route,global_only_control,base_0005,0,26,10950.0,module_4
entanglement_assisted_all_shared_local_route,global_only_control,base_0005,0,27,11370.0,module_1
entanglement_assisted_all_shared_local_route,global_only_control,base_0005,0,28,11790.0,module_3
entanglement_assisted_all_shared_local_route,global_only_control,base_0005,0,29,12210.0,module_4
entanglement_assisted_all_shared_local_route,global_only_control,base_0005,0,30,12630.0,module_1
entanglement_assisted_all_shared_local_route,global_only_control,base_0005,0,31,13050.0,module_2
entanglement_assisted_all_shared_local_route,global_only_control,base_0005,0,32,13470.0,module_1
entanglement_assisted_all_shared_local_route,global_only_control,base_0005,0,33,13890.0,module_4
entanglement_assisted_all_shared_local_route,global_only_control,base_0005,0,34,14310.0,module_3
entanglement_assisted_all_shared_local_route,global_only_control,base_0005,0,35,14730.0,module_2
entanglement_assisted_all_shared_local_route,global_only_control,base_0005,0,36,15150.0,module_1
entanglement_assisted_all_shared_local_route,global_only_control,base_0005,0,37,15570.0,module_2
entanglement_assisted_all_shared_local_route,global_only_control,base_0005,0,38,15990.0,module_3
entanglement_assisted_all_shared_local_route,global_only_control,base_0005,0,39,16410.0,module_4
entanglement_assisted_all_shared_local_route,global_only_control,base_0005,0,40,16830.0,module_3
entanglement_assisted_all_shared_local_route,global_only_control,base_0005,0,41,17250.0,module_4
entanglement_assisted_all_shared_local_route,global_only_control,base_0005,0,42,17670.0,module_2
entanglement_assisted_all_shared_local_route,global_only_control,base_0005,0,43,18090.0,module_1
entanglement_assisted_all_shared_local_route,global_only_control,base_0005,0,44,18510.0,module_1
entanglement_assisted_all_shared_local_route,global_only_control,base_0005,0,45,18930.0,module_2
entanglement_assisted_all_shared_local_route,global_only_control,base_0005,0,46,19350.0,module_4
entanglement_assisted_all_shared_local_route,global_only_control,base_0005,0,47,19770.0,module_3
entanglement_assisted_all_shared_local_route,global_only_control,base_0005,1,0,30.0,module_2
entanglement_assisted_all_shared_local_route,global_only_control,base_0005,1,1,450.0,module_4
entanglement_assisted_all_shared_local_route,global_only_control,base_0005,1,2,870.0,module_3
entanglement_assisted_all_shared_local_route,global_only_control,base_0005,1,3,1290.0,module_1
entanglement_assisted_all_shared_local_route,global_only_control,base_0005,1,4,1710.0,module_3
entanglement_assisted_all_shared_local_route,global_only_control,base_0005,1,5,2130.0,module_4
entanglement_assisted_all_shared_local_route,global_only_control,base_0005,1,6,2550.0,module_1
entanglement_assisted_all_shared_local_route,global_only_control,base_0005,1,7,2970.0,module_2
entanglement_assisted_all_shared_local_route,global_only_control,base_0005,1,8,3390.0,module_4
entanglement_assisted_all_shared_local_route,global_only_control,base_0005,1,9,3810.0,module_3
entanglement_assisted_all_shared_local_route,global_only_control,base_0005,1,10,4230.0,module_2
entanglement_assisted_all_shared_local_route,global_only_control,base_0005,1,11,4650.0,module_1
entanglement_assisted_all_shared_local_route,global_only_control,base_0005,1,12,5070.0,module_3
entanglement_assisted_all_shared_local_route,global_only_control,base_0005,1,13,5490.0,module_4
entanglement_assisted_all_shared_local_route,global_only_control,base_0005,1,14,5910.0,module_2
entanglement_assisted_all_shared_local_route,global_only_control,base_0005,1,15,6330.0,module_1
entanglement_assisted_all_shared_local_route,global_only_control,base_0005,1,16,6750.0,module_4
entanglement_assisted_all_shared_local_route,global_only_control,base_0005,1,17,7170.0,module_1
entanglement_assisted_all_shared_local_route,global_only_control,base_0005,1,18,7590.0,module_2
entanglement_assisted_all_shared_local_route,global_only_control,base_0005,1,19,8010.0,module_3
entanglement_assisted_all_shared_local_route,global_only_control,base_0005,1,20,8430.0,module_2
entanglement_assisted_all_shared_local_route,global_only_control,base_0005,1,21,8850.0,module_3
entanglement_assisted_all_shared_local_route,global_only_control,base_0005,1,22,9270.0,module_1
entanglement_assisted_all_shared_local_route,global_only_control,base_0005,1,23,9690.0,module_4
entanglement_assisted_all_shared_local_route,global_only_control,base_0005,1,24,10110.0,module_1
entanglement_assisted_all_shared_local_route,global_only_control,base_0005,1,25,10530.0,module_2
entanglement_assisted_all_shared_local_route,global_only_control,base_0005,1,26,10950.0,module_3
entanglement_assisted_all_shared_local_route,global_only_control,base_0005,1,27,11370.0,module_4
entanglement_assisted_all_shared_local_route,global_only_control,base_0005,1,28,11790.0,module_2
entanglement_assisted_all_shared_local_route,global_only_control,base_0005,1,29,12210.0,module_4
entanglement_assisted_all_shared_local_route,global_only_control,base_0005,1,30,12630.0,module_1
entanglement_assisted_all_shared_local_route,global_only_control,base_0005,1,31,13050.0,module_3
entanglement_assisted_all_shared_local_route,global_only_control,base_0005,1,32,13470.0,module_2
entanglement_assisted_all_shared_local_route,global_only_control,base_0005,1,33,13890.0,module_3
entanglement_assisted_all_shared_local_route,global_only_control,base_0005,1,34,14310.0,module_1
entanglement_assisted_all_shared_local_route,global_only_control,base_0005,1,35,14730.0,module_4
entanglement_assisted_all_shared_local_route,global_only_control,base_0005,1,36,15150.0,module_4
entanglement_assisted_all_shared_local_route,global_only_control,base_0005,1,37,15570.0,module_2
entanglement_assisted_all_shared_local_route,global_only_control,base_0005,1,38,15990.0,module_1
entanglement_assisted_all_shared_local_route,global_only_control,base_0005,1,39,16410.0,module_3
entanglement_assisted_all_shared_local_route,global_only_control,base_0005,1,40,16830.0,module_4
entanglement_assisted_all_shared_local_route,global_only_control,base_0005,1,41,17250.0,module_3
entanglement_assisted_all_shared_local_route,global_only_control,base_0005,1,42,17670.0,module_1
entanglement_assisted_all_shared_local_route,global_only_control,base_0005,1,43,18090.0,module_2
entanglement_assisted_all_shared_local_route,global_only_control,base_0005,1,44,18510.0,module_3
entanglement_assisted_all_shared_local_route,global_only_control,base_0005,1,45,18930.0,module_4
entanglement_assisted_all_shared_local_route,global_only_control,base_0005,1,46,19350.0,module_1
entanglement_assisted_all_shared_local_route,global_only_control,base_0005,1,47,19770.0,module_2
entanglement_assisted_all_shared_local_route,global_only_control,base_0006,0,0,30.0,module_4
entanglement_assisted_all_shared_local_route,global_only_control,base_0006,0,1,450.0,module_3
entanglement_assisted_all_shared_local_route,global_only_control,base_0006,0,2,870.0,module_2
entanglement_assisted_all_shared_local_route,global_only_control,base_0006,0,3,1290.0,module_1
entanglement_assisted_all_shared_local_route,global_only_control,base_0006,0,4,1710.0,module_1
entanglement_assisted_all_shared_local_route,global_only_control,base_0006,0,5,2130.0,module_4
entanglement_assisted_all_shared_local_route,global_only_control,base_0006,0,6,2550.0,module_2
entanglement_assisted_all_shared_local_route,global_only_control,base_0006,0,7,2970.0,module_3
entanglement_assisted_all_shared_local_route,global_only_control,base_0006,0,8,3390.0,module_4
entanglement_assisted_all_shared_local_route,global_only_control,base_0006,0,9,3810.0,module_2
entanglement_assisted_all_shared_local_route,global_only_control,base_0006,0,10,4230.0,module_3
entanglement_assisted_all_shared_local_route,global_only_control,base_0006,0,11,4650.0,module_1
entanglement_assisted_all_shared_local_route,global_only_control,base_0006,0,12,5070.0,module_3
entanglement_assisted_all_shared_local_route,global_only_control,base_0006,0,13,5490.0,module_4
entanglement_assisted_all_shared_local_route,global_only_control,base_0006,0,14,5910.0,module_1
entanglement_assisted_all_shared_local_route,global_only_control,base_0006,0,15,6330.0,module_2
entanglement_assisted_all_shared_local_route,global_only_control,base_0006,0,16,6750.0,module_2
entanglement_assisted_all_shared_local_route,global_only_control,base_0006,0,17,7170.0,module_3
entanglement_assisted_all_shared_local_route,global_only_control,base_0006,0,18,7590.0,module_4
entanglement_assisted_all_shared_local_route,global_only_control,base_0006,0,19,8010.0,module_1
entanglement_assisted_all_shared_local_route,global_only_control,base_0006,0,20,8430.0,module_2
entanglement_assisted_all_shared_local_route,global_only_control,base_0006,0,21,8850.0,module_1
entanglement_assisted_all_shared_local_route,global_only_control,base_0006,0,22,9270.0,module_4
entanglement_assisted_all_shared_local_route,global_only_control,base_0006,0,23,9690.0,module_3
entanglement_assisted_all_shared_local_route,global_only_control,base_0006,0,24,10110.0,module_1
entanglement_assisted_all_shared_local_route,global_only_control,base_0006,0,25,10530.0,module_4
entanglement_assisted_all_shared_local_route,global_only_control,base_0006,0,26,10950.0,module_2
entanglement_assisted_all_shared_local_route,global_only_control,base_0006,0,27,11370.0,module_3
entanglement_assisted_all_shared_local_route,global_only_control,base_0006,0,28,11790.0,module_3
entanglement_assisted_all_shared_local_route,global_only_control,base_0006,0,29,12210.0,module_4
entanglement_assisted_all_shared_local_route,global_only_control,base_0006,0,30,12630.0,module_2
entanglement_assisted_all_shared_local_route,global_only_control,base_0006,0,31,13050.0,module_1
entanglement_assisted_all_shared_local_route,global_only_control,base_0006,0,32,13470.0,module_2
entanglement_assisted_all_shared_local_route,global_only_control,base_0006,0,33,13890.0,module_4
entanglement_assisted_all_shared_local_route,global_only_control,base_0006,0,34,14310.0,module_1
entanglement_assisted_all_shared_local_route,global_only_control,base_0006,0,35,14730.0,module_3
entanglement_assisted_all_shared_local_route,global_only_control,base_0006,0,36,15150.0,module_3
entanglement_assisted_all_shared_local_route,global_only_control,base_0006,0,37,15570.0,module_2
entanglement_assisted_all_shared_local_route,global_only_control,base_0006,0,38,15990.0,module_4
entanglement_assisted_all_shared_local_route,global_only_control,base_0006,0,39,16410.0,module_1
entanglement_assisted_all_shared_local_route,global_only_control,base_0006,0,40,16830.0,module_3
entanglement_assisted_all_shared_local_route,global_only_control,base_0006,0,41,17250.0,module_1
entanglement_assisted_all_shared_local_route,global_only_control,base_0006,0,42,17670.0,module_2
entanglement_assisted_all_shared_local_route,global_only_control,base_0006,0,43,18090.0,module_4
entanglement_assisted_all_shared_local_route,global_only_control,base_0006,0,44,18510.0,module_3
entanglement_assisted_all_shared_local_route,global_only_control,base_0006,0,45,18930.0,module_1
entanglement_assisted_all_shared_local_route,global_only_control,base_0006,0,46,19350.0,module_2
entanglement_assisted_all_shared_local_route,global_only_control,base_0006,0,47,19770.0,module_4
entanglement_assisted_all_shared_local_route,global_only_control,base_0006,1,0,30.0,module_1
entanglement_assisted_all_shared_local_route,global_only_control,base_0006,1,1,450.0,module_3
entanglement_assisted_all_shared_local_route,global_only_control,base_0006,1,2,870.0,module_4
entanglement_assisted_all_shared_local_route,global_only_control,base_0006,1,3,1290.0,module_2
entanglement_assisted_all_shared_local_route,global_only_control,base_0006,1,4,1710.0,module_4
entanglement_assisted_all_shared_local_route,global_only_control,base_0006,1,5,2130.0,module_1
entanglement_assisted_all_shared_local_route,global_only_control,base_0006,1,6,2550.0,module_3
entanglement_assisted_all_shared_local_route,global_only_control,base_0006,1,7,2970.0,module_2
entanglement_assisted_all_shared_local_route,global_only_control,base_0006,1,8,3390.0,module_1
entanglement_assisted_all_shared_local_route,global_only_control,base_0006,1,9,3810.0,module_2
entanglement_assisted_all_shared_local_route,global_only_control,base_0006,1,10,4230.0,module_3
entanglement_assisted_all_shared_local_route,global_only_control,base_0006,1,11,4650.0,module_4
entanglement_assisted_all_shared_local_route,global_only_control,base_0006,1,12,5070.0,module_3
entanglement_assisted_all_shared_local_route,global_only_control,base_0006,1,13,5490.0,module_2
entanglement_assisted_all_shared_local_route,global_only_control,base_0006,1,14,5910.0,module_1
entanglement_assisted_all_shared_local_route,global_only_control,base_0006,1,15,6330.0,module_4
entanglement_assisted_all_shared_local_route,global_only_control,base_0006,1,16,6750.0,module_1
entanglement_assisted_all_shared_local_route,global_only_control,base_0006,1,17,7170.0,module_4
entanglement_assisted_all_shared_local_route,global_only_control,base_0006,1,18,7590.0,module_2
entanglement_assisted_all_shared_local_route,global_only_control,base_0006,1,19,8010.0,module_3
entanglement_assisted_all_shared_local_route,global_only_control,base_0006,1,20,8430.0,module_3
entanglement_assisted_all_shared_local_route,global_only_control,base_0006,1,21,8850.0,module_2
entanglement_assisted_all_shared_local_route,global_only_control,base_0006,1,22,9270.0,module_1
entanglement_assisted_all_shared_local_route,global_only_control,base_0006,1,23,9690.0,module_4
entanglement_assisted_all_shared_local_route,global_only_control,base_0006,1,24,10110.0,module_4
entanglement_assisted_all_shared_local_route,global_only_control,base_0006,1,25,10530.0,module_3
entanglement_assisted_all_shared_local_route,global_only_control,base_0006,1,26,10950.0,module_2
entanglement_assisted_all_shared_local_route,global_only_control,base_0006,1,27,11370.0,module_1
entanglement_assisted_all_shared_local_route,global_only_control,base_0006,1,28,11790.0,module_1
entanglement_assisted_all_shared_local_route,global_only_control,base_0006,1,29,12210.0,module_4
entanglement_assisted_all_shared_local_route,global_only_control,base_0006,1,30,12630.0,module_3
entanglement_assisted_all_shared_local_route,global_only_control,base_0006,1,31,13050.0,module_2
entanglement_assisted_all_shared_local_route,global_only_control,base_0006,1,32,13470.0,module_4
entanglement_assisted_all_shared_local_route,global_only_control,base_0006,1,33,13890.0,module_1
entanglement_assisted_all_shared_local_route,global_only_control,base_0006,1,34,14310.0,module_3
entanglement_assisted_all_shared_local_route,global_only_control,base_0006,1,35,14730.0,module_2
entanglement_assisted_all_shared_local_route,global_only_control,base_0006,1,36,15150.0,module_2
entanglement_assisted_all_shared_local_route,global_only_control,base_0006,1,37,15570.0,module_3
entanglement_assisted_all_shared_local_route,global_only_control,base_0006,1,38,15990.0,module_1
entanglement_assisted_all_shared_local_route,global_only_control,base_0006,1,39,16410.0,module_4
entanglement_assisted_all_shared_local_route,global_only_control,base_0006,1,40,16830.0,module_3
entanglement_assisted_all_shared_local_route,global_only_control,base_0006,1,41,17250.0,module_4
entanglement_assisted_all_shared_local_route,global_only_control,base_0006,1,42,17670.0,module_1
entanglement_assisted_all_shared_local_route,global_only_control,base_0006,1,43,18090.0,module_2
entanglement_assisted_all_shared_local_route,global_only_control,base_0006,1,44,18510.0,module_1
entanglement_assisted_all_shared_local_route,global_only_control,base_0006,1,45,18930.0,module_4
entanglement_assisted_all_shared_local_route,global_only_control,base_0006,1,46,19350.0,module_2
entanglement_assisted_all_shared_local_route,global_only_control,base_0006,1,47,19770.0,module_3
entanglement_assisted_all_shared_local_route,global_only_control,base_0007,0,0,30.0,module_1
entanglement_assisted_all_shared_local_route,global_only_control,base_0007,0,1,450.0,module_2
entanglement_assisted_all_shared_local_route,global_only_control,base_0007,0,2,870.0,module_4
entanglement_assisted_all_shared_local_route,global_only_control,base_0007,0,3,1290.0,module_3
entanglement_assisted_all_shared_local_route,global_only_control,base_0007,0,4,1710.0,module_1
entanglement_assisted_all_shared_local_route,global_only_control,base_0007,0,5,2130.0,module_2
entanglement_assisted_all_shared_local_route,global_only_control,base_0007,0,6,2550.0,module_4
entanglement_assisted_all_shared_local_route,global_only_control,base_0007,0,7,2970.0,module_3
entanglement_assisted_all_shared_local_route,global_only_control,base_0007,0,8,3390.0,module_4
entanglement_assisted_all_shared_local_route,global_only_control,base_0007,0,9,3810.0,module_3
entanglement_assisted_all_shared_local_route,global_only_control,base_0007,0,10,4230.0,module_1
entanglement_assisted_all_shared_local_route,global_only_control,base_0007,0,11,4650.0,module_2
entanglement_assisted_all_shared_local_route,global_only_control,base_0007,0,12,5070.0,module_1
entanglement_assisted_all_shared_local_route,global_only_control,base_0007,0,13,5490.0,module_3
entanglement_assisted_all_shared_local_route,global_only_control,base_0007,0,14,5910.0,module_4
entanglement_assisted_all_shared_local_route,global_only_control,base_0007,0,15,6330.0,module_2
entanglement_assisted_all_shared_local_route,global_only_control,base_0007,0,16,6750.0,module_2
entanglement_assisted_all_shared_local_route,global_only_control,base_0007,0,17,7170.0,module_4
entanglement_assisted_all_shared_local_route,global_only_control,base_0007,0,18,7590.0,module_3
entanglement_assisted_all_shared_local_route,global_only_control,base_0007,0,19,8010.0,module_1
entanglement_assisted_all_shared_local_route,global_only_control,base_0007,0,20,8430.0,module_1
entanglement_assisted_all_shared_local_route,global_only_control,base_0007,0,21,8850.0,module_4
entanglement_assisted_all_shared_local_route,global_only_control,base_0007,0,22,9270.0,module_2
entanglement_assisted_all_shared_local_route,global_only_control,base_0007,0,23,9690.0,module_3
entanglement_assisted_all_shared_local_route,global_only_control,base_0007,0,24,10110.0,module_4
entanglement_assisted_all_shared_local_route,global_only_control,base_0007,0,25,10530.0,module_2
entanglement_assisted_all_shared_local_route,global_only_control,base_0007,0,26,10950.0,module_3
entanglement_assisted_all_shared_local_route,global_only_control,base_0007,0,27,11370.0,module_1
entanglement_assisted_all_shared_local_route,global_only_control,base_0007,0,28,11790.0,module_2
entanglement_assisted_all_shared_local_route,global_only_control,base_0007,0,29,12210.0,module_4
entanglement_assisted_all_shared_local_route,global_only_control,base_0007,0,30,12630.0,module_3
entanglement_assisted_all_shared_local_route,global_only_control,base_0007,0,31,13050.0,module_1
entanglement_assisted_all_shared_local_route,global_only_control,base_0007,0,32,13470.0,module_3
entanglement_assisted_all_shared_local_route,global_only_control,base_0007,0,33,13890.0,module_2
entanglement_assisted_all_shared_local_route,global_only_control,base_0007,0,34,14310.0,module_4
entanglement_assisted_all_shared_local_route,global_only_control,base_0007,0,35,14730.0,module_1
entanglement_assisted_all_shared_local_route,global_only_control,base_0007,0,36,15150.0,module_2
entanglement_assisted_all_shared_local_route,global_only_control,base_0007,0,37,15570.0,module_3
entanglement_assisted_all_shared_local_route,global_only_control,base_0007,0,38,15990.0,module_4
entanglement_assisted_all_shared_local_route,global_only_control,base_0007,0,39,16410.0,module_1
entanglement_assisted_all_shared_local_route,global_only_control,base_0007,0,40,16830.0,module_4
entanglement_assisted_all_shared_local_route,global_only_control,base_0007,0,41,17250.0,module_3
entanglement_assisted_all_shared_local_route,global_only_control,base_0007,0,42,17670.0,module_2
entanglement_assisted_all_shared_local_route,global_only_control,base_0007,0,43,18090.0,module_1
entanglement_assisted_all_shared_local_route,global_only_control,base_0007,0,44,18510.0,module_4
entanglement_assisted_all_shared_local_route,global_only_control,base_0007,0,45,18930.0,module_2
entanglement_assisted_all_shared_local_route,global_only_control,base_0007,0,46,19350.0,module_1
entanglement_assisted_all_shared_local_route,global_only_control,base_0007,0,47,19770.0,module_3
entanglement_assisted_all_shared_local_route,global_only_control,base_0007,1,0,30.0,module_3
entanglement_assisted_all_shared_local_route,global_only_control,base_0007,1,1,450.0,module_4
entanglement_assisted_all_shared_local_route,global_only_control,base_0007,1,2,870.0,module_1
entanglement_assisted_all_shared_local_route,global_only_control,base_0007,1,3,1290.0,module_2
entanglement_assisted_all_shared_local_route,global_only_control,base_0007,1,4,1710.0,module_4
entanglement_assisted_all_shared_local_route,global_only_control,base_0007,1,5,2130.0,module_1
entanglement_assisted_all_shared_local_route,global_only_control,base_0007,1,6,2550.0,module_3
entanglement_assisted_all_shared_local_route,global_only_control,base_0007,1,7,2970.0,module_2
entanglement_assisted_all_shared_local_route,global_only_control,base_0007,1,8,3390.0,module_2
entanglement_assisted_all_shared_local_route,global_only_control,base_0007,1,9,3810.0,module_3
entanglement_assisted_all_shared_local_route,global_only_control,base_0007,1,10,4230.0,module_4
entanglement_assisted_all_shared_local_route,global_only_control,base_0007,1,11,4650.0,module_1
entanglement_assisted_all_shared_local_route,global_only_control,base_0007,1,12,5070.0,module_4
entanglement_assisted_all_shared_local_route,global_only_control,base_0007,1,13,5490.0,module_1
entanglement_assisted_all_shared_local_route,global_only_control,base_0007,1,14,5910.0,module_2
entanglement_assisted_all_shared_local_route,global_only_control,base_0007,1,15,6330.0,module_3
entanglement_assisted_all_shared_local_route,global_only_control,base_0007,1,16,6750.0,module_3
entanglement_assisted_all_shared_local_route,global_only_control,base_0007,1,17,7170.0,module_2
entanglement_assisted_all_shared_local_route,global_only_control,base_0007,1,18,7590.0,module_4
entanglement_assisted_all_shared_local_route,global_only_control,base_0007,1,19,8010.0,module_1
entanglement_assisted_all_shared_local_route,global_only_control,base_0007,1,20,8430.0,module_4
entanglement_assisted_all_shared_local_route,global_only_control,base_0007,1,21,8850.0,module_2
entanglement_assisted_all_shared_local_route,global_only_control,base_0007,1,22,9270.0,module_3
entanglement_assisted_all_shared_local_route,global_only_control,base_0007,1,23,9690.0,module_1
entanglement_assisted_all_shared_local_route,global_only_control,base_0007,1,24,10110.0,module_4
entanglement_assisted_all_shared_local_route,global_only_control,base_0007,1,25,10530.0,module_1
entanglement_assisted_all_shared_local_route,global_only_control,base_0007,1,26,10950.0,module_3
entanglement_assisted_all_shared_local_route,global_only_control,base_0007,1,27,11370.0,module_2
entanglement_assisted_all_shared_local_route,global_only_control,base_0007,1,28,11790.0,module_4
entanglement_assisted_all_shared_local_route,global_only_control,base_0007,1,29,12210.0,module_2
entanglement_assisted_all_shared_local_route,global_only_control,base_0007,1,30,12630.0,module_3
entanglement_assisted_all_shared_local_route,global_only_control,base_0007,1,31,13050.0,module_1
entanglement_assisted_all_shared_local_route,global_only_control,base_0007,1,32,13470.0,module_4
entanglement_assisted_all_shared_local_route,global_only_control,base_0007,1,33,13890.0,module_3
entanglement_assisted_all_shared_local_route,global_only_control,base_0007,1,34,14310.0,module_1
entanglement_assisted_all_shared_local_route,global_only_control,base_0007,1,35,14730.0,module_2
entanglement_assisted_all_shared_local_route,global_only_control,base_0007,1,36,15150.0,module_1
entanglement_assisted_all_shared_local_route,global_only_control,base_0007,1,37,15570.0,module_3
entanglement_assisted_all_shared_local_route,global_only_control,base_0007,1,38,15990.0,module_2
entanglement_assisted_all_shared_local_route,global_only_control,base_0007,1,39,16410.0,module_4
entanglement_assisted_all_shared_local_route,global_only_control,base_0007,1,40,16830.0,module_3
entanglement_assisted_all_shared_local_route,global_only_control,base_0007,1,41,17250.0,module_2
entanglement_assisted_all_shared_local_route,global_only_control,base_0007,1,42,17670.0,module_1
entanglement_assisted_all_shared_local_route,global_only_control,base_0007,1,43,18090.0,module_4
entanglement_assisted_all_shared_local_route,global_only_control,base_0007,1,44,18510.0,module_3
entanglement_assisted_all_shared_local_route,global_only_control,base_0007,1,45,18930.0,module_4
entanglement_assisted_all_shared_local_route,global_only_control,base_0007,1,46,19350.0,module_1
entanglement_assisted_all_shared_local_route,global_only_control,base_0007,1,47,19770.0,module_2
entanglement_assisted_all_shared_local_route,global_only_control,base_0008,0,0,30.0,module_4
entanglement_assisted_all_shared_local_route,global_only_control,base_0008,0,1,450.0,module_3
entanglement_assisted_all_shared_local_route,global_only_control,base_0008,0,2,870.0,module_2
entanglement_assisted_all_shared_local_route,global_only_control,base_0008,0,3,1290.0,module_1
entanglement_assisted_all_shared_local_route,global_only_control,base_0008,0,4,1710.0,module_4
entanglement_assisted_all_shared_local_route,global_only_control,base_0008,0,5,2130.0,module_2
entanglement_assisted_all_shared_local_route,global_only_control,base_0008,0,6,2550.0,module_3
entanglement_assisted_all_shared_local_route,global_only_control,base_0008,0,7,2970.0,module_1
entanglement_assisted_all_shared_local_route,global_only_control,base_0008,0,8,3390.0,module_2
entanglement_assisted_all_shared_local_route,global_only_control,base_0008,0,9,3810.0,module_3
entanglement_assisted_all_shared_local_route,global_only_control,base_0008,0,10,4230.0,module_4
entanglement_assisted_all_shared_local_route,global_only_control,base_0008,0,11,4650.0,module_1
entanglement_assisted_all_shared_local_route,global_only_control,base_0008,0,12,5070.0,module_3
entanglement_assisted_all_shared_local_route,global_only_control,base_0008,0,13,5490.0,module_1
entanglement_assisted_all_shared_local_route,global_only_control,base_0008,0,14,5910.0,module_4
entanglement_assisted_all_shared_local_route,global_only_control,base_0008,0,15,6330.0,module_2
entanglement_assisted_all_shared_local_route,global_only_control,base_0008,0,16,6750.0,module_1
entanglement_assisted_all_shared_local_route,global_only_control,base_0008,0,17,7170.0,module_2
entanglement_assisted_all_shared_local_route,global_only_control,base_0008,0,18,7590.0,module_4
entanglement_assisted_all_shared_local_route,global_only_control,base_0008,0,19,8010.0,module_3
entanglement_assisted_all_shared_local_route,global_only_control,base_0008,0,20,8430.0,module_3
entanglement_assisted_all_shared_local_route,global_only_control,base_0008,0,21,8850.0,module_1
entanglement_assisted_all_shared_local_route,global_only_control,base_0008,0,22,9270.0,module_4
entanglement_assisted_all_shared_local_route,global_only_control,base_0008,0,23,9690.0,module_2
entanglement_assisted_all_shared_local_route,global_only_control,base_0008,0,24,10110.0,module_3
entanglement_assisted_all_shared_local_route,global_only_control,base_0008,0,25,10530.0,module_2
entanglement_assisted_all_shared_local_route,global_only_control,base_0008,0,26,10950.0,module_1
entanglement_assisted_all_shared_local_route,global_only_control,base_0008,0,27,11370.0,module_4
entanglement_assisted_all_shared_local_route,global_only_control,base_0008,0,28,11790.0,module_1
entanglement_assisted_all_shared_local_route,global_only_control,base_0008,0,29,12210.0,module_4
entanglement_assisted_all_shared_local_route,global_only_control,base_0008,0,30,12630.0,module_2
entanglement_assisted_all_shared_local_route,global_only_control,base_0008,0,31,13050.0,module_3
entanglement_assisted_all_shared_local_route,global_only_control,base_0008,0,32,13470.0,module_4
entanglement_assisted_all_shared_local_route,global_only_control,base_0008,0,33,13890.0,module_3
entanglement_assisted_all_shared_local_route,global_only_control,base_0008,0,34,14310.0,module_1
entanglement_assisted_all_shared_local_route,global_only_control,base_0008,0,35,14730.0,module_2
entanglement_assisted_all_shared_local_route,global_only_control,base_0008,0,36,15150.0,module_1
entanglement_assisted_all_shared_local_route,global_only_control,base_0008,0,37,15570.0,module_3
entanglement_assisted_all_shared_local_route,global_only_control,base_0008,0,38,15990.0,module_4
entanglement_assisted_all_shared_local_route,global_only_control,base_0008,0,39,16410.0,module_2
entanglement_assisted_all_shared_local_route,global_only_control,base_0008,0,40,16830.0,module_3
entanglement_assisted_all_shared_local_route,global_only_control,base_0008,0,41,17250.0,module_4
entanglement_assisted_all_shared_local_route,global_only_control,base_0008,0,42,17670.0,module_1
entanglement_assisted_all_shared_local_route,global_only_control,base_0008,0,43,18090.0,module_2
entanglement_assisted_all_shared_local_route,global_only_control,base_0008,0,44,18510.0,module_2
entanglement_assisted_all_shared_local_route,global_only_control,base_0008,0,45,18930.0,module_4
entanglement_assisted_all_shared_local_route,global_only_control,base_0008,0,46,19350.0,module_3
entanglement_assisted_all_shared_local_route,global_only_control,base_0008,0,47,19770.0,module_1
entanglement_assisted_all_shared_local_route,global_only_control,base_0008,1,0,30.0,module_1
entanglement_assisted_all_shared_local_route,global_only_control,base_0008,1,1,450.0,module_2
entanglement_assisted_all_shared_local_route,global_only_control,base_0008,1,2,870.0,module_3
entanglement_assisted_all_shared_local_route,global_only_control,base_0008,1,3,1290.0,module_4
entanglement_assisted_all_shared_local_route,global_only_control,base_0008,1,4,1710.0,module_1
entanglement_assisted_all_shared_local_route,global_only_control,base_0008,1,5,2130.0,module_2
entanglement_assisted_all_shared_local_route,global_only_control,base_0008,1,6,2550.0,module_3
entanglement_assisted_all_shared_local_route,global_only_control,base_0008,1,7,2970.0,module_4
entanglement_assisted_all_shared_local_route,global_only_control,base_0008,1,8,3390.0,module_1
entanglement_assisted_all_shared_local_route,global_only_control,base_0008,1,9,3810.0,module_2
entanglement_assisted_all_shared_local_route,global_only_control,base_0008,1,10,4230.0,module_4
entanglement_assisted_all_shared_local_route,global_only_control,base_0008,1,11,4650.0,module_3
entanglement_assisted_all_shared_local_route,global_only_control,base_0008,1,12,5070.0,module_2
entanglement_assisted_all_shared_local_route,global_only_control,base_0008,1,13,5490.0,module_1
entanglement_assisted_all_shared_local_route,global_only_control,base_0008,1,14,5910.0,module_4
entanglement_assisted_all_shared_local_route,global_only_control,base_0008,1,15,6330.0,module_3
entanglement_assisted_all_shared_local_route,global_only_control,base_0008,1,16,6750.0,module_4
entanglement_assisted_all_shared_local_route,global_only_control,base_0008,1,17,7170.0,module_3
entanglement_assisted_all_shared_local_route,global_only_control,base_0008,1,18,7590.0,module_1
entanglement_assisted_all_shared_local_route,global_only_control,base_0008,1,19,8010.0,module_2
entanglement_assisted_all_shared_local_route,global_only_control,base_0008,1,20,8430.0,module_1
entanglement_assisted_all_shared_local_route,global_only_control,base_0008,1,21,8850.0,module_3
entanglement_assisted_all_shared_local_route,global_only_control,base_0008,1,22,9270.0,module_2
entanglement_assisted_all_shared_local_route,global_only_control,base_0008,1,23,9690.0,module_4
entanglement_assisted_all_shared_local_route,global_only_control,base_0008,1,24,10110.0,module_1
entanglement_assisted_all_shared_local_route,global_only_control,base_0008,1,25,10530.0,module_2
entanglement_assisted_all_shared_local_route,global_only_control,base_0008,1,26,10950.0,module_4
entanglement_assisted_all_shared_local_route,global_only_control,base_0008,1,27,11370.0,module_3
entanglement_assisted_all_shared_local_route,global_only_control,base_0008,1,28,11790.0,module_3
entanglement_assisted_all_shared_local_route,global_only_control,base_0008,1,29,12210.0,module_4
entanglement_assisted_all_shared_local_route,global_only_control,base_0008,1,30,12630.0,module_2
entanglement_assisted_all_shared_local_route,global_only_control,base_0008,1,31,13050.0,module_1
entanglement_assisted_all_shared_local_route,global_only_control,base_0008,1,32,13470.0,module_1
entanglement_assisted_all_shared_local_route,global_only_control,base_0008,1,33,13890.0,module_3
entanglement_assisted_all_shared_local_route,global_only_control,base_0008,1,34,14310.0,module_4
entanglement_assisted_all_shared_local_route,global_only_control,base_0008,1,35,14730.0,module_2
entanglement_assisted_all_shared_local_route,global_only_control,base_0008,1,36,15150.0,module_2
entanglement_assisted_all_shared_local_route,global_only_control,base_0008,1,37,15570.0,module_3
entanglement_assisted_all_shared_local_route,global_only_control,base_0008,1,38,15990.0,module_1
entanglement_assisted_all_shared_local_route,global_only_control,base_0008,1,39,16410.0,module_4
entanglement_assisted_all_shared_local_route,global_only_control,base_0008,1,40,16830.0,module_3
entanglement_assisted_all_shared_local_route,global_only_control,base_0008,1,41,17250.0,module_2
entanglement_assisted_all_shared_local_route,global_only_control,base_0008,1,42,17670.0,module_4
entanglement_assisted_all_shared_local_route,global_only_control,base_0008,1,43,18090.0,module_1
entanglement_assisted_all_shared_local_route,global_only_control,base_0008,1,44,18510.0,module_3
entanglement_assisted_all_shared_local_route,global_only_control,base_0008,1,45,18930.0,module_2
entanglement_assisted_all_shared_local_route,global_only_control,base_0008,1,46,19350.0,module_4
entanglement_assisted_all_shared_local_route,global_only_control,base_0008,1,47,19770.0,module_1
entanglement_assisted_all_shared_local_route,global_only_control,base_0009,0,0,30.0,module_2
entanglement_assisted_all_shared_local_route,global_only_control,base_0009,0,1,450.0,module_3
entanglement_assisted_all_shared_local_route,global_only_control,base_0009,0,2,870.0,module_1
entanglement_assisted_all_shared_local_route,global_only_control,base_0009,0,3,1290.0,module_4
entanglement_assisted_all_shared_local_route,global_only_control,base_0009,0,4,1710.0,module_2
entanglement_assisted_all_shared_local_route,global_only_control,base_0009,0,5,2130.0,module_4
entanglement_assisted_all_shared_local_route,global_only_control,base_0009,0,6,2550.0,module_3
entanglement_assisted_all_shared_local_route,global_only_control,base_0009,0,7,2970.0,module_1
entanglement_assisted_all_shared_local_route,global_only_control,base_0009,0,8,3390.0,module_3
entanglement_assisted_all_shared_local_route,global_only_control,base_0009,0,9,3810.0,module_1
entanglement_assisted_all_shared_local_route,global_only_control,base_0009,0,10,4230.0,module_4
entanglement_assisted_all_shared_local_route,global_only_control,base_0009,0,11,4650.0,module_2
entanglement_assisted_all_shared_local_route,global_only_control,base_0009,0,12,5070.0,module_2
entanglement_assisted_all_shared_local_route,global_only_control,base_0009,0,13,5490.0,module_1
entanglement_assisted_all_shared_local_route,global_only_control,base_0009,0,14,5910.0,module_3
entanglement_assisted_all_shared_local_route,global_only_control,base_0009,0,15,6330.0,module_4
entanglement_assisted_all_shared_local_route,global_only_control,base_0009,0,16,6750.0,module_3
entanglement_assisted_all_shared_local_route,global_only_control,base_0009,0,17,7170.0,module_2
entanglement_assisted_all_shared_local_route,global_only_control,base_0009,0,18,7590.0,module_1
entanglement_assisted_all_shared_local_route,global_only_control,base_0009,0,19,8010.0,module_4
entanglement_assisted_all_shared_local_route,global_only_control,base_0009,0,20,8430.0,module_4
entanglement_assisted_all_shared_local_route,global_only_control,base_0009,0,21,8850.0,module_1
entanglement_assisted_all_shared_local_route,global_only_control,base_0009,0,22,9270.0,module_2
entanglement_assisted_all_shared_local_route,global_only_control,base_0009,0,23,9690.0,module_3
entanglement_assisted_all_shared_local_route,global_only_control,base_0009,0,24,10110.0,module_4
entanglement_assisted_all_shared_local_route,global_only_control,base_0009,0,25,10530.0,module_3
entanglement_assisted_all_shared_local_route,global_only_control,base_0009,0,26,10950.0,module_2
entanglement_assisted_all_shared_local_route,global_only_control,base_0009,0,27,11370.0,module_1
entanglement_assisted_all_shared_local_route,global_only_control,base_0009,0,28,11790.0,module_4
entanglement_assisted_all_shared_local_route,global_only_control,base_0009,0,29,12210.0,module_2
entanglement_assisted_all_shared_local_route,global_only_control,base_0009,0,30,12630.0,module_1
entanglement_assisted_all_shared_local_route,global_only_control,base_0009,0,31,13050.0,module_3
entanglement_assisted_all_shared_local_route,global_only_control,base_0009,0,32,13470.0,module_1
entanglement_assisted_all_shared_local_route,global_only_control,base_0009,0,33,13890.0,module_4
entanglement_assisted_all_shared_local_route,global_only_control,base_0009,0,34,14310.0,module_3
entanglement_assisted_all_shared_local_route,global_only_control,base_0009,0,35,14730.0,module_2
entanglement_assisted_all_shared_local_route,global_only_control,base_0009,0,36,15150.0,module_2
entanglement_assisted_all_shared_local_route,global_only_control,base_0009,0,37,15570.0,module_1
entanglement_assisted_all_shared_local_route,global_only_control,base_0009,0,38,15990.0,module_4
entanglement_assisted_all_shared_local_route,global_only_control,base_0009,0,39,16410.0,module_3
entanglement_assisted_all_shared_local_route,global_only_control,base_0009,0,40,16830.0,module_1
entanglement_assisted_all_shared_local_route,global_only_control,base_0009,0,41,17250.0,module_2
entanglement_assisted_all_shared_local_route,global_only_control,base_0009,0,42,17670.0,module_4
entanglement_assisted_all_shared_local_route,global_only_control,base_0009,0,43,18090.0,module_3
entanglement_assisted_all_shared_local_route,global_only_control,base_0009,0,44,18510.0,module_3
entanglement_assisted_all_shared_local_route,global_only_control,base_0009,0,45,18930.0,module_2
entanglement_assisted_all_shared_local_route,global_only_control,base_0009,0,46,19350.0,module_4
entanglement_assisted_all_shared_local_route,global_only_control,base_0009,0,47,19770.0,module_1
entanglement_assisted_all_shared_local_route,global_only_control,base_0009,1,0,30.0,module_4
entanglement_assisted_all_shared_local_route,global_only_control,base_0009,1,1,450.0,module_3
entanglement_assisted_all_shared_local_route,global_only_control,base_0009,1,2,870.0,module_2
entanglement_assisted_all_shared_local_route,global_only_control,base_0009,1,3,1290.0,module_1
entanglement_assisted_all_shared_local_route,global_only_control,base_0009,1,4,1710.0,module_1
entanglement_assisted_all_shared_local_route,global_only_control,base_0009,1,5,2130.0,module_3
entanglement_assisted_all_shared_local_route,global_only_control,base_0009,1,6,2550.0,module_4
entanglement_assisted_all_shared_local_route,global_only_control,base_0009,1,7,2970.0,module_2
entanglement_assisted_all_shared_local_route,global_only_control,base_0009,1,8,3390.0,module_4
entanglement_assisted_all_shared_local_route,global_only_control,base_0009,1,9,3810.0,module_1
entanglement_assisted_all_shared_local_route,global_only_control,base_0009,1,10,4230.0,module_2
entanglement_assisted_all_shared_local_route,global_only_control,base_0009,1,11,4650.0,module_3
entanglement_assisted_all_shared_local_route,global_only_control,base_0009,1,12,5070.0,module_1
entanglement_assisted_all_shared_local_route,global_only_control,base_0009,1,13,5490.0,module_4
entanglement_assisted_all_shared_local_route,global_only_control,base_0009,1,14,5910.0,module_2
entanglement_assisted_all_shared_local_route,global_only_control,base_0009,1,15,6330.0,module_3
entanglement_assisted_all_shared_local_route,global_only_control,base_0009,1,16,6750.0,module_1
entanglement_assisted_all_shared_local_route,global_only_control,base_0009,1,17,7170.0,module_2
entanglement_assisted_all_shared_local_route,global_only_control,base_0009,1,18,7590.0,module_3
entanglement_assisted_all_shared_local_route,global_only_control,base_0009,1,19,8010.0,module_4
entanglement_assisted_all_shared_local_route,global_only_control,base_0009,1,20,8430.0,module_2
entanglement_assisted_all_shared_local_route,global_only_control,base_0009,1,21,8850.0,module_1
entanglement_assisted_all_shared_local_route,global_only_control,base_0009,1,22,9270.0,module_4
entanglement_assisted_all_shared_local_route,global_only_control,base_0009,1,23,9690.0,module_3
entanglement_assisted_all_shared_local_route,global_only_control,base_0009,1,24,10110.0,module_4
entanglement_assisted_all_shared_local_route,global_only_control,base_0009,1,25,10530.0,module_2
entanglement_assisted_all_shared_local_route,global_only_control,base_0009,1,26,10950.0,module_3
entanglement_assisted_all_shared_local_route,global_only_control,base_0009,1,27,11370.0,module_1
entanglement_assisted_all_shared_local_route,global_only_control,base_0009,1,28,11790.0,module_3
entanglement_assisted_all_shared_local_route,global_only_control,base_0009,1,29,12210.0,module_1
entanglement_assisted_all_shared_local_route,global_only_control,base_0009,1,30,12630.0,module_2
entanglement_assisted_all_shared_local_route,global_only_control,base_0009,1,31,13050.0,module_4
entanglement_assisted_all_shared_local_route,global_only_control,base_0009,1,32,13470.0,module_1
entanglement_assisted_all_shared_local_route,global_only_control,base_0009,1,33,13890.0,module_2
entanglement_assisted_all_shared_local_route,global_only_control,base_0009,1,34,14310.0,module_4
entanglement_assisted_all_shared_local_route,global_only_control,base_0009,1,35,14730.0,module_3
entanglement_assisted_all_shared_local_route,global_only_control,base_0009,1,36,15150.0,module_3
entanglement_assisted_all_shared_local_route,global_only_control,base_0009,1,37,15570.0,module_1
entanglement_assisted_all_shared_local_route,global_only_control,base_0009,1,38,15990.0,module_2
entanglement_assisted_all_shared_local_route,global_only_control,base_0009,1,39,16410.0,module_4
entanglement_assisted_all_shared_local_route,global_only_control,base_0009,1,40,16830.0,module_3
entanglement_assisted_all_shared_local_route,global_only_control,base_0009,1,41,17250.0,module_4
entanglement_assisted_all_shared_local_route,global_only_control,base_0009,1,42,17670.0,module_1
entanglement_assisted_all_shared_local_route,global_only_control,base_0009,1,43,18090.0,module_2
entanglement_assisted_all_shared_local_route,global_only_control,base_0009,1,44,18510.0,module_3
entanglement_assisted_all_shared_local_route,global_only_control,base_0009,1,45,18930.0,module_4
entanglement_assisted_all_shared_local_route,global_only_control,base_0009,1,46,19350.0,module_2
entanglement_assisted_all_shared_local_route,global_only_control,base_0009,1,47,19770.0,module_1
entanglement_assisted_all_shared_local_route,global_only_control,base_0010,0,0,30.0,module_4
entanglement_assisted_all_shared_local_route,global_only_control,base_0010,0,1,450.0,module_1
entanglement_assisted_all_shared_local_route,global_only_control,base_0010,0,2,870.0,module_3
entanglement_assisted_all_shared_local_route,global_only_control,base_0010,0,3,1290.0,module_2
entanglement_assisted_all_shared_local_route,global_only_control,base_0010,0,4,1710.0,module_4
entanglement_assisted_all_shared_local_route,global_only_control,base_0010,0,5,2130.0,module_1
entanglement_assisted_all_shared_local_route,global_only_control,base_0010,0,6,2550.0,module_3
entanglement_assisted_all_shared_local_route,global_only_control,base_0010,0,7,2970.0,module_2
entanglement_assisted_all_shared_local_route,global_only_control,base_0010,0,8,3390.0,module_1
entanglement_assisted_all_shared_local_route,global_only_control,base_0010,0,9,3810.0,module_4
entanglement_assisted_all_shared_local_route,global_only_control,base_0010,0,10,4230.0,module_2
entanglement_assisted_all_shared_local_route,global_only_control,base_0010,0,11,4650.0,module_3
entanglement_assisted_all_shared_local_route,global_only_control,base_0010,0,12,5070.0,module_3
entanglement_assisted_all_shared_local_route,global_only_control,base_0010,0,13,5490.0,module_2
entanglement_assisted_all_shared_local_route,global_only_control,base_0010,0,14,5910.0,module_4
entanglement_assisted_all_shared_local_route,global_only_control,base_0010,0,15,6330.0,module_1
entanglement_assisted_all_shared_local_route,global_only_control,base_0010,0,16,6750.0,module_2
entanglement_assisted_all_shared_local_route,global_only_control,base_0010,0,17,7170.0,module_1
entanglement_assisted_all_shared_local_route,global_only_control,base_0010,0,18,7590.0,module_4
entanglement_assisted_all_shared_local_route,global_only_control,base_0010,0,19,8010.0,module_3
entanglement_assisted_all_shared_local_route,global_only_control,base_0010,0,20,8430.0,module_2
entanglement_assisted_all_shared_local_route,global_only_control,base_0010,0,21,8850.0,module_1
entanglement_assisted_all_shared_local_route,global_only_control,base_0010,0,22,9270.0,module_3
entanglement_assisted_all_shared_local_route,global_only_control,base_0010,0,23,9690.0,module_4
entanglement_assisted_all_shared_local_route,global_only_control,base_0010,0,24,10110.0,module_2
entanglement_assisted_all_shared_local_route,global_only_control,base_0010,0,25,10530.0,module_1
entanglement_assisted_all_shared_local_route,global_only_control,base_0010,0,26,10950.0,module_4
entanglement_assisted_all_shared_local_route,global_only_control,base_0010,0,27,11370.0,module_3
entanglement_assisted_all_shared_local_route,global_only_control,base_0010,0,28,11790.0,module_3
entanglement_assisted_all_shared_local_route,global_only_control,base_0010,0,29,12210.0,module_4
entanglement_assisted_all_shared_local_route,global_only_control,base_0010,0,30,12630.0,module_1
entanglement_assisted_all_shared_local_route,global_only_control,base_0010,0,31,13050.0,module_2
entanglement_assisted_all_shared_local_route,global_only_control,base_0010,0,32,13470.0,module_1
entanglement_assisted_all_shared_local_route,global_only_control,base_0010,0,33,13890.0,module_4
entanglement_assisted_all_shared_local_route,global_only_control,base_0010,0,34,14310.0,module_3
entanglement_assisted_all_shared_local_route,global_only_control,base_0010,0,35,14730.0,module_2
entanglement_assisted_all_shared_local_route,global_only_control,base_0010,0,36,15150.0,module_3
entanglement_assisted_all_shared_local_route,global_only_control,base_0010,0,37,15570.0,module_1
entanglement_assisted_all_shared_local_route,global_only_control,base_0010,0,38,15990.0,module_2
entanglement_assisted_all_shared_local_route,global_only_control,base_0010,0,39,16410.0,module_4
entanglement_assisted_all_shared_local_route,global_only_control,base_0010,0,40,16830.0,module_3
entanglement_assisted_all_shared_local_route,global_only_control,base_0010,0,41,17250.0,module_2
entanglement_assisted_all_shared_local_route,global_only_control,base_0010,0,42,17670.0,module_4
entanglement_assisted_all_shared_local_route,global_only_control,base_0010,0,43,18090.0,module_1
entanglement_assisted_all_shared_local_route,global_only_control,base_0010,0,44,18510.0,module_3
entanglement_assisted_all_shared_local_route,global_only_control,base_0010,0,45,18930.0,module_2
entanglement_assisted_all_shared_local_route,global_only_control,base_0010,0,46,19350.0,module_1
entanglement_assisted_all_shared_local_route,global_only_control,base_0010,0,47,19770.0,module_4
entanglement_assisted_all_shared_local_route,global_only_control,base_0010,1,0,30.0,module_1
entanglement_assisted_all_shared_local_route,global_only_control,base_0010,1,1,450.0,module_2
entanglement_assisted_all_shared_local_route,global_only_control,base_0010,1,2,870.0,module_4
entanglement_assisted_all_shared_local_route,global_only_control,base_0010,1,3,1290.0,module_3
entanglement_assisted_all_shared_local_route,global_only_control,base_0010,1,4,1710.0,module_1
entanglement_assisted_all_shared_local_route,global_only_control,base_0010,1,5,2130.0,module_3
entanglement_assisted_all_shared_local_route,global_only_control,base_0010,1,6,2550.0,module_2
entanglement_assisted_all_shared_local_route,global_only_control,base_0010,1,7,2970.0,module_4
entanglement_assisted_all_shared_local_route,global_only_control,base_0010,1,8,3390.0,module_2
entanglement_assisted_all_shared_local_route,global_only_control,base_0010,1,9,3810.0,module_3
entanglement_assisted_all_shared_local_route,global_only_control,base_0010,1,10,4230.0,module_1
entanglement_assisted_all_shared_local_route,global_only_control,base_0010,1,11,4650.0,module_4
entanglement_assisted_all_shared_local_route,global_only_control,base_0010,1,12,5070.0,module_2
entanglement_assisted_all_shared_local_route,global_only_control,base_0010,1,13,5490.0,module_3
entanglement_assisted_all_shared_local_route,global_only_control,base_0010,1,14,5910.0,module_1
entanglement_assisted_all_shared_local_route,global_only_control,base_0010,1,15,6330.0,module_4
entanglement_assisted_all_shared_local_route,global_only_control,base_0010,1,16,6750.0,module_2
entanglement_assisted_all_shared_local_route,global_only_control,base_0010,1,17,7170.0,module_1
entanglement_assisted_all_shared_local_route,global_only_control,base_0010,1,18,7590.0,module_4
entanglement_assisted_all_shared_local_route,global_only_control,base_0010,1,19,8010.0,module_3
entanglement_assisted_all_shared_local_route,global_only_control,base_0010,1,20,8430.0,module_1
entanglement_assisted_all_shared_local_route,global_only_control,base_0010,1,21,8850.0,module_4
entanglement_assisted_all_shared_local_route,global_only_control,base_0010,1,22,9270.0,module_3
entanglement_assisted_all_shared_local_route,global_only_control,base_0010,1,23,9690.0,module_2
entanglement_assisted_all_shared_local_route,global_only_control,base_0010,1,24,10110.0,module_2
entanglement_assisted_all_shared_local_route,global_only_control,base_0010,1,25,10530.0,module_1
entanglement_assisted_all_shared_local_route,global_only_control,base_0010,1,26,10950.0,module_4
entanglement_assisted_all_shared_local_route,global_only_control,base_0010,1,27,11370.0,module_3
entanglement_assisted_all_shared_local_route,global_only_control,base_0010,1,28,11790.0,module_1
entanglement_assisted_all_shared_local_route,global_only_control,base_0010,1,29,12210.0,module_4
entanglement_assisted_all_shared_local_route,global_only_control,base_0010,1,30,12630.0,module_3
entanglement_assisted_all_shared_local_route,global_only_control,base_0010,1,31,13050.0,module_2
entanglement_assisted_all_shared_local_route,global_only_control,base_0010,1,32,13470.0,module_1
entanglement_assisted_all_shared_local_route,global_only_control,base_0010,1,33,13890.0,module_2
entanglement_assisted_all_shared_local_route,global_only_control,base_0010,1,34,14310.0,module_3
entanglement_assisted_all_shared_local_route,global_only_control,base_0010,1,35,14730.0,module_4
entanglement_assisted_all_shared_local_route,global_only_control,base_0010,1,36,15150.0,module_3
entanglement_assisted_all_shared_local_route,global_only_control,base_0010,1,37,15570.0,module_1
entanglement_assisted_all_shared_local_route,global_only_control,base_0010,1,38,15990.0,module_2
entanglement_assisted_all_shared_local_route,global_only_control,base_0010,1,39,16410.0,module_4
entanglement_assisted_all_shared_local_route,global_only_control,base_0010,1,40,16830.0,module_2
entanglement_assisted_all_shared_local_route,global_only_control,base_0010,1,41,17250.0,module_4
entanglement_assisted_all_shared_local_route,global_only_control,base_0010,1,42,17670.0,module_3
entanglement_assisted_all_shared_local_route,global_only_control,base_0010,1,43,18090.0,module_1
entanglement_assisted_all_shared_local_route,global_only_control,base_0010,1,44,18510.0,module_3
entanglement_assisted_all_shared_local_route,global_only_control,base_0010,1,45,18930.0,module_2
entanglement_assisted_all_shared_local_route,global_only_control,base_0010,1,46,19350.0,module_1
entanglement_assisted_all_shared_local_route,global_only_control,base_0010,1,47,19770.0,module_4
entanglement_assisted_all_shared_local_route,global_only_control,base_0011,0,0,30.0,module_3
entanglement_assisted_all_shared_local_route,global_only_control,base_0011,0,1,450.0,module_4
entanglement_assisted_all_shared_local_route,global_only_control,base_0011,0,2,870.0,module_2
entanglement_assisted_all_shared_local_route,global_only_control,base_0011,0,3,1290.0,module_1
entanglement_assisted_all_shared_local_route,global_only_control,base_0011,0,4,1710.0,module_4
entanglement_assisted_all_shared_local_route,global_only_control,base_0011,0,5,2130.0,module_2
entanglement_assisted_all_shared_local_route,global_only_control,base_0011,0,6,2550.0,module_1
entanglement_assisted_all_shared_local_route,global_only_control,base_0011,0,7,2970.0,module_3
entanglement_assisted_all_shared_local_route,global_only_control,base_0011,0,8,3390.0,module_1
entanglement_assisted_all_shared_local_route,global_only_control,base_0011,0,9,3810.0,module_4
entanglement_assisted_all_shared_local_route,global_only_control,base_0011,0,10,4230.0,module_3
entanglement_assisted_all_shared_local_route,global_only_control,base_0011,0,11,4650.0,module_2
entanglement_assisted_all_shared_local_route,global_only_control,base_0011,0,12,5070.0,module_1
entanglement_assisted_all_shared_local_route,global_only_control,base_0011,0,13,5490.0,module_2
entanglement_assisted_all_shared_local_route,global_only_control,base_0011,0,14,5910.0,module_4
entanglement_assisted_all_shared_local_route,global_only_control,base_0011,0,15,6330.0,module_3
entanglement_assisted_all_shared_local_route,global_only_control,base_0011,0,16,6750.0,module_3
entanglement_assisted_all_shared_local_route,global_only_control,base_0011,0,17,7170.0,module_1
entanglement_assisted_all_shared_local_route,global_only_control,base_0011,0,18,7590.0,module_2
entanglement_assisted_all_shared_local_route,global_only_control,base_0011,0,19,8010.0,module_4
entanglement_assisted_all_shared_local_route,global_only_control,base_0011,0,20,8430.0,module_3
entanglement_assisted_all_shared_local_route,global_only_control,base_0011,0,21,8850.0,module_2
entanglement_assisted_all_shared_local_route,global_only_control,base_0011,0,22,9270.0,module_4
entanglement_assisted_all_shared_local_route,global_only_control,base_0011,0,23,9690.0,module_1
entanglement_assisted_all_shared_local_route,global_only_control,base_0011,0,24,10110.0,module_1
entanglement_assisted_all_shared_local_route,global_only_control,base_0011,0,25,10530.0,module_4
entanglement_assisted_all_shared_local_route,global_only_control,base_0011,0,26,10950.0,module_2
entanglement_assisted_all_shared_local_route,global_only_control,base_0011,0,27,11370.0,module_3
entanglement_assisted_all_shared_local_route,global_only_control,base_0011,0,28,11790.0,module_2
entanglement_assisted_all_shared_local_route,global_only_control,base_0011,0,29,12210.0,module_3
entanglement_assisted_all_shared_local_route,global_only_control,base_0011,0,30,12630.0,module_4
entanglement_assisted_all_shared_local_route,global_only_control,base_0011,0,31,13050.0,module_1
entanglement_assisted_all_shared_local_route,global_only_control,base_0011,0,32,13470.0,module_2
entanglement_assisted_all_shared_local_route,global_only_control,base_0011,0,33,13890.0,module_4
entanglement_assisted_all_shared_local_route,global_only_control,base_0011,0,34,14310.0,module_3
entanglement_assisted_all_shared_local_route,global_only_control,base_0011,0,35,14730.0,module_1
entanglement_assisted_all_shared_local_route,global_only_control,base_0011,0,36,15150.0,module_1
entanglement_assisted_all_shared_local_route,global_only_control,base_0011,0,37,15570.0,module_3
entanglement_assisted_all_shared_local_route,global_only_control,base_0011,0,38,15990.0,module_4
entanglement_assisted_all_shared_local_route,global_only_control,base_0011,0,39,16410.0,module_2
entanglement_assisted_all_shared_local_route,global_only_control,base_0011,0,40,16830.0,module_2
entanglement_assisted_all_shared_local_route,global_only_control,base_0011,0,41,17250.0,module_3
entanglement_assisted_all_shared_local_route,global_only_control,base_0011,0,42,17670.0,module_1
entanglement_assisted_all_shared_local_route,global_only_control,base_0011,0,43,18090.0,module_4
entanglement_assisted_all_shared_local_route,global_only_control,base_0011,0,44,18510.0,module_1
entanglement_assisted_all_shared_local_route,global_only_control,base_0011,0,45,18930.0,module_4
entanglement_assisted_all_shared_local_route,global_only_control,base_0011,0,46,19350.0,module_2
entanglement_assisted_all_shared_local_route,global_only_control,base_0011,0,47,19770.0,module_3
entanglement_assisted_all_shared_local_route,global_only_control,base_0011,1,0,30.0,module_2
entanglement_assisted_all_shared_local_route,global_only_control,base_0011,1,1,450.0,module_3
entanglement_assisted_all_shared_local_route,global_only_control,base_0011,1,2,870.0,module_4
entanglement_assisted_all_shared_local_route,global_only_control,base_0011,1,3,1290.0,module_1
entanglement_assisted_all_shared_local_route,global_only_control,base_0011,1,4,1710.0,module_3
entanglement_assisted_all_shared_local_route,global_only_control,base_0011,1,5,2130.0,module_4
entanglement_assisted_all_shared_local_route,global_only_control,base_0011,1,6,2550.0,module_1
entanglement_assisted_all_shared_local_route,global_only_control,base_0011,1,7,2970.0,module_2
entanglement_assisted_all_shared_local_route,global_only_control,base_0011,1,8,3390.0,module_4
entanglement_assisted_all_shared_local_route,global_only_control,base_0011,1,9,3810.0,module_3
entanglement_assisted_all_shared_local_route,global_only_control,base_0011,1,10,4230.0,module_1
entanglement_assisted_all_shared_local_route,global_only_control,base_0011,1,11,4650.0,module_2
entanglement_assisted_all_shared_local_route,global_only_control,base_0011,1,12,5070.0,module_3
entanglement_assisted_all_shared_local_route,global_only_control,base_0011,1,13,5490.0,module_4
entanglement_assisted_all_shared_local_route,global_only_control,base_0011,1,14,5910.0,module_2
entanglement_assisted_all_shared_local_route,global_only_control,base_0011,1,15,6330.0,module_1
entanglement_assisted_all_shared_local_route,global_only_control,base_0011,1,16,6750.0,module_2
entanglement_assisted_all_shared_local_route,global_only_control,base_0011,1,17,7170.0,module_4
entanglement_assisted_all_shared_local_route,global_only_control,base_0011,1,18,7590.0,module_1
entanglement_assisted_all_shared_local_route,global_only_control,base_0011,1,19,8010.0,module_3
entanglement_assisted_all_shared_local_route,global_only_control,base_0011,1,20,8430.0,module_3
entanglement_assisted_all_shared_local_route,global_only_control,base_0011,1,21,8850.0,module_1
entanglement_assisted_all_shared_local_route,global_only_control,base_0011,1,22,9270.0,module_2
entanglement_assisted_all_shared_local_route,global_only_control,base_0011,1,23,9690.0,module_4
entanglement_assisted_all_shared_local_route,global_only_control,base_0011,1,24,10110.0,module_1
entanglement_assisted_all_shared_local_route,global_only_control,base_0011,1,25,10530.0,module_2
entanglement_assisted_all_shared_local_route,global_only_control,base_0011,1,26,10950.0,module_4
entanglement_assisted_all_shared_local_route,global_only_control,base_0011,1,27,11370.0,module_3
entanglement_assisted_all_shared_local_route,global_only_control,base_0011,1,28,11790.0,module_3
entanglement_assisted_all_shared_local_route,global_only_control,base_0011,1,29,12210.0,module_1
entanglement_assisted_all_shared_local_route,global_only_control,base_0011,1,30,12630.0,module_2
entanglement_assisted_all_shared_local_route,global_only_control,base_0011,1,31,13050.0,module_4
entanglement_assisted_all_shared_local_route,global_only_control,base_0011,1,32,13470.0,module_3
entanglement_assisted_all_shared_local_route,global_only_control,base_0011,1,33,13890.0,module_2
entanglement_assisted_all_shared_local_route,global_only_control,base_0011,1,34,14310.0,module_4
entanglement_assisted_all_shared_local_route,global_only_control,base_0011,1,35,14730.0,module_1
entanglement_assisted_all_shared_local_route,global_only_control,base_0011,1,36,15150.0,module_2
entanglement_assisted_all_shared_local_route,global_only_control,base_0011,1,37,15570.0,module_3
entanglement_assisted_all_shared_local_route,global_only_control,base_0011,1,38,15990.0,module_4
entanglement_assisted_all_shared_local_route,global_only_control,base_0011,1,39,16410.0,module_1
entanglement_assisted_all_shared_local_route,global_only_control,base_0011,1,40,16830.0,module_2
entanglement_assisted_all_shared_local_route,global_only_control,base_0011,1,41,17250.0,module_1
entanglement_assisted_all_shared_local_route,global_only_control,base_0011,1,42,17670.0,module_4
entanglement_assisted_all_shared_local_route,global_only_control,base_0011,1,43,18090.0,module_3
entanglement_assisted_all_shared_local_route,global_only_control,base_0011,1,44,18510.0,module_2
entanglement_assisted_all_shared_local_route,global_only_control,base_0011,1,45,18930.0,module_1
entanglement_assisted_all_shared_local_route,global_only_control,base_0011,1,46,19350.0,module_4
entanglement_assisted_all_shared_local_route,global_only_control,base_0011,1,47,19770.0,module_3
entanglement_assisted_all_shared_local_route,global_only_control,base_0012,0,0,30.0,module_2
entanglement_assisted_all_shared_local_route,global_only_control,base_0012,0,1,450.0,module_3
entanglement_assisted_all_shared_local_route,global_only_control,base_0012,0,2,870.0,module_4
entanglement_assisted_all_shared_local_route,global_only_control,base_0012,0,3,1290.0,module_1
entanglement_assisted_all_shared_local_route,global_only_control,base_0012,0,4,1710.0,module_1
entanglement_assisted_all_shared_local_route,global_only_control,base_0012,0,5,2130.0,module_2
entanglement_assisted_all_shared_local_route,global_only_control,base_0012,0,6,2550.0,module_3
entanglement_assisted_all_shared_local_route,global_only_control,base_0012,0,7,2970.0,module_4
entanglement_assisted_all_shared_local_route,global_only_control,base_0012,0,8,3390.0,module_1
entanglement_assisted_all_shared_local_route,global_only_control,base_0012,0,9,3810.0,module_4
entanglement_assisted_all_shared_local_route,global_only_control,base_0012,0,10,4230.0,module_2
entanglement_assisted_all_shared_local_route,global_only_control,base_0012,0,11,4650.0,module_3
entanglement_assisted_all_shared_local_route,global_only_control,base_0012,0,12,5070.0,module_1
entanglement_assisted_all_shared_local_route,global_only_control,base_0012,0,13,5490.0,module_3
entanglement_assisted_all_shared_local_route,global_only_control,base_0012,0,14,5910.0,module_2
entanglement_assisted_all_shared_local_route,global_only_control,base_0012,0,15,6330.0,module_4
entanglement_assisted_all_shared_local_route,global_only_control,base_0012,0,16,6750.0,module_4
entanglement_assisted_all_shared_local_route,global_only_control,base_0012,0,17,7170.0,module_3
entanglement_assisted_all_shared_local_route,global_only_control,base_0012,0,18,7590.0,module_1
entanglement_assisted_all_shared_local_route,global_only_control,base_0012,0,19,8010.0,module_2
entanglement_assisted_all_shared_local_route,global_only_control,base_0012,0,20,8430.0,module_1
entanglement_assisted_all_shared_local_route,global_only_control,base_0012,0,21,8850.0,module_3
entanglement_assisted_all_shared_local_route,global_only_control,base_0012,0,22,9270.0,module_2
entanglement_assisted_all_shared_local_route,global_only_control,base_0012,0,23,9690.0,module_4
entanglement_assisted_all_shared_local_route,global_only_control,base_0012,0,24,10110.0,module_3
entanglement_assisted_all_shared_local_route,global_only_control,base_0012,0,25,10530.0,module_4
entanglement_assisted_all_shared_local_route,global_only_control,base_0012,0,26,10950.0,module_2
entanglement_assisted_all_shared_local_route,global_only_control,base_0012,0,27,11370.0,module_1
entanglement_assisted_all_shared_local_route,global_only_control,base_0012,0,28,11790.0,module_4
entanglement_assisted_all_shared_local_route,global_only_control,base_0012,0,29,12210.0,module_3
entanglement_assisted_all_shared_local_route,global_only_control,base_0012,0,30,12630.0,module_1
entanglement_assisted_all_shared_local_route,global_only_control,base_0012,0,31,13050.0,module_2
entanglement_assisted_all_shared_local_route,global_only_control,base_0012,0,32,13470.0,module_2
entanglement_assisted_all_shared_local_route,global_only_control,base_0012,0,33,13890.0,module_4
entanglement_assisted_all_shared_local_route,global_only_control,base_0012,0,34,14310.0,module_1
entanglement_assisted_all_shared_local_route,global_only_control,base_0012,0,35,14730.0,module_3
entanglement_assisted_all_shared_local_route,global_only_control,base_0012,0,36,15150.0,module_2
entanglement_assisted_all_shared_local_route,global_only_control,base_0012,0,37,15570.0,module_3
entanglement_assisted_all_shared_local_route,global_only_control,base_0012,0,38,15990.0,module_4
entanglement_assisted_all_shared_local_route,global_only_control,base_0012,0,39,16410.0,module_1
entanglement_assisted_all_shared_local_route,global_only_control,base_0012,0,40,16830.0,module_3
entanglement_assisted_all_shared_local_route,global_only_control,base_0012,0,41,17250.0,module_2
entanglement_assisted_all_shared_local_route,global_only_control,base_0012,0,42,17670.0,module_1
entanglement_assisted_all_shared_local_route,global_only_control,base_0012,0,43,18090.0,module_4
entanglement_assisted_all_shared_local_route,global_only_control,base_0012,0,44,18510.0,module_2
entanglement_assisted_all_shared_local_route,global_only_control,base_0012,0,45,18930.0,module_4
entanglement_assisted_all_shared_local_route,global_only_control,base_0012,0,46,19350.0,module_3
entanglement_assisted_all_shared_local_route,global_only_control,base_0012,0,47,19770.0,module_1
entanglement_assisted_all_shared_local_route,global_only_control,base_0012,1,0,30.0,module_3
entanglement_assisted_all_shared_local_route,global_only_control,base_0012,1,1,450.0,module_1
entanglement_assisted_all_shared_local_route,global_only_control,base_0012,1,2,870.0,module_4
entanglement_assisted_all_shared_local_route,global_only_control,base_0012,1,3,1290.0,module_2
entanglement_assisted_all_shared_local_route,global_only_control,base_0012,1,4,1710.0,module_1
entanglement_assisted_all_shared_local_route,global_only_control,base_0012,1,5,2130.0,module_2
entanglement_assisted_all_shared_local_route,global_only_control,base_0012,1,6,2550.0,module_4
entanglement_assisted_all_shared_local_route,global_only_control,base_0012,1,7,2970.0,module_3
entanglement_assisted_all_shared_local_route,global_only_control,base_0012,1,8,3390.0,module_3
entanglement_assisted_all_shared_local_route,global_only_control,base_0012,1,9,3810.0,module_2
entanglement_assisted_all_shared_local_route,global_only_control,base_0012,1,10,4230.0,module_1
entanglement_assisted_all_shared_local_route,global_only_control,base_0012,1,11,4650.0,module_4
entanglement_assisted_all_shared_local_route,global_only_control,base_0012,1,12,5070.0,module_4
entanglement_assisted_all_shared_local_route,global_only_control,base_0012,1,13,5490.0,module_1
entanglement_assisted_all_shared_local_route,global_only_control,base_0012,1,14,5910.0,module_3
entanglement_assisted_all_shared_local_route,global_only_control,base_0012,1,15,6330.0,module_2
entanglement_assisted_all_shared_local_route,global_only_control,base_0012,1,16,6750.0,module_3
entanglement_assisted_all_shared_local_route,global_only_control,base_0012,1,17,7170.0,module_2
entanglement_assisted_all_shared_local_route,global_only_control,base_0012,1,18,7590.0,module_1
entanglement_assisted_all_shared_local_route,global_only_control,base_0012,1,19,8010.0,module_4
entanglement_assisted_all_shared_local_route,global_only_control,base_0012,1,20,8430.0,module_3
entanglement_assisted_all_shared_local_route,global_only_control,base_0012,1,21,8850.0,module_2
entanglement_assisted_all_shared_local_route,global_only_control,base_0012,1,22,9270.0,module_4
entanglement_assisted_all_shared_local_route,global_only_control,base_0012,1,23,9690.0,module_1
entanglement_assisted_all_shared_local_route,global_only_control,base_0012,1,24,10110.0,module_2
entanglement_assisted_all_shared_local_route,global_only_control,base_0012,1,25,10530.0,module_4
entanglement_assisted_all_shared_local_route,global_only_control,base_0012,1,26,10950.0,module_3
entanglement_assisted_all_shared_local_route,global_only_control,base_0012,1,27,11370.0,module_1
entanglement_assisted_all_shared_local_route,global_only_control,base_0012,1,28,11790.0,module_3
entanglement_assisted_all_shared_local_route,global_only_control,base_0012,1,29,12210.0,module_4
entanglement_assisted_all_shared_local_route,global_only_control,base_0012,1,30,12630.0,module_2
entanglement_assisted_all_shared_local_route,global_only_control,base_0012,1,31,13050.0,module_1
entanglement_assisted_all_shared_local_route,global_only_control,base_0012,1,32,13470.0,module_1
entanglement_assisted_all_shared_local_route,global_only_control,base_0012,1,33,13890.0,module_3
entanglement_assisted_all_shared_local_route,global_only_control,base_0012,1,34,14310.0,module_4
entanglement_assisted_all_shared_local_route,global_only_control,base_0012,1,35,14730.0,module_2
entanglement_assisted_all_shared_local_route,global_only_control,base_0012,1,36,15150.0,module_1
entanglement_assisted_all_shared_local_route,global_only_control,base_0012,1,37,15570.0,module_3
entanglement_assisted_all_shared_local_route,global_only_control,base_0012,1,38,15990.0,module_4
entanglement_assisted_all_shared_local_route,global_only_control,base_0012,1,39,16410.0,module_2
entanglement_assisted_all_shared_local_route,global_only_control,base_0012,1,40,16830.0,module_2
entanglement_assisted_all_shared_local_route,global_only_control,base_0012,1,41,17250.0,module_4
entanglement_assisted_all_shared_local_route,global_only_control,base_0012,1,42,17670.0,module_1
entanglement_assisted_all_shared_local_route,global_only_control,base_0012,1,43,18090.0,module_3
entanglement_assisted_all_shared_local_route,global_only_control,base_0012,1,44,18510.0,module_1
entanglement_assisted_all_shared_local_route,global_only_control,base_0012,1,45,18930.0,module_2
entanglement_assisted_all_shared_local_route,global_only_control,base_0012,1,46,19350.0,module_4
entanglement_assisted_all_shared_local_route,global_only_control,base_0012,1,47,19770.0,module_3
entanglement_assisted_all_shared_local_route,global_only_control,base_0013,0,0,30.0,module_3
entanglement_assisted_all_shared_local_route,global_only_control,base_0013,0,1,450.0,module_1
entanglement_assisted_all_shared_local_route,global_only_control,base_0013,0,2,870.0,module_2
entanglement_assisted_all_shared_local_route,global_only_control,base_0013,0,3,1290.0,module_4
entanglement_assisted_all_shared_local_route,global_only_control,base_0013,0,4,1710.0,module_1
entanglement_assisted_all_shared_local_route,global_only_control,base_0013,0,5,2130.0,module_4
entanglement_assisted_all_shared_local_route,global_only_control,base_0013,0,6,2550.0,module_2
entanglement_assisted_all_shared_local_route,global_only_control,base_0013,0,7,2970.0,module_3
entanglement_assisted_all_shared_local_route,global_only_control,base_0013,0,8,3390.0,module_3
entanglement_assisted_all_shared_local_route,global_only_control,base_0013,0,9,3810.0,module_2
entanglement_assisted_all_shared_local_route,global_only_control,base_0013,0,10,4230.0,module_1
entanglement_assisted_all_shared_local_route,global_only_control,base_0013,0,11,4650.0,module_4
entanglement_assisted_all_shared_local_route,global_only_control,base_0013,0,12,5070.0,module_3
entanglement_assisted_all_shared_local_route,global_only_control,base_0013,0,13,5490.0,module_1
entanglement_assisted_all_shared_local_route,global_only_control,base_0013,0,14,5910.0,module_4
entanglement_assisted_all_shared_local_route,global_only_control,base_0013,0,15,6330.0,module_2
entanglement_assisted_all_shared_local_route,global_only_control,base_0013,0,16,6750.0,module_1
entanglement_assisted_all_shared_local_route,global_only_control,base_0013,0,17,7170.0,module_2
entanglement_assisted_all_shared_local_route,global_only_control,base_0013,0,18,7590.0,module_3
entanglement_assisted_all_shared_local_route,global_only_control,base_0013,0,19,8010.0,module_4
entanglement_assisted_all_shared_local_route,global_only_control,base_0013,0,20,8430.0,module_2
entanglement_assisted_all_shared_local_route,global_only_control,base_0013,0,21,8850.0,module_3
entanglement_assisted_all_shared_local_route,global_only_control,base_0013,0,22,9270.0,module_1
entanglement_assisted_all_shared_local_route,global_only_control,base_0013,0,23,9690.0,module_4
entanglement_assisted_all_shared_local_route,global_only_control,base_0013,0,24,10110.0,module_1
entanglement_assisted_all_shared_local_route,global_only_control,base_0013,0,25,10530.0,module_2
entanglement_assisted_all_shared_local_route,global_only_control,base_0013,0,26,10950.0,module_4
entanglement_assisted_all_shared_local_route,global_only_control,base_0013,0,27,11370.0,module_3
entanglement_assisted_all_shared_local_route,global_only_control,base_0013,0,28,11790.0,module_4
entanglement_assisted_all_shared_local_route,global_only_control,base_0013,0,29,12210.0,module_3
entanglement_assisted_all_shared_local_route,global_only_control,base_0013,0,30,12630.0,module_2
entanglement_assisted_all_shared_local_route,global_only_control,base_0013,0,31,13050.0,module_1
entanglement_assisted_all_shared_local_route,global_only_control,base_0013,0,32,13470.0,module_1
entanglement_assisted_all_shared_local_route,global_only_control,base_0013,0,33,13890.0,module_4
entanglement_assisted_all_shared_local_route,global_only_control,base_0013,0,34,14310.0,module_2
entanglement_assisted_all_shared_local_route,global_only_control,base_0013,0,35,14730.0,module_3
entanglement_assisted_all_shared_local_route,global_only_control,base_0013,0,36,15150.0,module_3
entanglement_assisted_all_shared_local_route,global_only_control,base_0013,0,37,15570.0,module_4
entanglement_assisted_all_shared_local_route,global_only_control,base_0013,0,38,15990.0,module_2
entanglement_assisted_all_shared_local_route,global_only_control,base_0013,0,39,16410.0,module_1
entanglement_assisted_all_shared_local_route,global_only_control,base_0013,0,40,16830.0,module_1
entanglement_assisted_all_shared_local_route,global_only_control,base_0013,0,41,17250.0,module_3
entanglement_assisted_all_shared_local_route,global_only_control,base_0013,0,42,17670.0,module_4
entanglement_assisted_all_shared_local_route,global_only_control,base_0013,0,43,18090.0,module_2
entanglement_assisted_all_shared_local_route,global_only_control,base_0013,0,44,18510.0,module_2
entanglement_assisted_all_shared_local_route,global_only_control,base_0013,0,45,18930.0,module_1
entanglement_assisted_all_shared_local_route,global_only_control,base_0013,0,46,19350.0,module_3
entanglement_assisted_all_shared_local_route,global_only_control,base_0013,0,47,19770.0,module_4
entanglement_assisted_all_shared_local_route,global_only_control,base_0013,1,0,30.0,module_4
entanglement_assisted_all_shared_local_route,global_only_control,base_0013,1,1,450.0,module_1
entanglement_assisted_all_shared_local_route,global_only_control,base_0013,1,2,870.0,module_3
entanglement_assisted_all_shared_local_route,global_only_control,base_0013,1,3,1290.0,module_2
entanglement_assisted_all_shared_local_route,global_only_control,base_0013,1,4,1710.0,module_4
entanglement_assisted_all_shared_local_route,global_only_control,base_0013,1,5,2130.0,module_3
entanglement_assisted_all_shared_local_route,global_only_control,base_0013,1,6,2550.0,module_2
entanglement_assisted_all_shared_local_route,global_only_control,base_0013,1,7,2970.0,module_1
entanglement_assisted_all_shared_local_route,global_only_control,base_0013,1,8,3390.0,module_1
entanglement_assisted_all_shared_local_route,global_only_control,base_0013,1,9,3810.0,module_3
entanglement_assisted_all_shared_local_route,global_only_control,base_0013,1,10,4230.0,module_2
entanglement_assisted_all_shared_local_route,global_only_control,base_0013,1,11,4650.0,module_4
entanglement_assisted_all_shared_local_route,global_only_control,base_0013,1,12,5070.0,module_2
entanglement_assisted_all_shared_local_route,global_only_control,base_0013,1,13,5490.0,module_3
entanglement_assisted_all_shared_local_route,global_only_control,base_0013,1,14,5910.0,module_4
entanglement_assisted_all_shared_local_route,global_only_control,base_0013,1,15,6330.0,module_1
entanglement_assisted_all_shared_local_route,global_only_control,base_0013,1,16,6750.0,module_3
entanglement_assisted_all_shared_local_route,global_only_control,base_0013,1,17,7170.0,module_2
entanglement_assisted_all_shared_local_route,global_only_control,base_0013,1,18,7590.0,module_1
entanglement_assisted_all_shared_local_route,global_only_control,base_0013,1,19,8010.0,module_4
entanglement_assisted_all_shared_local_route,global_only_control,base_0013,1,20,8430.0,module_1
entanglement_assisted_all_shared_local_route,global_only_control,base_0013,1,21,8850.0,module_3
entanglement_assisted_all_shared_local_route,global_only_control,base_0013,1,22,9270.0,module_2
entanglement_assisted_all_shared_local_route,global_only_control,base_0013,1,23,9690.0,module_4
entanglement_assisted_all_shared_local_route,global_only_control,base_0013,1,24,10110.0,module_2
entanglement_assisted_all_shared_local_route,global_only_control,base_0013,1,25,10530.0,module_3
entanglement_assisted_all_shared_local_route,global_only_control,base_0013,1,26,10950.0,module_1
entanglement_assisted_all_shared_local_route,global_only_control,base_0013,1,27,11370.0,module_4
entanglement_assisted_all_shared_local_route,global_only_control,base_0013,1,28,11790.0,module_3
entanglement_assisted_all_shared_local_route,global_only_control,base_0013,1,29,12210.0,module_2
entanglement_assisted_all_shared_local_route,global_only_control,base_0013,1,30,12630.0,module_1
entanglement_assisted_all_shared_local_route,global_only_control,base_0013,1,31,13050.0,module_4
entanglement_assisted_all_shared_local_route,global_only_control,base_0013,1,32,13470.0,module_4
entanglement_assisted_all_shared_local_route,global_only_control,base_0013,1,33,13890.0,module_3
entanglement_assisted_all_shared_local_route,global_only_control,base_0013,1,34,14310.0,module_1
entanglement_assisted_all_shared_local_route,global_only_control,base_0013,1,35,14730.0,module_2
entanglement_assisted_all_shared_local_route,global_only_control,base_0013,1,36,15150.0,module_2
entanglement_assisted_all_shared_local_route,global_only_control,base_0013,1,37,15570.0,module_3
entanglement_assisted_all_shared_local_route,global_only_control,base_0013,1,38,15990.0,module_1
entanglement_assisted_all_shared_local_route,global_only_control,base_0013,1,39,16410.0,module_4
entanglement_assisted_all_shared_local_route,global_only_control,base_0013,1,40,16830.0,module_3
entanglement_assisted_all_shared_local_route,global_only_control,base_0013,1,41,17250.0,module_4
entanglement_assisted_all_shared_local_route,global_only_control,base_0013,1,42,17670.0,module_2
entanglement_assisted_all_shared_local_route,global_only_control,base_0013,1,43,18090.0,module_1
entanglement_assisted_all_shared_local_route,global_only_control,base_0013,1,44,18510.0,module_1
entanglement_assisted_all_shared_local_route,global_only_control,base_0013,1,45,18930.0,module_4
entanglement_assisted_all_shared_local_route,global_only_control,base_0013,1,46,19350.0,module_2
entanglement_assisted_all_shared_local_route,global_only_control,base_0013,1,47,19770.0,module_3
entanglement_assisted_all_shared_local_route,global_only_control,base_0014,0,0,30.0,module_3
entanglement_assisted_all_shared_local_route,global_only_control,base_0014,0,1,450.0,module_1
entanglement_assisted_all_shared_local_route,global_only_control,base_0014,0,2,870.0,module_2
entanglement_assisted_all_shared_local_route,global_only_control,base_0014,0,3,1290.0,module_4
entanglement_assisted_all_shared_local_route,global_only_control,base_0014,0,4,1710.0,module_4
entanglement_assisted_all_shared_local_route,global_only_control,base_0014,0,5,2130.0,module_1
entanglement_assisted_all_shared_local_route,global_only_control,base_0014,0,6,2550.0,module_3
entanglement_assisted_all_shared_local_route,global_only_control,base_0014,0,7,2970.0,module_2
entanglement_assisted_all_shared_local_route,global_only_control,base_0014,0,8,3390.0,module_3
entanglement_assisted_all_shared_local_route,global_only_control,base_0014,0,9,3810.0,module_4
entanglement_assisted_all_shared_local_route,global_only_control,base_0014,0,10,4230.0,module_1
entanglement_assisted_all_shared_local_route,global_only_control,base_0014,0,11,4650.0,module_2
entanglement_assisted_all_shared_local_route,global_only_control,base_0014,0,12,5070.0,module_4
entanglement_assisted_all_shared_local_route,global_only_control,base_0014,0,13,5490.0,module_2
entanglement_assisted_all_shared_local_route,global_only_control,base_0014,0,14,5910.0,module_3
entanglement_assisted_all_shared_local_route,global_only_control,base_0014,0,15,6330.0,module_1
entanglement_assisted_all_shared_local_route,global_only_control,base_0014,0,16,6750.0,module_1
entanglement_assisted_all_shared_local_route,global_only_control,base_0014,0,17,7170.0,module_3
entanglement_assisted_all_shared_local_route,global_only_control,base_0014,0,18,7590.0,module_2
entanglement_assisted_all_shared_local_route,global_only_control,base_0014,0,19,8010.0,module_4
entanglement_assisted_all_shared_local_route,global_only_control,base_0014,0,20,8430.0,module_4
entanglement_assisted_all_shared_local_route,global_only_control,base_0014,0,21,8850.0,module_3
entanglement_assisted_all_shared_local_route,global_only_control,base_0014,0,22,9270.0,module_2
entanglement_assisted_all_shared_local_route,global_only_control,base_0014,0,23,9690.0,module_1
entanglement_assisted_all_shared_local_route,global_only_control,base_0014,0,24,10110.0,module_4
entanglement_assisted_all_shared_local_route,global_only_control,base_0014,0,25,10530.0,module_1
entanglement_assisted_all_shared_local_route,global_only_control,base_0014,0,26,10950.0,module_3
entanglement_assisted_all_shared_local_route,global_only_control,base_0014,0,27,11370.0,module_2
entanglement_assisted_all_shared_local_route,global_only_control,base_0014,0,28,11790.0,module_1
entanglement_assisted_all_shared_local_route,global_only_control,base_0014,0,29,12210.0,module_3
entanglement_assisted_all_shared_local_route,global_only_control,base_0014,0,30,12630.0,module_4
entanglement_assisted_all_shared_local_route,global_only_control,base_0014,0,31,13050.0,module_2
entanglement_assisted_all_shared_local_route,global_only_control,base_0014,0,32,13470.0,module_2
entanglement_assisted_all_shared_local_route,global_only_control,base_0014,0,33,13890.0,module_1
entanglement_assisted_all_shared_local_route,global_only_control,base_0014,0,34,14310.0,module_4
entanglement_assisted_all_shared_local_route,global_only_control,base_0014,0,35,14730.0,module_3
entanglement_assisted_all_shared_local_route,global_only_control,base_0014,0,36,15150.0,module_4
entanglement_assisted_all_shared_local_route,global_only_control,base_0014,0,37,15570.0,module_1
entanglement_assisted_all_shared_local_route,global_only_control,base_0014,0,38,15990.0,module_2
entanglement_assisted_all_shared_local_route,global_only_control,base_0014,0,39,16410.0,module_3
entanglement_assisted_all_shared_local_route,global_only_control,base_0014,0,40,16830.0,module_2
entanglement_assisted_all_shared_local_route,global_only_control,base_0014,0,41,17250.0,module_4
entanglement_assisted_all_shared_local_route,global_only_control,base_0014,0,42,17670.0,module_3
entanglement_assisted_all_shared_local_route,global_only_control,base_0014,0,43,18090.0,module_1
entanglement_assisted_all_shared_local_route,global_only_control,base_0014,0,44,18510.0,module_3
entanglement_assisted_all_shared_local_route,global_only_control,base_0014,0,45,18930.0,module_2
entanglement_assisted_all_shared_local_route,global_only_control,base_0014,0,46,19350.0,module_4
entanglement_assisted_all_shared_local_route,global_only_control,base_0014,0,47,19770.0,module_1
entanglement_assisted_all_shared_local_route,global_only_control,base_0014,1,0,30.0,module_4
entanglement_assisted_all_shared_local_route,global_only_control,base_0014,1,1,450.0,module_2
entanglement_assisted_all_shared_local_route,global_only_control,base_0014,1,2,870.0,module_1
entanglement_assisted_all_shared_local_route,global_only_control,base_0014,1,3,1290.0,module_3
entanglement_assisted_all_shared_local_route,global_only_control,base_0014,1,4,1710.0,module_1
entanglement_assisted_all_shared_local_route,global_only_control,base_0014,1,5,2130.0,module_4
entanglement_assisted_all_shared_local_route,global_only_control,base_0014,1,6,2550.0,module_3
entanglement_assisted_all_shared_local_route,global_only_control,base_0014,1,7,2970.0,module_2
entanglement_assisted_all_shared_local_route,global_only_control,base_0014,1,8,3390.0,module_3
entanglement_assisted_all_shared_local_route,global_only_control,base_0014,1,9,3810.0,module_2
entanglement_assisted_all_shared_local_route,global_only_control,base_0014,1,10,4230.0,module_1
entanglement_assisted_all_shared_local_route,global_only_control,base_0014,1,11,4650.0,module_4
entanglement_assisted_all_shared_local_route,global_only_control,base_0014,1,12,5070.0,module_4
entanglement_assisted_all_shared_local_route,global_only_control,base_0014,1,13,5490.0,module_3
entanglement_assisted_all_shared_local_route,global_only_control,base_0014,1,14,5910.0,module_1
entanglement_assisted_all_shared_local_route,global_only_control,base_0014,1,15,6330.0,module_2
entanglement_assisted_all_shared_local_route,global_only_control,base_0014,1,16,6750.0,module_4
entanglement_assisted_all_shared_local_route,global_only_control,base_0014,1,17,7170.0,module_1
entanglement_assisted_all_shared_local_route,global_only_control,base_0014,1,18,7590.0,module_3
entanglement_assisted_all_shared_local_route,global_only_control,base_0014,1,19,8010.0,module_2
entanglement_assisted_all_shared_local_route,global_only_control,base_0014,1,20,8430.0,module_2
entanglement_assisted_all_shared_local_route,global_only_control,base_0014,1,21,8850.0,module_3
entanglement_assisted_all_shared_local_route,global_only_control,base_0014,1,22,9270.0,module_4
entanglement_assisted_all_shared_local_route,global_only_control,base_0014,1,23,9690.0,module_1
entanglement_assisted_all_shared_local_route,global_only_control,base_0014,1,24,10110.0,module_1
entanglement_assisted_all_shared_local_route,global_only_control,base_0014,1,25,10530.0,module_2
entanglement_assisted_all_shared_local_route,global_only_control,base_0014,1,26,10950.0,module_3
entanglement_assisted_all_shared_local_route,global_only_control,base_0014,1,27,11370.0,module_4
entanglement_assisted_all_shared_local_route,global_only_control,base_0014,1,28,11790.0,module_1
entanglement_assisted_all_shared_local_route,global_only_control,base_0014,1,29,12210.0,module_4
entanglement_assisted_all_shared_local_route,global_only_control,base_0014,1,30,12630.0,module_3
entanglement_assisted_all_shared_local_route,global_only_control,base_0014,1,31,13050.0,module_2
entanglement_assisted_all_shared_local_route,global_only_control,base_0014,1,32,13470.0,module_1
entanglement_assisted_all_shared_local_route,global_only_control,base_0014,1,33,13890.0,module_4
entanglement_assisted_all_shared_local_route,global_only_control,base_0014,1,34,14310.0,module_2
entanglement_assisted_all_shared_local_route,global_only_control,base_0014,1,35,14730.0,module_3
entanglement_assisted_all_shared_local_route,global_only_control,base_0014,1,36,15150.0,module_3
entanglement_assisted_all_shared_local_route,global_only_control,base_0014,1,37,15570.0,module_1
entanglement_assisted_all_shared_local_route,global_only_control,base_0014,1,38,15990.0,module_2
entanglement_assisted_all_shared_local_route,global_only_control,base_0014,1,39,16410.0,module_4
entanglement_assisted_all_shared_local_route,global_only_control,base_0014,1,40,16830.0,module_4
entanglement_assisted_all_shared_local_route,global_only_control,base_0014,1,41,17250.0,module_2
entanglement_assisted_all_shared_local_route,global_only_control,base_0014,1,42,17670.0,module_1
entanglement_assisted_all_shared_local_route,global_only_control,base_0014,1,43,18090.0,module_3
entanglement_assisted_all_shared_local_route,global_only_control,base_0014,1,44,18510.0,module_4
entanglement_assisted_all_shared_local_route,global_only_control,base_0014,1,45,18930.0,module_1
entanglement_assisted_all_shared_local_route,global_only_control,base_0014,1,46,19350.0,module_2
entanglement_assisted_all_shared_local_route,global_only_control,base_0014,1,47,19770.0,module_3
entanglement_assisted_all_shared_local_route,global_only_control,base_0015,0,0,30.0,module_1
entanglement_assisted_all_shared_local_route,global_only_control,base_0015,0,1,450.0,module_3
entanglement_assisted_all_shared_local_route,global_only_control,base_0015,0,2,870.0,module_4
entanglement_assisted_all_shared_local_route,global_only_control,base_0015,0,3,1290.0,module_2
entanglement_assisted_all_shared_local_route,global_only_control,base_0015,0,4,1710.0,module_3
entanglement_assisted_all_shared_local_route,global_only_control,base_0015,0,5,2130.0,module_4
entanglement_assisted_all_shared_local_route,global_only_control,base_0015,0,6,2550.0,module_1
entanglement_assisted_all_shared_local_route,global_only_control,base_0015,0,7,2970.0,module_2
entanglement_assisted_all_shared_local_route,global_only_control,base_0015,0,8,3390.0,module_4
entanglement_assisted_all_shared_local_route,global_only_control,base_0015,0,9,3810.0,module_1
entanglement_assisted_all_shared_local_route,global_only_control,base_0015,0,10,4230.0,module_3
entanglement_assisted_all_shared_local_route,global_only_control,base_0015,0,11,4650.0,module_2
entanglement_assisted_all_shared_local_route,global_only_control,base_0015,0,12,5070.0,module_1
entanglement_assisted_all_shared_local_route,global_only_control,base_0015,0,13,5490.0,module_3
entanglement_assisted_all_shared_local_route,global_only_control,base_0015,0,14,5910.0,module_4
entanglement_assisted_all_shared_local_route,global_only_control,base_0015,0,15,6330.0,module_2
entanglement_assisted_all_shared_local_route,global_only_control,base_0015,0,16,6750.0,module_2
entanglement_assisted_all_shared_local_route,global_only_control,base_0015,0,17,7170.0,module_3
entanglement_assisted_all_shared_local_route,global_only_control,base_0015,0,18,7590.0,module_4
entanglement_assisted_all_shared_local_route,global_only_control,base_0015,0,19,8010.0,module_1
entanglement_assisted_all_shared_local_route,global_only_control,base_0015,0,20,8430.0,module_4
entanglement_assisted_all_shared_local_route,global_only_control,base_0015,0,21,8850.0,module_2
entanglement_assisted_all_shared_local_route,global_only_control,base_0015,0,22,9270.0,module_1
entanglement_assisted_all_shared_local_route,global_only_control,base_0015,0,23,9690.0,module_3
entanglement_assisted_all_shared_local_route,global_only_control,base_0015,0,24,10110.0,module_1
entanglement_assisted_all_shared_local_route,global_only_control,base_0015,0,25,10530.0,module_2
entanglement_assisted_all_shared_local_route,global_only_control,base_0015,0,26,10950.0,module_4
entanglement_assisted_all_shared_local_route,global_only_control,base_0015,0,27,11370.0,module_3
entanglement_assisted_all_shared_local_route,global_only_control,base_0015,0,28,11790.0,module_3
entanglement_assisted_all_shared_local_route,global_only_control,base_0015,0,29,12210.0,module_4
entanglement_assisted_all_shared_local_route,global_only_control,base_0015,0,30,12630.0,module_2
entanglement_assisted_all_shared_local_route,global_only_control,base_0015,0,31,13050.0,module_1
entanglement_assisted_all_shared_local_route,global_only_control,base_0015,0,32,13470.0,module_2
entanglement_assisted_all_shared_local_route,global_only_control,base_0015,0,33,13890.0,module_3
entanglement_assisted_all_shared_local_route,global_only_control,base_0015,0,34,14310.0,module_1
entanglement_assisted_all_shared_local_route,global_only_control,base_0015,0,35,14730.0,module_4
entanglement_assisted_all_shared_local_route,global_only_control,base_0015,0,36,15150.0,module_2
entanglement_assisted_all_shared_local_route,global_only_control,base_0015,0,37,15570.0,module_4
entanglement_assisted_all_shared_local_route,global_only_control,base_0015,0,38,15990.0,module_1
entanglement_assisted_all_shared_local_route,global_only_control,base_0015,0,39,16410.0,module_3
entanglement_assisted_all_shared_local_route,global_only_control,base_0015,0,40,16830.0,module_2
entanglement_assisted_all_shared_local_route,global_only_control,base_0015,0,41,17250.0,module_4
entanglement_assisted_all_shared_local_route,global_only_control,base_0015,0,42,17670.0,module_3
entanglement_assisted_all_shared_local_route,global_only_control,base_0015,0,43,18090.0,module_1
entanglement_assisted_all_shared_local_route,global_only_control,base_0015,0,44,18510.0,module_3
entanglement_assisted_all_shared_local_route,global_only_control,base_0015,0,45,18930.0,module_1
entanglement_assisted_all_shared_local_route,global_only_control,base_0015,0,46,19350.0,module_4
entanglement_assisted_all_shared_local_route,global_only_control,base_0015,0,47,19770.0,module_2
entanglement_assisted_all_shared_local_route,global_only_control,base_0015,1,0,30.0,module_3
entanglement_assisted_all_shared_local_route,global_only_control,base_0015,1,1,450.0,module_2
entanglement_assisted_all_shared_local_route,global_only_control,base_0015,1,2,870.0,module_1
entanglement_assisted_all_shared_local_route,global_only_control,base_0015,1,3,1290.0,module_4
entanglement_assisted_all_shared_local_route,global_only_control,base_0015,1,4,1710.0,module_4
entanglement_assisted_all_shared_local_route,global_only_control,base_0015,1,5,2130.0,module_3
entanglement_assisted_all_shared_local_route,global_only_control,base_0015,1,6,2550.0,module_2
entanglement_assisted_all_shared_local_route,global_only_control,base_0015,1,7,2970.0,module_1
entanglement_assisted_all_shared_local_route,global_only_control,base_0015,1,8,3390.0,module_3
entanglement_assisted_all_shared_local_route,global_only_control,base_0015,1,9,3810.0,module_4
entanglement_assisted_all_shared_local_route,global_only_control,base_0015,1,10,4230.0,module_1
entanglement_assisted_all_shared_local_route,global_only_control,base_0015,1,11,4650.0,module_2
entanglement_assisted_all_shared_local_route,global_only_control,base_0015,1,12,5070.0,module_4
entanglement_assisted_all_shared_local_route,global_only_control,base_0015,1,13,5490.0,module_3
entanglement_assisted_all_shared_local_route,global_only_control,base_0015,1,14,5910.0,module_2
entanglement_assisted_all_shared_local_route,global_only_control,base_0015,1,15,6330.0,module_1
entanglement_assisted_all_shared_local_route,global_only_control,base_0015,1,16,6750.0,module_4
entanglement_assisted_all_shared_local_route,global_only_control,base_0015,1,17,7170.0,module_3
entanglement_assisted_all_shared_local_route,global_only_control,base_0015,1,18,7590.0,module_2
entanglement_assisted_all_shared_local_route,global_only_control,base_0015,1,19,8010.0,module_1
entanglement_assisted_all_shared_local_route,global_only_control,base_0015,1,20,8430.0,module_3
entanglement_assisted_all_shared_local_route,global_only_control,base_0015,1,21,8850.0,module_1
entanglement_assisted_all_shared_local_route,global_only_control,base_0015,1,22,9270.0,module_2
entanglement_assisted_all_shared_local_route,global_only_control,base_0015,1,23,9690.0,module_4
entanglement_assisted_all_shared_local_route,global_only_control,base_0015,1,24,10110.0,module_3
entanglement_assisted_all_shared_local_route,global_only_control,base_0015,1,25,10530.0,module_1
entanglement_assisted_all_shared_local_route,global_only_control,base_0015,1,26,10950.0,module_4
entanglement_assisted_all_shared_local_route,global_only_control,base_0015,1,27,11370.0,module_2
entanglement_assisted_all_shared_local_route,global_only_control,base_0015,1,28,11790.0,module_3
entanglement_assisted_all_shared_local_route,global_only_control,base_0015,1,29,12210.0,module_2
entanglement_assisted_all_shared_local_route,global_only_control,base_0015,1,30,12630.0,module_1
entanglement_assisted_all_shared_local_route,global_only_control,base_0015,1,31,13050.0,module_4
entanglement_assisted_all_shared_local_route,global_only_control,base_0015,1,32,13470.0,module_1
entanglement_assisted_all_shared_local_route,global_only_control,base_0015,1,33,13890.0,module_4
entanglement_assisted_all_shared_local_route,global_only_control,base_0015,1,34,14310.0,module_2
entanglement_assisted_all_shared_local_route,global_only_control,base_0015,1,35,14730.0,module_3
entanglement_assisted_all_shared_local_route,global_only_control,base_0015,1,36,15150.0,module_3
entanglement_assisted_all_shared_local_route,global_only_control,base_0015,1,37,15570.0,module_2
entanglement_assisted_all_shared_local_route,global_only_control,base_0015,1,38,15990.0,module_1
entanglement_assisted_all_shared_local_route,global_only_control,base_0015,1,39,16410.0,module_4
entanglement_assisted_all_shared_local_route,global_only_control,base_0015,1,40,16830.0,module_2
entanglement_assisted_all_shared_local_route,global_only_control,base_0015,1,41,17250.0,module_1
entanglement_assisted_all_shared_local_route,global_only_control,base_0015,1,42,17670.0,module_4
entanglement_assisted_all_shared_local_route,global_only_control,base_0015,1,43,18090.0,module_3
entanglement_assisted_all_shared_local_route,global_only_control,base_0015,1,44,18510.0,module_3
entanglement_assisted_all_shared_local_route,global_only_control,base_0015,1,45,18930.0,module_2
entanglement_assisted_all_shared_local_route,global_only_control,base_0015,1,46,19350.0,module_4
entanglement_assisted_all_shared_local_route,global_only_control,base_0015,1,47,19770.0,module_1
entanglement_assisted_all_shared_local_route,global_only_control,base_0016,0,0,30.0,module_2
entanglement_assisted_all_shared_local_route,global_only_control,base_0016,0,1,450.0,module_1
entanglement_assisted_all_shared_local_route,global_only_control,base_0016,0,2,870.0,module_3
entanglement_assisted_all_shared_local_route,global_only_control,base_0016,0,3,1290.0,module_4
entanglement_assisted_all_shared_local_route,global_only_control,base_0016,0,4,1710.0,module_4
entanglement_assisted_all_shared_local_route,global_only_control,base_0016,0,5,2130.0,module_3
entanglement_assisted_all_shared_local_route,global_only_control,base_0016,0,6,2550.0,module_1
entanglement_assisted_all_shared_local_route,global_only_control,base_0016,0,7,2970.0,module_2
entanglement_assisted_all_shared_local_route,global_only_control,base_0016,0,8,3390.0,module_4
entanglement_assisted_all_shared_local_route,global_only_control,base_0016,0,9,3810.0,module_1
entanglement_assisted_all_shared_local_route,global_only_control,base_0016,0,10,4230.0,module_3
entanglement_assisted_all_shared_local_route,global_only_control,base_0016,0,11,4650.0,module_2
entanglement_assisted_all_shared_local_route,global_only_control,base_0016,0,12,5070.0,module_1
entanglement_assisted_all_shared_local_route,global_only_control,base_0016,0,13,5490.0,module_3
entanglement_assisted_all_shared_local_route,global_only_control,base_0016,0,14,5910.0,module_2
entanglement_assisted_all_shared_local_route,global_only_control,base_0016,0,15,6330.0,module_4
entanglement_assisted_all_shared_local_route,global_only_control,base_0016,0,16,6750.0,module_4
entanglement_assisted_all_shared_local_route,global_only_control,base_0016,0,17,7170.0,module_3
entanglement_assisted_all_shared_local_route,global_only_control,base_0016,0,18,7590.0,module_2
entanglement_assisted_all_shared_local_route,global_only_control,base_0016,0,19,8010.0,module_1
entanglement_assisted_all_shared_local_route,global_only_control,base_0016,0,20,8430.0,module_1
entanglement_assisted_all_shared_local_route,global_only_control,base_0016,0,21,8850.0,module_4
entanglement_assisted_all_shared_local_route,global_only_control,base_0016,0,22,9270.0,module_2
entanglement_assisted_all_shared_local_route,global_only_control,base_0016,0,23,9690.0,module_3
entanglement_assisted_all_shared_local_route,global_only_control,base_0016,0,24,10110.0,module_4
entanglement_assisted_all_shared_local_route,global_only_control,base_0016,0,25,10530.0,module_1
entanglement_assisted_all_shared_local_route,global_only_control,base_0016,0,26,10950.0,module_3
entanglement_assisted_all_shared_local_route,global_only_control,base_0016,0,27,11370.0,module_2
entanglement_assisted_all_shared_local_route,global_only_control,base_0016,0,28,11790.0,module_4
entanglement_assisted_all_shared_local_route,global_only_control,base_0016,0,29,12210.0,module_2
entanglement_assisted_all_shared_local_route,global_only_control,base_0016,0,30,12630.0,module_3
entanglement_assisted_all_shared_local_route,global_only_control,base_0016,0,31,13050.0,module_1
entanglement_assisted_all_shared_local_route,global_only_control,base_0016,0,32,13470.0,module_4
entanglement_assisted_all_shared_local_route,global_only_control,base_0016,0,33,13890.0,module_2
entanglement_assisted_all_shared_local_route,global_only_control,base_0016,0,34,14310.0,module_1
entanglement_assisted_all_shared_local_route,global_only_control,base_0016,0,35,14730.0,module_3
entanglement_assisted_all_shared_local_route,global_only_control,base_0016,0,36,15150.0,module_1
entanglement_assisted_all_shared_local_route,global_only_control,base_0016,0,37,15570.0,module_3
entanglement_assisted_all_shared_local_route,global_only_control,base_0016,0,38,15990.0,module_4
entanglement_assisted_all_shared_local_route,global_only_control,base_0016,0,39,16410.0,module_2
entanglement_assisted_all_shared_local_route,global_only_control,base_0016,0,40,16830.0,module_1
entanglement_assisted_all_shared_local_route,global_only_control,base_0016,0,41,17250.0,module_3
entanglement_assisted_all_shared_local_route,global_only_control,base_0016,0,42,17670.0,module_4
entanglement_assisted_all_shared_local_route,global_only_control,base_0016,0,43,18090.0,module_2
entanglement_assisted_all_shared_local_route,global_only_control,base_0016,0,44,18510.0,module_4
entanglement_assisted_all_shared_local_route,global_only_control,base_0016,0,45,18930.0,module_3
entanglement_assisted_all_shared_local_route,global_only_control,base_0016,0,46,19350.0,module_2
entanglement_assisted_all_shared_local_route,global_only_control,base_0016,0,47,19770.0,module_1
entanglement_assisted_all_shared_local_route,global_only_control,base_0016,1,0,30.0,module_3
entanglement_assisted_all_shared_local_route,global_only_control,base_0016,1,1,450.0,module_1
entanglement_assisted_all_shared_local_route,global_only_control,base_0016,1,2,870.0,module_2
entanglement_assisted_all_shared_local_route,global_only_control,base_0016,1,3,1290.0,module_4
entanglement_assisted_all_shared_local_route,global_only_control,base_0016,1,4,1710.0,module_1
entanglement_assisted_all_shared_local_route,global_only_control,base_0016,1,5,2130.0,module_2
entanglement_assisted_all_shared_local_route,global_only_control,base_0016,1,6,2550.0,module_4
entanglement_assisted_all_shared_local_route,global_only_control,base_0016,1,7,2970.0,module_3
entanglement_assisted_all_shared_local_route,global_only_control,base_0016,1,8,3390.0,module_2
entanglement_assisted_all_shared_local_route,global_only_control,base_0016,1,9,3810.0,module_3
entanglement_assisted_all_shared_local_route,global_only_control,base_0016,1,10,4230.0,module_1
entanglement_assisted_all_shared_local_route,global_only_control,base_0016,1,11,4650.0,module_4
entanglement_assisted_all_shared_local_route,global_only_control,base_0016,1,12,5070.0,module_2
entanglement_assisted_all_shared_local_route,global_only_control,base_0016,1,13,5490.0,module_3
entanglement_assisted_all_shared_local_route,global_only_control,base_0016,1,14,5910.0,module_4
entanglement_assisted_all_shared_local_route,global_only_control,base_0016,1,15,6330.0,module_1
entanglement_assisted_all_shared_local_route,global_only_control,base_0016,1,16,6750.0,module_4
entanglement_assisted_all_shared_local_route,global_only_control,base_0016,1,17,7170.0,module_1
entanglement_assisted_all_shared_local_route,global_only_control,base_0016,1,18,7590.0,module_3
entanglement_assisted_all_shared_local_route,global_only_control,base_0016,1,19,8010.0,module_2
entanglement_assisted_all_shared_local_route,global_only_control,base_0016,1,20,8430.0,module_4
entanglement_assisted_all_shared_local_route,global_only_control,base_0016,1,21,8850.0,module_2
entanglement_assisted_all_shared_local_route,global_only_control,base_0016,1,22,9270.0,module_3
entanglement_assisted_all_shared_local_route,global_only_control,base_0016,1,23,9690.0,module_1
entanglement_assisted_all_shared_local_route,global_only_control,base_0016,1,24,10110.0,module_3
entanglement_assisted_all_shared_local_route,global_only_control,base_0016,1,25,10530.0,module_4
entanglement_assisted_all_shared_local_route,global_only_control,base_0016,1,26,10950.0,module_1
entanglement_assisted_all_shared_local_route,global_only_control,base_0016,1,27,11370.0,module_2
entanglement_assisted_all_shared_local_route,global_only_control,base_0016,1,28,11790.0,module_4
entanglement_assisted_all_shared_local_route,global_only_control,base_0016,1,29,12210.0,module_2
entanglement_assisted_all_shared_local_route,global_only_control,base_0016,1,30,12630.0,module_3
entanglement_assisted_all_shared_local_route,global_only_control,base_0016,1,31,13050.0,module_1
entanglement_assisted_all_shared_local_route,global_only_control,base_0016,1,32,13470.0,module_2
entanglement_assisted_all_shared_local_route,global_only_control,base_0016,1,33,13890.0,module_3
entanglement_assisted_all_shared_local_route,global_only_control,base_0016,1,34,14310.0,module_1
entanglement_assisted_all_shared_local_route,global_only_control,base_0016,1,35,14730.0,module_4
entanglement_assisted_all_shared_local_route,global_only_control,base_0016,1,36,15150.0,module_1
entanglement_assisted_all_shared_local_route,global_only_control,base_0016,1,37,15570.0,module_4
entanglement_assisted_all_shared_local_route,global_only_control,base_0016,1,38,15990.0,module_2
entanglement_assisted_all_shared_local_route,global_only_control,base_0016,1,39,16410.0,module_3
entanglement_assisted_all_shared_local_route,global_only_control,base_0016,1,40,16830.0,module_2
entanglement_assisted_all_shared_local_route,global_only_control,base_0016,1,41,17250.0,module_3
entanglement_assisted_all_shared_local_route,global_only_control,base_0016,1,42,17670.0,module_1
entanglement_assisted_all_shared_local_route,global_only_control,base_0016,1,43,18090.0,module_4
entanglement_assisted_all_shared_local_route,global_only_control,base_0016,1,44,18510.0,module_2
entanglement_assisted_all_shared_local_route,global_only_control,base_0016,1,45,18930.0,module_1
entanglement_assisted_all_shared_local_route,global_only_control,base_0016,1,46,19350.0,module_3
entanglement_assisted_all_shared_local_route,global_only_control,base_0016,1,47,19770.0,module_4
entanglement_assisted_all_shared_local_route,global_only_control,base_0017,0,0,30.0,module_3
entanglement_assisted_all_shared_local_route,global_only_control,base_0017,0,1,450.0,module_1
entanglement_assisted_all_shared_local_route,global_only_control,base_0017,0,2,870.0,module_2
entanglement_assisted_all_shared_local_route,global_only_control,base_0017,0,3,1290.0,module_4
entanglement_assisted_all_shared_local_route,global_only_control,base_0017,0,4,1710.0,module_3
entanglement_assisted_all_shared_local_route,global_only_control,base_0017,0,5,2130.0,module_4
entanglement_assisted_all_shared_local_route,global_only_control,base_0017,0,6,2550.0,module_1
entanglement_assisted_all_shared_local_route,global_only_control,base_0017,0,7,2970.0,module_2
entanglement_assisted_all_shared_local_route,global_only_control,base_0017,0,8,3390.0,module_3
entanglement_assisted_all_shared_local_route,global_only_control,base_0017,0,9,3810.0,module_1
entanglement_assisted_all_shared_local_route,global_only_control,base_0017,0,10,4230.0,module_2
entanglement_assisted_all_shared_local_route,global_only_control,base_0017,0,11,4650.0,module_4
entanglement_assisted_all_shared_local_route,global_only_control,base_0017,0,12,5070.0,module_3
entanglement_assisted_all_shared_local_route,global_only_control,base_0017,0,13,5490.0,module_4
entanglement_assisted_all_shared_local_route,global_only_control,base_0017,0,14,5910.0,module_2
entanglement_assisted_all_shared_local_route,global_only_control,base_0017,0,15,6330.0,module_1
entanglement_assisted_all_shared_local_route,global_only_control,base_0017,0,16,6750.0,module_3
entanglement_assisted_all_shared_local_route,global_only_control,base_0017,0,17,7170.0,module_2
entanglement_assisted_all_shared_local_route,global_only_control,base_0017,0,18,7590.0,module_4
entanglement_assisted_all_shared_local_route,global_only_control,base_0017,0,19,8010.0,module_1
entanglement_assisted_all_shared_local_route,global_only_control,base_0017,0,20,8430.0,module_3
entanglement_assisted_all_shared_local_route,global_only_control,base_0017,0,21,8850.0,module_4
entanglement_assisted_all_shared_local_route,global_only_control,base_0017,0,22,9270.0,module_1
entanglement_assisted_all_shared_local_route,global_only_control,base_0017,0,23,9690.0,module_2
entanglement_assisted_all_shared_local_route,global_only_control,base_0017,0,24,10110.0,module_4
entanglement_assisted_all_shared_local_route,global_only_control,base_0017,0,25,10530.0,module_2
entanglement_assisted_all_shared_local_route,global_only_control,base_0017,0,26,10950.0,module_3
entanglement_assisted_all_shared_local_route,global_only_control,base_0017,0,27,11370.0,module_1
entanglement_assisted_all_shared_local_route,global_only_control,base_0017,0,28,11790.0,module_3
entanglement_assisted_all_shared_local_route,global_only_control,base_0017,0,29,12210.0,module_1
entanglement_assisted_all_shared_local_route,global_only_control,base_0017,0,30,12630.0,module_2
entanglement_assisted_all_shared_local_route,global_only_control,base_0017,0,31,13050.0,module_4
entanglement_assisted_all_shared_local_route,global_only_control,base_0017,0,32,13470.0,module_3
entanglement_assisted_all_shared_local_route,global_only_control,base_0017,0,33,13890.0,module_4
entanglement_assisted_all_shared_local_route,global_only_control,base_0017,0,34,14310.0,module_2
entanglement_assisted_all_shared_local_route,global_only_control,base_0017,0,35,14730.0,module_1
entanglement_assisted_all_shared_local_route,global_only_control,base_0017,0,36,15150.0,module_2
entanglement_assisted_all_shared_local_route,global_only_control,base_0017,0,37,15570.0,module_3
entanglement_assisted_all_shared_local_route,global_only_control,base_0017,0,38,15990.0,module_1
entanglement_assisted_all_shared_local_route,global_only_control,base_0017,0,39,16410.0,module_4
entanglement_assisted_all_shared_local_route,global_only_control,base_0017,0,40,16830.0,module_1
entanglement_assisted_all_shared_local_route,global_only_control,base_0017,0,41,17250.0,module_2
entanglement_assisted_all_shared_local_route,global_only_control,base_0017,0,42,17670.0,module_4
entanglement_assisted_all_shared_local_route,global_only_control,base_0017,0,43,18090.0,module_3
entanglement_assisted_all_shared_local_route,global_only_control,base_0017,0,44,18510.0,module_2
entanglement_assisted_all_shared_local_route,global_only_control,base_0017,0,45,18930.0,module_1
entanglement_assisted_all_shared_local_route,global_only_control,base_0017,0,46,19350.0,module_3
entanglement_assisted_all_shared_local_route,global_only_control,base_0017,0,47,19770.0,module_4
entanglement_assisted_all_shared_local_route,global_only_control,base_0017,1,0,30.0,module_2
entanglement_assisted_all_shared_local_route,global_only_control,base_0017,1,1,450.0,module_4
entanglement_assisted_all_shared_local_route,global_only_control,base_0017,1,2,870.0,module_3
entanglement_assisted_all_shared_local_route,global_only_control,base_0017,1,3,1290.0,module_1
entanglement_assisted_all_shared_local_route,global_only_control,base_0017,1,4,1710.0,module_1
entanglement_assisted_all_shared_local_route,global_only_control,base_0017,1,5,2130.0,module_4
entanglement_assisted_all_shared_local_route,global_only_control,base_0017,1,6,2550.0,module_2
entanglement_assisted_all_shared_local_route,global_only_control,base_0017,1,7,2970.0,module_3
entanglement_assisted_all_shared_local_route,global_only_control,base_0017,1,8,3390.0,module_4
entanglement_assisted_all_shared_local_route,global_only_control,base_0017,1,9,3810.0,module_2
entanglement_assisted_all_shared_local_route,global_only_control,base_0017,1,10,4230.0,module_1
entanglement_assisted_all_shared_local_route,global_only_control,base_0017,1,11,4650.0,module_3
entanglement_assisted_all_shared_local_route,global_only_control,base_0017,1,12,5070.0,module_4
entanglement_assisted_all_shared_local_route,global_only_control,base_0017,1,13,5490.0,module_2
entanglement_assisted_all_shared_local_route,global_only_control,base_0017,1,14,5910.0,module_3
entanglement_assisted_all_shared_local_route,global_only_control,base_0017,1,15,6330.0,module_1
entanglement_assisted_all_shared_local_route,global_only_control,base_0017,1,16,6750.0,module_4
entanglement_assisted_all_shared_local_route,global_only_control,base_0017,1,17,7170.0,module_1
entanglement_assisted_all_shared_local_route,global_only_control,base_0017,1,18,7590.0,module_2
entanglement_assisted_all_shared_local_route,global_only_control,base_0017,1,19,8010.0,module_3
entanglement_assisted_all_shared_local_route,global_only_control,base_0017,1,20,8430.0,module_4
entanglement_assisted_all_shared_local_route,global_only_control,base_0017,1,21,8850.0,module_1
entanglement_assisted_all_shared_local_route,global_only_control,base_0017,1,22,9270.0,module_2
entanglement_assisted_all_shared_local_route,global_only_control,base_0017,1,23,9690.0,module_3
entanglement_assisted_all_shared_local_route,global_only_control,base_0017,1,24,10110.0,module_4
entanglement_assisted_all_shared_local_route,global_only_control,base_0017,1,25,10530.0,module_1
entanglement_assisted_all_shared_local_route,global_only_control,base_0017,1,26,10950.0,module_3
entanglement_assisted_all_shared_local_route,global_only_control,base_0017,1,27,11370.0,module_2
entanglement_assisted_all_shared_local_route,global_only_control,base_0017,1,28,11790.0,module_1
entanglement_assisted_all_shared_local_route,global_only_control,base_0017,1,29,12210.0,module_4
entanglement_assisted_all_shared_local_route,global_only_control,base_0017,1,30,12630.0,module_2
entanglement_assisted_all_shared_local_route,global_only_control,base_0017,1,31,13050.0,module_3
entanglement_assisted_all_shared_local_route,global_only_control,base_0017,1,32,13470.0,module_2
entanglement_assisted_all_shared_local_route,global_only_control,base_0017,1,33,13890.0,module_4
entanglement_assisted_all_shared_local_route,global_only_control,base_0017,1,34,14310.0,module_3
entanglement_assisted_all_shared_local_route,global_only_control,base_0017,1,35,14730.0,module_1
entanglement_assisted_all_shared_local_route,global_only_control,base_0017,1,36,15150.0,module_2
entanglement_assisted_all_shared_local_route,global_only_control,base_0017,1,37,15570.0,module_1
entanglement_assisted_all_shared_local_route,global_only_control,base_0017,1,38,15990.0,module_4
entanglement_assisted_all_shared_local_route,global_only_control,base_0017,1,39,16410.0,module_3
entanglement_assisted_all_shared_local_route,global_only_control,base_0017,1,40,16830.0,module_3
entanglement_assisted_all_shared_local_route,global_only_control,base_0017,1,41,17250.0,module_2
entanglement_assisted_all_shared_local_route,global_only_control,base_0017,1,42,17670.0,module_1
entanglement_assisted_all_shared_local_route,global_only_control,base_0017,1,43,18090.0,module_4
entanglement_assisted_all_shared_local_route,global_only_control,base_0017,1,44,18510.0,module_4
entanglement_assisted_all_shared_local_route,global_only_control,base_0017,1,45,18930.0,module_2
entanglement_assisted_all_shared_local_route,global_only_control,base_0017,1,46,19350.0,module_3
entanglement_assisted_all_shared_local_route,global_only_control,base_0017,1,47,19770.0,module_1
